fixture_id,date,season,home,away,home_goals,away_goals,result,h2h_edge,h_travel_km,a_travel_km,h_rest_days,a_rest_days,h_euro_days_since,h_euro_midweek,h_euro_ppg,h_euro_gd,a_euro_days_since,a_euro_midweek,a_euro_ppg,a_euro_gd,h_key_absences,a_key_absences,h_w5,h_d5,h_l5,h_gf5,h_ga5,h_ppg_l5,h_ppg,h_gf_pg,h_ga_pg,h_gf_pg_l5,h_ga_pg_l5,h_home_ppg,h_away_ppg,h_home_gf_pg,h_home_ga_pg,h_away_gf_pg,h_away_ga_pg,h_cs_rate,h_fts_rate,h_momentum,h_shots_pg,h_shots_conc_pg,h_sot_pg,h_fouls_pg,h_cards_pg,h_shot_diff_pg,a_w5,a_d5,a_l5,a_gf5,a_ga5,a_ppg_l5,a_ppg,a_gf_pg,a_ga_pg,a_gf_pg_l5,a_ga_pg_l5,a_home_ppg,a_away_ppg,a_home_gf_pg,a_home_ga_pg,a_away_gf_pg,a_away_ga_pg,a_cs_rate,a_fts_rate,a_momentum,a_shots_pg,a_shots_conc_pg,a_sot_pg,a_fouls_pg,a_cards_pg,a_shot_diff_pg
pl-2023-2023-08-11-burnley-v-man-city,2023-08-11,2023,Burnley,Man City,0,3,0,0.0,0.0,34.08308364984009,7,7,999,0,1.0,0,999,0,1.0,0,0,1,1.8161702127659574,1.2059574468085106,1.8663829787234043,7.254468085106383,7.341276595744681,1.355872340425532,1.405410937744065,1.550329927261782,1.5203029104351635,1.4763829787234042,1.5037872340425533,1.5948115940966365,1.2273517881961282,1.689848619989206,1.3640519571110066,1.4186900986980262,1.6661994869059418,0.22497988742164976,0.2205873038401552,-0.049538597318533044,12.081220016024211,12.143417810494649,4.031721464172599,10.888120077877847,1.9508268784785745,-0.06219779447043728,1.8930390492359932,1.1910016977928692,1.797962648556876,7.386247877758914,7.216468590831918,1.408418222976797,1.419806348306871,1.5580357643877496,1.5085751217487764,1.510413129598189,1.4739813242784379,1.6005987686633498,1.236087764722317,1.6934616411075705,1.3663979881419368,1.4200902369071877,1.6548149389282922,0.22750318315153073,0.2200270645182231,-0.01138812533007419,12.240851576981052,11.982404859551654,4.089897574907331,10.84084795339368,1.9110438602179538,0.25844671742939856
pl-2023-2023-08-12-arsenal-v-nott-m-forest,2023-08-12,2023,Arsenal,Nott'm Forest,2,1,2,0.8333333333333334,0.0,169.03828783728213,7,7,999,0,1.0,0,999,0,1.0,0,5,2,1.8161702127659574,1.2059574468085106,1.8663829787234043,7.254468085106383,7.341276595744681,1.355872340425532,1.405410937744065,1.550329927261782,1.5203029104351635,1.4763829787234042,1.5037872340425533,1.5948115940966365,1.2273517881961282,1.689848619989206,1.3640519571110066,1.4186900986980262,1.6661994869059418,0.22497988742164976,0.2205873038401552,-0.049538597318533044,12.081220016024211,12.143417810494649,4.031721464172599,10.888120077877847,1.9508268784785745,-0.06219779447043728,1.8930390492359932,1.1910016977928692,1.797962648556876,7.386247877758914,7.216468590831918,1.408418222976797,1.419806348306871,1.5580357643877496,1.5085751217487764,1.510413129598189,1.4739813242784379,1.6005987686633498,1.236087764722317,1.6934616411075705,1.3663979881419368,1.4200902369071877,1.6548149389282922,0.22750318315153073,0.2200270645182231,-0.01138812533007419,12.240851576981052,11.982404859551654,4.089897574907331,10.84084795339368,1.9110438602179538,0.25844671742939856
pl-2023-2023-08-12-bournemouth-v-west-ham,2023-08-12,2023,Bournemouth,West Ham,1,1,1,0.5,0.0,157.23423717667953,7,7,999,0,1.0,0,999,0,1.0,0,2,0,1.8161702127659574,1.2059574468085106,1.8663829787234043,7.254468085106383,7.341276595744681,1.355872340425532,1.405410937744065,1.550329927261782,1.5203029104351635,1.4763829787234042,1.5037872340425533,1.5948115940966365,1.2273517881961282,1.689848619989206,1.3640519571110066,1.4186900986980262,1.6661994869059418,0.22497988742164976,0.2205873038401552,-0.049538597318533044,12.081220016024211,12.143417810494649,4.031721464172599,10.888120077877847,1.9508268784785745,-0.06219779447043728,1.8930390492359932,1.1910016977928692,1.797962648556876,7.386247877758914,7.216468590831918,1.408418222976797,1.419806348306871,1.5580357643877496,1.5085751217487764,1.510413129598189,1.4739813242784379,1.6005987686633498,1.236087764722317,1.6934616411075705,1.3663979881419368,1.4200902369071877,1.6548149389282922,0.22750318315153073,0.2200270645182231,-0.01138812533007419,12.240851576981052,11.982404859551654,4.089897574907331,10.84084795339368,1.9110438602179538,0.25844671742939856
pl-2023-2023-08-12-everton-v-fulham,2023-08-12,2023,Everton,Fulham,0,1,0,0.6666666666666666,0.0,286.81320916405326,7,7,999,0,1.0,0,999,0,1.0,0,3,0,1.8161702127659574,1.2059574468085106,1.8663829787234043,7.254468085106383,7.341276595744681,1.355872340425532,1.405410937744065,1.550329927261782,1.5203029104351635,1.4763829787234042,1.5037872340425533,1.5948115940966365,1.2273517881961282,1.689848619989206,1.3640519571110066,1.4186900986980262,1.6661994869059418,0.22497988742164976,0.2205873038401552,-0.049538597318533044,12.081220016024211,12.143417810494649,4.031721464172599,10.888120077877847,1.9508268784785745,-0.06219779447043728,1.8930390492359932,1.1910016977928692,1.797962648556876,7.386247877758914,7.216468590831918,1.408418222976797,1.419806348306871,1.5580357643877496,1.5085751217487764,1.510413129598189,1.4739813242784379,1.6005987686633498,1.236087764722317,1.6934616411075705,1.3663979881419368,1.4200902369071877,1.6548149389282922,0.22750318315153073,0.2200270645182231,-0.01138812533007419,12.240851576981052,11.982404859551654,4.089897574907331,10.84084795339368,1.9110438602179538,0.25844671742939856
pl-2023-2023-08-12-brighton-v-luton,2023-08-12,2023,Brighton,Luton,4,1,2,0.5,0.0,116.46981683642669,7,7,999,0,1.0,0,999,0,1.0,0,1,0,1.8161702127659574,1.2059574468085106,1.8663829787234043,7.254468085106383,7.341276595744681,1.355872340425532,1.405410937744065,1.550329927261782,1.5203029104351635,1.4763829787234042,1.5037872340425533,1.5948115940966365,1.2273517881961282,1.689848619989206,1.3640519571110066,1.4186900986980262,1.6661994869059418,0.22497988742164976,0.2205873038401552,-0.049538597318533044,12.081220016024211,12.143417810494649,4.031721464172599,10.888120077877847,1.9508268784785745,-0.06219779447043728,1.8930390492359932,1.1910016977928692,1.797962648556876,7.386247877758914,7.216468590831918,1.408418222976797,1.419806348306871,1.5580357643877496,1.5085751217487764,1.510413129598189,1.4739813242784379,1.6005987686633498,1.236087764722317,1.6934616411075705,1.3663979881419368,1.4200902369071877,1.6548149389282922,0.22750318315153073,0.2200270645182231,-0.01138812533007419,12.240851576981052,11.982404859551654,4.089897574907331,10.84084795339368,1.9110438602179538,0.25844671742939856
pl-2023-2023-08-12-sheffield-united-v-crystal-palace,2023-08-12,2023,Sheffield United,Crystal Palace,0,1,0,0.0,0.0,238.56337983294833,7,7,999,0,1.0,0,999,0,1.0,0,0,3,1.8161702127659574,1.2059574468085106,1.8663829787234043,7.254468085106383,7.341276595744681,1.355872340425532,1.405410937744065,1.550329927261782,1.5203029104351635,1.4763829787234042,1.5037872340425533,1.5948115940966365,1.2273517881961282,1.689848619989206,1.3640519571110066,1.4186900986980262,1.6661994869059418,0.22497988742164976,0.2205873038401552,-0.049538597318533044,12.081220016024211,12.143417810494649,4.031721464172599,10.888120077877847,1.9508268784785745,-0.06219779447043728,1.8930390492359932,1.1910016977928692,1.797962648556876,7.386247877758914,7.216468590831918,1.408418222976797,1.419806348306871,1.5580357643877496,1.5085751217487764,1.510413129598189,1.4739813242784379,1.6005987686633498,1.236087764722317,1.6934616411075705,1.3663979881419368,1.4200902369071877,1.6548149389282922,0.22750318315153073,0.2200270645182231,-0.01138812533007419,12.240851576981052,11.982404859551654,4.089897574907331,10.84084795339368,1.9110438602179538,0.25844671742939856
pl-2023-2023-08-12-newcastle-v-aston-villa,2023-08-12,2023,Newcastle,Aston Villa,5,1,2,0.5833333333333334,0.0,274.7846475513572,7,7,999,0,1.0,0,999,0,1.0,0,3,1,1.8161702127659574,1.2059574468085106,1.8663829787234043,7.254468085106383,7.341276595744681,1.355872340425532,1.405410937744065,1.550329927261782,1.5203029104351635,1.4763829787234042,1.5037872340425533,1.5948115940966365,1.2273517881961282,1.689848619989206,1.3640519571110066,1.4186900986980262,1.6661994869059418,0.22497988742164976,0.2205873038401552,-0.049538597318533044,12.081220016024211,12.143417810494649,4.031721464172599,10.888120077877847,1.9508268784785745,-0.06219779447043728,1.8930390492359932,1.1910016977928692,1.797962648556876,7.386247877758914,7.216468590831918,1.408418222976797,1.419806348306871,1.5580357643877496,1.5085751217487764,1.510413129598189,1.4739813242784379,1.6005987686633498,1.236087764722317,1.6934616411075705,1.3663979881419368,1.4200902369071877,1.6548149389282922,0.22750318315153073,0.2200270645182231,-0.01138812533007419,12.240851576981052,11.982404859551654,4.089897574907331,10.84084795339368,1.9110438602179538,0.25844671742939856
pl-2023-2023-08-13-brentford-v-tottenham,2023-08-13,2023,Brentford,Tottenham,2,2,1,0.2857142857142857,0.0,20.10633019120403,7,7,999,0,1.0,0,999,0,1.0,0,1,1,1.8161702127659574,1.2059574468085106,1.8663829787234043,7.254468085106383,7.341276595744681,1.355872340425532,1.405410937744065,1.550329927261782,1.5203029104351635,1.4763829787234042,1.5037872340425533,1.5948115940966365,1.2273517881961282,1.689848619989206,1.3640519571110066,1.4186900986980262,1.6661994869059418,0.22497988742164976,0.2205873038401552,-0.049538597318533044,12.081220016024211,12.143417810494649,4.031721464172599,10.888120077877847,1.9508268784785745,-0.06219779447043728,1.8930390492359932,1.1910016977928692,1.797962648556876,7.386247877758914,7.216468590831918,1.408418222976797,1.419806348306871,1.5580357643877496,1.5085751217487764,1.510413129598189,1.4739813242784379,1.6005987686633498,1.236087764722317,1.6934616411075705,1.3663979881419368,1.4200902369071877,1.6548149389282922,0.22750318315153073,0.2200270645182231,-0.01138812533007419,12.240851576981052,11.982404859551654,4.089897574907331,10.84084795339368,1.9110438602179538,0.25844671742939856
pl-2023-2023-08-13-chelsea-v-liverpool,2023-08-13,2023,Chelsea,Liverpool,1,1,1,0.5,0.0,286.87429172934014,7,7,999,0,1.0,0,999,0,1.0,0,3,3,1.8161702127659574,1.2059574468085106,1.8663829787234043,7.254468085106383,7.341276595744681,1.355872340425532,1.405410937744065,1.550329927261782,1.5203029104351635,1.4763829787234042,1.5037872340425533,1.5948115940966365,1.2273517881961282,1.689848619989206,1.3640519571110066,1.4186900986980262,1.6661994869059418,0.22497988742164976,0.2205873038401552,-0.049538597318533044,12.081220016024211,12.143417810494649,4.031721464172599,10.888120077877847,1.9508268784785745,-0.06219779447043728,1.8930390492359932,1.1910016977928692,1.797962648556876,7.386247877758914,7.216468590831918,1.408418222976797,1.419806348306871,1.5580357643877496,1.5085751217487764,1.510413129598189,1.4739813242784379,1.6005987686633498,1.236087764722317,1.6934616411075705,1.3663979881419368,1.4200902369071877,1.6548149389282922,0.22750318315153073,0.2200270645182231,-0.01138812533007419,12.240851576981052,11.982404859551654,4.089897574907331,10.84084795339368,1.9110438602179538,0.25844671742939856
pl-2023-2023-08-14-man-united-v-wolves,2023-08-14,2023,Man United,Wolves,1,0,2,0.5833333333333334,0.0,97.66842531883373,7,7,999,0,1.0,0,999,0,1.0,0,3,0,1.8161702127659574,1.2059574468085106,1.8663829787234043,7.254468085106383,7.341276595744681,1.355872340425532,1.405410937744065,1.550329927261782,1.5203029104351635,1.4763829787234042,1.5037872340425533,1.5948115940966365,1.2273517881961282,1.689848619989206,1.3640519571110066,1.4186900986980262,1.6661994869059418,0.22497988742164976,0.2205873038401552,-0.049538597318533044,12.081220016024211,12.143417810494649,4.031721464172599,10.888120077877847,1.9508268784785745,-0.06219779447043728,1.8930390492359932,1.1910016977928692,1.797962648556876,7.386247877758914,7.216468590831918,1.408418222976797,1.419806348306871,1.5580357643877496,1.5085751217487764,1.510413129598189,1.4739813242784379,1.6005987686633498,1.236087764722317,1.6934616411075705,1.3663979881419368,1.4200902369071877,1.6548149389282922,0.22750318315153073,0.2200270645182231,-0.01138812533007419,12.240851576981052,11.982404859551654,4.089897574907331,10.84084795339368,1.9110438602179538,0.25844671742939856
pl-2023-2023-08-18-nott-m-forest-v-sheffield-united,2023-08-18,2023,Nott'm Forest,Sheffield United,2,1,2,1.0,0.0,52.745833764699796,6,6,999,0,1.0,0,999,0,1.0,0,2,0,0.0,0.0,1.0,1.0,2.0,0.0,0.0,1.0,2.0,1.0,2.0,0.0,0.0,1.0,2.0,1.0,2.0,0.0,0.0,0.0,12.081220016024211,12.143417810494649,4.031721464172599,10.888120077877847,1.9508268784785745,-0.06219779447043728,0.0,0.0,1.0,0.0,1.0,0.0,0.0,0.0,1.0,0.0,1.0,0.0,0.0,0.0,1.0,0.0,1.0,0.0,1.0,0.0,12.240851576981052,11.982404859551654,4.089897574907331,10.84084795339368,1.9110438602179538,0.25844671742939856
pl-2023-2023-08-19-man-city-v-newcastle,2023-08-19,2023,Man City,Newcastle,1,0,2,0.75,0.0,170.21743081390886,8,7,999,0,1.0,0,999,0,1.0,0,1,3,1.0,0.0,0.0,3.0,0.0,3.0,3.0,3.0,0.0,3.0,0.0,3.0,3.0,3.0,0.0,3.0,0.0,1.0,0.0,0.0,12.081220016024211,12.143417810494649,4.031721464172599,10.888120077877847,1.9508268784785745,-0.06219779447043728,1.0,0.0,0.0,5.0,1.0,3.0,3.0,5.0,1.0,5.0,1.0,3.0,3.0,5.0,1.0,5.0,1.0,0.0,0.0,0.0,12.240851576981052,11.982404859551654,4.089897574907331,10.84084795339368,1.9110438602179538,0.25844671742939856
pl-2023-2023-08-19-wolves-v-brighton,2023-08-19,2023,Wolves,Brighton,1,4,0,0.25,0.0,238.39269471328316,5,7,999,0,1.0,0,999,0,1.0,0,0,1,0.0,0.0,1.0,0.0,1.0,0.0,0.0,0.0,1.0,0.0,1.0,0.0,0.0,0.0,1.0,0.0,1.0,0.0,1.0,0.0,12.081220016024211,12.143417810494649,4.031721464172599,10.888120077877847,1.9508268784785745,-0.06219779447043728,1.0,0.0,0.0,4.0,1.0,3.0,3.0,4.0,1.0,4.0,1.0,3.0,3.0,4.0,1.0,4.0,1.0,0.0,0.0,0.0,12.240851576981052,11.982404859551654,4.089897574907331,10.84084795339368,1.9110438602179538,0.25844671742939856
pl-2023-2023-08-19-fulham-v-brentford,2023-08-19,2023,Fulham,Brentford,0,3,0,0.6666666666666666,0.0,5.293655688071253,7,6,999,0,1.0,0,999,0,1.0,0,0,1,1.0,0.0,0.0,1.0,0.0,3.0,3.0,1.0,0.0,1.0,0.0,3.0,3.0,1.0,0.0,1.0,0.0,1.0,0.0,0.0,12.081220016024211,12.143417810494649,4.031721464172599,10.888120077877847,1.9508268784785745,-0.06219779447043728,0.0,1.0,0.0,2.0,2.0,1.0,1.0,2.0,2.0,2.0,2.0,1.0,1.0,2.0,2.0,2.0,2.0,0.0,0.0,0.0,12.240851576981052,11.982404859551654,4.089897574907331,10.84084795339368,1.9110438602179538,0.25844671742939856
pl-2023-2023-08-19-tottenham-v-man-united,2023-08-19,2023,Tottenham,Man United,2,0,2,0.6666666666666666,0.0,255.66645513785016,6,5,999,0,1.0,0,999,0,1.0,0,1,3,0.0,1.0,0.0,2.0,2.0,1.0,1.0,2.0,2.0,2.0,2.0,1.0,1.0,2.0,2.0,2.0,2.0,0.0,0.0,0.0,12.081220016024211,12.143417810494649,4.031721464172599,10.888120077877847,1.9508268784785745,-0.06219779447043728,1.0,0.0,0.0,1.0,0.0,3.0,3.0,1.0,0.0,1.0,0.0,3.0,3.0,1.0,0.0,1.0,0.0,1.0,0.0,0.0,12.240851576981052,11.982404859551654,4.089897574907331,10.84084795339368,1.9110438602179538,0.25844671742939856
pl-2023-2023-08-19-liverpool-v-bournemouth,2023-08-19,2023,Liverpool,Bournemouth,3,1,2,0.8571428571428571,0.0,309.521114049522,6,7,999,0,1.0,0,999,0,1.0,0,3,2,0.0,1.0,0.0,1.0,1.0,1.0,1.0,1.0,1.0,1.0,1.0,1.0,1.0,1.0,1.0,1.0,1.0,0.0,0.0,0.0,12.081220016024211,12.143417810494649,4.031721464172599,10.888120077877847,1.9508268784785745,-0.06219779447043728,0.0,1.0,0.0,1.0,1.0,1.0,1.0,1.0,1.0,1.0,1.0,1.0,1.0,1.0,1.0,1.0,1.0,0.0,0.0,0.0,12.240851576981052,11.982404859551654,4.089897574907331,10.84084795339368,1.9110438602179538,0.25844671742939856
pl-2023-2023-08-20-aston-villa-v-everton,2023-08-20,2023,Aston Villa,Everton,4,0,2,0.6666666666666666,0.0,126.22335550924237,8,8,999,0,1.0,0,999,0,1.0,0,1,3,0.0,0.0,1.0,1.0,5.0,0.0,0.0,1.0,5.0,1.0,5.0,0.0,0.0,1.0,5.0,1.0,5.0,0.0,0.0,0.0,12.081220016024211,12.143417810494649,4.031721464172599,10.888120077877847,1.9508268784785745,-0.06219779447043728,0.0,0.0,1.0,0.0,1.0,0.0,0.0,0.0,1.0,0.0,1.0,0.0,0.0,0.0,1.0,0.0,1.0,0.0,1.0,0.0,12.240851576981052,11.982404859551654,4.089897574907331,10.84084795339368,1.9110438602179538,0.25844671742939856
pl-2023-2023-08-20-west-ham-v-chelsea,2023-08-20,2023,West Ham,Chelsea,3,1,2,0.16666666666666666,0.0,15.66482235248609,8,7,999,0,1.0,0,999,0,1.0,0,0,3,0.0,1.0,0.0,1.0,1.0,1.0,1.0,1.0,1.0,1.0,1.0,1.0,1.0,1.0,1.0,1.0,1.0,0.0,0.0,0.0,12.081220016024211,12.143417810494649,4.031721464172599,10.888120077877847,1.9508268784785745,-0.06219779447043728,0.0,1.0,0.0,1.0,1.0,1.0,1.0,1.0,1.0,1.0,1.0,1.0,1.0,1.0,1.0,1.0,1.0,0.0,0.0,0.0,12.240851576981052,11.982404859551654,4.089897574907331,10.84084795339368,1.9110438602179538,0.25844671742939856
pl-2023-2023-08-21-crystal-palace-v-arsenal,2023-08-21,2023,Crystal Palace,Arsenal,0,1,0,0.08333333333333333,0.0,17.734165873614728,9,9,999,0,1.0,0,999,0,1.0,0,3,5,1.0,0.0,0.0,1.0,0.0,3.0,3.0,1.0,0.0,1.0,0.0,3.0,3.0,1.0,0.0,1.0,0.0,1.0,0.0,0.0,12.081220016024211,12.143417810494649,4.031721464172599,10.888120077877847,1.9508268784785745,-0.06219779447043728,1.0,0.0,0.0,2.0,1.0,3.0,3.0,2.0,1.0,2.0,1.0,3.0,3.0,2.0,1.0,2.0,1.0,0.0,0.0,0.0,12.240851576981052,11.982404859551654,4.089897574907331,10.84084795339368,1.9110438602179538,0.25844671742939856
pl-2023-2023-08-25-chelsea-v-luton,2023-08-25,2023,Chelsea,Luton,3,0,2,1.0,0.0,47.88906262487709,5,13,999,0,1.0,0,999,0,1.0,0,3,0,0.0,1.0,1.0,2.0,4.0,0.5,0.5,1.0,2.0,1.0,2.0,1.0,0.0,1.0,1.0,1.0,3.0,0.0,0.0,0.0,12.081220016024211,12.143417810494649,4.031721464172599,10.888120077877847,1.9508268784785745,-0.06219779447043728,0.0,0.0,1.0,1.0,4.0,0.0,0.0,1.0,4.0,1.0,4.0,0.0,0.0,1.0,4.0,1.0,4.0,0.0,0.0,0.0,12.240851576981052,11.982404859551654,4.089897574907331,10.84084795339368,1.9110438602179538,0.25844671742939856
pl-2023-2023-08-26-arsenal-v-fulham,2023-08-26,2023,Arsenal,Fulham,2,2,1,0.6666666666666666,0.0,12.102078440930182,5,7,999,0,1.0,0,999,0,1.0,0,5,0,2.0,0.0,0.0,3.0,1.0,3.0,3.0,1.5,0.5,1.5,0.5,3.0,3.0,2.0,1.0,1.0,0.0,0.5,0.0,0.0,12.081220016024211,12.143417810494649,4.031721464172599,10.888120077877847,1.9508268784785745,-0.06219779447043728,1.0,0.0,1.0,1.0,3.0,1.5,1.5,0.5,1.5,0.5,1.5,0.0,3.0,0.0,3.0,1.0,0.0,0.5,0.5,0.0,12.240851576981052,11.982404859551654,4.089897574907331,10.84084795339368,1.9110438602179538,0.25844671742939856
pl-2023-2023-08-26-bournemouth-v-tottenham,2023-08-26,2023,Bournemouth,Tottenham,0,2,0,0.5833333333333334,0.0,156.83846275039934,7,7,999,0,1.0,0,999,0,1.0,0,2,1,0.0,1.0,1.0,2.0,4.0,0.5,0.5,1.0,2.0,1.0,2.0,1.0,0.0,1.0,1.0,1.0,3.0,0.0,0.0,0.0,12.081220016024211,12.143417810494649,4.031721464172599,10.888120077877847,1.9508268784785745,-0.06219779447043728,1.0,1.0,0.0,4.0,2.0,2.0,2.0,2.0,1.0,2.0,1.0,3.0,1.0,2.0,0.0,2.0,2.0,0.5,0.0,0.0,12.240851576981052,11.982404859551654,4.089897574907331,10.84084795339368,1.9110438602179538,0.25844671742939856
pl-2023-2023-08-26-man-united-v-nott-m-forest,2023-08-26,2023,Man United,Nott'm Forest,3,2,2,0.4166666666666667,0.0,96.38251389166221,7,8,999,0,1.0,0,999,0,1.0,0,3,2,1.0,0.0,1.0,1.0,2.0,1.5,1.5,0.5,1.0,0.5,1.0,3.0,0.0,1.0,0.0,0.0,2.0,0.5,0.5,0.0,12.081220016024211,12.143417810494649,4.031721464172599,10.888120077877847,1.9508268784785745,-0.06219779447043728,1.0,0.0,1.0,3.0,3.0,1.5,1.5,1.5,1.5,1.5,1.5,3.0,0.0,2.0,1.0,1.0,2.0,0.0,0.0,0.0,12.240851576981052,11.982404859551654,4.089897574907331,10.84084795339368,1.9110438602179538,0.25844671742939856
pl-2023-2023-08-26-brighton-v-west-ham,2023-08-26,2023,Brighton,West Ham,1,3,0,0.5,0.0,75.7050417120277,7,6,999,0,1.0,0,999,0,1.0,0,1,0,2.0,0.0,0.0,8.0,2.0,3.0,3.0,4.0,1.0,4.0,1.0,3.0,3.0,4.0,1.0,4.0,1.0,0.0,0.0,0.0,12.081220016024211,12.143417810494649,4.031721464172599,10.888120077877847,1.9508268784785745,-0.06219779447043728,1.0,1.0,0.0,4.0,2.0,2.0,2.0,2.0,1.0,2.0,1.0,3.0,1.0,3.0,1.0,1.0,1.0,0.0,0.0,0.0,12.240851576981052,11.982404859551654,4.089897574907331,10.84084795339368,1.9110438602179538,0.25844671742939856
pl-2023-2023-08-26-everton-v-wolves,2023-08-26,2023,Everton,Wolves,0,1,0,0.5,0.0,109.72444126016762,6,7,999,0,1.0,0,999,0,1.0,0,3,0,0.0,0.0,2.0,0.0,5.0,0.0,0.0,0.0,2.5,0.0,2.5,0.0,0.0,0.0,1.0,0.0,4.0,0.0,1.0,0.0,12.081220016024211,12.143417810494649,4.031721464172599,10.888120077877847,1.9508268784785745,-0.06219779447043728,0.0,0.0,2.0,1.0,5.0,0.0,0.0,0.5,2.5,0.5,2.5,0.0,0.0,1.0,4.0,0.0,1.0,0.0,0.5,0.0,12.240851576981052,11.982404859551654,4.089897574907331,10.84084795339368,1.9110438602179538,0.25844671742939856
pl-2023-2023-08-26-brentford-v-crystal-palace,2023-08-26,2023,Brentford,Crystal Palace,1,1,1,0.5,0.0,17.684697650519446,7,5,999,0,1.0,0,999,0,1.0,0,1,3,1.0,1.0,0.0,5.0,2.0,2.0,2.0,2.5,1.0,2.5,1.0,1.0,3.0,2.0,2.0,3.0,0.0,0.5,0.0,0.0,12.081220016024211,12.143417810494649,4.031721464172599,10.888120077877847,1.9508268784785745,-0.06219779447043728,1.0,0.0,1.0,1.0,1.0,1.5,1.5,0.5,0.5,0.5,0.5,0.0,3.0,0.0,1.0,1.0,0.0,0.5,0.5,0.0,12.240851576981052,11.982404859551654,4.089897574907331,10.84084795339368,1.9110438602179538,0.25844671742939856
pl-2023-2023-08-27-burnley-v-aston-villa,2023-08-27,2023,Burnley,Aston Villa,1,3,0,0.125,0.0,144.17655894300106,16,7,999,0,1.0,0,999,0,1.0,0,0,1,0.0,0.0,1.0,0.0,3.0,0.0,0.0,0.0,3.0,0.0,3.0,0.0,0.0,0.0,3.0,0.0,3.0,0.0,1.0,0.0,12.081220016024211,12.143417810494649,4.031721464172599,10.888120077877847,1.9508268784785745,-0.06219779447043728,1.0,0.0,1.0,5.0,5.0,1.5,1.5,2.5,2.5,2.5,2.5,3.0,0.0,4.0,0.0,1.0,5.0,0.5,0.0,0.0,12.240851576981052,11.982404859551654,4.089897574907331,10.84084795339368,1.9110438602179538,0.25844671742939856
pl-2023-2023-08-27-sheffield-united-v-man-city,2023-08-27,2023,Sheffield United,Man City,1,2,0,0.0,0.0,49.90788488240384,9,8,999,0,1.0,0,999,0,1.0,0,0,1,0.0,0.0,2.0,1.0,3.0,0.0,0.0,0.5,1.5,0.5,1.5,0.0,0.0,0.0,1.0,1.0,2.0,0.0,0.5,0.0,12.081220016024211,12.143417810494649,4.031721464172599,10.888120077877847,1.9508268784785745,-0.06219779447043728,2.0,0.0,0.0,4.0,0.0,3.0,3.0,2.0,0.0,2.0,0.0,3.0,3.0,1.0,0.0,3.0,0.0,1.0,0.0,0.0,12.240851576981052,11.982404859551654,4.089897574907331,10.84084795339368,1.9110438602179538,0.25844671742939856
pl-2023-2023-08-27-newcastle-v-liverpool,2023-08-27,2023,Newcastle,Liverpool,1,2,0,0.14285714285714285,0.0,192.88502417995036,8,8,999,0,1.0,0,999,0,1.0,0,3,3,1.0,0.0,1.0,5.0,2.0,1.5,1.5,2.5,1.0,2.5,1.0,3.0,0.0,5.0,1.0,0.0,1.0,0.0,0.5,0.0,12.081220016024211,12.143417810494649,4.031721464172599,10.888120077877847,1.9508268784785745,-0.06219779447043728,1.0,1.0,0.0,4.0,2.0,2.0,2.0,2.0,1.0,2.0,1.0,3.0,1.0,3.0,1.0,1.0,1.0,0.0,0.0,0.0,12.240851576981052,11.982404859551654,4.089897574907331,10.84084795339368,1.9110438602179538,0.25844671742939856
pl-2023-2023-09-01-luton-v-west-ham,2023-09-01,2023,Luton,West Ham,1,2,0,0.0,0.0,49.497510697287744,7,6,999,0,1.0,0,999,0,1.0,0,0,0,0.0,0.0,2.0,1.0,7.0,0.0,0.0,0.5,3.5,0.5,3.5,0.0,0.0,0.5,3.5,0.5,3.5,0.0,0.5,0.0,12.081220016024211,12.143417810494649,4.031721464172599,10.888120077877847,1.9508268784785745,-0.06219779447043728,2.0,1.0,0.0,7.0,3.0,2.3333333333333335,2.3333333333333335,2.3333333333333335,1.0,2.3333333333333335,1.0,3.0,2.0,3.0,1.0,2.0,1.0,0.0,0.0,0.0,12.240851576981052,11.982404859551654,4.089897574907331,10.84084795339368,1.9110438602179538,0.25844671742939856
pl-2023-2023-09-02-sheffield-united-v-everton,2023-09-02,2023,Sheffield United,Everton,2,2,1,0.25,0.0,99.39850905479666,6,7,999,0,1.0,0,999,0,1.0,0,0,3,0.0,0.0,3.0,2.0,5.0,0.0,0.0,0.6666666666666666,1.6666666666666667,0.6666666666666666,1.6666666666666667,0.0,0.0,0.5,1.5,1.0,2.0,0.0,0.3333333333333333,0.0,12.081220016024211,12.143417810494649,4.031721464172599,10.888120077877847,1.9508268784785745,-0.06219779447043728,0.0,0.0,3.0,0.0,6.0,0.0,0.0,0.0,2.0,0.0,2.0,0.0,0.0,0.0,1.0,0.0,4.0,0.0,1.0,0.0,12.240851576981052,11.982404859551654,4.089897574907331,10.84084795339368,1.9110438602179538,0.25844671742939856
pl-2023-2023-09-02-burnley-v-tottenham,2023-09-02,2023,Burnley,Tottenham,2,5,0,0.125,0.0,283.3343564608226,6,7,999,0,1.0,0,999,0,1.0,0,0,1,0.0,0.0,2.0,1.0,6.0,0.0,0.0,0.5,3.0,0.5,3.0,0.0,0.0,0.5,3.0,0.5,3.0,0.0,0.5,0.0,12.081220016024211,12.143417810494649,4.031721464172599,10.888120077877847,1.9508268784785745,-0.06219779447043728,2.0,1.0,0.0,6.0,2.0,2.3333333333333335,2.3333333333333335,2.0,0.6666666666666666,2.0,0.6666666666666666,3.0,2.0,2.0,0.0,2.0,1.0,0.6666666666666666,0.0,0.0,12.240851576981052,11.982404859551654,4.089897574907331,10.84084795339368,1.9110438602179538,0.25844671742939856
pl-2023-2023-09-02-chelsea-v-nott-m-forest,2023-09-02,2023,Chelsea,Nott'm Forest,0,1,0,0.5833333333333334,0.0,174.46140029574008,8,7,999,0,1.0,0,999,0,1.0,0,3,2,1.0,1.0,1.0,5.0,4.0,1.3333333333333333,1.3333333333333333,1.6666666666666667,1.3333333333333333,1.6666666666666667,1.3333333333333333,2.0,0.0,2.0,0.5,1.0,3.0,0.3333333333333333,0.0,0.0,12.081220016024211,12.143417810494649,4.031721464172599,10.888120077877847,1.9508268784785745,-0.06219779447043728,1.0,0.0,2.0,5.0,6.0,1.0,1.0,1.6666666666666667,2.0,1.6666666666666667,2.0,3.0,0.0,2.0,1.0,1.5,2.5,0.0,0.0,0.0,12.240851576981052,11.982404859551654,4.089897574907331,10.84084795339368,1.9110438602179538,0.25844671742939856
pl-2023-2023-09-02-man-city-v-fulham,2023-09-02,2023,Man City,Fulham,5,1,2,1.0,0.0,260.3920788240613,6,7,999,0,1.0,0,999,0,1.0,0,1,0,3.0,0.0,0.0,6.0,1.0,3.0,3.0,2.0,0.3333333333333333,2.0,0.3333333333333333,3.0,3.0,1.0,0.0,2.5,0.5,0.6666666666666666,0.0,0.0,12.081220016024211,12.143417810494649,4.031721464172599,10.888120077877847,1.9508268784785745,-0.06219779447043728,1.0,1.0,1.0,3.0,5.0,1.3333333333333333,1.3333333333333333,1.0,1.6666666666666667,1.0,1.6666666666666667,0.0,2.0,0.0,3.0,1.5,1.0,0.3333333333333333,0.3333333333333333,0.0,12.240851576981052,11.982404859551654,4.089897574907331,10.84084795339368,1.9110438602179538,0.25844671742939856
pl-2023-2023-09-02-brentford-v-bournemouth,2023-09-02,2023,Brentford,Bournemouth,2,2,1,0.7857142857142857,0.0,136.7376286546296,7,7,999,0,1.0,0,999,0,1.0,0,1,2,1.0,2.0,0.0,6.0,3.0,1.6666666666666667,1.6666666666666667,2.0,1.0,2.0,1.0,1.0,3.0,1.5,1.5,3.0,0.0,0.3333333333333333,0.0,0.0,12.081220016024211,12.143417810494649,4.031721464172599,10.888120077877847,1.9508268784785745,-0.06219779447043728,0.0,1.0,2.0,2.0,6.0,0.3333333333333333,0.3333333333333333,0.6666666666666666,2.0,0.6666666666666666,2.0,0.5,0.0,0.5,1.5,1.0,3.0,0.0,0.3333333333333333,0.0,12.240851576981052,11.982404859551654,4.089897574907331,10.84084795339368,1.9110438602179538,0.25844671742939856
pl-2023-2023-09-02-brighton-v-newcastle,2023-09-02,2023,Brighton,Newcastle,3,1,2,0.6666666666666666,0.0,468.80022223251495,7,6,999,0,1.0,0,999,0,1.0,0,1,3,2.0,0.0,1.0,9.0,5.0,2.0,2.0,3.0,1.6666666666666667,3.0,1.6666666666666667,1.5,3.0,2.5,2.0,4.0,1.0,0.0,0.0,0.0,12.081220016024211,12.143417810494649,4.031721464172599,10.888120077877847,1.9508268784785745,-0.06219779447043728,1.0,0.0,2.0,6.0,4.0,1.0,1.0,2.0,1.3333333333333333,2.0,1.3333333333333333,1.5,0.0,3.0,1.5,0.0,1.0,0.0,0.3333333333333333,0.0,12.240851576981052,11.982404859551654,4.089897574907331,10.84084795339368,1.9110438602179538,0.25844671742939856
pl-2023-2023-09-03-liverpool-v-aston-villa,2023-09-03,2023,Liverpool,Aston Villa,3,0,2,0.6666666666666666,0.0,125.49951441248902,7,7,999,0,1.0,0,999,0,1.0,0,3,1,2.0,1.0,0.0,6.0,3.0,2.3333333333333335,2.3333333333333335,2.0,1.0,2.0,1.0,3.0,2.0,3.0,1.0,1.5,1.0,0.0,0.0,0.0,12.081220016024211,12.143417810494649,4.031721464172599,10.888120077877847,1.9508268784785745,-0.06219779447043728,2.0,0.0,1.0,8.0,6.0,2.0,2.0,2.6666666666666665,2.0,2.6666666666666665,2.0,3.0,1.5,4.0,0.0,2.0,3.0,0.3333333333333333,0.0,0.0,12.240851576981052,11.982404859551654,4.089897574907331,10.84084795339368,1.9110438602179538,0.25844671742939856
pl-2023-2023-09-03-crystal-palace-v-wolves,2023-09-03,2023,Crystal Palace,Wolves,3,2,2,0.9166666666666666,0.0,192.73796502396291,8,8,999,0,1.0,0,999,0,1.0,0,3,0,1.0,1.0,1.0,2.0,2.0,1.3333333333333333,1.3333333333333333,0.6666666666666666,0.6666666666666666,0.6666666666666666,0.6666666666666666,0.0,2.0,0.0,1.0,1.0,0.5,0.3333333333333333,0.3333333333333333,0.0,12.081220016024211,12.143417810494649,4.031721464172599,10.888120077877847,1.9508268784785745,-0.06219779447043728,1.0,0.0,2.0,2.0,5.0,1.0,1.0,0.6666666666666666,1.6666666666666667,0.6666666666666666,1.6666666666666667,0.0,1.5,1.0,4.0,0.5,0.5,0.3333333333333333,0.3333333333333333,0.0,12.240851576981052,11.982404859551654,4.089897574907331,10.84084795339368,1.9110438602179538,0.25844671742939856
pl-2023-2023-09-03-arsenal-v-man-united,2023-09-03,2023,Arsenal,Man United,3,1,2,0.75,0.0,258.3980584719573,8,8,999,0,1.0,0,999,0,1.0,0,5,3,2.0,1.0,0.0,5.0,3.0,2.3333333333333335,2.3333333333333335,1.6666666666666667,1.0,1.6666666666666667,1.0,2.0,3.0,2.0,1.5,1.0,0.0,0.3333333333333333,0.0,0.0,12.081220016024211,12.143417810494649,4.031721464172599,10.888120077877847,1.9508268784785745,-0.06219779447043728,2.0,0.0,1.0,4.0,4.0,2.0,2.0,1.3333333333333333,1.3333333333333333,1.3333333333333333,1.3333333333333333,3.0,0.0,2.0,1.0,0.0,2.0,0.3333333333333333,0.3333333333333333,0.0,12.240851576981052,11.982404859551654,4.089897574907331,10.84084795339368,1.9110438602179538,0.25844671742939856
pl-2023-2023-09-16-wolves-v-liverpool,2023-09-16,2023,Wolves,Liverpool,1,3,0,0.16666666666666666,0.0,108.96271895765787,13,13,999,0,1.0,0,999,0,1.0,0,0,3,1.0,0.0,3.0,4.0,8.0,0.75,0.75,1.0,2.0,1.0,2.0,0.0,1.0,1.0,4.0,1.0,1.3333333333333333,0.25,0.25,0.0,12.081220016024211,12.143417810494649,4.031721464172599,10.888120077877847,1.9508268784785745,-0.06219779447043728,3.0,1.0,0.0,9.0,3.0,2.5,2.5,2.25,0.75,2.25,0.75,3.0,2.0,3.0,0.5,1.5,1.0,0.25,0.0,0.0,12.240851576981052,11.982404859551654,4.089897574907331,10.84084795339368,1.9110438602179538,0.25844671742939856
pl-2023-2023-09-16-man-united-v-brighton,2023-09-16,2023,Man United,Brighton,1,3,0,0.5,0.0,326.14306079684945,13,14,999,0,1.0,0,999,0,1.0,0,3,1,2.0,0.0,2.0,5.0,7.0,1.5,1.5,1.25,1.75,1.25,1.75,3.0,0.0,2.0,1.0,0.5,2.5,0.25,0.25,0.0,12.081220016024211,12.143417810494649,4.031721464172599,10.888120077877847,1.9508268784785745,-0.06219779447043728,3.0,0.0,1.0,12.0,6.0,2.25,2.25,3.0,1.5,3.0,1.5,2.0,3.0,2.6666666666666665,1.6666666666666667,4.0,1.0,0.0,0.0,0.0,12.240851576981052,11.982404859551654,4.089897574907331,10.84084795339368,1.9110438602179538,0.25844671742939856
pl-2023-2023-09-16-tottenham-v-sheffield-united,2023-09-16,2023,Tottenham,Sheffield United,2,1,2,1.0,0.0,218.19061337641202,14,14,999,0,1.0,0,999,0,1.0,0,1,0,3.0,1.0,0.0,11.0,4.0,2.5,2.5,2.75,1.0,2.75,1.0,3.0,2.3333333333333335,2.0,0.0,3.0,1.3333333333333333,0.5,0.0,0.0,12.081220016024211,12.143417810494649,4.031721464172599,10.888120077877847,1.9508268784785745,-0.06219779447043728,0.0,1.0,3.0,4.0,7.0,0.25,0.25,1.0,1.75,1.0,1.75,0.3333333333333333,0.0,1.0,1.6666666666666667,1.0,2.0,0.0,0.25,0.0,12.240851576981052,11.982404859551654,4.089897574907331,10.84084795339368,1.9110438602179538,0.25844671742939856
pl-2023-2023-09-16-newcastle-v-brentford,2023-09-16,2023,Newcastle,Brentford,1,0,2,0.5,0.0,397.2354971132688,14,14,999,0,1.0,0,999,0,1.0,0,3,1,1.0,0.0,3.0,7.0,7.0,0.75,0.75,1.75,1.75,1.75,1.75,1.5,0.0,3.0,1.5,0.5,2.0,0.0,0.25,0.0,12.081220016024211,12.143417810494649,4.031721464172599,10.888120077877847,1.9508268784785745,-0.06219779447043728,1.0,3.0,0.0,8.0,5.0,1.5,1.5,2.0,1.25,2.0,1.25,1.0,3.0,1.6666666666666667,1.6666666666666667,3.0,0.0,0.25,0.0,0.0,12.240851576981052,11.982404859551654,4.089897574907331,10.84084795339368,1.9110438602179538,0.25844671742939856
pl-2023-2023-09-16-west-ham-v-man-city,2023-09-16,2023,West Ham,Man City,1,3,0,0.08333333333333333,0.0,263.06145615917364,15,14,999,0,1.0,0,999,0,1.0,0,0,1,3.0,1.0,0.0,9.0,4.0,2.5,2.5,2.25,1.0,2.25,1.0,3.0,2.3333333333333335,3.0,1.0,2.0,1.0,0.0,0.0,0.0,12.081220016024211,12.143417810494649,4.031721464172599,10.888120077877847,1.9508268784785745,-0.06219779447043728,4.0,0.0,0.0,11.0,2.0,3.0,3.0,2.75,0.5,2.75,0.5,3.0,3.0,3.0,0.5,2.5,0.5,0.5,0.0,0.0,12.240851576981052,11.982404859551654,4.089897574907331,10.84084795339368,1.9110438602179538,0.25844671742939856
pl-2023-2023-09-16-aston-villa-v-crystal-palace,2023-09-16,2023,Aston Villa,Crystal Palace,3,1,2,0.3333333333333333,0.0,174.51945913250827,13,13,999,0,1.0,0,999,0,1.0,0,1,3,2.0,0.0,2.0,8.0,9.0,1.5,1.5,2.0,2.25,2.0,2.25,3.0,1.0,4.0,0.0,1.3333333333333333,3.0,0.25,0.25,0.0,12.081220016024211,12.143417810494649,4.031721464172599,10.888120077877847,1.9508268784785745,-0.06219779447043728,2.0,1.0,1.0,5.0,4.0,1.75,1.75,1.25,1.0,1.25,1.0,1.5,2.0,1.5,1.5,1.0,0.5,0.25,0.25,0.0,12.240851576981052,11.982404859551654,4.089897574907331,10.84084795339368,1.9110438602179538,0.25844671742939856
pl-2023-2023-09-16-fulham-v-luton,2023-09-16,2023,Fulham,Luton,1,0,2,1.0,0.0,47.939261664390834,14,15,999,0,1.0,0,999,0,1.0,0,0,0,1.0,1.0,2.0,4.0,10.0,1.0,1.0,1.0,2.5,1.0,2.5,0.0,1.3333333333333333,0.0,3.0,1.3333333333333333,2.3333333333333335,0.25,0.25,0.0,12.081220016024211,12.143417810494649,4.031721464172599,10.888120077877847,1.9508268784785745,-0.06219779447043728,0.0,0.0,3.0,2.0,9.0,0.0,0.0,0.6666666666666666,3.0,0.6666666666666666,3.0,0.0,0.0,1.0,2.0,0.5,3.5,0.0,0.3333333333333333,0.0,12.240851576981052,11.982404859551654,4.089897574907331,10.84084795339368,1.9110438602179538,0.25844671742939856
pl-2023-2023-09-17-bournemouth-v-chelsea,2023-09-17,2023,Bournemouth,Chelsea,0,0,1,0.3333333333333333,0.0,141.84087867373012,15,15,999,0,1.0,0,999,0,1.0,0,2,3,0.0,2.0,2.0,4.0,8.0,0.5,0.5,1.0,2.0,1.0,2.0,0.5,0.5,0.5,1.5,1.5,2.5,0.0,0.25,0.0,12.081220016024211,12.143417810494649,4.031721464172599,10.888120077877847,1.9508268784785745,-0.06219779447043728,1.0,1.0,2.0,5.0,5.0,1.0,1.0,1.25,1.25,1.25,1.25,1.3333333333333333,0.0,1.3333333333333333,0.6666666666666666,1.0,3.0,0.25,0.25,0.0,12.240851576981052,11.982404859551654,4.089897574907331,10.84084795339368,1.9110438602179538,0.25844671742939856
pl-2023-2023-09-17-everton-v-arsenal,2023-09-17,2023,Everton,Arsenal,0,1,0,0.16666666666666666,0.0,285.04585296565705,15,14,999,0,1.0,0,999,0,1.0,0,3,5,0.0,1.0,3.0,2.0,8.0,0.25,0.25,0.5,2.0,0.5,2.0,0.0,0.5,0.0,1.0,1.0,3.0,0.0,0.75,0.0,12.081220016024211,12.143417810494649,4.031721464172599,10.888120077877847,1.9508268784785745,-0.06219779447043728,3.0,1.0,0.0,8.0,4.0,2.5,2.5,2.0,1.0,2.0,1.0,2.3333333333333335,3.0,2.3333333333333335,1.3333333333333333,1.0,0.0,0.25,0.0,0.0,12.240851576981052,11.982404859551654,4.089897574907331,10.84084795339368,1.9110438602179538,0.25844671742939856
pl-2023-2023-09-18-nott-m-forest-v-burnley,2023-09-18,2023,Nott'm Forest,Burnley,1,1,1,0.75,0.0,119.04247297206578,16,16,999,0,1.0,0,999,0,1.0,0,2,0,2.0,0.0,2.0,6.0,6.0,1.5,1.5,1.5,1.5,1.5,1.5,3.0,1.0,2.0,1.0,1.3333333333333333,1.6666666666666667,0.25,0.0,0.0,12.081220016024211,12.143417810494649,4.031721464172599,10.888120077877847,1.9508268784785745,-0.06219779447043728,0.0,0.0,3.0,3.0,11.0,0.0,0.0,1.0,3.6666666666666665,1.0,3.6666666666666665,0.0,0.0,1.0,3.6666666666666665,1.0,3.6666666666666665,0.0,0.3333333333333333,0.0,12.240851576981052,11.982404859551654,4.089897574907331,10.84084795339368,1.9110438602179538,0.25844671742939856
pl-2023-2023-09-23-man-city-v-nott-m-forest,2023-09-23,2023,Man City,Nott'm Forest,2,0,2,0.75,0.0,93.0370438359667,7,5,999,0,1.0,0,999,0,1.0,0,1,2,5.0,0.0,0.0,14.0,3.0,3.0,3.0,2.8,0.6,2.8,0.6,3.0,3.0,3.0,0.5,2.6666666666666665,0.6666666666666666,0.4,0.0,0.0,12.081220016024211,12.143417810494649,4.031721464172599,10.888120077877847,1.9508268784785745,-0.06219779447043728,2.0,1.0,2.0,7.0,7.0,1.4,1.4,1.4,1.4,1.4,1.4,2.0,1.0,1.5,1.0,1.3333333333333333,1.6666666666666667,0.2,0.0,0.0,12.240851576981052,11.982404859551654,4.089897574907331,10.84084795339368,1.9110438602179538,0.25844671742939856
pl-2023-2023-09-23-crystal-palace-v-fulham,2023-09-23,2023,Crystal Palace,Fulham,0,0,1,0.6428571428571429,0.0,12.683686680127758,7,7,999,0,1.0,0,999,0,1.0,0,3,0,2.0,1.0,2.0,6.0,7.0,1.4,1.4,1.2,1.4,1.2,1.4,1.5,1.3333333333333333,1.5,1.5,1.0,1.3333333333333333,0.2,0.2,0.0,12.081220016024211,12.143417810494649,4.031721464172599,10.888120077877847,1.9508268784785745,-0.06219779447043728,2.0,1.0,2.0,5.0,10.0,1.4,1.4,1.0,2.0,1.0,2.0,1.5,1.3333333333333333,0.5,1.5,1.3333333333333333,2.3333333333333335,0.4,0.2,0.0,12.240851576981052,11.982404859551654,4.089897574907331,10.84084795339368,1.9110438602179538,0.25844671742939856
pl-2023-2023-09-23-luton-v-wolves,2023-09-23,2023,Luton,Wolves,1,1,1,0.25,0.0,139.46295183643275,7,7,999,0,1.0,0,999,0,1.0,0,0,0,0.0,0.0,4.0,2.0,10.0,0.0,0.0,0.5,2.5,0.5,2.5,0.0,0.0,1.0,2.0,0.3333333333333333,2.6666666666666665,0.0,0.5,0.0,12.081220016024211,12.143417810494649,4.031721464172599,10.888120077877847,1.9508268784785745,-0.06219779447043728,1.0,0.0,4.0,5.0,11.0,0.6,0.6,1.0,2.2,1.0,2.2,0.0,1.0,1.0,3.5,1.0,1.3333333333333333,0.2,0.2,0.0,12.240851576981052,11.982404859551654,4.089897574907331,10.84084795339368,1.9110438602179538,0.25844671742939856
pl-2023-2023-09-23-brentford-v-everton,2023-09-23,2023,Brentford,Everton,1,3,0,0.4166666666666667,0.0,282.2885709497786,7,6,999,0,1.0,0,999,0,1.0,0,1,3,1.0,3.0,1.0,8.0,6.0,1.2,1.2,1.6,1.2,1.6,1.2,1.0,1.5,1.6666666666666667,1.6666666666666667,1.5,0.5,0.2,0.2,0.0,12.081220016024211,12.143417810494649,4.031721464172599,10.888120077877847,1.9508268784785745,-0.06219779447043728,0.0,1.0,4.0,2.0,9.0,0.2,0.2,0.4,1.8,0.4,1.8,0.0,0.5,0.0,1.0,1.0,3.0,0.0,0.8,0.0,12.240851576981052,11.982404859551654,4.089897574907331,10.84084795339368,1.9110438602179538,0.25844671742939856
pl-2023-2023-09-23-burnley-v-man-united,2023-09-23,2023,Burnley,Man United,0,1,0,0.25,0.0,36.472054464069615,5,7,999,0,1.0,0,999,0,1.0,0,0,3,0.0,1.0,3.0,4.0,12.0,0.25,0.25,1.0,3.0,1.0,3.0,0.0,1.0,1.0,3.6666666666666665,1.0,1.0,0.0,0.25,0.0,12.081220016024211,12.143417810494649,4.031721464172599,10.888120077877847,1.9508268784785745,-0.06219779447043728,2.0,0.0,3.0,6.0,10.0,1.2,1.2,1.2,2.0,1.2,2.0,2.0,0.0,1.6666666666666667,1.6666666666666667,0.5,2.5,0.2,0.2,0.0,12.240851576981052,11.982404859551654,4.089897574907331,10.84084795339368,1.9110438602179538,0.25844671742939856
pl-2023-2023-09-24-sheffield-united-v-newcastle,2023-09-24,2023,Sheffield United,Newcastle,0,8,0,0.0,0.0,178.7102902499439,8,8,999,0,1.0,0,999,0,1.0,0,0,3,0.0,1.0,4.0,5.0,9.0,0.2,0.2,1.0,1.8,1.0,1.8,0.3333333333333333,0.0,1.0,1.6666666666666667,1.0,2.0,0.0,0.2,0.0,12.081220016024211,12.143417810494649,4.031721464172599,10.888120077877847,1.9508268784785745,-0.06219779447043728,2.0,0.0,3.0,8.0,7.0,1.2,1.2,1.6,1.4,1.6,1.4,2.0,0.0,2.3333333333333335,1.0,0.5,2.0,0.2,0.2,0.0,12.240851576981052,11.982404859551654,4.089897574907331,10.84084795339368,1.9110438602179538,0.25844671742939856
pl-2023-2023-09-24-arsenal-v-tottenham,2023-09-24,2023,Arsenal,Tottenham,2,2,1,0.9166666666666666,0.0,5.912025518917407,7,8,999,0,1.0,0,999,0,1.0,0,5,1,4.0,1.0,0.0,9.0,4.0,2.6,2.6,1.8,0.8,1.8,0.8,2.3333333333333335,3.0,2.3333333333333335,1.3333333333333333,1.0,0.0,0.4,0.0,0.0,12.081220016024211,12.143417810494649,4.031721464172599,10.888120077877847,1.9508268784785745,-0.06219779447043728,4.0,1.0,0.0,13.0,5.0,2.6,2.6,2.6,1.0,2.6,1.0,3.0,2.3333333333333335,2.0,0.5,3.0,1.3333333333333333,0.4,0.0,0.0,12.240851576981052,11.982404859551654,4.089897574907331,10.84084795339368,1.9110438602179538,0.25844671742939856
pl-2023-2023-09-24-liverpool-v-west-ham,2023-09-24,2023,Liverpool,West Ham,3,1,2,0.9166666666666666,0.0,291.55619908967356,8,8,999,0,1.0,0,999,0,1.0,0,3,0,4.0,1.0,0.0,12.0,4.0,2.6,2.6,2.4,0.8,2.4,0.8,3.0,2.3333333333333335,3.0,0.5,2.0,1.0,0.2,0.0,0.0,12.081220016024211,12.143417810494649,4.031721464172599,10.888120077877847,1.9508268784785745,-0.06219779447043728,3.0,1.0,1.0,10.0,7.0,2.0,2.0,2.0,1.4,2.0,1.4,1.5,2.3333333333333335,2.0,2.0,2.0,1.0,0.0,0.0,0.0,12.240851576981052,11.982404859551654,4.089897574907331,10.84084795339368,1.9110438602179538,0.25844671742939856
pl-2023-2023-09-24-brighton-v-bournemouth,2023-09-24,2023,Brighton,Bournemouth,3,1,2,0.5833333333333334,0.0,124.1341237161608,8,7,999,0,1.0,0,999,0,1.0,0,1,2,4.0,0.0,1.0,15.0,7.0,2.4,2.4,3.0,1.4,3.0,1.4,2.0,3.0,2.6666666666666665,1.6666666666666667,3.5,1.0,0.0,0.0,0.0,12.081220016024211,12.143417810494649,4.031721464172599,10.888120077877847,1.9508268784785745,-0.06219779447043728,0.0,3.0,2.0,4.0,8.0,0.6,0.6,0.8,1.6,0.8,1.6,0.6666666666666666,0.5,0.3333333333333333,1.0,1.5,2.5,0.2,0.4,0.0,12.240851576981052,11.982404859551654,4.089897574907331,10.84084795339368,1.9110438602179538,0.25844671742939856
pl-2023-2023-09-24-chelsea-v-aston-villa,2023-09-24,2023,Chelsea,Aston Villa,0,1,0,0.4166666666666667,0.0,162.75649517879688,7,8,999,0,1.0,0,999,0,1.0,0,3,1,1.0,2.0,2.0,5.0,5.0,1.0,1.0,1.0,1.0,1.0,1.0,1.3333333333333333,0.5,1.3333333333333333,0.6666666666666666,0.5,1.5,0.4,0.4,0.0,12.081220016024211,12.143417810494649,4.031721464172599,10.888120077877847,1.9508268784785745,-0.06219779447043728,3.0,0.0,2.0,11.0,10.0,1.8,1.8,2.2,2.0,2.2,2.0,3.0,1.0,3.5,0.5,1.3333333333333333,3.0,0.2,0.2,0.0,12.240851576981052,11.982404859551654,4.089897574907331,10.84084795339368,1.9110438602179538,0.25844671742939856
pl-2023-2023-09-30-bournemouth-v-arsenal,2023-09-30,2023,Bournemouth,Arsenal,0,4,0,0.5,0.0,151.49081108484273,6,6,999,0,1.0,0,999,0,1.0,0,2,5,0.0,2.0,3.0,4.0,10.0,0.4,0.5,0.8333333333333334,1.8333333333333333,0.8,2.0,0.6666666666666666,0.3333333333333333,0.3333333333333333,1.0,1.3333333333333333,2.6666666666666665,0.16666666666666666,0.3333333333333333,-0.09999999999999998,12.081220016024211,12.143417810494649,4.031721464172599,10.888120077877847,1.9508268784785745,-0.06219779447043728,3.0,2.0,0.0,9.0,5.0,2.2,2.3333333333333335,1.8333333333333333,1.0,1.8,1.0,2.0,3.0,2.25,1.5,1.0,0.0,0.3333333333333333,0.0,-0.1333333333333333,12.240851576981052,11.982404859551654,4.089897574907331,10.84084795339368,1.9110438602179538,0.25844671742939856
pl-2023-2023-09-30-wolves-v-man-city,2023-09-30,2023,Wolves,Man City,2,1,2,0.16666666666666666,0.0,99.40729814153049,7,7,999,0,1.0,0,999,0,1.0,0,0,1,1.0,1.0,3.0,6.0,11.0,0.8,0.6666666666666666,1.0,2.0,1.2,2.2,0.0,1.0,1.0,3.5,1.0,1.25,0.16666666666666666,0.16666666666666666,0.13333333333333341,12.081220016024211,12.143417810494649,4.031721464172599,10.888120077877847,1.9508268784785745,-0.06219779447043728,5.0,0.0,0.0,13.0,3.0,3.0,3.0,2.6666666666666665,0.5,2.6,0.6,3.0,3.0,2.6666666666666665,0.3333333333333333,2.6666666666666665,0.6666666666666666,0.5,0.0,0.0,12.240851576981052,11.982404859551654,4.089897574907331,10.84084795339368,1.9110438602179538,0.25844671742939856
pl-2023-2023-09-30-everton-v-luton,2023-09-30,2023,Everton,Luton,1,2,0,0.25,0.0,242.8134194810069,7,7,999,0,1.0,0,999,0,1.0,0,3,0,1.0,1.0,3.0,5.0,9.0,0.8,0.6666666666666666,0.8333333333333334,1.6666666666666667,1.0,1.8,0.0,1.3333333333333333,0.0,1.0,1.6666666666666667,2.3333333333333335,0.0,0.6666666666666666,0.13333333333333341,12.081220016024211,12.143417810494649,4.031721464172599,10.888120077877847,1.9508268784785745,-0.06219779447043728,0.0,1.0,4.0,3.0,11.0,0.2,0.2,0.6,2.2,0.6,2.2,0.5,0.0,1.0,1.5,0.3333333333333333,2.6666666666666665,0.0,0.4,0.0,12.240851576981052,11.982404859551654,4.089897574907331,10.84084795339368,1.9110438602179538,0.25844671742939856
pl-2023-2023-09-30-west-ham-v-sheffield-united,2023-09-30,2023,West Ham,Sheffield United,2,0,2,0.75,0.0,227.1547124321802,6,6,999,0,1.0,0,999,0,1.0,0,0,0,3.0,0.0,2.0,10.0,9.0,1.8,1.6666666666666667,1.8333333333333333,1.6666666666666667,2.0,1.8,1.5,1.75,2.0,2.0,1.75,1.5,0.0,0.0,0.1333333333333333,12.081220016024211,12.143417810494649,4.031721464172599,10.888120077877847,1.9508268784785745,-0.06219779447043728,0.0,1.0,4.0,5.0,16.0,0.2,0.16666666666666666,0.8333333333333334,2.8333333333333335,1.0,3.2,0.25,0.0,0.75,3.25,1.0,2.0,0.0,0.3333333333333333,0.033333333333333354,12.240851576981052,11.982404859551654,4.089897574907331,10.84084795339368,1.9110438602179538,0.25844671742939856
pl-2023-2023-09-30-aston-villa-v-brighton,2023-09-30,2023,Aston Villa,Brighton,6,1,2,0.6428571428571429,0.0,221.37298033930915,6,6,999,0,1.0,0,999,0,1.0,0,1,1,4.0,0.0,1.0,11.0,5.0,2.4,2.0,2.0,1.6666666666666667,2.2,1.0,3.0,1.5,3.5,0.5,1.25,2.25,0.3333333333333333,0.16666666666666666,0.3999999999999999,12.081220016024211,12.143417810494649,4.031721464172599,10.888120077877847,1.9508268784785745,-0.06219779447043728,4.0,0.0,1.0,14.0,7.0,2.4,2.5,3.0,1.3333333333333333,2.8,1.4,2.25,3.0,2.75,1.5,3.5,1.0,0.0,0.0,-0.10000000000000009,12.240851576981052,11.982404859551654,4.089897574907331,10.84084795339368,1.9110438602179538,0.25844671742939856
pl-2023-2023-09-30-man-united-v-crystal-palace,2023-09-30,2023,Man United,Crystal Palace,0,1,0,0.4166666666666667,0.0,273.9644403116414,7,7,999,0,1.0,0,999,0,1.0,0,3,3,2.0,0.0,3.0,6.0,10.0,1.2,1.5,1.1666666666666667,1.6666666666666667,1.2,2.0,2.0,1.0,1.6666666666666667,1.6666666666666667,0.6666666666666666,1.6666666666666667,0.3333333333333333,0.16666666666666666,-0.30000000000000004,12.081220016024211,12.143417810494649,4.031721464172599,10.888120077877847,1.9508268784785745,-0.06219779447043728,1.0,2.0,2.0,5.0,7.0,1.0,1.3333333333333333,1.0,1.1666666666666667,1.0,1.4,1.3333333333333333,1.3333333333333333,1.0,1.0,1.0,1.3333333333333333,0.3333333333333333,0.3333333333333333,-0.33333333333333326,12.240851576981052,11.982404859551654,4.089897574907331,10.84084795339368,1.9110438602179538,0.25844671742939856
pl-2023-2023-09-30-newcastle-v-burnley,2023-09-30,2023,Newcastle,Burnley,2,0,2,1.0,0.0,137.77683025817242,6,7,999,0,1.0,0,999,0,1.0,0,3,0,2.0,0.0,3.0,11.0,6.0,1.2,1.5,2.6666666666666665,1.1666666666666667,2.2,1.2,2.0,1.0,2.3333333333333335,1.0,3.0,1.3333333333333333,0.3333333333333333,0.16666666666666666,-0.30000000000000004,12.081220016024211,12.143417810494649,4.031721464172599,10.888120077877847,1.9508268784785745,-0.06219779447043728,0.0,1.0,4.0,4.0,13.0,0.2,0.2,0.8,2.6,0.8,2.6,0.0,1.0,0.75,3.0,1.0,1.0,0.0,0.4,0.0,12.240851576981052,11.982404859551654,4.089897574907331,10.84084795339368,1.9110438602179538,0.25844671742939856
pl-2023-2023-09-30-tottenham-v-liverpool,2023-09-30,2023,Tottenham,Liverpool,2,1,2,0.25,0.0,282.40195504575104,6,6,999,0,1.0,0,999,0,1.0,0,1,3,4.0,1.0,0.0,13.0,5.0,2.6,2.3333333333333335,2.5,1.1666666666666667,2.6,1.0,3.0,2.0,2.0,0.5,2.75,1.5,0.3333333333333333,0.0,0.2666666666666666,12.081220016024211,12.143417810494649,4.031721464172599,10.888120077877847,1.9508268784785745,-0.06219779447043728,5.0,0.0,0.0,14.0,4.0,3.0,2.6666666666666665,2.5,0.8333333333333334,2.8,0.8,3.0,2.3333333333333335,3.0,0.6666666666666666,2.0,1.0,0.16666666666666666,0.0,0.3333333333333335,12.240851576981052,11.982404859551654,4.089897574907331,10.84084795339368,1.9110438602179538,0.25844671742939856
pl-2023-2023-10-01-nott-m-forest-v-brentford,2023-10-01,2023,Nott'm Forest,Brentford,1,1,1,0.5833333333333334,0.0,171.07109319906445,8,8,999,0,1.0,0,999,0,1.0,0,2,1,2.0,1.0,2.0,6.0,7.0,1.4,1.1666666666666667,1.1666666666666667,1.5,1.2,1.4,2.0,0.75,1.5,1.0,1.0,1.75,0.16666666666666666,0.16666666666666666,0.23333333333333317,12.081220016024211,12.143417810494649,4.031721464172599,10.888120077877847,1.9508268784785745,-0.06219779447043728,1.0,2.0,2.0,7.0,7.0,1.0,1.0,1.5,1.5,1.4,1.4,0.75,1.5,1.5,2.0,1.5,0.5,0.16666666666666666,0.16666666666666666,0.0,12.240851576981052,11.982404859551654,4.089897574907331,10.84084795339368,1.9110438602179538,0.25844671742939856
pl-2023-2023-10-02-fulham-v-chelsea,2023-10-02,2023,Fulham,Chelsea,0,2,0,0.2857142857142857,0.0,2.218613585674892,9,8,999,0,1.0,0,999,0,1.0,0,0,3,1.0,2.0,2.0,4.0,10.0,1.0,1.3333333333333333,0.8333333333333334,1.6666666666666667,0.8,2.0,1.5,1.25,0.5,1.5,1.0,1.75,0.5,0.3333333333333333,-0.33333333333333326,12.081220016024211,12.143417810494649,4.031721464172599,10.888120077877847,1.9508268784785745,-0.06219779447043728,1.0,1.0,3.0,4.0,5.0,0.8,0.8333333333333334,0.8333333333333334,1.0,0.8,1.0,1.0,0.5,1.0,0.75,0.5,1.5,0.3333333333333333,0.5,-0.033333333333333326,12.240851576981052,11.982404859551654,4.089897574907331,10.84084795339368,1.9110438602179538,0.25844671742939856
pl-2023-2023-10-03-luton-v-burnley,2023-10-03,2023,Luton,Burnley,1,2,0,0.25,0.0,243.58919556297192,3,3,999,0,1.0,0,999,0,1.0,0,0,0,1.0,1.0,3.0,4.0,8.0,0.8,0.6666666666666666,0.8333333333333334,2.0,0.8,1.6,0.5,0.75,1.0,1.5,0.75,2.25,0.0,0.3333333333333333,0.13333333333333341,12.081220016024211,12.143417810494649,4.031721464172599,10.888120077877847,1.9508268784785745,-0.06219779447043728,0.0,1.0,4.0,4.0,12.0,0.2,0.16666666666666666,0.6666666666666666,2.5,0.8,2.4,0.0,0.5,0.75,3.0,0.5,1.5,0.0,0.5,0.033333333333333354,12.240851576981052,11.982404859551654,4.089897574907331,10.84084795339368,1.9110438602179538,0.25844671742939856
pl-2023-2023-10-07-luton-v-tottenham,2023-10-07,2023,Luton,Tottenham,0,1,0,0.0,0.0,40.313907085795925,4,7,999,0,1.0,0,999,0,1.0,0,0,1,1.0,1.0,3.0,5.0,7.0,0.8,0.5714285714285714,0.8571428571428571,2.0,1.0,1.4,0.3333333333333333,0.75,1.0,1.6666666666666667,0.75,2.25,0.0,0.2857142857142857,0.22857142857142865,12.081220016024211,12.143417810494649,4.031721464172599,10.888120077877847,1.9508268784785745,-0.06219779447043728,4.0,1.0,0.0,13.0,6.0,2.6,2.4285714285714284,2.4285714285714284,1.1428571428571428,2.6,1.2,3.0,2.0,2.0,0.6666666666666666,2.75,1.5,0.2857142857142857,0.0,0.1714285714285717,12.240851576981052,11.982404859551654,4.089897574907331,10.84084795339368,1.9110438602179538,0.25844671742939856
pl-2023-2023-10-07-man-united-v-brentford,2023-10-07,2023,Man United,Brentford,2,1,2,0.5833333333333334,0.0,257.6448222780316,7,6,999,0,1.0,0,999,0,1.0,0,3,1,2.0,0.0,3.0,6.0,9.0,1.2,1.2857142857142858,1.0,1.5714285714285714,1.2,1.8,1.5,1.0,1.25,1.5,0.6666666666666666,1.6666666666666667,0.2857142857142857,0.2857142857142857,-0.08571428571428585,12.081220016024211,12.143417810494649,4.031721464172599,10.888120077877847,1.9508268784785745,-0.06219779447043728,0.0,3.0,2.0,5.0,8.0,0.6,1.0,1.4285714285714286,1.4285714285714286,1.0,1.6,0.75,1.3333333333333333,1.5,2.0,1.3333333333333333,0.6666666666666666,0.14285714285714285,0.14285714285714285,-0.4,12.240851576981052,11.982404859551654,4.089897574907331,10.84084795339368,1.9110438602179538,0.25844671742939856
pl-2023-2023-10-07-fulham-v-sheffield-united,2023-10-07,2023,Fulham,Sheffield United,3,1,2,0.75,0.0,227.11489511461366,5,7,999,0,1.0,0,999,0,1.0,0,0,0,1.0,2.0,2.0,4.0,9.0,1.0,1.1428571428571428,0.7142857142857143,1.7142857142857142,0.8,1.8,1.0,1.25,0.3333333333333333,1.6666666666666667,1.0,1.75,0.42857142857142855,0.42857142857142855,-0.1428571428571428,12.081220016024211,12.143417810494649,4.031721464172599,10.888120077877847,1.9508268784785745,-0.06219779447043728,0.0,1.0,4.0,4.0,16.0,0.2,0.14285714285714285,0.7142857142857143,2.7142857142857144,0.8,3.2,0.25,0.0,0.75,3.25,0.6666666666666666,2.0,0.0,0.42857142857142855,0.05714285714285716,12.240851576981052,11.982404859551654,4.089897574907331,10.84084795339368,1.9110438602179538,0.25844671742939856
pl-2023-2023-10-07-burnley-v-chelsea,2023-10-07,2023,Burnley,Chelsea,1,4,0,0.25,0.0,291.07004764467814,4,5,999,0,1.0,0,999,0,1.0,0,0,3,1.0,1.0,3.0,5.0,10.0,0.8,0.5714285714285714,0.8571428571428571,2.2857142857142856,1.0,2.0,0.0,1.3333333333333333,0.75,3.0,1.0,1.3333333333333333,0.0,0.42857142857142855,0.22857142857142865,12.081220016024211,12.143417810494649,4.031721464172599,10.888120077877847,1.9508268784785745,-0.06219779447043728,2.0,1.0,2.0,5.0,2.0,1.4,1.1428571428571428,1.0,0.8571428571428571,1.0,0.4,1.0,1.3333333333333333,1.0,0.75,1.0,1.0,0.42857142857142855,0.42857142857142855,0.2571428571428571,12.240851576981052,11.982404859551654,4.089897574907331,10.84084795339368,1.9110438602179538,0.25844671742939856
pl-2023-2023-10-07-everton-v-bournemouth,2023-10-07,2023,Everton,Bournemouth,3,0,2,0.35714285714285715,0.0,310.3809824859215,7,7,999,0,1.0,0,999,0,1.0,0,3,2,1.0,1.0,3.0,6.0,7.0,0.8,0.5714285714285714,0.8571428571428571,1.7142857142857142,1.2,1.4,0.0,1.3333333333333333,0.25,1.25,1.6666666666666667,2.3333333333333335,0.0,0.5714285714285714,0.22857142857142865,12.081220016024211,12.143417810494649,4.031721464172599,10.888120077877847,1.9508268784785745,-0.06219779447043728,0.0,2.0,3.0,3.0,11.0,0.4,0.42857142857142855,0.7142857142857143,2.142857142857143,0.6,2.2,0.5,0.3333333333333333,0.25,1.75,1.3333333333333333,2.6666666666666665,0.14285714285714285,0.42857142857142855,-0.028571428571428525,12.240851576981052,11.982404859551654,4.089897574907331,10.84084795339368,1.9110438602179538,0.25844671742939856
pl-2023-2023-10-07-crystal-palace-v-nott-m-forest,2023-10-07,2023,Crystal Palace,Nott'm Forest,0,0,1,0.4166666666666667,0.0,185.8364575508245,7,6,999,0,1.0,0,999,0,1.0,0,3,2,2.0,2.0,1.0,6.0,6.0,1.6,1.5714285714285714,1.0,1.0,1.2,1.2,1.3333333333333333,1.75,1.0,1.0,1.0,1.0,0.42857142857142855,0.2857142857142857,0.028571428571428692,12.081220016024211,12.143417810494649,4.031721464172599,10.888120077877847,1.9508268784785745,-0.06219779447043728,1.0,2.0,2.0,5.0,7.0,1.0,1.1428571428571428,1.1428571428571428,1.4285714285714286,1.0,1.4,1.6666666666666667,0.75,1.3333333333333333,1.0,1.0,1.75,0.14285714285714285,0.14285714285714285,-0.1428571428571428,12.240851576981052,11.982404859551654,4.089897574907331,10.84084795339368,1.9110438602179538,0.25844671742939856
pl-2023-2023-10-08-wolves-v-aston-villa,2023-10-08,2023,Wolves,Aston Villa,1,1,1,0.4166666666666667,0.0,18.85584349915966,8,8,999,0,1.0,0,999,0,1.0,0,0,1,2.0,1.0,2.0,7.0,8.0,1.4,1.0,1.1428571428571428,1.8571428571428572,1.4,1.6,1.0,1.0,1.3333333333333333,2.6666666666666665,1.0,1.25,0.14285714285714285,0.14285714285714285,0.3999999999999999,12.081220016024211,12.143417810494649,4.031721464172599,10.888120077877847,1.9508268784785745,-0.06219779447043728,4.0,0.0,1.0,13.0,6.0,2.4,2.142857142857143,2.5714285714285716,1.5714285714285714,2.6,1.2,3.0,1.5,4.333333333333333,0.6666666666666666,1.25,2.25,0.2857142857142857,0.14285714285714285,0.2571428571428571,12.240851576981052,11.982404859551654,4.089897574907331,10.84084795339368,1.9110438602179538,0.25844671742939856
pl-2023-2023-10-08-west-ham-v-newcastle,2023-10-08,2023,West Ham,Newcastle,2,2,1,0.4166666666666667,0.0,397.1243033528876,8,8,999,0,1.0,0,999,0,1.0,0,0,3,3.0,0.0,2.0,9.0,8.0,1.8,1.8571428571428572,1.8571428571428572,1.4285714285714286,1.8,1.6,2.0,1.75,2.0,1.3333333333333333,1.75,1.5,0.14285714285714285,0.0,-0.05714285714285716,12.081220016024211,12.143417810494649,4.031721464172599,10.888120077877847,1.9508268784785745,-0.06219779447043728,3.0,0.0,2.0,13.0,5.0,1.8,1.7142857142857142,2.5714285714285716,1.0,2.6,1.0,2.25,1.0,2.25,0.75,3.0,1.3333333333333333,0.42857142857142855,0.14285714285714285,0.08571428571428585,12.240851576981052,11.982404859551654,4.089897574907331,10.84084795339368,1.9110438602179538,0.25844671742939856
pl-2023-2023-10-08-brighton-v-liverpool,2023-10-08,2023,Brighton,Liverpool,2,2,1,0.4166666666666667,0.0,346.8724652187919,8,8,999,0,1.0,0,999,0,1.0,0,1,3,3.0,0.0,2.0,11.0,12.0,1.8,2.142857142857143,2.7142857142857144,2.0,2.2,2.4,2.25,2.0,2.75,1.5,2.6666666666666665,2.6666666666666665,0.0,0.0,-0.34285714285714275,12.081220016024211,12.143417810494649,4.031721464172599,10.888120077877847,1.9508268784785745,-0.06219779447043728,4.0,0.0,1.0,12.0,5.0,2.4,2.2857142857142856,2.2857142857142856,1.0,2.4,1.0,3.0,1.75,3.0,0.6666666666666666,1.75,1.25,0.14285714285714285,0.0,0.11428571428571432,12.240851576981052,11.982404859551654,4.089897574907331,10.84084795339368,1.9110438602179538,0.25844671742939856
pl-2023-2023-10-08-arsenal-v-man-city,2023-10-08,2023,Arsenal,Man City,1,0,2,0.5833333333333334,0.0,256.75988180011495,8,8,999,0,1.0,0,999,0,1.0,0,5,1,3.0,2.0,0.0,12.0,5.0,2.2,2.4285714285714284,2.142857142857143,0.8571428571428571,2.4,1.0,2.0,3.0,2.25,1.5,2.0,0.0,0.42857142857142855,0.0,-0.2285714285714282,12.081220016024211,12.143417810494649,4.031721464172599,10.888120077877847,1.9508268784785745,-0.06219779447043728,4.0,0.0,1.0,13.0,5.0,2.4,2.5714285714285716,2.4285714285714284,0.7142857142857143,2.6,1.0,3.0,2.25,2.6666666666666665,0.3333333333333333,2.25,1.0,0.42857142857142855,0.0,-0.1714285714285717,12.240851576981052,11.982404859551654,4.089897574907331,10.84084795339368,1.9110438602179538,0.25844671742939856
pl-2023-2023-10-21-liverpool-v-everton,2023-10-21,2023,Liverpool,Everton,2,0,2,0.75,0.0,0.8895594131562731,13,14,999,0,1.0,0,999,0,1.0,0,3,3,3.0,1.0,1.0,12.0,6.0,2.0,2.125,2.25,1.125,2.4,1.2,3.0,1.6,3.0,0.6666666666666666,1.8,1.4,0.125,0.0,-0.125,12.081220016024211,12.143417810494649,4.031721464172599,10.888120077877847,1.9508268784785745,-0.06219779447043728,2.0,1.0,2.0,9.0,6.0,1.4,0.875,1.125,1.5,1.8,1.2,0.6,1.3333333333333333,0.8,1.0,1.6666666666666667,2.3333333333333335,0.125,0.5,0.5249999999999999,12.240851576981052,11.982404859551654,4.089897574907331,10.84084795339368,1.9110438602179538,0.25844671742939856
pl-2023-2023-10-21-newcastle-v-crystal-palace,2023-10-21,2023,Newcastle,Crystal Palace,4,0,2,0.5833333333333334,0.0,410.5409888486364,13,14,999,0,1.0,0,999,0,1.0,0,3,3,3.0,1.0,1.0,14.0,5.0,2.0,1.625,2.5,1.125,2.8,1.0,2.25,1.0,2.25,0.75,2.75,1.5,0.375,0.125,0.375,12.081220016024211,12.143417810494649,4.031721464172599,10.888120077877847,1.9508268784785745,-0.06219779447043728,2.0,2.0,1.0,5.0,5.0,1.6,1.5,0.875,0.875,1.0,1.0,1.25,1.75,0.75,0.75,1.0,1.0,0.5,0.375,0.10000000000000009,12.240851576981052,11.982404859551654,4.089897574907331,10.84084795339368,1.9110438602179538,0.25844671742939856
pl-2023-2023-10-21-bournemouth-v-wolves,2023-10-21,2023,Bournemouth,Wolves,1,2,0,0.6666666666666666,0.0,207.24702296907705,14,13,999,0,1.0,0,999,0,1.0,0,2,0,0.0,2.0,3.0,3.0,12.0,0.4,0.375,0.625,2.25,0.6,2.4,0.5,0.25,0.25,1.75,1.0,2.75,0.125,0.5,0.025000000000000022,12.081220016024211,12.143417810494649,4.031721464172599,10.888120077877847,1.9508268784785745,-0.06219779447043728,1.0,2.0,2.0,7.0,9.0,1.0,1.0,1.125,1.75,1.4,1.8,1.0,1.0,1.25,2.25,1.0,1.25,0.125,0.125,0.0,12.240851576981052,11.982404859551654,4.089897574907331,10.84084795339368,1.9110438602179538,0.25844671742939856
pl-2023-2023-10-21-man-city-v-brighton,2023-10-21,2023,Man City,Brighton,2,1,2,0.5,0.0,325.3035443592153,13,13,999,0,1.0,0,999,0,1.0,0,1,1,3.0,0.0,2.0,11.0,5.0,1.8,2.25,2.125,0.75,2.2,1.0,3.0,1.8,2.6666666666666665,0.3333333333333333,1.8,1.0,0.375,0.125,-0.44999999999999996,12.081220016024211,12.143417810494649,4.031721464172599,10.888120077877847,1.9508268784785745,-0.06219779447043728,3.0,1.0,1.0,12.0,11.0,2.0,2.0,2.625,2.0,2.4,2.2,2.0,2.0,2.6,1.6,2.6666666666666665,2.6666666666666665,0.0,0.0,0.0,12.240851576981052,11.982404859551654,4.089897574907331,10.84084795339368,1.9110438602179538,0.25844671742939856
pl-2023-2023-10-21-brentford-v-burnley,2023-10-21,2023,Brentford,Burnley,3,0,2,0.75,0.0,286.98582757652116,14,14,999,0,1.0,0,999,0,1.0,0,1,0,0.0,2.0,3.0,5.0,9.0,0.4,0.875,1.375,1.5,1.0,1.8,0.75,1.0,1.5,2.0,1.25,1.0,0.125,0.125,-0.475,12.081220016024211,12.143417810494649,4.031721464172599,10.888120077877847,1.9508268784785745,-0.06219779447043728,1.0,1.0,3.0,4.0,9.0,0.8,0.5,0.875,2.5,0.8,1.8,0.0,1.3333333333333333,0.8,3.2,1.0,1.3333333333333333,0.0,0.375,0.30000000000000004,12.240851576981052,11.982404859551654,4.089897574907331,10.84084795339368,1.9110438602179538,0.25844671742939856
pl-2023-2023-10-21-nott-m-forest-v-luton,2023-10-21,2023,Nott'm Forest,Luton,2,2,1,0.5,0.0,126.5780233468561,14,14,999,0,1.0,0,999,0,1.0,0,2,0,1.0,3.0,1.0,3.0,4.0,1.2,1.125,1.0,1.25,0.6,0.8,1.6666666666666667,0.8,1.3333333333333333,1.0,0.8,1.4,0.25,0.25,0.07499999999999996,12.081220016024211,12.143417810494649,4.031721464172599,10.888120077877847,1.9508268784785745,-0.06219779447043728,1.0,1.0,3.0,4.0,6.0,0.8,0.5,0.75,1.875,0.8,1.2,0.25,0.75,0.75,1.5,0.75,2.25,0.0,0.375,0.30000000000000004,12.240851576981052,11.982404859551654,4.089897574907331,10.84084795339368,1.9110438602179538,0.25844671742939856
pl-2023-2023-10-21-chelsea-v-arsenal,2023-10-21,2023,Chelsea,Arsenal,2,2,1,0.21428571428571427,0.0,10.204802525519494,14,13,999,0,1.0,0,999,0,1.0,0,3,5,2.0,1.0,2.0,6.0,3.0,1.4,1.375,1.375,0.875,1.2,0.6,1.0,1.75,1.0,0.75,1.75,1.0,0.375,0.375,0.02499999999999991,12.081220016024211,12.143417810494649,4.031721464172599,10.888120077877847,1.9508268784785745,-0.06219779447043728,4.0,1.0,0.0,11.0,3.0,2.6,2.5,2.0,0.75,2.2,0.6,2.2,3.0,2.0,1.2,2.0,0.0,0.5,0.0,0.10000000000000009,12.240851576981052,11.982404859551654,4.089897574907331,10.84084795339368,1.9110438602179538,0.25844671742939856
pl-2023-2023-10-21-sheffield-united-v-man-united,2023-10-21,2023,Sheffield United,Man United,1,2,0,0.0,0.0,55.31745731485291,14,14,999,0,1.0,0,999,0,1.0,0,0,3,0.0,1.0,4.0,4.0,17.0,0.2,0.125,0.75,2.75,0.8,3.4,0.25,0.0,0.75,3.25,0.75,2.25,0.0,0.375,0.07500000000000001,12.081220016024211,12.143417810494649,4.031721464172599,10.888120077877847,1.9508268784785745,-0.06219779447043728,2.0,0.0,3.0,5.0,8.0,1.2,1.5,1.125,1.5,1.0,1.6,1.8,1.0,1.4,1.4,0.6666666666666666,1.6666666666666667,0.25,0.25,-0.30000000000000004,12.240851576981052,11.982404859551654,4.089897574907331,10.84084795339368,1.9110438602179538,0.25844671742939856
pl-2023-2023-10-22-aston-villa-v-west-ham,2023-10-22,2023,Aston Villa,West Ham,4,1,2,0.8333333333333334,0.0,168.96256636743763,14,14,999,0,1.0,0,999,0,1.0,0,1,0,3.0,1.0,1.0,11.0,6.0,2.0,2.0,2.375,1.5,2.2,1.2,3.0,1.4,4.333333333333333,0.6666666666666666,1.2,2.0,0.25,0.125,0.0,12.081220016024211,12.143417810494649,4.031721464172599,10.888120077877847,1.9508268784785745,-0.06219779447043728,2.0,1.0,2.0,8.0,9.0,1.4,1.75,1.875,1.5,1.6,1.8,1.75,1.75,2.0,1.5,1.75,1.5,0.125,0.0,-0.3500000000000001,12.240851576981052,11.982404859551654,4.089897574907331,10.84084795339368,1.9110438602179538,0.25844671742939856
pl-2023-2023-10-23-tottenham-v-fulham,2023-10-23,2023,Tottenham,Fulham,2,0,2,0.25,0.0,17.90725628813951,16,16,999,0,1.0,0,999,0,1.0,0,1,0,4.0,1.0,0.0,12.0,6.0,2.6,2.5,2.25,1.0,2.4,1.2,3.0,2.2,2.0,0.6666666666666666,2.4,1.2,0.375,0.0,0.10000000000000009,12.081220016024211,12.143417810494649,4.031721464172599,10.888120077877847,1.9508268784785745,-0.06219779447043728,2.0,1.0,2.0,5.0,8.0,1.4,1.375,1.0,1.625,1.0,1.6,1.5,1.25,1.0,1.5,1.0,1.75,0.375,0.375,0.02499999999999991,12.240851576981052,11.982404859551654,4.089897574907331,10.84084795339368,1.9110438602179538,0.25844671742939856
pl-2023-2023-10-27-crystal-palace-v-tottenham,2023-10-27,2023,Crystal Palace,Tottenham,1,2,0,0.5,0.0,22.94795034785152,6,4,999,0,1.0,0,999,0,1.0,0,3,1,1.0,2.0,2.0,2.0,7.0,1.0,1.3333333333333333,0.7777777777777778,1.2222222222222223,0.4,1.4,1.25,1.4,0.75,0.75,0.8,1.6,0.4444444444444444,0.4444444444444444,-0.33333333333333326,12.081220016024211,12.143417810494649,4.031721464172599,10.888120077877847,1.9508268784785745,-0.06219779447043728,4.0,1.0,0.0,9.0,4.0,2.6,2.5555555555555554,2.2222222222222223,0.8888888888888888,1.8,0.8,3.0,2.2,2.0,0.5,2.4,1.2,0.4444444444444444,0.0,0.04444444444444473,12.240851576981052,11.982404859551654,4.089897574907331,10.84084795339368,1.9110438602179538,0.25844671742939856
pl-2023-2023-10-28-chelsea-v-brentford,2023-10-28,2023,Chelsea,Brentford,0,2,0,0.5,0.0,7.133128631501841,7,7,999,0,1.0,0,999,0,1.0,0,3,1,2.0,2.0,1.0,8.0,4.0,1.6,1.3333333333333333,1.4444444444444444,1.0,1.6,0.8,1.0,1.75,1.2,1.0,1.75,1.0,0.3333333333333333,0.3333333333333333,0.26666666666666683,12.081220016024211,12.143417810494649,4.031721464172599,10.888120077877847,1.9508268784785745,-0.06219779447043728,1.0,1.0,3.0,6.0,7.0,0.8,1.1111111111111112,1.5555555555555556,1.3333333333333333,1.2,1.4,1.2,1.0,1.8,1.6,1.25,1.0,0.2222222222222222,0.1111111111111111,-0.3111111111111111,12.240851576981052,11.982404859551654,4.089897574907331,10.84084795339368,1.9110438602179538,0.25844671742939856
pl-2023-2023-10-28-bournemouth-v-burnley,2023-10-28,2023,Bournemouth,Burnley,2,1,2,0.75,0.0,340.63413977449386,7,7,999,0,1.0,0,999,0,1.0,0,2,0,0.0,1.0,4.0,2.0,12.0,0.2,0.3333333333333333,0.6666666666666666,2.2222222222222223,0.4,2.4,0.4,0.25,0.4,1.8,1.0,2.75,0.1111111111111111,0.4444444444444444,-0.1333333333333333,12.081220016024211,12.143417810494649,4.031721464172599,10.888120077877847,1.9508268784785745,-0.06219779447043728,1.0,0.0,4.0,3.0,11.0,0.6,0.4444444444444444,0.7777777777777778,2.5555555555555554,0.6,2.2,0.0,1.0,0.8,3.2,0.75,1.75,0.0,0.4444444444444444,0.15555555555555556,12.240851576981052,11.982404859551654,4.089897574907331,10.84084795339368,1.9110438602179538,0.25844671742939856
pl-2023-2023-10-28-arsenal-v-sheffield-united,2023-10-28,2023,Arsenal,Sheffield United,5,0,2,1.0,0.0,221.784060633912,7,7,999,0,1.0,0,999,0,1.0,0,5,0,3.0,2.0,0.0,10.0,4.0,2.2,2.3333333333333335,2.0,0.8888888888888888,2.0,0.8,2.2,2.5,2.0,1.2,2.0,0.5,0.4444444444444444,0.0,-0.1333333333333333,12.081220016024211,12.143417810494649,4.031721464172599,10.888120077877847,1.9508268784785745,-0.06219779447043728,0.0,0.0,5.0,3.0,17.0,0.0,0.1111111111111111,0.7777777777777778,2.6666666666666665,0.6,3.4,0.2,0.0,0.8,3.0,0.75,2.25,0.0,0.3333333333333333,-0.1111111111111111,12.240851576981052,11.982404859551654,4.089897574907331,10.84084795339368,1.9110438602179538,0.25844671742939856
pl-2023-2023-10-28-wolves-v-newcastle,2023-10-28,2023,Wolves,Newcastle,2,2,1,0.16666666666666666,0.0,267.35588733290405,7,7,999,0,1.0,0,999,0,1.0,0,0,3,2.0,2.0,1.0,7.0,7.0,1.6,1.2222222222222223,1.2222222222222223,1.6666666666666667,1.4,1.4,1.0,1.4,1.25,2.25,1.2,1.2,0.1111111111111111,0.1111111111111111,0.37777777777777777,12.081220016024211,12.143417810494649,4.031721464172599,10.888120077877847,1.9508268784785745,-0.06219779447043728,4.0,1.0,0.0,17.0,2.0,2.6,1.7777777777777777,2.6666666666666665,1.0,3.4,0.4,2.4,1.0,2.6,0.6,2.75,1.5,0.4444444444444444,0.1111111111111111,0.8222222222222224,12.240851576981052,11.982404859551654,4.089897574907331,10.84084795339368,1.9110438602179538,0.25844671742939856
pl-2023-2023-10-29-west-ham-v-everton,2023-10-29,2023,West Ham,Everton,0,1,0,0.5833333333333334,0.0,292.1857178284632,7,8,999,0,1.0,0,999,0,1.0,0,0,3,1.0,1.0,3.0,7.0,12.0,0.8,1.5555555555555556,1.7777777777777777,1.7777777777777777,1.4,2.4,1.75,1.4,2.0,1.5,1.6,2.0,0.1111111111111111,0.0,-0.7555555555555555,12.081220016024211,12.143417810494649,4.031721464172599,10.888120077877847,1.9508268784785745,-0.06219779447043728,2.0,0.0,3.0,7.0,6.0,1.2,0.7777777777777778,1.0,1.5555555555555556,1.4,1.2,0.6,1.0,0.8,1.0,1.25,2.25,0.1111111111111111,0.5555555555555556,0.42222222222222217,12.240851576981052,11.982404859551654,4.089897574907331,10.84084795339368,1.9110438602179538,0.25844671742939856
pl-2023-2023-10-29-liverpool-v-nott-m-forest,2023-10-29,2023,Liverpool,Nott'm Forest,3,0,2,0.5714285714285714,0.0,133.53355666955304,8,8,999,0,1.0,0,999,0,1.0,0,3,2,3.0,1.0,1.0,11.0,6.0,2.0,2.2222222222222223,2.2222222222222223,1.0,2.2,1.2,3.0,1.6,2.75,0.5,1.8,1.4,0.2222222222222222,0.0,-0.22222222222222232,12.081220016024211,12.143417810494649,4.031721464172599,10.888120077877847,1.9508268784785745,-0.06219779447043728,0.0,4.0,1.0,4.0,6.0,0.8,1.1111111111111112,1.1111111111111112,1.3333333333333333,0.8,1.2,1.5,0.8,1.5,1.25,0.8,1.4,0.2222222222222222,0.2222222222222222,-0.3111111111111111,12.240851576981052,11.982404859551654,4.089897574907331,10.84084795339368,1.9110438602179538,0.25844671742939856
pl-2023-2023-10-29-brighton-v-fulham,2023-10-29,2023,Brighton,Fulham,1,1,1,0.3333333333333333,0.0,68.94832156381648,8,6,999,0,1.0,0,999,0,1.0,0,1,0,2.0,1.0,2.0,10.0,12.0,1.4,1.7777777777777777,2.4444444444444446,2.0,2.0,2.4,2.0,1.5,2.6,1.6,2.25,2.5,0.0,0.0,-0.37777777777777777,12.081220016024211,12.143417810494649,4.031721464172599,10.888120077877847,1.9508268784785745,-0.06219779447043728,2.0,1.0,2.0,4.0,5.0,1.4,1.2222222222222223,0.8888888888888888,1.6666666666666667,0.8,1.0,1.5,1.0,1.0,1.5,0.8,1.8,0.3333333333333333,0.4444444444444444,0.1777777777777776,12.240851576981052,11.982404859551654,4.089897574907331,10.84084795339368,1.9110438602179538,0.25844671742939856
pl-2023-2023-10-29-aston-villa-v-luton,2023-10-29,2023,Aston Villa,Luton,3,1,2,1.0,0.0,120.69313203047078,7,8,999,0,1.0,0,999,0,1.0,0,1,0,4.0,1.0,0.0,15.0,4.0,2.6,2.111111111111111,2.5555555555555554,1.4444444444444444,3.0,0.8,3.0,1.4,4.25,0.75,1.2,2.0,0.2222222222222222,0.1111111111111111,0.48888888888888893,12.081220016024211,12.143417810494649,4.031721464172599,10.888120077877847,1.9508268784785745,-0.06219779447043728,1.0,2.0,2.0,6.0,7.0,1.0,0.5555555555555556,0.8888888888888888,1.8888888888888888,1.2,1.4,0.25,0.8,0.75,1.5,1.0,2.2,0.0,0.3333333333333333,0.4444444444444444,12.240851576981052,11.982404859551654,4.089897574907331,10.84084795339368,1.9110438602179538,0.25844671742939856
pl-2023-2023-10-29-man-united-v-man-city,2023-10-29,2023,Man United,Man City,0,3,0,0.35714285714285715,0.0,6.42016311743397,8,8,999,0,1.0,0,999,0,1.0,0,3,1,3.0,0.0,2.0,6.0,6.0,1.8,1.6666666666666667,1.2222222222222223,1.4444444444444444,1.2,1.2,1.8,1.5,1.4,1.4,1.0,1.5,0.2222222222222222,0.2222222222222222,0.1333333333333333,12.081220016024211,12.143417810494649,4.031721464172599,10.888120077877847,1.9508268784785745,-0.06219779447043728,3.0,0.0,2.0,8.0,5.0,1.8,2.3333333333333335,2.111111111111111,0.7777777777777778,1.6,1.0,3.0,1.8,2.5,0.5,1.8,1.0,0.3333333333333333,0.1111111111111111,-0.5333333333333334,12.240851576981052,11.982404859551654,4.089897574907331,10.84084795339368,1.9110438602179538,0.25844671742939856
pl-2023-2023-11-04-everton-v-brighton,2023-11-04,2023,Everton,Brighton,1,1,1,0.5833333333333334,0.0,347.5953438923898,6,6,999,0,1.0,0,999,0,1.0,0,3,1,3.0,0.0,2.0,8.0,5.0,1.8,1.0,1.0,1.4,1.6,1.0,0.6,1.4,0.8,1.0,1.2,1.8,0.2,0.5,0.8,12.081220016024211,12.143417810494649,4.031721464172599,10.888120077877847,1.9508268784785745,-0.06219779447043728,1.0,2.0,2.0,8.0,12.0,1.0,1.7,2.3,1.9,1.6,2.4,1.8333333333333333,1.5,2.3333333333333335,1.5,2.25,2.5,0.0,0.0,-0.7,12.240851576981052,11.982404859551654,4.089897574907331,10.84084795339368,1.9110438602179538,0.25844671742939856
pl-2023-2023-11-04-burnley-v-crystal-palace,2023-11-04,2023,Burnley,Crystal Palace,0,2,0,0.25,0.0,302.71807544640615,7,8,999,0,1.0,0,999,0,1.0,0,0,3,1.0,0.0,4.0,4.0,12.0,0.6,0.4,0.8,2.5,0.8,2.4,0.0,0.8,0.8,3.2,0.8,1.8,0.0,0.4,0.19999999999999996,12.081220016024211,12.143417810494649,4.031721464172599,10.888120077877847,1.9508268784785745,-0.06219779447043728,1.0,2.0,2.0,2.0,6.0,1.0,1.2,0.8,1.3,0.4,1.2,1.0,1.4,0.8,1.0,0.8,1.6,0.4,0.4,-0.19999999999999996,12.240851576981052,11.982404859551654,4.089897574907331,10.84084795339368,1.9110438602179538,0.25844671742939856
pl-2023-2023-11-04-sheffield-united-v-wolves,2023-11-04,2023,Sheffield United,Wolves,2,1,2,0.5,0.0,97.30781287214026,7,7,999,0,1.0,0,999,0,1.0,0,0,0,0.0,0.0,5.0,2.0,20.0,0.0,0.1,0.7,2.9,0.4,4.0,0.2,0.0,0.8,3.0,0.6,2.8,0.0,0.4,-0.1,12.081220016024211,12.143417810494649,4.031721464172599,10.888120077877847,1.9508268784785745,-0.06219779447043728,2.0,3.0,0.0,8.0,6.0,1.8,1.2,1.3,1.7,1.6,1.2,1.0,1.4,1.4,2.2,1.2,1.2,0.1,0.1,0.6000000000000001,12.240851576981052,11.982404859551654,4.089897574907331,10.84084795339368,1.9110438602179538,0.25844671742939856
pl-2023-2023-11-04-man-city-v-bournemouth,2023-11-04,2023,Man City,Bournemouth,6,1,2,0.7857142857142857,0.0,306.5609339714869,6,7,999,0,1.0,0,999,0,1.0,0,1,2,3.0,0.0,2.0,8.0,4.0,1.8,2.4,2.2,0.7,1.6,0.8,3.0,2.0,2.5,0.5,2.0,0.8333333333333334,0.4,0.1,-0.5999999999999999,12.081220016024211,12.143417810494649,4.031721464172599,10.888120077877847,1.9508268784785745,-0.06219779447043728,1.0,0.0,4.0,4.0,13.0,0.6,0.6,0.8,2.1,0.8,2.6,0.8333333333333334,0.25,0.6666666666666666,1.6666666666666667,1.0,2.75,0.1,0.4,0.0,12.240851576981052,11.982404859551654,4.089897574907331,10.84084795339368,1.9110438602179538,0.25844671742939856
pl-2023-2023-11-04-brentford-v-west-ham,2023-11-04,2023,Brentford,West Ham,3,2,2,0.75,0.0,22.038150596322613,7,6,999,0,1.0,0,999,0,1.0,0,1,0,2.0,1.0,2.0,8.0,6.0,1.4,1.3,1.6,1.2,1.6,1.2,1.2,1.4,1.8,1.6,1.4,0.8,0.3,0.1,0.09999999999999987,12.081220016024211,12.143417810494649,4.031721464172599,10.888120077877847,1.9508268784785745,-0.06219779447043728,1.0,1.0,3.0,6.0,10.0,0.8,1.4,1.6,1.7,1.2,2.0,1.4,1.4,1.6,1.4,1.6,2.0,0.1,0.1,-0.5999999999999999,12.240851576981052,11.982404859551654,4.089897574907331,10.84084795339368,1.9110438602179538,0.25844671742939856
pl-2023-2023-11-04-fulham-v-man-united,2023-11-04,2023,Fulham,Man United,0,1,0,0.2857142857142857,0.0,261.7512375105811,6,6,999,0,1.0,0,999,0,1.0,0,0,3,1.0,2.0,2.0,4.0,6.0,1.0,1.2,0.9,1.6,0.8,1.2,1.5,1.0,1.0,1.5,0.8333333333333334,1.6666666666666667,0.3,0.4,-0.19999999999999996,12.081220016024211,12.143417810494649,4.031721464172599,10.888120077877847,1.9508268784785745,-0.06219779447043728,3.0,0.0,2.0,5.0,6.0,1.8,1.5,1.1,1.6,1.0,1.2,1.5,1.5,1.1666666666666667,1.6666666666666667,1.0,1.5,0.2,0.3,0.30000000000000004,12.240851576981052,11.982404859551654,4.089897574907331,10.84084795339368,1.9110438602179538,0.25844671742939856
pl-2023-2023-11-04-newcastle-v-arsenal,2023-11-04,2023,Newcastle,Arsenal,1,0,2,0.3333333333333333,0.0,393.0491582554326,7,7,999,0,1.0,0,999,0,1.0,0,3,5,3.0,2.0,0.0,18.0,4.0,2.2,1.7,2.6,1.1,3.6,0.8,2.4,1.0,2.6,0.6,2.6,1.6,0.4,0.1,0.5000000000000002,12.081220016024211,12.143417810494649,4.031721464172599,10.888120077877847,1.9508268784785745,-0.06219779447043728,3.0,2.0,0.0,14.0,4.0,2.2,2.4,2.3,0.8,2.8,0.8,2.3333333333333335,2.5,2.5,1.0,2.0,0.5,0.5,0.0,-0.19999999999999973,12.240851576981052,11.982404859551654,4.089897574907331,10.84084795339368,1.9110438602179538,0.25844671742939856
pl-2023-2023-11-05-nott-m-forest-v-aston-villa,2023-11-05,2023,Nott'm Forest,Aston Villa,2,0,2,0.5,0.0,69.52881835662885,7,7,999,0,1.0,0,999,0,1.0,0,2,1,0.0,3.0,2.0,3.0,8.0,0.6,1.0,1.0,1.5,0.6,1.6,1.5,0.6666666666666666,1.5,1.25,0.6666666666666666,1.6666666666666667,0.2,0.3,-0.4,12.081220016024211,12.143417810494649,4.031721464172599,10.888120077877847,1.9508268784785745,-0.06219779447043728,4.0,1.0,0.0,15.0,4.0,2.6,2.2,2.6,1.4,3.0,0.8,3.0,1.4,4.0,0.8,1.2,2.0,0.2,0.1,0.3999999999999999,12.240851576981052,11.982404859551654,4.089897574907331,10.84084795339368,1.9110438602179538,0.25844671742939856
pl-2023-2023-11-05-luton-v-liverpool,2023-11-05,2023,Luton,Liverpool,1,1,1,0.25,0.0,242.19241081381173,7,7,999,0,1.0,0,999,0,1.0,0,0,3,1.0,1.0,3.0,6.0,9.0,0.8,0.5,0.9,2.0,1.2,1.8,0.25,0.6666666666666666,0.75,1.5,1.0,2.3333333333333335,0.0,0.3,0.30000000000000004,12.081220016024211,12.143417810494649,4.031721464172599,10.888120077877847,1.9508268784785745,-0.06219779447043728,3.0,1.0,1.0,11.0,5.0,2.0,2.3,2.3,0.9,2.2,1.0,3.0,1.6,2.8,0.4,1.8,1.4,0.3,0.0,-0.2999999999999998,12.240851576981052,11.982404859551654,4.089897574907331,10.84084795339368,1.9110438602179538,0.25844671742939856
pl-2023-2023-11-06-tottenham-v-chelsea,2023-11-06,2023,Tottenham,Chelsea,1,4,0,0.0,0.0,16.085886910693997,10,9,999,0,1.0,0,999,0,1.0,0,1,3,4.0,1.0,0.0,9.0,4.0,2.6,2.6,2.2,0.9,1.8,0.8,3.0,2.3333333333333335,2.0,0.5,2.3333333333333335,1.1666666666666667,0.4,0.0,0.0,12.081220016024211,12.143417810494649,4.031721464172599,10.888120077877847,1.9508268784785745,-0.06219779447043728,2.0,1.0,2.0,8.0,6.0,1.4,1.2,1.3,1.1,1.6,1.2,0.8333333333333334,1.75,1.0,1.1666666666666667,1.75,1.0,0.3,0.4,0.19999999999999996,12.240851576981052,11.982404859551654,4.089897574907331,10.84084795339368,1.9110438602179538,0.25844671742939856
pl-2023-2023-11-11-crystal-palace-v-everton,2023-11-11,2023,Crystal Palace,Everton,2,3,0,0.14285714285714285,0.0,299.37095119674154,7,7,999,0,1.0,0,999,0,1.0,0,3,3,2.0,1.0,2.0,4.0,6.0,1.4,1.3636363636363635,0.9090909090909091,1.1818181818181819,0.8,1.2,1.0,1.6666666666666667,0.8,1.0,1.0,1.3333333333333333,0.45454545454545453,0.36363636363636365,0.036363636363636376,12.081220016024211,12.143417810494649,4.031721464172599,10.888120077877847,1.9508268784785745,-0.06219779447043728,2.0,1.0,2.0,6.0,5.0,1.4,1.0,1.0,1.3636363636363635,1.2,1.0,0.6666666666666666,1.4,0.8333333333333334,1.0,1.2,1.8,0.18181818181818182,0.45454545454545453,0.3999999999999999,12.240851576981052,11.982404859551654,4.089897574907331,10.84084795339368,1.9110438602179538,0.25844671742939856
pl-2023-2023-11-11-bournemouth-v-newcastle,2023-11-11,2023,Bournemouth,Newcastle,2,0,2,0.7142857142857143,0.0,471.70564071559664,7,7,999,0,1.0,0,999,0,1.0,0,2,3,1.0,0.0,4.0,4.0,16.0,0.6,0.5454545454545454,0.8181818181818182,2.4545454545454546,0.8,3.2,0.8333333333333334,0.2,0.6666666666666666,1.6666666666666667,1.0,3.4,0.09090909090909091,0.36363636363636365,0.054545454545454564,12.081220016024211,12.143417810494649,4.031721464172599,10.888120077877847,1.9508268784785745,-0.06219779447043728,3.0,2.0,0.0,11.0,4.0,2.2,1.8181818181818181,2.4545454545454546,1.0,2.2,0.8,2.5,1.0,2.3333333333333335,0.5,2.6,1.6,0.45454545454545453,0.09090909090909091,0.38181818181818206,12.240851576981052,11.982404859551654,4.089897574907331,10.84084795339368,1.9110438602179538,0.25844671742939856
pl-2023-2023-11-11-man-united-v-luton,2023-11-11,2023,Man United,Luton,1,0,2,1.0,0.0,215.46142581814044,7,6,999,0,1.0,0,999,0,1.0,0,3,0,3.0,0.0,2.0,5.0,6.0,1.8,1.6363636363636365,1.0909090909090908,1.4545454545454546,1.0,1.2,1.5,1.8,1.1666666666666667,1.6666666666666667,1.0,1.2,0.2727272727272727,0.2727272727272727,0.16363636363636358,12.081220016024211,12.143417810494649,4.031721464172599,10.888120077877847,1.9508268784785745,-0.06219779447043728,0.0,2.0,3.0,5.0,9.0,0.4,0.5454545454545454,0.9090909090909091,1.9090909090909092,1.0,1.8,0.4,0.6666666666666666,0.8,1.4,1.0,2.3333333333333335,0.0,0.2727272727272727,-0.1454545454545454,12.240851576981052,11.982404859551654,4.089897574907331,10.84084795339368,1.9110438602179538,0.25844671742939856
pl-2023-2023-11-11-arsenal-v-burnley,2023-11-11,2023,Arsenal,Burnley,3,1,2,1.0,0.0,286.51068092296873,7,7,999,0,1.0,0,999,0,1.0,0,5,0,3.0,1.0,1.0,12.0,3.0,2.0,2.1818181818181817,2.090909090909091,0.8181818181818182,2.4,0.6,2.3333333333333335,2.0,2.5,1.0,1.6,0.6,0.45454545454545453,0.09090909090909091,-0.18181818181818166,12.081220016024211,12.143417810494649,4.031721464172599,10.888120077877847,1.9508268784785745,-0.06219779447043728,1.0,0.0,4.0,4.0,12.0,0.6,0.36363636363636365,0.7272727272727273,2.4545454545454546,0.8,2.4,0.0,0.8,0.6666666666666666,3.0,0.8,1.8,0.0,0.45454545454545453,0.23636363636363633,12.240851576981052,11.982404859551654,4.089897574907331,10.84084795339368,1.9110438602179538,0.25844671742939856
pl-2023-2023-11-11-wolves-v-tottenham,2023-11-11,2023,Wolves,Tottenham,2,1,2,0.6666666666666666,0.0,178.59163356679554,7,5,999,0,1.0,0,999,0,1.0,0,0,1,2.0,2.0,1.0,8.0,7.0,1.6,1.0909090909090908,1.2727272727272727,1.7272727272727273,1.6,1.4,1.0,1.1666666666666667,1.4,2.2,1.1666666666666667,1.3333333333333333,0.09090909090909091,0.09090909090909091,0.5090909090909093,12.081220016024211,12.143417810494649,4.031721464172599,10.888120077877847,1.9508268784785745,-0.06219779447043728,4.0,0.0,1.0,8.0,6.0,2.4,2.3636363636363638,2.090909090909091,1.1818181818181819,1.6,1.2,2.4,2.3333333333333335,1.8,1.2,2.3333333333333335,1.1666666666666667,0.36363636363636365,0.0,0.036363636363636154,12.240851576981052,11.982404859551654,4.089897574907331,10.84084795339368,1.9110438602179538,0.25844671742939856
pl-2023-2023-11-12-liverpool-v-brentford,2023-11-12,2023,Liverpool,Brentford,3,0,2,0.75,0.0,281.61742744390625,7,8,999,0,1.0,0,999,0,1.0,0,3,1,2.0,2.0,1.0,9.0,5.0,1.6,2.1818181818181817,2.1818181818181817,0.9090909090909091,1.8,1.0,3.0,1.5,2.8,0.4,1.6666666666666667,1.3333333333333333,0.2727272727272727,0.0,-0.5818181818181816,12.081220016024211,12.143417810494649,4.031721464172599,10.888120077877847,1.9508268784785745,-0.06219779447043728,3.0,1.0,1.0,10.0,5.0,2.0,1.4545454545454546,1.7272727272727273,1.2727272727272727,2.0,1.0,1.5,1.4,2.0,1.6666666666666667,1.4,0.8,0.2727272727272727,0.09090909090909091,0.5454545454545454,12.240851576981052,11.982404859551654,4.089897574907331,10.84084795339368,1.9110438602179538,0.25844671742939856
pl-2023-2023-11-12-west-ham-v-nott-m-forest,2023-11-12,2023,West Ham,Nott'm Forest,3,2,2,0.3333333333333333,0.0,174.4432978486183,8,7,999,0,1.0,0,999,0,1.0,0,0,2,1.0,1.0,3.0,7.0,10.0,0.8,1.2727272727272727,1.6363636363636365,1.8181818181818181,1.4,2.0,1.4,1.1666666666666667,1.6,1.4,1.6666666666666667,2.1666666666666665,0.09090909090909091,0.09090909090909091,-0.47272727272727266,12.081220016024211,12.143417810494649,4.031721464172599,10.888120077877847,1.9508268784785745,-0.06219779447043728,1.0,3.0,1.0,5.0,6.0,1.2,1.1818181818181819,1.0909090909090908,1.3636363636363635,1.0,1.2,1.8,0.6666666666666666,1.6,1.0,0.6666666666666666,1.6666666666666667,0.2727272727272727,0.2727272727272727,0.018181818181818077,12.240851576981052,11.982404859551654,4.089897574907331,10.84084795339368,1.9110438602179538,0.25844671742939856
pl-2023-2023-11-12-brighton-v-sheffield-united,2023-11-12,2023,Brighton,Sheffield United,1,1,1,0.75,0.0,294.63165141020187,8,8,999,0,1.0,0,999,0,1.0,0,1,0,0.0,3.0,2.0,6.0,12.0,0.6,1.6363636363636365,2.1818181818181817,1.8181818181818181,1.2,2.4,1.8333333333333333,1.4,2.3333333333333335,1.5,2.0,2.2,0.0,0.0,-1.0363636363636366,12.081220016024211,12.143417810494649,4.031721464172599,10.888120077877847,1.9508268784785745,-0.06219779447043728,1.0,0.0,4.0,4.0,13.0,0.6,0.36363636363636365,0.8181818181818182,2.727272727272727,0.8,2.6,0.6666666666666666,0.0,1.0,2.6666666666666665,0.6,2.8,0.0,0.36363636363636365,0.23636363636363633,12.240851576981052,11.982404859551654,4.089897574907331,10.84084795339368,1.9110438602179538,0.25844671742939856
pl-2023-2023-11-12-aston-villa-v-fulham,2023-11-12,2023,Aston Villa,Fulham,3,1,2,0.8333333333333334,0.0,161.8578264509525,7,8,999,0,1.0,0,999,0,1.0,0,1,0,3.0,1.0,1.0,14.0,6.0,2.0,2.0,2.3636363636363638,1.4545454545454546,2.8,1.2,3.0,1.1666666666666667,4.0,0.8,1.0,2.0,0.18181818181818182,0.18181818181818182,0.0,12.081220016024211,12.143417810494649,4.031721464172599,10.888120077877847,1.9508268784785745,-0.06219779447043728,1.0,1.0,3.0,4.0,7.0,0.8,1.0909090909090908,0.8181818181818182,1.5454545454545454,0.8,1.4,1.2,1.0,0.8,1.4,0.8333333333333334,1.6666666666666667,0.2727272727272727,0.45454545454545453,-0.2909090909090908,12.240851576981052,11.982404859551654,4.089897574907331,10.84084795339368,1.9110438602179538,0.25844671742939856
pl-2023-2023-11-12-chelsea-v-man-city,2023-11-12,2023,Chelsea,Man City,4,4,1,0.25,0.0,260.77289712751275,6,8,999,0,1.0,0,999,0,1.0,0,3,1,3.0,1.0,1.0,12.0,6.0,2.0,1.3636363636363635,1.5454545454545454,1.0909090909090908,2.4,1.2,0.8333333333333334,2.0,1.0,1.1666666666666667,2.2,1.0,0.2727272727272727,0.36363636363636365,0.6363636363636365,12.081220016024211,12.143417810494649,4.031721464172599,10.888120077877847,1.9508268784785745,-0.06219779447043728,3.0,0.0,2.0,12.0,5.0,1.8,2.4545454545454546,2.5454545454545454,0.7272727272727273,2.4,1.0,3.0,2.0,3.2,0.6,2.0,0.8333333333333334,0.36363636363636365,0.09090909090909091,-0.6545454545454545,12.240851576981052,11.982404859551654,4.089897574907331,10.84084795339368,1.9110438602179538,0.25844671742939856
pl-2023-2023-11-25-brentford-v-arsenal,2023-11-25,2023,Brentford,Arsenal,0,1,0,0.16666666666666666,0.0,14.87398151424033,13,14,999,0,1.0,0,999,0,1.0,0,1,5,3.0,0.0,2.0,9.0,7.0,1.8,1.3333333333333333,1.5833333333333333,1.4166666666666667,1.8,1.4,1.5,1.1666666666666667,2.0,1.6666666666666667,1.1666666666666667,1.1666666666666667,0.25,0.16666666666666666,0.4666666666666668,12.081220016024211,12.143417810494649,4.031721464172599,10.888120077877847,1.9508268784785745,-0.06219779447043728,3.0,1.0,1.0,11.0,4.0,2.0,2.25,2.1666666666666665,0.8333333333333334,2.2,0.8,2.4285714285714284,2.0,2.5714285714285716,1.0,1.6,0.6,0.4166666666666667,0.08333333333333333,-0.25,12.240851576981052,11.982404859551654,4.089897574907331,10.84084795339368,1.9110438602179538,0.25844671742939856
pl-2023-2023-11-25-man-city-v-liverpool,2023-11-25,2023,Man City,Liverpool,1,1,1,0.5,0.0,51.0438844981863,13,13,999,0,1.0,0,999,0,1.0,0,1,3,3.0,1.0,1.0,15.0,7.0,2.0,2.3333333333333335,2.6666666666666665,1.0,3.0,1.4,3.0,1.8571428571428572,3.2,0.6,2.2857142857142856,1.2857142857142858,0.3333333333333333,0.08333333333333333,-0.3333333333333335,12.081220016024211,12.143417810494649,4.031721464172599,10.888120077877847,1.9508268784785745,-0.06219779447043728,3.0,2.0,0.0,11.0,3.0,2.2,2.25,2.25,0.8333333333333334,2.2,0.6,3.0,1.5,2.8333333333333335,0.3333333333333333,1.6666666666666667,1.3333333333333333,0.3333333333333333,0.0,-0.04999999999999982,12.240851576981052,11.982404859551654,4.089897574907331,10.84084795339368,1.9110438602179538,0.25844671742939856
pl-2023-2023-11-25-nott-m-forest-v-brighton,2023-11-25,2023,Nott'm Forest,Brighton,2,3,0,0.25,0.0,242.213946310706,13,13,999,0,1.0,0,999,0,1.0,0,2,1,1.0,2.0,2.0,6.0,8.0,1.0,1.0833333333333333,1.1666666666666667,1.5,1.2,1.6,1.8,0.5714285714285714,1.6,1.0,0.8571428571428571,1.8571428571428572,0.25,0.25,-0.08333333333333326,12.081220016024211,12.143417810494649,4.031721464172599,10.888120077877847,1.9508268784785745,-0.06219779447043728,0.0,4.0,1.0,6.0,7.0,0.8,1.5833333333333333,2.0833333333333335,1.75,1.2,1.4,1.7142857142857142,1.4,2.142857142857143,1.4285714285714286,2.0,2.2,0.0,0.0,-0.7833333333333332,12.240851576981052,11.982404859551654,4.089897574907331,10.84084795339368,1.9110438602179538,0.25844671742939856
pl-2023-2023-11-25-burnley-v-west-ham,2023-11-25,2023,Burnley,West Ham,1,2,0,0.125,0.0,292.4319816767786,14,13,999,0,1.0,0,999,0,1.0,0,0,0,0.0,0.0,5.0,3.0,14.0,0.0,0.3333333333333333,0.75,2.5,0.6,2.8,0.0,0.6666666666666666,0.6666666666666666,3.0,0.8333333333333334,2.0,0.0,0.4166666666666667,-0.3333333333333333,12.081220016024211,12.143417810494649,4.031721464172599,10.888120077877847,1.9508268784785745,-0.06219779447043728,1.0,1.0,3.0,8.0,12.0,0.8,1.4166666666666667,1.75,1.8333333333333333,1.6,2.4,1.6666666666666667,1.1666666666666667,1.8333333333333333,1.5,1.6666666666666667,2.1666666666666665,0.08333333333333333,0.08333333333333333,-0.6166666666666667,12.240851576981052,11.982404859551654,4.089897574907331,10.84084795339368,1.9110438602179538,0.25844671742939856
pl-2023-2023-11-25-luton-v-crystal-palace,2023-11-25,2023,Luton,Crystal Palace,2,1,2,0.75,0.0,59.29353136015213,14,14,999,0,1.0,0,999,0,1.0,0,0,3,0.0,2.0,3.0,4.0,8.0,0.4,0.5,0.8333333333333334,1.8333333333333333,0.8,1.6,0.4,0.5714285714285714,0.8,1.4,0.8571428571428571,2.142857142857143,0.0,0.3333333333333333,-0.09999999999999998,12.081220016024211,12.143417810494649,4.031721464172599,10.888120077877847,1.9508268784785745,-0.06219779447043728,1.0,1.0,3.0,5.0,9.0,0.8,1.25,1.0,1.3333333333333333,1.0,1.8,0.8333333333333334,1.6666666666666667,1.0,1.3333333333333333,1.0,1.3333333333333333,0.4166666666666667,0.3333333333333333,-0.44999999999999996,12.240851576981052,11.982404859551654,4.089897574907331,10.84084795339368,1.9110438602179538,0.25844671742939856
pl-2023-2023-11-25-newcastle-v-chelsea,2023-11-25,2023,Newcastle,Chelsea,4,1,2,0.5833333333333334,0.0,399.7644024201057,14,13,999,0,1.0,0,999,0,1.0,0,3,3,2.0,2.0,1.0,9.0,6.0,1.6,1.6666666666666667,2.25,1.0833333333333333,1.8,1.2,2.5,0.8333333333333334,2.3333333333333335,0.5,2.1666666666666665,1.6666666666666667,0.4166666666666667,0.16666666666666666,-0.06666666666666665,12.081220016024211,12.143417810494649,4.031721464172599,10.888120077877847,1.9508268784785745,-0.06219779447043728,2.0,2.0,1.0,14.0,10.0,1.6,1.3333333333333333,1.75,1.3333333333333333,2.8,2.0,0.8571428571428571,2.0,1.4285714285714286,1.5714285714285714,2.2,1.0,0.25,0.3333333333333333,0.26666666666666683,12.240851576981052,11.982404859551654,4.089897574907331,10.84084795339368,1.9110438602179538,0.25844671742939856
pl-2023-2023-11-25-sheffield-united-v-bournemouth,2023-11-25,2023,Sheffield United,Bournemouth,1,3,0,0.25,0.0,294.0702051743706,13,14,999,0,1.0,0,999,0,1.0,0,0,2,1.0,1.0,3.0,5.0,12.0,0.8,0.4166666666666667,0.8333333333333334,2.5833333333333335,1.0,2.4,0.6666666666666666,0.16666666666666666,1.0,2.6666666666666665,0.6666666666666666,2.5,0.0,0.3333333333333333,0.38333333333333336,12.081220016024211,12.143417810494649,4.031721464172599,10.888120077877847,1.9508268784785745,-0.06219779447043728,2.0,0.0,3.0,6.0,12.0,1.2,0.75,0.9166666666666666,2.25,1.2,2.4,1.1428571428571428,0.2,0.8571428571428571,1.4285714285714286,1.0,3.4,0.16666666666666666,0.3333333333333333,0.44999999999999996,12.240851576981052,11.982404859551654,4.089897574907331,10.84084795339368,1.9110438602179538,0.25844671742939856
pl-2023-2023-11-26-tottenham-v-aston-villa,2023-11-26,2023,Tottenham,Aston Villa,1,2,0,0.42857142857142855,0.0,159.9735182887641,15,14,999,0,1.0,0,999,0,1.0,0,1,1,3.0,0.0,2.0,7.0,7.0,1.8,2.1666666666666665,2.0,1.25,1.4,1.4,2.4,2.0,1.8,1.2,2.142857142857143,1.2857142857142858,0.3333333333333333,0.0,-0.3666666666666665,12.081220016024211,12.143417810494649,4.031721464172599,10.888120077877847,1.9508268784785745,-0.06219779447043728,3.0,1.0,1.0,11.0,6.0,2.0,2.0833333333333335,2.4166666666666665,1.4166666666666667,2.2,1.2,3.0,1.1666666666666667,3.8333333333333335,0.8333333333333334,1.0,2.0,0.16666666666666666,0.16666666666666666,-0.08333333333333348,12.240851576981052,11.982404859551654,4.089897574907331,10.84084795339368,1.9110438602179538,0.25844671742939856
pl-2023-2023-11-26-everton-v-man-united,2023-11-26,2023,Everton,Man United,0,3,0,0.2857142857142857,0.0,44.77637264276031,15,15,999,0,1.0,0,999,0,1.0,0,3,3,3.0,1.0,1.0,8.0,5.0,2.0,1.1666666666666667,1.1666666666666667,1.4166666666666667,1.6,1.0,0.6666666666666666,1.6666666666666667,0.8333333333333334,1.0,1.5,1.8333333333333333,0.16666666666666666,0.4166666666666667,0.8333333333333333,12.081220016024211,12.143417810494649,4.031721464172599,10.888120077877847,1.9508268784785745,-0.06219779447043728,4.0,0.0,1.0,6.0,5.0,2.4,1.75,1.0833333333333333,1.3333333333333333,1.2,1.0,1.7142857142857142,1.8,1.1428571428571428,1.4285714285714286,1.0,1.2,0.3333333333333333,0.25,0.6499999999999999,12.240851576981052,11.982404859551654,4.089897574907331,10.84084795339368,1.9110438602179538,0.25844671742939856
pl-2023-2023-11-27-fulham-v-wolves,2023-11-27,2023,Fulham,Wolves,3,2,2,0.5833333333333334,0.0,180.06050550948783,15,16,999,0,1.0,0,999,0,1.0,0,0,0,1.0,1.0,3.0,5.0,8.0,0.8,1.0,0.8333333333333334,1.6666666666666667,1.0,1.6,1.2,0.8571428571428571,0.8,1.4,0.8571428571428571,1.8571428571428572,0.25,0.4166666666666667,-0.19999999999999996,12.081220016024211,12.143417810494649,4.031721464172599,10.888120077877847,1.9508268784785745,-0.06219779447043728,2.0,2.0,1.0,8.0,7.0,1.6,1.25,1.3333333333333333,1.6666666666666667,1.6,1.4,1.3333333333333333,1.1666666666666667,1.5,2.0,1.1666666666666667,1.3333333333333333,0.08333333333333333,0.08333333333333333,0.3500000000000001,12.240851576981052,11.982404859551654,4.089897574907331,10.84084795339368,1.9110438602179538,0.25844671742939856
pl-2023-2023-12-02-arsenal-v-wolves,2023-12-02,2023,Arsenal,Wolves,2,1,2,0.9166666666666666,0.0,179.79241990775787,7,5,999,0,1.0,0,999,0,1.0,0,5,0,3.0,1.0,1.0,11.0,4.0,2.0,2.3076923076923075,2.076923076923077,0.7692307692307693,2.2,0.8,2.4285714285714284,2.1666666666666665,2.5714285714285716,1.0,1.5,0.5,0.46153846153846156,0.07692307692307693,-0.3076923076923075,12.081220016024211,12.143417810494649,4.031721464172599,10.888120077877847,1.9508268784785745,-0.06219779447043728,2.0,1.0,2.0,9.0,9.0,1.4,1.1538461538461537,1.3846153846153846,1.7692307692307692,1.8,1.8,1.3333333333333333,1.0,1.5,2.0,1.2857142857142858,1.5714285714285714,0.07692307692307693,0.07692307692307693,0.24615384615384617,12.240851576981052,11.982404859551654,4.089897574907331,10.84084795339368,1.9110438602179538,0.25844671742939856
pl-2023-2023-12-02-burnley-v-sheffield-united,2023-12-02,2023,Burnley,Sheffield United,5,0,2,1.0,0.0,68.42010169239784,7,7,999,0,1.0,0,999,0,1.0,0,0,0,0.0,0.0,5.0,3.0,12.0,0.0,0.3076923076923077,0.7692307692307693,2.4615384615384617,0.6,2.4,0.0,0.6666666666666666,0.7142857142857143,2.857142857142857,0.8333333333333334,2.0,0.0,0.38461538461538464,-0.3076923076923077,12.081220016024211,12.143417810494649,4.031721464172599,10.888120077877847,1.9508268784785745,-0.06219779447043728,1.0,1.0,3.0,5.0,12.0,0.8,0.38461538461538464,0.8461538461538461,2.6153846153846154,1.0,2.4,0.5714285714285714,0.16666666666666666,1.0,2.7142857142857144,0.6666666666666666,2.5,0.0,0.3076923076923077,0.4153846153846154,12.240851576981052,11.982404859551654,4.089897574907331,10.84084795339368,1.9110438602179538,0.25844671742939856
pl-2023-2023-12-02-brentford-v-luton,2023-12-02,2023,Brentford,Luton,3,1,2,1.0,0.0,44.906092489173716,7,7,999,0,1.0,0,999,0,1.0,0,1,0,3.0,0.0,2.0,8.0,6.0,1.8,1.2307692307692308,1.4615384615384615,1.3846153846153846,1.6,1.2,1.2857142857142858,1.1666666666666667,1.7142857142857142,1.5714285714285714,1.1666666666666667,1.1666666666666667,0.23076923076923078,0.23076923076923078,0.5692307692307692,12.081220016024211,12.143417810494649,4.031721464172599,10.888120077877847,1.9508268784785745,-0.06219779447043728,1.0,2.0,2.0,6.0,8.0,1.0,0.6923076923076923,0.9230769230769231,1.7692307692307692,1.2,1.6,0.8333333333333334,0.5714285714285714,1.0,1.3333333333333333,0.8571428571428571,2.142857142857143,0.0,0.3076923076923077,0.3076923076923077,12.240851576981052,11.982404859551654,4.089897574907331,10.84084795339368,1.9110438602179538,0.25844671742939856
pl-2023-2023-12-02-nott-m-forest-v-everton,2023-12-02,2023,Nott'm Forest,Everton,0,1,0,0.16666666666666666,0.0,133.88930766267092,7,6,999,0,1.0,0,999,0,1.0,0,2,3,1.0,1.0,3.0,8.0,11.0,0.8,1.0,1.2307692307692308,1.6153846153846154,1.6,2.2,1.5,0.5714285714285714,1.6666666666666667,1.3333333333333333,0.8571428571428571,1.8571428571428572,0.23076923076923078,0.23076923076923078,-0.19999999999999996,12.081220016024211,12.143417810494649,4.031721464172599,10.888120077877847,1.9508268784785745,-0.06219779447043728,2.0,1.0,2.0,5.0,8.0,1.4,1.0769230769230769,1.0769230769230769,1.5384615384615385,1.0,1.6,0.5714285714285714,1.6666666666666667,0.7142857142857143,1.2857142857142858,1.5,1.8333333333333333,0.15384615384615385,0.46153846153846156,0.32307692307692304,12.240851576981052,11.982404859551654,4.089897574907331,10.84084795339368,1.9110438602179538,0.25844671742939856
pl-2023-2023-12-02-newcastle-v-man-united,2023-12-02,2023,Newcastle,Man United,1,0,2,0.6666666666666666,0.0,173.79044689866612,7,6,999,0,1.0,0,999,0,1.0,0,3,3,3.0,1.0,1.0,11.0,5.0,2.0,1.7692307692307692,2.3846153846153846,1.0769230769230769,2.2,1.0,2.5714285714285716,0.8333333333333334,2.5714285714285716,0.5714285714285714,2.1666666666666665,1.6666666666666667,0.38461538461538464,0.15384615384615385,0.23076923076923084,12.081220016024211,12.143417810494649,4.031721464172599,10.888120077877847,1.9508268784785745,-0.06219779447043728,4.0,0.0,1.0,7.0,4.0,2.4,1.8461538461538463,1.2307692307692308,1.2307692307692308,1.4,0.8,1.7142857142857142,2.0,1.1428571428571428,1.4285714285714286,1.3333333333333333,1.0,0.38461538461538464,0.23076923076923078,0.5538461538461537,12.240851576981052,11.982404859551654,4.089897574907331,10.84084795339368,1.9110438602179538,0.25844671742939856
pl-2023-2023-12-03-chelsea-v-brighton,2023-12-03,2023,Chelsea,Brighton,3,2,2,0.5714285714285714,0.0,69.4613335293603,8,8,999,0,1.0,0,999,0,1.0,0,3,1,1.0,2.0,2.0,11.0,13.0,1.0,1.2307692307692308,1.6923076923076923,1.5384615384615385,2.2,2.6,0.8571428571428571,1.6666666666666667,1.4285714285714286,1.5714285714285714,2.0,1.5,0.23076923076923078,0.3076923076923077,-0.23076923076923084,12.081220016024211,12.143417810494649,4.031721464172599,10.888120077877847,1.9508268784785745,-0.06219779447043728,1.0,3.0,1.0,7.0,7.0,1.2,1.6923076923076923,2.1538461538461537,1.7692307692307692,1.4,1.4,1.7142857142857142,1.6666666666666667,2.142857142857143,1.4285714285714286,2.1666666666666665,2.1666666666666665,0.0,0.0,-0.49230769230769234,12.240851576981052,11.982404859551654,4.089897574907331,10.84084795339368,1.9110438602179538,0.25844671742939856
pl-2023-2023-12-03-man-city-v-tottenham,2023-12-03,2023,Man City,Tottenham,3,3,1,0.5,0.0,253.90234817097527,8,7,999,0,1.0,0,999,0,1.0,0,1,1,3.0,2.0,0.0,16.0,7.0,2.2,2.230769230769231,2.5384615384615383,1.0,3.2,1.4,2.6666666666666665,1.8571428571428572,2.8333333333333335,0.6666666666666666,2.2857142857142856,1.2857142857142858,0.3076923076923077,0.07692307692307693,-0.03076923076923066,12.081220016024211,12.143417810494649,4.031721464172599,10.888120077877847,1.9508268784785745,-0.06219779447043728,2.0,0.0,3.0,7.0,9.0,1.2,2.0,1.9230769230769231,1.3076923076923077,1.4,1.8,2.0,2.0,1.6666666666666667,1.3333333333333333,2.142857142857143,1.2857142857142858,0.3076923076923077,0.0,-0.8,12.240851576981052,11.982404859551654,4.089897574907331,10.84084795339368,1.9110438602179538,0.25844671742939856
pl-2023-2023-12-03-liverpool-v-fulham,2023-12-03,2023,Liverpool,Fulham,4,3,2,0.6428571428571429,0.0,286.14773399258996,8,6,999,0,1.0,0,999,0,1.0,0,3,0,3.0,2.0,0.0,10.0,2.0,2.2,2.1538461538461537,2.1538461538461537,0.8461538461538461,2.0,0.4,3.0,1.4285714285714286,2.8333333333333335,0.3333333333333333,1.5714285714285714,1.2857142857142858,0.3076923076923077,0.0,0.046153846153846434,12.081220016024211,12.143417810494649,4.031721464172599,10.888120077877847,1.9508268784785745,-0.06219779447043728,1.0,1.0,3.0,5.0,9.0,0.8,1.1538461538461537,1.0,1.6923076923076923,1.0,1.8,1.5,0.8571428571428571,1.1666666666666667,1.5,0.8571428571428571,1.8571428571428572,0.23076923076923078,0.38461538461538464,-0.3538461538461537,12.240851576981052,11.982404859551654,4.089897574907331,10.84084795339368,1.9110438602179538,0.25844671742939856
pl-2023-2023-12-03-west-ham-v-crystal-palace,2023-12-03,2023,West Ham,Crystal Palace,1,1,1,0.3333333333333333,0.0,17.19692229534069,8,8,999,0,1.0,0,999,0,1.0,0,0,3,2.0,0.0,3.0,8.0,11.0,1.2,1.5384615384615385,1.7692307692307692,1.7692307692307692,1.6,2.2,1.6666666666666667,1.4285714285714286,1.8333333333333333,1.5,1.7142857142857142,2.0,0.07692307692307693,0.07692307692307693,-0.3384615384615386,12.081220016024211,12.143417810494649,4.031721464172599,10.888120077877847,1.9508268784785745,-0.06219779447043728,1.0,0.0,4.0,6.0,11.0,0.6,1.1538461538461537,1.0,1.3846153846153846,1.2,2.2,0.8333333333333334,1.4285714285714286,1.0,1.3333333333333333,1.0,1.4285714285714286,0.38461538461538464,0.3076923076923077,-0.5538461538461538,12.240851576981052,11.982404859551654,4.089897574907331,10.84084795339368,1.9110438602179538,0.25844671742939856
pl-2023-2023-12-03-bournemouth-v-aston-villa,2023-12-03,2023,Bournemouth,Aston Villa,2,2,1,0.25,0.0,197.28647065983924,8,7,999,0,1.0,0,999,0,1.0,0,2,1,3.0,0.0,2.0,9.0,10.0,1.8,0.9230769230769231,1.0769230769230769,2.1538461538461537,1.8,2.0,1.1428571428571428,0.6666666666666666,0.8571428571428571,1.4285714285714286,1.3333333333333333,3.0,0.15384615384615385,0.3076923076923077,0.8769230769230769,12.081220016024211,12.143417810494649,4.031721464172599,10.888120077877847,1.9508268784785745,-0.06219779447043728,4.0,0.0,1.0,12.0,6.0,2.4,2.1538461538461537,2.3846153846153846,1.3846153846153846,2.4,1.2,3.0,1.4285714285714286,3.8333333333333335,0.8333333333333334,1.1428571428571428,1.8571428571428572,0.15384615384615385,0.15384615384615385,0.24615384615384617,12.240851576981052,11.982404859551654,4.089897574907331,10.84084795339368,1.9110438602179538,0.25844671742939856
pl-2023-2023-12-05-wolves-v-burnley,2023-12-05,2023,Wolves,Burnley,1,0,2,0.5,0.0,133.4890448099353,3,3,999,0,1.0,0,999,0,1.0,0,0,0,1.0,1.0,3.0,8.0,10.0,0.8,1.0714285714285714,1.3571428571428572,1.7857142857142858,1.6,2.0,1.3333333333333333,0.875,1.5,2.0,1.25,1.625,0.07142857142857142,0.07142857142857142,-0.27142857142857135,12.081220016024211,12.143417810494649,4.031721464172599,10.888120077877847,1.9508268784785745,-0.06219779447043728,1.0,0.0,4.0,8.0,9.0,0.6,0.5,1.0714285714285714,2.2857142857142856,1.6,1.8,0.375,0.6666666666666666,1.25,2.5,0.8333333333333334,2.0,0.07142857142857142,0.35714285714285715,0.09999999999999998,12.240851576981052,11.982404859551654,4.089897574907331,10.84084795339368,1.9110438602179538,0.25844671742939856
pl-2023-2023-12-05-luton-v-arsenal,2023-12-05,2023,Luton,Arsenal,3,4,0,0.0,0.0,42.97590665338211,3,3,999,0,1.0,0,999,0,1.0,0,0,5,1.0,1.0,3.0,5.0,9.0,0.8,0.6428571428571429,0.9285714285714286,1.8571428571428572,1.0,1.8,0.8333333333333334,0.5,1.0,1.3333333333333333,0.875,2.25,0.0,0.2857142857142857,0.15714285714285714,12.081220016024211,12.143417810494649,4.031721464172599,10.888120077877847,1.9508268784785745,-0.06219779447043728,4.0,0.0,1.0,11.0,3.0,2.4,2.357142857142857,2.0714285714285716,0.7857142857142857,2.2,0.6,2.5,2.1666666666666665,2.5,1.0,1.5,0.5,0.42857142857142855,0.07142857142857142,0.042857142857142705,12.240851576981052,11.982404859551654,4.089897574907331,10.84084795339368,1.9110438602179538,0.25844671742939856
pl-2023-2023-12-06-crystal-palace-v-bournemouth,2023-12-06,2023,Crystal Palace,Bournemouth,0,2,0,0.25,0.0,142.90219697931587,3,3,999,0,1.0,0,999,0,1.0,0,3,2,1.0,1.0,3.0,7.0,8.0,0.8,1.1428571428571428,1.0,1.3571428571428572,1.4,1.6,0.8333333333333334,1.375,1.0,1.3333333333333333,1.0,1.375,0.35714285714285715,0.2857142857142857,-0.34285714285714275,12.081220016024211,12.143417810494649,4.031721464172599,10.888120077877847,1.9508268784785745,-0.06219779447043728,3.0,1.0,1.0,10.0,10.0,2.0,0.9285714285714286,1.1428571428571428,2.142857142857143,2.0,2.0,1.125,0.6666666666666666,1.0,1.5,1.3333333333333333,3.0,0.14285714285714285,0.2857142857142857,1.0714285714285714,12.240851576981052,11.982404859551654,4.089897574907331,10.84084795339368,1.9110438602179538,0.25844671742939856
pl-2023-2023-12-06-sheffield-united-v-liverpool,2023-12-06,2023,Sheffield United,Liverpool,0,2,0,0.0,0.0,99.34310858453016,4,3,999,0,1.0,0,999,0,1.0,0,0,3,1.0,1.0,3.0,4.0,15.0,0.8,0.35714285714285715,0.7857142857142857,2.7857142857142856,0.8,3.0,0.5714285714285714,0.14285714285714285,1.0,2.7142857142857144,0.5714285714285714,2.857142857142857,0.0,0.35714285714285715,0.4428571428571429,12.081220016024211,12.143417810494649,4.031721464172599,10.888120077877847,1.9508268784785745,-0.06219779447043728,3.0,2.0,0.0,12.0,5.0,2.2,2.2142857142857144,2.2857142857142856,1.0,2.4,1.0,3.0,1.4285714285714286,3.0,0.7142857142857143,1.5714285714285714,1.2857142857142858,0.2857142857142857,0.0,-0.014285714285714235,12.240851576981052,11.982404859551654,4.089897574907331,10.84084795339368,1.9110438602179538,0.25844671742939856
pl-2023-2023-12-06-man-united-v-chelsea,2023-12-06,2023,Man United,Chelsea,2,1,2,0.5833333333333334,0.0,262.184399614443,4,3,999,0,1.0,0,999,0,1.0,0,3,3,3.0,0.0,2.0,5.0,4.0,1.8,1.7142857142857142,1.1428571428571428,1.2142857142857142,1.0,0.8,1.7142857142857142,1.7142857142857142,1.1428571428571428,1.4285714285714286,1.1428571428571428,1.0,0.35714285714285715,0.2857142857142857,0.08571428571428585,12.081220016024211,12.143417810494649,4.031721464172599,10.888120077877847,1.9508268784785745,-0.06219779447043728,2.0,1.0,2.0,12.0,13.0,1.4,1.3571428571428572,1.7857142857142858,1.5714285714285714,2.4,2.6,1.125,1.6666666666666667,1.625,1.625,2.0,1.5,0.21428571428571427,0.2857142857142857,0.042857142857142705,12.240851576981052,11.982404859551654,4.089897574907331,10.84084795339368,1.9110438602179538,0.25844671742939856
pl-2023-2023-12-06-aston-villa-v-man-city,2023-12-06,2023,Aston Villa,Man City,1,0,2,0.6666666666666666,0.0,110.33622205535409,3,3,999,0,1.0,0,999,0,1.0,0,1,1,3.0,1.0,1.0,10.0,7.0,2.0,2.0714285714285716,2.357142857142857,1.4285714285714286,2.0,1.4,3.0,1.375,3.8333333333333335,0.8333333333333334,1.25,1.875,0.14285714285714285,0.14285714285714285,-0.07142857142857162,12.081220016024211,12.143417810494649,4.031721464172599,10.888120077877847,1.9508268784785745,-0.06219779447043728,2.0,3.0,0.0,17.0,9.0,1.8,2.142857142857143,2.5714285714285716,1.1428571428571428,3.4,1.8,2.4285714285714284,1.8571428571428572,2.857142857142857,1.0,2.2857142857142856,1.2857142857142858,0.2857142857142857,0.07142857142857142,-0.34285714285714275,12.240851576981052,11.982404859551654,4.089897574907331,10.84084795339368,1.9110438602179538,0.25844671742939856
pl-2023-2023-12-06-fulham-v-nott-m-forest,2023-12-06,2023,Fulham,Nott'm Forest,5,0,2,0.75,0.0,174.44521668544397,3,4,999,0,1.0,0,999,0,1.0,0,0,2,1.0,1.0,3.0,8.0,11.0,0.8,1.0714285714285714,1.1428571428571428,1.8571428571428572,1.6,2.2,1.5,0.75,1.1666666666666667,1.5,1.125,2.125,0.21428571428571427,0.35714285714285715,-0.27142857142857135,12.081220016024211,12.143417810494649,4.031721464172599,10.888120077877847,1.9508268784785745,-0.06219779447043728,1.0,0.0,4.0,6.0,10.0,0.6,0.9285714285714286,1.1428571428571428,1.5714285714285714,1.2,2.0,1.2857142857142858,0.5714285714285714,1.4285714285714286,1.2857142857142858,0.8571428571428571,1.8571428571428572,0.21428571428571427,0.2857142857142857,-0.3285714285714286,12.240851576981052,11.982404859551654,4.089897574907331,10.84084795339368,1.9110438602179538,0.25844671742939856
pl-2023-2023-12-06-brighton-v-brentford,2023-12-06,2023,Brighton,Brentford,2,1,2,0.6666666666666666,0.0,71.56602003805497,3,4,999,0,1.0,0,999,0,1.0,0,1,1,1.0,3.0,1.0,8.0,8.0,1.2,1.5714285714285714,2.142857142857143,1.8571428571428572,1.6,1.6,1.7142857142857142,1.4285714285714286,2.142857142857143,1.4285714285714286,2.142857142857143,2.2857142857142856,0.0,0.0,-0.37142857142857144,12.081220016024211,12.143417810494649,4.031721464172599,10.888120077877847,1.9508268784785745,-0.06219779447043728,3.0,0.0,2.0,8.0,7.0,1.8,1.3571428571428572,1.5714285714285714,1.3571428571428572,1.6,1.4,1.5,1.1666666666666667,1.875,1.5,1.1666666666666667,1.1666666666666667,0.21428571428571427,0.21428571428571427,0.44285714285714284,12.240851576981052,11.982404859551654,4.089897574907331,10.84084795339368,1.9110438602179538,0.25844671742939856
pl-2023-2023-12-07-everton-v-newcastle,2023-12-07,2023,Everton,Newcastle,3,0,2,0.6666666666666666,0.0,192.08985245034933,5,5,999,0,1.0,0,999,0,1.0,0,3,3,3.0,1.0,1.0,6.0,6.0,2.0,1.2142857142857142,1.0714285714285714,1.4285714285714286,1.2,1.2,0.5714285714285714,1.8571428571428572,0.7142857142857143,1.2857142857142858,1.4285714285714286,1.5714285714285714,0.21428571428571427,0.42857142857142855,0.7857142857142858,12.081220016024211,12.143417810494649,4.031721464172599,10.888120077877847,1.9508268784785745,-0.06219779447043728,3.0,1.0,1.0,8.0,5.0,2.0,1.8571428571428572,2.2857142857142856,1.0,1.6,1.0,2.625,0.8333333333333334,2.375,0.5,2.1666666666666665,1.6666666666666667,0.42857142857142855,0.14285714285714285,0.1428571428571428,12.240851576981052,11.982404859551654,4.089897574907331,10.84084795339368,1.9110438602179538,0.25844671742939856
pl-2023-2023-12-07-tottenham-v-west-ham,2023-12-07,2023,Tottenham,West Ham,1,2,0,0.5,0.0,9.184552287614396,4,4,999,0,1.0,0,999,0,1.0,0,1,0,1.0,1.0,3.0,8.0,12.0,0.8,1.9285714285714286,2.0,1.4285714285714286,1.6,2.4,2.0,1.875,1.6666666666666667,1.3333333333333333,2.25,1.5,0.2857142857142857,0.0,-1.1285714285714286,12.081220016024211,12.143417810494649,4.031721464172599,10.888120077877847,1.9508268784785745,-0.06219779447043728,2.0,1.0,2.0,8.0,8.0,1.4,1.5,1.7142857142857142,1.7142857142857142,1.6,1.6,1.5714285714285714,1.4285714285714286,1.7142857142857142,1.4285714285714286,1.7142857142857142,2.0,0.07142857142857142,0.07142857142857142,-0.10000000000000009,12.240851576981052,11.982404859551654,4.089897574907331,10.84084795339368,1.9110438602179538,0.25844671742939856
pl-2023-2023-12-09-crystal-palace-v-liverpool,2023-12-09,2023,Crystal Palace,Liverpool,1,2,0,0.4166666666666667,0.0,298.70905973346817,3,3,999,0,1.0,0,999,0,1.0,0,3,3,1.0,1.0,3.0,6.0,8.0,0.8,1.0666666666666667,0.9333333333333333,1.4,1.2,1.6,0.7142857142857143,1.375,0.8571428571428571,1.4285714285714286,1.0,1.375,0.3333333333333333,0.3333333333333333,-0.2666666666666666,12.081220016024211,12.143417810494649,4.031721464172599,10.888120077877847,1.9508268784785745,-0.06219779447043728,3.0,2.0,0.0,11.0,5.0,2.2,2.2666666666666666,2.2666666666666666,0.9333333333333333,2.2,1.0,3.0,1.625,3.0,0.7142857142857143,1.625,1.125,0.3333333333333333,0.0,-0.06666666666666643,12.240851576981052,11.982404859551654,4.089897574907331,10.84084795339368,1.9110438602179538,0.25844671742939856
pl-2023-2023-12-09-man-united-v-bournemouth,2023-12-09,2023,Man United,Bournemouth,0,3,0,0.3333333333333333,0.0,304.9121219179983,3,3,999,0,1.0,0,999,0,1.0,0,3,2,4.0,0.0,1.0,7.0,2.0,2.4,1.8,1.2,1.2,1.4,0.4,1.875,1.7142857142857142,1.25,1.375,1.1428571428571428,1.0,0.3333333333333333,0.26666666666666666,0.5999999999999999,12.081220016024211,12.143417810494649,4.031721464172599,10.888120077877847,1.9508268784785745,-0.06219779447043728,3.0,1.0,1.0,10.0,9.0,2.0,1.0666666666666667,1.2,2.0,2.0,1.8,1.125,1.0,1.0,1.5,1.4285714285714286,2.5714285714285716,0.2,0.26666666666666666,0.9333333333333333,12.240851576981052,11.982404859551654,4.089897574907331,10.84084795339368,1.9110438602179538,0.25844671742939856
pl-2023-2023-12-09-wolves-v-nott-m-forest,2023-12-09,2023,Wolves,Nott'm Forest,1,1,1,0.3333333333333333,0.0,77.31910351998752,4,3,999,0,1.0,0,999,0,1.0,0,0,2,2.0,0.0,3.0,7.0,8.0,1.2,1.2,1.3333333333333333,1.6666666666666667,1.4,1.6,1.5714285714285714,0.875,1.4285714285714286,1.7142857142857142,1.25,1.625,0.13333333333333333,0.06666666666666667,0.0,12.081220016024211,12.143417810494649,4.031721464172599,10.888120077877847,1.9508268784785745,-0.06219779447043728,1.0,0.0,4.0,6.0,12.0,0.6,0.8666666666666667,1.0666666666666667,1.8,1.2,2.4,1.2857142857142858,0.5,1.4285714285714286,1.2857142857142858,0.75,2.25,0.2,0.3333333333333333,-0.2666666666666667,12.240851576981052,11.982404859551654,4.089897574907331,10.84084795339368,1.9110438602179538,0.25844671742939856
pl-2023-2023-12-09-brighton-v-burnley,2023-12-09,2023,Brighton,Burnley,1,1,1,0.75,0.0,356.73795278377855,3,4,999,0,1.0,0,999,0,1.0,0,1,0,2.0,2.0,1.0,9.0,8.0,1.6,1.6666666666666667,2.1333333333333333,1.8,1.8,1.6,1.875,1.4285714285714286,2.125,1.375,2.142857142857143,2.2857142857142856,0.0,0.0,-0.06666666666666665,12.081220016024211,12.143417810494649,4.031721464172599,10.888120077877847,1.9508268784785745,-0.06219779447043728,1.0,0.0,4.0,7.0,8.0,0.6,0.4666666666666667,1.0,2.2,1.4,1.6,0.375,0.5714285714285714,1.25,2.5,0.7142857142857143,1.8571428571428572,0.06666666666666667,0.4,0.1333333333333333,12.240851576981052,11.982404859551654,4.089897574907331,10.84084795339368,1.9110438602179538,0.25844671742939856
pl-2023-2023-12-09-sheffield-united-v-brentford,2023-12-09,2023,Sheffield United,Brentford,1,0,2,0.5,0.0,223.67151336666038,3,3,999,0,1.0,0,999,0,1.0,0,0,1,1.0,1.0,3.0,4.0,12.0,0.8,0.3333333333333333,0.7333333333333333,2.7333333333333334,0.8,2.4,0.5,0.14285714285714285,0.875,2.625,0.5714285714285714,2.857142857142857,0.0,0.4,0.46666666666666673,12.081220016024211,12.143417810494649,4.031721464172599,10.888120077877847,1.9508268784785745,-0.06219779447043728,2.0,0.0,3.0,7.0,9.0,1.2,1.2666666666666666,1.5333333333333334,1.4,1.4,1.8,1.5,1.0,1.875,1.5,1.1428571428571428,1.2857142857142858,0.2,0.2,-0.06666666666666665,12.240851576981052,11.982404859551654,4.089897574907331,10.84084795339368,1.9110438602179538,0.25844671742939856
pl-2023-2023-12-09-aston-villa-v-arsenal,2023-12-09,2023,Aston Villa,Arsenal,1,0,2,0.5,0.0,161.28672843676878,3,4,999,0,1.0,0,999,0,1.0,0,1,5,3.0,1.0,1.0,8.0,6.0,2.0,2.1333333333333333,2.2666666666666666,1.3333333333333333,1.6,1.2,3.0,1.375,3.4285714285714284,0.7142857142857143,1.25,1.875,0.2,0.13333333333333333,-0.1333333333333333,12.081220016024211,12.143417810494649,4.031721464172599,10.888120077877847,1.9508268784785745,-0.06219779447043728,4.0,0.0,1.0,10.0,6.0,2.4,2.4,2.2,0.9333333333333333,2.0,1.2,2.5,2.2857142857142856,2.5,1.0,1.8571428571428572,0.8571428571428571,0.4,0.06666666666666667,0.0,12.240851576981052,11.982404859551654,4.089897574907331,10.84084795339368,1.9110438602179538,0.25844671742939856
pl-2023-2023-12-10-everton-v-chelsea,2023-12-10,2023,Everton,Chelsea,2,0,2,0.4166666666666667,0.0,287.53543213007396,3,4,999,0,1.0,0,999,0,1.0,0,3,3,3.0,1.0,1.0,8.0,6.0,2.0,1.3333333333333333,1.2,1.3333333333333333,1.6,1.2,0.875,1.8571428571428572,1.0,1.125,1.4285714285714286,1.5714285714285714,0.26666666666666666,0.4,0.6666666666666667,12.081220016024211,12.143417810494649,4.031721464172599,10.888120077877847,1.9508268784785745,-0.06219779447043728,2.0,1.0,2.0,13.0,13.0,1.4,1.2666666666666666,1.7333333333333334,1.6,2.6,2.6,1.125,1.4285714285714286,1.625,1.625,1.8571428571428572,1.5714285714285714,0.2,0.26666666666666666,0.1333333333333333,12.240851576981052,11.982404859551654,4.089897574907331,10.84084795339368,1.9110438602179538,0.25844671742939856
pl-2023-2023-12-10-luton-v-man-city,2023-12-10,2023,Luton,Man City,1,2,0,0.0,0.0,213.7897300956533,5,4,999,0,1.0,0,999,0,1.0,0,0,1,1.0,1.0,3.0,7.0,10.0,0.8,0.6,1.0666666666666667,2.0,1.4,2.0,0.7142857142857143,0.5,1.2857142857142858,1.7142857142857142,0.875,2.25,0.0,0.26666666666666666,0.20000000000000007,12.081220016024211,12.143417810494649,4.031721464172599,10.888120077877847,1.9508268784785745,-0.06219779447043728,1.0,3.0,1.0,14.0,10.0,1.2,2.0,2.4,1.1333333333333333,2.8,2.0,2.4285714285714284,1.625,2.857142857142857,1.0,2.0,1.25,0.26666666666666666,0.13333333333333333,-0.8,12.240851576981052,11.982404859551654,4.089897574907331,10.84084795339368,1.9110438602179538,0.25844671742939856
pl-2023-2023-12-10-fulham-v-west-ham,2023-12-10,2023,Fulham,West Ham,5,0,2,0.5833333333333334,0.0,17.879972655030514,4,3,999,0,1.0,0,999,0,1.0,0,0,0,2.0,0.0,3.0,12.0,10.0,1.2,1.2,1.4,1.7333333333333334,2.4,2.0,1.7142857142857142,0.75,1.7142857142857142,1.2857142857142858,1.125,2.125,0.26666666666666666,0.3333333333333333,0.0,12.081220016024211,12.143417810494649,4.031721464172599,10.888120077877847,1.9508268784785745,-0.06219779447043728,3.0,1.0,1.0,10.0,8.0,2.0,1.6,1.7333333333333334,1.6666666666666667,2.0,1.6,1.5714285714285714,1.625,1.7142857142857142,1.4285714285714286,1.75,1.875,0.06666666666666667,0.06666666666666667,0.3999999999999999,12.240851576981052,11.982404859551654,4.089897574907331,10.84084795339368,1.9110438602179538,0.25844671742939856
pl-2023-2023-12-10-tottenham-v-newcastle,2023-12-10,2023,Tottenham,Newcastle,4,1,2,0.21428571428571427,0.0,388.67839795676935,3,3,999,0,1.0,0,999,0,1.0,0,1,3,0.0,1.0,4.0,7.0,13.0,0.2,1.8,1.9333333333333333,1.4666666666666666,1.4,2.6,1.7142857142857142,1.875,1.5714285714285714,1.4285714285714286,2.25,1.5,0.26666666666666666,0.0,-1.6,12.081220016024211,12.143417810494649,4.031721464172599,10.888120077877847,1.9508268784785745,-0.06219779447043728,3.0,0.0,2.0,6.0,6.0,1.8,1.7333333333333334,2.1333333333333333,1.1333333333333333,1.2,1.2,2.625,0.7142857142857143,2.375,0.5,1.8571428571428572,1.8571428571428572,0.4,0.2,0.06666666666666665,12.240851576981052,11.982404859551654,4.089897574907331,10.84084795339368,1.9110438602179538,0.25844671742939856
pl-2023-2023-12-15-nott-m-forest-v-tottenham,2023-12-15,2023,Nott'm Forest,Tottenham,0,2,0,0.6428571428571429,0.0,165.4626559900765,6,5,999,0,1.0,0,999,0,1.0,0,2,1,0.0,1.0,4.0,5.0,13.0,0.2,0.875,1.0625,1.75,1.0,2.6,1.2857142857142858,0.5555555555555556,1.4285714285714286,1.2857142857142858,0.7777777777777778,2.111111111111111,0.1875,0.3125,-0.675,12.081220016024211,12.143417810494649,4.031721464172599,10.888120077877847,1.9508268784785745,-0.06219779447043728,1.0,1.0,3.0,10.0,10.0,0.8,1.875,2.0625,1.4375,2.0,2.0,1.875,1.875,1.875,1.375,2.25,1.5,0.25,0.0,-1.075,12.240851576981052,11.982404859551654,4.089897574907331,10.84084795339368,1.9110438602179538,0.25844671742939856
pl-2023-2023-12-16-newcastle-v-fulham,2023-12-16,2023,Newcastle,Fulham,3,0,2,0.5,0.0,400.0557612696015,6,6,999,0,1.0,0,999,0,1.0,0,3,0,2.0,0.0,3.0,6.0,10.0,1.2,1.625,2.0625,1.3125,1.2,2.0,2.625,0.625,2.375,0.5,1.75,2.125,0.375,0.1875,-0.42500000000000004,12.081220016024211,12.143417810494649,4.031721464172599,10.888120077877847,1.9508268784785745,-0.06219779447043728,3.0,0.0,2.0,17.0,9.0,1.8,1.3125,1.625,1.625,3.4,1.8,1.875,0.75,2.125,1.125,1.125,2.125,0.3125,0.3125,0.48750000000000004,12.240851576981052,11.982404859551654,4.089897574907331,10.84084795339368,1.9110438602179538,0.25844671742939856
pl-2023-2023-12-16-chelsea-v-sheffield-united,2023-12-16,2023,Chelsea,Sheffield United,2,0,2,0.75,0.0,227.15938777494014,6,7,999,0,1.0,0,999,0,1.0,0,3,0,1.0,1.0,3.0,9.0,14.0,0.8,1.1875,1.625,1.625,1.8,2.8,1.125,1.25,1.625,1.625,1.625,1.625,0.1875,0.3125,-0.38749999999999996,12.081220016024211,12.143417810494649,4.031721464172599,10.888120077877847,1.9508268784785745,-0.06219779447043728,1.0,1.0,3.0,3.0,11.0,0.8,0.5,0.75,2.5625,0.6,2.2,0.7777777777777778,0.14285714285714285,0.8888888888888888,2.3333333333333335,0.5714285714285714,2.857142857142857,0.0625,0.375,0.30000000000000004,12.240851576981052,11.982404859551654,4.089897574907331,10.84084795339368,1.9110438602179538,0.25844671742939856
pl-2023-2023-12-16-man-city-v-crystal-palace,2023-12-16,2023,Man City,Crystal Palace,2,2,1,0.8571428571428571,0.0,272.52161464476416,6,7,999,0,1.0,0,999,0,1.0,0,1,3,1.0,3.0,1.0,10.0,10.0,1.2,2.0625,2.375,1.125,2.0,2.0,2.4285714285714284,1.7777777777777777,2.857142857142857,1.0,2.0,1.2222222222222223,0.25,0.125,-0.8625,12.081220016024211,12.143417810494649,4.031721464172599,10.888120077877847,1.9508268784785745,-0.06219779447043728,0.0,1.0,4.0,5.0,10.0,0.2,1.0,0.9375,1.4375,1.0,2.0,0.625,1.375,0.875,1.5,1.0,1.375,0.3125,0.3125,-0.8,12.240851576981052,11.982404859551654,4.089897574907331,10.84084795339368,1.9110438602179538,0.25844671742939856
pl-2023-2023-12-16-burnley-v-everton,2023-12-16,2023,Burnley,Everton,0,2,0,0.125,0.0,62.22188979256802,7,6,999,0,1.0,0,999,0,1.0,0,0,3,1.0,1.0,3.0,8.0,7.0,0.8,0.5,1.0,2.125,1.6,1.4,0.375,0.625,1.25,2.5,0.75,1.75,0.0625,0.375,0.30000000000000004,12.081220016024211,12.143417810494649,4.031721464172599,10.888120077877847,1.9508268784785745,-0.06219779447043728,4.0,0.0,1.0,9.0,5.0,2.4,1.4375,1.25,1.25,1.8,1.0,1.1111111111111112,1.8571428571428572,1.1111111111111112,1.0,1.4285714285714286,1.5714285714285714,0.3125,0.375,0.9624999999999999,12.240851576981052,11.982404859551654,4.089897574907331,10.84084795339368,1.9110438602179538,0.25844671742939856
pl-2023-2023-12-17-arsenal-v-brighton,2023-12-17,2023,Arsenal,Brighton,2,0,2,0.7142857142857143,0.0,77.40825110392977,8,8,999,0,1.0,0,999,0,1.0,0,5,1,4.0,0.0,1.0,10.0,6.0,2.4,2.25,2.0625,0.9375,2.0,1.2,2.5,2.0,2.5,1.0,1.625,0.875,0.375,0.125,0.1499999999999999,12.081220016024211,12.143417810494649,4.031721464172599,10.888120077877847,1.9508268784785745,-0.06219779447043728,2.0,2.0,1.0,9.0,8.0,1.6,1.625,2.0625,1.75,1.8,1.6,1.7777777777777777,1.4285714285714286,2.0,1.3333333333333333,2.142857142857143,2.2857142857142856,0.0,0.0,-0.02499999999999991,12.240851576981052,11.982404859551654,4.089897574907331,10.84084795339368,1.9110438602179538,0.25844671742939856
pl-2023-2023-12-17-west-ham-v-wolves,2023-12-17,2023,West Ham,Wolves,3,0,2,0.6666666666666666,0.0,187.5456724769656,7,8,999,0,1.0,0,999,0,1.0,0,0,0,3.0,1.0,1.0,8.0,10.0,2.0,1.5,1.625,1.875,1.6,2.0,1.5714285714285714,1.4444444444444444,1.7142857142857142,1.4285714285714286,1.5555555555555556,2.2222222222222223,0.0625,0.125,0.5,12.081220016024211,12.143417810494649,4.031721464172599,10.888120077877847,1.9508268784785745,-0.06219779447043728,2.0,1.0,2.0,7.0,7.0,1.4,1.1875,1.3125,1.625,1.4,1.4,1.5,0.875,1.375,1.625,1.25,1.625,0.125,0.0625,0.2124999999999999,12.240851576981052,11.982404859551654,4.089897574907331,10.84084795339368,1.9110438602179538,0.25844671742939856
pl-2023-2023-12-17-brentford-v-aston-villa,2023-12-17,2023,Brentford,Aston Villa,1,2,0,0.4166666666666667,0.0,157.1274012431735,8,8,999,0,1.0,0,999,0,1.0,0,1,1,1.0,0.0,4.0,4.0,8.0,0.6,1.1875,1.4375,1.375,0.8,1.6,1.5,0.875,1.875,1.5,1.0,1.25,0.1875,0.25,-0.5875,12.081220016024211,12.143417810494649,4.031721464172599,10.888120077877847,1.9508268784785745,-0.06219779447043728,4.0,1.0,0.0,9.0,4.0,2.6,2.1875,2.1875,1.25,1.8,0.8,3.0,1.375,3.125,0.625,1.25,1.875,0.25,0.125,0.4125000000000001,12.240851576981052,11.982404859551654,4.089897574907331,10.84084795339368,1.9110438602179538,0.25844671742939856
pl-2023-2023-12-17-liverpool-v-man-united,2023-12-17,2023,Liverpool,Man United,0,0,1,0.4166666666666667,0.0,44.84237863424872,8,8,999,0,1.0,0,999,0,1.0,0,3,3,4.0,1.0,0.0,12.0,5.0,2.6,2.3125,2.25,0.9375,2.4,1.0,3.0,1.7777777777777777,3.0,0.7142857142857143,1.6666666666666667,1.1111111111111112,0.3125,0.0,0.2875000000000001,12.081220016024211,12.143417810494649,4.031721464172599,10.888120077877847,1.9508268784785745,-0.06219779447043728,3.0,0.0,2.0,6.0,5.0,1.8,1.6875,1.125,1.3125,1.2,1.0,1.6666666666666667,1.7142857142857142,1.1111111111111112,1.5555555555555556,1.1428571428571428,1.0,0.3125,0.3125,0.11250000000000004,12.240851576981052,11.982404859551654,4.089897574907331,10.84084795339368,1.9110438602179538,0.25844671742939856
pl-2023-2023-12-21-crystal-palace-v-brighton,2023-12-21,2023,Crystal Palace,Brighton,1,1,1,0.6666666666666666,0.0,59.71204256723541,5,4,999,0,1.0,0,999,0,1.0,0,3,1,0.0,2.0,3.0,5.0,9.0,0.4,1.0,1.0,1.4705882352941178,1.0,1.8,0.625,1.3333333333333333,0.875,1.5,1.1111111111111112,1.4444444444444444,0.29411764705882354,0.29411764705882354,-0.6,12.081220016024211,12.143417810494649,4.031721464172599,10.888120077877847,1.9508268784785745,-0.06219779447043728,2.0,1.0,2.0,8.0,9.0,1.4,1.5294117647058822,1.9411764705882353,1.7647058823529411,1.6,1.8,1.7777777777777777,1.25,2.0,1.3333333333333333,1.875,2.25,0.0,0.058823529411764705,-0.12941176470588234,12.240851576981052,11.982404859551654,4.089897574907331,10.84084795339368,1.9110438602179538,0.25844671742939856
pl-2023-2023-12-22-aston-villa-v-sheffield-united,2023-12-22,2023,Aston Villa,Sheffield United,1,1,1,0.75,0.0,99.67705412676737,5,6,999,0,1.0,0,999,0,1.0,0,1,0,4.0,1.0,0.0,8.0,4.0,2.6,2.235294117647059,2.176470588235294,1.2352941176470589,1.6,0.8,3.0,1.5555555555555556,3.125,0.625,1.3333333333333333,1.7777777777777777,0.23529411764705882,0.11764705882352941,0.3647058823529412,12.081220016024211,12.143417810494649,4.031721464172599,10.888120077877847,1.9508268784785745,-0.06219779447043728,1.0,0.0,4.0,2.0,12.0,0.6,0.47058823529411764,0.7058823529411765,2.5294117647058822,0.4,2.4,0.7777777777777778,0.125,0.8888888888888888,2.3333333333333335,0.5,2.75,0.058823529411764705,0.4117647058823529,0.12941176470588234,12.240851576981052,11.982404859551654,4.089897574907331,10.84084795339368,1.9110438602179538,0.25844671742939856
pl-2023-2023-12-23-west-ham-v-man-united,2023-12-23,2023,West Ham,Man United,2,0,2,0.6666666666666666,0.0,264.8392292446106,6,6,999,0,1.0,0,999,0,1.0,0,0,3,3.0,1.0,1.0,8.0,8.0,2.0,1.588235294117647,1.7058823529411764,1.7647058823529411,1.6,1.6,1.75,1.4444444444444444,1.875,1.25,1.5555555555555556,2.2222222222222223,0.11764705882352941,0.11764705882352941,0.41176470588235303,12.081220016024211,12.143417810494649,4.031721464172599,10.888120077877847,1.9508268784785745,-0.06219779447043728,2.0,1.0,2.0,5.0,5.0,1.4,1.6470588235294117,1.0588235294117647,1.2352941176470589,1.0,1.0,1.6666666666666667,1.625,1.1111111111111112,1.5555555555555556,1.0,0.875,0.35294117647058826,0.35294117647058826,-0.24705882352941178,12.240851576981052,11.982404859551654,4.089897574907331,10.84084795339368,1.9110438602179538,0.25844671742939856
pl-2023-2023-12-23-fulham-v-burnley,2023-12-23,2023,Fulham,Burnley,0,2,0,0.625,0.0,290.8127914923902,7,7,999,0,1.0,0,999,0,1.0,0,0,0,3.0,0.0,2.0,16.0,9.0,1.8,1.2352941176470589,1.5294117647058822,1.7058823529411764,3.2,1.8,1.875,0.6666666666666666,2.125,1.125,1.0,2.2222222222222223,0.29411764705882354,0.35294117647058826,0.5647058823529412,12.081220016024211,12.143417810494649,4.031721464172599,10.888120077877847,1.9508268784785745,-0.06219779447043728,1.0,1.0,3.0,7.0,6.0,0.8,0.47058823529411764,0.9411764705882353,2.1176470588235294,1.4,1.2,0.3333333333333333,0.625,1.1111111111111112,2.4444444444444446,0.75,1.75,0.058823529411764705,0.4117647058823529,0.3294117647058824,12.240851576981052,11.982404859551654,4.089897574907331,10.84084795339368,1.9110438602179538,0.25844671742939856
pl-2023-2023-12-23-tottenham-v-everton,2023-12-23,2023,Tottenham,Everton,2,1,2,0.7142857142857143,0.0,283.0298619274761,8,7,999,0,1.0,0,999,0,1.0,0,1,3,2.0,1.0,2.0,11.0,8.0,1.4,1.9411764705882353,2.0588235294117645,1.3529411764705883,2.2,1.6,1.875,2.0,1.875,1.375,2.2222222222222223,1.3333333333333333,0.29411764705882354,0.0,-0.5411764705882354,12.081220016024211,12.143417810494649,4.031721464172599,10.888120077877847,1.9508268784785745,-0.06219779447043728,4.0,0.0,1.0,8.0,3.0,2.4,1.5294117647058822,1.2941176470588236,1.1764705882352942,1.6,0.6,1.1111111111111112,2.0,1.1111111111111112,1.0,1.5,1.375,0.35294117647058826,0.35294117647058826,0.8705882352941177,12.240851576981052,11.982404859551654,4.089897574907331,10.84084795339368,1.9110438602179538,0.25844671742939856
pl-2023-2023-12-23-nott-m-forest-v-bournemouth,2023-12-23,2023,Nott'm Forest,Bournemouth,2,3,0,0.25,0.0,249.86718117491685,8,14,999,0,1.0,0,999,0,1.0,0,2,2,0.0,1.0,4.0,3.0,12.0,0.2,0.8235294117647058,1.0,1.7647058823529411,0.6,2.4,1.125,0.5555555555555556,1.25,1.375,0.7777777777777778,2.111111111111111,0.17647058823529413,0.35294117647058826,-0.6235294117647059,12.081220016024211,12.143417810494649,4.031721464172599,10.888120077877847,1.9508268784785745,-0.06219779447043728,4.0,1.0,0.0,12.0,3.0,2.6,1.1875,1.3125,1.875,2.4,0.6,1.125,1.25,1.0,1.5,1.625,2.25,0.25,0.25,1.4125,12.240851576981052,11.982404859551654,4.089897574907331,10.84084795339368,1.9110438602179538,0.25844671742939856
pl-2023-2023-12-23-luton-v-newcastle,2023-12-23,2023,Luton,Newcastle,1,0,2,0.75,0.0,352.33043008710456,13,7,999,0,1.0,0,999,0,1.0,0,0,3,1.0,0.0,4.0,7.0,11.0,0.6,0.5625,1.0625,2.0,1.4,2.2,0.625,0.5,1.25,1.75,0.875,2.25,0.0,0.25,0.03749999999999998,12.081220016024211,12.143417810494649,4.031721464172599,10.888120077877847,1.9508268784785745,-0.06219779447043728,3.0,0.0,2.0,9.0,8.0,1.8,1.7058823529411764,2.1176470588235294,1.2352941176470589,1.8,1.6,2.6666666666666665,0.625,2.4444444444444446,0.4444444444444444,1.75,2.125,0.4117647058823529,0.17647058823529413,0.09411764705882364,12.240851576981052,11.982404859551654,4.089897574907331,10.84084795339368,1.9110438602179538,0.25844671742939856
pl-2023-2023-12-23-liverpool-v-arsenal,2023-12-23,2023,Liverpool,Arsenal,1,1,1,0.5,0.0,284.40571513290473,6,6,999,0,1.0,0,999,0,1.0,0,3,5,3.0,2.0,0.0,9.0,5.0,2.2,2.235294117647059,2.1176470588235294,0.8823529411764706,1.8,1.0,2.75,1.7777777777777777,2.625,0.625,1.6666666666666667,1.1111111111111112,0.35294117647058826,0.058823529411764705,-0.0352941176470587,12.081220016024211,12.143417810494649,4.031721464172599,10.888120077877847,1.9508268784785745,-0.06219779447043728,4.0,0.0,1.0,9.0,5.0,2.4,2.2941176470588234,2.0588235294117645,0.8823529411764706,1.8,1.0,2.5555555555555554,2.0,2.4444444444444446,0.8888888888888888,1.625,0.875,0.4117647058823529,0.11764705882352941,0.10588235294117654,12.240851576981052,11.982404859551654,4.089897574907331,10.84084795339368,1.9110438602179538,0.25844671742939856
pl-2023-2023-12-24-wolves-v-chelsea,2023-12-24,2023,Wolves,Chelsea,2,1,2,0.3333333333333333,0.0,181.01584925623223,7,8,999,0,1.0,0,999,0,1.0,0,0,3,1.0,1.0,3.0,5.0,9.0,0.8,1.1176470588235294,1.2352941176470589,1.7058823529411764,1.0,1.8,1.5,0.7777777777777778,1.375,1.625,1.1111111111111112,1.7777777777777777,0.11764705882352941,0.11764705882352941,-0.3176470588235294,12.081220016024211,12.143417810494649,4.031721464172599,10.888120077877847,1.9508268784785745,-0.06219779447043728,2.0,0.0,3.0,7.0,10.0,1.2,1.2941176470588236,1.6470588235294117,1.5294117647058822,1.4,2.0,1.3333333333333333,1.25,1.6666666666666667,1.4444444444444444,1.625,1.625,0.23529411764705882,0.29411764705882354,-0.09411764705882364,12.240851576981052,11.982404859551654,4.089897574907331,10.84084795339368,1.9110438602179538,0.25844671742939856
pl-2023-2023-12-26-newcastle-v-nott-m-forest,2023-12-26,2023,Newcastle,Nott'm Forest,1,3,0,0.75,0.0,228.42207866197433,3,3,999,0,1.0,0,999,0,1.0,0,3,2,2.0,0.0,3.0,5.0,8.0,1.2,1.6111111111111112,2.0,1.2222222222222223,1.0,1.6,2.6666666666666665,0.5555555555555556,2.4444444444444446,0.4444444444444444,1.5555555555555556,2.0,0.3888888888888889,0.2222222222222222,-0.4111111111111112,12.081220016024211,12.143417810494649,4.031721464172599,10.888120077877847,1.9508268784785745,-0.06219779447043728,0.0,1.0,4.0,3.0,12.0,0.2,0.7777777777777778,1.0555555555555556,1.8333333333333333,0.6,2.4,1.0,0.5555555555555556,1.3333333333333333,1.5555555555555556,0.7777777777777778,2.111111111111111,0.16666666666666666,0.3333333333333333,-0.5777777777777777,12.240851576981052,11.982404859551654,4.089897574907331,10.84084795339368,1.9110438602179538,0.25844671742939856
pl-2023-2023-12-26-sheffield-united-v-luton,2023-12-26,2023,Sheffield United,Luton,2,3,0,0.5,0.0,179.28840135321505,4,3,999,0,1.0,0,999,0,1.0,0,0,0,1.0,1.0,3.0,2.0,10.0,0.8,0.5,0.7222222222222222,2.4444444444444446,0.4,2.0,0.7777777777777778,0.2222222222222222,0.8888888888888888,2.3333333333333335,0.5555555555555556,2.5555555555555554,0.05555555555555555,0.3888888888888889,0.30000000000000004,12.081220016024211,12.143417810494649,4.031721464172599,10.888120077877847,1.9508268784785745,-0.06219779447043728,2.0,0.0,3.0,8.0,10.0,1.2,0.7058823529411765,1.0588235294117647,1.8823529411764706,1.6,2.0,0.8888888888888888,0.5,1.2222222222222223,1.5555555555555556,0.875,2.25,0.058823529411764705,0.23529411764705882,0.49411764705882344,12.240851576981052,11.982404859551654,4.089897574907331,10.84084795339368,1.9110438602179538,0.25844671742939856
pl-2023-2023-12-26-man-united-v-aston-villa,2023-12-26,2023,Man United,Aston Villa,3,2,2,0.75,0.0,109.50563181754711,3,4,999,0,1.0,0,999,0,1.0,0,3,1,1.0,1.0,3.0,2.0,7.0,0.8,1.5555555555555556,1.0,1.2777777777777777,0.4,1.4,1.6666666666666667,1.4444444444444444,1.1111111111111112,1.5555555555555556,0.8888888888888888,1.0,0.3333333333333333,0.3888888888888889,-0.7555555555555555,12.081220016024211,12.143417810494649,4.031721464172599,10.888120077877847,1.9508268784785745,-0.06219779447043728,3.0,2.0,0.0,7.0,4.0,2.2,2.1666666666666665,2.111111111111111,1.2222222222222223,1.4,0.8,2.7777777777777777,1.5555555555555556,2.888888888888889,0.6666666666666666,1.3333333333333333,1.7777777777777777,0.2222222222222222,0.1111111111111111,0.03333333333333366,12.240851576981052,11.982404859551654,4.089897574907331,10.84084795339368,1.9110438602179538,0.25844671742939856
pl-2023-2023-12-26-burnley-v-liverpool,2023-12-26,2023,Burnley,Liverpool,0,2,0,0.125,0.0,62.7856626873246,3,3,999,0,1.0,0,999,0,1.0,0,0,3,2.0,1.0,2.0,8.0,4.0,1.4,0.6111111111111112,1.0,2.0,1.6,0.8,0.3333333333333333,0.8888888888888888,1.1111111111111112,2.4444444444444446,0.8888888888888888,1.5555555555555556,0.1111111111111111,0.3888888888888889,0.7888888888888888,12.081220016024211,12.143417810494649,4.031721464172599,10.888120077877847,1.9508268784785745,-0.06219779447043728,3.0,2.0,0.0,9.0,5.0,2.2,2.1666666666666665,2.0555555555555554,0.8888888888888888,1.8,1.0,2.5555555555555554,1.7777777777777777,2.4444444444444446,0.6666666666666666,1.6666666666666667,1.1111111111111112,0.3333333333333333,0.05555555555555555,0.03333333333333366,12.240851576981052,11.982404859551654,4.089897574907331,10.84084795339368,1.9110438602179538,0.25844671742939856
pl-2023-2023-12-26-bournemouth-v-fulham,2023-12-26,2023,Bournemouth,Fulham,3,0,2,0.75,0.0,139.69576434850953,3,3,999,0,1.0,0,999,0,1.0,0,2,0,4.0,1.0,0.0,13.0,5.0,2.6,1.2941176470588236,1.411764705882353,1.8823529411764706,2.6,1.0,1.125,1.4444444444444444,1.0,1.5,1.7777777777777777,2.2222222222222223,0.23529411764705882,0.23529411764705882,1.3058823529411765,12.081220016024211,12.143417810494649,4.031721464172599,10.888120077877847,1.9508268784785745,-0.06219779447043728,2.0,0.0,3.0,13.0,9.0,1.2,1.1666666666666667,1.4444444444444444,1.7222222222222223,2.6,1.8,1.6666666666666667,0.6666666666666666,1.8888888888888888,1.2222222222222223,1.0,2.2222222222222223,0.2777777777777778,0.3888888888888889,0.033333333333333215,12.240851576981052,11.982404859551654,4.089897574907331,10.84084795339368,1.9110438602179538,0.25844671742939856
pl-2023-2023-12-27-brentford-v-wolves,2023-12-27,2023,Brentford,Wolves,1,4,0,0.6666666666666666,0.0,175.26099274206268,10,3,999,0,1.0,0,999,0,1.0,0,1,0,1.0,0.0,4.0,5.0,7.0,0.6,1.1176470588235294,1.411764705882353,1.411764705882353,1.0,1.4,1.3333333333333333,0.875,1.7777777777777777,1.5555555555555556,1.0,1.25,0.17647058823529413,0.23529411764705882,-0.5176470588235295,12.081220016024211,12.143417810494649,4.031721464172599,10.888120077877847,1.9508268784785745,-0.06219779447043728,2.0,1.0,2.0,5.0,7.0,1.4,1.2222222222222223,1.2777777777777777,1.6666666666666667,1.0,1.4,1.6666666666666667,0.7777777777777778,1.4444444444444444,1.5555555555555556,1.1111111111111112,1.7777777777777777,0.1111111111111111,0.1111111111111111,0.1777777777777776,12.240851576981052,11.982404859551654,4.089897574907331,10.84084795339368,1.9110438602179538,0.25844671742939856
pl-2023-2023-12-27-everton-v-man-city,2023-12-27,2023,Everton,Man City,1,3,0,0.16666666666666666,0.0,50.94603140423654,4,11,999,0,1.0,0,999,0,1.0,0,3,1,4.0,0.0,1.0,9.0,2.0,2.4,1.4444444444444444,1.2777777777777777,1.2222222222222223,1.8,0.4,1.1111111111111112,1.7777777777777777,1.1111111111111112,1.0,1.4444444444444444,1.4444444444444444,0.3333333333333333,0.3333333333333333,0.9555555555555555,12.081220016024211,12.143417810494649,4.031721464172599,10.888120077877847,1.9508268784785745,-0.06219779447043728,1.0,3.0,1.0,8.0,8.0,1.2,2.0,2.3529411764705883,1.1764705882352942,1.6,1.6,2.25,1.7777777777777777,2.75,1.125,2.0,1.2222222222222223,0.23529411764705882,0.11764705882352941,-0.8,12.240851576981052,11.982404859551654,4.089897574907331,10.84084795339368,1.9110438602179538,0.25844671742939856
pl-2023-2023-12-27-chelsea-v-crystal-palace,2023-12-27,2023,Chelsea,Crystal Palace,2,1,2,0.75,0.0,11.84093067606262,3,6,999,0,1.0,0,999,0,1.0,0,3,3,2.0,0.0,3.0,7.0,8.0,1.2,1.2222222222222223,1.6111111111111112,1.5555555555555556,1.4,1.6,1.3333333333333333,1.1111111111111112,1.6666666666666667,1.4444444444444444,1.5555555555555556,1.6666666666666667,0.2222222222222222,0.2777777777777778,-0.022222222222222365,12.081220016024211,12.143417810494649,4.031721464172599,10.888120077877847,1.9508268784785745,-0.06219779447043728,0.0,3.0,2.0,5.0,8.0,0.6,1.0,1.0,1.4444444444444444,1.0,1.6,0.6666666666666666,1.3333333333333333,0.8888888888888888,1.4444444444444444,1.1111111111111112,1.4444444444444444,0.2777777777777778,0.2777777777777778,-0.4,12.240851576981052,11.982404859551654,4.089897574907331,10.84084795339368,1.9110438602179538,0.25844671742939856
pl-2023-2023-12-28-brighton-v-tottenham,2023-12-28,2023,Brighton,Tottenham,4,2,2,0.6666666666666666,0.0,82.62630823994282,7,5,999,0,1.0,0,999,0,1.0,0,1,1,1.0,2.0,2.0,6.0,8.0,1.0,1.5,1.8888888888888888,1.7222222222222223,1.2,1.6,1.7777777777777777,1.2222222222222223,2.0,1.3333333333333333,1.7777777777777777,2.111111111111111,0.0,0.05555555555555555,-0.5,12.081220016024211,12.143417810494649,4.031721464172599,10.888120077877847,1.9508268784785745,-0.06219779447043728,3.0,1.0,1.0,12.0,7.0,2.0,2.0,2.0555555555555554,1.3333333333333333,2.4,1.4,2.0,2.0,1.8888888888888888,1.3333333333333333,2.2222222222222223,1.3333333333333333,0.2777777777777778,0.0,0.0,12.240851576981052,11.982404859551654,4.089897574907331,10.84084795339368,1.9110438602179538,0.25844671742939856
pl-2023-2023-12-28-arsenal-v-west-ham,2023-12-28,2023,Arsenal,West Ham,0,2,0,0.6666666666666666,0.0,8.67018537850872,5,5,999,0,1.0,0,999,0,1.0,0,5,0,3.0,1.0,1.0,9.0,6.0,2.0,2.2222222222222223,2.0,0.8888888888888888,1.8,1.2,2.5555555555555554,1.8888888888888888,2.4444444444444446,0.8888888888888888,1.5555555555555556,0.8888888888888888,0.3888888888888889,0.1111111111111111,-0.22222222222222232,12.081220016024211,12.143417810494649,4.031721464172599,10.888120077877847,1.9508268784785745,-0.06219779447043728,3.0,1.0,1.0,8.0,7.0,2.0,1.6666666666666667,1.7222222222222223,1.6666666666666667,1.6,1.4,1.8888888888888888,1.4444444444444444,1.8888888888888888,1.1111111111111112,1.5555555555555556,2.2222222222222223,0.16666666666666666,0.1111111111111111,0.33333333333333326,12.240851576981052,11.982404859551654,4.089897574907331,10.84084795339368,1.9110438602179538,0.25844671742939856
pl-2023-2023-12-30-luton-v-chelsea,2023-12-30,2023,Luton,Chelsea,2,3,0,0.0,0.0,47.88906262487709,4,3,999,0,1.0,0,999,0,1.0,0,0,3,2.0,0.0,3.0,9.0,11.0,1.2,0.8333333333333334,1.1666666666666667,1.8888888888888888,1.8,2.2,0.8888888888888888,0.7777777777777778,1.2222222222222223,1.5555555555555556,1.1111111111111112,2.2222222222222223,0.05555555555555555,0.2222222222222222,0.3666666666666666,12.081220016024211,12.143417810494649,4.031721464172599,10.888120077877847,1.9508268784785745,-0.06219779447043728,2.0,0.0,3.0,6.0,7.0,1.2,1.3157894736842106,1.631578947368421,1.5263157894736843,1.2,1.4,1.5,1.1111111111111112,1.7,1.4,1.5555555555555556,1.6666666666666667,0.21052631578947367,0.2631578947368421,-0.11578947368421066,12.240851576981052,11.982404859551654,4.089897574907331,10.84084795339368,1.9110438602179538,0.25844671742939856
pl-2023-2023-12-30-wolves-v-everton,2023-12-30,2023,Wolves,Everton,3,0,2,0.5,0.0,109.72444126016762,3,3,999,0,1.0,0,999,0,1.0,0,0,3,3.0,1.0,1.0,8.0,6.0,2.0,1.3157894736842106,1.4210526315789473,1.631578947368421,1.6,1.2,1.6666666666666667,1.0,1.4444444444444444,1.5555555555555556,1.4,1.7,0.10526315789473684,0.10526315789473684,0.6842105263157894,12.081220016024211,12.143417810494649,4.031721464172599,10.888120077877847,1.9508268784785745,-0.06219779447043728,3.0,0.0,2.0,9.0,5.0,1.8,1.368421052631579,1.263157894736842,1.3157894736842106,1.8,1.0,1.0,1.7777777777777777,1.1,1.2,1.4444444444444444,1.4444444444444444,0.3157894736842105,0.3157894736842105,0.43157894736842106,12.240851576981052,11.982404859551654,4.089897574907331,10.84084795339368,1.9110438602179538,0.25844671742939856
pl-2023-2023-12-30-man-city-v-sheffield-united,2023-12-30,2023,Man City,Sheffield United,2,0,2,1.0,0.0,49.90788488240384,3,4,999,0,1.0,0,999,0,1.0,0,1,0,2.0,2.0,1.0,10.0,8.0,1.6,2.0555555555555554,2.388888888888889,1.1666666666666667,2.0,1.6,2.25,1.9,2.75,1.125,2.1,1.2,0.2222222222222222,0.1111111111111111,-0.45555555555555527,12.081220016024211,12.143417810494649,4.031721464172599,10.888120077877847,1.9508268784785745,-0.06219779447043728,1.0,1.0,3.0,4.0,8.0,0.8,0.47368421052631576,0.7894736842105263,2.473684210526316,0.8,1.6,0.7,0.2222222222222222,1.0,2.4,0.5555555555555556,2.5555555555555554,0.05263157894736842,0.3684210526315789,0.3263157894736843,12.240851576981052,11.982404859551654,4.089897574907331,10.84084795339368,1.9110438602179538,0.25844671742939856
pl-2023-2023-12-30-crystal-palace-v-brentford,2023-12-30,2023,Crystal Palace,Brentford,3,1,2,0.5,0.0,17.684697650519446,3,3,999,0,1.0,0,999,0,1.0,0,3,1,0.0,2.0,3.0,5.0,9.0,0.4,0.9473684210526315,1.0,1.4736842105263157,1.0,1.8,0.6666666666666666,1.2,0.8888888888888888,1.4444444444444444,1.1,1.5,0.2631578947368421,0.2631578947368421,-0.5473684210526315,12.081220016024211,12.143417810494649,4.031721464172599,10.888120077877847,1.9508268784785745,-0.06219779447043728,1.0,0.0,4.0,6.0,10.0,0.6,1.0555555555555556,1.3888888888888888,1.5555555555555556,1.2,2.0,1.2,0.875,1.7,1.8,1.0,1.25,0.16666666666666666,0.2222222222222222,-0.4555555555555556,12.240851576981052,11.982404859551654,4.089897574907331,10.84084795339368,1.9110438602179538,0.25844671742939856
pl-2023-2023-12-30-aston-villa-v-burnley,2023-12-30,2023,Aston Villa,Burnley,3,2,2,0.875,0.0,144.17655894300106,4,4,999,0,1.0,0,999,0,1.0,0,1,0,3.0,1.0,1.0,7.0,5.0,2.0,2.0526315789473686,2.1052631578947367,1.3157894736842106,1.4,1.0,2.7777777777777777,1.4,2.888888888888889,0.6666666666666666,1.4,1.9,0.21052631578947367,0.10526315789473684,-0.052631578947368585,12.081220016024211,12.143417810494649,4.031721464172599,10.888120077877847,1.9508268784785745,-0.06219779447043728,1.0,1.0,3.0,3.0,6.0,0.8,0.5789473684210527,0.9473684210526315,2.0,0.6,1.2,0.3,0.8888888888888888,1.0,2.4,0.8888888888888888,1.5555555555555556,0.10526315789473684,0.42105263157894735,0.2210526315789474,12.240851576981052,11.982404859551654,4.089897574907331,10.84084795339368,1.9110438602179538,0.25844671742939856
pl-2023-2023-12-30-nott-m-forest-v-man-united,2023-12-30,2023,Nott'm Forest,Man United,2,1,2,0.5833333333333334,0.0,96.38251389166221,4,4,999,0,1.0,0,999,0,1.0,0,2,3,1.0,1.0,3.0,6.0,12.0,0.8,0.8947368421052632,1.1578947368421053,1.7894736842105263,1.2,2.4,1.0,0.8,1.3333333333333333,1.5555555555555556,1.0,2.0,0.15789473684210525,0.3157894736842105,-0.09473684210526312,12.081220016024211,12.143417810494649,4.031721464172599,10.888120077877847,1.9508268784785745,-0.06219779447043728,2.0,1.0,2.0,5.0,8.0,1.4,1.631578947368421,1.105263157894737,1.3157894736842106,1.0,1.6,1.8,1.4444444444444444,1.3,1.6,0.8888888888888888,1.0,0.3157894736842105,0.3684210526315789,-0.2315789473684211,12.240851576981052,11.982404859551654,4.089897574907331,10.84084795339368,1.9110438602179538,0.25844671742939856
pl-2023-2023-12-31-fulham-v-arsenal,2023-12-31,2023,Fulham,Arsenal,2,1,2,0.3333333333333333,0.0,12.102078440930182,5,3,999,0,1.0,0,999,0,1.0,0,0,5,2.0,0.0,3.0,10.0,8.0,1.2,1.105263157894737,1.368421052631579,1.7894736842105263,2.0,1.6,1.6666666666666667,0.6,1.8888888888888888,1.2222222222222223,0.9,2.3,0.2631578947368421,0.42105263157894735,0.09473684210526301,12.081220016024211,12.143417810494649,4.031721464172599,10.888120077877847,1.9508268784785745,-0.06219779447043728,2.0,1.0,2.0,7.0,7.0,1.4,2.1052631578947367,1.894736842105263,0.9473684210526315,1.4,1.4,2.3,1.8888888888888888,2.2,1.0,1.5555555555555556,0.8888888888888888,0.3684210526315789,0.15789473684210525,-0.7052631578947368,12.240851576981052,11.982404859551654,4.089897574907331,10.84084795339368,1.9110438602179538,0.25844671742939856
pl-2023-2023-12-31-tottenham-v-bournemouth,2023-12-31,2023,Tottenham,Bournemouth,3,1,2,0.4166666666666667,0.0,156.83846275039934,3,5,999,0,1.0,0,999,0,1.0,0,1,2,3.0,0.0,2.0,11.0,8.0,1.8,1.894736842105263,2.0526315789473686,1.4736842105263157,2.2,1.6,2.0,1.8,1.8888888888888888,1.3333333333333333,2.2,1.6,0.2631578947368421,0.0,-0.09473684210526301,12.081220016024211,12.143417810494649,4.031721464172599,10.888120077877847,1.9508268784785745,-0.06219779447043728,4.0,1.0,0.0,13.0,4.0,2.6,1.3888888888888888,1.5,1.7777777777777777,2.6,0.8,1.3333333333333333,1.4444444444444444,1.2222222222222223,1.3333333333333333,1.7777777777777777,2.2222222222222223,0.2777777777777778,0.2222222222222222,1.2111111111111112,12.240851576981052,11.982404859551654,4.089897574907331,10.84084795339368,1.9110438602179538,0.25844671742939856
pl-2023-2024-01-01-liverpool-v-newcastle,2024-01-01,2023,Liverpool,Newcastle,4,2,2,0.8571428571428571,0.0,192.88502417995036,6,6,999,0,1.0,0,999,0,1.0,0,3,3,3.0,2.0,0.0,7.0,2.0,2.2,2.210526315789474,2.0526315789473686,0.8421052631578947,1.4,0.4,2.5555555555555554,1.9,2.4444444444444446,0.6666666666666666,1.7,1.0,0.3684210526315789,0.05263157894736842,-0.010526315789473717,12.081220016024211,12.143417810494649,4.031721464172599,10.888120077877847,1.9508268784785745,-0.06219779447043728,1.0,0.0,4.0,5.0,11.0,0.6,1.5263157894736843,1.9473684210526316,1.3157894736842106,1.0,2.2,2.4,0.5555555555555556,2.3,0.7,1.5555555555555556,2.0,0.3684210526315789,0.21052631578947367,-0.9263157894736843,12.240851576981052,11.982404859551654,4.089897574907331,10.84084795339368,1.9110438602179538,0.25844671742939856
pl-2023-2024-01-02-west-ham-v-brighton,2024-01-02,2023,West Ham,Brighton,0,0,1,0.5,0.0,75.7050417120277,5,5,999,0,1.0,0,999,0,1.0,0,0,1,4.0,0.0,1.0,9.0,6.0,2.4,1.736842105263158,1.736842105263158,1.5789473684210527,1.8,1.2,1.8888888888888888,1.6,1.8888888888888888,1.1111111111111112,1.6,2.0,0.21052631578947367,0.10526315789473684,0.663157894736842,12.081220016024211,12.143417810494649,4.031721464172599,10.888120077877847,1.9508268784785745,-0.06219779447043728,2.0,2.0,1.0,8.0,7.0,1.6,1.5789473684210527,2.0,1.736842105263158,1.6,1.4,1.9,1.2222222222222223,2.2,1.4,1.7777777777777777,2.111111111111111,0.0,0.05263157894736842,0.021052631578947434,12.240851576981052,11.982404859551654,4.089897574907331,10.84084795339368,1.9110438602179538,0.25844671742939856
pl-2023-2024-01-12-burnley-v-luton,2024-01-12,2023,Burnley,Luton,1,1,1,0.75,0.0,243.58919556297192,13,13,999,0,1.0,0,999,0,1.0,0,0,0,1.0,1.0,3.0,5.0,8.0,0.8,0.55,1.0,2.05,1.0,1.6,0.3,0.8,1.0,2.4,1.0,1.7,0.1,0.4,0.25,12.081220016024211,12.143417810494649,4.031721464172599,10.888120077877847,1.9508268784785745,-0.06219779447043728,2.0,0.0,3.0,10.0,11.0,1.2,0.7894736842105263,1.2105263157894737,1.9473684210526316,2.0,2.2,0.8,0.7777777777777778,1.3,1.7,1.1111111111111112,2.2222222222222223,0.05263157894736842,0.21052631578947367,0.41052631578947363,12.240851576981052,11.982404859551654,4.089897574907331,10.84084795339368,1.9110438602179538,0.25844671742939856
pl-2023-2024-01-13-chelsea-v-fulham,2024-01-13,2023,Chelsea,Fulham,1,0,2,0.7142857142857143,0.0,2.218613585674892,14,13,999,0,1.0,0,999,0,1.0,0,3,0,3.0,0.0,2.0,8.0,7.0,1.8,1.4,1.7,1.55,1.6,1.4,1.5,1.3,1.7,1.4,1.7,1.7,0.2,0.25,0.40000000000000013,12.081220016024211,12.143417810494649,4.031721464172599,10.888120077877847,1.9508268784785745,-0.06219779447043728,2.0,0.0,3.0,7.0,9.0,1.2,1.2,1.4,1.75,1.4,1.8,1.8,0.6,1.9,1.2,0.9,2.3,0.25,0.4,0.0,12.240851576981052,11.982404859551654,4.089897574907331,10.84084795339368,1.9110438602179538,0.25844671742939856
pl-2023-2024-01-13-newcastle-v-man-city,2024-01-13,2023,Newcastle,Man City,2,3,0,0.25,0.0,170.21743081390886,12,14,999,0,1.0,0,999,0,1.0,0,3,1,1.0,0.0,4.0,7.0,12.0,0.6,1.45,1.95,1.45,1.4,2.4,2.4,0.5,2.3,0.7,1.6,2.2,0.35,0.2,-0.85,12.081220016024211,12.143417810494649,4.031721464172599,10.888120077877847,1.9508268784785745,-0.06219779447043728,3.0,1.0,1.0,9.0,5.0,2.0,2.1052631578947367,2.3684210526315788,1.105263157894737,1.8,1.0,2.3333333333333335,1.9,2.6666666666666665,1.0,2.1,1.2,0.2631578947368421,0.10526315789473684,-0.10526315789473673,12.240851576981052,11.982404859551654,4.089897574907331,10.84084795339368,1.9110438602179538,0.25844671742939856
pl-2023-2024-01-14-everton-v-aston-villa,2024-01-14,2023,Everton,Aston Villa,0,0,1,0.3333333333333333,0.0,126.22335550924237,15,15,999,0,1.0,0,999,0,1.0,0,3,1,2.0,0.0,3.0,6.0,8.0,1.2,1.3,1.2,1.4,1.2,1.6,1.0,1.6,1.1,1.2,1.3,1.6,0.3,0.35,-0.10000000000000009,12.081220016024211,12.143417810494649,4.031721464172599,10.888120077877847,1.9508268784785745,-0.06219779447043728,3.0,1.0,1.0,9.0,7.0,2.0,2.1,2.15,1.35,1.8,1.4,2.8,1.4,2.9,0.8,1.4,1.9,0.2,0.1,-0.10000000000000009,12.240851576981052,11.982404859551654,4.089897574907331,10.84084795339368,1.9110438602179538,0.25844671742939856
pl-2023-2024-01-14-man-united-v-tottenham,2024-01-14,2023,Man United,Tottenham,2,2,1,0.3333333333333333,0.0,255.66645513785016,15,14,999,0,1.0,0,999,0,1.0,0,3,1,1.0,1.0,3.0,4.0,9.0,0.8,1.55,1.1,1.35,0.8,1.8,1.8,1.3,1.3,1.6,0.9,1.1,0.3,0.35,-0.75,12.081220016024211,12.143417810494649,4.031721464172599,10.888120077877847,1.9508268784785745,-0.06219779447043728,4.0,0.0,1.0,13.0,7.0,2.4,1.95,2.1,1.45,2.6,1.4,2.1,1.8,2.0,1.3,2.2,1.6,0.25,0.0,0.44999999999999996,12.240851576981052,11.982404859551654,4.089897574907331,10.84084795339368,1.9110438602179538,0.25844671742939856
pl-2023-2024-01-20-arsenal-v-crystal-palace,2024-01-20,2023,Arsenal,Crystal Palace,5,0,2,0.9166666666666666,0.0,17.734165873614728,20,21,999,0,1.0,0,999,0,1.0,0,5,3,1.0,1.0,3.0,4.0,6.0,0.8,2.0,1.85,1.0,0.8,1.2,2.3,1.7,2.2,1.0,1.5,1.0,0.35,0.15,-1.2,12.081220016024211,12.143417810494649,4.031721464172599,10.888120077877847,1.9508268784785745,-0.06219779447043728,1.0,2.0,2.0,8.0,8.0,1.0,1.05,1.1,1.45,1.6,1.6,0.9,1.2,1.1,1.4,1.1,1.5,0.25,0.25,-0.050000000000000044,12.240851576981052,11.982404859551654,4.089897574907331,10.84084795339368,1.9110438602179538,0.25844671742939856
pl-2023-2024-01-20-brentford-v-nott-m-forest,2024-01-20,2023,Brentford,Nott'm Forest,3,2,2,0.4166666666666667,0.0,171.07109319906445,21,21,999,0,1.0,0,999,0,1.0,0,1,2,0.0,0.0,5.0,4.0,12.0,0.0,1.0,1.368421052631579,1.631578947368421,0.8,2.4,1.2,0.7777777777777778,1.7,1.8,1.0,1.4444444444444444,0.15789473684210525,0.21052631578947367,-1.0,12.081220016024211,12.143417810494649,4.031721464172599,10.888120077877847,1.9508268784785745,-0.06219779447043728,2.0,1.0,2.0,8.0,8.0,1.4,1.0,1.2,1.75,1.6,1.6,1.2,0.8,1.4,1.5,1.0,2.0,0.15,0.3,0.3999999999999999,12.240851576981052,11.982404859551654,4.089897574907331,10.84084795339368,1.9110438602179538,0.25844671742939856
pl-2023-2024-01-21-sheffield-united-v-west-ham,2024-01-21,2023,Sheffield United,West Ham,2,2,1,0.25,0.0,227.1547124321802,22,19,999,0,1.0,0,999,0,1.0,0,0,0,1.0,1.0,3.0,4.0,8.0,0.8,0.45,0.75,2.45,0.8,1.6,0.7,0.2,1.0,2.4,0.5,2.5,0.05,0.4,0.35000000000000003,12.081220016024211,12.143417810494649,4.031721464172599,10.888120077877847,1.9508268784785745,-0.06219779447043728,3.0,1.0,1.0,7.0,5.0,2.0,1.7,1.65,1.5,1.4,1.0,1.8,1.6,1.7,1.0,1.6,2.0,0.25,0.15,0.30000000000000004,12.240851576981052,11.982404859551654,4.089897574907331,10.84084795339368,1.9110438602179538,0.25844671742939856
pl-2023-2024-01-21-bournemouth-v-liverpool,2024-01-21,2023,Bournemouth,Liverpool,0,4,0,0.14285714285714285,0.0,309.521114049522,21,20,999,0,1.0,0,999,0,1.0,0,2,3,4.0,0.0,1.0,12.0,5.0,2.4,1.3157894736842106,1.4736842105263157,1.8421052631578947,2.4,1.0,1.3333333333333333,1.3,1.2222222222222223,1.3333333333333333,1.7,2.3,0.2631578947368421,0.21052631578947367,1.0842105263157893,12.081220016024211,12.143417810494649,4.031721464172599,10.888120077877847,1.9508268784785745,-0.06219779447043728,3.0,2.0,0.0,9.0,4.0,2.2,2.25,2.15,0.9,1.8,0.8,2.6,1.9,2.6,0.8,1.7,1.0,0.35,0.05,-0.04999999999999982,12.240851576981052,11.982404859551654,4.089897574907331,10.84084795339368,1.9110438602179538,0.25844671742939856
pl-2023-2024-01-22-brighton-v-wolves,2024-01-22,2023,Brighton,Wolves,0,0,1,0.75,0.0,238.39269471328316,20,23,999,0,1.0,0,999,0,1.0,0,1,0,1.0,3.0,1.0,6.0,6.0,1.2,1.55,1.9,1.65,1.2,1.2,1.9,1.2,2.2,1.4,1.6,1.9,0.05,0.1,-0.3500000000000001,12.081220016024211,12.143417810494649,4.031721464172599,10.888120077877847,1.9508268784785745,-0.06219779447043728,3.0,1.0,1.0,10.0,6.0,2.0,1.4,1.5,1.55,2.0,1.2,1.8,1.0,1.6,1.4,1.4,1.7,0.15,0.1,0.6000000000000001,12.240851576981052,11.982404859551654,4.089897574907331,10.84084795339368,1.9110438602179538,0.25844671742939856
pl-2023-2024-01-30-crystal-palace-v-sheffield-united,2024-01-30,2023,Crystal Palace,Sheffield United,3,2,2,1.0,0.0,238.56337983294833,10,9,999,0,1.0,0,999,0,1.0,0,3,0,1.0,2.0,2.0,7.0,11.0,1.0,1.0,1.0476190476190477,1.619047619047619,1.4,2.2,0.9,1.0909090909090908,1.1,1.4,1.0,1.8181818181818181,0.23809523809523808,0.2857142857142857,0.0,12.081220016024211,12.143417810494649,4.031721464172599,10.888120077877847,1.9508268784785745,-0.06219779447043728,0.0,2.0,3.0,5.0,10.0,0.4,0.47619047619047616,0.8095238095238095,2.4285714285714284,1.0,2.0,0.7272727272727273,0.2,1.0909090909090908,2.3636363636363638,0.5,2.5,0.047619047619047616,0.38095238095238093,-0.07619047619047614,12.240851576981052,11.982404859551654,4.089897574907331,10.84084795339368,1.9110438602179538,0.25844671742939856
pl-2023-2024-01-30-luton-v-brighton,2024-01-30,2023,Luton,Brighton,4,0,2,0.5,0.0,116.46981683642669,18,8,999,0,1.0,0,999,0,1.0,0,0,1,2.0,1.0,2.0,8.0,8.0,1.4,0.8,1.2,1.9,1.6,1.6,0.8,0.8,1.3,1.7,1.1,2.1,0.05,0.2,0.5999999999999999,12.081220016024211,12.143417810494649,4.031721464172599,10.888120077877847,1.9508268784785745,-0.06219779447043728,1.0,3.0,1.0,5.0,5.0,1.2,1.5238095238095237,1.8095238095238095,1.5714285714285714,1.0,1.0,1.8181818181818181,1.2,2.0,1.2727272727272727,1.6,1.9,0.09523809523809523,0.14285714285714285,-0.32380952380952377,12.240851576981052,11.982404859551654,4.089897574907331,10.84084795339368,1.9110438602179538,0.25844671742939856
pl-2023-2024-01-30-aston-villa-v-newcastle,2024-01-30,2023,Aston Villa,Newcastle,1,3,0,0.4166666666666667,0.0,274.7846475513572,16,17,999,0,1.0,0,999,0,1.0,0,1,3,2.0,2.0,1.0,8.0,7.0,1.6,2.0476190476190474,2.0476190476190474,1.2857142857142858,1.6,1.4,2.8,1.3636363636363635,2.9,0.8,1.2727272727272727,1.7272727272727273,0.23809523809523808,0.14285714285714285,-0.44761904761904736,12.081220016024211,12.143417810494649,4.031721464172599,10.888120077877847,1.9508268784785745,-0.06219779447043728,1.0,0.0,4.0,8.0,11.0,0.6,1.380952380952381,1.9523809523809523,1.5238095238095237,1.6,2.2,2.1818181818181817,0.5,2.272727272727273,0.9090909090909091,1.6,2.2,0.3333333333333333,0.19047619047619047,-0.780952380952381,12.240851576981052,11.982404859551654,4.089897574907331,10.84084795339368,1.9110438602179538,0.25844671742939856
pl-2023-2024-01-30-fulham-v-everton,2024-01-30,2023,Fulham,Everton,0,0,1,0.3333333333333333,0.0,286.81320916405326,17,16,999,0,1.0,0,999,0,1.0,0,0,3,1.0,0.0,4.0,2.0,10.0,0.6,1.1428571428571428,1.3333333333333333,1.7142857142857142,0.4,2.0,1.8,0.5454545454545454,1.9,1.2,0.8181818181818182,2.1818181818181817,0.23809523809523808,0.42857142857142855,-0.5428571428571428,12.081220016024211,12.143417810494649,4.031721464172599,10.888120077877847,1.9508268784785745,-0.06219779447043728,1.0,1.0,3.0,4.0,8.0,0.8,1.2857142857142858,1.1428571428571428,1.3333333333333333,0.8,1.6,1.0,1.6,1.0,1.0909090909090908,1.3,1.6,0.3333333333333333,0.38095238095238093,-0.48571428571428577,12.240851576981052,11.982404859551654,4.089897574907331,10.84084795339368,1.9110438602179538,0.25844671742939856
pl-2023-2024-01-30-nott-m-forest-v-arsenal,2024-01-30,2023,Nott'm Forest,Arsenal,1,2,0,0.16666666666666666,0.0,169.03828783728213,10,10,999,0,1.0,0,999,0,1.0,0,2,5,2.0,0.0,3.0,9.0,10.0,1.2,0.9523809523809523,1.2380952380952381,1.8095238095238095,1.8,2.0,1.2,0.7272727272727273,1.4,1.5,1.0909090909090908,2.090909090909091,0.14285714285714285,0.2857142857142857,0.24761904761904763,12.081220016024211,12.143417810494649,4.031721464172599,10.888120077877847,1.9508268784785745,-0.06219779447043728,2.0,1.0,2.0,9.0,5.0,1.4,2.0476190476190474,2.0,0.9523809523809523,1.8,1.0,2.3636363636363638,1.7,2.4545454545454546,0.9090909090909091,1.5,1.0,0.38095238095238093,0.14285714285714285,-0.6476190476190475,12.240851576981052,11.982404859551654,4.089897574907331,10.84084795339368,1.9110438602179538,0.25844671742939856
pl-2023-2024-01-31-tottenham-v-brentford,2024-01-31,2023,Tottenham,Brentford,3,2,2,0.7142857142857143,0.0,20.10633019120403,17,11,999,0,1.0,0,999,0,1.0,0,1,1,3.0,1.0,1.0,11.0,8.0,2.0,1.9047619047619047,2.0952380952380953,1.4761904761904763,2.2,1.6,2.1,1.7272727272727273,2.0,1.3,2.1818181818181817,1.6363636363636365,0.23809523809523808,0.0,0.09523809523809534,12.081220016024211,12.143417810494649,4.031721464172599,10.888120077877847,1.9508268784785745,-0.06219779447043728,1.0,0.0,4.0,6.0,12.0,0.6,1.1,1.45,1.65,1.2,2.4,1.3636363636363635,0.7777777777777778,1.8181818181818181,1.8181818181818181,1.0,1.4444444444444444,0.15,0.2,-0.5000000000000001,12.240851576981052,11.982404859551654,4.089897574907331,10.84084795339368,1.9110438602179538,0.25844671742939856
pl-2023-2024-01-31-man-city-v-burnley,2024-01-31,2023,Man City,Burnley,3,1,2,1.0,0.0,34.08308364984009,18,19,999,0,1.0,0,999,0,1.0,0,1,0,4.0,1.0,0.0,12.0,6.0,2.6,2.15,2.4,1.15,2.4,1.2,2.3333333333333335,2.0,2.6666666666666665,1.0,2.1818181818181817,1.2727272727272727,0.25,0.1,0.4500000000000002,12.081220016024211,12.143417810494649,4.031721464172599,10.888120077877847,1.9508268784785745,-0.06219779447043728,1.0,1.0,3.0,5.0,8.0,0.8,0.5714285714285714,1.0,2.0,1.0,1.6,0.36363636363636365,0.8,1.0,2.272727272727273,1.0,1.7,0.09523809523809523,0.38095238095238093,0.22857142857142865,12.240851576981052,11.982404859551654,4.089897574907331,10.84084795339368,1.9110438602179538,0.25844671742939856
pl-2023-2024-01-31-liverpool-v-chelsea,2024-01-31,2023,Liverpool,Chelsea,4,1,2,0.5,0.0,286.87429172934014,10,18,999,0,1.0,0,999,0,1.0,0,3,3,3.0,2.0,0.0,11.0,3.0,2.2,2.2857142857142856,2.238095238095238,0.8571428571428571,2.2,0.6,2.6,2.0,2.6,0.8,1.9090909090909092,0.9090909090909091,0.38095238095238093,0.047619047619047616,-0.08571428571428541,12.081220016024211,12.143417810494649,4.031721464172599,10.888120077877847,1.9508268784785745,-0.06219779447043728,4.0,0.0,1.0,9.0,5.0,2.4,1.4761904761904763,1.6666666666666667,1.4761904761904763,1.8,1.0,1.6363636363636365,1.3,1.6363636363636365,1.2727272727272727,1.7,1.7,0.23809523809523808,0.23809523809523808,0.9238095238095236,12.240851576981052,11.982404859551654,4.089897574907331,10.84084795339368,1.9110438602179538,0.25844671742939856
pl-2023-2024-02-01-west-ham-v-bournemouth,2024-02-01,2023,West Ham,Bournemouth,1,1,1,0.5,0.0,157.23423717667953,11,11,999,0,1.0,0,999,0,1.0,0,0,2,3.0,2.0,0.0,9.0,2.0,2.2,1.6666666666666667,1.6666666666666667,1.5238095238095237,1.8,0.4,1.8,1.5454545454545454,1.7,1.0,1.6363636363636365,2.0,0.23809523809523808,0.14285714285714285,0.5333333333333334,12.081220016024211,12.143417810494649,4.031721464172599,10.888120077877847,1.9508268784785745,-0.06219779447043728,3.0,0.0,2.0,10.0,9.0,1.8,1.25,1.4,1.95,2.0,1.8,1.2,1.3,1.1,1.6,1.7,2.3,0.25,0.25,0.55,12.240851576981052,11.982404859551654,4.089897574907331,10.84084795339368,1.9110438602179538,0.25844671742939856
pl-2023-2024-02-01-wolves-v-man-united,2024-02-01,2023,Wolves,Man United,3,4,0,0.4166666666666667,0.0,97.66842531883373,10,18,999,0,1.0,0,999,0,1.0,0,0,3,3.0,1.0,1.0,9.0,5.0,2.0,1.380952380952381,1.4285714285714286,1.4761904761904763,1.8,1.0,1.8,1.0,1.6,1.4,1.2727272727272727,1.5454545454545454,0.19047619047619047,0.14285714285714285,0.6190476190476191,12.081220016024211,12.143417810494649,4.031721464172599,10.888120077877847,1.9508268784785745,-0.06219779447043728,1.0,2.0,2.0,6.0,8.0,1.0,1.5238095238095237,1.1428571428571428,1.380952380952381,1.2,1.6,1.7272727272727273,1.3,1.3636363636363635,1.6363636363636365,0.9,1.1,0.2857142857142857,0.3333333333333333,-0.5238095238095237,12.240851576981052,11.982404859551654,4.089897574907331,10.84084795339368,1.9110438602179538,0.25844671742939856
pl-2023-2024-02-03-sheffield-united-v-aston-villa,2024-02-03,2023,Sheffield United,Aston Villa,0,5,0,0.25,0.0,99.67705412676737,4,4,999,0,1.0,0,999,0,1.0,0,0,1,0.0,2.0,3.0,7.0,11.0,0.4,0.45454545454545453,0.8636363636363636,2.4545454545454546,1.4,2.2,0.7272727272727273,0.18181818181818182,1.0909090909090908,2.3636363636363638,0.6363636363636364,2.5454545454545454,0.045454545454545456,0.36363636363636365,-0.05454545454545451,12.081220016024211,12.143417810494649,4.031721464172599,10.888120077877847,1.9508268784785745,-0.06219779447043728,1.0,2.0,2.0,7.0,9.0,1.0,1.9545454545454546,2.0,1.3636363636363635,1.4,1.8,2.5454545454545454,1.3636363636363635,2.727272727272727,1.0,1.2727272727272727,1.7272727272727273,0.22727272727272727,0.13636363636363635,-0.9545454545454546,12.240851576981052,11.982404859551654,4.089897574907331,10.84084795339368,1.9110438602179538,0.25844671742939856
pl-2023-2024-02-03-brighton-v-crystal-palace,2024-02-03,2023,Brighton,Crystal Palace,4,1,2,0.3333333333333333,0.0,59.71204256723541,4,4,999,0,1.0,0,999,0,1.0,0,1,3,1.0,3.0,1.0,5.0,7.0,1.2,1.4545454545454546,1.7272727272727273,1.6818181818181819,1.0,1.4,1.8181818181818181,1.0909090909090908,2.0,1.2727272727272727,1.4545454545454546,2.090909090909091,0.09090909090909091,0.18181818181818182,-0.25454545454545463,12.081220016024211,12.143417810494649,4.031721464172599,10.888120077877847,1.9508268784785745,-0.06219779447043728,2.0,1.0,2.0,8.0,11.0,1.4,1.0909090909090908,1.1363636363636365,1.6363636363636365,1.6,2.2,1.0909090909090908,1.0909090909090908,1.2727272727272727,1.4545454545454546,1.0,1.8181818181818181,0.22727272727272727,0.2727272727272727,0.3090909090909091,12.240851576981052,11.982404859551654,4.089897574907331,10.84084795339368,1.9110438602179538,0.25844671742939856
pl-2023-2024-02-03-everton-v-tottenham,2024-02-03,2023,Everton,Tottenham,2,2,1,0.2857142857142857,0.0,283.0298619274761,4,3,999,0,1.0,0,999,0,1.0,0,3,1,0.0,2.0,3.0,2.0,8.0,0.4,1.2727272727272727,1.0909090909090908,1.2727272727272727,0.4,1.6,1.0,1.5454545454545454,1.0,1.0909090909090908,1.1818181818181819,1.4545454545454546,0.36363636363636365,0.4090909090909091,-0.8727272727272727,12.081220016024211,12.143417810494649,4.031721464172599,10.888120077877847,1.9508268784785745,-0.06219779447043728,3.0,1.0,1.0,12.0,10.0,2.0,1.9545454545454546,2.1363636363636362,1.5,2.4,2.0,2.1818181818181817,1.7272727272727273,2.090909090909091,1.3636363636363635,2.1818181818181817,1.6363636363636365,0.22727272727272727,0.0,0.045454545454545414,12.240851576981052,11.982404859551654,4.089897574907331,10.84084795339368,1.9110438602179538,0.25844671742939856
pl-2023-2024-02-03-burnley-v-fulham,2024-02-03,2023,Burnley,Fulham,2,2,1,0.375,0.0,290.8127914923902,3,4,999,0,1.0,0,999,0,1.0,0,0,0,1.0,1.0,3.0,6.0,9.0,0.8,0.5454545454545454,1.0,2.0454545454545454,1.2,1.8,0.36363636363636365,0.7272727272727273,1.0,2.272727272727273,1.0,1.8181818181818181,0.09090909090909091,0.36363636363636365,0.25454545454545463,12.081220016024211,12.143417810494649,4.031721464172599,10.888120077877847,1.9508268784785745,-0.06219779447043728,1.0,1.0,3.0,2.0,7.0,0.8,1.1363636363636365,1.2727272727272727,1.6363636363636365,0.4,1.4,1.7272727272727273,0.5454545454545454,1.7272727272727273,1.0909090909090908,0.8181818181818182,2.1818181818181817,0.2727272727272727,0.45454545454545453,-0.3363636363636364,12.240851576981052,11.982404859551654,4.089897574907331,10.84084795339368,1.9110438602179538,0.25844671742939856
pl-2023-2024-02-03-newcastle-v-luton,2024-02-03,2023,Newcastle,Luton,4,4,1,0.25,0.0,352.33043008710456,4,4,999,0,1.0,0,999,0,1.0,0,3,0,1.0,0.0,4.0,8.0,12.0,0.6,1.4545454545454546,2.0,1.5,1.6,2.4,2.1818181818181817,0.7272727272727273,2.272727272727273,0.9090909090909091,1.7272727272727273,2.090909090909091,0.3181818181818182,0.18181818181818182,-0.8545454545454546,12.081220016024211,12.143417810494649,4.031721464172599,10.888120077877847,1.9508268784785745,-0.06219779447043728,3.0,1.0,1.0,11.0,6.0,2.0,0.9047619047619048,1.3333333333333333,1.8095238095238095,2.2,1.2,1.0,0.8,1.5454545454545454,1.5454545454545454,1.1,2.1,0.09523809523809523,0.19047619047619047,1.0952380952380953,12.240851576981052,11.982404859551654,4.089897574907331,10.84084795339368,1.9110438602179538,0.25844671742939856
pl-2023-2024-02-04-man-united-v-west-ham,2024-02-04,2023,Man United,West Ham,3,0,2,0.3333333333333333,0.0,264.8392292446106,3,3,999,0,1.0,0,999,0,1.0,0,3,0,2.0,1.0,2.0,10.0,11.0,1.4,1.5909090909090908,1.2727272727272727,1.4545454545454546,2.0,2.2,1.7272727272727273,1.4545454545454546,1.3636363636363635,1.6363636363636365,1.1818181818181819,1.2727272727272727,0.2727272727272727,0.3181818181818182,-0.19090909090909092,12.081220016024211,12.143417810494649,4.031721464172599,10.888120077877847,1.9508268784785745,-0.06219779447043728,2.0,3.0,0.0,7.0,3.0,1.8,1.6363636363636365,1.6363636363636365,1.5,1.4,0.6,1.7272727272727273,1.5454545454545454,1.6363636363636365,1.0,1.6363636363636365,2.0,0.22727272727272727,0.13636363636363635,0.16363636363636358,12.240851576981052,11.982404859551654,4.089897574907331,10.84084795339368,1.9110438602179538,0.25844671742939856
pl-2023-2024-02-04-bournemouth-v-nott-m-forest,2024-02-04,2023,Bournemouth,Nott'm Forest,1,1,1,0.75,0.0,249.86718117491685,3,5,999,0,1.0,0,999,0,1.0,0,2,2,2.0,1.0,2.0,8.0,10.0,1.4,1.2380952380952381,1.380952380952381,1.9047619047619047,1.6,2.0,1.2,1.2727272727272727,1.1,1.6,1.6363636363636365,2.1818181818181817,0.23809523809523808,0.23809523809523808,0.16190476190476177,12.081220016024211,12.143417810494649,4.031721464172599,10.888120077877847,1.9508268784785745,-0.06219779447043728,2.0,0.0,3.0,10.0,10.0,1.2,0.9090909090909091,1.2272727272727273,1.8181818181818181,2.0,2.0,1.0909090909090908,0.7272727272727273,1.3636363636363635,1.5454545454545454,1.0909090909090908,2.090909090909091,0.13636363636363635,0.2727272727272727,0.2909090909090909,12.240851576981052,11.982404859551654,4.089897574907331,10.84084795339368,1.9110438602179538,0.25844671742939856
pl-2023-2024-02-04-chelsea-v-wolves,2024-02-04,2023,Chelsea,Wolves,2,4,0,0.6666666666666666,0.0,181.01584925623223,4,3,999,0,1.0,0,999,0,1.0,0,3,0,3.0,0.0,2.0,8.0,9.0,1.8,1.4090909090909092,1.6363636363636365,1.5909090909090908,1.6,1.8,1.6363636363636365,1.1818181818181819,1.6363636363636365,1.2727272727272727,1.6363636363636365,1.9090909090909092,0.22727272727272727,0.22727272727272727,0.3909090909090909,12.081220016024211,12.143417810494649,4.031721464172599,10.888120077877847,1.9508268784785745,-0.06219779447043728,3.0,1.0,1.0,12.0,6.0,2.0,1.3181818181818181,1.5,1.5909090909090908,2.4,1.2,1.6363636363636365,1.0,1.7272727272727273,1.6363636363636365,1.2727272727272727,1.5454545454545454,0.18181818181818182,0.13636363636363635,0.6818181818181819,12.240851576981052,11.982404859551654,4.089897574907331,10.84084795339368,1.9110438602179538,0.25844671742939856
pl-2023-2024-02-04-arsenal-v-liverpool,2024-02-04,2023,Arsenal,Liverpool,3,1,2,0.5,0.0,284.40571513290473,5,4,999,0,1.0,0,999,0,1.0,0,5,3,2.0,1.0,2.0,9.0,6.0,1.4,2.090909090909091,2.0,0.9545454545454546,1.8,1.2,2.3636363636363638,1.8181818181818181,2.4545454545454546,0.9090909090909091,1.5454545454545454,1.0,0.36363636363636365,0.13636363636363635,-0.6909090909090909,12.081220016024211,12.143417810494649,4.031721464172599,10.888120077877847,1.9508268784785745,-0.06219779447043728,4.0,1.0,0.0,15.0,4.0,2.6,2.3181818181818183,2.3181818181818183,0.8636363636363636,3.0,0.8,2.6363636363636362,2.0,2.727272727272727,0.8181818181818182,1.9090909090909092,0.9090909090909091,0.36363636363636365,0.045454545454545456,0.28181818181818175,12.240851576981052,11.982404859551654,4.089897574907331,10.84084795339368,1.9110438602179538,0.25844671742939856
pl-2023-2024-02-05-brentford-v-man-city,2024-02-05,2023,Brentford,Man City,1,3,0,0.08333333333333333,0.0,256.36792510973777,5,5,999,0,1.0,0,999,0,1.0,0,1,1,1.0,0.0,4.0,8.0,14.0,0.6,1.0476190476190477,1.4761904761904763,1.7142857142857142,1.6,2.8,1.3636363636363635,0.7,1.8181818181818181,1.8181818181818181,1.1,1.6,0.14285714285714285,0.19047619047619047,-0.4476190476190477,12.081220016024211,12.143417810494649,4.031721464172599,10.888120077877847,1.9508268784785745,-0.06219779447043728,4.0,1.0,0.0,13.0,6.0,2.6,2.1904761904761907,2.4285714285714284,1.1428571428571428,2.6,1.2,2.4,2.0,2.7,1.0,2.1818181818181817,1.2727272727272727,0.23809523809523808,0.09523809523809523,0.4095238095238094,12.240851576981052,11.982404859551654,4.089897574907331,10.84084795339368,1.9110438602179538,0.25844671742939856
pl-2023-2024-02-10-man-city-v-everton,2024-02-10,2023,Man City,Everton,2,0,2,0.8333333333333334,0.0,50.94603140423654,5,7,999,0,1.0,0,999,0,1.0,0,1,3,5.0,0.0,0.0,14.0,5.0,3.0,2.227272727272727,2.4545454545454546,1.1363636363636365,2.8,1.0,2.4,2.0833333333333335,2.7,1.0,2.25,1.25,0.22727272727272727,0.09090909090909091,0.7727272727272729,12.081220016024211,12.143417810494649,4.031721464172599,10.888120077877847,1.9508268784785745,-0.06219779447043728,0.0,3.0,2.0,3.0,8.0,0.6,1.2608695652173914,1.1304347826086956,1.3043478260869565,0.6,1.6,1.0,1.5454545454545454,1.0833333333333333,1.1666666666666667,1.1818181818181819,1.4545454545454546,0.34782608695652173,0.391304347826087,-0.6608695652173914,12.240851576981052,11.982404859551654,4.089897574907331,10.84084795339368,1.9110438602179538,0.25844671742939856
pl-2023-2024-02-10-fulham-v-bournemouth,2024-02-10,2023,Fulham,Bournemouth,3,1,2,0.25,0.0,139.69576434850953,7,6,999,0,1.0,0,999,0,1.0,0,0,2,1.0,2.0,2.0,4.0,7.0,1.0,1.1304347826086956,1.3043478260869565,1.6521739130434783,0.8,1.4,1.7272727272727273,0.5833333333333334,1.7272727272727273,1.0909090909090908,0.9166666666666666,2.1666666666666665,0.2608695652173913,0.43478260869565216,-0.13043478260869557,12.081220016024211,12.143417810494649,4.031721464172599,10.888120077877847,1.9508268784785745,-0.06219779447043728,1.0,2.0,2.0,6.0,9.0,1.0,1.2272727272727273,1.3636363636363635,1.8636363636363635,1.2,1.8,1.1818181818181819,1.2727272727272727,1.0909090909090908,1.5454545454545454,1.6363636363636365,2.1818181818181817,0.22727272727272727,0.22727272727272727,-0.2272727272727273,12.240851576981052,11.982404859551654,4.089897574907331,10.84084795339368,1.9110438602179538,0.25844671742939856
pl-2023-2024-02-10-liverpool-v-burnley,2024-02-10,2023,Liverpool,Burnley,3,1,2,0.875,0.0,62.7856626873246,6,7,999,0,1.0,0,999,0,1.0,0,3,0,4.0,0.0,1.0,15.0,6.0,2.4,2.217391304347826,2.260869565217391,0.9565217391304348,3.0,1.2,2.6363636363636362,1.8333333333333333,2.727272727272727,0.8181818181818182,1.8333333333333333,1.0833333333333333,0.34782608695652173,0.043478260869565216,0.18260869565217375,12.081220016024211,12.143417810494649,4.031721464172599,10.888120077877847,1.9508268784785745,-0.06219779447043728,0.0,2.0,3.0,6.0,11.0,0.4,0.5652173913043478,1.0434782608695652,2.0434782608695654,1.2,2.2,0.4166666666666667,0.7272727272727273,1.0833333333333333,2.25,1.0,1.8181818181818181,0.08695652173913043,0.34782608695652173,-0.16521739130434776,12.240851576981052,11.982404859551654,4.089897574907331,10.84084795339368,1.9110438602179538,0.25844671742939856
pl-2023-2024-02-10-luton-v-sheffield-united,2024-02-10,2023,Luton,Sheffield United,1,3,0,0.5,0.0,179.28840135321505,7,7,999,0,1.0,0,999,0,1.0,0,0,0,2.0,2.0,1.0,14.0,10.0,1.6,0.9090909090909091,1.4545454545454546,1.9090909090909092,2.8,2.0,1.0,0.8181818181818182,1.5454545454545454,1.5454545454545454,1.3636363636363635,2.272727272727273,0.09090909090909091,0.18181818181818182,0.690909090909091,12.081220016024211,12.143417810494649,4.031721464172599,10.888120077877847,1.9508268784785745,-0.06219779447043728,0.0,1.0,4.0,6.0,15.0,0.2,0.43478260869565216,0.8260869565217391,2.5652173913043477,1.2,3.0,0.6666666666666666,0.18181818181818182,1.0,2.5833333333333335,0.6363636363636364,2.5454545454545454,0.043478260869565216,0.391304347826087,-0.23478260869565215,12.240851576981052,11.982404859551654,4.089897574907331,10.84084795339368,1.9110438602179538,0.25844671742939856
pl-2023-2024-02-10-tottenham-v-brighton,2024-02-10,2023,Tottenham,Brighton,2,1,2,0.3333333333333333,0.0,82.62630823994282,7,7,999,0,1.0,0,999,0,1.0,0,1,1,2.0,2.0,1.0,12.0,11.0,1.6,1.9130434782608696,2.130434782608696,1.5217391304347827,2.4,2.2,2.1818181818181817,1.6666666666666667,2.090909090909091,1.3636363636363635,2.1666666666666665,1.6666666666666667,0.21739130434782608,0.0,-0.31304347826086953,12.081220016024211,12.143417810494649,4.031721464172599,10.888120077877847,1.9508268784785745,-0.06219779447043728,2.0,2.0,1.0,8.0,7.0,1.6,1.5217391304347827,1.826086956521739,1.6521739130434783,1.6,1.4,1.9166666666666667,1.0909090909090908,2.1666666666666665,1.25,1.4545454545454546,2.090909090909091,0.08695652173913043,0.17391304347826086,0.07826086956521738,12.240851576981052,11.982404859551654,4.089897574907331,10.84084795339368,1.9110438602179538,0.25844671742939856
pl-2023-2024-02-10-wolves-v-brentford,2024-02-10,2023,Wolves,Brentford,0,2,0,0.3333333333333333,0.0,175.26099274206268,6,5,999,0,1.0,0,999,0,1.0,0,0,1,3.0,1.0,1.0,14.0,7.0,2.0,1.391304347826087,1.608695652173913,1.608695652173913,2.8,1.4,1.6363636363636365,1.1666666666666667,1.7272727272727273,1.6363636363636365,1.5,1.5833333333333333,0.17391304347826086,0.13043478260869565,0.6086956521739131,12.081220016024211,12.143417810494649,4.031721464172599,10.888120077877847,1.9508268784785745,-0.06219779447043728,1.0,0.0,4.0,8.0,15.0,0.6,1.0,1.4545454545454546,1.7727272727272727,1.6,3.0,1.25,0.7,1.75,1.9166666666666667,1.1,1.6,0.13636363636363635,0.18181818181818182,-0.4,12.240851576981052,11.982404859551654,4.089897574907331,10.84084795339368,1.9110438602179538,0.25844671742939856
pl-2023-2024-02-10-nott-m-forest-v-newcastle,2024-02-10,2023,Nott'm Forest,Newcastle,2,3,0,0.25,0.0,228.42207866197433,6,7,999,0,1.0,0,999,0,1.0,0,2,3,2.0,1.0,2.0,9.0,8.0,1.4,0.9130434782608695,1.2173913043478262,1.7826086956521738,1.8,1.6,1.0909090909090908,0.75,1.3636363636363635,1.5454545454545454,1.0833333333333333,2.0,0.13043478260869565,0.2608695652173913,0.4869565217391304,12.081220016024211,12.143417810494649,4.031721464172599,10.888120077877847,1.9508268784785745,-0.06219779447043728,1.0,1.0,3.0,12.0,15.0,0.8,1.434782608695652,2.0869565217391304,1.608695652173913,2.4,3.0,2.0833333333333335,0.7272727272727273,2.4166666666666665,1.1666666666666667,1.7272727272727273,2.090909090909091,0.30434782608695654,0.17391304347826086,-0.6347826086956521,12.240851576981052,11.982404859551654,4.089897574907331,10.84084795339368,1.9110438602179538,0.25844671742939856
pl-2023-2024-02-11-west-ham-v-arsenal,2024-02-11,2023,West Ham,Arsenal,0,6,0,0.3333333333333333,0.0,8.67018537850872,7,7,999,0,1.0,0,999,0,1.0,0,0,5,1.0,3.0,1.0,5.0,6.0,1.2,1.565217391304348,1.565217391304348,1.565217391304348,1.0,1.2,1.7272727272727273,1.4166666666666667,1.6363636363636365,1.0,1.5,2.0833333333333335,0.21739130434782608,0.17391304347826086,-0.36521739130434794,12.081220016024211,12.143417810494649,4.031721464172599,10.888120077877847,1.9508268784785745,-0.06219779447043728,3.0,0.0,2.0,11.0,6.0,1.8,2.130434782608696,2.0434782608695654,0.9565217391304348,2.2,1.2,2.4166666666666665,1.8181818181818181,2.5,0.9166666666666666,1.5454545454545454,1.0,0.34782608695652173,0.13043478260869565,-0.33043478260869574,12.240851576981052,11.982404859551654,4.089897574907331,10.84084795339368,1.9110438602179538,0.25844671742939856
pl-2023-2024-02-11-aston-villa-v-man-united,2024-02-11,2023,Aston Villa,Man United,1,2,0,0.25,0.0,109.50563181754711,8,7,999,0,1.0,0,999,0,1.0,0,1,3,2.0,1.0,2.0,11.0,8.0,1.4,2.0,2.130434782608696,1.3043478260869565,2.2,1.6,2.5454545454545454,1.5,2.727272727272727,1.0,1.5833333333333333,1.5833333333333333,0.2608695652173913,0.13043478260869565,-0.6000000000000001,12.081220016024211,12.143417810494649,4.031721464172599,10.888120077877847,1.9508268784785745,-0.06219779447043728,3.0,1.0,1.0,13.0,9.0,2.0,1.6521739130434783,1.3478260869565217,1.391304347826087,2.6,1.8,1.8333333333333333,1.4545454545454546,1.5,1.5,1.1818181818181819,1.2727272727272727,0.30434782608695654,0.30434782608695654,0.34782608695652173,12.240851576981052,11.982404859551654,4.089897574907331,10.84084795339368,1.9110438602179538,0.25844671742939856
pl-2023-2024-02-12-crystal-palace-v-chelsea,2024-02-12,2023,Crystal Palace,Chelsea,1,3,0,0.25,0.0,11.84093067606262,9,8,999,0,1.0,0,999,0,1.0,0,3,3,2.0,0.0,3.0,8.0,14.0,1.2,1.0434782608695652,1.1304347826086956,1.7391304347826086,1.6,2.8,1.0909090909090908,1.0,1.2727272727272727,1.4545454545454546,1.0,2.0,0.21739130434782608,0.2608695652173913,0.15652173913043477,12.081220016024211,12.143417810494649,4.031721464172599,10.888120077877847,1.9508268784785745,-0.06219779447043728,3.0,0.0,2.0,9.0,11.0,1.8,1.3478260869565217,1.6521739130434783,1.6956521739130435,1.8,2.2,1.5,1.1818181818181819,1.6666666666666667,1.5,1.6363636363636365,1.9090909090909092,0.21739130434782608,0.21739130434782608,0.4521739130434783,12.240851576981052,11.982404859551654,4.089897574907331,10.84084795339368,1.9110438602179538,0.25844671742939856
pl-2023-2024-02-17-brentford-v-liverpool,2024-02-17,2023,Brentford,Liverpool,1,4,0,0.25,0.0,281.61742744390625,7,7,999,0,1.0,0,999,0,1.0,0,1,3,2.0,0.0,3.0,9.0,11.0,1.2,1.0869565217391304,1.4782608695652173,1.6956521739130435,1.8,2.2,1.25,0.9090909090909091,1.75,1.9166666666666667,1.1818181818181819,1.4545454545454546,0.17391304347826086,0.17391304347826086,0.11304347826086958,12.081220016024211,12.143417810494649,4.031721464172599,10.888120077877847,1.9508268784785745,-0.06219779447043728,4.0,0.0,1.0,16.0,7.0,2.4,2.25,2.2916666666666665,0.9583333333333334,3.2,1.4,2.6666666666666665,1.8333333333333333,2.75,0.8333333333333334,1.8333333333333333,1.0833333333333333,0.3333333333333333,0.041666666666666664,0.1499999999999999,12.240851576981052,11.982404859551654,4.089897574907331,10.84084795339368,1.9110438602179538,0.25844671742939856
pl-2023-2024-02-17-newcastle-v-bournemouth,2024-02-17,2023,Newcastle,Bournemouth,2,2,1,0.2857142857142857,0.0,471.70564071559664,7,7,999,0,1.0,0,999,0,1.0,0,3,2,2.0,1.0,2.0,14.0,14.0,1.4,1.5,2.125,1.625,2.8,2.8,2.0833333333333335,0.9166666666666666,2.4166666666666665,1.1666666666666667,1.8333333333333333,2.0833333333333335,0.2916666666666667,0.16666666666666666,-0.10000000000000009,12.081220016024211,12.143417810494649,4.031721464172599,10.888120077877847,1.9508268784785745,-0.06219779447043728,0.0,2.0,3.0,4.0,12.0,0.4,1.173913043478261,1.3478260869565217,1.9130434782608696,0.8,2.4,1.1818181818181819,1.1666666666666667,1.0909090909090908,1.5454545454545454,1.5833333333333333,2.25,0.21739130434782608,0.21739130434782608,-0.773913043478261,12.240851576981052,11.982404859551654,4.089897574907331,10.84084795339368,1.9110438602179538,0.25844671742939856
pl-2023-2024-02-17-fulham-v-aston-villa,2024-02-17,2023,Fulham,Aston Villa,1,2,0,0.16666666666666666,0.0,161.8578264509525,7,6,999,0,1.0,0,999,0,1.0,0,0,1,2.0,2.0,1.0,7.0,5.0,1.6,1.2083333333333333,1.375,1.625,1.4,1.0,1.8333333333333333,0.5833333333333334,1.8333333333333333,1.0833333333333333,0.9166666666666666,2.1666666666666665,0.25,0.4166666666666667,0.39166666666666683,12.081220016024211,12.143417810494649,4.031721464172599,10.888120077877847,1.9508268784785745,-0.06219779447043728,2.0,1.0,2.0,10.0,7.0,1.4,1.9166666666666667,2.0833333333333335,1.3333333333333333,2.0,1.4,2.3333333333333335,1.5,2.5833333333333335,1.0833333333333333,1.5833333333333333,1.5833333333333333,0.25,0.125,-0.5166666666666668,12.240851576981052,11.982404859551654,4.089897574907331,10.84084795339368,1.9110438602179538,0.25844671742939856
pl-2023-2024-02-17-burnley-v-arsenal,2024-02-17,2023,Burnley,Arsenal,0,5,0,0.0,0.0,286.51068092296873,7,6,999,0,1.0,0,999,0,1.0,0,0,5,0.0,2.0,3.0,7.0,12.0,0.4,0.5416666666666666,1.0416666666666667,2.0833333333333335,1.4,2.4,0.4166666666666667,0.6666666666666666,1.0833333333333333,2.25,1.0,1.9166666666666667,0.08333333333333333,0.3333333333333333,-0.1416666666666666,12.081220016024211,12.143417810494649,4.031721464172599,10.888120077877847,1.9508268784785745,-0.06219779447043728,4.0,0.0,1.0,17.0,4.0,2.4,2.1666666666666665,2.2083333333333335,0.9166666666666666,3.4,0.8,2.4166666666666665,1.9166666666666667,2.5,0.9166666666666666,1.9166666666666667,0.9166666666666666,0.375,0.125,0.2333333333333334,12.240851576981052,11.982404859551654,4.089897574907331,10.84084795339368,1.9110438602179538,0.25844671742939856
pl-2023-2024-02-17-tottenham-v-wolves,2024-02-17,2023,Tottenham,Wolves,1,2,0,0.3333333333333333,0.0,178.59163356679554,7,7,999,0,1.0,0,999,0,1.0,0,1,0,3.0,2.0,0.0,12.0,8.0,2.2,1.9583333333333333,2.125,1.5,2.4,1.6,2.25,1.6666666666666667,2.0833333333333335,1.3333333333333333,2.1666666666666665,1.6666666666666667,0.20833333333333334,0.0,0.24166666666666692,12.081220016024211,12.143417810494649,4.031721464172599,10.888120077877847,1.9508268784785745,-0.06219779447043728,2.0,1.0,2.0,10.0,8.0,1.4,1.3333333333333333,1.5416666666666667,1.625,2.0,1.6,1.5,1.1666666666666667,1.5833333333333333,1.6666666666666667,1.5,1.5833333333333333,0.16666666666666666,0.16666666666666666,0.06666666666666665,12.240851576981052,11.982404859551654,4.089897574907331,10.84084795339368,1.9110438602179538,0.25844671742939856
pl-2023-2024-02-17-nott-m-forest-v-west-ham,2024-02-17,2023,Nott'm Forest,West Ham,2,0,2,0.6666666666666666,0.0,174.4432978486183,7,6,999,0,1.0,0,999,0,1.0,0,2,0,1.0,1.0,3.0,8.0,10.0,0.8,0.875,1.25,1.8333333333333333,1.6,2.0,1.0,0.75,1.4166666666666667,1.6666666666666667,1.0833333333333333,2.0,0.125,0.25,-0.07499999999999996,12.081220016024211,12.143417810494649,4.031721464172599,10.888120077877847,1.9508268784785745,-0.06219779447043728,0.0,3.0,2.0,3.0,12.0,0.6,1.5,1.5,1.75,0.6,2.4,1.5833333333333333,1.4166666666666667,1.5,1.4166666666666667,1.5,2.0833333333333335,0.20833333333333334,0.20833333333333334,-0.9,12.240851576981052,11.982404859551654,4.089897574907331,10.84084795339368,1.9110438602179538,0.25844671742939856
pl-2023-2024-02-17-man-city-v-chelsea,2024-02-17,2023,Man City,Chelsea,1,1,1,0.75,0.0,260.77289712751275,7,5,999,0,1.0,0,999,0,1.0,0,1,3,5.0,0.0,0.0,13.0,4.0,3.0,2.260869565217391,2.4347826086956523,1.0869565217391304,2.6,0.8,2.4545454545454546,2.0833333333333335,2.6363636363636362,0.9090909090909091,2.25,1.25,0.2608695652173913,0.08695652173913043,0.7391304347826089,12.081220016024211,12.143417810494649,4.031721464172599,10.888120077877847,1.9508268784785745,-0.06219779447043728,3.0,0.0,2.0,10.0,11.0,1.8,1.4166666666666667,1.7083333333333333,1.6666666666666667,2.0,2.2,1.5,1.3333333333333333,1.6666666666666667,1.5,1.75,1.8333333333333333,0.20833333333333334,0.20833333333333334,0.3833333333333333,12.240851576981052,11.982404859551654,4.089897574907331,10.84084795339368,1.9110438602179538,0.25844671742939856
pl-2023-2024-02-18-sheffield-united-v-brighton,2024-02-18,2023,Sheffield United,Brighton,0,5,0,0.25,0.0,294.63165141020187,8,8,999,0,1.0,0,999,0,1.0,0,0,1,1.0,1.0,3.0,7.0,13.0,0.8,0.5416666666666666,0.9166666666666666,2.5,1.4,2.6,0.6666666666666666,0.4166666666666667,1.0,2.5833333333333335,0.8333333333333334,2.4166666666666665,0.041666666666666664,0.375,0.2583333333333334,12.081220016024211,12.143417810494649,4.031721464172599,10.888120077877847,1.9508268784785745,-0.06219779447043728,1.0,2.0,2.0,5.0,7.0,1.0,1.4583333333333333,1.7916666666666667,1.6666666666666667,1.0,1.4,1.9166666666666667,1.0,2.1666666666666665,1.25,1.4166666666666667,2.0833333333333335,0.08333333333333333,0.16666666666666666,-0.45833333333333326,12.240851576981052,11.982404859551654,4.089897574907331,10.84084795339368,1.9110438602179538,0.25844671742939856
pl-2023-2024-02-18-luton-v-man-united,2024-02-18,2023,Luton,Man United,1,2,0,0.0,0.0,215.46142581814044,8,7,999,0,1.0,0,999,0,1.0,0,0,3,1.0,2.0,2.0,12.0,11.0,1.0,0.8695652173913043,1.434782608695652,1.9565217391304348,2.4,2.2,0.9166666666666666,0.8181818181818182,1.5,1.6666666666666667,1.3636363636363635,2.272727272727273,0.08695652173913043,0.17391304347826086,0.13043478260869568,12.081220016024211,12.143417810494649,4.031721464172599,10.888120077877847,1.9508268784785745,-0.06219779447043728,3.0,1.0,1.0,12.0,8.0,2.0,1.7083333333333333,1.375,1.375,2.4,1.6,1.8333333333333333,1.5833333333333333,1.5,1.5,1.25,1.25,0.2916666666666667,0.2916666666666667,0.29166666666666674,12.240851576981052,11.982404859551654,4.089897574907331,10.84084795339368,1.9110438602179538,0.25844671742939856
pl-2023-2024-02-19-everton-v-crystal-palace,2024-02-19,2023,Everton,Crystal Palace,1,1,1,0.8571428571428571,0.0,299.37095119674154,9,7,999,0,1.0,0,999,0,1.0,0,3,3,0.0,3.0,2.0,2.0,7.0,0.6,1.2083333333333333,1.0833333333333333,1.3333333333333333,0.4,1.4,1.0,1.4166666666666667,1.0833333333333333,1.1666666666666667,1.0833333333333333,1.5,0.3333333333333333,0.4166666666666667,-0.6083333333333333,12.081220016024211,12.143417810494649,4.031721464172599,10.888120077877847,1.9508268784785745,-0.06219779447043728,2.0,0.0,3.0,8.0,15.0,1.2,1.0,1.125,1.7916666666666667,1.6,3.0,1.0,1.0,1.25,1.5833333333333333,1.0,2.0,0.20833333333333334,0.25,0.19999999999999996,12.240851576981052,11.982404859551654,4.089897574907331,10.84084795339368,1.9110438602179538,0.25844671742939856
pl-2023-2024-02-20-man-city-v-brentford,2024-02-20,2023,Man City,Brentford,1,0,2,0.9166666666666666,0.0,256.36792510973777,3,3,999,0,1.0,0,999,0,1.0,0,1,1,4.0,1.0,0.0,12.0,5.0,2.6,2.2083333333333335,2.375,1.0833333333333333,2.4,1.0,2.3333333333333335,2.0833333333333335,2.5,0.9166666666666666,2.25,1.25,0.25,0.08333333333333333,0.3916666666666666,12.081220016024211,12.143417810494649,4.031721464172599,10.888120077877847,1.9508268784785745,-0.06219779447043728,2.0,0.0,3.0,9.0,12.0,1.2,1.0416666666666667,1.4583333333333333,1.7916666666666667,1.8,2.4,1.1538461538461537,0.9090909090909091,1.6923076923076923,2.076923076923077,1.1818181818181819,1.4545454545454546,0.16666666666666666,0.16666666666666666,0.15833333333333321,12.240851576981052,11.982404859551654,4.089897574907331,10.84084795339368,1.9110438602179538,0.25844671742939856
pl-2023-2024-02-21-liverpool-v-luton,2024-02-21,2023,Liverpool,Luton,4,1,2,0.75,0.0,242.19241081381173,4,3,999,0,1.0,0,999,0,1.0,0,3,0,4.0,0.0,1.0,16.0,6.0,2.4,2.28,2.36,0.96,3.2,1.2,2.6666666666666665,1.9230769230769231,2.75,0.8333333333333334,2.0,1.0769230769230769,0.32,0.04,0.1200000000000001,12.081220016024211,12.143417810494649,4.031721464172599,10.888120077877847,1.9508268784785745,-0.06219779447043728,1.0,2.0,2.0,11.0,10.0,1.0,0.8333333333333334,1.4166666666666667,1.9583333333333333,2.2,2.0,0.8461538461538461,0.8181818181818182,1.4615384615384615,1.6923076923076923,1.3636363636363635,2.272727272727273,0.08333333333333333,0.16666666666666666,0.16666666666666663,12.240851576981052,11.982404859551654,4.089897574907331,10.84084795339368,1.9110438602179538,0.25844671742939856
pl-2023-2024-02-24-man-united-v-fulham,2024-02-24,2023,Man United,Fulham,1,2,0,0.7142857142857143,0.0,261.7512375105811,6,7,999,0,1.0,0,999,0,1.0,0,3,0,4.0,1.0,0.0,13.0,7.0,2.6,1.76,1.4,1.36,2.6,1.4,1.8333333333333333,1.6923076923076923,1.5,1.5,1.3076923076923077,1.2307692307692308,0.28,0.28,0.8400000000000001,12.081220016024211,12.143417810494649,4.031721464172599,10.888120077877847,1.9508268784785745,-0.06219779447043728,1.0,2.0,2.0,6.0,6.0,1.0,1.16,1.36,1.64,1.2,1.2,1.6923076923076923,0.5833333333333334,1.7692307692307692,1.1538461538461537,0.9166666666666666,2.1666666666666665,0.24,0.4,-0.15999999999999992,12.240851576981052,11.982404859551654,4.089897574907331,10.84084795339368,1.9110438602179538,0.25844671742939856
pl-2023-2024-02-24-brighton-v-everton,2024-02-24,2023,Brighton,Everton,1,1,1,0.4166666666666667,0.0,347.5953438923898,6,5,999,0,1.0,0,999,0,1.0,0,1,3,2.0,1.0,2.0,10.0,7.0,1.4,1.52,1.92,1.6,2.0,1.4,1.9166666666666667,1.1538461538461537,2.1666666666666665,1.25,1.6923076923076923,1.9230769230769231,0.12,0.16,-0.1200000000000001,12.081220016024211,12.143417810494649,4.031721464172599,10.888120077877847,1.9508268784785745,-0.06219779447043728,0.0,4.0,1.0,3.0,5.0,0.8,1.2,1.08,1.32,0.6,1.0,1.0,1.4166666666666667,1.0769230769230769,1.1538461538461537,1.0833333333333333,1.5,0.32,0.4,-0.3999999999999999,12.240851576981052,11.982404859551654,4.089897574907331,10.84084795339368,1.9110438602179538,0.25844671742939856
pl-2023-2024-02-24-crystal-palace-v-burnley,2024-02-24,2023,Crystal Palace,Burnley,3,0,2,0.75,0.0,302.71807544640615,5,7,999,0,1.0,0,999,0,1.0,0,3,0,1.0,1.0,3.0,6.0,15.0,0.8,1.0,1.12,1.76,1.2,3.0,1.0,1.0,1.25,1.5833333333333333,1.0,1.9230769230769231,0.2,0.24,-0.19999999999999996,12.081220016024211,12.143417810494649,4.031721464172599,10.888120077877847,1.9508268784785745,-0.06219779447043728,0.0,2.0,3.0,5.0,14.0,0.4,0.52,1.0,2.2,1.0,2.8,0.38461538461538464,0.6666666666666666,1.0,2.4615384615384617,1.0,1.9166666666666667,0.08,0.36,-0.12,12.240851576981052,11.982404859551654,4.089897574907331,10.84084795339368,1.9110438602179538,0.25844671742939856
pl-2023-2024-02-24-aston-villa-v-nott-m-forest,2024-02-24,2023,Aston Villa,Nott'm Forest,4,2,2,0.5,0.0,69.52881835662885,7,7,999,0,1.0,0,999,0,1.0,0,1,2,2.0,1.0,2.0,9.0,6.0,1.4,1.96,2.08,1.32,1.8,1.2,2.3333333333333335,1.6153846153846154,2.5833333333333335,1.0833333333333333,1.6153846153846154,1.5384615384615385,0.24,0.12,-0.56,12.081220016024211,12.143417810494649,4.031721464172599,10.888120077877847,1.9508268784785745,-0.06219779447043728,1.0,1.0,3.0,8.0,9.0,0.8,0.96,1.28,1.76,1.6,1.8,1.1538461538461537,0.75,1.4615384615384615,1.5384615384615385,1.0833333333333333,2.0,0.16,0.24,-0.15999999999999992,12.240851576981052,11.982404859551654,4.089897574907331,10.84084795339368,1.9110438602179538,0.25844671742939856
pl-2023-2024-02-24-bournemouth-v-man-city,2024-02-24,2023,Bournemouth,Man City,0,1,0,0.21428571428571427,0.0,306.5609339714869,7,4,999,0,1.0,0,999,0,1.0,0,2,1,0.0,3.0,2.0,5.0,11.0,0.6,1.1666666666666667,1.375,1.9166666666666667,1.0,2.2,1.1818181818181819,1.1538461538461537,1.0909090909090908,1.5454545454545454,1.6153846153846154,2.230769230769231,0.20833333333333334,0.20833333333333334,-0.5666666666666668,12.081220016024211,12.143417810494649,4.031721464172599,10.888120077877847,1.9508268784785745,-0.06219779447043728,4.0,1.0,0.0,10.0,3.0,2.6,2.24,2.32,1.04,2.0,0.6,2.3846153846153846,2.0833333333333335,2.3846153846153846,0.8461538461538461,2.25,1.25,0.28,0.08,0.3599999999999999,12.240851576981052,11.982404859551654,4.089897574907331,10.84084795339368,1.9110438602179538,0.25844671742939856
pl-2023-2024-02-24-arsenal-v-newcastle,2024-02-24,2023,Arsenal,Newcastle,4,1,2,0.6666666666666666,0.0,393.0491582554326,7,7,999,0,1.0,0,999,0,1.0,0,5,3,5.0,0.0,0.0,21.0,2.0,3.0,2.2,2.32,0.88,4.2,0.4,2.4166666666666665,2.0,2.5,0.9166666666666666,2.1538461538461537,0.8461538461538461,0.4,0.12,0.7999999999999998,12.081220016024211,12.143417810494649,4.031721464172599,10.888120077877847,1.9508268784785745,-0.06219779447043728,2.0,2.0,1.0,14.0,12.0,1.6,1.48,2.12,1.64,2.8,2.4,2.0,0.9166666666666666,2.3846153846153846,1.2307692307692308,1.8333333333333333,2.0833333333333335,0.28,0.16,0.1200000000000001,12.240851576981052,11.982404859551654,4.089897574907331,10.84084795339368,1.9110438602179538,0.25844671742939856
pl-2023-2024-02-25-wolves-v-sheffield-united,2024-02-25,2023,Wolves,Sheffield United,1,0,2,0.5,0.0,97.30781287214026,8,7,999,0,1.0,0,999,0,1.0,0,0,0,2.0,1.0,2.0,9.0,9.0,1.4,1.4,1.56,1.6,1.8,1.8,1.5,1.3076923076923077,1.5833333333333333,1.6666666666666667,1.5384615384615385,1.5384615384615385,0.16,0.16,0.0,12.081220016024211,12.143417810494649,4.031721464172599,10.888120077877847,1.9508268784785745,-0.06219779447043728,1.0,1.0,3.0,7.0,16.0,0.8,0.52,0.88,2.6,1.4,3.2,0.6153846153846154,0.4166666666666667,0.9230769230769231,2.769230769230769,0.8333333333333334,2.4166666666666665,0.04,0.4,0.28,12.240851576981052,11.982404859551654,4.089897574907331,10.84084795339368,1.9110438602179538,0.25844671742939856
pl-2023-2024-02-26-west-ham-v-brentford,2024-02-26,2023,West Ham,Brentford,4,2,2,0.25,0.0,22.038150596322613,9,6,999,0,1.0,0,999,0,1.0,0,0,1,0.0,2.0,3.0,3.0,14.0,0.4,1.44,1.44,1.76,0.6,2.8,1.5833333333333333,1.3076923076923077,1.5,1.4166666666666667,1.3846153846153846,2.076923076923077,0.2,0.24,-1.04,12.081220016024211,12.143417810494649,4.031721464172599,10.888120077877847,1.9508268784785745,-0.06219779447043728,1.0,0.0,4.0,6.0,11.0,0.6,1.0,1.4,1.76,1.2,2.2,1.1538461538461537,0.8333333333333334,1.6923076923076923,2.076923076923077,1.0833333333333333,1.4166666666666667,0.16,0.2,-0.4,12.240851576981052,11.982404859551654,4.089897574907331,10.84084795339368,1.9110438602179538,0.25844671742939856
pl-2023-2024-03-02-newcastle-v-wolves,2024-03-02,2023,Newcastle,Wolves,3,0,2,0.8333333333333334,0.0,267.35588733290405,7,6,999,0,1.0,0,999,0,1.0,0,3,0,2.0,2.0,1.0,13.0,13.0,1.6,1.4230769230769231,2.076923076923077,1.7307692307692308,2.6,2.6,2.0,0.8461538461538461,2.3846153846153846,1.2307692307692308,1.7692307692307692,2.230769230769231,0.2692307692307692,0.15384615384615385,0.17692307692307696,12.081220016024211,12.143417810494649,4.031721464172599,10.888120077877847,1.9508268784785745,-0.06219779447043728,3.0,0.0,2.0,10.0,9.0,1.8,1.4615384615384615,1.5384615384615385,1.5384615384615385,2.0,1.8,1.6153846153846154,1.3076923076923077,1.5384615384615385,1.5384615384615385,1.5384615384615385,1.5384615384615385,0.19230769230769232,0.15384615384615385,0.3384615384615386,12.240851576981052,11.982404859551654,4.089897574907331,10.84084795339368,1.9110438602179538,0.25844671742939856
pl-2023-2024-03-02-fulham-v-brighton,2024-03-02,2023,Fulham,Brighton,3,0,2,0.6666666666666666,0.0,68.94832156381648,7,7,999,0,1.0,0,999,0,1.0,0,0,1,2.0,2.0,1.0,8.0,6.0,1.6,1.2307692307692308,1.3846153846153846,1.6153846153846154,1.6,1.2,1.6923076923076923,0.7692307692307693,1.7692307692307692,1.1538461538461537,1.0,2.076923076923077,0.23076923076923078,0.38461538461538464,0.36923076923076925,12.081220016024211,12.143417810494649,4.031721464172599,10.888120077877847,1.9508268784785745,-0.06219779447043728,2.0,1.0,2.0,11.0,8.0,1.4,1.5,1.8846153846153846,1.5769230769230769,2.2,1.6,1.8461538461538463,1.1538461538461537,2.076923076923077,1.2307692307692308,1.6923076923076923,1.9230769230769231,0.11538461538461539,0.15384615384615385,-0.10000000000000009,12.240851576981052,11.982404859551654,4.089897574907331,10.84084795339368,1.9110438602179538,0.25844671742939856
pl-2023-2024-03-02-everton-v-west-ham,2024-03-02,2023,Everton,West Ham,1,3,0,0.4166666666666667,0.0,292.1857178284632,7,5,999,0,1.0,0,999,0,1.0,0,3,0,0.0,4.0,1.0,4.0,6.0,0.8,1.1923076923076923,1.0769230769230769,1.3076923076923077,0.8,1.2,1.0,1.3846153846153846,1.0769230769230769,1.1538461538461537,1.0769230769230769,1.4615384615384615,0.3076923076923077,0.38461538461538464,-0.39230769230769225,12.081220016024211,12.143417810494649,4.031721464172599,10.888120077877847,1.9508268784785745,-0.06219779447043728,1.0,1.0,3.0,5.0,14.0,0.8,1.5,1.5384615384615385,1.7692307692307692,1.0,2.8,1.6923076923076923,1.3076923076923077,1.6923076923076923,1.4615384615384615,1.3846153846153846,2.076923076923077,0.19230769230769232,0.23076923076923078,-0.7,12.240851576981052,11.982404859551654,4.089897574907331,10.84084795339368,1.9110438602179538,0.25844671742939856
pl-2023-2024-03-02-tottenham-v-crystal-palace,2024-03-02,2023,Tottenham,Crystal Palace,3,1,2,0.5,0.0,22.94795034785152,14,7,999,0,1.0,0,999,0,1.0,0,1,3,2.0,2.0,1.0,10.0,9.0,1.6,1.88,2.08,1.52,2.0,1.8,2.076923076923077,1.6666666666666667,2.0,1.3846153846153846,2.1666666666666665,1.6666666666666667,0.2,0.0,-0.2799999999999998,12.081220016024211,12.143417810494649,4.031721464172599,10.888120077877847,1.9508268784785745,-0.06219779447043728,2.0,1.0,2.0,9.0,10.0,1.4,1.0769230769230769,1.1923076923076923,1.6923076923076923,1.8,2.0,1.1538461538461537,1.0,1.3846153846153846,1.4615384615384615,1.0,1.9230769230769231,0.23076923076923078,0.23076923076923078,0.32307692307692304,12.240851576981052,11.982404859551654,4.089897574907331,10.84084795339368,1.9110438602179538,0.25844671742939856
pl-2023-2024-03-02-brentford-v-chelsea,2024-03-02,2023,Brentford,Chelsea,2,2,1,0.5,0.0,7.133128631501841,5,14,999,0,1.0,0,999,0,1.0,0,1,3,1.0,0.0,4.0,6.0,12.0,0.6,0.9615384615384616,1.4230769230769231,1.8461538461538463,1.2,2.4,1.1538461538461537,0.7692307692307693,1.6923076923076923,2.076923076923077,1.1538461538461537,1.6153846153846154,0.15384615384615385,0.19230769230769232,-0.3615384615384616,12.081220016024211,12.143417810494649,4.031721464172599,10.888120077877847,1.9508268784785745,-0.06219779447043728,2.0,1.0,2.0,8.0,10.0,1.4,1.4,1.68,1.64,1.6,2.0,1.5,1.3076923076923077,1.6666666666666667,1.5,1.6923076923076923,1.7692307692307692,0.2,0.2,0.0,12.240851576981052,11.982404859551654,4.089897574907331,10.84084795339368,1.9110438602179538,0.25844671742939856
pl-2023-2024-03-02-nott-m-forest-v-liverpool,2024-03-02,2023,Nott'm Forest,Liverpool,0,1,0,0.42857142857142855,0.0,133.53355666955304,7,10,999,0,1.0,0,999,0,1.0,0,2,3,1.0,1.0,3.0,8.0,10.0,0.8,0.9230769230769231,1.3076923076923077,1.8461538461538463,1.6,2.0,1.1538461538461537,0.6923076923076923,1.4615384615384615,1.5384615384615385,1.1538461538461537,2.1538461538461537,0.15384615384615385,0.23076923076923078,-0.12307692307692308,12.081220016024211,12.143417810494649,4.031721464172599,10.888120077877847,1.9508268784785745,-0.06219779447043728,4.0,0.0,1.0,16.0,7.0,2.4,2.3076923076923075,2.423076923076923,0.9615384615384616,3.2,1.4,2.6923076923076925,1.9230769230769231,2.8461538461538463,0.8461538461538461,2.0,1.0769230769230769,0.3076923076923077,0.038461538461538464,0.09230769230769242,12.240851576981052,11.982404859551654,4.089897574907331,10.84084795339368,1.9110438602179538,0.25844671742939856
pl-2023-2024-03-02-luton-v-aston-villa,2024-03-02,2023,Luton,Aston Villa,2,3,0,0.0,0.0,120.69313203047078,10,7,999,0,1.0,0,999,0,1.0,0,0,1,1.0,1.0,3.0,11.0,13.0,0.8,0.8,1.4,2.04,2.2,2.6,0.8461538461538461,0.75,1.4615384615384615,1.6923076923076923,1.3333333333333333,2.4166666666666665,0.08,0.16,0.0,12.081220016024211,12.143417810494649,4.031721464172599,10.888120077877847,1.9508268784785745,-0.06219779447043728,3.0,0.0,2.0,13.0,8.0,1.8,2.0,2.1538461538461537,1.3461538461538463,2.6,1.6,2.3846153846153846,1.6153846153846154,2.6923076923076925,1.1538461538461537,1.6153846153846154,1.5384615384615385,0.23076923076923078,0.11538461538461539,-0.19999999999999996,12.240851576981052,11.982404859551654,4.089897574907331,10.84084795339368,1.9110438602179538,0.25844671742939856
pl-2023-2024-03-03-burnley-v-bournemouth,2024-03-03,2023,Burnley,Bournemouth,0,2,0,0.25,0.0,340.63413977449386,8,8,999,0,1.0,0,999,0,1.0,0,0,2,0.0,1.0,4.0,4.0,16.0,0.2,0.5,0.9615384615384616,2.230769230769231,0.8,3.2,0.38461538461538464,0.6153846153846154,1.0,2.4615384615384617,0.9230769230769231,2.0,0.07692307692307693,0.38461538461538464,-0.3,12.081220016024211,12.143417810494649,4.031721464172599,10.888120077877847,1.9508268784785745,-0.06219779447043728,0.0,3.0,2.0,5.0,8.0,0.6,1.12,1.32,1.88,1.0,1.6,1.0833333333333333,1.1538461538461537,1.0,1.5,1.6153846153846154,2.230769230769231,0.2,0.24,-0.5200000000000001,12.240851576981052,11.982404859551654,4.089897574907331,10.84084795339368,1.9110438602179538,0.25844671742939856
pl-2023-2024-03-03-man-city-v-man-united,2024-03-03,2023,Man City,Man United,3,1,2,0.6428571428571429,0.0,6.42016311743397,8,8,999,0,1.0,0,999,0,1.0,0,1,3,4.0,1.0,0.0,8.0,2.0,2.6,2.269230769230769,2.269230769230769,1.0,1.6,0.4,2.3846153846153846,2.1538461538461537,2.3846153846153846,0.8461538461538461,2.1538461538461537,1.1538461538461537,0.3076923076923077,0.07692307692307693,0.3307692307692309,12.081220016024211,12.143417810494649,4.031721464172599,10.888120077877847,1.9508268784785745,-0.06219779447043728,4.0,0.0,1.0,12.0,7.0,2.4,1.6923076923076923,1.3846153846153846,1.3846153846153846,2.4,1.4,1.6923076923076923,1.6923076923076923,1.4615384615384615,1.5384615384615385,1.3076923076923077,1.2307692307692308,0.2692307692307692,0.2692307692307692,0.7076923076923076,12.240851576981052,11.982404859551654,4.089897574907331,10.84084795339368,1.9110438602179538,0.25844671742939856
pl-2023-2024-03-04-sheffield-united-v-arsenal,2024-03-04,2023,Sheffield United,Arsenal,0,6,0,0.0,0.0,221.784060633912,8,9,999,0,1.0,0,999,0,1.0,0,0,5,1.0,0.0,4.0,5.0,15.0,0.6,0.5,0.8461538461538461,2.5384615384615383,1.0,3.0,0.6153846153846154,0.38461538461538464,0.9230769230769231,2.769230769230769,0.7692307692307693,2.3076923076923075,0.038461538461538464,0.4230769230769231,0.09999999999999998,12.081220016024211,12.143417810494649,4.031721464172599,10.888120077877847,1.9508268784785745,-0.06219779447043728,5.0,0.0,0.0,20.0,3.0,3.0,2.230769230769231,2.3846153846153846,0.8846153846153846,4.0,0.6,2.4615384615384617,2.0,2.6153846153846154,0.9230769230769231,2.1538461538461537,0.8461538461538461,0.38461538461538464,0.11538461538461539,0.7692307692307692,12.240851576981052,11.982404859551654,4.089897574907331,10.84084795339368,1.9110438602179538,0.25844671742939856
pl-2023-2024-03-09-man-united-v-everton,2024-03-09,2023,Man United,Everton,2,0,2,0.7142857142857143,0.0,44.77637264276031,6,7,999,0,1.0,0,999,0,1.0,0,3,3,3.0,0.0,2.0,9.0,7.0,1.8,1.6296296296296295,1.3703703703703705,1.4444444444444444,1.8,1.4,1.6923076923076923,1.5714285714285714,1.4615384615384615,1.5384615384615385,1.2857142857142858,1.3571428571428572,0.25925925925925924,0.25925925925925924,0.1703703703703705,12.081220016024211,12.143417810494649,4.031721464172599,10.888120077877847,1.9508268784785745,-0.06219779447043728,0.0,3.0,2.0,5.0,9.0,0.6,1.1481481481481481,1.0740740740740742,1.3703703703703705,1.0,1.8,0.9285714285714286,1.3846153846153846,1.0714285714285714,1.2857142857142858,1.0769230769230769,1.4615384615384615,0.2962962962962963,0.37037037037037035,-0.5481481481481482,12.240851576981052,11.982404859551654,4.089897574907331,10.84084795339368,1.9110438602179538,0.25844671742939856
pl-2023-2024-03-09-bournemouth-v-sheffield-united,2024-03-09,2023,Bournemouth,Sheffield United,2,2,1,0.75,0.0,294.0702051743706,6,5,999,0,1.0,0,999,0,1.0,0,2,0,1.0,2.0,2.0,6.0,7.0,1.0,1.1923076923076923,1.3461538461538463,1.8076923076923077,1.2,1.4,1.0833333333333333,1.2857142857142858,1.0,1.5,1.6428571428571428,2.0714285714285716,0.23076923076923078,0.23076923076923078,-0.1923076923076923,12.081220016024211,12.143417810494649,4.031721464172599,10.888120077877847,1.9508268784785745,-0.06219779447043728,1.0,0.0,4.0,3.0,18.0,0.6,0.48148148148148145,0.8148148148148148,2.6666666666666665,0.6,3.6,0.5714285714285714,0.38461538461538464,0.8571428571428571,3.0,0.7692307692307693,2.3076923076923075,0.037037037037037035,0.4444444444444444,0.11851851851851852,12.240851576981052,11.982404859551654,4.089897574907331,10.84084795339368,1.9110438602179538,0.25844671742939856
pl-2023-2024-03-09-wolves-v-fulham,2024-03-09,2023,Wolves,Fulham,2,1,2,0.4166666666666667,0.0,180.06050550948783,7,7,999,0,1.0,0,999,0,1.0,0,0,0,3.0,0.0,2.0,7.0,8.0,1.8,1.4074074074074074,1.4814814814814814,1.5925925925925926,1.4,1.6,1.6153846153846154,1.2142857142857142,1.5384615384615385,1.5384615384615385,1.4285714285714286,1.6428571428571428,0.18518518518518517,0.18518518518518517,0.3925925925925926,12.081220016024211,12.143417810494649,4.031721464172599,10.888120077877847,1.9508268784785745,-0.06219779447043728,3.0,1.0,1.0,11.0,6.0,2.0,1.2962962962962963,1.4444444444444444,1.5555555555555556,2.2,1.2,1.7857142857142858,0.7692307692307693,1.8571428571428572,1.0714285714285714,1.0,2.076923076923077,0.25925925925925924,0.37037037037037035,0.7037037037037037,12.240851576981052,11.982404859551654,4.089897574907331,10.84084795339368,1.9110438602179538,0.25844671742939856
pl-2023-2024-03-09-crystal-palace-v-luton,2024-03-09,2023,Crystal Palace,Luton,1,1,1,0.25,0.0,59.29353136015213,7,7,999,0,1.0,0,999,0,1.0,0,3,0,1.0,1.0,3.0,7.0,11.0,0.8,1.037037037037037,1.1851851851851851,1.7407407407407407,1.4,2.2,1.1538461538461537,0.9285714285714286,1.3846153846153846,1.4615384615384615,1.0,2.0,0.2222222222222222,0.2222222222222222,-0.23703703703703694,12.081220016024211,12.143417810494649,4.031721464172599,10.888120077877847,1.9508268784785745,-0.06219779447043728,0.0,1.0,4.0,9.0,16.0,0.2,0.7692307692307693,1.4230769230769231,2.076923076923077,1.8,3.2,0.7857142857142857,0.75,1.5,1.7857142857142858,1.3333333333333333,2.4166666666666665,0.07692307692307693,0.15384615384615385,-0.5692307692307692,12.240851576981052,11.982404859551654,4.089897574907331,10.84084795339368,1.9110438602179538,0.25844671742939856
pl-2023-2024-03-09-arsenal-v-brentford,2024-03-09,2023,Arsenal,Brentford,2,1,2,0.8333333333333334,0.0,14.87398151424033,5,7,999,0,1.0,0,999,0,1.0,0,5,1,5.0,0.0,0.0,24.0,2.0,3.0,2.259259259259259,2.5185185185185186,0.8518518518518519,4.8,0.4,2.4615384615384617,2.0714285714285716,2.6153846153846154,0.9230769230769231,2.4285714285714284,0.7857142857142857,0.4074074074074074,0.1111111111111111,0.7407407407407409,12.081220016024211,12.143417810494649,4.031721464172599,10.888120077877847,1.9508268784785745,-0.06219779447043728,1.0,1.0,3.0,7.0,11.0,0.8,0.9629629629629629,1.4444444444444444,1.8518518518518519,1.4,2.2,1.1428571428571428,0.7692307692307693,1.7142857142857142,2.0714285714285716,1.1538461538461537,1.6153846153846154,0.14814814814814814,0.18518518518518517,-0.16296296296296287,12.240851576981052,11.982404859551654,4.089897574907331,10.84084795339368,1.9110438602179538,0.25844671742939856
pl-2023-2024-03-10-aston-villa-v-tottenham,2024-03-10,2023,Aston Villa,Tottenham,0,4,0,0.5714285714285714,0.0,159.9735182887641,8,8,999,0,1.0,0,999,0,1.0,0,1,1,4.0,0.0,1.0,15.0,7.0,2.4,2.037037037037037,2.185185185185185,1.3703703703703705,3.0,1.4,2.3846153846153846,1.7142857142857142,2.6923076923076925,1.1538461538461537,1.7142857142857142,1.5714285714285714,0.2222222222222222,0.1111111111111111,0.3629629629629627,12.081220016024211,12.143417810494649,4.031721464172599,10.888120077877847,1.9508268784785745,-0.06219779447043728,3.0,1.0,1.0,11.0,8.0,2.0,1.9230769230769231,2.1153846153846154,1.5,2.2,1.6,2.142857142857143,1.6666666666666667,2.0714285714285716,1.3571428571428572,2.1666666666666665,1.6666666666666667,0.19230769230769232,0.0,0.07692307692307687,12.240851576981052,11.982404859551654,4.089897574907331,10.84084795339368,1.9110438602179538,0.25844671742939856
pl-2023-2024-03-10-west-ham-v-burnley,2024-03-10,2023,West Ham,Burnley,2,2,1,0.875,0.0,292.4319816767786,8,7,999,0,1.0,0,999,0,1.0,0,0,0,2.0,0.0,3.0,7.0,14.0,1.2,1.5555555555555556,1.5925925925925926,1.7407407407407407,1.4,2.8,1.6923076923076923,1.4285714285714286,1.6923076923076923,1.4615384615384615,1.5,2.0,0.18518518518518517,0.2222222222222222,-0.3555555555555556,12.081220016024211,12.143417810494649,4.031721464172599,10.888120077877847,1.9508268784785745,-0.06219779447043728,0.0,1.0,4.0,3.0,15.0,0.2,0.48148148148148145,0.9259259259259259,2.2222222222222223,0.6,3.0,0.35714285714285715,0.6153846153846154,0.9285714285714286,2.4285714285714284,0.9230769230769231,2.0,0.07407407407407407,0.4074074074074074,-0.28148148148148144,12.240851576981052,11.982404859551654,4.089897574907331,10.84084795339368,1.9110438602179538,0.25844671742939856
pl-2023-2024-03-10-brighton-v-nott-m-forest,2024-03-10,2023,Brighton,Nott'm Forest,1,0,2,0.75,0.0,242.213946310706,8,8,999,0,1.0,0,999,0,1.0,0,1,2,2.0,1.0,2.0,11.0,7.0,1.4,1.4444444444444444,1.8148148148148149,1.6296296296296295,2.2,1.4,1.8461538461538463,1.0714285714285714,2.076923076923077,1.2307692307692308,1.5714285714285714,2.0,0.1111111111111111,0.18518518518518517,-0.04444444444444451,12.081220016024211,12.143417810494649,4.031721464172599,10.888120077877847,1.9508268784785745,-0.06219779447043728,1.0,1.0,3.0,7.0,9.0,0.8,0.8888888888888888,1.2592592592592593,1.8148148148148149,1.4,1.8,1.0714285714285714,0.6923076923076923,1.3571428571428572,1.5,1.1538461538461537,2.1538461538461537,0.14814814814814814,0.25925925925925924,-0.0888888888888888,12.240851576981052,11.982404859551654,4.089897574907331,10.84084795339368,1.9110438602179538,0.25844671742939856
pl-2023-2024-03-10-liverpool-v-man-city,2024-03-10,2023,Liverpool,Man City,1,1,1,0.5,0.0,51.0438844981863,8,7,999,0,1.0,0,999,0,1.0,0,3,1,4.0,0.0,1.0,13.0,6.0,2.4,2.3333333333333335,2.3703703703703702,0.9259259259259259,2.6,1.2,2.6923076923076925,2.0,2.8461538461538463,0.8461538461538461,1.9285714285714286,1.0,0.3333333333333333,0.037037037037037035,0.06666666666666643,12.081220016024211,12.143417810494649,4.031721464172599,10.888120077877847,1.9508268784785745,-0.06219779447043728,4.0,1.0,0.0,8.0,2.0,2.6,2.2962962962962963,2.2962962962962963,1.0,1.6,0.4,2.4285714285714284,2.1538461538461537,2.4285714285714284,0.8571428571428571,2.1538461538461537,1.1538461538461537,0.2962962962962963,0.07407407407407407,0.3037037037037038,12.240851576981052,11.982404859551654,4.089897574907331,10.84084795339368,1.9110438602179538,0.25844671742939856
pl-2023-2024-03-11-chelsea-v-newcastle,2024-03-11,2023,Chelsea,Newcastle,3,2,2,0.4166666666666667,0.0,399.7644024201057,9,9,999,0,1.0,0,999,0,1.0,0,3,3,1.0,2.0,2.0,9.0,12.0,1.0,1.3846153846153846,1.6923076923076923,1.6538461538461537,1.8,2.4,1.5,1.2857142857142858,1.6666666666666667,1.5,1.7142857142857142,1.7857142857142858,0.19230769230769232,0.19230769230769232,-0.3846153846153846,12.081220016024211,12.143417810494649,4.031721464172599,10.888120077877847,1.9508268784785745,-0.06219779447043728,2.0,2.0,1.0,13.0,12.0,1.6,1.4814814814814814,2.111111111111111,1.6666666666666667,2.6,2.4,2.0714285714285716,0.8461538461538461,2.4285714285714284,1.1428571428571428,1.7692307692307692,2.230769230769231,0.2962962962962963,0.14814814814814814,0.11851851851851869,12.240851576981052,11.982404859551654,4.089897574907331,10.84084795339368,1.9110438602179538,0.25844671742939856
pl-2023-2024-03-13-bournemouth-v-luton,2024-03-13,2023,Bournemouth,Luton,4,3,2,0.5,0.0,160.7682480529404,4,4,999,0,1.0,0,999,0,1.0,0,2,0,1.0,2.0,2.0,7.0,8.0,1.0,1.1851851851851851,1.3703703703703705,1.8148148148148149,1.4,1.6,1.0769230769230769,1.2857142857142858,1.0769230769230769,1.5384615384615385,1.6428571428571428,2.0714285714285716,0.2222222222222222,0.2222222222222222,-0.18518518518518512,12.081220016024211,12.143417810494649,4.031721464172599,10.888120077877847,1.9508268784785745,-0.06219779447043728,0.0,1.0,4.0,6.0,13.0,0.2,0.7777777777777778,1.4074074074074074,2.037037037037037,1.2,2.6,0.7857142857142857,0.7692307692307693,1.5,1.7857142857142858,1.3076923076923077,2.3076923076923075,0.07407407407407407,0.14814814814814814,-0.5777777777777777,12.240851576981052,11.982404859551654,4.089897574907331,10.84084795339368,1.9110438602179538,0.25844671742939856
pl-2023-2024-03-16-burnley-v-brentford,2024-03-16,2023,Burnley,Brentford,2,1,2,0.25,0.0,286.98582757652116,6,7,999,0,1.0,0,999,0,1.0,0,0,1,0.0,1.0,4.0,3.0,15.0,0.2,0.5,0.9642857142857143,2.2142857142857144,0.6,3.0,0.35714285714285715,0.6428571428571429,0.9285714285714286,2.4285714285714284,1.0,2.0,0.07142857142857142,0.39285714285714285,-0.3,12.081220016024211,12.143417810494649,4.031721464172599,10.888120077877847,1.9508268784785745,-0.06219779447043728,0.0,1.0,4.0,6.0,13.0,0.2,0.9285714285714286,1.4285714285714286,1.8571428571428572,1.2,2.6,1.1428571428571428,0.7142857142857143,1.7142857142857142,2.0714285714285716,1.1428571428571428,1.6428571428571428,0.14285714285714285,0.17857142857142858,-0.7285714285714286,12.240851576981052,11.982404859551654,4.089897574907331,10.84084795339368,1.9110438602179538,0.25844671742939856
pl-2023-2024-03-16-luton-v-nott-m-forest,2024-03-16,2023,Luton,Nott'm Forest,1,1,1,0.5,0.0,126.5780233468561,3,6,999,0,1.0,0,999,0,1.0,0,0,2,0.0,1.0,4.0,8.0,14.0,0.2,0.75,1.4642857142857142,2.107142857142857,1.6,2.8,0.7857142857142857,0.7142857142857143,1.5,1.7857142857142858,1.4285714285714286,2.4285714285714284,0.07142857142857142,0.14285714285714285,-0.55,12.081220016024211,12.143417810494649,4.031721464172599,10.888120077877847,1.9508268784785745,-0.06219779447043728,1.0,0.0,4.0,6.0,9.0,0.6,0.8571428571428571,1.2142857142857142,1.7857142857142858,1.2,1.8,1.0714285714285714,0.6428571428571429,1.3571428571428572,1.5,1.0714285714285714,2.0714285714285716,0.14285714285714285,0.2857142857142857,-0.2571428571428571,12.240851576981052,11.982404859551654,4.089897574907331,10.84084795339368,1.9110438602179538,0.25844671742939856
pl-2023-2024-03-16-fulham-v-tottenham,2024-03-16,2023,Fulham,Tottenham,3,0,2,0.75,0.0,17.90725628813951,7,6,999,0,1.0,0,999,0,1.0,0,0,1,3.0,0.0,2.0,10.0,6.0,1.8,1.25,1.4285714285714286,1.5714285714285714,2.0,1.2,1.7857142857142858,0.7142857142857143,1.8571428571428572,1.0714285714285714,1.0,2.0714285714285716,0.25,0.35714285714285715,0.55,12.081220016024211,12.143417810494649,4.031721464172599,10.888120077877847,1.9508268784785745,-0.06219779447043728,3.0,1.0,1.0,12.0,6.0,2.0,1.962962962962963,2.185185185185185,1.4444444444444444,2.4,1.2,2.142857142857143,1.7692307692307692,2.0714285714285716,1.3571428571428572,2.3076923076923075,1.5384615384615385,0.2222222222222222,0.0,0.03703703703703698,12.240851576981052,11.982404859551654,4.089897574907331,10.84084795339368,1.9110438602179538,0.25844671742939856
pl-2023-2024-03-17-west-ham-v-aston-villa,2024-03-17,2023,West Ham,Aston Villa,1,1,1,0.16666666666666666,0.0,168.96256636743763,7,7,999,0,1.0,0,999,0,1.0,0,0,1,2.0,1.0,2.0,9.0,13.0,1.4,1.5357142857142858,1.6071428571428572,1.75,1.8,2.6,1.6428571428571428,1.4285714285714286,1.7142857142857142,1.5,1.5,2.0,0.17857142857142858,0.21428571428571427,-0.1357142857142859,12.081220016024211,12.143417810494649,4.031721464172599,10.888120077877847,1.9508268784785745,-0.06219779447043728,3.0,0.0,2.0,10.0,11.0,1.8,1.9642857142857142,2.107142857142857,1.4642857142857142,2.0,2.2,2.2142857142857144,1.7142857142857142,2.5,1.3571428571428572,1.7142857142857142,1.5714285714285714,0.21428571428571427,0.14285714285714285,-0.16428571428571415,12.240851576981052,11.982404859551654,4.089897574907331,10.84084795339368,1.9110438602179538,0.25844671742939856
pl-2023-2024-03-30-newcastle-v-west-ham,2024-03-30,2023,Newcastle,West Ham,4,3,2,0.5833333333333334,0.0,397.1243033528876,19,13,999,0,1.0,0,999,0,1.0,0,3,0,2.0,1.0,2.0,11.0,11.0,1.4,1.4285714285714286,2.107142857142857,1.7142857142857142,2.2,2.2,2.0714285714285716,0.7857142857142857,2.4285714285714284,1.1428571428571428,1.7857142857142858,2.2857142857142856,0.2857142857142857,0.14285714285714285,-0.028571428571428692,12.081220016024211,12.143417810494649,4.031721464172599,10.888120077877847,1.9508268784785745,-0.06219779447043728,2.0,2.0,1.0,10.0,8.0,1.6,1.5172413793103448,1.5862068965517242,1.7241379310344827,2.0,1.6,1.6,1.4285714285714286,1.6666666666666667,1.4666666666666666,1.5,2.0,0.1724137931034483,0.20689655172413793,0.08275862068965534,12.240851576981052,11.982404859551654,4.089897574907331,10.84084795339368,1.9110438602179538,0.25844671742939856
pl-2023-2024-03-30-bournemouth-v-everton,2024-03-30,2023,Bournemouth,Everton,2,1,2,0.6428571428571429,0.0,310.3809824859215,17,21,999,0,1.0,0,999,0,1.0,0,2,3,2.0,2.0,1.0,10.0,8.0,1.6,1.25,1.4642857142857142,1.8571428571428572,2.0,1.6,1.2142857142857142,1.2857142857142858,1.2857142857142858,1.6428571428571428,1.6428571428571428,2.0714285714285716,0.21428571428571427,0.21428571428571427,0.3500000000000001,12.081220016024211,12.143417810494649,4.031721464172599,10.888120077877847,1.9508268784785745,-0.06219779447043728,0.0,2.0,3.0,3.0,9.0,0.4,1.1071428571428572,1.0357142857142858,1.3928571428571428,0.6,1.8,0.9285714285714286,1.2857142857142858,1.0714285714285714,1.2857142857142858,1.0,1.5,0.2857142857142857,0.39285714285714285,-0.7071428571428572,12.240851576981052,11.982404859551654,4.089897574907331,10.84084795339368,1.9110438602179538,0.25844671742939856
pl-2023-2024-03-30-tottenham-v-luton,2024-03-30,2023,Tottenham,Luton,2,1,2,1.0,0.0,40.313907085795925,14,14,999,0,1.0,0,999,0,1.0,0,1,0,3.0,0.0,2.0,10.0,7.0,1.8,1.8928571428571428,2.107142857142857,1.5,2.0,1.4,2.142857142857143,1.6428571428571428,2.0714285714285716,1.3571428571428572,2.142857142857143,1.6428571428571428,0.21428571428571427,0.03571428571428571,-0.09285714285714275,12.081220016024211,12.143417810494649,4.031721464172599,10.888120077877847,1.9508268784785745,-0.06219779447043728,0.0,2.0,3.0,8.0,13.0,0.4,0.7586206896551724,1.4482758620689655,2.0689655172413794,1.6,2.6,0.8,0.7142857142857143,1.4666666666666666,1.7333333333333334,1.4285714285714286,2.4285714285714284,0.06896551724137931,0.13793103448275862,-0.35862068965517235,12.240851576981052,11.982404859551654,4.089897574907331,10.84084795339368,1.9110438602179538,0.25844671742939856
pl-2023-2024-03-30-chelsea-v-burnley,2024-03-30,2023,Chelsea,Burnley,2,2,1,0.75,0.0,291.07004764467814,19,14,999,0,1.0,0,999,0,1.0,0,3,0,2.0,2.0,1.0,11.0,10.0,1.6,1.4444444444444444,1.7407407407407407,1.6666666666666667,2.2,2.0,1.6153846153846154,1.2857142857142858,1.7692307692307692,1.5384615384615385,1.7142857142857142,1.7857142857142858,0.18518518518518517,0.18518518518518517,0.15555555555555567,12.081220016024211,12.143417810494649,4.031721464172599,10.888120077877847,1.9508268784785745,-0.06219779447043728,1.0,1.0,3.0,4.0,13.0,0.8,0.5862068965517241,1.0,2.1724137931034484,0.8,2.6,0.5333333333333333,0.6428571428571429,1.0,2.3333333333333335,1.0,2.0,0.06896551724137931,0.3793103448275862,0.21379310344827596,12.240851576981052,11.982404859551654,4.089897574907331,10.84084795339368,1.9110438602179538,0.25844671742939856
pl-2023-2024-03-30-sheffield-united-v-fulham,2024-03-30,2023,Sheffield United,Fulham,3,3,1,0.25,0.0,227.11489511461366,21,14,999,0,1.0,0,999,0,1.0,0,0,0,1.0,1.0,3.0,5.0,15.0,0.8,0.5,0.8571428571428571,2.642857142857143,1.0,3.0,0.5714285714285714,0.42857142857142855,0.8571428571428571,3.0,0.8571428571428571,2.2857142857142856,0.03571428571428571,0.42857142857142855,0.30000000000000004,12.081220016024211,12.143417810494649,4.031721464172599,10.888120077877847,1.9508268784785745,-0.06219779447043728,3.0,0.0,2.0,10.0,5.0,1.8,1.3103448275862069,1.4827586206896552,1.5172413793103448,2.0,1.0,1.8666666666666667,0.7142857142857143,1.9333333333333333,1.0,1.0,2.0714285714285716,0.27586206896551724,0.3448275862068966,0.4896551724137932,12.240851576981052,11.982404859551654,4.089897574907331,10.84084795339368,1.9110438602179538,0.25844671742939856
pl-2023-2024-03-30-nott-m-forest-v-crystal-palace,2024-03-30,2023,Nott'm Forest,Crystal Palace,1,1,1,0.5833333333333334,0.0,185.8364575508245,14,21,999,0,1.0,0,999,0,1.0,0,2,3,1.0,1.0,3.0,5.0,7.0,0.8,0.8620689655172413,1.206896551724138,1.7586206896551724,1.0,1.4,1.0714285714285714,0.6666666666666666,1.3571428571428572,1.5,1.0666666666666667,2.0,0.13793103448275862,0.27586206896551724,-0.06206896551724128,12.081220016024211,12.143417810494649,4.031721464172599,10.888120077877847,1.9508268784785745,-0.06219779447043728,1.0,2.0,2.0,7.0,8.0,1.0,1.0357142857142858,1.1785714285714286,1.7142857142857142,1.4,1.6,1.1428571428571428,0.9285714285714286,1.3571428571428572,1.4285714285714286,1.0,2.0,0.21428571428571427,0.21428571428571427,-0.03571428571428581,12.240851576981052,11.982404859551654,4.089897574907331,10.84084795339368,1.9110438602179538,0.25844671742939856
pl-2023-2024-03-30-aston-villa-v-wolves,2024-03-30,2023,Aston Villa,Wolves,2,0,2,0.5833333333333334,0.0,18.85584349915966,13,21,999,0,1.0,0,999,0,1.0,0,1,0,3.0,1.0,1.0,10.0,10.0,2.0,1.9310344827586208,2.0689655172413794,1.4482758620689655,2.0,2.0,2.2142857142857144,1.6666666666666667,2.5,1.3571428571428572,1.6666666666666667,1.5333333333333334,0.20689655172413793,0.13793103448275862,0.06896551724137923,12.081220016024211,12.143417810494649,4.031721464172599,10.888120077877847,1.9508268784785745,-0.06219779447043728,3.0,0.0,2.0,5.0,7.0,1.8,1.4642857142857142,1.5,1.5714285714285714,1.0,1.4,1.7142857142857142,1.2142857142857142,1.5714285714285714,1.5,1.4285714285714286,1.6428571428571428,0.17857142857142858,0.17857142857142858,0.33571428571428585,12.240851576981052,11.982404859551654,4.089897574907331,10.84084795339368,1.9110438602179538,0.25844671742939856
pl-2023-2024-03-30-brentford-v-man-united,2024-03-30,2023,Brentford,Man United,1,1,1,0.4166666666666667,0.0,257.6448222780316,14,21,999,0,1.0,0,999,0,1.0,0,1,3,0.0,1.0,4.0,6.0,11.0,0.2,0.896551724137931,1.4137931034482758,1.8620689655172413,1.2,2.2,1.1428571428571428,0.6666666666666666,1.7142857142857142,2.0714285714285716,1.1333333333333333,1.6666666666666667,0.13793103448275862,0.1724137931034483,-0.6965517241379311,12.081220016024211,12.143417810494649,4.031721464172599,10.888120077877847,1.9508268784785745,-0.06219779447043728,3.0,0.0,2.0,8.0,7.0,1.8,1.6785714285714286,1.3928571428571428,1.3928571428571428,1.6,1.4,1.7857142857142858,1.5714285714285714,1.5,1.4285714285714286,1.2857142857142858,1.3571428571428572,0.2857142857142857,0.25,0.12142857142857144,12.240851576981052,11.982404859551654,4.089897574907331,10.84084795339368,1.9110438602179538,0.25844671742939856
pl-2023-2024-03-31-liverpool-v-brighton,2024-03-31,2023,Liverpool,Brighton,2,1,2,0.5833333333333334,0.0,346.8724652187919,21,21,999,0,1.0,0,999,0,1.0,0,3,1,4.0,1.0,0.0,13.0,4.0,2.6,2.2857142857142856,2.3214285714285716,0.9285714285714286,2.6,0.8,2.5714285714285716,2.0,2.7142857142857144,0.8571428571428571,1.9285714285714286,1.0,0.32142857142857145,0.03571428571428571,0.3142857142857145,12.081220016024211,12.143417810494649,4.031721464172599,10.888120077877847,1.9508268784785745,-0.06219779447043728,2.0,1.0,2.0,8.0,6.0,1.4,1.5,1.7857142857142858,1.5714285714285714,1.6,1.2,1.9285714285714286,1.0714285714285714,2.0,1.1428571428571428,1.5714285714285714,2.0,0.14285714285714285,0.17857142857142858,-0.10000000000000009,12.240851576981052,11.982404859551654,4.089897574907331,10.84084795339368,1.9110438602179538,0.25844671742939856
pl-2023-2024-03-31-man-city-v-arsenal,2024-03-31,2023,Man City,Arsenal,0,0,1,0.4166666666666667,0.0,256.75988180011495,21,22,999,0,1.0,0,999,0,1.0,0,1,5,3.0,2.0,0.0,7.0,3.0,2.2,2.25,2.25,1.0,1.4,0.6,2.4285714285714284,2.0714285714285716,2.4285714285714284,0.8571428571428571,2.0714285714285716,1.1428571428571428,0.2857142857142857,0.07142857142857142,-0.04999999999999982,12.081220016024211,12.143417810494649,4.031721464172599,10.888120077877847,1.9508268784785745,-0.06219779447043728,5.0,0.0,0.0,23.0,2.0,3.0,2.2857142857142856,2.5,0.8571428571428571,4.6,0.4,2.5,2.0714285714285716,2.5714285714285716,0.9285714285714286,2.4285714285714284,0.7857142857142857,0.39285714285714285,0.10714285714285714,0.7142857142857144,12.240851576981052,11.982404859551654,4.089897574907331,10.84084795339368,1.9110438602179538,0.25844671742939856
pl-2023-2024-04-02-west-ham-v-tottenham,2024-04-02,2023,West Ham,Tottenham,1,1,1,0.5,0.0,9.184552287614396,3,3,999,0,1.0,0,999,0,1.0,0,0,1,2.0,2.0,1.0,13.0,10.0,1.6,1.4666666666666666,1.6333333333333333,1.8,2.6,2.0,1.6,1.3333333333333333,1.6666666666666667,1.4666666666666666,1.6,2.1333333333333333,0.16666666666666666,0.2,0.13333333333333353,12.081220016024211,12.143417810494649,4.031721464172599,10.888120077877847,1.9508268784785745,-0.06219779447043728,3.0,0.0,2.0,10.0,7.0,1.8,1.9310344827586208,2.103448275862069,1.4827586206896552,2.0,1.4,2.2,1.6428571428571428,2.066666666666667,1.3333333333333333,2.142857142857143,1.6428571428571428,0.20689655172413793,0.034482758620689655,-0.13103448275862073,12.240851576981052,11.982404859551654,4.089897574907331,10.84084795339368,1.9110438602179538,0.25844671742939856
pl-2023-2024-04-02-nott-m-forest-v-fulham,2024-04-02,2023,Nott'm Forest,Fulham,3,1,2,0.25,0.0,174.44521668544397,3,3,999,0,1.0,0,999,0,1.0,0,2,0,0.0,2.0,3.0,4.0,8.0,0.4,0.8666666666666667,1.2,1.7333333333333334,0.8,1.6,1.0666666666666667,0.6666666666666666,1.3333333333333333,1.4666666666666666,1.0666666666666667,2.0,0.13333333333333333,0.26666666666666666,-0.4666666666666667,12.081220016024211,12.143417810494649,4.031721464172599,10.888120077877847,1.9508268784785745,-0.06219779447043728,3.0,1.0,1.0,12.0,6.0,2.0,1.3,1.5333333333333334,1.5666666666666667,2.4,1.2,1.8666666666666667,0.7333333333333333,1.9333333333333333,1.0,1.1333333333333333,2.1333333333333333,0.26666666666666666,0.3333333333333333,0.7,12.240851576981052,11.982404859551654,4.089897574907331,10.84084795339368,1.9110438602179538,0.25844671742939856
pl-2023-2024-04-02-newcastle-v-everton,2024-04-02,2023,Newcastle,Everton,1,1,1,0.3333333333333333,0.0,192.08985245034933,3,3,999,0,1.0,0,999,0,1.0,0,3,3,2.0,1.0,2.0,12.0,12.0,1.4,1.4827586206896552,2.1724137931034484,1.7586206896551724,2.4,2.4,2.1333333333333333,0.7857142857142857,2.533333333333333,1.2666666666666666,1.7857142857142858,2.2857142857142856,0.27586206896551724,0.13793103448275862,-0.08275862068965534,12.081220016024211,12.143417810494649,4.031721464172599,10.888120077877847,1.9508268784785745,-0.06219779447043728,0.0,2.0,3.0,4.0,9.0,0.4,1.0689655172413792,1.0344827586206897,1.4137931034482758,0.8,1.8,0.9285714285714286,1.2,1.0714285714285714,1.2857142857142858,1.0,1.5333333333333334,0.27586206896551724,0.3793103448275862,-0.6689655172413792,12.240851576981052,11.982404859551654,4.089897574907331,10.84084795339368,1.9110438602179538,0.25844671742939856
pl-2023-2024-04-02-burnley-v-wolves,2024-04-02,2023,Burnley,Wolves,1,1,1,0.5,0.0,133.4890448099353,3,3,999,0,1.0,0,999,0,1.0,0,0,0,1.0,2.0,2.0,6.0,10.0,1.0,0.6,1.0333333333333334,2.1666666666666665,1.2,2.0,0.5333333333333333,0.6666666666666666,1.0,2.3333333333333335,1.0666666666666667,2.0,0.06666666666666667,0.36666666666666664,0.4,12.081220016024211,12.143417810494649,4.031721464172599,10.888120077877847,1.9508268784785745,-0.06219779447043728,3.0,0.0,2.0,5.0,7.0,1.8,1.4137931034482758,1.4482758620689655,1.5862068965517242,1.0,1.4,1.7142857142857142,1.1333333333333333,1.5714285714285714,1.5,1.3333333333333333,1.6666666666666667,0.1724137931034483,0.20689655172413793,0.38620689655172424,12.240851576981052,11.982404859551654,4.089897574907331,10.84084795339368,1.9110438602179538,0.25844671742939856
pl-2023-2024-04-02-bournemouth-v-crystal-palace,2024-04-02,2023,Bournemouth,Crystal Palace,1,0,2,0.75,0.0,142.90219697931587,3,3,999,0,1.0,0,999,0,1.0,0,2,3,3.0,1.0,1.0,10.0,7.0,2.0,1.3103448275862069,1.4827586206896552,1.8275862068965518,2.0,1.4,1.3333333333333333,1.2857142857142858,1.3333333333333333,1.6,1.6428571428571428,2.0714285714285716,0.20689655172413793,0.20689655172413793,0.6896551724137931,12.081220016024211,12.143417810494649,4.031721464172599,10.888120077877847,1.9508268784785745,-0.06219779447043728,1.0,3.0,1.0,7.0,6.0,1.2,1.0344827586206897,1.1724137931034482,1.6896551724137931,1.4,1.2,1.1428571428571428,0.9333333333333333,1.3571428571428572,1.4285714285714286,1.0,1.9333333333333333,0.20689655172413793,0.20689655172413793,0.16551724137931023,12.240851576981052,11.982404859551654,4.089897574907331,10.84084795339368,1.9110438602179538,0.25844671742939856
pl-2023-2024-04-03-arsenal-v-luton,2024-04-03,2023,Arsenal,Luton,2,0,2,1.0,0.0,42.97590665338211,3,4,999,0,1.0,0,999,0,1.0,0,5,0,4.0,1.0,0.0,17.0,2.0,2.6,2.2413793103448274,2.413793103448276,0.8275862068965517,3.4,0.4,2.5,2.0,2.5714285714285716,0.9285714285714286,2.2666666666666666,0.7333333333333333,0.41379310344827586,0.13793103448275862,0.3586206896551727,12.081220016024211,12.143417810494649,4.031721464172599,10.888120077877847,1.9508268784785745,-0.06219779447043728,0.0,2.0,3.0,8.0,11.0,0.4,0.7333333333333333,1.4333333333333333,2.066666666666667,1.6,2.2,0.8,0.6666666666666666,1.4666666666666666,1.7333333333333334,1.4,2.4,0.06666666666666667,0.13333333333333333,-0.33333333333333326,12.240851576981052,11.982404859551654,4.089897574907331,10.84084795339368,1.9110438602179538,0.25844671742939856
pl-2023-2024-04-03-brentford-v-brighton,2024-04-03,2023,Brentford,Brighton,0,0,1,0.3333333333333333,0.0,71.56602003805497,4,3,999,0,1.0,0,999,0,1.0,0,1,1,0.0,2.0,3.0,7.0,11.0,0.4,0.9,1.4,1.8333333333333333,1.4,2.2,1.1333333333333333,0.6666666666666666,1.6666666666666667,2.0,1.1333333333333333,1.6666666666666667,0.13333333333333333,0.16666666666666666,-0.5,12.081220016024211,12.143417810494649,4.031721464172599,10.888120077877847,1.9508268784785745,-0.06219779447043728,2.0,1.0,2.0,8.0,6.0,1.4,1.4482758620689655,1.7586206896551724,1.5862068965517242,1.6,1.2,1.9285714285714286,1.0,2.0,1.1428571428571428,1.5333333333333334,2.0,0.13793103448275862,0.1724137931034483,-0.048275862068965614,12.240851576981052,11.982404859551654,4.089897574907331,10.84084795339368,1.9110438602179538,0.25844671742939856
pl-2023-2024-04-03-man-city-v-aston-villa,2024-04-03,2023,Man City,Aston Villa,4,1,2,0.3333333333333333,0.0,110.33622205535409,3,4,999,0,1.0,0,999,0,1.0,0,1,1,3.0,2.0,0.0,6.0,2.0,2.2,2.206896551724138,2.1724137931034484,0.9655172413793104,1.2,0.4,2.3333333333333335,2.0714285714285716,2.2666666666666666,0.8,2.0714285714285716,1.1428571428571428,0.3103448275862069,0.10344827586206896,-0.006896551724137723,12.081220016024211,12.143417810494649,4.031721464172599,10.888120077877847,1.9508268784785745,-0.06219779447043728,3.0,1.0,1.0,10.0,9.0,2.0,1.9666666666666666,2.066666666666667,1.4,2.0,1.8,2.2666666666666666,1.6666666666666667,2.466666666666667,1.2666666666666666,1.6666666666666667,1.5333333333333334,0.23333333333333334,0.13333333333333333,0.03333333333333344,12.240851576981052,11.982404859551654,4.089897574907331,10.84084795339368,1.9110438602179538,0.25844671742939856
pl-2023-2024-04-04-liverpool-v-sheffield-united,2024-04-04,2023,Liverpool,Sheffield United,3,1,2,1.0,0.0,99.34310858453016,4,5,999,0,1.0,0,999,0,1.0,0,3,0,4.0,1.0,0.0,12.0,4.0,2.6,2.310344827586207,2.310344827586207,0.9310344827586207,2.4,0.8,2.6,2.0,2.6666666666666665,0.8666666666666667,1.9285714285714286,1.0,0.3103448275862069,0.034482758620689655,0.28965517241379324,12.081220016024211,12.143417810494649,4.031721464172599,10.888120077877847,1.9508268784785745,-0.06219779447043728,0.0,2.0,3.0,5.0,17.0,0.4,0.5172413793103449,0.9310344827586207,2.6551724137931036,1.0,3.4,0.6,0.42857142857142855,1.0,3.0,0.8571428571428571,2.2857142857142856,0.034482758620689655,0.41379310344827586,-0.11724137931034484,12.240851576981052,11.982404859551654,4.089897574907331,10.84084795339368,1.9110438602179538,0.25844671742939856
pl-2023-2024-04-04-chelsea-v-man-united,2024-04-04,2023,Chelsea,Man United,4,3,2,0.4166666666666667,0.0,262.184399614443,5,5,999,0,1.0,0,999,0,1.0,0,3,3,2.0,3.0,0.0,11.0,8.0,1.8,1.4285714285714286,1.75,1.6785714285714286,2.2,1.6,1.5714285714285714,1.2857142857142858,1.7857142857142858,1.5714285714285714,1.7142857142857142,1.7857142857142858,0.17857142857142858,0.17857142857142858,0.37142857142857144,12.081220016024211,12.143417810494649,4.031721464172599,10.888120077877847,1.9508268784785745,-0.06219779447043728,2.0,1.0,2.0,7.0,7.0,1.4,1.6551724137931034,1.3793103448275863,1.3793103448275863,1.4,1.4,1.7857142857142858,1.5333333333333334,1.5,1.4285714285714286,1.2666666666666666,1.3333333333333333,0.27586206896551724,0.2413793103448276,-0.2551724137931035,12.240851576981052,11.982404859551654,4.089897574907331,10.84084795339368,1.9110438602179538,0.25844671742939856
pl-2023-2024-04-06-crystal-palace-v-man-city,2024-04-06,2023,Crystal Palace,Man City,2,4,0,0.14285714285714285,0.0,272.52161464476416,4,3,999,0,1.0,0,999,0,1.0,0,3,1,1.0,2.0,2.0,6.0,6.0,1.0,1.0,1.1333333333333333,1.6666666666666667,1.2,1.2,1.1428571428571428,0.875,1.3571428571428572,1.4285714285714286,0.9375,1.875,0.2,0.23333333333333334,0.0,12.081220016024211,12.143417810494649,4.031721464172599,10.888120077877847,1.9508268784785745,-0.06219779447043728,3.0,2.0,0.0,9.0,3.0,2.2,2.2333333333333334,2.2333333333333334,0.9666666666666667,1.8,0.6,2.375,2.0714285714285716,2.375,0.8125,2.0714285714285716,1.1428571428571428,0.3,0.1,-0.033333333333333215,12.240851576981052,11.982404859551654,4.089897574907331,10.84084795339368,1.9110438602179538,0.25844671742939856
pl-2023-2024-04-06-brighton-v-arsenal,2024-04-06,2023,Brighton,Arsenal,0,3,0,0.2857142857142857,0.0,77.40825110392977,3,3,999,0,1.0,0,999,0,1.0,0,1,5,1.0,2.0,2.0,3.0,6.0,1.0,1.4333333333333333,1.7,1.5333333333333334,0.6,1.2,1.9285714285714286,1.0,2.0,1.1428571428571428,1.4375,1.875,0.16666666666666666,0.2,-0.43333333333333335,12.081220016024211,12.143417810494649,4.031721464172599,10.888120077877847,1.9508268784785745,-0.06219779447043728,4.0,1.0,0.0,14.0,2.0,2.6,2.2666666666666666,2.4,0.8,2.8,0.4,2.533333333333333,2.0,2.533333333333333,0.8666666666666667,2.2666666666666666,0.7333333333333333,0.43333333333333335,0.13333333333333333,0.3333333333333335,12.240851576981052,11.982404859551654,4.089897574907331,10.84084795339368,1.9110438602179538,0.25844671742939856
pl-2023-2024-04-06-wolves-v-west-ham,2024-04-06,2023,Wolves,West Ham,1,2,0,0.3333333333333333,0.0,187.5456724769656,4,4,999,0,1.0,0,999,0,1.0,0,0,0,2.0,1.0,2.0,4.0,7.0,1.4,1.4,1.4333333333333333,1.5666666666666667,0.8,1.4,1.7142857142857142,1.125,1.5714285714285714,1.5,1.3125,1.625,0.16666666666666666,0.2,0.0,12.081220016024211,12.143417810494649,4.031721464172599,10.888120077877847,1.9508268784785745,-0.06219779447043728,1.0,3.0,1.0,10.0,9.0,1.2,1.4516129032258065,1.6129032258064515,1.7741935483870968,2.0,1.8,1.5625,1.3333333333333333,1.625,1.4375,1.6,2.1333333333333333,0.16129032258064516,0.1935483870967742,-0.25161290322580654,12.240851576981052,11.982404859551654,4.089897574907331,10.84084795339368,1.9110438602179538,0.25844671742939856
pl-2023-2024-04-06-fulham-v-newcastle,2024-04-06,2023,Fulham,Newcastle,0,1,0,0.5,0.0,400.0557612696015,4,4,999,0,1.0,0,999,0,1.0,0,0,3,2.0,1.0,2.0,11.0,8.0,1.4,1.2580645161290323,1.5161290322580645,1.6129032258064515,2.2,1.6,1.8666666666666667,0.6875,1.9333333333333333,1.0,1.125,2.1875,0.25806451612903225,0.3225806451612903,0.14193548387096766,12.081220016024211,12.143417810494649,4.031721464172599,10.888120077877847,1.9508268784785745,-0.06219779447043728,2.0,1.0,2.0,11.0,11.0,1.4,1.4666666666666666,2.1333333333333333,1.7333333333333334,2.2,2.2,2.0625,0.7857142857142857,2.4375,1.25,1.7857142857142858,2.2857142857142856,0.26666666666666666,0.13333333333333333,-0.06666666666666665,12.240851576981052,11.982404859551654,4.089897574907331,10.84084795339368,1.9110438602179538,0.25844671742939856
pl-2023-2024-04-06-aston-villa-v-brentford,2024-04-06,2023,Aston Villa,Brentford,3,3,1,0.5833333333333334,0.0,157.1274012431735,3,3,999,0,1.0,0,999,0,1.0,0,1,1,2.0,1.0,2.0,7.0,11.0,1.4,1.903225806451613,2.032258064516129,1.4838709677419355,1.4,2.2,2.2666666666666666,1.5625,2.466666666666667,1.2666666666666666,1.625,1.6875,0.22580645161290322,0.12903225806451613,-0.5032258064516131,12.081220016024211,12.143417810494649,4.031721464172599,10.888120077877847,1.9508268784785745,-0.06219779447043728,0.0,3.0,2.0,5.0,7.0,0.6,0.9032258064516129,1.3548387096774193,1.7741935483870968,1.0,1.4,1.125,0.6666666666666666,1.5625,1.875,1.1333333333333333,1.6666666666666667,0.16129032258064516,0.1935483870967742,-0.3032258064516129,12.240851576981052,11.982404859551654,4.089897574907331,10.84084795339368,1.9110438602179538,0.25844671742939856
pl-2023-2024-04-06-luton-v-bournemouth,2024-04-06,2023,Luton,Bournemouth,2,1,2,0.5,0.0,160.7682480529404,3,4,999,0,1.0,0,999,0,1.0,0,0,2,0.0,2.0,3.0,6.0,10.0,0.4,0.7096774193548387,1.3870967741935485,2.064516129032258,1.2,2.0,0.8,0.625,1.4666666666666666,1.7333333333333334,1.3125,2.375,0.06451612903225806,0.16129032258064516,-0.3096774193548387,12.081220016024211,12.143417810494649,4.031721464172599,10.888120077877847,1.9508268784785745,-0.06219779447043728,4.0,1.0,0.0,11.0,6.0,2.6,1.3666666666666667,1.4666666666666666,1.7666666666666666,2.2,1.2,1.4375,1.2857142857142858,1.3125,1.5,1.6428571428571428,2.0714285714285716,0.23333333333333334,0.2,1.2333333333333334,12.240851576981052,11.982404859551654,4.089897574907331,10.84084795339368,1.9110438602179538,0.25844671742939856
pl-2023-2024-04-06-everton-v-burnley,2024-04-06,2023,Everton,Burnley,1,0,2,0.875,0.0,62.22188979256802,4,4,999,0,1.0,0,999,0,1.0,0,3,0,0.0,2.0,3.0,4.0,9.0,0.4,1.0666666666666667,1.0333333333333334,1.4,0.8,1.8,0.9285714285714286,1.1875,1.0714285714285714,1.2857142857142858,1.0,1.5,0.26666666666666666,0.36666666666666664,-0.6666666666666666,12.081220016024211,12.143417810494649,4.031721464172599,10.888120077877847,1.9508268784785745,-0.06219779447043728,1.0,3.0,1.0,7.0,8.0,1.2,0.6129032258064516,1.032258064516129,2.129032258064516,1.4,1.6,0.5625,0.6666666666666666,1.0,2.25,1.0666666666666667,2.0,0.06451612903225806,0.3548387096774194,0.5870967741935483,12.240851576981052,11.982404859551654,4.089897574907331,10.84084795339368,1.9110438602179538,0.25844671742939856
pl-2023-2024-04-07-man-united-v-liverpool,2024-04-07,2023,Man United,Liverpool,2,2,1,0.5833333333333334,0.0,44.84237863424872,3,3,999,0,1.0,0,999,0,1.0,0,3,3,1.0,1.0,3.0,8.0,10.0,0.8,1.6,1.4333333333333333,1.4666666666666666,1.6,2.0,1.7857142857142858,1.4375,1.5,1.4285714285714286,1.375,1.5,0.26666666666666666,0.23333333333333334,-0.8,12.081220016024211,12.143417810494649,4.031721464172599,10.888120077877847,1.9508268784785745,-0.06219779447043728,4.0,1.0,0.0,11.0,4.0,2.6,2.3333333333333335,2.3333333333333335,0.9333333333333333,2.2,0.8,2.625,2.0,2.6875,0.875,1.9285714285714286,1.0,0.3,0.03333333333333333,0.2666666666666666,12.240851576981052,11.982404859551654,4.089897574907331,10.84084795339368,1.9110438602179538,0.25844671742939856
pl-2023-2024-04-07-sheffield-united-v-chelsea,2024-04-07,2023,Sheffield United,Chelsea,2,2,1,0.25,0.0,227.15938777494014,3,3,999,0,1.0,0,999,0,1.0,0,0,3,0.0,2.0,3.0,6.0,15.0,0.4,0.5,0.9333333333333333,2.6666666666666665,1.2,3.0,0.6,0.4,1.0,3.0,0.8666666666666667,2.3333333333333335,0.03333333333333333,0.4,-0.09999999999999998,12.081220016024211,12.143417810494649,4.031721464172599,10.888120077877847,1.9508268784785745,-0.06219779447043728,2.0,3.0,0.0,12.0,10.0,1.8,1.4827586206896552,1.8275862068965518,1.7241379310344827,2.4,2.0,1.6666666666666667,1.2857142857142858,1.9333333333333333,1.6666666666666667,1.7142857142857142,1.7857142857142858,0.1724137931034483,0.1724137931034483,0.3172413793103448,12.240851576981052,11.982404859551654,4.089897574907331,10.84084795339368,1.9110438602179538,0.25844671742939856
pl-2023-2024-04-07-tottenham-v-nott-m-forest,2024-04-07,2023,Tottenham,Nott'm Forest,3,1,2,0.35714285714285715,0.0,165.4626559900765,5,5,999,0,1.0,0,999,0,1.0,0,1,2,3.0,1.0,1.0,10.0,6.0,2.0,1.9,2.066666666666667,1.4666666666666666,2.0,1.2,2.2,1.6,2.066666666666667,1.3333333333333333,2.066666666666667,1.6,0.2,0.03333333333333333,0.10000000000000009,12.081220016024211,12.143417810494649,4.031721464172599,10.888120077877847,1.9508268784785745,-0.06219779447043728,1.0,2.0,2.0,5.0,5.0,1.0,0.9354838709677419,1.2580645161290323,1.7096774193548387,1.0,1.0,1.1875,0.6666666666666666,1.4375,1.4375,1.0666666666666667,2.0,0.12903225806451613,0.25806451612903225,0.06451612903225812,12.240851576981052,11.982404859551654,4.089897574907331,10.84084795339368,1.9110438602179538,0.25844671742939856
pl-2023-2024-04-13-newcastle-v-tottenham,2024-04-13,2023,Newcastle,Tottenham,4,0,2,0.7857142857142857,0.0,388.67839795676935,7,6,999,0,1.0,0,999,0,1.0,0,3,1,3.0,1.0,1.0,11.0,7.0,2.0,1.5161290322580645,2.096774193548387,1.6774193548387097,2.2,1.4,2.0625,0.9333333333333333,2.4375,1.25,1.7333333333333334,2.1333333333333333,0.2903225806451613,0.12903225806451613,0.4838709677419355,12.081220016024211,12.143417810494649,4.031721464172599,10.888120077877847,1.9508268784785745,-0.06219779447043728,3.0,1.0,1.0,10.0,6.0,2.0,1.935483870967742,2.096774193548387,1.4516129032258065,2.0,1.2,2.25,1.6,2.125,1.3125,2.066666666666667,1.6,0.1935483870967742,0.03225806451612903,0.06451612903225801,12.240851576981052,11.982404859551654,4.089897574907331,10.84084795339368,1.9110438602179538,0.25844671742939856
pl-2023-2024-04-13-burnley-v-brighton,2024-04-13,2023,Burnley,Brighton,1,1,1,0.25,0.0,356.73795278377855,7,7,999,0,1.0,0,999,0,1.0,0,0,1,1.0,3.0,1.0,7.0,7.0,1.2,0.59375,1.0,2.09375,1.4,1.4,0.5625,0.625,1.0,2.25,1.0,1.9375,0.0625,0.375,0.60625,12.081220016024211,12.143417810494649,4.031721464172599,10.888120077877847,1.9508268784785745,-0.06219779447043728,1.0,1.0,3.0,2.0,8.0,0.8,1.3870967741935485,1.6451612903225807,1.5806451612903225,0.4,1.6,1.8,1.0,1.8666666666666667,1.2666666666666666,1.4375,1.875,0.16129032258064516,0.22580645161290322,-0.5870967741935484,12.240851576981052,11.982404859551654,4.089897574907331,10.84084795339368,1.9110438602179538,0.25844671742939856
pl-2023-2024-04-13-man-city-v-luton,2024-04-13,2023,Man City,Luton,5,1,2,1.0,0.0,213.7897300956533,7,7,999,0,1.0,0,999,0,1.0,0,1,0,3.0,2.0,0.0,12.0,5.0,2.2,2.2580645161290325,2.2903225806451615,1.0,2.4,1.0,2.375,2.1333333333333333,2.375,0.8125,2.2,1.2,0.2903225806451613,0.0967741935483871,-0.058064516129032295,12.081220016024211,12.143417810494649,4.031721464172599,10.888120077877847,1.9508268784785745,-0.06219779447043728,1.0,1.0,3.0,7.0,10.0,0.8,0.78125,1.40625,2.03125,1.4,2.0,0.9375,0.625,1.5,1.6875,1.3125,2.375,0.0625,0.15625,0.018750000000000044,12.240851576981052,11.982404859551654,4.089897574907331,10.84084795339368,1.9110438602179538,0.25844671742939856
pl-2023-2024-04-13-brentford-v-sheffield-united,2024-04-13,2023,Brentford,Sheffield United,2,0,2,0.5,0.0,223.67151336666038,7,6,999,0,1.0,0,999,0,1.0,0,1,0,0.0,3.0,2.0,6.0,8.0,0.6,0.90625,1.40625,1.8125,1.2,1.6,1.125,0.6875,1.5625,1.875,1.25,1.75,0.15625,0.1875,-0.30625,12.081220016024211,12.143417810494649,4.031721464172599,10.888120077877847,1.9508268784785745,-0.06219779447043728,0.0,3.0,2.0,8.0,16.0,0.6,0.5161290322580645,0.967741935483871,2.6451612903225805,1.6,3.2,0.625,0.4,1.0625,2.9375,0.8666666666666667,2.3333333333333335,0.03225806451612903,0.3870967741935484,0.08387096774193548,12.240851576981052,11.982404859551654,4.089897574907331,10.84084795339368,1.9110438602179538,0.25844671742939856
pl-2023-2024-04-13-nott-m-forest-v-wolves,2024-04-13,2023,Nott'm Forest,Wolves,2,2,1,0.6666666666666666,0.0,77.31910351998752,6,7,999,0,1.0,0,999,0,1.0,0,2,0,1.0,2.0,2.0,6.0,7.0,1.0,0.90625,1.25,1.75,1.2,1.4,1.1875,0.625,1.4375,1.4375,1.0625,2.0625,0.125,0.25,0.09375,12.081220016024211,12.143417810494649,4.031721464172599,10.888120077877847,1.9508268784785745,-0.06219779447043728,1.0,1.0,3.0,4.0,9.0,0.8,1.3548387096774193,1.4193548387096775,1.5806451612903225,0.8,1.8,1.6,1.125,1.5333333333333334,1.5333333333333334,1.3125,1.625,0.16129032258064516,0.1935483870967742,-0.5548387096774192,12.240851576981052,11.982404859551654,4.089897574907331,10.84084795339368,1.9110438602179538,0.25844671742939856
pl-2023-2024-04-13-bournemouth-v-man-united,2024-04-13,2023,Bournemouth,Man United,2,2,1,0.6666666666666666,0.0,304.9121219179983,7,6,999,0,1.0,0,999,0,1.0,0,2,3,3.0,1.0,1.0,10.0,8.0,2.0,1.3225806451612903,1.4516129032258065,1.7741935483870968,2.0,1.6,1.4375,1.2,1.3125,1.5,1.6,2.066666666666667,0.22580645161290322,0.1935483870967742,0.6774193548387097,12.081220016024211,12.143417810494649,4.031721464172599,10.888120077877847,1.9508268784785745,-0.06219779447043728,1.0,2.0,2.0,9.0,10.0,1.0,1.5806451612903225,1.4516129032258065,1.4838709677419355,1.8,2.0,1.7333333333333334,1.4375,1.5333333333333334,1.4666666666666666,1.375,1.5,0.25806451612903225,0.22580645161290322,-0.5806451612903225,12.240851576981052,11.982404859551654,4.089897574907331,10.84084795339368,1.9110438602179538,0.25844671742939856
pl-2023-2024-04-14-liverpool-v-crystal-palace,2024-04-14,2023,Liverpool,Crystal Palace,0,1,0,0.5833333333333334,0.0,298.70905973346817,7,8,999,0,1.0,0,999,0,1.0,0,3,3,3.0,2.0,0.0,9.0,5.0,2.2,2.2903225806451615,2.3225806451612905,0.967741935483871,1.8,1.0,2.625,1.9333333333333333,2.6875,0.875,1.9333333333333333,1.0666666666666667,0.2903225806451613,0.03225806451612903,-0.0903225806451613,12.081220016024211,12.143417810494649,4.031721464172599,10.888120077877847,1.9508268784785745,-0.06219779447043728,0.0,2.0,3.0,5.0,10.0,0.4,0.967741935483871,1.1612903225806452,1.7419354838709677,1.0,2.0,1.0666666666666667,0.875,1.4,1.6,0.9375,1.875,0.1935483870967742,0.22580645161290322,-0.567741935483871,12.240851576981052,11.982404859551654,4.089897574907331,10.84084795339368,1.9110438602179538,0.25844671742939856
pl-2023-2024-04-14-west-ham-v-fulham,2024-04-14,2023,West Ham,Fulham,0,2,0,0.4166666666666667,0.0,17.879972655030514,8,8,999,0,1.0,0,999,0,1.0,0,0,0,1.0,3.0,1.0,9.0,9.0,1.2,1.5,1.625,1.75,1.8,1.8,1.5625,1.4375,1.625,1.4375,1.625,2.0625,0.15625,0.1875,-0.30000000000000004,12.081220016024211,12.143417810494649,4.031721464172599,10.888120077877847,1.9508268784785745,-0.06219779447043728,1.0,1.0,3.0,8.0,9.0,0.8,1.21875,1.46875,1.59375,1.6,1.8,1.75,0.6875,1.8125,1.0,1.125,2.1875,0.25,0.34375,-0.41874999999999996,12.240851576981052,11.982404859551654,4.089897574907331,10.84084795339368,1.9110438602179538,0.25844671742939856
pl-2023-2024-04-14-arsenal-v-aston-villa,2024-04-14,2023,Arsenal,Aston Villa,0,2,0,0.5,0.0,161.28672843676878,8,8,999,0,1.0,0,999,0,1.0,0,5,1,4.0,1.0,0.0,13.0,1.0,2.6,2.2903225806451615,2.4193548387096775,0.7741935483870968,2.6,0.2,2.533333333333333,2.0625,2.533333333333333,0.8666666666666667,2.3125,0.6875,0.45161290322580644,0.12903225806451613,0.3096774193548386,12.081220016024211,12.143417810494649,4.031721464172599,10.888120077877847,1.9508268784785745,-0.06219779447043728,1.0,2.0,2.0,7.0,12.0,1.0,1.875,2.0625,1.53125,1.4,2.4,2.1875,1.5625,2.5,1.375,1.625,1.6875,0.21875,0.125,-0.875,12.240851576981052,11.982404859551654,4.089897574907331,10.84084795339368,1.9110438602179538,0.25844671742939856
pl-2023-2024-04-15-chelsea-v-everton,2024-04-15,2023,Chelsea,Everton,6,0,2,0.5833333333333334,0.0,287.53543213007396,8,9,999,0,1.0,0,999,0,1.0,0,3,3,2.0,3.0,0.0,13.0,11.0,1.8,1.4666666666666666,1.8333333333333333,1.7333333333333334,2.6,2.2,1.6666666666666667,1.2666666666666666,1.9333333333333333,1.6666666666666667,1.7333333333333334,1.8,0.16666666666666666,0.16666666666666666,0.3333333333333335,12.081220016024211,12.143417810494649,4.031721464172599,10.888120077877847,1.9508268784785745,-0.06219779447043728,1.0,1.0,3.0,4.0,8.0,0.8,1.1290322580645162,1.032258064516129,1.3548387096774193,0.8,1.6,1.0666666666666667,1.1875,1.0666666666666667,1.2,1.0,1.5,0.2903225806451613,0.3548387096774194,-0.3290322580645162,12.240851576981052,11.982404859551654,4.089897574907331,10.84084795339368,1.9110438602179538,0.25844671742939856
pl-2023-2024-04-20-sheffield-united-v-burnley,2024-04-20,2023,Sheffield United,Burnley,1,4,0,0.0,0.0,68.42010169239784,7,7,999,0,1.0,0,999,0,1.0,0,0,0,0.0,3.0,2.0,8.0,12.0,0.6,0.5,0.9375,2.625,1.6,2.4,0.625,0.375,1.0625,2.9375,0.8125,2.3125,0.03125,0.40625,0.09999999999999998,12.081220016024211,12.143417810494649,4.031721464172599,10.888120077877847,1.9508268784785745,-0.06219779447043728,1.0,3.0,1.0,6.0,6.0,1.2,0.6060606060606061,1.0,2.0606060606060606,1.2,1.2,0.5882352941176471,0.625,1.0,2.176470588235294,1.0,1.9375,0.06060606060606061,0.36363636363636365,0.5939393939393939,12.240851576981052,11.982404859551654,4.089897574907331,10.84084795339368,1.9110438602179538,0.25844671742939856
pl-2023-2024-04-20-luton-v-brentford,2024-04-20,2023,Luton,Brentford,1,5,0,0.0,0.0,44.906092489173716,7,7,999,0,1.0,0,999,0,1.0,0,0,1,1.0,1.0,3.0,5.0,11.0,0.8,0.7575757575757576,1.393939393939394,2.121212121212121,1.0,2.2,0.9375,0.5882352941176471,1.5,1.6875,1.2941176470588236,2.5294117647058822,0.06060606060606061,0.15151515151515152,0.042424242424242475,12.081220016024211,12.143417810494649,4.031721464172599,10.888120077877847,1.9508268784785745,-0.06219779447043728,1.0,3.0,1.0,7.0,6.0,1.2,0.9696969696969697,1.4242424242424243,1.7575757575757576,1.4,1.2,1.2352941176470589,0.6875,1.588235294117647,1.7647058823529411,1.25,1.75,0.18181818181818182,0.18181818181818182,0.23030303030303023,12.240851576981052,11.982404859551654,4.089897574907331,10.84084795339368,1.9110438602179538,0.25844671742939856
pl-2023-2024-04-20-wolves-v-arsenal,2024-04-20,2023,Wolves,Arsenal,0,2,0,0.08333333333333333,0.0,179.79241990775787,7,6,999,0,1.0,0,999,0,1.0,0,0,5,1.0,2.0,2.0,6.0,8.0,1.0,1.34375,1.4375,1.59375,1.2,1.6,1.6,1.1176470588235294,1.5333333333333334,1.5333333333333334,1.3529411764705883,1.6470588235294117,0.15625,0.1875,-0.34375,12.081220016024211,12.143417810494649,4.031721464172599,10.888120077877847,1.9508268784785745,-0.06219779447043728,3.0,1.0,1.0,7.0,3.0,2.0,2.21875,2.34375,0.8125,1.4,0.6,2.375,2.0625,2.375,0.9375,2.3125,0.6875,0.4375,0.15625,-0.21875,12.240851576981052,11.982404859551654,4.089897574907331,10.84084795339368,1.9110438602179538,0.25844671742939856
pl-2023-2024-04-21-everton-v-nott-m-forest,2024-04-21,2023,Everton,Nott'm Forest,2,0,2,0.8333333333333334,0.0,133.88930766267092,6,8,999,0,1.0,0,999,0,1.0,0,3,2,1.0,1.0,3.0,3.0,11.0,0.8,1.09375,1.0,1.5,0.6,2.2,1.0666666666666667,1.1176470588235294,1.0666666666666667,1.2,0.9411764705882353,1.7647058823529411,0.28125,0.375,-0.29374999999999996,12.081220016024211,12.143417810494649,4.031721464172599,10.888120077877847,1.9508268784785745,-0.06219779447043728,1.0,3.0,1.0,8.0,8.0,1.2,0.9090909090909091,1.2727272727272727,1.7575757575757576,1.6,1.6,1.1764705882352942,0.625,1.4705882352941178,1.4705882352941178,1.0625,2.0625,0.12121212121212122,0.24242424242424243,0.2909090909090909,12.240851576981052,11.982404859551654,4.089897574907331,10.84084795339368,1.9110438602179538,0.25844671742939856
pl-2023-2024-04-21-crystal-palace-v-west-ham,2024-04-21,2023,Crystal Palace,West Ham,5,2,2,0.6666666666666666,0.0,17.19692229534069,7,7,999,0,1.0,0,999,0,1.0,0,3,0,1.0,2.0,2.0,5.0,7.0,1.0,1.03125,1.15625,1.6875,1.0,1.4,1.0666666666666667,1.0,1.4,1.6,0.9411764705882353,1.7647058823529411,0.21875,0.21875,-0.03125,12.081220016024211,12.143417810494649,4.031721464172599,10.888120077877847,1.9508268784785745,-0.06219779447043728,1.0,2.0,2.0,7.0,9.0,1.0,1.4545454545454546,1.5757575757575757,1.7575757575757576,1.4,1.8,1.4705882352941178,1.4375,1.5294117647058822,1.4705882352941178,1.625,2.0625,0.15151515151515152,0.21212121212121213,-0.4545454545454546,12.240851576981052,11.982404859551654,4.089897574907331,10.84084795339368,1.9110438602179538,0.25844671742939856
pl-2023-2024-04-21-aston-villa-v-bournemouth,2024-04-21,2023,Aston Villa,Bournemouth,3,1,2,0.75,0.0,197.28647065983924,7,8,999,0,1.0,0,999,0,1.0,0,1,2,2.0,2.0,1.0,9.0,8.0,1.6,1.9090909090909092,2.0606060606060606,1.4848484848484849,1.8,1.6,2.1875,1.6470588235294117,2.5,1.375,1.6470588235294117,1.588235294117647,0.24242424242424243,0.12121212121212122,-0.3090909090909091,12.081220016024211,12.143417810494649,4.031721464172599,10.888120077877847,1.9508268784785745,-0.06219779447043728,3.0,1.0,1.0,10.0,8.0,2.0,1.3125,1.46875,1.78125,2.0,1.6,1.411764705882353,1.2,1.3529411764705883,1.5294117647058822,1.6,2.066666666666667,0.21875,0.1875,0.6875,12.240851576981052,11.982404859551654,4.089897574907331,10.84084795339368,1.9110438602179538,0.25844671742939856
pl-2023-2024-04-21-fulham-v-liverpool,2024-04-21,2023,Fulham,Liverpool,1,3,0,0.35714285714285715,0.0,286.14773399258996,7,7,999,0,1.0,0,999,0,1.0,0,0,3,2.0,1.0,2.0,9.0,7.0,1.4,1.2727272727272727,1.4848484848484849,1.5454545454545454,1.8,1.4,1.75,0.8235294117647058,1.8125,1.0,1.1764705882352942,2.0588235294117645,0.2727272727272727,0.3333333333333333,0.1272727272727272,12.081220016024211,12.143417810494649,4.031721464172599,10.888120077877847,1.9508268784785745,-0.06219779447043728,2.0,2.0,1.0,8.0,6.0,1.6,2.21875,2.25,0.96875,1.6,1.2,2.4705882352941178,1.9333333333333333,2.5294117647058822,0.8823529411764706,1.9333333333333333,1.0666666666666667,0.28125,0.0625,-0.6187499999999999,12.240851576981052,11.982404859551654,4.089897574907331,10.84084795339368,1.9110438602179538,0.25844671742939856
pl-2023-2024-04-23-arsenal-v-chelsea,2024-04-23,2023,Arsenal,Chelsea,5,0,2,0.7857142857142857,0.0,10.204802525519494,3,8,999,0,1.0,0,999,0,1.0,0,5,3,3.0,1.0,1.0,7.0,2.0,2.0,2.242424242424242,2.3333333333333335,0.7878787878787878,1.4,0.4,2.375,2.1176470588235294,2.375,0.9375,2.2941176470588234,0.6470588235294118,0.45454545454545453,0.15151515151515152,-0.2424242424242422,12.081220016024211,12.143417810494649,4.031721464172599,10.888120077877847,1.9508268784785745,-0.06219779447043728,3.0,2.0,0.0,17.0,9.0,2.2,1.5161290322580645,1.967741935483871,1.6774193548387097,3.4,1.8,1.75,1.2666666666666666,2.1875,1.5625,1.7333333333333334,1.8,0.1935483870967742,0.16129032258064516,0.6838709677419357,12.240851576981052,11.982404859551654,4.089897574907331,10.84084795339368,1.9110438602179538,0.25844671742939856
pl-2023-2024-04-24-wolves-v-bournemouth,2024-04-24,2023,Wolves,Bournemouth,0,1,0,0.3333333333333333,0.0,207.24702296907705,4,3,999,0,1.0,0,999,0,1.0,0,0,2,0.0,2.0,3.0,4.0,9.0,0.4,1.303030303030303,1.393939393939394,1.606060606060606,0.8,1.8,1.5,1.1176470588235294,1.4375,1.5625,1.3529411764705883,1.6470588235294117,0.15151515151515152,0.21212121212121213,-0.903030303030303,12.081220016024211,12.143417810494649,4.031721464172599,10.888120077877847,1.9508268784785745,-0.06219779447043728,2.0,1.0,2.0,7.0,8.0,1.4,1.2727272727272727,1.4545454545454546,1.8181818181818181,1.4,1.6,1.411764705882353,1.125,1.3529411764705883,1.5294117647058822,1.5625,2.125,0.21212121212121213,0.18181818181818182,0.1272727272727272,12.240851576981052,11.982404859551654,4.089897574907331,10.84084795339368,1.9110438602179538,0.25844671742939856
pl-2023-2024-04-24-man-united-v-sheffield-united,2024-04-24,2023,Man United,Sheffield United,4,2,2,1.0,0.0,55.31745731485291,11,4,999,0,1.0,0,999,0,1.0,0,3,0,1.0,3.0,1.0,10.0,9.0,1.2,1.5625,1.46875,1.5,2.0,1.8,1.7333333333333334,1.411764705882353,1.5333333333333334,1.4666666666666666,1.411764705882353,1.5294117647058822,0.25,0.21875,-0.36250000000000004,12.081220016024211,12.143417810494649,4.031721464172599,10.888120077877847,1.9508268784785745,-0.06219779447043728,0.0,2.0,3.0,7.0,14.0,0.4,0.48484848484848486,0.9393939393939394,2.6666666666666665,1.4,2.8,0.5882352941176471,0.375,1.0588235294117647,3.0,0.8125,2.3125,0.030303030303030304,0.3939393939393939,-0.08484848484848484,12.240851576981052,11.982404859551654,4.089897574907331,10.84084795339368,1.9110438602179538,0.25844671742939856
pl-2023-2024-04-24-everton-v-liverpool,2024-04-24,2023,Everton,Liverpool,2,0,2,0.25,0.0,0.8895594131562731,3,3,999,0,1.0,0,999,0,1.0,0,3,3,2.0,1.0,2.0,5.0,9.0,1.4,1.1515151515151516,1.0303030303030303,1.4545454545454546,1.0,1.8,1.1875,1.1176470588235294,1.125,1.125,0.9411764705882353,1.7647058823529411,0.30303030303030304,0.36363636363636365,0.2484848484848483,12.081220016024211,12.143417810494649,4.031721464172599,10.888120077877847,1.9508268784785745,-0.06219779447043728,3.0,1.0,1.0,10.0,6.0,2.0,2.242424242424242,2.272727272727273,0.9696969696969697,2.0,1.2,2.4705882352941178,2.0,2.5294117647058822,0.8823529411764706,2.0,1.0625,0.2727272727272727,0.06060606060606061,-0.2424242424242422,12.240851576981052,11.982404859551654,4.089897574907331,10.84084795339368,1.9110438602179538,0.25844671742939856
pl-2023-2024-04-24-crystal-palace-v-newcastle,2024-04-24,2023,Crystal Palace,Newcastle,2,0,2,0.4166666666666667,0.0,410.5409888486364,3,11,999,0,1.0,0,999,0,1.0,0,3,3,2.0,1.0,2.0,9.0,8.0,1.4,1.0909090909090908,1.2727272727272727,1.696969696969697,1.8,1.6,1.1875,1.0,1.625,1.625,0.9411764705882353,1.7647058823529411,0.21212121212121213,0.21212121212121213,0.3090909090909091,12.081220016024211,12.143417810494649,4.031721464172599,10.888120077877847,1.9508268784785745,-0.06219779447043728,3.0,1.0,1.0,12.0,7.0,2.0,1.5625,2.15625,1.625,2.4,1.4,2.1176470588235294,0.9333333333333333,2.5294117647058822,1.1764705882352942,1.7333333333333334,2.1333333333333333,0.3125,0.125,0.4375,12.240851576981052,11.982404859551654,4.089897574907331,10.84084795339368,1.9110438602179538,0.25844671742939856
pl-2023-2024-04-25-brighton-v-man-city,2024-04-25,2023,Brighton,Man City,0,4,0,0.5,0.0,325.3035443592153,12,12,999,0,1.0,0,999,0,1.0,0,1,1,1.0,2.0,2.0,3.0,6.0,1.0,1.375,1.625,1.5625,0.6,1.2,1.8,1.0,1.8666666666666667,1.2666666666666666,1.411764705882353,1.8235294117647058,0.15625,0.21875,-0.375,12.081220016024211,12.143417810494649,4.031721464172599,10.888120077877847,1.9508268784785745,-0.06219779447043728,3.0,2.0,0.0,14.0,5.0,2.2,2.28125,2.375,1.0,2.8,1.0,2.411764705882353,2.1333333333333333,2.5294117647058822,0.8235294117647058,2.2,1.2,0.28125,0.09375,-0.08124999999999982,12.240851576981052,11.982404859551654,4.089897574907331,10.84084795339368,1.9110438602179538,0.25844671742939856
pl-2023-2024-04-27-west-ham-v-liverpool,2024-04-27,2023,West Ham,Liverpool,2,2,1,0.08333333333333333,0.0,291.55619908967356,6,3,999,0,1.0,0,999,0,1.0,0,0,3,1.0,1.0,3.0,8.0,13.0,0.8,1.411764705882353,1.588235294117647,1.8529411764705883,1.6,2.6,1.4705882352941178,1.3529411764705883,1.5294117647058822,1.4705882352941178,1.6470588235294117,2.235294117647059,0.14705882352941177,0.20588235294117646,-0.611764705882353,12.081220016024211,12.143417810494649,4.031721464172599,10.888120077877847,1.9508268784785745,-0.06219779447043728,2.0,1.0,2.0,8.0,7.0,1.4,2.176470588235294,2.2058823529411766,1.0,1.6,1.4,2.4705882352941178,1.8823529411764706,2.5294117647058822,0.8823529411764706,1.8823529411764706,1.1176470588235294,0.2647058823529412,0.08823529411764706,-0.776470588235294,12.240851576981052,11.982404859551654,4.089897574907331,10.84084795339368,1.9110438602179538,0.25844671742939856
pl-2023-2024-04-27-man-united-v-burnley,2024-04-27,2023,Man United,Burnley,1,1,1,0.75,0.0,36.472054464069615,3,7,999,0,1.0,0,999,0,1.0,0,3,0,1.0,3.0,1.0,12.0,11.0,1.2,1.606060606060606,1.5454545454545454,1.5151515151515151,2.4,2.2,1.8125,1.411764705882353,1.6875,1.5,1.411764705882353,1.5294117647058822,0.24242424242424243,0.21212121212121213,-0.406060606060606,12.081220016024211,12.143417810494649,4.031721464172599,10.888120077877847,1.9508268784785745,-0.06219779447043728,1.0,3.0,1.0,8.0,6.0,1.2,0.6764705882352942,1.088235294117647,2.0294117647058822,1.6,1.2,0.5882352941176471,0.7647058823529411,1.0,2.176470588235294,1.1764705882352942,1.8823529411764706,0.058823529411764705,0.35294117647058826,0.5235294117647058,12.240851576981052,11.982404859551654,4.089897574907331,10.84084795339368,1.9110438602179538,0.25844671742939856
pl-2023-2024-04-27-newcastle-v-sheffield-united,2024-04-27,2023,Newcastle,Sheffield United,5,1,2,1.0,0.0,178.7102902499439,3,3,999,0,1.0,0,999,0,1.0,0,3,0,3.0,1.0,1.0,10.0,6.0,2.0,1.5151515151515151,2.090909090909091,1.6363636363636365,2.0,1.2,2.1176470588235294,0.875,2.5294117647058822,1.1764705882352942,1.625,2.125,0.30303030303030304,0.15151515151515152,0.48484848484848486,12.081220016024211,12.143417810494649,4.031721464172599,10.888120077877847,1.9508268784785745,-0.06219779447043728,0.0,1.0,4.0,6.0,15.0,0.2,0.47058823529411764,0.9705882352941176,2.7058823529411766,1.2,3.0,0.5882352941176471,0.35294117647058826,1.0588235294117647,3.0,0.8823529411764706,2.411764705882353,0.029411764705882353,0.38235294117647056,-0.27058823529411763,12.240851576981052,11.982404859551654,4.089897574907331,10.84084795339368,1.9110438602179538,0.25844671742939856
pl-2023-2024-04-27-fulham-v-crystal-palace,2024-04-27,2023,Fulham,Crystal Palace,1,1,1,0.35714285714285715,0.0,12.683686680127758,6,3,999,0,1.0,0,999,0,1.0,0,0,3,1.0,1.0,3.0,7.0,10.0,0.8,1.2352941176470589,1.4705882352941178,1.588235294117647,1.4,2.0,1.6470588235294117,0.8235294117647058,1.7647058823529411,1.1176470588235294,1.1764705882352942,2.0588235294117645,0.2647058823529412,0.3235294117647059,-0.43529411764705883,12.081220016024211,12.143417810494649,4.031721464172599,10.888120077877847,1.9508268784785745,-0.06219779447043728,3.0,0.0,2.0,10.0,7.0,1.8,1.1470588235294117,1.2941176470588236,1.6470588235294117,2.0,1.4,1.2941176470588236,1.0,1.6470588235294117,1.5294117647058822,0.9411764705882353,1.7647058823529411,0.23529411764705882,0.20588235294117646,0.6529411764705884,12.240851576981052,11.982404859551654,4.089897574907331,10.84084795339368,1.9110438602179538,0.25844671742939856
pl-2023-2024-04-27-wolves-v-luton,2024-04-27,2023,Wolves,Luton,2,1,2,0.75,0.0,139.46295183643275,3,7,999,0,1.0,0,999,0,1.0,0,0,0,0.0,2.0,3.0,4.0,8.0,0.4,1.2647058823529411,1.3529411764705883,1.588235294117647,0.8,1.6,1.411764705882353,1.1176470588235294,1.3529411764705883,1.5294117647058822,1.3529411764705883,1.6470588235294117,0.14705882352941177,0.23529411764705882,-0.8647058823529411,12.081220016024211,12.143417810494649,4.031721464172599,10.888120077877847,1.9508268784785745,-0.06219779447043728,1.0,0.0,4.0,5.0,15.0,0.6,0.7352941176470589,1.3823529411764706,2.2058823529411766,1.0,3.0,0.8823529411764706,0.5882352941176471,1.4705882352941178,1.8823529411764706,1.2941176470588236,2.5294117647058822,0.058823529411764705,0.14705882352941177,-0.1352941176470589,12.240851576981052,11.982404859551654,4.089897574907331,10.84084795339368,1.9110438602179538,0.25844671742939856
pl-2023-2024-04-27-everton-v-brentford,2024-04-27,2023,Everton,Brentford,1,0,2,0.5833333333333334,0.0,282.2885709497786,3,7,999,0,1.0,0,999,0,1.0,0,3,1,3.0,1.0,1.0,6.0,7.0,2.0,1.2058823529411764,1.0588235294117647,1.411764705882353,1.2,1.4,1.2941176470588236,1.1176470588235294,1.1764705882352942,1.0588235294117647,0.9411764705882353,1.7647058823529411,0.3235294117647059,0.35294117647058826,0.7941176470588236,12.081220016024211,12.143417810494649,4.031721464172599,10.888120077877847,1.9508268784785745,-0.06219779447043728,2.0,3.0,0.0,11.0,5.0,1.8,1.0294117647058822,1.5294117647058822,1.7352941176470589,2.2,1.0,1.2352941176470589,0.8235294117647058,1.588235294117647,1.7647058823529411,1.4705882352941178,1.7058823529411764,0.17647058823529413,0.17647058823529413,0.7705882352941178,12.240851576981052,11.982404859551654,4.089897574907331,10.84084795339368,1.9110438602179538,0.25844671742939856
pl-2023-2024-04-27-aston-villa-v-chelsea,2024-04-27,2023,Aston Villa,Chelsea,2,2,1,0.5833333333333334,0.0,162.75649517879688,6,4,999,0,1.0,0,999,0,1.0,0,1,3,3.0,1.0,1.0,11.0,8.0,2.0,1.9411764705882353,2.088235294117647,1.4705882352941178,2.2,1.6,2.235294117647059,1.6470588235294117,2.5294117647058822,1.3529411764705883,1.6470588235294117,1.588235294117647,0.23529411764705882,0.11764705882352941,0.05882352941176472,12.081220016024211,12.143417810494649,4.031721464172599,10.888120077877847,1.9508268784785745,-0.06219779447043728,2.0,2.0,1.0,14.0,12.0,1.6,1.46875,1.90625,1.78125,2.8,2.4,1.75,1.1875,2.1875,1.5625,1.625,2.0,0.1875,0.1875,0.1312500000000001,12.240851576981052,11.982404859551654,4.089897574907331,10.84084795339368,1.9110438602179538,0.25844671742939856
pl-2023-2024-04-28-bournemouth-v-brighton,2024-04-28,2023,Bournemouth,Brighton,3,0,2,0.4166666666666667,0.0,124.1341237161608,4,3,999,0,1.0,0,999,0,1.0,0,2,1,2.0,1.0,2.0,6.0,7.0,1.4,1.3235294117647058,1.4411764705882353,1.7647058823529411,1.2,1.4,1.411764705882353,1.2352941176470589,1.3529411764705883,1.5294117647058822,1.5294117647058822,2.0,0.23529411764705882,0.17647058823529413,0.07647058823529407,12.081220016024211,12.143417810494649,4.031721464172599,10.888120077877847,1.9508268784785745,-0.06219779447043728,0.0,2.0,3.0,2.0,10.0,0.4,1.3333333333333333,1.5757575757575757,1.6363636363636365,0.4,2.0,1.6875,1.0,1.75,1.4375,1.411764705882353,1.8235294117647058,0.15151515151515152,0.24242424242424243,-0.9333333333333332,12.240851576981052,11.982404859551654,4.089897574907331,10.84084795339368,1.9110438602179538,0.25844671742939856
pl-2023-2024-04-28-tottenham-v-arsenal,2024-04-28,2023,Tottenham,Arsenal,2,3,0,0.08333333333333333,0.0,5.912025518917407,15,5,999,0,1.0,0,999,0,1.0,0,1,5,2.0,1.0,2.0,6.0,10.0,1.4,1.875,2.03125,1.53125,1.2,2.0,2.25,1.5,2.125,1.3125,1.9375,1.75,0.1875,0.0625,-0.4750000000000001,12.081220016024211,12.143417810494649,4.031721464172599,10.888120077877847,1.9508268784785745,-0.06219779447043728,4.0,0.0,1.0,12.0,2.0,2.4,2.264705882352941,2.411764705882353,0.7647058823529411,2.4,0.4,2.411764705882353,2.1176470588235294,2.5294117647058822,0.8823529411764706,2.2941176470588234,0.6470588235294118,0.47058823529411764,0.14705882352941177,0.1352941176470588,12.240851576981052,11.982404859551654,4.089897574907331,10.84084795339368,1.9110438602179538,0.25844671742939856
pl-2023-2024-04-28-nott-m-forest-v-man-city,2024-04-28,2023,Nott'm Forest,Man City,0,2,0,0.25,0.0,93.0370438359667,7,3,999,0,1.0,0,999,0,1.0,0,2,1,1.0,2.0,2.0,7.0,9.0,1.0,0.8823529411764706,1.2352941176470589,1.7647058823529411,1.4,1.8,1.1764705882352942,0.5882352941176471,1.4705882352941178,1.4705882352941178,1.0,2.0588235294117645,0.11764705882352941,0.2647058823529412,0.11764705882352944,12.081220016024211,12.143417810494649,4.031721464172599,10.888120077877847,1.9508268784785745,-0.06219779447043728,4.0,1.0,0.0,17.0,4.0,2.6,2.303030303030303,2.4242424242424243,0.9696969696969697,3.4,0.8,2.411764705882353,2.1875,2.5294117647058822,0.8235294117647058,2.3125,1.125,0.30303030303030304,0.09090909090909091,0.2969696969696969,12.240851576981052,11.982404859551654,4.089897574907331,10.84084795339368,1.9110438602179538,0.25844671742939856
pl-2023-2024-05-02-chelsea-v-tottenham,2024-05-02,2023,Chelsea,Tottenham,2,0,2,1.0,0.0,16.085886910693997,5,4,999,0,1.0,0,999,0,1.0,0,3,1,2.0,2.0,1.0,14.0,12.0,1.6,1.4545454545454546,1.9090909090909092,1.7878787878787878,2.8,2.4,1.75,1.1764705882352942,2.1875,1.5625,1.6470588235294117,2.0,0.18181818181818182,0.18181818181818182,0.1454545454545455,12.081220016024211,12.143417810494649,4.031721464172599,10.888120077877847,1.9508268784785745,-0.06219779447043728,2.0,1.0,2.0,8.0,10.0,1.4,1.8181818181818181,2.0303030303030303,1.5757575757575757,1.6,2.0,2.1176470588235294,1.5,2.1176470588235294,1.411764705882353,1.9375,1.75,0.18181818181818182,0.06060606060606061,-0.4181818181818182,12.240851576981052,11.982404859551654,4.089897574907331,10.84084795339368,1.9110438602179538,0.25844671742939856
pl-2023-2024-05-03-luton-v-everton,2024-05-03,2023,Luton,Everton,1,1,1,0.75,0.0,242.8134194810069,6,6,999,0,1.0,0,999,0,1.0,0,0,3,1.0,0.0,4.0,5.0,15.0,0.6,0.7142857142857143,1.3714285714285714,2.2,1.0,3.0,0.8823529411764706,0.5555555555555556,1.4705882352941178,1.8823529411764706,1.2777777777777777,2.5,0.05714285714285714,0.14285714285714285,-0.11428571428571432,12.081220016024211,12.143417810494649,4.031721464172599,10.888120077877847,1.9508268784785745,-0.06219779447043728,4.0,0.0,1.0,6.0,6.0,2.4,1.2571428571428571,1.0571428571428572,1.3714285714285714,1.2,1.2,1.3888888888888888,1.1176470588235294,1.1666666666666667,1.0,0.9411764705882353,1.7647058823529411,0.34285714285714286,0.34285714285714286,1.1428571428571428,12.240851576981052,11.982404859551654,4.089897574907331,10.84084795339368,1.9110438602179538,0.25844671742939856
pl-2023-2024-05-04-sheffield-united-v-nott-m-forest,2024-05-04,2023,Sheffield United,Nott'm Forest,1,3,0,0.0,0.0,52.745833764699796,7,6,999,0,1.0,0,999,0,1.0,0,0,2,0.0,1.0,4.0,6.0,17.0,0.2,0.45714285714285713,0.9714285714285714,2.7714285714285714,1.2,3.4,0.5882352941176471,0.3333333333333333,1.0588235294117647,3.0,0.8888888888888888,2.5555555555555554,0.02857142857142857,0.37142857142857144,-0.2571428571428571,12.081220016024211,12.143417810494649,4.031721464172599,10.888120077877847,1.9508268784785745,-0.06219779447043728,1.0,1.0,3.0,6.0,10.0,0.8,0.8571428571428571,1.2,1.7714285714285714,1.2,2.0,1.1111111111111112,0.5882352941176471,1.3888888888888888,1.5,1.0,2.0588235294117645,0.11428571428571428,0.2857142857142857,-0.05714285714285705,12.240851576981052,11.982404859551654,4.089897574907331,10.84084795339368,1.9110438602179538,0.25844671742939856
pl-2023-2024-05-04-man-city-v-wolves,2024-05-04,2023,Man City,Wolves,5,1,2,0.8333333333333334,0.0,99.40729814153049,6,7,999,0,1.0,0,999,0,1.0,0,1,0,5.0,0.0,0.0,19.0,4.0,3.0,2.323529411764706,2.411764705882353,0.9411764705882353,3.8,0.8,2.411764705882353,2.235294117647059,2.5294117647058822,0.8235294117647058,2.2941176470588234,1.0588235294117647,0.3235294117647059,0.08823529411764706,0.6764705882352939,12.081220016024211,12.143417810494649,4.031721464172599,10.888120077877847,1.9508268784785745,-0.06219779447043728,1.0,1.0,3.0,5.0,8.0,0.8,1.3142857142857143,1.3714285714285714,1.5714285714285714,1.0,1.6,1.5,1.1176470588235294,1.3888888888888888,1.5,1.3529411764705883,1.6470588235294117,0.14285714285714285,0.22857142857142856,-0.5142857142857142,12.240851576981052,11.982404859551654,4.089897574907331,10.84084795339368,1.9110438602179538,0.25844671742939856
pl-2023-2024-05-04-burnley-v-newcastle,2024-05-04,2023,Burnley,Newcastle,1,4,0,0.0,0.0,137.77683025817242,7,7,999,0,1.0,0,999,0,1.0,0,0,3,1.0,3.0,1.0,7.0,5.0,1.2,0.6857142857142857,1.0857142857142856,2.0,1.4,1.0,0.5882352941176471,0.7777777777777778,1.0,2.176470588235294,1.1666666666666667,1.8333333333333333,0.05714285714285714,0.34285714285714286,0.5142857142857142,12.081220016024211,12.143417810494649,4.031721464172599,10.888120077877847,1.9508268784785745,-0.06219779447043728,3.0,1.0,1.0,11.0,4.0,2.0,1.5588235294117647,2.176470588235294,1.6176470588235294,2.2,0.8,2.1666666666666665,0.875,2.6666666666666665,1.1666666666666667,1.625,2.125,0.29411764705882354,0.14705882352941177,0.4411764705882353,12.240851576981052,11.982404859551654,4.089897574907331,10.84084795339368,1.9110438602179538,0.25844671742939856
pl-2023-2024-05-04-brentford-v-fulham,2024-05-04,2023,Brentford,Fulham,0,0,1,0.3333333333333333,0.0,5.293655688071253,7,7,999,0,1.0,0,999,0,1.0,0,1,0,2.0,2.0,1.0,10.0,5.0,1.6,1.0,1.4857142857142858,1.7142857142857142,2.0,1.0,1.2352941176470589,0.7777777777777778,1.588235294117647,1.7647058823529411,1.3888888888888888,1.6666666666666667,0.17142857142857143,0.2,0.6000000000000001,12.081220016024211,12.143417810494649,4.031721464172599,10.888120077877847,1.9508268784785745,-0.06219779447043728,1.0,1.0,3.0,5.0,8.0,0.8,1.2285714285714286,1.457142857142857,1.5714285714285714,1.0,1.6,1.6111111111111112,0.8235294117647058,1.7222222222222223,1.1111111111111112,1.1764705882352942,2.0588235294117645,0.2571428571428571,0.3142857142857143,-0.4285714285714286,12.240851576981052,11.982404859551654,4.089897574907331,10.84084795339368,1.9110438602179538,0.25844671742939856
pl-2023-2024-05-04-arsenal-v-bournemouth,2024-05-04,2023,Arsenal,Bournemouth,3,0,2,0.5,0.0,151.49081108484273,6,6,999,0,1.0,0,999,0,1.0,0,5,2,4.0,0.0,1.0,13.0,4.0,2.4,2.2857142857142856,2.4285714285714284,0.8,2.6,0.8,2.411764705882353,2.1666666666666665,2.5294117647058822,0.8823529411764706,2.3333333333333335,0.7222222222222222,0.45714285714285713,0.14285714285714285,0.11428571428571432,12.081220016024211,12.143417810494649,4.031721464172599,10.888120077877847,1.9508268784785745,-0.06219779447043728,2.0,1.0,2.0,8.0,7.0,1.4,1.3714285714285714,1.4857142857142858,1.7142857142857142,1.6,1.4,1.5,1.2352941176470589,1.4444444444444444,1.4444444444444444,1.5294117647058822,2.0,0.2571428571428571,0.17142857142857143,0.02857142857142847,12.240851576981052,11.982404859551654,4.089897574907331,10.84084795339368,1.9110438602179538,0.25844671742939856
pl-2023-2024-05-05-chelsea-v-west-ham,2024-05-05,2023,Chelsea,West Ham,5,0,2,0.8333333333333334,0.0,15.66482235248609,3,8,999,0,1.0,0,999,0,1.0,0,3,0,2.0,2.0,1.0,12.0,9.0,1.6,1.5,1.911764705882353,1.7352941176470589,2.4,1.8,1.8235294117647058,1.1764705882352942,2.176470588235294,1.4705882352941178,1.6470588235294117,2.0,0.20588235294117646,0.17647058823529413,0.10000000000000009,12.081220016024211,12.143417810494649,4.031721464172599,10.888120077877847,1.9508268784785745,-0.06219779447043728,1.0,2.0,2.0,7.0,11.0,1.0,1.4,1.6,1.8571428571428572,1.4,2.2,1.4444444444444444,1.3529411764705883,1.5555555555555556,1.5,1.6470588235294117,2.235294117647059,0.14285714285714285,0.2,-0.3999999999999999,12.240851576981052,11.982404859551654,4.089897574907331,10.84084795339368,1.9110438602179538,0.25844671742939856
pl-2023-2024-05-05-brighton-v-aston-villa,2024-05-05,2023,Brighton,Aston Villa,1,0,2,0.35714285714285715,0.0,221.37298033930915,7,8,999,0,1.0,0,999,0,1.0,0,1,1,0.0,2.0,3.0,1.0,11.0,0.4,1.2941176470588236,1.5294117647058822,1.6764705882352942,0.2,2.2,1.6875,0.9444444444444444,1.75,1.4375,1.3333333333333333,1.8888888888888888,0.14705882352941177,0.2647058823529412,-0.8941176470588236,12.081220016024211,12.143417810494649,4.031721464172599,10.888120077877847,1.9508268784785745,-0.06219779447043728,2.0,2.0,1.0,11.0,10.0,1.6,1.9142857142857144,2.085714285714286,1.4857142857142858,2.2,2.0,2.1666666666666665,1.6470588235294117,2.5,1.3888888888888888,1.6470588235294117,1.588235294117647,0.22857142857142856,0.11428571428571428,-0.3142857142857143,12.240851576981052,11.982404859551654,4.089897574907331,10.84084795339368,1.9110438602179538,0.25844671742939856
pl-2023-2024-05-05-liverpool-v-tottenham,2024-05-05,2023,Liverpool,Tottenham,4,2,2,0.75,0.0,282.40195504575104,8,3,999,0,1.0,0,999,0,1.0,0,3,1,1.0,2.0,2.0,7.0,8.0,1.0,2.142857142857143,2.2,1.0285714285714285,1.4,1.6,2.4705882352941178,1.8333333333333333,2.5294117647058822,0.8823529411764706,1.8888888888888888,1.1666666666666667,0.2571428571428571,0.08571428571428572,-1.1428571428571428,12.081220016024211,12.143417810494649,4.031721464172599,10.888120077877847,1.9508268784785745,-0.06219779447043728,1.0,1.0,3.0,6.0,11.0,0.8,1.7647058823529411,1.9705882352941178,1.588235294117647,1.2,2.2,2.1176470588235294,1.411764705882353,2.1176470588235294,1.411764705882353,1.8235294117647058,1.7647058823529411,0.17647058823529413,0.08823529411764706,-0.9647058823529411,12.240851576981052,11.982404859551654,4.089897574907331,10.84084795339368,1.9110438602179538,0.25844671742939856
pl-2023-2024-05-06-crystal-palace-v-man-united,2024-05-06,2023,Crystal Palace,Man United,4,0,2,0.5833333333333334,0.0,273.9644403116414,9,9,999,0,1.0,0,999,0,1.0,0,3,3,3.0,1.0,1.0,11.0,7.0,2.0,1.1428571428571428,1.2857142857142858,1.6285714285714286,2.2,1.4,1.2941176470588236,1.0,1.6470588235294117,1.5294117647058822,0.9444444444444444,1.7222222222222223,0.22857142857142856,0.2,0.8571428571428572,12.081220016024211,12.143417810494649,4.031721464172599,10.888120077877847,1.9508268784785745,-0.06219779447043728,1.0,3.0,1.0,12.0,11.0,1.2,1.588235294117647,1.5294117647058822,1.5,2.4,2.2,1.7647058823529411,1.411764705882353,1.6470588235294117,1.4705882352941178,1.411764705882353,1.5294117647058822,0.23529411764705882,0.20588235294117646,-0.388235294117647,12.240851576981052,11.982404859551654,4.089897574907331,10.84084795339368,1.9110438602179538,0.25844671742939856
pl-2023-2024-05-11-newcastle-v-brighton,2024-05-11,2023,Newcastle,Brighton,1,1,1,0.3333333333333333,0.0,468.80022223251495,7,6,999,0,1.0,0,999,0,1.0,0,3,1,4.0,0.0,1.0,14.0,4.0,2.4,1.6,2.2285714285714286,1.6,2.8,0.8,2.1666666666666665,1.0,2.6666666666666665,1.1666666666666667,1.7647058823529411,2.0588235294117645,0.2857142857142857,0.14285714285714285,0.7999999999999998,12.081220016024211,12.143417810494649,4.031721464172599,10.888120077877847,1.9508268784785745,-0.06219779447043728,1.0,1.0,3.0,2.0,11.0,0.8,1.3428571428571427,1.5142857142857142,1.6285714285714286,0.4,2.2,1.7647058823529411,0.9444444444444444,1.7058823529411764,1.3529411764705883,1.3333333333333333,1.8888888888888888,0.17142857142857143,0.2571428571428571,-0.5428571428571427,12.240851576981052,11.982404859551654,4.089897574907331,10.84084795339368,1.9110438602179538,0.25844671742939856
pl-2023-2024-05-11-bournemouth-v-brentford,2024-05-11,2023,Bournemouth,Brentford,1,2,0,0.21428571428571427,0.0,136.7376286546296,7,7,999,0,1.0,0,999,0,1.0,0,2,1,2.0,1.0,2.0,7.0,8.0,1.4,1.3333333333333333,1.4444444444444444,1.75,1.4,1.6,1.5,1.1666666666666667,1.4444444444444444,1.4444444444444444,1.4444444444444444,2.0555555555555554,0.25,0.19444444444444445,0.06666666666666665,12.081220016024211,12.143417810494649,4.031721464172599,10.888120077877847,1.9508268784785745,-0.06219779447043728,2.0,2.0,1.0,10.0,5.0,1.6,1.0,1.4444444444444444,1.6666666666666667,2.0,1.0,1.2222222222222223,0.7777777777777778,1.5,1.6666666666666667,1.3888888888888888,1.6666666666666667,0.19444444444444445,0.2222222222222222,0.6000000000000001,12.240851576981052,11.982404859551654,4.089897574907331,10.84084795339368,1.9110438602179538,0.25844671742939856
pl-2023-2024-05-11-fulham-v-man-city,2024-05-11,2023,Fulham,Man City,0,4,0,0.0,0.0,260.3920788240613,7,7,999,0,1.0,0,999,0,1.0,0,0,1,1.0,2.0,2.0,4.0,5.0,1.0,1.2222222222222223,1.4166666666666667,1.5277777777777777,0.8,1.0,1.6111111111111112,0.8333333333333334,1.7222222222222223,1.1111111111111112,1.1111111111111112,1.9444444444444444,0.2777777777777778,0.3333333333333333,-0.22222222222222232,12.081220016024211,12.143417810494649,4.031721464172599,10.888120077877847,1.9508268784785745,-0.06219779447043728,5.0,0.0,0.0,20.0,4.0,3.0,2.342857142857143,2.4857142857142858,0.9428571428571428,4.0,0.8,2.4444444444444446,2.235294117647059,2.6666666666666665,0.8333333333333334,2.2941176470588234,1.0588235294117647,0.3142857142857143,0.08571428571428572,0.657142857142857,12.240851576981052,11.982404859551654,4.089897574907331,10.84084795339368,1.9110438602179538,0.25844671742939856
pl-2023-2024-05-11-wolves-v-crystal-palace,2024-05-11,2023,Wolves,Crystal Palace,1,3,0,0.08333333333333333,0.0,192.73796502396291,7,5,999,0,1.0,0,999,0,1.0,0,0,3,1.0,1.0,3.0,5.0,11.0,0.8,1.2777777777777777,1.3611111111111112,1.6666666666666667,1.0,2.2,1.5,1.0555555555555556,1.3888888888888888,1.5,1.3333333333333333,1.8333333333333333,0.1388888888888889,0.2222222222222222,-0.47777777777777763,12.081220016024211,12.143417810494649,4.031721464172599,10.888120077877847,1.9508268784785745,-0.06219779447043728,4.0,1.0,0.0,13.0,3.0,2.6,1.1944444444444444,1.3611111111111112,1.5833333333333333,2.6,0.6,1.3888888888888888,1.0,1.7777777777777777,1.4444444444444444,0.9444444444444444,1.7222222222222223,0.25,0.19444444444444445,1.4055555555555557,12.240851576981052,11.982404859551654,4.089897574907331,10.84084795339368,1.9110438602179538,0.25844671742939856
pl-2023-2024-05-11-everton-v-sheffield-united,2024-05-11,2023,Everton,Sheffield United,1,0,2,0.75,0.0,99.39850905479666,8,7,999,0,1.0,0,999,0,1.0,0,3,0,3.0,1.0,1.0,6.0,7.0,2.0,1.25,1.0555555555555556,1.3611111111111112,1.2,1.4,1.3888888888888888,1.1111111111111112,1.1666666666666667,1.0,0.9444444444444444,1.7222222222222223,0.3333333333333333,0.3333333333333333,0.75,12.081220016024211,12.143417810494649,4.031721464172599,10.888120077877847,1.9508268784785745,-0.06219779447043728,0.0,0.0,5.0,5.0,18.0,0.0,0.4444444444444444,0.9722222222222222,2.7777777777777777,1.0,3.6,0.5555555555555556,0.3333333333333333,1.0555555555555556,3.0,0.8888888888888888,2.5555555555555554,0.027777777777777776,0.3611111111111111,-0.4444444444444444,12.240851576981052,11.982404859551654,4.089897574907331,10.84084795339368,1.9110438602179538,0.25844671742939856
pl-2023-2024-05-11-nott-m-forest-v-chelsea,2024-05-11,2023,Nott'm Forest,Chelsea,2,3,0,0.4166666666666667,0.0,174.46140029574008,7,6,999,0,1.0,0,999,0,1.0,0,2,3,1.0,1.0,3.0,6.0,10.0,0.8,0.9166666666666666,1.25,1.75,1.2,2.0,1.1111111111111112,0.7222222222222222,1.3888888888888888,1.5,1.1111111111111112,2.0,0.1111111111111111,0.2777777777777778,-0.11666666666666659,12.081220016024211,12.143417810494649,4.031721464172599,10.888120077877847,1.9508268784785745,-0.06219779447043728,3.0,1.0,1.0,15.0,7.0,2.0,1.542857142857143,2.0,1.6857142857142857,3.0,1.4,1.8888888888888888,1.1764705882352942,2.3333333333333335,1.3888888888888888,1.6470588235294117,2.0,0.22857142857142856,0.17142857142857143,0.4571428571428571,12.240851576981052,11.982404859551654,4.089897574907331,10.84084795339368,1.9110438602179538,0.25844671742939856
pl-2023-2024-05-11-tottenham-v-burnley,2024-05-11,2023,Tottenham,Burnley,2,1,2,0.875,0.0,283.3343564608226,6,7,999,0,1.0,0,999,0,1.0,0,1,0,1.0,0.0,4.0,7.0,14.0,0.6,1.7142857142857142,1.9714285714285715,1.6571428571428573,1.4,2.8,2.1176470588235294,1.3333333333333333,2.1176470588235294,1.411764705882353,1.8333333333333333,1.8888888888888888,0.17142857142857143,0.08571428571428572,-1.1142857142857143,12.081220016024211,12.143417810494649,4.031721464172599,10.888120077877847,1.9508268784785745,-0.06219779447043728,1.0,2.0,2.0,7.0,8.0,1.0,0.6666666666666666,1.0833333333333333,2.0555555555555554,1.4,1.6,0.5555555555555556,0.7777777777777778,1.0,2.2777777777777777,1.1666666666666667,1.8333333333333333,0.05555555555555555,0.3333333333333333,0.33333333333333337,12.240851576981052,11.982404859551654,4.089897574907331,10.84084795339368,1.9110438602179538,0.25844671742939856
pl-2023-2024-05-11-west-ham-v-luton,2024-05-11,2023,West Ham,Luton,3,1,2,1.0,0.0,49.497510697287744,6,8,999,0,1.0,0,999,0,1.0,0,0,0,1.0,1.0,3.0,6.0,15.0,0.8,1.3611111111111112,1.5555555555555556,1.9444444444444444,1.2,3.0,1.4444444444444444,1.2777777777777777,1.5555555555555556,1.5,1.5555555555555556,2.388888888888889,0.1388888888888889,0.2222222222222222,-0.5611111111111111,12.081220016024211,12.143417810494649,4.031721464172599,10.888120077877847,1.9508268784785745,-0.06219779447043728,1.0,1.0,3.0,6.0,14.0,0.8,0.7222222222222222,1.3611111111111112,2.1666666666666665,1.2,2.8,0.8888888888888888,0.5555555555555556,1.4444444444444444,1.8333333333333333,1.2777777777777777,2.5,0.05555555555555555,0.1388888888888889,0.07777777777777783,12.240851576981052,11.982404859551654,4.089897574907331,10.84084795339368,1.9110438602179538,0.25844671742939856
pl-2023-2024-05-12-man-united-v-arsenal,2024-05-12,2023,Man United,Arsenal,0,1,0,0.25,0.0,258.3980584719573,6,8,999,0,1.0,0,999,0,1.0,0,3,5,1.0,3.0,1.0,9.0,11.0,1.2,1.542857142857143,1.4857142857142858,1.5714285714285714,1.8,2.2,1.7647058823529411,1.3333333333333333,1.6470588235294117,1.4705882352941178,1.3333333333333333,1.6666666666666667,0.22857142857142856,0.22857142857142856,-0.34285714285714297,12.081220016024211,12.143417810494649,4.031721464172599,10.888120077877847,1.9508268784785745,-0.06219779447043728,4.0,0.0,1.0,13.0,4.0,2.4,2.3055555555555554,2.4444444444444446,0.7777777777777778,2.6,0.8,2.4444444444444446,2.1666666666666665,2.5555555555555554,0.8333333333333334,2.3333333333333335,0.7222222222222222,0.4722222222222222,0.1388888888888889,0.09444444444444455,12.240851576981052,11.982404859551654,4.089897574907331,10.84084795339368,1.9110438602179538,0.25844671742939856
pl-2023-2024-05-13-aston-villa-v-liverpool,2024-05-13,2023,Aston Villa,Liverpool,3,3,1,0.3333333333333333,0.0,125.49951441248902,8,8,999,0,1.0,0,999,0,1.0,0,1,3,2.0,2.0,1.0,10.0,7.0,1.6,1.8611111111111112,2.0277777777777777,1.4722222222222223,2.0,1.4,2.1666666666666665,1.5555555555555556,2.5,1.3888888888888888,1.5555555555555556,1.5555555555555556,0.2222222222222222,0.1388888888888889,-0.26111111111111107,12.081220016024211,12.143417810494649,4.031721464172599,10.888120077877847,1.9508268784785745,-0.06219779447043728,2.0,1.0,2.0,9.0,8.0,1.4,2.1666666666666665,2.25,1.0555555555555556,1.8,1.6,2.5,1.8333333333333333,2.611111111111111,0.9444444444444444,1.8888888888888888,1.1666666666666667,0.25,0.08333333333333333,-0.7666666666666666,12.240851576981052,11.982404859551654,4.089897574907331,10.84084795339368,1.9110438602179538,0.25844671742939856
pl-2023-2024-05-14-tottenham-v-man-city,2024-05-14,2023,Tottenham,Man City,0,2,0,0.5,0.0,253.90234817097527,3,3,999,0,1.0,0,999,0,1.0,0,1,1,1.0,0.0,4.0,6.0,14.0,0.6,1.75,1.9722222222222223,1.6388888888888888,1.2,2.8,2.1666666666666665,1.3333333333333333,2.111111111111111,1.3888888888888888,1.8333333333333333,1.8888888888888888,0.16666666666666666,0.08333333333333333,-1.15,12.081220016024211,12.143417810494649,4.031721464172599,10.888120077877847,1.9508268784785745,-0.06219779447043728,5.0,0.0,0.0,20.0,2.0,3.0,2.361111111111111,2.5277777777777777,0.9166666666666666,4.0,0.4,2.4444444444444446,2.2777777777777777,2.6666666666666665,0.8333333333333334,2.388888888888889,1.0,0.3333333333333333,0.08333333333333333,0.6388888888888888,12.240851576981052,11.982404859551654,4.089897574907331,10.84084795339368,1.9110438602179538,0.25844671742939856
pl-2023-2024-05-15-brighton-v-chelsea,2024-05-15,2023,Brighton,Chelsea,1,2,0,0.42857142857142855,0.0,69.4613335293603,4,4,999,0,1.0,0,999,0,1.0,0,1,3,1.0,2.0,2.0,3.0,9.0,1.0,1.3333333333333333,1.5,1.6111111111111112,0.6,1.8,1.7647058823529411,0.9473684210526315,1.7058823529411764,1.3529411764705883,1.3157894736842106,1.8421052631578947,0.16666666666666666,0.25,-0.33333333333333326,12.081220016024211,12.143417810494649,4.031721464172599,10.888120077877847,1.9508268784785745,-0.06219779447043728,3.0,1.0,1.0,12.0,9.0,2.0,1.5833333333333333,2.0277777777777777,1.6944444444444444,2.4,1.8,1.8888888888888888,1.2777777777777777,2.3333333333333335,1.3888888888888888,1.7222222222222223,2.0,0.2222222222222222,0.16666666666666666,0.41666666666666674,12.240851576981052,11.982404859551654,4.089897574907331,10.84084795339368,1.9110438602179538,0.25844671742939856
pl-2023-2024-05-15-man-united-v-newcastle,2024-05-15,2023,Man United,Newcastle,3,2,2,0.3333333333333333,0.0,173.79044689866612,3,4,999,0,1.0,0,999,0,1.0,0,3,3,1.0,2.0,2.0,7.0,10.0,1.0,1.5,1.4444444444444444,1.5555555555555556,1.4,2.0,1.6666666666666667,1.3333333333333333,1.5555555555555556,1.4444444444444444,1.3333333333333333,1.6666666666666667,0.2222222222222222,0.25,-0.5,12.081220016024211,12.143417810494649,4.031721464172599,10.888120077877847,1.9508268784785745,-0.06219779447043728,3.0,1.0,1.0,14.0,5.0,2.0,1.5833333333333333,2.1944444444444446,1.5833333333333333,2.8,1.0,2.1052631578947367,1.0,2.5789473684210527,1.1578947368421053,1.7647058823529411,2.0588235294117645,0.2777777777777778,0.1388888888888889,0.41666666666666674,12.240851576981052,11.982404859551654,4.089897574907331,10.84084795339368,1.9110438602179538,0.25844671742939856
pl-2023-2024-05-19-burnley-v-nott-m-forest,2024-05-19,2023,Burnley,Nott'm Forest,1,2,0,0.25,0.0,119.04247297206578,8,8,999,0,1.0,0,999,0,1.0,0,0,2,1.0,2.0,2.0,8.0,9.0,1.0,0.6486486486486487,1.0810810810810811,2.054054054054054,1.6,1.8,0.5555555555555556,0.7368421052631579,1.0,2.2777777777777777,1.1578947368421053,1.8421052631578947,0.05405405405405406,0.32432432432432434,0.3513513513513513,12.081220016024211,12.143417810494649,4.031721464172599,10.888120077877847,1.9508268784785745,-0.06219779447043728,1.0,1.0,3.0,7.0,10.0,0.8,0.8918918918918919,1.2702702702702702,1.7837837837837838,1.4,2.0,1.0526315789473684,0.7222222222222222,1.4210526315789473,1.5789473684210527,1.1111111111111112,2.0,0.10810810810810811,0.2702702702702703,-0.09189189189189184,12.240851576981052,11.982404859551654,4.089897574907331,10.84084795339368,1.9110438602179538,0.25844671742939856
pl-2023-2024-05-19-liverpool-v-wolves,2024-05-19,2023,Liverpool,Wolves,2,0,2,0.8333333333333334,0.0,108.96271895765787,6,8,999,0,1.0,0,999,0,1.0,0,3,0,2.0,2.0,1.0,12.0,10.0,1.6,2.135135135135135,2.27027027027027,1.1081081081081081,2.4,2.0,2.5,1.7894736842105263,2.611111111111111,0.9444444444444444,1.9473684210526316,1.263157894736842,0.24324324324324326,0.08108108108108109,-0.535135135135135,12.081220016024211,12.143417810494649,4.031721464172599,10.888120077877847,1.9508268784785745,-0.06219779447043728,1.0,0.0,4.0,4.0,12.0,0.6,1.2432432432432432,1.3513513513513513,1.7027027027027026,0.8,2.4,1.4210526315789473,1.0555555555555556,1.368421052631579,1.5789473684210527,1.3333333333333333,1.8333333333333333,0.13513513513513514,0.21621621621621623,-0.6432432432432432,12.240851576981052,11.982404859551654,4.089897574907331,10.84084795339368,1.9110438602179538,0.25844671742939856
pl-2023-2024-05-19-arsenal-v-everton,2024-05-19,2023,Arsenal,Everton,2,1,2,0.8333333333333334,0.0,285.04585296565705,7,8,999,0,1.0,0,999,0,1.0,0,5,3,5.0,0.0,0.0,14.0,2.0,3.0,2.324324324324324,2.4054054054054053,0.7567567567567568,2.8,0.4,2.4444444444444446,2.210526315789474,2.5555555555555554,0.8333333333333334,2.263157894736842,0.6842105263157895,0.4864864864864865,0.13513513513513514,0.6756756756756759,12.081220016024211,12.143417810494649,4.031721464172599,10.888120077877847,1.9508268784785745,-0.06219779447043728,4.0,1.0,0.0,7.0,1.0,2.6,1.2972972972972974,1.054054054054054,1.3243243243243243,1.4,0.2,1.4736842105263157,1.1111111111111112,1.1578947368421053,0.9473684210526315,0.9444444444444444,1.7222222222222223,0.35135135135135137,0.32432432432432434,1.3027027027027027,12.240851576981052,11.982404859551654,4.089897574907331,10.84084795339368,1.9110438602179538,0.25844671742939856
pl-2023-2024-05-19-chelsea-v-bournemouth,2024-05-19,2023,Chelsea,Bournemouth,2,1,2,0.6666666666666666,0.0,141.84087867373012,4,8,999,0,1.0,0,999,0,1.0,0,3,2,4.0,1.0,0.0,14.0,5.0,2.6,1.6216216216216217,2.027027027027027,1.6756756756756757,2.8,1.0,1.8888888888888888,1.368421052631579,2.3333333333333335,1.3888888888888888,1.736842105263158,1.9473684210526316,0.21621621621621623,0.16216216216216217,0.9783783783783784,12.081220016024211,12.143417810494649,4.031721464172599,10.888120077877847,1.9508268784785745,-0.06219779447043728,2.0,0.0,3.0,6.0,8.0,1.2,1.2972972972972974,1.4324324324324325,1.7567567567567568,1.2,1.6,1.4210526315789473,1.1666666666666667,1.4210526315789473,1.4736842105263157,1.4444444444444444,2.0555555555555554,0.24324324324324326,0.1891891891891892,-0.09729729729729741,12.240851576981052,11.982404859551654,4.089897574907331,10.84084795339368,1.9110438602179538,0.25844671742939856
pl-2023-2024-05-19-man-city-v-west-ham,2024-05-19,2023,Man City,West Ham,3,1,2,0.9166666666666666,0.0,263.06145615917364,5,8,999,0,1.0,0,999,0,1.0,0,1,0,5.0,0.0,0.0,17.0,1.0,3.0,2.3783783783783785,2.5135135135135136,0.8918918918918919,3.4,0.2,2.4444444444444446,2.3157894736842106,2.6666666666666665,0.8333333333333334,2.3684210526315788,0.9473684210526315,0.35135135135135137,0.08108108108108109,0.6216216216216215,12.081220016024211,12.143417810494649,4.031721464172599,10.888120077877847,1.9508268784785745,-0.06219779447043728,1.0,1.0,3.0,7.0,15.0,0.8,1.4054054054054055,1.5945945945945945,1.9189189189189189,1.4,3.0,1.5263157894736843,1.2777777777777777,1.631578947368421,1.4736842105263157,1.5555555555555556,2.388888888888889,0.13513513513513514,0.21621621621621623,-0.6054054054054054,12.240851576981052,11.982404859551654,4.089897574907331,10.84084795339368,1.9110438602179538,0.25844671742939856
pl-2023-2024-05-19-brighton-v-man-united,2024-05-19,2023,Brighton,Man United,0,2,0,0.5,0.0,326.14306079684945,4,4,999,0,1.0,0,999,0,1.0,0,1,3,1.0,1.0,3.0,3.0,10.0,0.8,1.2972972972972974,1.4864864864864864,1.6216216216216217,0.6,2.0,1.6666666666666667,0.9473684210526315,1.6666666666666667,1.3888888888888888,1.3157894736842106,1.8421052631578947,0.16216216216216217,0.24324324324324326,-0.4972972972972973,12.081220016024211,12.143417810494649,4.031721464172599,10.888120077877847,1.9508268784785745,-0.06219779447043728,2.0,1.0,2.0,8.0,10.0,1.4,1.5405405405405406,1.4864864864864864,1.5675675675675675,1.6,2.0,1.736842105263158,1.3333333333333333,1.631578947368421,1.4736842105263157,1.3333333333333333,1.6666666666666667,0.21621621621621623,0.24324324324324326,-0.14054054054054066,12.240851576981052,11.982404859551654,4.089897574907331,10.84084795339368,1.9110438602179538,0.25844671742939856
pl-2023-2024-05-19-crystal-palace-v-aston-villa,2024-05-19,2023,Crystal Palace,Aston Villa,5,0,2,0.6666666666666666,0.0,174.51945913250827,8,6,999,0,1.0,0,999,0,1.0,0,3,1,4.0,1.0,0.0,15.0,4.0,2.6,1.2432432432432432,1.4054054054054055,1.5675675675675675,3.0,0.8,1.3888888888888888,1.105263157894737,1.7777777777777777,1.4444444444444444,1.0526315789473684,1.6842105263157894,0.24324324324324326,0.1891891891891892,1.3567567567567569,12.081220016024211,12.143417810494649,4.031721464172599,10.888120077877847,1.9508268784785745,-0.06219779447043728,2.0,2.0,1.0,10.0,7.0,1.6,1.837837837837838,2.054054054054054,1.5135135135135136,2.0,1.4,2.1052631578947367,1.5555555555555556,2.526315789473684,1.4736842105263157,1.5555555555555556,1.5555555555555556,0.21621621621621623,0.13513513513513514,-0.23783783783783785,12.240851576981052,11.982404859551654,4.089897574907331,10.84084795339368,1.9110438602179538,0.25844671742939856
pl-2023-2024-05-19-sheffield-united-v-tottenham,2024-05-19,2023,Sheffield United,Tottenham,0,3,0,0.0,0.0,218.19061337641202,8,5,999,0,1.0,0,999,0,1.0,0,0,1,0.0,0.0,5.0,5.0,17.0,0.0,0.43243243243243246,0.9459459459459459,2.72972972972973,1.0,3.4,0.5555555555555556,0.3157894736842105,1.0555555555555556,3.0,0.8421052631578947,2.473684210526316,0.02702702702702703,0.3783783783783784,-0.43243243243243246,12.081220016024211,12.143417810494649,4.031721464172599,10.888120077877847,1.9508268784785745,-0.06219779447043728,1.0,0.0,4.0,6.0,12.0,0.6,1.7027027027027026,1.9189189189189189,1.6486486486486487,1.2,2.4,2.0526315789473686,1.3333333333333333,2.0,1.4210526315789473,1.8333333333333333,1.8888888888888888,0.16216216216216217,0.10810810810810811,-1.1027027027027025,12.240851576981052,11.982404859551654,4.089897574907331,10.84084795339368,1.9110438602179538,0.25844671742939856
pl-2023-2024-05-19-luton-v-fulham,2024-05-19,2023,Luton,Fulham,2,4,0,0.0,0.0,47.939261664390834,8,8,999,0,1.0,0,999,0,1.0,0,0,0,0.0,1.0,4.0,5.0,16.0,0.2,0.7027027027027027,1.3513513513513513,2.189189189189189,1.0,3.2,0.8888888888888888,0.5263157894736842,1.4444444444444444,1.8333333333333333,1.263157894736842,2.526315789473684,0.05405405405405406,0.13513513513513514,-0.5027027027027027,12.081220016024211,12.143417810494649,4.031721464172599,10.888120077877847,1.9508268784785745,-0.06219779447043728,1.0,2.0,2.0,4.0,8.0,1.0,1.1891891891891893,1.3783783783783783,1.5945945945945945,0.8,1.6,1.5263157894736843,0.8333333333333334,1.631578947368421,1.263157894736842,1.1111111111111112,1.9444444444444444,0.2702702702702703,0.35135135135135137,-0.18918918918918926,12.240851576981052,11.982404859551654,4.089897574907331,10.84084795339368,1.9110438602179538,0.25844671742939856
pl-2023-2024-05-19-brentford-v-newcastle,2024-05-19,2023,Brentford,Newcastle,2,4,0,0.5,0.0,397.2354971132688,8,4,999,0,1.0,0,999,0,1.0,0,1,3,3.0,1.0,1.0,9.0,3.0,2.0,1.054054054054054,1.4594594594594594,1.6486486486486487,1.8,0.6,1.2222222222222223,0.8947368421052632,1.5,1.6666666666666667,1.4210526315789473,1.631578947368421,0.1891891891891892,0.21621621621621623,0.945945945945946,12.081220016024211,12.143417810494649,4.031721464172599,10.888120077877847,1.9508268784785745,-0.06219779447043728,2.0,1.0,2.0,12.0,8.0,1.4,1.5405405405405406,2.189189189189189,1.6216216216216217,2.4,1.6,2.1052631578947367,0.9444444444444444,2.5789473684210527,1.1578947368421053,1.7777777777777777,2.111111111111111,0.2702702702702703,0.13513513513513514,-0.14054054054054066,12.240851576981052,11.982404859551654,4.089897574907331,10.84084795339368,1.9110438602179538,0.25844671742939856
pl-2024-2024-08-16-man-united-v-fulham,2024-08-16,2024,Man United,Fulham,1,0,2,0.7142857142857143,0.0,261.7512375105811,30,30,999,0,1.0,0,999,0,1.0,0,3,0,2.0,1.0,2.0,6.0,8.0,1.4,1.5789473684210527,1.5,1.5263157894736843,1.2,1.6,1.736842105263158,1.4210526315789473,1.631578947368421,1.4736842105263157,1.368421052631579,1.5789473684210527,0.23684210526315788,0.23684210526315788,-0.17894736842105274,12.081220016024211,12.143417810494649,4.031721464172599,10.888120077877847,1.9508268784785745,-0.06219779447043728,1.0,2.0,2.0,6.0,10.0,1.0,1.236842105263158,1.4473684210526316,1.605263157894737,1.2,2.0,1.5263157894736843,0.9473684210526315,1.631578947368421,1.263157894736842,1.263157894736842,1.9473684210526316,0.2631578947368421,0.34210526315789475,-0.23684210526315796,12.240851576981052,11.982404859551654,4.089897574907331,10.84084795339368,1.9110438602179538,0.25844671742939856
pl-2024-2024-08-17-ipswich-town-v-liverpool,2024-08-17,2024,Ipswich Town,Liverpool,0,2,0,0.0,0.0,317.0920009195912,7,30,999,0,1.0,0,999,0,1.0,0,1,3,1.8161702127659574,1.2059574468085106,1.8663829787234043,7.254468085106383,7.341276595744681,1.355872340425532,1.405410937744065,1.550329927261782,1.5203029104351635,1.4763829787234042,1.5037872340425533,1.5948115940966365,1.2273517881961282,1.689848619989206,1.3640519571110066,1.4186900986980262,1.6661994869059418,0.22497988742164976,0.2205873038401552,-0.049538597318533044,12.081220016024211,12.143417810494649,4.031721464172599,10.888120077877847,1.9508268784785745,-0.06219779447043728,2.0,2.0,1.0,11.0,9.0,1.6,2.1578947368421053,2.263157894736842,1.0789473684210527,2.2,1.8,2.526315789473684,1.7894736842105263,2.5789473684210527,0.8947368421052632,1.9473684210526316,1.263157894736842,0.2631578947368421,0.07894736842105263,-0.5578947368421052,12.240851576981052,11.982404859551654,4.089897574907331,10.84084795339368,1.9110438602179538,0.25844671742939856
pl-2024-2024-08-17-newcastle-v-southampton,2024-08-17,2024,Newcastle,Southampton,1,0,2,1.0,0.0,457.6995348806083,30,7,999,0,1.0,0,999,0,1.0,0,3,0,3.0,1.0,1.0,16.0,8.0,2.0,1.5789473684210527,2.236842105263158,1.631578947368421,3.2,1.6,2.1052631578947367,1.0526315789473684,2.5789473684210527,1.1578947368421053,1.894736842105263,2.1052631578947367,0.2631578947368421,0.13157894736842105,0.42105263157894735,12.081220016024211,12.143417810494649,4.031721464172599,10.888120077877847,1.9508268784785745,-0.06219779447043728,1.8930390492359932,1.1910016977928692,1.797962648556876,7.386247877758914,7.216468590831918,1.408418222976797,1.419806348306871,1.5580357643877496,1.5085751217487764,1.510413129598189,1.4739813242784379,1.6005987686633498,1.236087764722317,1.6934616411075705,1.3663979881419368,1.4200902369071877,1.6548149389282922,0.22750318315153073,0.2200270645182231,-0.01138812533007419,12.240851576981052,11.982404859551654,4.089897574907331,10.84084795339368,1.9110438602179538,0.25844671742939856
pl-2024-2024-08-17-arsenal-v-wolves,2024-08-17,2024,Arsenal,Wolves,2,0,2,0.9166666666666666,0.0,179.79241990775787,30,30,999,0,1.0,0,999,0,1.0,0,5,0,5.0,0.0,0.0,14.0,3.0,3.0,2.3421052631578947,2.3947368421052633,0.7631578947368421,2.8,0.6,2.473684210526316,2.210526315789474,2.526315789473684,0.8421052631578947,2.263157894736842,0.6842105263157895,0.47368421052631576,0.13157894736842105,0.6578947368421053,12.081220016024211,12.143417810494649,4.031721464172599,10.888120077877847,1.9508268784785745,-0.06219779447043728,1.0,0.0,4.0,4.0,12.0,0.6,1.2105263157894737,1.3157894736842106,1.7105263157894737,0.8,2.4,1.4210526315789473,1.0,1.368421052631579,1.5789473684210527,1.263157894736842,1.8421052631578947,0.13157894736842105,0.23684210526315788,-0.6105263157894737,12.240851576981052,11.982404859551654,4.089897574907331,10.84084795339368,1.9110438602179538,0.25844671742939856
pl-2024-2024-08-17-everton-v-brighton,2024-08-17,2024,Everton,Brighton,0,3,0,0.5833333333333334,0.0,347.5953438923898,30,30,999,0,1.0,0,999,0,1.0,0,3,1,3.0,1.0,1.0,6.0,3.0,2.0,1.263157894736842,1.0526315789473684,1.3421052631578947,1.2,0.6,1.4736842105263157,1.0526315789473684,1.1578947368421053,0.9473684210526315,0.9473684210526315,1.736842105263158,0.34210526315789475,0.3157894736842105,0.736842105263158,12.081220016024211,12.143417810494649,4.031721464172599,10.888120077877847,1.9508268784785745,-0.06219779447043728,1.0,1.0,3.0,3.0,8.0,0.8,1.263157894736842,1.4473684210526316,1.631578947368421,0.6,1.6,1.5789473684210527,0.9473684210526315,1.5789473684210527,1.4210526315789473,1.3157894736842106,1.8421052631578947,0.15789473684210525,0.2631578947368421,-0.463157894736842,12.240851576981052,11.982404859551654,4.089897574907331,10.84084795339368,1.9110438602179538,0.25844671742939856
pl-2024-2024-08-17-nott-m-forest-v-bournemouth,2024-08-17,2024,Nott'm Forest,Bournemouth,1,1,1,0.25,0.0,249.86718117491685,30,30,999,0,1.0,0,999,0,1.0,0,2,2,2.0,0.0,3.0,7.0,9.0,1.2,0.9473684210526315,1.2894736842105263,1.763157894736842,1.4,1.8,1.0526315789473684,0.8421052631578947,1.4210526315789473,1.5789473684210527,1.1578947368421053,1.9473684210526316,0.10526315789473684,0.2631578947368421,0.25263157894736843,12.081220016024211,12.143417810494649,4.031721464172599,10.888120077877847,1.9508268784785745,-0.06219779447043728,2.0,0.0,3.0,6.0,7.0,1.2,1.263157894736842,1.4210526315789473,1.763157894736842,1.2,1.4,1.4210526315789473,1.105263157894737,1.4210526315789473,1.4736842105263157,1.4210526315789473,2.0526315789473686,0.23684210526315788,0.18421052631578946,-0.06315789473684208,12.240851576981052,11.982404859551654,4.089897574907331,10.84084795339368,1.9110438602179538,0.25844671742939856
pl-2024-2024-08-17-west-ham-v-aston-villa,2024-08-17,2024,West Ham,Aston Villa,1,2,0,0.16666666666666666,0.0,168.96256636743763,30,30,999,0,1.0,0,999,0,1.0,0,0,1,1.0,1.0,3.0,8.0,16.0,0.8,1.368421052631579,1.5789473684210527,1.9473684210526316,1.6,3.2,1.5263157894736843,1.2105263157894737,1.631578947368421,1.4736842105263157,1.5263157894736843,2.4210526315789473,0.13157894736842105,0.21052631578947367,-0.5684210526315789,12.081220016024211,12.143417810494649,4.031721464172599,10.888120077877847,1.9508268784785745,-0.06219779447043728,1.0,2.0,2.0,8.0,12.0,1.0,1.7894736842105263,2.0,1.605263157894737,1.6,2.4,2.1052631578947367,1.4736842105263157,2.526315789473684,1.4736842105263157,1.4736842105263157,1.736842105263158,0.21052631578947367,0.15789473684210525,-0.7894736842105263,12.240851576981052,11.982404859551654,4.089897574907331,10.84084795339368,1.9110438602179538,0.25844671742939856
pl-2024-2024-08-18-brentford-v-crystal-palace,2024-08-18,2024,Brentford,Crystal Palace,2,1,2,0.5,0.0,17.684697650519446,30,30,999,0,1.0,0,999,0,1.0,0,1,3,2.0,1.0,2.0,9.0,7.0,1.4,1.0263157894736843,1.4736842105263157,1.7105263157894737,1.8,1.4,1.1578947368421053,0.8947368421052632,1.5263157894736843,1.7894736842105263,1.4210526315789473,1.631578947368421,0.18421052631578946,0.21052631578947367,0.3736842105263156,12.081220016024211,12.143417810494649,4.031721464172599,10.888120077877847,1.9508268784785745,-0.06219779447043728,4.0,1.0,0.0,15.0,2.0,2.6,1.2894736842105263,1.5,1.5263157894736843,3.0,0.4,1.4736842105263157,1.105263157894737,1.9473684210526316,1.368421052631579,1.0526315789473684,1.6842105263157894,0.2631578947368421,0.18421052631578946,1.3105263157894738,12.240851576981052,11.982404859551654,4.089897574907331,10.84084795339368,1.9110438602179538,0.25844671742939856
pl-2024-2024-08-18-chelsea-v-man-city,2024-08-18,2024,Chelsea,Man City,0,2,0,0.25,0.0,260.77289712751275,30,30,999,0,1.0,0,999,0,1.0,0,3,1,5.0,0.0,0.0,14.0,4.0,3.0,1.6578947368421053,2.026315789473684,1.6578947368421053,2.8,0.8,1.9473684210526316,1.368421052631579,2.3157894736842106,1.368421052631579,1.736842105263158,1.9473684210526316,0.21052631578947367,0.15789473684210525,1.3421052631578947,12.081220016024211,12.143417810494649,4.031721464172599,10.888120077877847,1.9508268784785745,-0.06219779447043728,5.0,0.0,0.0,16.0,2.0,3.0,2.3947368421052633,2.526315789473684,0.8947368421052632,3.2,0.4,2.473684210526316,2.3157894736842106,2.6842105263157894,0.8421052631578947,2.3684210526315788,0.9473684210526315,0.34210526315789475,0.07894736842105263,0.6052631578947367,12.240851576981052,11.982404859551654,4.089897574907331,10.84084795339368,1.9110438602179538,0.25844671742939856
pl-2024-2024-08-19-leicester-v-tottenham,2024-08-19,2024,Leicester,Tottenham,1,1,1,0.75,0.0,134.76289817560112,7,30,999,0,1.0,0,999,0,1.0,0,0,1,1.8161702127659574,1.2059574468085106,1.8663829787234043,7.254468085106383,7.341276595744681,1.355872340425532,1.405410937744065,1.550329927261782,1.5203029104351635,1.4763829787234042,1.5037872340425533,1.5948115940966365,1.2273517881961282,1.689848619989206,1.3640519571110066,1.4186900986980262,1.6661994869059418,0.22497988742164976,0.2205873038401552,-0.049538597318533044,12.081220016024211,12.143417810494649,4.031721464172599,10.888120077877847,1.9508268784785745,-0.06219779447043728,2.0,0.0,3.0,7.0,9.0,1.2,1.736842105263158,1.9473684210526316,1.605263157894737,1.4,1.8,2.0526315789473686,1.4210526315789473,2.0,1.4210526315789473,1.894736842105263,1.7894736842105263,0.18421052631578946,0.10526315789473684,-0.536842105263158,12.240851576981052,11.982404859551654,4.089897574907331,10.84084795339368,1.9110438602179538,0.25844671742939856
pl-2024-2024-08-24-tottenham-v-everton,2024-08-24,2024,Tottenham,Everton,4,0,2,0.7142857142857143,0.0,283.0298619274761,5,7,999,0,1.0,0,999,0,1.0,0,1,3,2.0,1.0,2.0,8.0,8.0,1.4,1.7179487179487178,1.9230769230769231,1.5897435897435896,1.6,1.6,2.0526315789473686,1.4,2.0,1.4210526315789473,1.85,1.75,0.1794871794871795,0.10256410256410256,-0.31794871794871793,12.081220016024211,12.143417810494649,4.031721464172599,10.888120077877847,1.9508268784785745,-0.06219779447043728,2.0,1.0,2.0,4.0,6.0,1.4,1.2307692307692308,1.0256410256410255,1.3846153846153846,0.8,1.2,1.4,1.0526315789473684,1.1,1.05,0.9473684210526315,1.736842105263158,0.3333333333333333,0.3333333333333333,0.16923076923076907,12.240851576981052,11.982404859551654,4.089897574907331,10.84084795339368,1.9110438602179538,0.25844671742939856
pl-2024-2024-08-24-man-city-v-ipswich-town,2024-08-24,2024,Man City,Ipswich Town,4,1,2,1.0,0.0,276.2528693915215,6,7,999,0,1.0,0,999,0,1.0,0,1,1,5.0,0.0,0.0,16.0,2.0,3.0,2.41025641025641,2.5128205128205128,0.8717948717948718,3.2,0.4,2.473684210526316,2.35,2.6842105263157894,0.8421052631578947,2.35,0.9,0.358974358974359,0.07692307692307693,0.5897435897435899,12.081220016024211,12.143417810494649,4.031721464172599,10.888120077877847,1.9508268784785745,-0.06219779447043728,0.0,0.0,1.0,0.0,2.0,0.0,0.0,0.0,2.0,0.0,2.0,0.0,0.0,0.0,2.0,0.0,2.0,0.0,1.0,0.0,12.240851576981052,11.982404859551654,4.089897574907331,10.84084795339368,1.9110438602179538,0.25844671742939856
pl-2024-2024-08-24-crystal-palace-v-west-ham,2024-08-24,2024,Crystal Palace,West Ham,0,2,0,0.6666666666666666,0.0,17.19692229534069,6,7,999,0,1.0,0,999,0,1.0,0,3,0,3.0,1.0,1.0,14.0,4.0,2.0,1.2564102564102564,1.4871794871794872,1.5384615384615385,2.8,0.8,1.4736842105263157,1.05,1.9473684210526316,1.368421052631579,1.05,1.7,0.2564102564102564,0.1794871794871795,0.7435897435897436,12.081220016024211,12.143417810494649,4.031721464172599,10.888120077877847,1.9508268784785745,-0.06219779447043728,1.0,1.0,3.0,7.0,13.0,0.8,1.3333333333333333,1.564102564102564,1.9487179487179487,1.4,2.6,1.45,1.2105263157894737,1.6,1.5,1.5263157894736843,2.4210526315789473,0.1282051282051282,0.20512820512820512,-0.5333333333333332,12.240851576981052,11.982404859551654,4.089897574907331,10.84084795339368,1.9110438602179538,0.25844671742939856
pl-2024-2024-08-24-aston-villa-v-arsenal,2024-08-24,2024,Aston Villa,Arsenal,0,2,0,0.5,0.0,161.28672843676878,7,7,999,0,1.0,0,999,0,1.0,0,1,5,1.0,2.0,2.0,7.0,12.0,1.0,1.8205128205128205,2.0,1.5897435897435896,1.4,2.4,2.1052631578947367,1.55,2.526315789473684,1.4736842105263157,1.5,1.7,0.20512820512820512,0.15384615384615385,-0.8205128205128205,12.081220016024211,12.143417810494649,4.031721464172599,10.888120077877847,1.9508268784785745,-0.06219779447043728,5.0,0.0,0.0,11.0,3.0,3.0,2.358974358974359,2.3846153846153846,0.7435897435897436,2.2,0.6,2.5,2.210526315789474,2.5,0.8,2.263157894736842,0.6842105263157895,0.48717948717948717,0.1282051282051282,0.641025641025641,12.240851576981052,11.982404859551654,4.089897574907331,10.84084795339368,1.9110438602179538,0.25844671742939856
pl-2024-2024-08-24-brighton-v-man-united,2024-08-24,2024,Brighton,Man United,2,1,2,0.5,0.0,326.14306079684945,7,8,999,0,1.0,0,999,0,1.0,0,1,3,2.0,1.0,2.0,6.0,5.0,1.4,1.3076923076923077,1.4871794871794872,1.5897435897435896,1.2,1.0,1.5789473684210527,1.05,1.5789473684210527,1.4210526315789473,1.4,1.75,0.1794871794871795,0.2564102564102564,0.0923076923076922,12.081220016024211,12.143417810494649,4.031721464172599,10.888120077877847,1.9508268784785745,-0.06219779447043728,3.0,0.0,2.0,6.0,7.0,1.8,1.6153846153846154,1.4871794871794872,1.4871794871794872,1.2,1.4,1.8,1.4210526315789473,1.6,1.4,1.368421052631579,1.5789473684210527,0.2564102564102564,0.23076923076923078,0.18461538461538463,12.240851576981052,11.982404859551654,4.089897574907331,10.84084795339368,1.9110438602179538,0.25844671742939856
pl-2024-2024-08-24-fulham-v-leicester,2024-08-24,2024,Fulham,Leicester,2,1,2,1.0,0.0,142.04217878549298,8,5,999,0,1.0,0,999,0,1.0,0,0,0,1.0,2.0,2.0,5.0,8.0,1.0,1.205128205128205,1.4102564102564104,1.5897435897435896,1.0,1.6,1.5263157894736843,0.9,1.631578947368421,1.263157894736842,1.2,1.9,0.2564102564102564,0.358974358974359,-0.20512820512820507,12.081220016024211,12.143417810494649,4.031721464172599,10.888120077877847,1.9508268784785745,-0.06219779447043728,0.0,1.0,0.0,1.0,1.0,1.0,1.0,1.0,1.0,1.0,1.0,1.0,1.0,1.0,1.0,1.0,1.0,0.0,0.0,0.0,12.240851576981052,11.982404859551654,4.089897574907331,10.84084795339368,1.9110438602179538,0.25844671742939856
pl-2024-2024-08-24-southampton-v-nott-m-forest,2024-08-24,2024,Southampton,Nott'm Forest,0,1,0,0.0,0.0,231.82976812386417,7,7,999,0,1.0,0,999,0,1.0,0,0,2,0.0,0.0,1.0,0.0,1.0,0.0,0.0,0.0,1.0,0.0,1.0,0.0,0.0,0.0,1.0,0.0,1.0,0.0,1.0,0.0,12.081220016024211,12.143417810494649,4.031721464172599,10.888120077877847,1.9508268784785745,-0.06219779447043728,2.0,1.0,2.0,8.0,8.0,1.4,0.9487179487179487,1.2820512820512822,1.7435897435897436,1.6,1.6,1.05,0.8421052631578947,1.4,1.55,1.1578947368421053,1.9473684210526316,0.10256410256410256,0.2564102564102564,0.45128205128205123,12.240851576981052,11.982404859551654,4.089897574907331,10.84084795339368,1.9110438602179538,0.25844671742939856
pl-2024-2024-08-25-wolves-v-chelsea,2024-08-25,2024,Wolves,Chelsea,2,6,0,0.3333333333333333,0.0,181.01584925623223,8,7,999,0,1.0,0,999,0,1.0,0,0,3,1.0,0.0,4.0,4.0,13.0,0.6,1.1794871794871795,1.2820512820512822,1.7179487179487178,0.8,2.6,1.4210526315789473,0.95,1.368421052631579,1.5789473684210527,1.2,1.85,0.1282051282051282,0.2564102564102564,-0.5794871794871795,12.081220016024211,12.143417810494649,4.031721464172599,10.888120077877847,1.9508268784785745,-0.06219779447043728,4.0,0.0,1.0,12.0,6.0,2.4,1.6153846153846154,1.9743589743589745,1.6666666666666667,2.4,1.2,1.85,1.368421052631579,2.2,1.4,1.736842105263158,1.9473684210526316,0.20512820512820512,0.1794871794871795,0.7846153846153845,12.240851576981052,11.982404859551654,4.089897574907331,10.84084795339368,1.9110438602179538,0.25844671742939856
pl-2024-2024-08-25-liverpool-v-brentford,2024-08-25,2024,Liverpool,Brentford,2,0,2,0.75,0.0,281.61742744390625,8,7,999,0,1.0,0,999,0,1.0,0,3,1,3.0,2.0,0.0,13.0,7.0,2.2,2.1794871794871793,2.2564102564102564,1.0512820512820513,2.6,1.4,2.526315789473684,1.85,2.5789473684210527,0.8947368421052632,1.95,1.2,0.28205128205128205,0.07692307692307693,0.020512820512820884,12.081220016024211,12.143417810494649,4.031721464172599,10.888120077877847,1.9508268784785745,-0.06219779447043728,2.0,1.0,2.0,6.0,7.0,1.4,1.0769230769230769,1.4871794871794872,1.6923076923076923,1.2,1.4,1.25,0.8947368421052632,1.55,1.75,1.4210526315789473,1.631578947368421,0.1794871794871795,0.20512820512820512,0.32307692307692304,12.240851576981052,11.982404859551654,4.089897574907331,10.84084795339368,1.9110438602179538,0.25844671742939856
pl-2024-2024-08-25-bournemouth-v-newcastle,2024-08-25,2024,Bournemouth,Newcastle,1,1,1,0.7142857142857143,0.0,471.70564071559664,8,8,999,0,1.0,0,999,0,1.0,0,2,3,1.0,1.0,3.0,6.0,8.0,0.8,1.2564102564102564,1.4102564102564104,1.7435897435897436,1.2,1.6,1.4210526315789473,1.1,1.4210526315789473,1.4736842105263157,1.4,2.0,0.23076923076923078,0.1794871794871795,-0.45641025641025634,12.081220016024211,12.143417810494649,4.031721464172599,10.888120077877847,1.9508268784785745,-0.06219779447043728,3.0,1.0,1.0,12.0,7.0,2.0,1.6153846153846154,2.2051282051282053,1.5897435897435896,2.4,1.4,2.15,1.0526315789473684,2.5,1.1,1.894736842105263,2.1052631578947367,0.28205128205128205,0.1282051282051282,0.3846153846153846,12.240851576981052,11.982404859551654,4.089897574907331,10.84084795339368,1.9110438602179538,0.25844671742939856
pl-2024-2024-08-31-arsenal-v-brighton,2024-08-31,2024,Arsenal,Brighton,1,1,1,0.7142857142857143,0.0,77.40825110392977,7,7,999,0,1.0,0,999,0,1.0,0,5,1,5.0,0.0,0.0,10.0,1.0,3.0,2.375,2.375,0.725,2.0,0.2,2.5,2.25,2.5,0.8,2.25,0.65,0.5,0.125,0.625,12.081220016024211,12.143417810494649,4.031721464172599,10.888120077877847,1.9508268784785745,-0.06219779447043728,2.0,1.0,2.0,7.0,6.0,1.4,1.35,1.5,1.575,1.4,1.2,1.65,1.05,1.6,1.4,1.4,1.75,0.175,0.25,0.04999999999999982,12.240851576981052,11.982404859551654,4.089897574907331,10.84084795339368,1.9110438602179538,0.25844671742939856
pl-2024-2024-08-31-everton-v-bournemouth,2024-08-31,2024,Everton,Bournemouth,2,3,0,0.35714285714285715,0.0,310.3809824859215,7,6,999,0,1.0,0,999,0,1.0,0,3,2,1.0,1.0,3.0,3.0,10.0,0.8,1.2,1.0,1.45,0.6,2.0,1.4,1.0,1.1,1.05,0.9,1.85,0.325,0.35,-0.3999999999999999,12.081220016024211,12.143417810494649,4.031721464172599,10.888120077877847,1.9508268784785745,-0.06219779447043728,0.0,2.0,3.0,4.0,9.0,0.4,1.25,1.4,1.725,0.8,1.8,1.4,1.1,1.4,1.45,1.4,2.0,0.225,0.175,-0.85,12.240851576981052,11.982404859551654,4.089897574907331,10.84084795339368,1.9110438602179538,0.25844671742939856
pl-2024-2024-08-31-leicester-v-aston-villa,2024-08-31,2024,Leicester,Aston Villa,1,2,0,0.0,0.0,51.714942761944265,7,7,999,0,1.0,0,999,0,1.0,0,0,1,0.0,1.0,1.0,2.0,3.0,0.5,0.5,1.0,1.5,1.0,1.5,1.0,0.0,1.0,1.0,1.0,2.0,0.0,0.0,0.0,12.081220016024211,12.143417810494649,4.031721464172599,10.888120077877847,1.9508268784785745,-0.06219779447043728,1.0,1.0,3.0,5.0,12.0,0.8,1.775,1.95,1.6,1.0,2.4,2.0,1.55,2.4,1.5,1.5,1.7,0.2,0.175,-0.9749999999999999,12.240851576981052,11.982404859551654,4.089897574907331,10.84084795339368,1.9110438602179538,0.25844671742939856
pl-2024-2024-08-31-brentford-v-southampton,2024-08-31,2024,Brentford,Southampton,3,1,2,1.0,0.0,103.7584336257007,6,7,999,0,1.0,0,999,0,1.0,0,1,0,2.0,1.0,2.0,6.0,8.0,1.4,1.05,1.45,1.7,1.2,1.6,1.25,0.85,1.55,1.75,1.35,1.65,0.175,0.225,0.34999999999999987,12.081220016024211,12.143417810494649,4.031721464172599,10.888120077877847,1.9508268784785745,-0.06219779447043728,0.0,0.0,2.0,0.0,2.0,0.0,0.0,0.0,1.0,0.0,1.0,0.0,0.0,0.0,1.0,0.0,1.0,0.0,1.0,0.0,12.240851576981052,11.982404859551654,4.089897574907331,10.84084795339368,1.9110438602179538,0.25844671742939856
pl-2024-2024-08-31-ipswich-town-v-fulham,2024-08-31,2024,Ipswich Town,Fulham,1,1,1,0.5,0.0,114.90725006220458,7,7,999,0,1.0,0,999,0,1.0,0,1,0,0.0,0.0,2.0,1.0,6.0,0.0,0.0,0.5,3.0,0.5,3.0,0.0,0.0,0.0,2.0,1.0,4.0,0.0,0.5,0.0,12.081220016024211,12.143417810494649,4.031721464172599,10.888120077877847,1.9508268784785745,-0.06219779447043728,2.0,1.0,2.0,6.0,8.0,1.4,1.25,1.425,1.575,1.2,1.6,1.6,0.9,1.65,1.25,1.2,1.9,0.25,0.35,0.1499999999999999,12.240851576981052,11.982404859551654,4.089897574907331,10.84084795339368,1.9110438602179538,0.25844671742939856
pl-2024-2024-08-31-nott-m-forest-v-wolves,2024-08-31,2024,Nott'm Forest,Wolves,1,1,1,0.6666666666666666,0.0,77.31910351998752,7,6,999,0,1.0,0,999,0,1.0,0,2,0,3.0,1.0,1.0,9.0,6.0,2.0,1.0,1.275,1.7,1.8,1.2,1.05,0.95,1.4,1.55,1.15,1.85,0.125,0.25,1.0,12.081220016024211,12.143417810494649,4.031721464172599,10.888120077877847,1.9508268784785745,-0.06219779447043728,0.0,0.0,5.0,4.0,18.0,0.0,1.15,1.3,1.825,0.8,3.6,1.35,0.95,1.4,1.8,1.2,1.85,0.125,0.25,-1.15,12.240851576981052,11.982404859551654,4.089897574907331,10.84084795339368,1.9110438602179538,0.25844671742939856
pl-2024-2024-08-31-west-ham-v-man-city,2024-08-31,2024,West Ham,Man City,1,3,0,0.08333333333333333,0.0,263.06145615917364,7,7,999,0,1.0,0,999,0,1.0,0,0,1,2.0,0.0,3.0,7.0,11.0,1.2,1.375,1.575,1.9,1.4,2.2,1.45,1.3,1.6,1.5,1.55,2.3,0.15,0.2,-0.17500000000000004,12.081220016024211,12.143417810494649,4.031721464172599,10.888120077877847,1.9508268784785745,-0.06219779447043728,5.0,0.0,0.0,15.0,2.0,3.0,2.425,2.55,0.875,3.0,0.4,2.5,2.35,2.75,0.85,2.35,0.9,0.35,0.075,0.5750000000000002,12.240851576981052,11.982404859551654,4.089897574907331,10.84084795339368,1.9110438602179538,0.25844671742939856
pl-2024-2024-09-01-man-united-v-liverpool,2024-09-01,2024,Man United,Liverpool,0,3,0,0.5833333333333334,0.0,44.84237863424872,8,7,999,0,1.0,0,999,0,1.0,0,3,3,3.0,0.0,2.0,7.0,5.0,1.8,1.575,1.475,1.5,1.4,1.0,1.8,1.35,1.6,1.4,1.35,1.6,0.25,0.225,0.2250000000000001,12.081220016024211,12.143417810494649,4.031721464172599,10.888120077877847,1.9508268784785745,-0.06219779447043728,4.0,1.0,0.0,13.0,5.0,2.6,2.2,2.25,1.025,2.6,1.0,2.55,1.85,2.55,0.85,1.95,1.2,0.3,0.075,0.3999999999999999,12.240851576981052,11.982404859551654,4.089897574907331,10.84084795339368,1.9110438602179538,0.25844671742939856
pl-2024-2024-09-01-newcastle-v-tottenham,2024-09-01,2024,Newcastle,Tottenham,2,1,2,0.7857142857142857,0.0,388.67839795676935,7,8,999,0,1.0,0,999,0,1.0,0,3,1,2.0,2.0,1.0,9.0,7.0,1.6,1.6,2.175,1.575,1.8,1.4,2.15,1.05,2.5,1.1,1.85,2.05,0.275,0.125,0.0,12.081220016024211,12.143417810494649,4.031721464172599,10.888120077877847,1.9508268784785745,-0.06219779447043728,3.0,1.0,1.0,10.0,4.0,2.0,1.75,1.975,1.55,2.0,0.8,2.1,1.4,2.1,1.35,1.85,1.75,0.2,0.1,0.25,12.240851576981052,11.982404859551654,4.089897574907331,10.84084795339368,1.9110438602179538,0.25844671742939856
pl-2024-2024-09-01-chelsea-v-crystal-palace,2024-09-01,2024,Chelsea,Crystal Palace,1,1,1,0.75,0.0,11.84093067606262,7,8,999,0,1.0,0,999,0,1.0,0,3,3,4.0,0.0,1.0,13.0,8.0,2.4,1.65,2.075,1.675,2.6,1.6,1.85,1.45,2.2,1.4,1.95,1.95,0.2,0.175,0.75,12.081220016024211,12.143417810494649,4.031721464172599,10.888120077877847,1.9508268784785745,-0.06219779447043728,3.0,0.0,2.0,13.0,5.0,1.8,1.225,1.45,1.55,2.6,1.0,1.4,1.05,1.85,1.4,1.05,1.7,0.25,0.2,0.575,12.240851576981052,11.982404859551654,4.089897574907331,10.84084795339368,1.9110438602179538,0.25844671742939856
pl-2024-2024-09-14-fulham-v-west-ham,2024-09-14,2024,Fulham,West Ham,1,1,1,0.5833333333333334,0.0,17.879972655030514,14,14,999,0,1.0,0,999,0,1.0,0,0,0,2.0,1.0,2.0,7.0,9.0,1.4,1.2439024390243902,1.4146341463414633,1.5609756097560976,1.4,1.8,1.6,0.9047619047619048,1.65,1.25,1.1904761904761905,1.8571428571428572,0.24390243902439024,0.34146341463414637,0.15609756097560967,12.081220016024211,12.143417810494649,4.031721464172599,10.888120077877847,1.9508268784785745,-0.06219779447043728,2.0,0.0,3.0,8.0,9.0,1.2,1.3414634146341464,1.5609756097560976,1.9268292682926829,1.6,1.8,1.380952380952381,1.3,1.5714285714285714,1.5714285714285714,1.55,2.3,0.14634146341463414,0.1951219512195122,-0.14146341463414647,12.240851576981052,11.982404859551654,4.089897574907331,10.84084795339368,1.9110438602179538,0.25844671742939856
pl-2024-2024-09-14-man-city-v-brentford,2024-09-14,2024,Man City,Brentford,2,1,2,0.9166666666666666,0.0,256.36792510973777,14,14,999,0,1.0,0,999,0,1.0,0,1,1,5.0,0.0,0.0,14.0,3.0,3.0,2.4390243902439024,2.5609756097560976,0.8780487804878049,2.8,0.6,2.5,2.380952380952381,2.75,0.85,2.380952380952381,0.9047619047619048,0.34146341463414637,0.07317073170731707,0.5609756097560976,12.081220016024211,12.143417810494649,4.031721464172599,10.888120077877847,1.9508268784785745,-0.06219779447043728,3.0,0.0,2.0,9.0,9.0,1.8,1.0975609756097562,1.4878048780487805,1.6829268292682926,1.8,1.8,1.3333333333333333,0.85,1.619047619047619,1.7142857142857142,1.35,1.65,0.17073170731707318,0.21951219512195122,0.7024390243902439,12.240851576981052,11.982404859551654,4.089897574907331,10.84084795339368,1.9110438602179538,0.25844671742939856
pl-2024-2024-09-14-liverpool-v-nott-m-forest,2024-09-14,2024,Liverpool,Nott'm Forest,0,1,0,0.5714285714285714,0.0,133.53355666955304,13,14,999,0,1.0,0,999,0,1.0,0,3,2,4.0,1.0,0.0,12.0,3.0,2.6,2.2195121951219514,2.268292682926829,1.0,2.4,0.6,2.55,1.9047619047619047,2.55,0.85,2.0,1.1428571428571428,0.3170731707317073,0.07317073170731707,0.3804878048780487,12.081220016024211,12.143417810494649,4.031721464172599,10.888120077877847,1.9508268784785745,-0.06219779447043728,2.0,2.0,1.0,7.0,6.0,1.6,1.0,1.2682926829268293,1.6829268292682926,1.4,1.2,1.0476190476190477,0.95,1.380952380952381,1.5238095238095237,1.15,1.85,0.12195121951219512,0.24390243902439024,0.6000000000000001,12.240851576981052,11.982404859551654,4.089897574907331,10.84084795339368,1.9110438602179538,0.25844671742939856
pl-2024-2024-09-14-southampton-v-man-united,2024-09-14,2024,Southampton,Man United,0,3,0,0.0,0.0,295.7636270011504,14,13,999,0,1.0,0,999,0,1.0,0,0,3,0.0,0.0,3.0,1.0,5.0,0.0,0.0,0.3333333333333333,1.6666666666666667,0.3333333333333333,1.6666666666666667,0.0,0.0,0.0,1.0,0.5,2.0,0.0,0.6666666666666666,0.0,12.081220016024211,12.143417810494649,4.031721464172599,10.888120077877847,1.9508268784785745,-0.06219779447043728,3.0,0.0,2.0,7.0,7.0,1.8,1.5365853658536586,1.4390243902439024,1.5365853658536586,1.4,1.4,1.7142857142857142,1.35,1.5238095238095237,1.4761904761904763,1.35,1.6,0.24390243902439024,0.24390243902439024,0.2634146341463415,12.240851576981052,11.982404859551654,4.089897574907331,10.84084795339368,1.9110438602179538,0.25844671742939856
pl-2024-2024-09-14-bournemouth-v-chelsea,2024-09-14,2024,Bournemouth,Chelsea,0,1,0,0.3333333333333333,0.0,141.84087867373012,14,13,999,0,1.0,0,999,0,1.0,0,2,3,1.0,2.0,2.0,7.0,8.0,1.0,1.2926829268292683,1.4390243902439024,1.7317073170731707,1.4,1.6,1.4,1.1904761904761905,1.4,1.45,1.4761904761904763,2.0,0.21951219512195122,0.17073170731707318,-0.29268292682926833,12.081220016024211,12.143417810494649,4.031721464172599,10.888120077877847,1.9508268784785745,-0.06219779447043728,3.0,1.0,1.0,11.0,7.0,2.0,1.6341463414634145,2.048780487804878,1.6585365853658536,2.2,1.4,1.8095238095238095,1.45,2.142857142857143,1.380952380952381,1.95,1.95,0.1951219512195122,0.17073170731707318,0.36585365853658547,12.240851576981052,11.982404859551654,4.089897574907331,10.84084795339368,1.9110438602179538,0.25844671742939856
pl-2024-2024-09-14-crystal-palace-v-leicester,2024-09-14,2024,Crystal Palace,Leicester,2,2,1,0.75,0.0,153.90325565324287,13,14,999,0,1.0,0,999,0,1.0,0,3,0,2.0,1.0,2.0,10.0,6.0,1.4,1.2195121951219512,1.4390243902439024,1.5365853658536586,2.0,1.2,1.4,1.0476190476190477,1.85,1.4,1.0476190476190477,1.6666666666666667,0.24390243902439024,0.1951219512195122,0.18048780487804872,12.081220016024211,12.143417810494649,4.031721464172599,10.888120077877847,1.9508268784785745,-0.06219779447043728,0.0,1.0,2.0,3.0,5.0,0.3333333333333333,0.3333333333333333,1.0,1.6666666666666667,1.0,1.6666666666666667,0.5,0.0,1.0,1.5,1.0,2.0,0.0,0.0,0.0,12.240851576981052,11.982404859551654,4.089897574907331,10.84084795339368,1.9110438602179538,0.25844671742939856
pl-2024-2024-09-14-brighton-v-ipswich-town,2024-09-14,2024,Brighton,Ipswich Town,0,0,1,0.75,0.0,158.28435208760442,14,14,999,0,1.0,0,999,0,1.0,0,1,1,2.0,1.0,2.0,7.0,6.0,1.4,1.3414634146341464,1.4878048780487805,1.5609756097560976,1.4,1.2,1.65,1.0476190476190477,1.6,1.4,1.380952380952381,1.7142857142857142,0.17073170731707318,0.24390243902439024,0.05853658536585349,12.081220016024211,12.143417810494649,4.031721464172599,10.888120077877847,1.9508268784785745,-0.06219779447043728,0.0,1.0,2.0,2.0,7.0,0.3333333333333333,0.3333333333333333,0.6666666666666666,2.3333333333333335,0.6666666666666666,2.3333333333333335,0.5,0.0,0.5,1.5,1.0,4.0,0.0,0.3333333333333333,0.0,12.240851576981052,11.982404859551654,4.089897574907331,10.84084795339368,1.9110438602179538,0.25844671742939856
pl-2024-2024-09-14-aston-villa-v-everton,2024-09-14,2024,Aston Villa,Everton,3,2,2,0.6666666666666666,0.0,126.22335550924237,14,14,999,0,1.0,0,999,0,1.0,0,1,3,2.0,1.0,2.0,7.0,12.0,1.4,1.8048780487804879,1.951219512195122,1.5853658536585367,1.4,2.4,2.0,1.619047619047619,2.4,1.5,1.5238095238095237,1.6666666666666667,0.1951219512195122,0.17073170731707318,-0.40487804878048794,12.081220016024211,12.143417810494649,4.031721464172599,10.888120077877847,1.9508268784785745,-0.06219779447043728,1.0,0.0,4.0,4.0,12.0,0.6,1.170731707317073,1.024390243902439,1.4878048780487805,0.8,2.4,1.3333333333333333,1.0,1.1428571428571428,1.1428571428571428,0.9,1.85,0.3170731707317073,0.34146341463414637,-0.5707317073170731,12.240851576981052,11.982404859551654,4.089897574907331,10.84084795339368,1.9110438602179538,0.25844671742939856
pl-2024-2024-09-15-tottenham-v-arsenal,2024-09-15,2024,Tottenham,Arsenal,0,1,0,0.08333333333333333,0.0,5.912025518917407,14,15,999,0,1.0,0,999,0,1.0,0,1,5,2.0,1.0,2.0,9.0,5.0,1.4,1.7073170731707317,1.951219512195122,1.5609756097560976,1.8,1.0,2.1,1.3333333333333333,2.1,1.35,1.8095238095238095,1.7619047619047619,0.1951219512195122,0.0975609756097561,-0.30731707317073176,12.081220016024211,12.143417810494649,4.031721464172599,10.888120077877847,1.9508268784785745,-0.06219779447043728,4.0,1.0,0.0,8.0,2.0,2.6,2.341463414634146,2.341463414634146,0.7317073170731707,1.6,0.4,2.4285714285714284,2.25,2.4285714285714284,0.8095238095238095,2.25,0.65,0.4878048780487805,0.12195121951219512,0.2585365853658539,12.240851576981052,11.982404859551654,4.089897574907331,10.84084795339368,1.9110438602179538,0.25844671742939856
pl-2024-2024-09-15-wolves-v-newcastle,2024-09-15,2024,Wolves,Newcastle,1,2,0,0.16666666666666666,0.0,267.35588733290405,15,14,999,0,1.0,0,999,0,1.0,0,0,3,0.0,1.0,4.0,4.0,14.0,0.2,1.146341463414634,1.2926829268292683,1.8048780487804879,0.8,2.8,1.35,0.9523809523809523,1.4,1.8,1.1904761904761905,1.8095238095238095,0.12195121951219512,0.24390243902439024,-0.9463414634146341,12.081220016024211,12.143417810494649,4.031721464172599,10.888120077877847,1.9508268784785745,-0.06219779447043728,3.0,1.0,1.0,10.0,7.0,2.0,1.6341463414634145,2.1707317073170733,1.5609756097560976,2.0,1.4,2.1904761904761907,1.05,2.4761904761904763,1.0952380952380953,1.85,2.05,0.2682926829268293,0.12195121951219512,0.36585365853658547,12.240851576981052,11.982404859551654,4.089897574907331,10.84084795339368,1.9110438602179538,0.25844671742939856
pl-2024-2024-09-21-fulham-v-newcastle,2024-09-21,2024,Fulham,Newcastle,3,1,2,0.5,0.0,400.0557612696015,7,6,999,0,1.0,0,999,0,1.0,0,0,3,2.0,2.0,1.0,8.0,6.0,1.6,1.2380952380952381,1.4047619047619047,1.5476190476190477,1.6,1.2,1.5714285714285714,0.9047619047619048,1.619047619047619,1.2380952380952381,1.1904761904761905,1.8571428571428572,0.23809523809523808,0.3333333333333333,0.36190476190476195,12.081220016024211,12.143417810494649,4.031721464172599,10.888120077877847,1.9508268784785745,-0.06219779447043728,4.0,1.0,0.0,10.0,5.0,2.6,1.6666666666666667,2.1666666666666665,1.5476190476190477,2.0,1.0,2.1904761904761907,1.1428571428571428,2.4761904761904763,1.0952380952380953,1.8571428571428572,2.0,0.2619047619047619,0.11904761904761904,0.9333333333333333,12.240851576981052,11.982404859551654,4.089897574907331,10.84084795339368,1.9110438602179538,0.25844671742939856
pl-2024-2024-09-21-west-ham-v-chelsea,2024-09-21,2024,West Ham,Chelsea,0,3,0,0.16666666666666666,0.0,15.66482235248609,7,7,999,0,1.0,0,999,0,1.0,0,0,3,1.0,1.0,3.0,6.0,9.0,0.8,1.3333333333333333,1.5476190476190477,1.9047619047619047,1.2,1.8,1.380952380952381,1.2857142857142858,1.5714285714285714,1.5714285714285714,1.5238095238095237,2.238095238095238,0.14285714285714285,0.19047619047619047,-0.5333333333333332,12.081220016024211,12.143417810494649,4.031721464172599,10.888120077877847,1.9508268784785745,-0.06219779447043728,3.0,1.0,1.0,10.0,6.0,2.0,1.6666666666666667,2.0238095238095237,1.619047619047619,2.0,1.2,1.8095238095238095,1.5238095238095237,2.142857142857143,1.380952380952381,1.9047619047619047,1.8571428571428572,0.21428571428571427,0.16666666666666666,0.33333333333333326,12.240851576981052,11.982404859551654,4.089897574907331,10.84084795339368,1.9110438602179538,0.25844671742939856
pl-2024-2024-09-21-southampton-v-ipswich-town,2024-09-21,2024,Southampton,Ipswich Town,1,1,1,0.75,0.0,221.08898418047852,7,7,999,0,1.0,0,999,0,1.0,0,0,1,0.0,0.0,4.0,1.0,8.0,0.0,0.0,0.25,2.0,0.25,2.0,0.0,0.0,0.0,2.0,0.5,2.0,0.0,0.75,0.0,12.081220016024211,12.143417810494649,4.031721464172599,10.888120077877847,1.9508268784785745,-0.06219779447043728,0.0,2.0,2.0,2.0,7.0,0.5,0.5,0.5,1.75,0.5,1.75,0.5,0.5,0.5,1.5,0.5,2.0,0.25,0.5,0.0,12.240851576981052,11.982404859551654,4.089897574907331,10.84084795339368,1.9110438602179538,0.25844671742939856
pl-2024-2024-09-21-liverpool-v-bournemouth,2024-09-21,2024,Liverpool,Bournemouth,3,0,2,0.8571428571428571,0.0,309.521114049522,7,7,999,0,1.0,0,999,0,1.0,0,3,2,4.0,0.0,1.0,9.0,1.0,2.4,2.1666666666666665,2.2142857142857144,1.0,1.8,0.2,2.4285714285714284,1.9047619047619047,2.4285714285714284,0.8571428571428571,2.0,1.1428571428571428,0.30952380952380953,0.09523809523809523,0.2333333333333334,12.081220016024211,12.143417810494649,4.031721464172599,10.888120077877847,1.9508268784785745,-0.06219779447043728,1.0,2.0,2.0,6.0,7.0,1.0,1.2619047619047619,1.4047619047619047,1.7142857142857142,1.2,1.4,1.3333333333333333,1.1904761904761905,1.3333333333333333,1.4285714285714286,1.4761904761904763,2.0,0.21428571428571427,0.19047619047619047,-0.26190476190476186,12.240851576981052,11.982404859551654,4.089897574907331,10.84084795339368,1.9110438602179538,0.25844671742939856
pl-2024-2024-09-21-crystal-palace-v-man-united,2024-09-21,2024,Crystal Palace,Man United,0,0,1,0.5833333333333334,0.0,273.9644403116414,7,7,999,0,1.0,0,999,0,1.0,0,3,3,1.0,2.0,2.0,9.0,7.0,1.0,1.2142857142857142,1.4523809523809523,1.5476190476190477,1.8,1.4,1.380952380952381,1.0476190476190477,1.8571428571428572,1.4285714285714286,1.0476190476190477,1.6666666666666667,0.23809523809523808,0.19047619047619047,-0.2142857142857142,12.081220016024211,12.143417810494649,4.031721464172599,10.888120077877847,1.9508268784785745,-0.06219779447043728,3.0,0.0,2.0,7.0,5.0,1.8,1.5714285714285714,1.4761904761904763,1.5,1.4,1.0,1.7142857142857142,1.4285714285714286,1.5238095238095237,1.4761904761904763,1.4285714285714286,1.5238095238095237,0.2619047619047619,0.23809523809523808,0.22857142857142865,12.240851576981052,11.982404859551654,4.089897574907331,10.84084795339368,1.9110438602179538,0.25844671742939856
pl-2024-2024-09-21-aston-villa-v-wolves,2024-09-21,2024,Aston Villa,Wolves,3,1,2,0.5833333333333334,0.0,18.85584349915966,7,6,999,0,1.0,0,999,0,1.0,0,1,0,3.0,0.0,2.0,7.0,11.0,1.8,1.8333333333333333,1.9761904761904763,1.5952380952380953,1.4,2.2,2.0476190476190474,1.619047619047619,2.4285714285714284,1.5238095238095237,1.5238095238095237,1.6666666666666667,0.19047619047619047,0.16666666666666666,-0.033333333333333215,12.081220016024211,12.143417810494649,4.031721464172599,10.888120077877847,1.9508268784785745,-0.06219779447043728,0.0,1.0,4.0,4.0,13.0,0.2,1.119047619047619,1.2857142857142858,1.8095238095238095,0.8,2.6,1.2857142857142858,0.9523809523809523,1.380952380952381,1.8095238095238095,1.1904761904761905,1.8095238095238095,0.11904761904761904,0.23809523809523808,-0.9190476190476191,12.240851576981052,11.982404859551654,4.089897574907331,10.84084795339368,1.9110438602179538,0.25844671742939856
pl-2024-2024-09-21-tottenham-v-brentford,2024-09-21,2024,Tottenham,Brentford,3,1,2,0.7142857142857143,0.0,20.10633019120403,6,7,999,0,1.0,0,999,0,1.0,0,1,1,2.0,1.0,2.0,9.0,4.0,1.4,1.6666666666666667,1.9047619047619047,1.5476190476190477,1.8,0.8,2.0,1.3333333333333333,2.0,1.3333333333333333,1.8095238095238095,1.7619047619047619,0.19047619047619047,0.11904761904761904,-0.26666666666666683,12.081220016024211,12.143417810494649,4.031721464172599,10.888120077877847,1.9508268784785745,-0.06219779447043728,2.0,0.0,3.0,8.0,10.0,1.2,1.0714285714285714,1.4761904761904763,1.6904761904761905,1.6,2.0,1.3333333333333333,0.8095238095238095,1.619047619047619,1.7142857142857142,1.3333333333333333,1.6666666666666667,0.16666666666666666,0.21428571428571427,0.12857142857142856,12.240851576981052,11.982404859551654,4.089897574907331,10.84084795339368,1.9110438602179538,0.25844671742939856
pl-2024-2024-09-21-leicester-v-everton,2024-09-21,2024,Leicester,Everton,1,1,1,0.25,0.0,152.21482252437943,7,7,999,0,1.0,0,999,0,1.0,0,0,3,0.0,2.0,2.0,5.0,7.0,0.5,0.5,1.25,1.75,1.25,1.75,0.5,0.5,1.0,1.5,1.5,2.0,0.0,0.0,0.0,12.081220016024211,12.143417810494649,4.031721464172599,10.888120077877847,1.9508268784785745,-0.06219779447043728,0.0,0.0,5.0,5.0,15.0,0.0,1.1428571428571428,1.0476190476190477,1.5238095238095237,1.0,3.0,1.3333333333333333,0.9523809523809523,1.1428571428571428,1.1428571428571428,0.9523809523809523,1.9047619047619047,0.30952380952380953,0.3333333333333333,-1.1428571428571428,12.240851576981052,11.982404859551654,4.089897574907331,10.84084795339368,1.9110438602179538,0.25844671742939856
pl-2024-2024-09-22-brighton-v-nott-m-forest,2024-09-22,2024,Brighton,Nott'm Forest,2,2,1,0.75,0.0,242.213946310706,8,8,999,0,1.0,0,999,0,1.0,0,1,2,2.0,2.0,1.0,6.0,4.0,1.6,1.3333333333333333,1.4523809523809523,1.5238095238095237,1.2,0.8,1.619047619047619,1.0476190476190477,1.5238095238095237,1.3333333333333333,1.380952380952381,1.7142857142857142,0.19047619047619047,0.2619047619047619,0.26666666666666683,12.081220016024211,12.143417810494649,4.031721464172599,10.888120077877847,1.9508268784785745,-0.06219779447043728,3.0,2.0,0.0,6.0,3.0,2.2,1.0476190476190477,1.2619047619047619,1.6428571428571428,1.2,0.6,1.0476190476190477,1.0476190476190477,1.380952380952381,1.5238095238095237,1.1428571428571428,1.7619047619047619,0.14285714285714285,0.23809523809523808,1.1523809523809525,12.240851576981052,11.982404859551654,4.089897574907331,10.84084795339368,1.9110438602179538,0.25844671742939856
pl-2024-2024-09-22-man-city-v-arsenal,2024-09-22,2024,Man City,Arsenal,2,2,1,0.4166666666666667,0.0,256.75988180011495,8,7,999,0,1.0,0,999,0,1.0,0,1,5,5.0,0.0,0.0,14.0,4.0,3.0,2.4523809523809526,2.5476190476190474,0.8809523809523809,2.8,0.8,2.5238095238095237,2.380952380952381,2.7142857142857144,0.8571428571428571,2.380952380952381,0.9047619047619048,0.3333333333333333,0.07142857142857142,0.5476190476190474,12.081220016024211,12.143417810494649,4.031721464172599,10.888120077877847,1.9508268784785745,-0.06219779447043728,4.0,1.0,0.0,8.0,2.0,2.6,2.357142857142857,2.3095238095238093,0.7142857142857143,1.6,0.4,2.4285714285714284,2.2857142857142856,2.4285714285714284,0.8095238095238095,2.1904761904761907,0.6190476190476191,0.5,0.11904761904761904,0.24285714285714288,12.240851576981052,11.982404859551654,4.089897574907331,10.84084795339368,1.9110438602179538,0.25844671742939856
pl-2024-2024-09-28-newcastle-v-man-city,2024-09-28,2024,Newcastle,Man City,1,1,1,0.25,0.0,170.21743081390886,7,6,999,0,1.0,0,999,0,1.0,0,3,1,3.0,1.0,1.0,7.0,6.0,2.0,1.627906976744186,2.13953488372093,1.5813953488372092,1.4,1.2,2.1904761904761907,1.0909090909090908,2.4761904761904763,1.0952380952380953,1.8181818181818181,2.0454545454545454,0.2558139534883721,0.11627906976744186,0.37209302325581395,12.081220016024211,12.143417810494649,4.031721464172599,10.888120077877847,1.9508268784785745,-0.06219779447043728,4.0,1.0,0.0,13.0,5.0,2.6,2.4186046511627906,2.5348837209302326,0.9069767441860465,2.6,1.0,2.4545454545454546,2.380952380952381,2.6818181818181817,0.9090909090909091,2.380952380952381,0.9047619047619048,0.32558139534883723,0.06976744186046512,0.18139534883720954,12.240851576981052,11.982404859551654,4.089897574907331,10.84084795339368,1.9110438602179538,0.25844671742939856
pl-2024-2024-09-28-arsenal-v-leicester,2024-09-28,2024,Arsenal,Leicester,4,2,2,1.0,0.0,137.7698476760741,6,7,999,0,1.0,0,999,0,1.0,0,5,0,3.0,2.0,0.0,8.0,3.0,2.2,2.3255813953488373,2.302325581395349,0.7441860465116279,1.6,0.6,2.4285714285714284,2.227272727272727,2.4285714285714284,0.8095238095238095,2.1818181818181817,0.6818181818181818,0.4883720930232558,0.11627906976744186,-0.12558139534883717,12.081220016024211,12.143417810494649,4.031721464172599,10.888120077877847,1.9508268784785745,-0.06219779447043728,0.0,3.0,2.0,6.0,8.0,0.6,0.6,1.2,1.6,1.2,1.6,0.6666666666666666,0.5,1.0,1.3333333333333333,1.5,2.0,0.0,0.0,0.0,12.240851576981052,11.982404859551654,4.089897574907331,10.84084795339368,1.9110438602179538,0.25844671742939856
pl-2024-2024-09-28-everton-v-crystal-palace,2024-09-28,2024,Everton,Crystal Palace,2,1,2,0.8571428571428571,0.0,299.37095119674154,7,7,999,0,1.0,0,999,0,1.0,0,3,3,0.0,1.0,4.0,5.0,14.0,0.2,1.1395348837209303,1.0465116279069768,1.5116279069767442,1.0,2.8,1.3333333333333333,0.9545454545454546,1.1428571428571428,1.1428571428571428,0.9545454545454546,1.8636363636363635,0.3023255813953488,0.32558139534883723,-0.9395348837209303,12.081220016024211,12.143417810494649,4.031721464172599,10.888120077877847,1.9508268784785745,-0.06219779447043728,0.0,3.0,2.0,4.0,7.0,0.6,1.2093023255813953,1.4186046511627908,1.5116279069767442,0.8,1.4,1.3636363636363635,1.0476190476190477,1.7727272727272727,1.3636363636363635,1.0476190476190477,1.6666666666666667,0.2558139534883721,0.20930232558139536,-0.6093023255813953,12.240851576981052,11.982404859551654,4.089897574907331,10.84084795339368,1.9110438602179538,0.25844671742939856
pl-2024-2024-09-28-chelsea-v-brighton,2024-09-28,2024,Chelsea,Brighton,4,2,2,0.5714285714285714,0.0,69.4613335293603,7,6,999,0,1.0,0,999,0,1.0,0,3,1,3.0,1.0,1.0,11.0,5.0,2.0,1.697674418604651,2.046511627906977,1.5813953488372092,2.2,1.0,1.8095238095238095,1.5909090909090908,2.142857142857143,1.380952380952381,1.9545454545454546,1.7727272727272727,0.23255813953488372,0.16279069767441862,0.30232558139534893,12.081220016024211,12.143417810494649,4.031721464172599,10.888120077877847,1.9508268784785745,-0.06219779447043728,2.0,3.0,0.0,8.0,4.0,1.8,1.3255813953488371,1.4651162790697674,1.5348837209302326,1.6,0.8,1.5909090909090908,1.0476190476190477,1.5454545454545454,1.3636363636363635,1.380952380952381,1.7142857142857142,0.18604651162790697,0.2558139534883721,0.4744186046511629,12.240851576981052,11.982404859551654,4.089897574907331,10.84084795339368,1.9110438602179538,0.25844671742939856
pl-2024-2024-09-28-brentford-v-west-ham,2024-09-28,2024,Brentford,West Ham,1,1,1,0.75,0.0,22.038150596322613,7,7,999,0,1.0,0,999,0,1.0,0,1,0,2.0,0.0,3.0,7.0,9.0,1.2,1.0465116279069768,1.4651162790697674,1.7209302325581395,1.4,1.8,1.3333333333333333,0.7727272727272727,1.619047619047619,1.7142857142857142,1.3181818181818181,1.7272727272727273,0.16279069767441862,0.20930232558139536,0.15348837209302313,12.081220016024211,12.143417810494649,4.031721464172599,10.888120077877847,1.9508268784785745,-0.06219779447043728,1.0,1.0,3.0,5.0,9.0,0.8,1.302325581395349,1.5116279069767442,1.930232558139535,1.0,1.8,1.3181818181818181,1.2857142857142858,1.5,1.6363636363636365,1.5238095238095237,2.238095238095238,0.13953488372093023,0.20930232558139536,-0.5023255813953489,12.240851576981052,11.982404859551654,4.089897574907331,10.84084795339368,1.9110438602179538,0.25844671742939856
pl-2024-2024-09-28-nott-m-forest-v-fulham,2024-09-28,2024,Nott'm Forest,Fulham,0,1,0,0.25,0.0,174.44521668544397,6,7,999,0,1.0,0,999,0,1.0,0,2,0,2.0,3.0,0.0,6.0,4.0,1.8,1.0465116279069768,1.2790697674418605,1.6511627906976745,1.2,0.8,1.0476190476190477,1.0454545454545454,1.380952380952381,1.5238095238095237,1.1818181818181819,1.7727272727272727,0.13953488372093023,0.23255813953488372,0.7534883720930232,12.081220016024211,12.143417810494649,4.031721464172599,10.888120077877847,1.9508268784785745,-0.06219779447043728,2.0,2.0,1.0,7.0,5.0,1.6,1.2790697674418605,1.441860465116279,1.5348837209302326,1.4,1.0,1.6363636363636365,0.9047619047619048,1.6818181818181819,1.2272727272727273,1.1904761904761905,1.8571428571428572,0.23255813953488372,0.32558139534883723,0.32093023255813957,12.240851576981052,11.982404859551654,4.089897574907331,10.84084795339368,1.9110438602179538,0.25844671742939856
pl-2024-2024-09-28-wolves-v-liverpool,2024-09-28,2024,Wolves,Liverpool,1,2,0,0.16666666666666666,0.0,108.96271895765787,7,7,999,0,1.0,0,999,0,1.0,0,0,3,0.0,1.0,4.0,5.0,14.0,0.2,1.0930232558139534,1.2790697674418605,1.8372093023255813,1.0,2.8,1.2857142857142858,0.9090909090909091,1.380952380952381,1.8095238095238095,1.1818181818181819,1.8636363636363635,0.11627906976744186,0.23255813953488372,-0.8930232558139535,12.081220016024211,12.143417810494649,4.031721464172599,10.888120077877847,1.9508268784785745,-0.06219779447043728,4.0,0.0,1.0,10.0,1.0,2.4,2.186046511627907,2.2325581395348837,0.9767441860465116,2.0,0.2,2.4545454545454546,1.9047619047619047,2.4545454545454546,0.8181818181818182,2.0,1.1428571428571428,0.32558139534883723,0.09302325581395349,0.21395348837209305,12.240851576981052,11.982404859551654,4.089897574907331,10.84084795339368,1.9110438602179538,0.25844671742939856
pl-2024-2024-09-29-ipswich-town-v-aston-villa,2024-09-29,2024,Ipswich Town,Aston Villa,2,2,1,0.5,0.0,213.25115607356,8,8,999,0,1.0,0,999,0,1.0,0,1,1,0.0,3.0,2.0,3.0,8.0,0.6,0.6,0.6,1.6,0.6,1.6,0.5,0.6666666666666666,0.5,1.5,0.6666666666666666,1.6666666666666667,0.2,0.4,0.0,12.081220016024211,12.143417810494649,4.031721464172599,10.888120077877847,1.9508268784785745,-0.06219779447043728,4.0,0.0,1.0,10.0,7.0,2.4,1.8604651162790697,2.0,1.5813953488372092,2.0,1.4,2.090909090909091,1.619047619047619,2.4545454545454546,1.5,1.5238095238095237,1.6666666666666667,0.18604651162790697,0.16279069767441862,0.5395348837209302,12.240851576981052,11.982404859551654,4.089897574907331,10.84084795339368,1.9110438602179538,0.25844671742939856
pl-2024-2024-09-29-man-united-v-tottenham,2024-09-29,2024,Man United,Tottenham,0,3,0,0.3333333333333333,0.0,255.66645513785016,8,8,999,0,1.0,0,999,0,1.0,0,3,1,2.0,1.0,2.0,5.0,5.0,1.4,1.558139534883721,1.441860465116279,1.4651162790697674,1.0,1.0,1.7142857142857142,1.4090909090909092,1.5238095238095237,1.4761904761904763,1.3636363636363635,1.4545454545454546,0.27906976744186046,0.2558139534883721,-0.15813953488372112,12.081220016024211,12.143417810494649,4.031721464172599,10.888120077877847,1.9508268784785745,-0.06219779447043728,2.0,1.0,2.0,9.0,5.0,1.4,1.697674418604651,1.930232558139535,1.5348837209302326,1.8,1.0,2.0454545454545454,1.3333333333333333,2.0454545454545454,1.3181818181818181,1.8095238095238095,1.7619047619047619,0.18604651162790697,0.11627906976744186,-0.29767441860465116,12.240851576981052,11.982404859551654,4.089897574907331,10.84084795339368,1.9110438602179538,0.25844671742939856
pl-2024-2024-09-30-bournemouth-v-southampton,2024-09-30,2024,Bournemouth,Southampton,3,1,2,1.0,0.0,34.398312345658766,9,9,999,0,1.0,0,999,0,1.0,0,2,0,1.0,2.0,2.0,5.0,8.0,1.0,1.2325581395348837,1.372093023255814,1.744186046511628,1.0,1.6,1.3333333333333333,1.1363636363636365,1.3333333333333333,1.4285714285714286,1.4090909090909092,2.0454545454545454,0.20930232558139536,0.20930232558139536,-0.2325581395348837,12.081220016024211,12.143417810494649,4.031721464172599,10.888120077877847,1.9508268784785745,-0.06219779447043728,0.0,1.0,4.0,2.0,9.0,0.2,0.2,0.4,1.8,0.4,1.8,0.3333333333333333,0.0,0.3333333333333333,1.6666666666666667,0.5,2.0,0.0,0.6,0.0,12.240851576981052,11.982404859551654,4.089897574907331,10.84084795339368,1.9110438602179538,0.25844671742939856
pl-2024-2024-10-05-crystal-palace-v-liverpool,2024-10-05,2024,Crystal Palace,Liverpool,0,1,0,0.4166666666666667,0.0,298.70905973346817,7,7,999,0,1.0,0,999,0,1.0,0,3,3,0.0,3.0,2.0,4.0,7.0,0.6,1.1818181818181819,1.4090909090909092,1.5227272727272727,0.8,1.4,1.3636363636363635,1.0,1.7727272727272727,1.3636363636363635,1.0454545454545454,1.6818181818181819,0.25,0.20454545454545456,-0.5818181818181819,12.081220016024211,12.143417810494649,4.031721464172599,10.888120077877847,1.9508268784785745,-0.06219779447043728,4.0,0.0,1.0,10.0,2.0,2.4,2.2045454545454546,2.227272727272727,0.9772727272727273,2.0,0.4,2.4545454545454546,1.9545454545454546,2.4545454545454546,0.8181818181818182,2.0,1.1363636363636365,0.3181818181818182,0.09090909090909091,0.19545454545454533,12.240851576981052,11.982404859551654,4.089897574907331,10.84084795339368,1.9110438602179538,0.25844671742939856
pl-2024-2024-10-05-arsenal-v-southampton,2024-10-05,2024,Arsenal,Southampton,3,1,2,1.0,0.0,118.32862003325089,7,5,999,0,1.0,0,999,0,1.0,0,5,0,3.0,2.0,0.0,10.0,5.0,2.2,2.340909090909091,2.340909090909091,0.7727272727272727,2.0,1.0,2.4545454545454546,2.227272727272727,2.5,0.8636363636363636,2.1818181818181817,0.6818181818181818,0.4772727272727273,0.11363636363636363,-0.14090909090909065,12.081220016024211,12.143417810494649,4.031721464172599,10.888120077877847,1.9508268784785745,-0.06219779447043728,0.0,1.0,4.0,3.0,11.0,0.2,0.16666666666666666,0.5,2.0,0.6,2.2,0.3333333333333333,0.0,0.3333333333333333,1.6666666666666667,0.6666666666666666,2.3333333333333335,0.0,0.5,0.033333333333333354,12.240851576981052,11.982404859551654,4.089897574907331,10.84084795339368,1.9110438602179538,0.25844671742939856
pl-2024-2024-10-05-west-ham-v-ipswich-town,2024-10-05,2024,West Ham,Ipswich Town,4,1,2,1.0,0.0,97.42519235422084,7,6,999,0,1.0,0,999,0,1.0,0,0,1,1.0,2.0,2.0,5.0,8.0,1.0,1.2954545454545454,1.5,1.9090909090909092,1.0,1.6,1.3181818181818181,1.2727272727272727,1.5,1.6363636363636365,1.5,2.1818181818181817,0.13636363636363635,0.20454545454545456,-0.2954545454545454,12.081220016024211,12.143417810494649,4.031721464172599,10.888120077877847,1.9508268784785745,-0.06219779447043728,0.0,4.0,1.0,5.0,8.0,0.8,0.6666666666666666,0.8333333333333334,1.6666666666666667,1.0,1.6,0.6666666666666666,0.6666666666666666,1.0,1.6666666666666667,0.6666666666666666,1.6666666666666667,0.16666666666666666,0.3333333333333333,0.13333333333333341,12.240851576981052,11.982404859551654,4.089897574907331,10.84084795339368,1.9110438602179538,0.25844671742939856
pl-2024-2024-10-05-everton-v-newcastle,2024-10-05,2024,Everton,Newcastle,0,0,1,0.6666666666666666,0.0,192.08985245034933,7,7,999,0,1.0,0,999,0,1.0,0,3,3,1.0,1.0,3.0,7.0,12.0,0.8,1.1818181818181819,1.0681818181818181,1.5,1.4,2.4,1.4090909090909092,0.9545454545454546,1.1818181818181819,1.1363636363636365,0.9545454545454546,1.8636363636363635,0.29545454545454547,0.3181818181818182,-0.38181818181818183,12.081220016024211,12.143417810494649,4.031721464172599,10.888120077877847,1.9508268784785745,-0.06219779447043728,2.0,2.0,1.0,7.0,7.0,1.6,1.6136363636363635,2.1136363636363638,1.5681818181818181,1.4,1.4,2.1363636363636362,1.0909090909090908,2.409090909090909,1.0909090909090908,1.8181818181818181,2.0454545454545454,0.25,0.11363636363636363,-0.013636363636363447,12.240851576981052,11.982404859551654,4.089897574907331,10.84084795339368,1.9110438602179538,0.25844671742939856
pl-2024-2024-10-05-man-city-v-fulham,2024-10-05,2024,Man City,Fulham,3,2,2,1.0,0.0,260.3920788240613,7,7,999,0,1.0,0,999,0,1.0,0,1,0,3.0,2.0,0.0,12.0,6.0,2.2,2.3863636363636362,2.5,0.9090909090909091,2.4,1.2,2.4545454545454546,2.3181818181818183,2.6818181818181817,0.9090909090909091,2.3181818181818183,0.9090909090909091,0.3181818181818182,0.06818181818181818,-0.18636363636363606,12.081220016024211,12.143417810494649,4.031721464172599,10.888120077877847,1.9508268784785745,-0.06219779447043728,3.0,2.0,0.0,8.0,4.0,2.2,1.3181818181818181,1.4318181818181819,1.5,1.6,0.8,1.6363636363636365,1.0,1.6818181818181819,1.2272727272727273,1.1818181818181819,1.7727272727272727,0.25,0.3181818181818182,0.8818181818181821,12.240851576981052,11.982404859551654,4.089897574907331,10.84084795339368,1.9110438602179538,0.25844671742939856
pl-2024-2024-10-05-brentford-v-wolves,2024-10-05,2024,Brentford,Wolves,5,3,2,0.6666666666666666,0.0,175.26099274206268,7,7,999,0,1.0,0,999,0,1.0,0,1,0,1.0,1.0,3.0,6.0,9.0,0.8,1.0454545454545454,1.4545454545454546,1.7045454545454546,1.2,1.8,1.3181818181818181,0.7727272727272727,1.5909090909090908,1.6818181818181819,1.3181818181818181,1.7272727272727273,0.1590909090909091,0.20454545454545456,-0.24545454545454537,12.081220016024211,12.143417810494649,4.031721464172599,10.888120077877847,1.9508268784785745,-0.06219779447043728,0.0,1.0,4.0,6.0,14.0,0.2,1.0681818181818181,1.2727272727272727,1.8409090909090908,1.2,2.8,1.2272727272727273,0.9090909090909091,1.3636363636363635,1.8181818181818181,1.1818181818181819,1.8636363636363635,0.11363636363636363,0.22727272727272727,-0.8681818181818182,12.240851576981052,11.982404859551654,4.089897574907331,10.84084795339368,1.9110438602179538,0.25844671742939856
pl-2024-2024-10-05-leicester-v-bournemouth,2024-10-05,2024,Leicester,Bournemouth,1,0,2,0.5,0.0,215.02315816014845,7,5,999,0,1.0,0,999,0,1.0,0,0,2,0.0,2.0,3.0,7.0,11.0,0.4,0.5,1.3333333333333333,2.0,1.4,2.2,0.6666666666666666,0.3333333333333333,1.0,1.3333333333333333,1.6666666666666667,2.6666666666666665,0.0,0.0,-0.09999999999999998,12.081220016024211,12.143417810494649,4.031721464172599,10.888120077877847,1.9508268784785745,-0.06219779447043728,2.0,1.0,2.0,7.0,8.0,1.4,1.2727272727272727,1.4090909090909092,1.7272727272727273,1.4,1.6,1.4090909090909092,1.1363636363636365,1.4090909090909092,1.4090909090909092,1.4090909090909092,2.0454545454545454,0.20454545454545456,0.20454545454545456,0.1272727272727272,12.240851576981052,11.982404859551654,4.089897574907331,10.84084795339368,1.9110438602179538,0.25844671742939856
pl-2024-2024-10-06-chelsea-v-nott-m-forest,2024-10-06,2024,Chelsea,Nott'm Forest,1,1,1,0.5833333333333334,0.0,174.46140029574008,8,8,999,0,1.0,0,999,0,1.0,0,3,2,4.0,1.0,0.0,15.0,5.0,2.6,1.7272727272727273,2.090909090909091,1.5909090909090908,3.0,1.0,1.8636363636363635,1.5909090909090908,2.227272727272727,1.4090909090909092,1.9545454545454546,1.7727272727272727,0.22727272727272727,0.1590909090909091,0.8727272727272728,12.081220016024211,12.143417810494649,4.031721464172599,10.888120077877847,1.9508268784785745,-0.06219779447043728,2.0,2.0,1.0,5.0,4.0,1.6,1.0227272727272727,1.25,1.6363636363636365,1.0,0.8,1.0,1.0454545454545454,1.3181818181818181,1.5,1.1818181818181819,1.7727272727272727,0.13636363636363635,0.25,0.5772727272727274,12.240851576981052,11.982404859551654,4.089897574907331,10.84084795339368,1.9110438602179538,0.25844671742939856
pl-2024-2024-10-06-aston-villa-v-man-united,2024-10-06,2024,Aston Villa,Man United,0,0,1,0.25,0.0,109.50563181754711,7,7,999,0,1.0,0,999,0,1.0,0,1,3,3.0,1.0,1.0,10.0,8.0,2.0,1.8409090909090908,2.0,1.5909090909090908,2.0,1.6,2.090909090909091,1.5909090909090908,2.4545454545454546,1.5,1.5454545454545454,1.6818181818181819,0.18181818181818182,0.1590909090909091,0.15909090909090917,12.081220016024211,12.143417810494649,4.031721464172599,10.888120077877847,1.9508268784785745,-0.06219779447043728,1.0,1.0,3.0,4.0,8.0,0.8,1.5227272727272727,1.4090909090909092,1.5,0.8,1.6,1.6363636363636365,1.4090909090909092,1.4545454545454546,1.5454545454545454,1.3636363636363635,1.4545454545454546,0.2727272727272727,0.2727272727272727,-0.7227272727272727,12.240851576981052,11.982404859551654,4.089897574907331,10.84084795339368,1.9110438602179538,0.25844671742939856
pl-2024-2024-10-06-brighton-v-tottenham,2024-10-06,2024,Brighton,Tottenham,3,2,2,0.6666666666666666,0.0,82.62630823994282,8,7,999,0,1.0,0,999,0,1.0,0,1,1,1.0,3.0,1.0,7.0,8.0,1.2,1.2954545454545454,1.4772727272727273,1.5909090909090908,1.4,1.6,1.5909090909090908,1.0,1.5454545454545454,1.3636363636363635,1.4090909090909092,1.8181818181818181,0.18181818181818182,0.25,-0.09545454545454546,12.081220016024211,12.143417810494649,4.031721464172599,10.888120077877847,1.9508268784785745,-0.06219779447043728,3.0,0.0,2.0,11.0,4.0,1.8,1.7272727272727273,1.9545454545454546,1.5,2.2,0.8,2.0454545454545454,1.4090909090909092,2.0454545454545454,1.3181818181818181,1.8636363636363635,1.6818181818181819,0.20454545454545456,0.11363636363636363,0.07272727272727275,12.240851576981052,11.982404859551654,4.089897574907331,10.84084795339368,1.9110438602179538,0.25844671742939856
pl-2024-2024-10-19-ipswich-town-v-everton,2024-10-19,2024,Ipswich Town,Everton,0,2,0,0.16666666666666666,0.0,317.4994578947388,14,14,999,0,1.0,0,999,0,1.0,0,1,3,0.0,4.0,1.0,5.0,8.0,0.8,0.5714285714285714,0.8571428571428571,2.0,1.0,1.6,0.6666666666666666,0.5,1.0,1.6666666666666667,0.75,2.25,0.14285714285714285,0.2857142857142857,0.22857142857142865,12.081220016024211,12.143417810494649,4.031721464172599,10.888120077877847,1.9508268784785745,-0.06219779447043728,1.0,2.0,2.0,7.0,8.0,1.0,1.1777777777777778,1.0444444444444445,1.4666666666666666,1.4,1.6,1.391304347826087,0.9545454545454546,1.1304347826086956,1.0869565217391304,0.9545454545454546,1.8636363636363635,0.3111111111111111,0.3333333333333333,-0.1777777777777778,12.240851576981052,11.982404859551654,4.089897574907331,10.84084795339368,1.9110438602179538,0.25844671742939856
pl-2024-2024-10-19-man-united-v-brentford,2024-10-19,2024,Man United,Brentford,2,1,2,0.5833333333333334,0.0,257.6448222780316,13,14,999,0,1.0,0,999,0,1.0,0,3,1,1.0,2.0,2.0,3.0,6.0,1.0,1.511111111111111,1.3777777777777778,1.4666666666666666,0.6,1.2,1.6363636363636365,1.391304347826087,1.4545454545454546,1.5454545454545454,1.3043478260869565,1.391304347826087,0.28888888888888886,0.28888888888888886,-0.5111111111111111,12.081220016024211,12.143417810494649,4.031721464172599,10.888120077877847,1.9508268784785745,-0.06219779447043728,2.0,1.0,2.0,11.0,10.0,1.4,1.0888888888888888,1.5333333333333334,1.7333333333333334,2.2,2.0,1.391304347826087,0.7727272727272727,1.7391304347826086,1.7391304347826086,1.3181818181818181,1.7272727272727273,0.15555555555555556,0.2,0.3111111111111111,12.240851576981052,11.982404859551654,4.089897574907331,10.84084795339368,1.9110438602179538,0.25844671742939856
pl-2024-2024-10-19-bournemouth-v-arsenal,2024-10-19,2024,Bournemouth,Arsenal,2,0,2,0.5,0.0,151.49081108484273,14,14,999,0,1.0,0,999,0,1.0,0,2,5,2.0,0.0,3.0,6.0,8.0,1.2,1.2444444444444445,1.3777777777777778,1.711111111111111,1.2,1.6,1.4090909090909092,1.0869565217391304,1.4090909090909092,1.4090909090909092,1.3478260869565217,2.0,0.2,0.2222222222222222,-0.04444444444444451,12.081220016024211,12.143417810494649,4.031721464172599,10.888120077877847,1.9508268784785745,-0.06219779447043728,3.0,2.0,0.0,11.0,6.0,2.2,2.3555555555555556,2.3555555555555556,0.7777777777777778,2.2,1.2,2.4782608695652173,2.227272727272727,2.5217391304347827,0.8695652173913043,2.1818181818181817,0.6818181818181818,0.4666666666666667,0.1111111111111111,-0.15555555555555545,12.240851576981052,11.982404859551654,4.089897574907331,10.84084795339368,1.9110438602179538,0.25844671742939856
pl-2024-2024-10-19-newcastle-v-brighton,2024-10-19,2024,Newcastle,Brighton,0,1,0,0.3333333333333333,0.0,468.80022223251495,14,13,999,0,1.0,0,999,0,1.0,0,3,1,2.0,2.0,1.0,6.0,6.0,1.6,1.6,2.066666666666667,1.5333333333333334,1.2,1.2,2.1363636363636362,1.0869565217391304,2.409090909090909,1.0909090909090908,1.7391304347826086,1.9565217391304348,0.26666666666666666,0.13333333333333333,0.0,12.081220016024211,12.143417810494649,4.031721464172599,10.888120077877847,1.9508268784785745,-0.06219779447043728,1.0,3.0,1.0,8.0,9.0,1.2,1.3333333333333333,1.511111111111111,1.6,1.6,1.8,1.6521739130434783,1.0,1.608695652173913,1.391304347826087,1.4090909090909092,1.8181818181818181,0.17777777777777778,0.24444444444444444,-0.1333333333333333,12.240851576981052,11.982404859551654,4.089897574907331,10.84084795339368,1.9110438602179538,0.25844671742939856
pl-2024-2024-10-19-southampton-v-leicester,2024-10-19,2024,Southampton,Leicester,2,3,0,0.0,0.0,196.34151640886304,14,14,999,0,1.0,0,999,0,1.0,0,0,0,0.0,1.0,4.0,4.0,13.0,0.2,0.14285714285714285,0.5714285714285714,2.142857142857143,0.8,2.6,0.3333333333333333,0.0,0.3333333333333333,1.6666666666666667,0.75,2.5,0.0,0.42857142857142855,0.05714285714285716,12.081220016024211,12.143417810494649,4.031721464172599,10.888120077877847,1.9508268784785745,-0.06219779447043728,1.0,2.0,2.0,7.0,9.0,1.0,0.8571428571428571,1.2857142857142858,1.7142857142857142,1.4,1.8,1.25,0.3333333333333333,1.0,1.0,1.6666666666666667,2.6666666666666665,0.14285714285714285,0.0,0.1428571428571429,12.240851576981052,11.982404859551654,4.089897574907331,10.84084795339368,1.9110438602179538,0.25844671742939856
pl-2024-2024-10-19-fulham-v-aston-villa,2024-10-19,2024,Fulham,Aston Villa,1,3,0,0.16666666666666666,0.0,161.8578264509525,14,13,999,0,1.0,0,999,0,1.0,0,0,1,2.0,2.0,1.0,8.0,6.0,1.6,1.288888888888889,1.4444444444444444,1.5333333333333334,1.6,1.2,1.6363636363636365,0.9565217391304348,1.6818181818181819,1.2272727272727273,1.2173913043478262,1.826086956521739,0.24444444444444444,0.3111111111111111,0.3111111111111111,12.081220016024211,12.143417810494649,4.031721464172599,10.888120077877847,1.9508268784785745,-0.06219779447043728,3.0,2.0,0.0,10.0,6.0,2.2,1.8222222222222222,1.9555555555555555,1.5555555555555556,2.0,1.2,2.0434782608695654,1.5909090909090908,2.347826086956522,1.434782608695652,1.5454545454545454,1.6818181818181819,0.2,0.17777777777777778,0.377777777777778,12.240851576981052,11.982404859551654,4.089897574907331,10.84084795339368,1.9110438602179538,0.25844671742939856
pl-2024-2024-10-19-tottenham-v-west-ham,2024-10-19,2024,Tottenham,West Ham,4,1,2,0.5,0.0,9.184552287614396,13,14,999,0,1.0,0,999,0,1.0,0,1,0,2.0,0.0,3.0,9.0,7.0,1.2,1.6888888888888889,1.9555555555555555,1.5333333333333334,1.8,1.4,2.0454545454545454,1.3478260869565217,2.0454545454545454,1.3181818181818181,1.8695652173913044,1.7391304347826086,0.2,0.1111111111111111,-0.48888888888888893,12.081220016024211,12.143417810494649,4.031721464172599,10.888120077877847,1.9508268784785745,-0.06219779447043728,1.0,2.0,2.0,7.0,9.0,1.0,1.3333333333333333,1.5555555555555556,1.8888888888888888,1.4,1.8,1.391304347826087,1.2727272727272727,1.608695652173913,1.608695652173913,1.5,2.1818181818181817,0.13333333333333333,0.2,-0.33333333333333326,12.240851576981052,11.982404859551654,4.089897574907331,10.84084795339368,1.9110438602179538,0.25844671742939856
pl-2024-2024-10-20-wolves-v-man-city,2024-10-20,2024,Wolves,Man City,1,2,0,0.16666666666666666,0.0,99.40729814153049,15,15,999,0,1.0,0,999,0,1.0,0,0,1,0.0,1.0,4.0,7.0,13.0,0.2,1.0444444444444445,1.3111111111111111,1.9111111111111112,1.4,2.6,1.2272727272727273,0.8695652173913043,1.3636363636363635,1.8181818181818181,1.2608695652173914,2.0,0.1111111111111111,0.2222222222222222,-0.8444444444444446,12.081220016024211,12.143417810494649,4.031721464172599,10.888120077877847,1.9508268784785745,-0.06219779447043728,3.0,2.0,0.0,11.0,7.0,2.2,2.4,2.511111111111111,0.9333333333333333,2.2,1.4,2.4782608695652173,2.3181818181818183,2.6956521739130435,0.9565217391304348,2.3181818181818183,0.9090909090909091,0.3111111111111111,0.06666666666666667,-0.19999999999999973,12.240851576981052,11.982404859551654,4.089897574907331,10.84084795339368,1.9110438602179538,0.25844671742939856
pl-2024-2024-10-20-liverpool-v-chelsea,2024-10-20,2024,Liverpool,Chelsea,2,1,2,0.5,0.0,286.87429172934014,15,14,999,0,1.0,0,999,0,1.0,0,3,3,4.0,0.0,1.0,9.0,2.0,2.4,2.2222222222222223,2.2,0.9555555555555556,1.8,0.4,2.4545454545454546,2.0,2.4545454545454546,0.8181818181818182,1.9565217391304348,1.0869565217391304,0.3333333333333333,0.08888888888888889,0.1777777777777776,12.081220016024211,12.143417810494649,4.031721464172599,10.888120077877847,1.9508268784785745,-0.06219779447043728,3.0,2.0,0.0,10.0,4.0,2.2,1.711111111111111,2.066666666666667,1.5777777777777777,2.0,0.8,1.826086956521739,1.5909090909090908,2.1739130434782608,1.391304347826087,1.9545454545454546,1.7727272727272727,0.2222222222222222,0.15555555555555556,0.48888888888888915,12.240851576981052,11.982404859551654,4.089897574907331,10.84084795339368,1.9110438602179538,0.25844671742939856
pl-2024-2024-10-21-nott-m-forest-v-crystal-palace,2024-10-21,2024,Nott'm Forest,Crystal Palace,1,0,2,0.5833333333333334,0.0,185.8364575508245,15,16,999,0,1.0,0,999,0,1.0,0,2,3,1.0,3.0,1.0,5.0,5.0,1.2,1.0222222222222221,1.2444444444444445,1.6222222222222222,1.0,1.0,1.0,1.0434782608695652,1.3181818181818181,1.5,1.173913043478261,1.7391304347826086,0.13333333333333333,0.24444444444444444,0.1777777777777778,12.081220016024211,12.143417810494649,4.031721464172599,10.888120077877847,1.9508268784785745,-0.06219779447043728,0.0,3.0,2.0,4.0,6.0,0.6,1.1555555555555554,1.3777777777777778,1.511111111111111,0.8,1.2,1.3043478260869565,1.0,1.6956521739130435,1.3478260869565217,1.0454545454545454,1.6818181818181819,0.24444444444444444,0.2222222222222222,-0.5555555555555555,12.240851576981052,11.982404859551654,4.089897574907331,10.84084795339368,1.9110438602179538,0.25844671742939856
pl-2024-2024-10-25-leicester-v-nott-m-forest,2024-10-25,2024,Leicester,Nott'm Forest,1,3,0,0.25,0.0,35.58396566795984,6,4,999,0,1.0,0,999,0,1.0,0,0,2,2.0,2.0,1.0,9.0,9.0,1.6,1.125,1.5,1.75,1.8,1.8,1.25,1.0,1.0,1.0,2.0,2.5,0.125,0.0,0.4750000000000001,12.081220016024211,12.143417810494649,4.031721464172599,10.888120077877847,1.9508268784785745,-0.06219779447043728,2.0,2.0,1.0,5.0,4.0,1.6,1.065217391304348,1.2391304347826086,1.5869565217391304,1.0,0.8,1.0869565217391304,1.0434782608695652,1.3043478260869565,1.434782608695652,1.173913043478261,1.7391304347826086,0.15217391304347827,0.2391304347826087,0.5347826086956522,12.240851576981052,11.982404859551654,4.089897574907331,10.84084795339368,1.9110438602179538,0.25844671742939856
pl-2024-2024-10-26-man-city-v-southampton,2024-10-26,2024,Man City,Southampton,1,0,2,0.75,0.0,296.7216064943022,6,7,999,0,1.0,0,999,0,1.0,0,1,0,3.0,2.0,0.0,10.0,7.0,2.2,2.4130434782608696,2.5,0.9347826086956522,2.0,1.4,2.4782608695652173,2.347826086956522,2.6956521739130435,0.9565217391304348,2.3043478260869565,0.9130434782608695,0.30434782608695654,0.06521739130434782,-0.21304347826086945,12.081220016024211,12.143417810494649,4.031721464172599,10.888120077877847,1.9508268784785745,-0.06219779447043728,0.0,1.0,4.0,5.0,13.0,0.2,0.125,0.75,2.25,1.0,2.6,0.25,0.0,0.75,2.0,0.75,2.5,0.0,0.375,0.07500000000000001,12.240851576981052,11.982404859551654,4.089897574907331,10.84084795339368,1.9110438602179538,0.25844671742939856
pl-2024-2024-10-26-brighton-v-wolves,2024-10-26,2024,Brighton,Wolves,2,2,1,0.75,0.0,238.39269471328316,7,6,999,0,1.0,0,999,0,1.0,0,1,0,2.0,2.0,1.0,8.0,8.0,1.6,1.3695652173913044,1.5,1.565217391304348,1.6,1.6,1.6521739130434783,1.0869565217391304,1.608695652173913,1.391304347826087,1.391304347826087,1.7391304347826086,0.1956521739130435,0.2391304347826087,0.23043478260869565,12.081220016024211,12.143417810494649,4.031721464172599,10.888120077877847,1.9508268784785745,-0.06219779447043728,0.0,0.0,5.0,7.0,14.0,0.0,1.0217391304347827,1.3043478260869565,1.9130434782608696,1.4,2.8,1.173913043478261,0.8695652173913043,1.3478260869565217,1.826086956521739,1.2608695652173914,2.0,0.10869565217391304,0.21739130434782608,-1.0217391304347827,12.240851576981052,11.982404859551654,4.089897574907331,10.84084795339368,1.9110438602179538,0.25844671742939856
pl-2024-2024-10-26-brentford-v-ipswich-town,2024-10-26,2024,Brentford,Ipswich Town,4,3,2,1.0,0.0,118.07092999186067,7,7,999,0,1.0,0,999,0,1.0,0,1,1,1.0,1.0,3.0,9.0,11.0,0.8,1.065217391304348,1.5217391304347827,1.7391304347826086,1.8,2.2,1.391304347826087,0.7391304347826086,1.7391304347826086,1.7391304347826086,1.3043478260869565,1.7391304347826086,0.15217391304347827,0.1956521739130435,-0.26521739130434785,12.081220016024211,12.143417810494649,4.031721464172599,10.888120077877847,1.9508268784785745,-0.06219779447043728,0.0,3.0,2.0,4.0,9.0,0.6,0.5,0.75,2.0,0.8,1.8,0.5,0.5,0.75,1.75,0.75,2.25,0.125,0.375,0.09999999999999998,12.240851576981052,11.982404859551654,4.089897574907331,10.84084795339368,1.9110438602179538,0.25844671742939856
pl-2024-2024-10-26-aston-villa-v-bournemouth,2024-10-26,2024,Aston Villa,Bournemouth,1,1,1,0.75,0.0,197.28647065983924,7,7,999,0,1.0,0,999,0,1.0,0,1,2,3.0,2.0,0.0,11.0,6.0,2.2,1.8478260869565217,1.9782608695652173,1.5434782608695652,2.2,1.2,2.0434782608695654,1.6521739130434783,2.347826086956522,1.434782608695652,1.608695652173913,1.6521739130434783,0.1956521739130435,0.17391304347826086,0.35217391304347845,12.081220016024211,12.143417810494649,4.031721464172599,10.888120077877847,1.9508268784785745,-0.06219779447043728,2.0,0.0,3.0,5.0,6.0,1.2,1.2826086956521738,1.391304347826087,1.673913043478261,1.0,1.2,1.4782608695652173,1.0869565217391304,1.434782608695652,1.3478260869565217,1.3478260869565217,2.0,0.21739130434782608,0.21739130434782608,-0.08260869565217388,12.240851576981052,11.982404859551654,4.089897574907331,10.84084795339368,1.9110438602179538,0.25844671742939856
pl-2024-2024-10-26-everton-v-fulham,2024-10-26,2024,Everton,Fulham,1,1,1,0.6666666666666666,0.0,286.81320916405326,7,7,999,0,1.0,0,999,0,1.0,0,3,0,2.0,2.0,1.0,7.0,5.0,1.6,1.2173913043478262,1.065217391304348,1.434782608695652,1.4,1.0,1.391304347826087,1.0434782608695652,1.1304347826086956,1.0869565217391304,1.0,1.7826086956521738,0.32608695652173914,0.32608695652173914,0.3826086956521739,12.081220016024211,12.143417810494649,4.031721464172599,10.888120077877847,1.9508268784785745,-0.06219779447043728,2.0,1.0,2.0,8.0,8.0,1.4,1.2608695652173914,1.434782608695652,1.565217391304348,1.6,1.6,1.565217391304348,0.9565217391304348,1.6521739130434783,1.3043478260869565,1.2173913043478262,1.826086956521739,0.2391304347826087,0.30434782608695654,0.13913043478260856,12.240851576981052,11.982404859551654,4.089897574907331,10.84084795339368,1.9110438602179538,0.25844671742939856
pl-2024-2024-10-27-west-ham-v-man-united,2024-10-27,2024,West Ham,Man United,2,1,2,0.6666666666666666,0.0,264.8392292446106,8,8,999,0,1.0,0,999,0,1.0,0,0,3,1.0,2.0,2.0,7.0,10.0,1.0,1.3043478260869565,1.5434782608695652,1.934782608695652,1.4,2.0,1.391304347826087,1.2173913043478262,1.608695652173913,1.608695652173913,1.4782608695652173,2.260869565217391,0.13043478260869565,0.1956521739130435,-0.30434782608695654,12.081220016024211,12.143417810494649,4.031721464172599,10.888120077877847,1.9508268784785745,-0.06219779447043728,2.0,2.0,1.0,5.0,4.0,1.6,1.5434782608695652,1.391304347826087,1.4565217391304348,1.0,0.8,1.6956521739130435,1.391304347826087,1.4782608695652173,1.5217391304347827,1.3043478260869565,1.391304347826087,0.2826086956521739,0.2826086956521739,0.0565217391304349,12.240851576981052,11.982404859551654,4.089897574907331,10.84084795339368,1.9110438602179538,0.25844671742939856
pl-2024-2024-10-27-chelsea-v-newcastle,2024-10-27,2024,Chelsea,Newcastle,2,1,2,0.4166666666666667,0.0,399.7644024201057,7,8,999,0,1.0,0,999,0,1.0,0,3,3,3.0,1.0,1.0,10.0,5.0,2.0,1.673913043478261,2.0434782608695654,1.5869565217391304,2.0,1.0,1.826086956521739,1.5217391304347827,2.1739130434782608,1.391304347826087,1.9130434782608696,1.7826086956521738,0.21739130434782608,0.15217391304347827,0.326086956521739,12.081220016024211,12.143417810494649,4.031721464172599,10.888120077877847,1.9508268784785745,-0.06219779447043728,1.0,2.0,2.0,4.0,6.0,1.0,1.565217391304348,2.0217391304347827,1.5217391304347827,0.8,1.2,2.0434782608695654,1.0869565217391304,2.3043478260869565,1.0869565217391304,1.7391304347826086,1.9565217391304348,0.2608695652173913,0.15217391304347827,-0.5652173913043479,12.240851576981052,11.982404859551654,4.089897574907331,10.84084795339368,1.9110438602179538,0.25844671742939856
pl-2024-2024-10-27-crystal-palace-v-tottenham,2024-10-27,2024,Crystal Palace,Tottenham,1,0,2,0.5,0.0,22.94795034785152,6,8,999,0,1.0,0,999,0,1.0,0,3,1,0.0,2.0,3.0,3.0,6.0,0.4,1.1304347826086956,1.3478260869565217,1.5,0.6,1.2,1.3043478260869565,0.9565217391304348,1.6956521739130435,1.3478260869565217,1.0,1.6521739130434783,0.2391304347826087,0.2391304347826087,-0.7304347826086955,12.081220016024211,12.143417810494649,4.031721464172599,10.888120077877847,1.9508268784785745,-0.06219779447043728,3.0,0.0,2.0,12.0,6.0,1.8,1.7173913043478262,2.0,1.5217391304347827,2.4,1.2,2.0869565217391304,1.3478260869565217,2.130434782608696,1.3043478260869565,1.8695652173913044,1.7391304347826086,0.1956521739130435,0.10869565217391304,0.08260869565217388,12.240851576981052,11.982404859551654,4.089897574907331,10.84084795339368,1.9110438602179538,0.25844671742939856
pl-2024-2024-10-27-arsenal-v-liverpool,2024-10-27,2024,Arsenal,Liverpool,2,2,1,0.5,0.0,284.40571513290473,8,7,999,0,1.0,0,999,0,1.0,0,5,3,3.0,1.0,1.0,10.0,7.0,2.0,2.3043478260869565,2.3043478260869565,0.8043478260869565,2.0,1.4,2.4782608695652173,2.130434782608696,2.5217391304347827,0.8695652173913043,2.0869565217391304,0.7391304347826086,0.45652173913043476,0.13043478260869565,-0.30434782608695654,12.081220016024211,12.143417810494649,4.031721464172599,10.888120077877847,1.9508268784785745,-0.06219779447043728,4.0,0.0,1.0,8.0,3.0,2.4,2.239130434782609,2.1956521739130435,0.9565217391304348,1.6,0.6,2.4782608695652173,2.0,2.4347826086956523,0.8260869565217391,1.9565217391304348,1.0869565217391304,0.32608695652173914,0.08695652173913043,0.16086956521739104,12.240851576981052,11.982404859551654,4.089897574907331,10.84084795339368,1.9110438602179538,0.25844671742939856
pl-2024-2024-11-02-newcastle-v-arsenal,2024-11-02,2024,Newcastle,Arsenal,1,0,2,0.3333333333333333,0.0,393.0491582554326,6,6,999,0,1.0,0,999,0,1.0,0,3,5,0.0,2.0,3.0,3.0,7.0,0.4,1.5319148936170213,2.0,1.5319148936170213,0.6,1.4,2.0434782608695654,1.0416666666666667,2.3043478260869565,1.0869565217391304,1.7083333333333333,1.9583333333333333,0.2553191489361702,0.14893617021276595,-1.1319148936170214,12.081220016024211,12.143417810494649,4.031721464172599,10.888120077877847,1.9508268784785745,-0.06219779447043728,2.0,2.0,1.0,11.0,9.0,1.6,2.276595744680851,2.297872340425532,0.8297872340425532,2.2,1.8,2.4166666666666665,2.130434782608696,2.5,0.9166666666666666,2.0869565217391304,0.7391304347826086,0.44680851063829785,0.1276595744680851,-0.676595744680851,12.240851576981052,11.982404859551654,4.089897574907331,10.84084795339368,1.9110438602179538,0.25844671742939856
pl-2024-2024-11-02-bournemouth-v-man-city,2024-11-02,2024,Bournemouth,Man City,2,1,2,0.21428571428571427,0.0,306.5609339714869,7,7,999,0,1.0,0,999,0,1.0,0,2,1,2.0,1.0,2.0,6.0,6.0,1.4,1.2765957446808511,1.3829787234042554,1.6595744680851063,1.2,1.2,1.4782608695652173,1.0833333333333333,1.434782608695652,1.3478260869565217,1.3333333333333333,1.9583333333333333,0.2127659574468085,0.2127659574468085,0.12340425531914878,12.081220016024211,12.143417810494649,4.031721464172599,10.888120077877847,1.9508268784785745,-0.06219779447043728,3.0,2.0,0.0,9.0,6.0,2.2,2.425531914893617,2.4680851063829787,0.9148936170212766,1.8,1.2,2.5,2.347826086956522,2.625,0.9166666666666666,2.3043478260869565,0.9130434782608695,0.3191489361702128,0.06382978723404255,-0.225531914893617,12.240851576981052,11.982404859551654,4.089897574907331,10.84084795339368,1.9110438602179538,0.25844671742939856
pl-2024-2024-11-02-liverpool-v-brighton,2024-11-02,2024,Liverpool,Brighton,2,1,2,0.5833333333333334,0.0,346.8724652187919,6,7,999,0,1.0,0,999,0,1.0,0,3,1,4.0,1.0,0.0,10.0,4.0,2.6,2.2127659574468086,2.1914893617021276,0.9787234042553191,2.0,0.8,2.4782608695652173,1.9583333333333333,2.4347826086956523,0.8260869565217391,1.9583333333333333,1.125,0.3191489361702128,0.0851063829787234,0.3872340425531915,12.081220016024211,12.143417810494649,4.031721464172599,10.888120077877847,1.9508268784785745,-0.06219779447043728,2.0,2.0,1.0,10.0,10.0,1.6,1.3617021276595744,1.5106382978723405,1.574468085106383,2.0,2.0,1.625,1.0869565217391304,1.625,1.4166666666666667,1.391304347826087,1.7391304347826086,0.19148936170212766,0.23404255319148937,0.23829787234042565,12.240851576981052,11.982404859551654,4.089897574907331,10.84084795339368,1.9110438602179538,0.25844671742939856
pl-2024-2024-11-02-southampton-v-everton,2024-11-02,2024,Southampton,Everton,1,0,2,0.5,0.0,306.12073102637584,7,7,999,0,1.0,0,999,0,1.0,0,0,3,0.0,1.0,4.0,5.0,11.0,0.2,0.1111111111111111,0.6666666666666666,2.111111111111111,1.0,2.2,0.25,0.0,0.75,2.0,0.6,2.2,0.0,0.4444444444444444,0.0888888888888889,12.081220016024211,12.143417810494649,4.031721464172599,10.888120077877847,1.9508268784785745,-0.06219779447043728,2.0,3.0,0.0,6.0,3.0,1.8,1.2127659574468086,1.0638297872340425,1.425531914893617,1.2,0.6,1.375,1.0434782608695652,1.125,1.0833333333333333,1.0,1.7826086956521738,0.3191489361702128,0.3191489361702128,0.5872340425531914,12.240851576981052,11.982404859551654,4.089897574907331,10.84084795339368,1.9110438602179538,0.25844671742939856
pl-2024-2024-11-02-ipswich-town-v-leicester,2024-11-02,2024,Ipswich Town,Leicester,1,1,1,0.25,0.0,168.60037058293028,7,8,999,0,1.0,0,999,0,1.0,0,1,0,0.0,2.0,3.0,7.0,13.0,0.4,0.4444444444444444,1.0,2.2222222222222223,1.4,2.6,0.5,0.4,0.75,1.75,1.2,2.6,0.1111111111111111,0.3333333333333333,-0.0444444444444444,12.081220016024211,12.143417810494649,4.031721464172599,10.888120077877847,1.9508268784785745,-0.06219779447043728,2.0,1.0,2.0,8.0,10.0,1.4,1.0,1.4444444444444444,1.8888888888888888,1.6,2.0,1.0,1.0,1.0,1.4,2.0,2.5,0.1111111111111111,0.0,0.3999999999999999,12.240851576981052,11.982404859551654,4.089897574907331,10.84084795339368,1.9110438602179538,0.25844671742939856
pl-2024-2024-11-02-nott-m-forest-v-west-ham,2024-11-02,2024,Nott'm Forest,West Ham,3,0,2,0.6666666666666666,0.0,174.4432978486183,8,6,999,0,1.0,0,999,0,1.0,0,2,0,2.0,2.0,1.0,7.0,5.0,1.6,1.1063829787234043,1.2765957446808511,1.574468085106383,1.4,1.0,1.0869565217391304,1.125,1.3043478260869565,1.434782608695652,1.25,1.7083333333333333,0.14893617021276595,0.23404255319148937,0.4936170212765958,12.081220016024211,12.143417810494649,4.031721464172599,10.888120077877847,1.9508268784785745,-0.06219779447043728,2.0,1.0,2.0,8.0,10.0,1.4,1.3404255319148937,1.553191489361702,1.9148936170212767,1.6,2.0,1.4583333333333333,1.2173913043478262,1.625,1.5833333333333333,1.4782608695652173,2.260869565217391,0.1276595744680851,0.19148936170212766,0.05957446808510625,12.240851576981052,11.982404859551654,4.089897574907331,10.84084795339368,1.9110438602179538,0.25844671742939856
pl-2024-2024-11-02-wolves-v-crystal-palace,2024-11-02,2024,Wolves,Crystal Palace,2,2,1,0.08333333333333333,0.0,192.73796502396291,7,6,999,0,1.0,0,999,0,1.0,0,0,3,0.0,1.0,4.0,8.0,14.0,0.2,1.0212765957446808,1.3191489361702127,1.9148936170212767,1.6,2.8,1.173913043478261,0.875,1.3478260869565217,1.826086956521739,1.2916666666666667,2.0,0.10638297872340426,0.2127659574468085,-0.8212765957446808,12.081220016024211,12.143417810494649,4.031721464172599,10.888120077877847,1.9508268784785745,-0.06219779447043728,1.0,1.0,3.0,2.0,4.0,0.8,1.1702127659574468,1.3404255319148937,1.4680851063829787,0.4,0.8,1.375,0.9565217391304348,1.6666666666666667,1.2916666666666667,1.0,1.6521739130434783,0.2553191489361702,0.23404255319148937,-0.3702127659574468,12.240851576981052,11.982404859551654,4.089897574907331,10.84084795339368,1.9110438602179538,0.25844671742939856
pl-2024-2024-11-03-tottenham-v-aston-villa,2024-11-03,2024,Tottenham,Aston Villa,4,1,2,0.42857142857142855,0.0,159.9735182887641,7,8,999,0,1.0,0,999,0,1.0,0,1,1,3.0,0.0,2.0,12.0,6.0,1.8,1.6808510638297873,1.9574468085106382,1.5106382978723405,2.4,1.2,2.0869565217391304,1.2916666666666667,2.130434782608696,1.3043478260869565,1.7916666666666667,1.7083333333333333,0.19148936170212766,0.1276595744680851,0.11914893617021272,12.081220016024211,12.143417810494649,4.031721464172599,10.888120077877847,1.9508268784785745,-0.06219779447043728,2.0,3.0,0.0,9.0,5.0,1.8,1.8297872340425532,1.9574468085106382,1.5319148936170213,1.8,1.0,2.0,1.6521739130434783,2.2916666666666665,1.4166666666666667,1.608695652173913,1.6521739130434783,0.19148936170212766,0.1702127659574468,-0.029787234042553123,12.240851576981052,11.982404859551654,4.089897574907331,10.84084795339368,1.9110438602179538,0.25844671742939856
pl-2024-2024-11-03-man-united-v-chelsea,2024-11-03,2024,Man United,Chelsea,1,1,1,0.5833333333333334,0.0,262.184399614443,7,7,999,0,1.0,0,999,0,1.0,0,3,3,1.0,2.0,2.0,3.0,6.0,1.0,1.5106382978723405,1.3829787234042554,1.4680851063829787,0.6,1.2,1.6956521739130435,1.3333333333333333,1.4782608695652173,1.5217391304347827,1.2916666666666667,1.4166666666666667,0.2765957446808511,0.2765957446808511,-0.5106382978723405,12.081220016024211,12.143417810494649,4.031721464172599,10.888120077877847,1.9508268784785745,-0.06219779447043728,3.0,1.0,1.0,11.0,6.0,2.0,1.702127659574468,2.0425531914893615,1.574468085106383,2.2,1.2,1.875,1.5217391304347827,2.1666666666666665,1.375,1.9130434782608696,1.7826086956521738,0.2127659574468085,0.14893617021276595,0.2978723404255319,12.240851576981052,11.982404859551654,4.089897574907331,10.84084795339368,1.9110438602179538,0.25844671742939856
pl-2024-2024-11-04-fulham-v-brentford,2024-11-04,2024,Fulham,Brentford,2,1,2,0.6666666666666666,0.0,5.293655688071253,9,9,999,0,1.0,0,999,0,1.0,0,0,1,2.0,1.0,2.0,8.0,8.0,1.4,1.2553191489361701,1.425531914893617,1.553191489361702,1.6,1.6,1.565217391304348,0.9583333333333334,1.6521739130434783,1.3043478260869565,1.2083333333333333,1.7916666666666667,0.23404255319148937,0.2978723404255319,0.14468085106382977,12.081220016024211,12.143417810494649,4.031721464172599,10.888120077877847,1.9508268784785745,-0.06219779447043728,2.0,1.0,2.0,12.0,12.0,1.4,1.1063829787234043,1.574468085106383,1.7659574468085106,2.4,2.4,1.4583333333333333,0.7391304347826086,1.8333333333333333,1.7916666666666667,1.3043478260869565,1.7391304347826086,0.14893617021276595,0.19148936170212766,0.2936170212765956,12.240851576981052,11.982404859551654,4.089897574907331,10.84084795339368,1.9110438602179538,0.25844671742939856
pl-2024-2024-11-09-wolves-v-southampton,2024-11-09,2024,Wolves,Southampton,2,0,2,1.0,0.0,198.8770165561728,7,7,999,0,1.0,0,999,0,1.0,0,0,0,0.0,2.0,3.0,9.0,13.0,0.4,1.0208333333333333,1.3333333333333333,1.9166666666666667,1.8,2.6,1.1666666666666667,0.875,1.375,1.8333333333333333,1.2916666666666667,2.0,0.10416666666666667,0.20833333333333334,-0.6208333333333332,12.081220016024211,12.143417810494649,4.031721464172599,10.888120077877847,1.9508268784785745,-0.06219779447043728,1.0,0.0,4.0,5.0,10.0,0.6,0.4,0.7,1.9,1.0,2.0,0.8,0.0,0.8,1.6,0.6,2.2,0.1,0.4,0.19999999999999996,12.240851576981052,11.982404859551654,4.089897574907331,10.84084795339368,1.9110438602179538,0.25844671742939856
pl-2024-2024-11-09-west-ham-v-everton,2024-11-09,2024,West Ham,Everton,0,0,1,0.5833333333333334,0.0,292.1857178284632,7,7,999,0,1.0,0,999,0,1.0,0,0,3,2.0,1.0,2.0,8.0,10.0,1.4,1.3125,1.5208333333333333,1.9375,1.6,2.0,1.4583333333333333,1.1666666666666667,1.625,1.5833333333333333,1.4166666666666667,2.2916666666666665,0.125,0.20833333333333334,0.08749999999999991,12.081220016024211,12.143417810494649,4.031721464172599,10.888120077877847,1.9508268784785745,-0.06219779447043728,2.0,2.0,1.0,5.0,3.0,1.6,1.1875,1.0416666666666667,1.4166666666666667,1.0,0.6,1.375,1.0,1.125,1.0833333333333333,0.9583333333333334,1.75,0.3125,0.3333333333333333,0.4125000000000001,12.240851576981052,11.982404859551654,4.089897574907331,10.84084795339368,1.9110438602179538,0.25844671742939856
pl-2024-2024-11-09-crystal-palace-v-fulham,2024-11-09,2024,Crystal Palace,Fulham,0,2,0,0.6428571428571429,0.0,12.683686680127758,7,5,999,0,1.0,0,999,0,1.0,0,3,0,1.0,1.0,3.0,4.0,6.0,0.8,1.1666666666666667,1.3541666666666667,1.4791666666666667,0.8,1.2,1.375,0.9583333333333334,1.6666666666666667,1.2916666666666667,1.0416666666666667,1.6666666666666667,0.25,0.22916666666666666,-0.3666666666666667,12.081220016024211,12.143417810494649,4.031721464172599,10.888120077877847,1.9508268784785745,-0.06219779447043728,2.0,1.0,2.0,7.0,8.0,1.4,1.2916666666666667,1.4375,1.5416666666666667,1.4,1.6,1.625,0.9583333333333334,1.6666666666666667,1.2916666666666667,1.2083333333333333,1.7916666666666667,0.22916666666666666,0.2916666666666667,0.10833333333333317,12.240851576981052,11.982404859551654,4.089897574907331,10.84084795339368,1.9110438602179538,0.25844671742939856
pl-2024-2024-11-09-brentford-v-bournemouth,2024-11-09,2024,Brentford,Bournemouth,3,2,2,0.7857142857142857,0.0,136.7376286546296,5,7,999,0,1.0,0,999,0,1.0,0,1,2,2.0,1.0,2.0,12.0,11.0,1.4,1.0833333333333333,1.5625,1.7708333333333333,2.4,2.2,1.4583333333333333,0.7083333333333334,1.8333333333333333,1.7916666666666667,1.2916666666666667,1.75,0.14583333333333334,0.1875,0.31666666666666665,12.081220016024211,12.143417810494649,4.031721464172599,10.888120077877847,1.9508268784785745,-0.06219779447043728,3.0,1.0,1.0,8.0,4.0,2.0,1.3125,1.3958333333333333,1.6458333333333333,1.6,0.8,1.5416666666666667,1.0833333333333333,1.4583333333333333,1.3333333333333333,1.3333333333333333,1.9583333333333333,0.20833333333333334,0.20833333333333334,0.6875,12.240851576981052,11.982404859551654,4.089897574907331,10.84084795339368,1.9110438602179538,0.25844671742939856
pl-2024-2024-11-09-brighton-v-man-city,2024-11-09,2024,Brighton,Man City,2,1,2,0.5,0.0,325.3035443592153,7,7,999,0,1.0,0,999,0,1.0,0,1,1,2.0,1.0,2.0,9.0,10.0,1.4,1.3333333333333333,1.5,1.5833333333333333,1.8,2.0,1.625,1.0416666666666667,1.625,1.4166666666666667,1.375,1.75,0.1875,0.22916666666666666,0.06666666666666665,12.081220016024211,12.143417810494649,4.031721464172599,10.888120077877847,1.9508268784785745,-0.06219779447043728,3.0,1.0,1.0,8.0,6.0,2.0,2.375,2.4375,0.9375,1.6,1.2,2.5,2.25,2.625,0.9166666666666666,2.25,0.9583333333333334,0.3125,0.0625,-0.375,12.240851576981052,11.982404859551654,4.089897574907331,10.84084795339368,1.9110438602179538,0.25844671742939856
pl-2024-2024-11-09-liverpool-v-aston-villa,2024-11-09,2024,Liverpool,Aston Villa,2,0,2,0.6666666666666666,0.0,125.49951441248902,7,6,999,0,1.0,0,999,0,1.0,0,3,1,4.0,1.0,0.0,9.0,5.0,2.6,2.2291666666666665,2.1875,0.9791666666666666,1.8,1.0,2.5,1.9583333333333333,2.4166666666666665,0.8333333333333334,1.9583333333333333,1.125,0.3125,0.08333333333333333,0.37083333333333357,12.081220016024211,12.143417810494649,4.031721464172599,10.888120077877847,1.9508268784785745,-0.06219779447043728,1.0,3.0,1.0,7.0,8.0,1.2,1.7916666666666667,1.9375,1.5833333333333333,1.4,1.6,2.0,1.5833333333333333,2.2916666666666665,1.4166666666666667,1.5833333333333333,1.75,0.1875,0.16666666666666666,-0.5916666666666668,12.240851576981052,11.982404859551654,4.089897574907331,10.84084795339368,1.9110438602179538,0.25844671742939856
pl-2024-2024-11-10-man-united-v-leicester,2024-11-10,2024,Man United,Leicester,3,0,2,1.0,0.0,121.18806988968623,7,8,999,0,1.0,0,999,0,1.0,0,3,0,1.0,2.0,2.0,4.0,7.0,1.0,1.5,1.375,1.4583333333333333,0.8,1.4,1.6666666666666667,1.3333333333333333,1.4583333333333333,1.5,1.2916666666666667,1.4166666666666667,0.2708333333333333,0.2708333333333333,-0.5,12.081220016024211,12.143417810494649,4.031721464172599,10.888120077877847,1.9508268784785745,-0.06219779447043728,2.0,1.0,2.0,8.0,10.0,1.4,1.0,1.4,1.8,1.6,2.0,1.0,1.0,1.0,1.4,1.8,2.2,0.1,0.0,0.3999999999999999,12.240851576981052,11.982404859551654,4.089897574907331,10.84084795339368,1.9110438602179538,0.25844671742939856
pl-2024-2024-11-10-tottenham-v-ipswich-town,2024-11-10,2024,Tottenham,Ipswich Town,1,2,0,0.5,0.0,98.1023233949653,7,8,999,0,1.0,0,999,0,1.0,0,1,1,3.0,0.0,2.0,13.0,6.0,1.8,1.7083333333333333,2.0,1.5,2.6,1.2,2.125,1.2916666666666667,2.2083333333333335,1.2916666666666667,1.7916666666666667,1.7083333333333333,0.1875,0.125,0.09166666666666679,12.081220016024211,12.143417810494649,4.031721464172599,10.888120077877847,1.9508268784785745,-0.06219779447043728,0.0,2.0,3.0,7.0,13.0,0.4,0.5,1.0,2.1,1.4,2.6,0.6,0.4,0.8,1.6,1.2,2.6,0.1,0.3,-0.09999999999999998,12.240851576981052,11.982404859551654,4.089897574907331,10.84084795339368,1.9110438602179538,0.25844671742939856
pl-2024-2024-11-10-nott-m-forest-v-newcastle,2024-11-10,2024,Nott'm Forest,Newcastle,1,3,0,0.25,0.0,228.42207866197433,8,8,999,0,1.0,0,999,0,1.0,0,2,3,3.0,1.0,1.0,8.0,3.0,2.0,1.1458333333333333,1.3125,1.5416666666666667,1.6,0.6,1.1666666666666667,1.125,1.375,1.375,1.25,1.7083333333333333,0.16666666666666666,0.22916666666666666,0.8541666666666667,12.081220016024211,12.143417810494649,4.031721464172599,10.888120077877847,1.9508268784785745,-0.06219779447043728,1.0,2.0,2.0,3.0,4.0,1.0,1.5625,1.9791666666666667,1.5,0.6,0.8,2.0833333333333335,1.0416666666666667,2.25,1.0416666666666667,1.7083333333333333,1.9583333333333333,0.2708333333333333,0.14583333333333334,-0.5625,12.240851576981052,11.982404859551654,4.089897574907331,10.84084795339368,1.9110438602179538,0.25844671742939856
pl-2024-2024-11-10-chelsea-v-arsenal,2024-11-10,2024,Chelsea,Arsenal,1,1,1,0.21428571428571427,0.0,10.204802525519494,7,8,999,0,1.0,0,999,0,1.0,0,3,5,2.0,2.0,1.0,9.0,7.0,1.6,1.6875,2.0208333333333335,1.5625,1.8,1.4,1.875,1.5,2.1666666666666665,1.375,1.875,1.75,0.20833333333333334,0.14583333333333334,-0.08749999999999991,12.081220016024211,12.143417810494649,4.031721464172599,10.888120077877847,1.9508268784785745,-0.06219779447043728,2.0,1.0,2.0,9.0,8.0,1.4,2.2291666666666665,2.25,0.8333333333333334,1.8,1.6,2.4166666666666665,2.0416666666666665,2.5,0.9166666666666666,2.0,0.75,0.4375,0.14583333333333334,-0.8291666666666666,12.240851576981052,11.982404859551654,4.089897574907331,10.84084795339368,1.9110438602179538,0.25844671742939856
pl-2024-2024-11-23-leicester-v-chelsea,2024-11-23,2024,Leicester,Chelsea,1,2,0,0.0,0.0,142.26845608367574,13,13,999,0,1.0,0,999,0,1.0,0,0,3,2.0,1.0,2.0,6.0,9.0,1.4,0.9090909090909091,1.2727272727272727,1.9090909090909092,1.2,1.8,1.0,0.8333333333333334,1.0,1.4,1.5,2.3333333333333335,0.09090909090909091,0.09090909090909091,0.49090909090909085,12.081220016024211,12.143417810494649,4.031721464172599,10.888120077877847,1.9508268784785745,-0.06219779447043728,1.0,3.0,1.0,6.0,6.0,1.2,1.6734693877551021,2.0,1.5510204081632653,1.2,1.2,1.84,1.5,2.12,1.36,1.875,1.75,0.20408163265306123,0.14285714285714285,-0.47346938775510217,12.240851576981052,11.982404859551654,4.089897574907331,10.84084795339368,1.9110438602179538,0.25844671742939856
pl-2024-2024-11-23-man-city-v-tottenham,2024-11-23,2024,Man City,Tottenham,0,4,0,0.5,0.0,253.90234817097527,14,13,999,0,1.0,0,999,0,1.0,0,1,1,3.0,0.0,2.0,8.0,7.0,1.8,2.326530612244898,2.4081632653061225,0.9591836734693877,1.6,1.4,2.5,2.16,2.625,0.9166666666666666,2.2,1.0,0.30612244897959184,0.061224489795918366,-0.5265306122448978,12.081220016024211,12.143417810494649,4.031721464172599,10.888120077877847,1.9508268784785745,-0.06219779447043728,2.0,0.0,3.0,11.0,8.0,1.2,1.6734693877551021,1.9795918367346939,1.510204081632653,2.2,1.6,2.04,1.2916666666666667,2.16,1.32,1.7916666666666667,1.7083333333333333,0.1836734693877551,0.12244897959183673,-0.47346938775510217,12.240851576981052,11.982404859551654,4.089897574907331,10.84084795339368,1.9110438602179538,0.25844671742939856
pl-2024-2024-11-23-fulham-v-wolves,2024-11-23,2024,Fulham,Wolves,1,4,0,0.5833333333333334,0.0,180.06050550948783,14,14,999,0,1.0,0,999,0,1.0,0,0,0,2.0,1.0,2.0,8.0,8.0,1.4,1.3265306122448979,1.4489795918367347,1.510204081632653,1.6,1.6,1.625,1.04,1.6666666666666667,1.2916666666666667,1.24,1.72,0.24489795918367346,0.2857142857142857,0.07346938775510203,12.081220016024211,12.143417810494649,4.031721464172599,10.888120077877847,1.9508268784785745,-0.06219779447043728,1.0,2.0,2.0,10.0,11.0,1.0,1.0612244897959184,1.346938775510204,1.8775510204081634,2.0,2.2,1.24,0.875,1.4,1.76,1.2916666666666667,2.0,0.12244897959183673,0.20408163265306123,-0.061224489795918435,12.240851576981052,11.982404859551654,4.089897574907331,10.84084795339368,1.9110438602179538,0.25844671742939856
pl-2024-2024-11-23-bournemouth-v-brighton,2024-11-23,2024,Bournemouth,Brighton,1,2,0,0.4166666666666667,0.0,124.1341237161608,14,14,999,0,1.0,0,999,0,1.0,0,2,1,2.0,1.0,2.0,7.0,6.0,1.4,1.2857142857142858,1.4081632653061225,1.6734693877551021,1.4,1.2,1.5416666666666667,1.04,1.4583333333333333,1.3333333333333333,1.36,2.0,0.20408163265306123,0.20408163265306123,0.1142857142857141,12.081220016024211,12.143417810494649,4.031721464172599,10.888120077877847,1.9508268784785745,-0.06219779447043728,3.0,1.0,1.0,9.0,7.0,2.0,1.3673469387755102,1.510204081632653,1.5714285714285714,1.8,1.4,1.68,1.0416666666666667,1.64,1.4,1.375,1.75,0.1836734693877551,0.22448979591836735,0.6326530612244898,12.240851576981052,11.982404859551654,4.089897574907331,10.84084795339368,1.9110438602179538,0.25844671742939856
pl-2024-2024-11-23-everton-v-brentford,2024-11-23,2024,Everton,Brentford,0,0,1,0.5833333333333334,0.0,282.2885709497786,14,14,999,0,1.0,0,999,0,1.0,0,3,1,1.0,3.0,1.0,3.0,2.0,1.2,1.183673469387755,1.0204081632653061,1.3877551020408163,0.6,0.4,1.375,1.0,1.125,1.0833333333333333,0.92,1.68,0.32653061224489793,0.3469387755102041,0.01632653061224487,12.081220016024211,12.143417810494649,4.031721464172599,10.888120077877847,1.9508268784785745,-0.06219779447043728,3.0,0.0,2.0,14.0,12.0,1.8,1.1224489795918366,1.5918367346938775,1.7755102040816326,2.8,2.4,1.52,0.7083333333333334,1.88,1.8,1.2916666666666667,1.75,0.14285714285714285,0.1836734693877551,0.6775510204081634,12.240851576981052,11.982404859551654,4.089897574907331,10.84084795339368,1.9110438602179538,0.25844671742939856
pl-2024-2024-11-23-aston-villa-v-crystal-palace,2024-11-23,2024,Aston Villa,Crystal Palace,2,2,1,0.3333333333333333,0.0,174.51945913250827,14,14,999,0,1.0,0,999,0,1.0,0,1,3,1.0,2.0,2.0,5.0,8.0,1.0,1.7551020408163265,1.8979591836734695,1.5918367346938775,1.0,1.6,2.0,1.52,2.2916666666666665,1.4166666666666667,1.52,1.76,0.1836734693877551,0.1836734693877551,-0.7551020408163265,12.081220016024211,12.143417810494649,4.031721464172599,10.888120077877847,1.9508268784785745,-0.06219779447043728,1.0,1.0,3.0,3.0,6.0,0.8,1.1428571428571428,1.3265306122448979,1.489795918367347,0.6,1.2,1.32,0.9583333333333334,1.6,1.32,1.0416666666666667,1.6666666666666667,0.24489795918367346,0.24489795918367346,-0.34285714285714275,12.240851576981052,11.982404859551654,4.089897574907331,10.84084795339368,1.9110438602179538,0.25844671742939856
pl-2024-2024-11-23-arsenal-v-nott-m-forest,2024-11-23,2024,Arsenal,Nott'm Forest,3,0,2,0.8333333333333334,0.0,169.03828783728213,13,13,999,0,1.0,0,999,0,1.0,0,5,2,1.0,2.0,2.0,6.0,7.0,1.0,2.204081632653061,2.2244897959183674,0.8367346938775511,1.2,1.4,2.4166666666666665,2.0,2.5,0.9166666666666666,1.96,0.76,0.42857142857142855,0.14285714285714285,-1.204081632653061,12.081220016024211,12.143417810494649,4.031721464172599,10.888120077877847,1.9508268784785745,-0.06219779447043728,3.0,1.0,1.0,9.0,5.0,2.0,1.1224489795918366,1.3061224489795917,1.5714285714285714,1.8,1.0,1.12,1.125,1.36,1.44,1.25,1.7083333333333333,0.16326530612244897,0.22448979591836735,0.8775510204081634,12.240851576981052,11.982404859551654,4.089897574907331,10.84084795339368,1.9110438602179538,0.25844671742939856
pl-2024-2024-11-24-southampton-v-liverpool,2024-11-24,2024,Southampton,Liverpool,2,3,0,0.0,0.0,305.2913982263406,15,15,999,0,1.0,0,999,0,1.0,0,0,3,1.0,0.0,4.0,4.0,9.0,0.6,0.36363636363636365,0.6363636363636364,1.9090909090909092,0.8,1.8,0.8,0.0,0.8,1.6,0.5,2.1666666666666665,0.09090909090909091,0.45454545454545453,0.23636363636363633,12.081220016024211,12.143417810494649,4.031721464172599,10.888120077877847,1.9508268784785745,-0.06219779447043728,4.0,1.0,0.0,9.0,4.0,2.6,2.2448979591836733,2.183673469387755,0.9591836734693877,1.8,0.8,2.52,1.9583333333333333,2.4,0.8,1.9583333333333333,1.125,0.32653061224489793,0.08163265306122448,0.3551020408163268,12.240851576981052,11.982404859551654,4.089897574907331,10.84084795339368,1.9110438602179538,0.25844671742939856
pl-2024-2024-11-24-ipswich-town-v-man-united,2024-11-24,2024,Ipswich Town,Man United,1,1,1,0.16666666666666666,0.0,280.0781259423643,14,14,999,0,1.0,0,999,0,1.0,0,1,3,1.0,1.0,3.0,7.0,12.0,0.8,0.7272727272727273,1.0909090909090908,2.0,1.4,2.4,0.6,0.8333333333333334,0.8,1.6,1.3333333333333333,2.3333333333333335,0.09090909090909091,0.2727272727272727,0.07272727272727275,12.081220016024211,12.143417810494649,4.031721464172599,10.888120077877847,1.9508268784785745,-0.06219779447043728,2.0,2.0,1.0,7.0,4.0,1.6,1.530612244897959,1.4081632653061225,1.4285714285714286,1.4,0.8,1.72,1.3333333333333333,1.52,1.44,1.2916666666666667,1.4166666666666667,0.2857142857142857,0.2653061224489796,0.06938775510204098,12.240851576981052,11.982404859551654,4.089897574907331,10.84084795339368,1.9110438602179538,0.25844671742939856
pl-2024-2024-11-25-newcastle-v-west-ham,2024-11-25,2024,Newcastle,West Ham,0,2,0,0.5833333333333334,0.0,397.1243033528876,15,16,999,0,1.0,0,999,0,1.0,0,3,0,2.0,1.0,2.0,5.0,4.0,1.4,1.5918367346938775,2.0,1.489795918367347,1.0,0.8,2.0833333333333335,1.12,2.25,1.0416666666666667,1.76,1.92,0.2653061224489796,0.14285714285714285,-0.19183673469387763,12.081220016024211,12.143417810494649,4.031721464172599,10.888120077877847,1.9508268784785745,-0.06219779447043728,2.0,1.0,2.0,7.0,9.0,1.4,1.3061224489795917,1.489795918367347,1.8979591836734695,1.4,1.8,1.44,1.1666666666666667,1.56,1.52,1.4166666666666667,2.2916666666666665,0.14285714285714285,0.22448979591836735,0.09387755102040818,12.240851576981052,11.982404859551654,4.089897574907331,10.84084795339368,1.9110438602179538,0.25844671742939856
pl-2024-2024-11-29-brighton-v-southampton,2024-11-29,2024,Brighton,Southampton,1,1,1,0.75,0.0,91.80296675037742,6,5,999,0,1.0,0,999,0,1.0,0,1,0,3.0,1.0,1.0,8.0,6.0,2.0,1.4,1.52,1.56,1.6,1.2,1.68,1.12,1.64,1.4,1.4,1.72,0.18,0.22,0.6000000000000001,12.081220016024211,12.143417810494649,4.031721464172599,10.888120077877847,1.9508268784785745,-0.06219779447043728,1.0,0.0,4.0,5.0,9.0,0.6,0.3333333333333333,0.75,2.0,1.0,1.8,0.6666666666666666,0.0,1.0,1.8333333333333333,0.5,2.1666666666666665,0.08333333333333333,0.4166666666666667,0.26666666666666666,12.240851576981052,11.982404859551654,4.089897574907331,10.84084795339368,1.9110438602179538,0.25844671742939856
pl-2024-2024-11-30-nott-m-forest-v-ipswich-town,2024-11-30,2024,Nott'm Forest,Ipswich Town,1,0,2,1.0,0.0,184.0624022167094,7,6,999,0,1.0,0,999,0,1.0,0,2,1,3.0,0.0,2.0,8.0,7.0,1.8,1.1,1.28,1.6,1.6,1.4,1.12,1.08,1.36,1.44,1.2,1.76,0.16,0.24,0.7,12.081220016024211,12.143417810494649,4.031721464172599,10.888120077877847,1.9508268784785745,-0.06219779447043728,1.0,2.0,2.0,7.0,9.0,1.0,0.75,1.0833333333333333,1.9166666666666667,1.4,1.8,0.6666666666666666,0.8333333333333334,0.8333333333333334,1.5,1.3333333333333333,2.3333333333333335,0.08333333333333333,0.25,0.25,12.240851576981052,11.982404859551654,4.089897574907331,10.84084795339368,1.9110438602179538,0.25844671742939856
pl-2024-2024-11-30-west-ham-v-arsenal,2024-11-30,2024,West Ham,Arsenal,2,5,0,0.3333333333333333,0.0,8.67018537850872,5,7,999,0,1.0,0,999,0,1.0,0,0,5,2.0,1.0,2.0,5.0,8.0,1.4,1.34,1.5,1.86,1.0,1.6,1.44,1.24,1.56,1.52,1.44,2.2,0.16,0.22,0.05999999999999983,12.081220016024211,12.143417810494649,4.031721464172599,10.888120077877847,1.9508268784785745,-0.06219779447043728,1.0,2.0,2.0,6.0,6.0,1.0,2.22,2.24,0.82,1.2,1.2,2.44,2.0,2.52,0.88,1.96,0.76,0.44,0.14,-1.2200000000000002,12.240851576981052,11.982404859551654,4.089897574907331,10.84084795339368,1.9110438602179538,0.25844671742939856
pl-2024-2024-11-30-crystal-palace-v-newcastle,2024-11-30,2024,Crystal Palace,Newcastle,1,1,1,0.4166666666666667,0.0,410.5409888486364,7,5,999,0,1.0,0,999,0,1.0,0,3,3,1.0,2.0,2.0,5.0,7.0,1.0,1.14,1.34,1.5,1.0,1.4,1.32,0.96,1.6,1.32,1.08,1.68,0.24,0.24,-0.1399999999999999,12.081220016024211,12.143417810494649,4.031721464172599,10.888120077877847,1.9508268784785745,-0.06219779447043728,2.0,0.0,3.0,5.0,6.0,1.2,1.56,1.96,1.5,1.0,1.2,2.0,1.12,2.16,1.08,1.76,1.92,0.26,0.16,-0.3600000000000001,12.240851576981052,11.982404859551654,4.089897574907331,10.84084795339368,1.9110438602179538,0.25844671742939856
pl-2024-2024-11-30-brentford-v-leicester,2024-11-30,2024,Brentford,Leicester,4,1,2,1.0,0.0,138.3078949084519,7,7,999,0,1.0,0,999,0,1.0,0,1,0,2.0,1.0,2.0,9.0,9.0,1.4,1.12,1.56,1.74,1.8,1.8,1.52,0.72,1.88,1.8,1.24,1.68,0.16,0.2,0.2799999999999998,12.081220016024211,12.143417810494649,4.031721464172599,10.888120077877847,1.9508268784785745,-0.06219779447043728,1.0,1.0,3.0,6.0,11.0,0.8,0.8333333333333334,1.25,1.9166666666666667,1.2,2.2,0.8333333333333334,0.8333333333333334,1.0,1.5,1.5,2.3333333333333335,0.08333333333333333,0.08333333333333333,-0.033333333333333326,12.240851576981052,11.982404859551654,4.089897574907331,10.84084795339368,1.9110438602179538,0.25844671742939856
pl-2024-2024-11-30-wolves-v-bournemouth,2024-11-30,2024,Wolves,Bournemouth,2,4,0,0.3333333333333333,0.0,207.24702296907705,7,7,999,0,1.0,0,999,0,1.0,0,0,2,2.0,2.0,1.0,11.0,7.0,1.6,1.1,1.4,1.86,2.2,1.4,1.24,0.96,1.4,1.76,1.4,1.96,0.12,0.2,0.5,12.081220016024211,12.143417810494649,4.031721464172599,10.888120077877847,1.9508268784785745,-0.06219779447043728,2.0,1.0,2.0,8.0,7.0,1.4,1.26,1.4,1.68,1.6,1.4,1.48,1.04,1.44,1.36,1.36,2.0,0.2,0.2,0.1399999999999999,12.240851576981052,11.982404859551654,4.089897574907331,10.84084795339368,1.9110438602179538,0.25844671742939856
pl-2024-2024-12-01-man-united-v-everton,2024-12-01,2024,Man United,Everton,4,0,2,0.7142857142857143,0.0,44.77637264276031,7,8,999,0,1.0,0,999,0,1.0,0,3,3,2.0,2.0,1.0,8.0,5.0,1.6,1.52,1.4,1.42,1.6,1.0,1.72,1.32,1.52,1.44,1.28,1.4,0.28,0.26,0.08000000000000007,12.081220016024211,12.143417810494649,4.031721464172599,10.888120077877847,1.9508268784785745,-0.06219779447043728,1.0,3.0,1.0,3.0,2.0,1.2,1.18,1.0,1.36,0.6,0.4,1.36,1.0,1.08,1.04,0.92,1.68,0.34,0.36,0.020000000000000018,12.240851576981052,11.982404859551654,4.089897574907331,10.84084795339368,1.9110438602179538,0.25844671742939856
pl-2024-2024-12-01-tottenham-v-fulham,2024-12-01,2024,Tottenham,Fulham,1,1,1,0.25,0.0,17.90725628813951,8,8,999,0,1.0,0,999,0,1.0,0,1,0,3.0,0.0,2.0,13.0,5.0,1.8,1.7,2.02,1.48,2.6,1.0,2.04,1.36,2.16,1.32,1.88,1.64,0.2,0.12,0.10000000000000009,12.081220016024211,12.143417810494649,4.031721464172599,10.888120077877847,1.9508268784785745,-0.06219779447043728,2.0,1.0,2.0,7.0,9.0,1.4,1.3,1.44,1.56,1.4,1.8,1.56,1.04,1.64,1.4,1.24,1.72,0.24,0.28,0.09999999999999987,12.240851576981052,11.982404859551654,4.089897574907331,10.84084795339368,1.9110438602179538,0.25844671742939856
pl-2024-2024-12-01-chelsea-v-aston-villa,2024-12-01,2024,Chelsea,Aston Villa,3,0,2,0.4166666666666667,0.0,162.75649517879688,8,8,999,0,1.0,0,999,0,1.0,0,3,1,2.0,2.0,1.0,7.0,6.0,1.6,1.7,2.0,1.54,1.4,1.2,1.84,1.56,2.12,1.36,1.88,1.72,0.2,0.14,-0.09999999999999987,12.081220016024211,12.143417810494649,4.031721464172599,10.888120077877847,1.9508268784785745,-0.06219779447043728,1.0,2.0,2.0,7.0,10.0,1.0,1.74,1.9,1.6,1.4,2.0,1.96,1.52,2.28,1.44,1.52,1.76,0.18,0.18,-0.74,12.240851576981052,11.982404859551654,4.089897574907331,10.84084795339368,1.9110438602179538,0.25844671742939856
pl-2024-2024-12-01-liverpool-v-man-city,2024-12-01,2024,Liverpool,Man City,2,0,2,0.5,0.0,51.0438844981863,7,8,999,0,1.0,0,999,0,1.0,0,3,1,4.0,1.0,0.0,11.0,6.0,2.6,2.26,2.2,0.98,2.2,1.2,2.52,2.0,2.4,0.8,2.0,1.16,0.32,0.08,0.3400000000000003,12.081220016024211,12.143417810494649,4.031721464172599,10.888120077877847,1.9508268784785745,-0.06219779447043728,2.0,0.0,3.0,5.0,9.0,1.2,2.28,2.36,1.02,1.0,1.8,2.4,2.16,2.52,1.04,2.2,1.0,0.3,0.08,-1.0799999999999998,12.240851576981052,11.982404859551654,4.089897574907331,10.84084795339368,1.9110438602179538,0.25844671742939856
pl-2024-2024-12-03-ipswich-town-v-crystal-palace,2024-12-03,2024,Ipswich Town,Crystal Palace,0,1,0,0.3333333333333333,0.0,112.75277151612282,3,3,999,0,1.0,0,999,0,1.0,0,1,3,1.0,2.0,2.0,7.0,8.0,1.0,0.6923076923076923,1.0,1.8461538461538463,1.4,1.6,0.6666666666666666,0.7142857142857143,0.8333333333333334,1.5,1.1428571428571428,2.142857142857143,0.07692307692307693,0.3076923076923077,0.3076923076923077,12.081220016024211,12.143417810494649,4.031721464172599,10.888120077877847,1.9508268784785745,-0.06219779447043728,1.0,3.0,1.0,6.0,7.0,1.2,1.1372549019607843,1.3333333333333333,1.4901960784313726,1.2,1.4,1.3076923076923077,0.96,1.5769230769230769,1.3076923076923077,1.08,1.68,0.23529411764705882,0.23529411764705882,0.06274509803921569,12.240851576981052,11.982404859551654,4.089897574907331,10.84084795339368,1.9110438602179538,0.25844671742939856
pl-2024-2024-12-03-leicester-v-west-ham,2024-12-03,2024,Leicester,West Ham,3,1,2,0.5,0.0,143.9076288947994,3,3,999,0,1.0,0,999,0,1.0,0,0,0,0.0,1.0,4.0,4.0,13.0,0.2,0.7692307692307693,1.2307692307692308,2.076923076923077,0.8,2.6,0.8333333333333334,0.7142857142857143,1.0,1.5,1.4285714285714286,2.5714285714285716,0.07692307692307693,0.07692307692307693,-0.5692307692307692,12.081220016024211,12.143417810494649,4.031721464172599,10.888120077877847,1.9508268784785745,-0.06219779447043728,2.0,1.0,2.0,6.0,9.0,1.4,1.3137254901960784,1.5098039215686274,1.9215686274509804,1.2,1.8,1.3846153846153846,1.24,1.5769230769230769,1.6538461538461537,1.44,2.2,0.1568627450980392,0.21568627450980393,0.08627450980392148,12.240851576981052,11.982404859551654,4.089897574907331,10.84084795339368,1.9110438602179538,0.25844671742939856
pl-2024-2024-12-04-newcastle-v-liverpool,2024-12-04,2024,Newcastle,Liverpool,3,3,1,0.14285714285714285,0.0,192.88502417995036,4,3,999,0,1.0,0,999,0,1.0,0,3,3,2.0,1.0,2.0,6.0,6.0,1.4,1.5490196078431373,1.9411764705882353,1.4901960784313726,1.2,1.2,2.0,1.1153846153846154,2.16,1.08,1.7307692307692308,1.8846153846153846,0.2549019607843137,0.1568627450980392,-0.1490196078431374,12.081220016024211,12.143417810494649,4.031721464172599,10.888120077877847,1.9508268784785745,-0.06219779447043728,4.0,1.0,0.0,11.0,5.0,2.6,2.2745098039215685,2.196078431372549,0.9607843137254902,2.2,1.0,2.5384615384615383,2.0,2.3846153846153846,0.7692307692307693,2.0,1.16,0.3333333333333333,0.0784313725490196,0.32549019607843155,12.240851576981052,11.982404859551654,4.089897574907331,10.84084795339368,1.9110438602179538,0.25844671742939856
pl-2024-2024-12-04-southampton-v-chelsea,2024-12-04,2024,Southampton,Chelsea,1,5,0,0.0,0.0,108.47562066594533,5,3,999,0,1.0,0,999,0,1.0,0,0,3,1.0,1.0,3.0,4.0,7.0,0.8,0.38461538461538464,0.7692307692307693,1.9230769230769231,0.8,1.4,0.6666666666666666,0.14285714285714285,1.0,1.8333333333333333,0.5714285714285714,2.0,0.07692307692307693,0.38461538461538464,0.4153846153846154,12.081220016024211,12.143417810494649,4.031721464172599,10.888120077877847,1.9508268784785745,-0.06219779447043728,3.0,2.0,0.0,9.0,4.0,2.2,1.7254901960784315,2.019607843137255,1.5098039215686274,1.8,0.8,1.8846153846153846,1.56,2.1538461538461537,1.3076923076923077,1.88,1.72,0.21568627450980393,0.13725490196078433,0.4745098039215687,12.240851576981052,11.982404859551654,4.089897574907331,10.84084795339368,1.9110438602179538,0.25844671742939856
pl-2024-2024-12-04-everton-v-wolves,2024-12-04,2024,Everton,Wolves,4,0,2,0.5,0.0,109.72444126016762,3,4,999,0,1.0,0,999,0,1.0,0,3,0,0.0,3.0,2.0,1.0,6.0,0.6,1.1568627450980393,0.9803921568627451,1.411764705882353,0.2,1.2,1.36,0.9615384615384616,1.08,1.04,0.8846153846153846,1.7692307692307692,0.3333333333333333,0.37254901960784315,-0.5568627450980393,12.081220016024211,12.143417810494649,4.031721464172599,10.888120077877847,1.9508268784785745,-0.06219779447043728,2.0,2.0,1.0,12.0,9.0,1.6,1.0784313725490196,1.411764705882353,1.9019607843137254,2.4,1.8,1.1923076923076923,0.96,1.4230769230769231,1.8461538461538463,1.4,1.96,0.11764705882352941,0.19607843137254902,0.5215686274509805,12.240851576981052,11.982404859551654,4.089897574907331,10.84084795339368,1.9110438602179538,0.25844671742939856
pl-2024-2024-12-04-man-city-v-nott-m-forest,2024-12-04,2024,Man City,Nott'm Forest,3,0,2,0.75,0.0,93.0370438359667,3,4,999,0,1.0,0,999,0,1.0,0,1,2,1.0,0.0,4.0,3.0,10.0,0.6,2.235294117647059,2.3137254901960786,1.0392156862745099,0.6,2.0,2.4,2.076923076923077,2.52,1.04,2.1153846153846154,1.0384615384615385,0.29411764705882354,0.09803921568627451,-1.6352941176470588,12.081220016024211,12.143417810494649,4.031721464172599,10.888120077877847,1.9508268784785745,-0.06219779447043728,3.0,0.0,2.0,8.0,7.0,1.8,1.1372549019607843,1.2745098039215685,1.5686274509803921,1.6,1.4,1.1923076923076923,1.08,1.3461538461538463,1.3846153846153846,1.2,1.76,0.17647058823529413,0.23529411764705882,0.6627450980392158,12.240851576981052,11.982404859551654,4.089897574907331,10.84084795339368,1.9110438602179538,0.25844671742939856
pl-2024-2024-12-04-arsenal-v-man-united,2024-12-04,2024,Arsenal,Man United,2,0,2,0.75,0.0,258.3980584719573,4,3,999,0,1.0,0,999,0,1.0,0,5,3,2.0,2.0,1.0,11.0,6.0,1.6,2.235294117647059,2.2941176470588234,0.8431372549019608,2.2,1.2,2.44,2.0384615384615383,2.52,0.88,2.076923076923077,0.8076923076923077,0.43137254901960786,0.13725490196078433,-0.6352941176470588,12.081220016024211,12.143417810494649,4.031721464172599,10.888120077877847,1.9508268784785745,-0.06219779447043728,2.0,2.0,1.0,10.0,4.0,1.6,1.5490196078431373,1.4509803921568627,1.392156862745098,2.0,0.8,1.7692307692307692,1.32,1.6153846153846154,1.3846153846153846,1.28,1.4,0.29411764705882354,0.2549019607843137,0.050980392156862786,12.240851576981052,11.982404859551654,4.089897574907331,10.84084795339368,1.9110438602179538,0.25844671742939856
pl-2024-2024-12-04-aston-villa-v-brentford,2024-12-04,2024,Aston Villa,Brentford,3,1,2,0.5833333333333334,0.0,157.1274012431735,3,4,999,0,1.0,0,999,0,1.0,0,1,1,0.0,2.0,3.0,4.0,12.0,0.4,1.7058823529411764,1.8627450980392157,1.6274509803921569,0.8,2.4,1.96,1.4615384615384615,2.28,1.44,1.4615384615384615,1.8076923076923077,0.17647058823529413,0.19607843137254902,-1.3058823529411763,12.081220016024211,12.143417810494649,4.031721464172599,10.888120077877847,1.9508268784785745,-0.06219779447043728,3.0,1.0,1.0,12.0,8.0,2.0,1.1568627450980393,1.607843137254902,1.7254901960784315,2.4,1.6,1.5769230769230769,0.72,1.9615384615384615,1.7692307692307692,1.24,1.68,0.1568627450980392,0.19607843137254902,0.8431372549019607,12.240851576981052,11.982404859551654,4.089897574907331,10.84084795339368,1.9110438602179538,0.25844671742939856
pl-2024-2024-12-05-fulham-v-brighton,2024-12-05,2024,Fulham,Brighton,3,1,2,0.6666666666666666,0.0,68.94832156381648,4,6,999,0,1.0,0,999,0,1.0,0,0,1,2.0,2.0,1.0,7.0,7.0,1.6,1.2941176470588236,1.4313725490196079,1.5490196078431373,1.4,1.4,1.56,1.0384615384615385,1.64,1.4,1.2307692307692308,1.6923076923076923,0.23529411764705882,0.27450980392156865,0.3058823529411765,12.081220016024211,12.143417810494649,4.031721464172599,10.888120077877847,1.9508268784785745,-0.06219779447043728,2.0,2.0,1.0,8.0,7.0,1.6,1.392156862745098,1.5098039215686274,1.5490196078431373,1.6,1.4,1.6538461538461537,1.12,1.6153846153846154,1.3846153846153846,1.4,1.72,0.17647058823529413,0.21568627450980393,0.2078431372549021,12.240851576981052,11.982404859551654,4.089897574907331,10.84084795339368,1.9110438602179538,0.25844671742939856
pl-2024-2024-12-05-bournemouth-v-tottenham,2024-12-05,2024,Bournemouth,Tottenham,1,0,2,0.5833333333333334,0.0,156.83846275039934,5,4,999,0,1.0,0,999,0,1.0,0,2,1,2.0,1.0,2.0,10.0,9.0,1.4,1.2941176470588236,1.4509803921568627,1.6862745098039216,2.0,1.8,1.48,1.1153846153846154,1.44,1.36,1.4615384615384615,2.0,0.19607843137254902,0.19607843137254902,0.10588235294117632,12.081220016024211,12.143417810494649,4.031721464172599,10.888120077877847,1.9508268784785745,-0.06219779447043728,2.0,1.0,2.0,10.0,5.0,1.4,1.6862745098039216,2.0,1.4705882352941178,2.0,1.0,2.0,1.36,2.1153846153846154,1.3076923076923077,1.88,1.64,0.19607843137254902,0.11764705882352941,-0.28627450980392166,12.240851576981052,11.982404859551654,4.089897574907331,10.84084795339368,1.9110438602179538,0.25844671742939856
pl-2024-2024-12-07-crystal-palace-v-man-city,2024-12-07,2024,Crystal Palace,Man City,2,2,1,0.14285714285714285,0.0,272.52161464476416,4,3,999,0,1.0,0,999,0,1.0,0,3,1,1.0,3.0,1.0,6.0,7.0,1.2,1.1730769230769231,1.3269230769230769,1.4615384615384615,1.2,1.4,1.3076923076923077,1.0384615384615385,1.5769230769230769,1.3076923076923077,1.0769230769230769,1.6153846153846154,0.25,0.23076923076923078,0.026923076923076827,12.081220016024211,12.143417810494649,4.031721464172599,10.888120077877847,1.9508268784785745,-0.06219779447043728,1.0,0.0,4.0,5.0,10.0,0.6,2.25,2.326923076923077,1.0192307692307692,1.0,2.0,2.423076923076923,2.076923076923077,2.5384615384615383,1.0,2.1153846153846154,1.0384615384615385,0.3076923076923077,0.09615384615384616,-1.65,12.240851576981052,11.982404859551654,4.089897574907331,10.84084795339368,1.9110438602179538,0.25844671742939856
pl-2024-2024-12-07-brentford-v-newcastle,2024-12-07,2024,Brentford,Newcastle,4,2,2,0.5,0.0,397.2354971132688,3,3,999,0,1.0,0,999,0,1.0,0,1,3,2.0,1.0,2.0,9.0,8.0,1.4,1.1346153846153846,1.5961538461538463,1.75,1.8,1.6,1.5769230769230769,0.6923076923076923,1.9615384615384615,1.7692307692307692,1.2307692307692308,1.7307692307692308,0.15384615384615385,0.19230769230769232,0.26538461538461533,12.081220016024211,12.143417810494649,4.031721464172599,10.888120077877847,1.9508268784785745,-0.06219779447043728,2.0,2.0,1.0,8.0,7.0,1.6,1.5384615384615385,1.9615384615384615,1.5192307692307692,1.6,1.4,1.9615384615384615,1.1153846153846154,2.1923076923076925,1.1538461538461537,1.7307692307692308,1.8846153846153846,0.25,0.15384615384615385,0.06153846153846154,12.240851576981052,11.982404859551654,4.089897574907331,10.84084795339368,1.9110438602179538,0.25844671742939856
pl-2024-2024-12-07-aston-villa-v-southampton,2024-12-07,2024,Aston Villa,Southampton,1,0,2,1.0,0.0,186.3856789543771,3,3,999,0,1.0,0,999,0,1.0,0,1,0,1.0,1.0,3.0,6.0,12.0,0.8,1.7307692307692308,1.8846153846153846,1.6153846153846154,1.2,2.4,2.0,1.4615384615384615,2.3076923076923075,1.4230769230769231,1.4615384615384615,1.8076923076923077,0.17307692307692307,0.19230769230769232,-0.9307692307692308,12.081220016024211,12.143417810494649,4.031721464172599,10.888120077877847,1.9508268784785745,-0.06219779447043728,1.0,1.0,3.0,5.0,11.0,0.8,0.35714285714285715,0.7857142857142857,2.142857142857143,1.0,2.2,0.5714285714285714,0.14285714285714285,1.0,2.2857142857142856,0.5714285714285714,2.0,0.07142857142857142,0.35714285714285715,0.4428571428571429,12.240851576981052,11.982404859551654,4.089897574907331,10.84084795339368,1.9110438602179538,0.25844671742939856
pl-2024-2024-12-07-man-united-v-nott-m-forest,2024-12-07,2024,Man United,Nott'm Forest,2,3,0,0.4166666666666667,0.0,96.38251389166221,3,3,999,0,1.0,0,999,0,1.0,0,3,2,2.0,2.0,1.0,9.0,4.0,1.6,1.5192307692307692,1.4230769230769231,1.4038461538461537,1.8,0.8,1.7692307692307692,1.2692307692307692,1.6153846153846154,1.3846153846153846,1.2307692307692308,1.4230769230769231,0.28846153846153844,0.2692307692307692,0.08076923076923093,12.081220016024211,12.143417810494649,4.031721464172599,10.888120077877847,1.9508268784785745,-0.06219779447043728,2.0,0.0,3.0,5.0,9.0,1.2,1.1153846153846154,1.25,1.5961538461538463,1.0,1.8,1.1923076923076923,1.0384615384615385,1.3461538461538463,1.3846153846153846,1.1538461538461537,1.8076923076923077,0.17307692307692307,0.25,0.08461538461538454,12.240851576981052,11.982404859551654,4.089897574907331,10.84084795339368,1.9110438602179538,0.25844671742939856
pl-2024-2024-12-08-fulham-v-arsenal,2024-12-08,2024,Fulham,Arsenal,1,1,1,0.3333333333333333,0.0,12.102078440930182,3,4,999,0,1.0,0,999,0,1.0,0,0,5,3.0,1.0,1.0,9.0,7.0,2.0,1.3269230769230769,1.4615384615384615,1.5384615384615385,1.8,1.4,1.6153846153846154,1.0384615384615385,1.6923076923076923,1.3846153846153846,1.2307692307692308,1.6923076923076923,0.23076923076923078,0.2692307692307692,0.6730769230769231,12.081220016024211,12.143417810494649,4.031721464172599,10.888120077877847,1.9508268784785745,-0.06219779447043728,3.0,1.0,1.0,11.0,4.0,2.0,2.25,2.2884615384615383,0.8269230769230769,2.2,0.8,2.4615384615384617,2.0384615384615383,2.5,0.8461538461538461,2.076923076923077,0.8076923076923077,0.4423076923076923,0.1346153846153846,-0.25,12.240851576981052,11.982404859551654,4.089897574907331,10.84084795339368,1.9110438602179538,0.25844671742939856
pl-2024-2024-12-08-leicester-v-brighton,2024-12-08,2024,Leicester,Brighton,2,2,1,0.5,0.0,208.73558856717494,5,3,999,0,1.0,0,999,0,1.0,0,0,1,1.0,1.0,3.0,6.0,11.0,0.8,0.9285714285714286,1.3571428571428572,2.0,1.2,2.2,1.1428571428571428,0.7142857142857143,1.2857142857142858,1.4285714285714286,1.4285714285714286,2.5714285714285716,0.07142857142857142,0.07142857142857142,-0.12857142857142856,12.081220016024211,12.143417810494649,4.031721464172599,10.888120077877847,1.9508268784785745,-0.06219779447043728,2.0,1.0,2.0,7.0,8.0,1.4,1.3653846153846154,1.5,1.5769230769230769,1.4,1.6,1.6538461538461537,1.0769230769230769,1.6153846153846154,1.3846153846153846,1.3846153846153846,1.7692307692307692,0.17307692307692307,0.21153846153846154,0.03461538461538449,12.240851576981052,11.982404859551654,4.089897574907331,10.84084795339368,1.9110438602179538,0.25844671742939856
pl-2024-2024-12-08-ipswich-town-v-bournemouth,2024-12-08,2024,Ipswich Town,Bournemouth,1,2,0,0.5,0.0,254.5972980342091,5,3,999,0,1.0,0,999,0,1.0,0,1,2,1.0,2.0,2.0,4.0,5.0,1.0,0.6428571428571429,0.9285714285714286,1.7857142857142858,0.8,1.0,0.5714285714285714,0.7142857142857143,0.7142857142857143,1.4285714285714286,1.1428571428571428,2.142857142857143,0.07142857142857142,0.35714285714285715,0.3571428571428571,12.081220016024211,12.143417810494649,4.031721464172599,10.888120077877847,1.9508268784785745,-0.06219779447043728,3.0,0.0,2.0,10.0,8.0,1.8,1.3269230769230769,1.4423076923076923,1.6538461538461537,2.0,1.6,1.5384615384615385,1.1153846153846154,1.4230769230769231,1.3076923076923077,1.4615384615384615,2.0,0.21153846153846154,0.19230769230769232,0.4730769230769232,12.240851576981052,11.982404859551654,4.089897574907331,10.84084795339368,1.9110438602179538,0.25844671742939856
pl-2024-2024-12-08-tottenham-v-chelsea,2024-12-08,2024,Tottenham,Chelsea,3,4,0,0.0,0.0,16.085886910693997,3,4,999,0,1.0,0,999,0,1.0,0,1,3,2.0,1.0,2.0,10.0,5.0,1.4,1.6538461538461537,1.9615384615384615,1.4615384615384615,2.0,1.0,2.0,1.3076923076923077,2.1153846153846154,1.3076923076923077,1.8076923076923077,1.6153846153846154,0.19230769230769232,0.1346153846153846,-0.25384615384615383,12.081220016024211,12.143417810494649,4.031721464172599,10.888120077877847,1.9508268784785745,-0.06219779447043728,3.0,2.0,0.0,12.0,4.0,2.2,1.75,2.076923076923077,1.5,2.4,0.8,1.8846153846153846,1.6153846153846154,2.1538461538461537,1.3076923076923077,2.0,1.6923076923076923,0.21153846153846154,0.1346153846153846,0.4500000000000002,12.240851576981052,11.982404859551654,4.089897574907331,10.84084795339368,1.9110438602179538,0.25844671742939856
pl-2024-2024-12-09-west-ham-v-wolves,2024-12-09,2024,West Ham,Wolves,2,1,2,0.6666666666666666,0.0,187.5456724769656,6,5,999,0,1.0,0,999,0,1.0,0,0,0,1.0,1.0,3.0,5.0,11.0,0.8,1.2884615384615385,1.5,1.9423076923076923,1.0,2.2,1.3846153846153846,1.1923076923076923,1.5769230769230769,1.6538461538461537,1.4230769230769231,2.230769230769231,0.15384615384615385,0.21153846153846154,-0.4884615384615385,12.081220016024211,12.143417810494649,4.031721464172599,10.888120077877847,1.9508268784785745,-0.06219779447043728,2.0,1.0,2.0,10.0,11.0,1.4,1.0576923076923077,1.3846153846153846,1.9423076923076923,2.0,2.2,1.1923076923076923,0.9230769230769231,1.4230769230769231,1.8461538461538463,1.3461538461538463,2.0384615384615383,0.11538461538461539,0.21153846153846154,0.3423076923076922,12.240851576981052,11.982404859551654,4.089897574907331,10.84084795339368,1.9110438602179538,0.25844671742939856
pl-2024-2024-12-14-newcastle-v-leicester,2024-12-14,2024,Newcastle,Leicester,4,0,2,1.0,0.0,263.69079566813883,7,6,999,0,1.0,0,999,0,1.0,0,3,0,1.0,2.0,2.0,9.0,11.0,1.0,1.509433962264151,1.9622641509433962,1.5660377358490567,1.8,2.2,1.9615384615384615,1.0740740740740742,2.1923076923076925,1.1538461538461537,1.7407407407407407,1.962962962962963,0.24528301886792453,0.1509433962264151,-0.509433962264151,12.081220016024211,12.143417810494649,4.031721464172599,10.888120077877847,1.9508268784785745,-0.06219779447043728,1.0,1.0,3.0,7.0,12.0,0.8,0.9333333333333333,1.4,2.0,1.4,2.4,1.125,0.7142857142857143,1.375,1.5,1.4285714285714286,2.5714285714285716,0.06666666666666667,0.06666666666666667,-0.1333333333333333,12.240851576981052,11.982404859551654,4.089897574907331,10.84084795339368,1.9110438602179538,0.25844671742939856
pl-2024-2024-12-14-wolves-v-ipswich-town,2024-12-14,2024,Wolves,Ipswich Town,1,2,0,0.5,0.0,231.42264974261892,5,6,999,0,1.0,0,999,0,1.0,0,0,1,2.0,0.0,3.0,9.0,11.0,1.2,1.0377358490566038,1.3773584905660377,1.9433962264150944,1.8,2.2,1.1923076923076923,0.8888888888888888,1.4230769230769231,1.8461538461538463,1.3333333333333333,2.037037037037037,0.11320754716981132,0.20754716981132076,0.1622641509433962,12.081220016024211,12.143417810494649,4.031721464172599,10.888120077877847,1.9508268784785745,-0.06219779447043728,1.0,1.0,3.0,4.0,6.0,0.8,0.6,0.9333333333333333,1.8,0.8,1.2,0.5,0.7142857142857143,0.75,1.5,1.1428571428571428,2.142857142857143,0.06666666666666667,0.3333333333333333,0.20000000000000007,12.240851576981052,11.982404859551654,4.089897574907331,10.84084795339368,1.9110438602179538,0.25844671742939856
pl-2024-2024-12-14-liverpool-v-fulham,2024-12-14,2024,Liverpool,Fulham,2,2,1,0.6428571428571429,0.0,286.14773399258996,10,6,999,0,1.0,0,999,0,1.0,0,3,0,4.0,1.0,0.0,12.0,6.0,2.6,2.25,2.2115384615384617,1.0,2.4,1.2,2.5384615384615383,1.9615384615384615,2.3846153846153846,0.7692307692307693,2.0384615384615383,1.2307692307692308,0.3269230769230769,0.07692307692307693,0.3500000000000001,12.081220016024211,12.143417810494649,4.031721464172599,10.888120077877847,1.9508268784785745,-0.06219779447043728,2.0,2.0,1.0,8.0,7.0,1.6,1.320754716981132,1.4528301886792452,1.528301886792453,1.6,1.4,1.5925925925925926,1.0384615384615385,1.6666666666666667,1.3703703703703705,1.2307692307692308,1.6923076923076923,0.22641509433962265,0.2641509433962264,0.2792452830188681,12.240851576981052,11.982404859551654,4.089897574907331,10.84084795339368,1.9110438602179538,0.25844671742939856
pl-2024-2024-12-14-arsenal-v-everton,2024-12-14,2024,Arsenal,Everton,0,0,1,0.8333333333333334,0.0,285.04585296565705,6,10,999,0,1.0,0,999,0,1.0,0,5,3,3.0,2.0,0.0,12.0,4.0,2.2,2.2264150943396226,2.2641509433962264,0.8301886792452831,2.4,0.8,2.4615384615384617,2.0,2.5,0.8461538461538461,2.037037037037037,0.8148148148148148,0.4339622641509434,0.1320754716981132,-0.026415094339622414,12.081220016024211,12.143417810494649,4.031721464172599,10.888120077877847,1.9508268784785745,-0.06219779447043728,1.0,2.0,2.0,4.0,5.0,1.0,1.1923076923076923,1.0384615384615385,1.3846153846153846,0.8,1.0,1.4230769230769231,0.9615384615384616,1.1923076923076923,1.0,0.8846153846153846,1.7692307692307692,0.34615384615384615,0.36538461538461536,-0.1923076923076923,12.240851576981052,11.982404859551654,4.089897574907331,10.84084795339368,1.9110438602179538,0.25844671742939856
pl-2024-2024-12-14-nott-m-forest-v-aston-villa,2024-12-14,2024,Nott'm Forest,Aston Villa,2,1,2,0.5,0.0,69.52881835662885,7,7,999,0,1.0,0,999,0,1.0,0,2,1,2.0,0.0,3.0,5.0,11.0,1.2,1.150943396226415,1.2830188679245282,1.6037735849056605,1.0,2.2,1.1923076923076923,1.1111111111111112,1.3461538461538463,1.3846153846153846,1.2222222222222223,1.8148148148148149,0.16981132075471697,0.24528301886792453,0.049056603773584895,12.081220016024211,12.143417810494649,4.031721464172599,10.888120077877847,1.9508268784785745,-0.06219779447043728,2.0,1.0,2.0,6.0,8.0,1.4,1.7547169811320755,1.8679245283018868,1.5849056603773586,1.2,1.6,2.037037037037037,1.4615384615384615,2.259259259259259,1.3703703703703705,1.4615384615384615,1.8076923076923077,0.18867924528301888,0.18867924528301888,-0.3547169811320756,12.240851576981052,11.982404859551654,4.089897574907331,10.84084795339368,1.9110438602179538,0.25844671742939856
pl-2024-2024-12-15-southampton-v-tottenham,2024-12-15,2024,Southampton,Tottenham,0,5,0,0.0,0.0,123.83733033980062,8,7,999,0,1.0,0,999,0,1.0,0,0,1,0.0,1.0,4.0,4.0,12.0,0.2,0.3333333333333333,0.7333333333333333,2.066666666666667,0.8,2.4,0.5714285714285714,0.125,1.0,2.2857142857142856,0.5,1.875,0.06666666666666667,0.4,-0.1333333333333333,12.081220016024211,12.143417810494649,4.031721464172599,10.888120077877847,1.9508268784785745,-0.06219779447043728,1.0,1.0,3.0,9.0,8.0,0.8,1.6226415094339623,1.9811320754716981,1.509433962264151,1.8,1.6,1.9259259259259258,1.3076923076923077,2.1481481481481484,1.4074074074074074,1.8076923076923077,1.6153846153846154,0.18867924528301888,0.1320754716981132,-0.8226415094339623,12.240851576981052,11.982404859551654,4.089897574907331,10.84084795339368,1.9110438602179538,0.25844671742939856
pl-2024-2024-12-15-brighton-v-crystal-palace,2024-12-15,2024,Brighton,Crystal Palace,1,3,0,0.3333333333333333,0.0,59.71204256723541,7,8,999,0,1.0,0,999,0,1.0,0,1,3,2.0,2.0,1.0,8.0,8.0,1.6,1.3584905660377358,1.509433962264151,1.5849056603773586,1.6,1.6,1.6538461538461537,1.0740740740740742,1.6153846153846154,1.3846153846153846,1.4074074074074074,1.7777777777777777,0.16981132075471697,0.20754716981132076,0.24150943396226432,12.081220016024211,12.143417810494649,4.031721464172599,10.888120077877847,1.9508268784785745,-0.06219779447043728,1.0,3.0,1.0,6.0,7.0,1.2,1.169811320754717,1.3396226415094339,1.471698113207547,1.2,1.4,1.2962962962962963,1.0384615384615385,1.5925925925925926,1.3333333333333333,1.0769230769230769,1.6153846153846154,0.24528301886792453,0.22641509433962265,0.030188679245283012,12.240851576981052,11.982404859551654,4.089897574907331,10.84084795339368,1.9110438602179538,0.25844671742939856
pl-2024-2024-12-15-man-city-v-man-united,2024-12-15,2024,Man City,Man United,1,2,0,0.6428571428571429,0.0,6.42016311743397,8,8,999,0,1.0,0,999,0,1.0,0,1,3,1.0,1.0,3.0,6.0,10.0,0.8,2.2264150943396226,2.3207547169811322,1.0377358490566038,1.2,2.0,2.423076923076923,2.037037037037037,2.5384615384615383,1.0,2.111111111111111,1.0740740740740742,0.3018867924528302,0.09433962264150944,-1.4264150943396225,12.081220016024211,12.143417810494649,4.031721464172599,10.888120077877847,1.9508268784785745,-0.06219779447043728,2.0,1.0,2.0,10.0,6.0,1.4,1.490566037735849,1.4339622641509433,1.4339622641509433,2.0,1.2,1.7037037037037037,1.2692307692307692,1.6296296296296295,1.4444444444444444,1.2307692307692308,1.4230769230769231,0.2830188679245283,0.2641509433962264,-0.09056603773584904,12.240851576981052,11.982404859551654,4.089897574907331,10.84084795339368,1.9110438602179538,0.25844671742939856
pl-2024-2024-12-15-chelsea-v-brentford,2024-12-15,2024,Chelsea,Brentford,2,1,2,0.5,0.0,7.133128631501841,7,8,999,0,1.0,0,999,0,1.0,0,3,1,4.0,1.0,0.0,15.0,6.0,2.6,1.7735849056603774,2.1132075471698113,1.528301886792453,3.0,1.2,1.8846153846153846,1.6666666666666667,2.1538461538461537,1.3076923076923077,2.074074074074074,1.7407407407407407,0.20754716981132076,0.1320754716981132,0.8264150943396227,12.081220016024211,12.143417810494649,4.031721464172599,10.888120077877847,1.9508268784785745,-0.06219779447043728,3.0,1.0,1.0,12.0,8.0,2.0,1.169811320754717,1.6415094339622642,1.7547169811320755,2.4,1.6,1.6296296296296295,0.6923076923076923,2.037037037037037,1.7777777777777777,1.2307692307692308,1.7307692307692308,0.1509433962264151,0.18867924528301888,0.8301886792452831,12.240851576981052,11.982404859551654,4.089897574907331,10.84084795339368,1.9110438602179538,0.25844671742939856
pl-2024-2024-12-16-bournemouth-v-west-ham,2024-12-16,2024,Bournemouth,West Ham,1,1,1,0.5,0.0,157.23423717667953,8,7,999,0,1.0,0,999,0,1.0,0,2,0,3.0,0.0,2.0,10.0,8.0,1.8,1.3584905660377358,1.4528301886792452,1.6415094339622642,2.0,1.6,1.5384615384615385,1.1851851851851851,1.4230769230769231,1.3076923076923077,1.4814814814814814,1.962962962962963,0.20754716981132076,0.18867924528301888,0.4415094339622643,12.081220016024211,12.143417810494649,4.031721464172599,10.888120077877847,1.9508268784785745,-0.06219779447043728,2.0,1.0,2.0,7.0,9.0,1.4,1.320754716981132,1.509433962264151,1.9245283018867925,1.4,1.8,1.4444444444444444,1.1923076923076923,1.5925925925925926,1.6296296296296295,1.4230769230769231,2.230769230769231,0.1509433962264151,0.20754716981132076,0.0792452830188679,12.240851576981052,11.982404859551654,4.089897574907331,10.84084795339368,1.9110438602179538,0.25844671742939856
pl-2024-2024-12-21-aston-villa-v-man-city,2024-12-21,2024,Aston Villa,Man City,2,1,2,0.6666666666666666,0.0,110.33622205535409,7,6,999,0,1.0,0,999,0,1.0,0,1,1,2.0,1.0,2.0,7.0,8.0,1.4,1.7222222222222223,1.8518518518518519,1.5925925925925926,1.4,1.6,2.037037037037037,1.4074074074074074,2.259259259259259,1.3703703703703705,1.4444444444444444,1.8148148148148149,0.18518518518518517,0.18518518518518517,-0.3222222222222224,12.081220016024211,12.143417810494649,4.031721464172599,10.888120077877847,1.9508268784785745,-0.06219779447043728,1.0,1.0,3.0,6.0,10.0,0.8,2.185185185185185,2.2962962962962963,1.0555555555555556,1.2,2.0,2.3333333333333335,2.037037037037037,2.4814814814814814,1.037037037037037,2.111111111111111,1.0740740740740742,0.2962962962962963,0.09259259259259259,-1.385185185185185,12.240851576981052,11.982404859551654,4.089897574907331,10.84084795339368,1.9110438602179538,0.25844671742939856
pl-2024-2024-12-21-west-ham-v-brighton,2024-12-21,2024,West Ham,Brighton,1,1,1,0.5,0.0,75.7050417120277,5,6,999,0,1.0,0,999,0,1.0,0,0,1,2.0,1.0,2.0,8.0,10.0,1.4,1.3148148148148149,1.5,1.9074074074074074,1.6,2.0,1.4444444444444444,1.1851851851851851,1.5925925925925926,1.6296296296296295,1.4074074074074074,2.185185185185185,0.14814814814814814,0.2037037037037037,0.08518518518518503,12.081220016024211,12.143417810494649,4.031721464172599,10.888120077877847,1.9508268784785745,-0.06219779447043728,1.0,2.0,2.0,7.0,10.0,1.0,1.3333333333333333,1.5,1.6111111111111112,1.4,2.0,1.5925925925925926,1.0740740740740742,1.5925925925925926,1.4444444444444444,1.4074074074074074,1.7777777777777777,0.16666666666666666,0.2037037037037037,-0.33333333333333326,12.240851576981052,11.982404859551654,4.089897574907331,10.84084795339368,1.9110438602179538,0.25844671742939856
pl-2024-2024-12-21-brentford-v-nott-m-forest,2024-12-21,2024,Brentford,Nott'm Forest,0,2,0,0.4166666666666667,0.0,171.07109319906445,6,7,999,0,1.0,0,999,0,1.0,0,1,2,2.0,1.0,2.0,10.0,8.0,1.4,1.1481481481481481,1.6296296296296295,1.7592592592592593,2.0,1.6,1.6296296296296295,0.6666666666666666,2.037037037037037,1.7777777777777777,1.2222222222222223,1.7407407407407407,0.14814814814814814,0.18518518518518517,0.25185185185185177,12.081220016024211,12.143417810494649,4.031721464172599,10.888120077877847,1.9508268784785745,-0.06219779447043728,3.0,0.0,2.0,6.0,9.0,1.8,1.1851851851851851,1.2962962962962963,1.5925925925925926,1.2,1.8,1.2592592592592593,1.1111111111111112,1.3703703703703705,1.3703703703703705,1.2222222222222223,1.8148148148148149,0.16666666666666666,0.24074074074074073,0.6148148148148149,12.240851576981052,11.982404859551654,4.089897574907331,10.84084795339368,1.9110438602179538,0.25844671742939856
pl-2024-2024-12-21-ipswich-town-v-newcastle,2024-12-21,2024,Ipswich Town,Newcastle,0,4,0,0.0,0.0,372.8745115376869,7,7,999,0,1.0,0,999,0,1.0,0,1,3,1.0,1.0,3.0,4.0,6.0,0.8,0.75,1.0,1.75,0.8,1.2,0.5,1.0,0.75,1.5,1.25,2.0,0.0625,0.3125,0.050000000000000044,12.081220016024211,12.143417810494649,4.031721464172599,10.888120077877847,1.9508268784785745,-0.06219779447043728,1.0,2.0,2.0,10.0,10.0,1.0,1.537037037037037,2.0,1.537037037037037,2.0,2.0,2.0,1.0740740740740742,2.259259259259259,1.1111111111111112,1.7407407407407407,1.962962962962963,0.25925925925925924,0.14814814814814814,-0.537037037037037,12.240851576981052,11.982404859551654,4.089897574907331,10.84084795339368,1.9110438602179538,0.25844671742939856
pl-2024-2024-12-21-crystal-palace-v-arsenal,2024-12-21,2024,Crystal Palace,Arsenal,1,5,0,0.08333333333333333,0.0,17.734165873614728,6,7,999,0,1.0,0,999,0,1.0,0,3,5,2.0,3.0,0.0,9.0,6.0,1.8,1.2037037037037037,1.3703703703703705,1.462962962962963,1.8,1.2,1.2962962962962963,1.1111111111111112,1.5925925925925926,1.3333333333333333,1.1481481481481481,1.5925925925925926,0.24074074074074073,0.2222222222222222,0.5962962962962963,12.081220016024211,12.143417810494649,4.031721464172599,10.888120077877847,1.9508268784785745,-0.06219779447043728,3.0,2.0,0.0,11.0,3.0,2.2,2.2037037037037037,2.2222222222222223,0.8148148148148148,2.2,0.6,2.4074074074074074,2.0,2.4074074074074074,0.8148148148148148,2.037037037037037,0.8148148148148148,0.4444444444444444,0.14814814814814814,-0.0037037037037035425,12.240851576981052,11.982404859551654,4.089897574907331,10.84084795339368,1.9110438602179538,0.25844671742939856
pl-2024-2024-12-22-man-united-v-bournemouth,2024-12-22,2024,Man United,Bournemouth,0,3,0,0.3333333333333333,0.0,304.9121219179983,7,6,999,0,1.0,0,999,0,1.0,0,3,2,2.0,1.0,2.0,9.0,7.0,1.4,1.5185185185185186,1.4444444444444444,1.4259259259259258,1.8,1.4,1.7037037037037037,1.3333333333333333,1.6296296296296295,1.4444444444444444,1.2592592592592593,1.4074074074074074,0.2777777777777778,0.25925925925925924,-0.11851851851851869,12.081220016024211,12.143417810494649,4.031721464172599,10.888120077877847,1.9508268784785745,-0.06219779447043728,3.0,1.0,1.0,9.0,6.0,2.0,1.3518518518518519,1.4444444444444444,1.6296296296296295,1.8,1.2,1.5185185185185186,1.1851851851851851,1.4074074074074074,1.2962962962962963,1.4814814814814814,1.962962962962963,0.2037037037037037,0.18518518518518517,0.6481481481481481,12.240851576981052,11.982404859551654,4.089897574907331,10.84084795339368,1.9110438602179538,0.25844671742939856
pl-2024-2024-12-22-fulham-v-southampton,2024-12-22,2024,Fulham,Southampton,0,0,1,0.75,0.0,106.37448875914383,8,7,999,0,1.0,0,999,0,1.0,0,0,0,1.0,3.0,1.0,8.0,9.0,1.2,1.3148148148148149,1.462962962962963,1.537037037037037,1.6,1.8,1.5925925925925926,1.037037037037037,1.6666666666666667,1.3703703703703705,1.2592592592592593,1.7037037037037037,0.2222222222222222,0.25925925925925924,-0.11481481481481493,12.081220016024211,12.143417810494649,4.031721464172599,10.888120077877847,1.9508268784785745,-0.06219779447043728,0.0,1.0,4.0,4.0,15.0,0.2,0.3125,0.6875,2.25,0.8,3.0,0.5,0.125,0.875,2.625,0.5,1.875,0.0625,0.4375,-0.11249999999999999,12.240851576981052,11.982404859551654,4.089897574907331,10.84084795339368,1.9110438602179538,0.25844671742939856
pl-2024-2024-12-22-everton-v-chelsea,2024-12-22,2024,Everton,Chelsea,0,0,1,0.4166666666666667,0.0,287.53543213007396,8,7,999,0,1.0,0,999,0,1.0,0,3,3,1.0,3.0,1.0,4.0,4.0,1.2,1.1886792452830188,1.0188679245283019,1.3584905660377358,0.8,0.8,1.4230769230769231,0.9629629629629629,1.1923076923076923,1.0,0.8518518518518519,1.7037037037037037,0.3584905660377358,0.37735849056603776,0.01132075471698113,12.081220016024211,12.143417810494649,4.031721464172599,10.888120077877847,1.9508268784785745,-0.06219779447043728,5.0,0.0,0.0,16.0,6.0,3.0,1.7962962962962963,2.111111111111111,1.5185185185185186,3.2,1.2,1.9259259259259258,1.6666666666666667,2.1481481481481484,1.2962962962962963,2.074074074074074,1.7407407407407407,0.2037037037037037,0.12962962962962962,1.2037037037037037,12.240851576981052,11.982404859551654,4.089897574907331,10.84084795339368,1.9110438602179538,0.25844671742939856
pl-2024-2024-12-22-leicester-v-wolves,2024-12-22,2024,Leicester,Wolves,0,3,0,0.0,0.0,66.80186593358458,8,8,999,0,1.0,0,999,0,1.0,0,0,0,1.0,1.0,3.0,7.0,13.0,0.8,0.875,1.3125,2.125,1.4,2.6,1.125,0.625,1.375,1.5,1.25,2.75,0.0625,0.125,-0.07499999999999996,12.081220016024211,12.143417810494649,4.031721464172599,10.888120077877847,1.9508268784785745,-0.06219779447043728,1.0,0.0,4.0,8.0,13.0,0.6,1.0185185185185186,1.3703703703703705,1.9444444444444444,1.6,2.6,1.1481481481481481,0.8888888888888888,1.4074074074074074,1.8518518518518519,1.3333333333333333,2.037037037037037,0.1111111111111111,0.2037037037037037,-0.4185185185185186,12.240851576981052,11.982404859551654,4.089897574907331,10.84084795339368,1.9110438602179538,0.25844671742939856
pl-2024-2024-12-22-tottenham-v-liverpool,2024-12-22,2024,Tottenham,Liverpool,3,6,0,0.25,0.0,282.40195504575104,7,8,999,0,1.0,0,999,0,1.0,0,1,3,2.0,1.0,2.0,13.0,6.0,1.4,1.6481481481481481,2.037037037037037,1.4814814814814814,2.6,1.2,1.9259259259259258,1.3703703703703705,2.1481481481481484,1.4074074074074074,1.9259259259259258,1.5555555555555556,0.2037037037037037,0.12962962962962962,-0.24814814814814823,12.081220016024211,12.143417810494649,4.031721464172599,10.888120077877847,1.9508268784785745,-0.06219779447043728,3.0,2.0,0.0,12.0,7.0,2.2,2.2264150943396226,2.207547169811321,1.0188679245283019,2.4,1.4,2.4814814814814814,1.9615384615384615,2.3703703703703702,0.8148148148148148,2.0384615384615383,1.2307692307692308,0.32075471698113206,0.07547169811320754,-0.026415094339622414,12.240851576981052,11.982404859551654,4.089897574907331,10.84084795339368,1.9110438602179538,0.25844671742939856
pl-2024-2024-12-26-man-city-v-everton,2024-12-26,2024,Man City,Everton,1,1,1,0.8333333333333334,0.0,50.94603140423654,5,4,999,0,1.0,0,999,0,1.0,0,1,3,1.0,1.0,3.0,7.0,8.0,0.8,2.1454545454545455,2.272727272727273,1.0727272727272728,1.4,1.6,2.3333333333333335,1.9642857142857142,2.4814814814814814,1.037037037037037,2.0714285714285716,1.1071428571428572,0.2909090909090909,0.09090909090909091,-1.3454545454545455,12.081220016024211,12.143417810494649,4.031721464172599,10.888120077877847,1.9508268784785745,-0.06219779447043728,1.0,3.0,1.0,4.0,4.0,1.2,1.1851851851851851,1.0,1.3333333333333333,0.8,0.8,1.4074074074074074,0.9629629629629629,1.1481481481481481,0.9629629629629629,0.8518518518518519,1.7037037037037037,0.37037037037037035,0.3888888888888889,0.014814814814814836,12.240851576981052,11.982404859551654,4.089897574907331,10.84084795339368,1.9110438602179538,0.25844671742939856
pl-2024-2024-12-26-newcastle-v-aston-villa,2024-12-26,2024,Newcastle,Aston Villa,3,0,2,0.5833333333333334,0.0,274.7846475513572,5,5,999,0,1.0,0,999,0,1.0,0,3,1,2.0,2.0,1.0,14.0,8.0,1.6,1.5636363636363637,2.036363636363636,1.509090909090909,2.8,1.6,2.0,1.1428571428571428,2.259259259259259,1.1111111111111112,1.8214285714285714,1.8928571428571428,0.2727272727272727,0.14545454545454545,0.036363636363636376,12.081220016024211,12.143417810494649,4.031721464172599,10.888120077877847,1.9508268784785745,-0.06219779447043728,3.0,0.0,2.0,7.0,7.0,1.8,1.7454545454545454,1.8545454545454545,1.5818181818181818,1.4,1.4,2.0714285714285716,1.4074074074074074,2.25,1.3571428571428572,1.4444444444444444,1.8148148148148149,0.18181818181818182,0.18181818181818182,0.054545454545454675,12.240851576981052,11.982404859551654,4.089897574907331,10.84084795339368,1.9110438602179538,0.25844671742939856
pl-2024-2024-12-26-bournemouth-v-crystal-palace,2024-12-26,2024,Bournemouth,Crystal Palace,0,0,1,0.75,0.0,142.90219697931587,4,5,999,0,1.0,0,999,0,1.0,0,2,3,4.0,1.0,0.0,11.0,4.0,2.6,1.3818181818181818,1.4727272727272727,1.6,2.2,0.8,1.5185185185185186,1.25,1.4074074074074074,1.2962962962962963,1.5357142857142858,1.8928571428571428,0.21818181818181817,0.18181818181818182,1.2181818181818183,12.081220016024211,12.143417810494649,4.031721464172599,10.888120077877847,1.9508268784785745,-0.06219779447043728,2.0,2.0,1.0,8.0,9.0,1.6,1.1818181818181819,1.3636363636363635,1.5272727272727273,1.6,1.8,1.25,1.1111111111111112,1.5714285714285714,1.4642857142857142,1.1481481481481481,1.5925925925925926,0.23636363636363636,0.21818181818181817,0.4181818181818182,12.240851576981052,11.982404859551654,4.089897574907331,10.84084795339368,1.9110438602179538,0.25844671742939856
pl-2024-2024-12-26-southampton-v-west-ham,2024-12-26,2024,Southampton,West Ham,0,1,0,0.25,0.0,123.66572282219501,4,5,999,0,1.0,0,999,0,1.0,0,0,0,0.0,2.0,3.0,2.0,12.0,0.4,0.35294117647058826,0.6470588235294118,2.1176470588235294,0.4,2.4,0.5,0.2222222222222222,0.875,2.625,0.4444444444444444,1.6666666666666667,0.11764705882352941,0.47058823529411764,0.047058823529411764,12.081220016024211,12.143417810494649,4.031721464172599,10.888120077877847,1.9508268784785745,-0.06219779447043728,1.0,2.0,2.0,7.0,11.0,1.0,1.309090909090909,1.490909090909091,1.8909090909090909,1.4,2.2,1.4285714285714286,1.1851851851851851,1.5714285714285714,1.6071428571428572,1.4074074074074074,2.185185185185185,0.14545454545454545,0.2,-0.3090909090909091,12.240851576981052,11.982404859551654,4.089897574907331,10.84084795339368,1.9110438602179538,0.25844671742939856
pl-2024-2024-12-26-chelsea-v-fulham,2024-12-26,2024,Chelsea,Fulham,1,2,0,0.7142857142857143,0.0,2.218613585674892,4,4,999,0,1.0,0,999,0,1.0,0,3,0,4.0,1.0,0.0,14.0,5.0,2.6,1.7818181818181817,2.0727272727272728,1.490909090909091,2.8,1.0,1.9259259259259258,1.6428571428571428,2.1481481481481484,1.2962962962962963,2.0,1.6785714285714286,0.21818181818181817,0.14545454545454545,0.8181818181818183,12.081220016024211,12.143417810494649,4.031721464172599,10.888120077877847,1.9508268784785745,-0.06219779447043728,1.0,4.0,0.0,7.0,5.0,1.4,1.309090909090909,1.4363636363636363,1.509090909090909,1.4,1.0,1.5714285714285714,1.037037037037037,1.6071428571428572,1.3214285714285714,1.2592592592592593,1.7037037037037037,0.23636363636363636,0.2727272727272727,0.09090909090909083,12.240851576981052,11.982404859551654,4.089897574907331,10.84084795339368,1.9110438602179538,0.25844671742939856
pl-2024-2024-12-26-nott-m-forest-v-tottenham,2024-12-26,2024,Nott'm Forest,Tottenham,1,0,2,0.6428571428571429,0.0,165.4626559900765,5,4,999,0,1.0,0,999,0,1.0,0,2,1,4.0,0.0,1.0,8.0,6.0,2.4,1.2181818181818183,1.309090909090909,1.5636363636363637,1.6,1.2,1.2592592592592593,1.1785714285714286,1.3703703703703705,1.3703703703703705,1.25,1.75,0.18181818181818182,0.23636363636363636,1.1818181818181817,12.081220016024211,12.143417810494649,4.031721464172599,10.888120077877847,1.9508268784785745,-0.06219779447043728,1.0,1.0,3.0,12.0,12.0,0.8,1.6181818181818182,2.0545454545454547,1.5636363636363637,2.4,2.4,1.8571428571428572,1.3703703703703705,2.1785714285714284,1.5714285714285714,1.9259259259259258,1.5555555555555556,0.2,0.12727272727272726,-0.8181818181818181,12.240851576981052,11.982404859551654,4.089897574907331,10.84084795339368,1.9110438602179538,0.25844671742939856
pl-2024-2024-12-26-wolves-v-man-united,2024-12-26,2024,Wolves,Man United,2,0,2,0.4166666666666667,0.0,97.66842531883373,4,4,999,0,1.0,0,999,0,1.0,0,0,3,1.0,0.0,4.0,7.0,12.0,0.6,1.0545454545454545,1.4,1.9090909090909092,1.4,2.4,1.1481481481481481,0.9642857142857143,1.4074074074074074,1.8518518518518519,1.3928571428571428,1.9642857142857142,0.12727272727272726,0.2,-0.4545454545454545,12.081220016024211,12.143417810494649,4.031721464172599,10.888120077877847,1.9508268784785745,-0.06219779447043728,2.0,0.0,3.0,8.0,9.0,1.2,1.490909090909091,1.4181818181818182,1.4545454545454546,1.6,1.8,1.6428571428571428,1.3333333333333333,1.5714285714285714,1.5,1.2592592592592593,1.4074074074074074,0.2727272727272727,0.2727272727272727,-0.290909090909091,12.240851576981052,11.982404859551654,4.089897574907331,10.84084795339368,1.9110438602179538,0.25844671742939856
pl-2024-2024-12-26-liverpool-v-leicester,2024-12-26,2024,Liverpool,Leicester,3,1,2,1.0,0.0,151.69348175545906,4,4,999,0,1.0,0,999,0,1.0,0,3,0,3.0,2.0,0.0,16.0,10.0,2.2,2.240740740740741,2.2777777777777777,1.0555555555555556,3.2,2.0,2.4814814814814814,2.0,2.3703703703703702,0.8148148148148148,2.185185185185185,1.2962962962962963,0.3148148148148148,0.07407407407407407,-0.040740740740740744,12.081220016024211,12.143417810494649,4.031721464172599,10.888120077877847,1.9508268784785745,-0.06219779447043728,1.0,1.0,3.0,6.0,14.0,0.8,0.8235294117647058,1.2352941176470589,2.176470588235294,1.2,2.8,1.0,0.625,1.2222222222222223,1.6666666666666667,1.25,2.75,0.058823529411764705,0.17647058823529413,-0.0235294117647058,12.240851576981052,11.982404859551654,4.089897574907331,10.84084795339368,1.9110438602179538,0.25844671742939856
pl-2024-2024-12-27-brighton-v-brentford,2024-12-27,2024,Brighton,Brentford,0,0,1,0.6666666666666666,0.0,71.56602003805497,6,6,999,0,1.0,0,999,0,1.0,0,1,1,0.0,3.0,2.0,6.0,10.0,0.6,1.3272727272727274,1.490909090909091,1.6,1.2,2.0,1.5925925925925926,1.0714285714285714,1.5925925925925926,1.4444444444444444,1.3928571428571428,1.75,0.16363636363636364,0.2,-0.7272727272727274,12.081220016024211,12.143417810494649,4.031721464172599,10.888120077877847,1.9508268784785745,-0.06219779447043728,2.0,0.0,3.0,10.0,10.0,1.2,1.1272727272727272,1.6,1.7636363636363637,2.0,2.0,1.5714285714285714,0.6666666666666666,1.9642857142857142,1.7857142857142858,1.2222222222222223,1.7407407407407407,0.14545454545454545,0.2,0.07272727272727275,12.240851576981052,11.982404859551654,4.089897574907331,10.84084795339368,1.9110438602179538,0.25844671742939856
pl-2024-2024-12-27-arsenal-v-ipswich-town,2024-12-27,2024,Arsenal,Ipswich Town,1,0,2,1.0,0.0,103.22049314390974,6,6,999,0,1.0,0,999,0,1.0,0,5,1,3.0,2.0,0.0,13.0,4.0,2.2,2.2181818181818183,2.272727272727273,0.8181818181818182,2.6,0.8,2.4074074074074074,2.0357142857142856,2.4074074074074074,0.8148148148148148,2.142857142857143,0.8214285714285714,0.43636363636363634,0.14545454545454545,-0.018181818181818077,12.081220016024211,12.143417810494649,4.031721464172599,10.888120077877847,1.9508268784785745,-0.06219779447043728,1.0,0.0,4.0,3.0,9.0,0.6,0.7058823529411765,0.9411764705882353,1.8823529411764706,0.6,1.8,0.4444444444444444,1.0,0.6666666666666666,1.7777777777777777,1.25,2.0,0.058823529411764705,0.35294117647058826,-0.10588235294117654,12.240851576981052,11.982404859551654,4.089897574907331,10.84084795339368,1.9110438602179538,0.25844671742939856
pl-2024-2024-12-29-leicester-v-man-city,2024-12-29,2024,Leicester,Man City,0,2,0,0.0,0.0,119.19967981066102,3,3,999,0,1.0,0,999,0,1.0,0,0,1,1.0,1.0,3.0,6.0,13.0,0.8,0.7777777777777778,1.2222222222222223,2.2222222222222223,1.2,2.6,1.0,0.5555555555555556,1.2222222222222223,1.6666666666666667,1.2222222222222223,2.7777777777777777,0.05555555555555555,0.16666666666666666,0.022222222222222254,12.081220016024211,12.143417810494649,4.031721464172599,10.888120077877847,1.9508268784785745,-0.06219779447043728,1.0,2.0,2.0,8.0,7.0,1.0,2.125,2.25,1.0714285714285714,1.6,1.4,2.2857142857142856,1.9642857142857142,2.4285714285714284,1.0357142857142858,2.0714285714285716,1.1071428571428572,0.2857142857142857,0.08928571428571429,-1.125,12.240851576981052,11.982404859551654,4.089897574907331,10.84084795339368,1.9110438602179538,0.25844671742939856
pl-2024-2024-12-29-fulham-v-bournemouth,2024-12-29,2024,Fulham,Bournemouth,2,2,1,0.25,0.0,139.69576434850953,3,3,999,0,1.0,0,999,0,1.0,0,0,2,2.0,3.0,0.0,8.0,5.0,1.8,1.3392857142857142,1.4464285714285714,1.5,1.6,1.0,1.5714285714285714,1.1071428571428572,1.6071428571428572,1.3214285714285714,1.2857142857142858,1.6785714285714286,0.23214285714285715,0.26785714285714285,0.46071428571428585,12.081220016024211,12.143417810494649,4.031721464172599,10.888120077877847,1.9508268784785745,-0.06219779447043728,3.0,2.0,0.0,7.0,2.0,2.2,1.375,1.4464285714285714,1.5714285714285714,1.4,0.4,1.5,1.25,1.3571428571428572,1.25,1.5357142857142858,1.8928571428571428,0.23214285714285715,0.19642857142857142,0.8250000000000002,12.240851576981052,11.982404859551654,4.089897574907331,10.84084795339368,1.9110438602179538,0.25844671742939856
pl-2024-2024-12-29-everton-v-nott-m-forest,2024-12-29,2024,Everton,Nott'm Forest,0,2,0,0.8333333333333334,0.0,133.88930766267092,3,3,999,0,1.0,0,999,0,1.0,0,3,2,1.0,3.0,1.0,5.0,5.0,1.2,1.1818181818181819,1.0,1.3272727272727274,1.0,1.0,1.4074074074074074,0.9642857142857143,1.1481481481481481,0.9629629629629629,0.8571428571428571,1.6785714285714286,0.36363636363636365,0.38181818181818183,0.018181818181818077,12.081220016024211,12.143417810494649,4.031721464172599,10.888120077877847,1.9508268784785745,-0.06219779447043728,4.0,0.0,1.0,8.0,6.0,2.4,1.25,1.3035714285714286,1.5357142857142858,1.6,1.2,1.3214285714285714,1.1785714285714286,1.3571428571428572,1.3214285714285714,1.25,1.75,0.19642857142857142,0.23214285714285715,1.15,12.240851576981052,11.982404859551654,4.089897574907331,10.84084795339368,1.9110438602179538,0.25844671742939856
pl-2024-2024-12-29-tottenham-v-wolves,2024-12-29,2024,Tottenham,Wolves,2,2,1,0.3333333333333333,0.0,178.59163356679554,3,3,999,0,1.0,0,999,0,1.0,0,1,0,1.0,0.0,4.0,11.0,12.0,0.6,1.5892857142857142,2.017857142857143,1.5535714285714286,2.2,2.4,1.8571428571428572,1.3214285714285714,2.1785714285714284,1.5714285714285714,1.8571428571428572,1.5357142857142858,0.19642857142857142,0.14285714285714285,-0.9892857142857142,12.081220016024211,12.143417810494649,4.031721464172599,10.888120077877847,1.9508268784785745,-0.06219779447043728,2.0,0.0,3.0,7.0,8.0,1.2,1.0892857142857142,1.4107142857142858,1.875,1.4,1.6,1.2142857142857142,0.9642857142857143,1.4285714285714286,1.7857142857142858,1.3928571428571428,1.9642857142857142,0.14285714285714285,0.19642857142857142,0.11071428571428577,12.240851576981052,11.982404859551654,4.089897574907331,10.84084795339368,1.9110438602179538,0.25844671742939856
pl-2024-2024-12-29-crystal-palace-v-southampton,2024-12-29,2024,Crystal Palace,Southampton,2,1,2,0.75,0.0,108.89348724246098,3,3,999,0,1.0,0,999,0,1.0,0,3,0,2.0,2.0,1.0,7.0,8.0,1.6,1.1785714285714286,1.3392857142857142,1.5,1.4,1.6,1.25,1.1071428571428572,1.5714285714285714,1.4642857142857142,1.1071428571428572,1.5357142857142858,0.25,0.23214285714285715,0.4214285714285715,12.081220016024211,12.143417810494649,4.031721464172599,10.888120077877847,1.9508268784785745,-0.06219779447043728,0.0,1.0,4.0,1.0,12.0,0.2,0.3333333333333333,0.6111111111111112,2.0555555555555554,0.2,2.4,0.4444444444444444,0.2222222222222222,0.7777777777777778,2.4444444444444446,0.4444444444444444,1.6666666666666667,0.1111111111111111,0.5,-0.1333333333333333,12.240851576981052,11.982404859551654,4.089897574907331,10.84084795339368,1.9110438602179538,0.25844671742939856
pl-2024-2024-12-29-west-ham-v-liverpool,2024-12-29,2024,West Ham,Liverpool,0,5,0,0.08333333333333333,0.0,291.55619908967356,3,3,999,0,1.0,0,999,0,1.0,0,0,3,2.0,2.0,1.0,6.0,6.0,1.6,1.3392857142857142,1.4821428571428572,1.8571428571428572,1.2,1.2,1.4285714285714286,1.25,1.5714285714285714,1.6071428571428572,1.3928571428571428,2.107142857142857,0.16071428571428573,0.19642857142857142,0.2607142857142859,12.081220016024211,12.143417810494649,4.031721464172599,10.888120077877847,1.9508268784785745,-0.06219779447043728,3.0,2.0,0.0,16.0,9.0,2.2,2.2545454545454544,2.290909090909091,1.0545454545454545,3.2,1.8,2.5,2.0,2.392857142857143,0.8214285714285714,2.185185185185185,1.2962962962962963,0.3090909090909091,0.07272727272727272,-0.05454545454545423,12.240851576981052,11.982404859551654,4.089897574907331,10.84084795339368,1.9110438602179538,0.25844671742939856
pl-2024-2024-12-30-ipswich-town-v-chelsea,2024-12-30,2024,Ipswich Town,Chelsea,2,0,2,0.75,0.0,112.75709528404491,3,4,999,0,1.0,0,999,0,1.0,0,1,3,1.0,0.0,4.0,3.0,9.0,0.6,0.6666666666666666,0.8888888888888888,1.8333333333333333,0.6,1.8,0.4444444444444444,0.8888888888888888,0.6666666666666666,1.7777777777777777,1.1111111111111112,1.8888888888888888,0.05555555555555555,0.3888888888888889,-0.06666666666666665,12.081220016024211,12.143417810494649,4.031721464172599,10.888120077877847,1.9508268784785745,-0.06219779447043728,3.0,1.0,1.0,12.0,7.0,2.0,1.75,2.0535714285714284,1.5,2.4,1.4,1.8571428571428572,1.6428571428571428,2.107142857142857,1.3214285714285714,2.0,1.6785714285714286,0.21428571428571427,0.14285714285714285,0.25,12.240851576981052,11.982404859551654,4.089897574907331,10.84084795339368,1.9110438602179538,0.25844671742939856
pl-2024-2024-12-30-aston-villa-v-brighton,2024-12-30,2024,Aston Villa,Brighton,2,2,1,0.6428571428571429,0.0,221.37298033930915,4,3,999,0,1.0,0,999,0,1.0,0,1,1,3.0,0.0,2.0,7.0,7.0,1.8,1.7142857142857142,1.8214285714285714,1.6071428571428572,1.4,1.4,2.0714285714285716,1.3571428571428572,2.25,1.3571428571428572,1.3928571428571428,1.8571428571428572,0.17857142857142858,0.19642857142857142,0.08571428571428585,12.081220016024211,12.143417810494649,4.031721464172599,10.888120077877847,1.9508268784785745,-0.06219779447043728,0.0,3.0,2.0,5.0,9.0,0.6,1.3214285714285714,1.4642857142857142,1.5714285714285714,1.0,1.8,1.5714285714285714,1.0714285714285714,1.5357142857142858,1.3928571428571428,1.3928571428571428,1.75,0.17857142857142858,0.21428571428571427,-0.7214285714285714,12.240851576981052,11.982404859551654,4.089897574907331,10.84084795339368,1.9110438602179538,0.25844671742939856
pl-2024-2024-12-30-man-united-v-newcastle,2024-12-30,2024,Man United,Newcastle,0,2,0,0.3333333333333333,0.0,173.79044689866612,4,4,999,0,1.0,0,999,0,1.0,0,3,3,1.0,0.0,4.0,4.0,11.0,0.6,1.4642857142857142,1.3928571428571428,1.4642857142857142,0.8,2.2,1.6428571428571428,1.2857142857142858,1.5714285714285714,1.5,1.2142857142857142,1.4285714285714286,0.26785714285714285,0.2857142857142857,-0.8642857142857142,12.081220016024211,12.143417810494649,4.031721464172599,10.888120077877847,1.9508268784785745,-0.06219779447043728,3.0,1.0,1.0,16.0,7.0,2.0,1.5892857142857142,2.0535714285714284,1.4821428571428572,3.2,1.4,2.0357142857142856,1.1428571428571428,2.2857142857142856,1.0714285714285714,1.8214285714285714,1.8928571428571428,0.2857142857142857,0.14285714285714285,0.4107142857142858,12.240851576981052,11.982404859551654,4.089897574907331,10.84084795339368,1.9110438602179538,0.25844671742939856
pl-2024-2025-01-01-brentford-v-arsenal,2025-01-01,2024,Brentford,Arsenal,1,3,0,0.16666666666666666,0.0,14.87398151424033,5,5,999,0,1.0,0,999,0,1.0,0,1,5,1.0,1.0,3.0,6.0,9.0,0.8,1.125,1.5714285714285714,1.7321428571428572,1.2,1.8,1.5714285714285714,0.6785714285714286,1.9642857142857142,1.7857142857142858,1.1785714285714286,1.6785714285714286,0.16071428571428573,0.21428571428571427,-0.32499999999999996,12.081220016024211,12.143417810494649,4.031721464172599,10.888120077877847,1.9508268784785745,-0.06219779447043728,3.0,2.0,0.0,9.0,2.0,2.2,2.232142857142857,2.25,0.8035714285714286,1.8,0.4,2.4285714285714284,2.0357142857142856,2.357142857142857,0.7857142857142857,2.142857142857143,0.8214285714285714,0.44642857142857145,0.14285714285714285,-0.03214285714285703,12.240851576981052,11.982404859551654,4.089897574907331,10.84084795339368,1.9110438602179538,0.25844671742939856
pl-2024-2025-01-04-tottenham-v-newcastle,2025-01-04,2024,Tottenham,Newcastle,1,2,0,0.21428571428571427,0.0,388.67839795676935,6,5,999,0,1.0,0,999,0,1.0,0,1,3,1.0,1.0,3.0,13.0,13.0,0.8,1.5789473684210527,2.017543859649123,1.5614035087719298,2.6,2.6,1.8275862068965518,1.3214285714285714,2.1724137931034484,1.5862068965517242,1.8571428571428572,1.5357142857142858,0.19298245614035087,0.14035087719298245,-0.7789473684210526,12.081220016024211,12.143417810494649,4.031721464172599,10.888120077877847,1.9508268784785745,-0.06219779447043728,4.0,0.0,1.0,15.0,4.0,2.4,1.6140350877192982,2.0526315789473686,1.456140350877193,3.0,0.8,2.0357142857142856,1.206896551724138,2.2857142857142856,1.0714285714285714,1.8275862068965518,1.8275862068965518,0.2982456140350877,0.14035087719298245,0.7859649122807018,12.240851576981052,11.982404859551654,4.089897574907331,10.84084795339368,1.9110438602179538,0.25844671742939856
pl-2024-2025-01-04-bournemouth-v-everton,2025-01-04,2024,Bournemouth,Everton,1,0,2,0.6428571428571429,0.0,310.3809824859215,6,6,999,0,1.0,0,999,0,1.0,0,2,3,2.0,3.0,0.0,8.0,4.0,1.8,1.368421052631579,1.456140350877193,1.5789473684210527,1.6,0.8,1.5,1.2413793103448276,1.3571428571428572,1.25,1.5517241379310345,1.896551724137931,0.22807017543859648,0.19298245614035087,0.43157894736842106,12.081220016024211,12.143417810494649,4.031721464172599,10.888120077877847,1.9508268784785745,-0.06219779447043728,1.0,3.0,1.0,5.0,3.0,1.2,1.1607142857142858,0.9821428571428571,1.3392857142857142,1.0,0.6,1.3571428571428572,0.9642857142857143,1.1071428571428572,1.0,0.8571428571428571,1.6785714285714286,0.35714285714285715,0.39285714285714285,0.039285714285714146,12.240851576981052,11.982404859551654,4.089897574907331,10.84084795339368,1.9110438602179538,0.25844671742939856
pl-2024-2025-01-04-man-city-v-west-ham,2025-01-04,2024,Man City,West Ham,4,1,2,0.9166666666666666,0.0,263.06145615917364,6,6,999,0,1.0,0,999,0,1.0,0,1,0,1.0,2.0,2.0,7.0,7.0,1.0,2.1403508771929824,2.245614035087719,1.0526315789473684,1.4,1.4,2.2857142857142856,2.0,2.4285714285714284,1.0357142857142858,2.0689655172413794,1.0689655172413792,0.2982456140350877,0.08771929824561403,-1.1403508771929824,12.081220016024211,12.143417810494649,4.031721464172599,10.888120077877847,1.9508268784785745,-0.06219779447043728,2.0,2.0,1.0,5.0,8.0,1.6,1.3157894736842106,1.456140350877193,1.912280701754386,1.0,1.6,1.3793103448275863,1.25,1.5172413793103448,1.7241379310344827,1.3928571428571428,2.107142857142857,0.15789473684210525,0.21052631578947367,0.28421052631578947,12.240851576981052,11.982404859551654,4.089897574907331,10.84084795339368,1.9110438602179538,0.25844671742939856
pl-2024-2025-01-04-brighton-v-arsenal,2025-01-04,2024,Brighton,Arsenal,1,1,1,0.2857142857142857,0.0,77.40825110392977,5,3,999,0,1.0,0,999,0,1.0,0,1,5,0.0,4.0,1.0,6.0,8.0,0.8,1.3157894736842106,1.4736842105263157,1.5789473684210527,1.2,1.6,1.5714285714285714,1.0689655172413792,1.5357142857142858,1.3928571428571428,1.4137931034482758,1.7586206896551724,0.17543859649122806,0.21052631578947367,-0.5157894736842106,12.081220016024211,12.143417810494649,4.031721464172599,10.888120077877847,1.9508268784785745,-0.06219779447043728,3.0,2.0,0.0,10.0,3.0,2.2,2.245614035087719,2.263157894736842,0.8070175438596491,2.0,0.6,2.4285714285714284,2.0689655172413794,2.357142857142857,0.7857142857142857,2.1724137931034484,0.8275862068965517,0.43859649122807015,0.14035087719298245,-0.045614035087718996,12.240851576981052,11.982404859551654,4.089897574907331,10.84084795339368,1.9110438602179538,0.25844671742939856
pl-2024-2025-01-04-crystal-palace-v-chelsea,2025-01-04,2024,Crystal Palace,Chelsea,1,1,1,0.25,0.0,11.84093067606262,6,5,999,0,1.0,0,999,0,1.0,0,3,3,2.0,2.0,1.0,8.0,9.0,1.6,1.2105263157894737,1.3508771929824561,1.4912280701754386,1.6,1.8,1.3103448275862069,1.1071428571428572,1.5862068965517242,1.4482758620689655,1.1071428571428572,1.5357142857142858,0.24561403508771928,0.22807017543859648,0.3894736842105264,12.081220016024211,12.143417810494649,4.031721464172599,10.888120077877847,1.9508268784785745,-0.06219779447043728,2.0,1.0,2.0,7.0,8.0,1.4,1.719298245614035,2.017543859649123,1.5087719298245614,1.4,1.6,1.8571428571428572,1.5862068965517242,2.107142857142857,1.3214285714285714,1.9310344827586208,1.6896551724137931,0.21052631578947367,0.15789473684210525,-0.3192982456140352,12.240851576981052,11.982404859551654,4.089897574907331,10.84084795339368,1.9110438602179538,0.25844671742939856
pl-2024-2025-01-04-aston-villa-v-leicester,2025-01-04,2024,Aston Villa,Leicester,2,1,2,1.0,0.0,51.714942761944265,5,6,999,0,1.0,0,999,0,1.0,0,1,0,2.0,1.0,2.0,6.0,8.0,1.4,1.7017543859649122,1.8245614035087718,1.6140350877192982,1.2,1.6,2.0344827586206895,1.3571428571428572,2.2413793103448274,1.3793103448275863,1.3928571428571428,1.8571428571428572,0.17543859649122806,0.19298245614035087,-0.30175438596491233,12.081220016024211,12.143417810494649,4.031721464172599,10.888120077877847,1.9508268784785745,-0.06219779447043728,0.0,1.0,4.0,3.0,14.0,0.2,0.7368421052631579,1.1578947368421053,2.210526315789474,0.6,2.8,0.9,0.5555555555555556,1.1,1.7,1.2222222222222223,2.7777777777777777,0.05263157894736842,0.21052631578947367,-0.5368421052631578,12.240851576981052,11.982404859551654,4.089897574907331,10.84084795339368,1.9110438602179538,0.25844671742939856
pl-2024-2025-01-04-southampton-v-brentford,2025-01-04,2024,Southampton,Brentford,0,5,0,0.0,0.0,103.7584336257007,6,3,999,0,1.0,0,999,0,1.0,0,0,1,0.0,1.0,4.0,1.0,9.0,0.2,0.3157894736842105,0.631578947368421,2.0526315789473686,0.2,1.8,0.4444444444444444,0.2,0.7777777777777778,2.4444444444444446,0.5,1.7,0.10526315789473684,0.47368421052631576,-0.1157894736842105,12.081220016024211,12.143417810494649,4.031721464172599,10.888120077877847,1.9508268784785745,-0.06219779447043728,1.0,1.0,3.0,6.0,9.0,0.8,1.105263157894737,1.5614035087719298,1.7543859649122806,1.2,1.8,1.5172413793103448,0.6785714285714286,1.9310344827586208,1.8275862068965518,1.1785714285714286,1.6785714285714286,0.15789473684210525,0.21052631578947367,-0.3052631578947369,12.240851576981052,11.982404859551654,4.089897574907331,10.84084795339368,1.9110438602179538,0.25844671742939856
pl-2024-2025-01-05-fulham-v-ipswich-town,2025-01-05,2024,Fulham,Ipswich Town,2,2,1,0.5,0.0,114.90725006220458,7,6,999,0,1.0,0,999,0,1.0,0,0,1,1.0,4.0,0.0,7.0,6.0,1.4,1.3333333333333333,1.456140350877193,1.5087719298245614,1.4,1.2,1.5517241379310345,1.1071428571428572,1.6206896551724137,1.3448275862068966,1.2857142857142858,1.6785714285714286,0.22807017543859648,0.2631578947368421,0.06666666666666665,12.081220016024211,12.143417810494649,4.031721464172599,10.888120077877847,1.9508268784785745,-0.06219779447043728,2.0,0.0,3.0,5.0,8.0,1.2,0.7894736842105263,0.9473684210526315,1.736842105263158,1.0,1.6,0.7,0.8888888888888888,0.8,1.6,1.1111111111111112,1.8888888888888888,0.10526315789473684,0.3684210526315789,0.41052631578947363,12.240851576981052,11.982404859551654,4.089897574907331,10.84084795339368,1.9110438602179538,0.25844671742939856
pl-2024-2025-01-05-liverpool-v-man-united,2025-01-05,2024,Liverpool,Man United,2,2,1,0.4166666666666667,0.0,44.84237863424872,7,6,999,0,1.0,0,999,0,1.0,0,3,3,3.0,2.0,0.0,19.0,9.0,2.2,2.267857142857143,2.3392857142857144,1.0357142857142858,3.8,1.8,2.5,2.0357142857142856,2.392857142857143,0.8214285714285714,2.2857142857142856,1.25,0.32142857142857145,0.07142857142857142,-0.06785714285714262,12.081220016024211,12.143417810494649,4.031721464172599,10.888120077877847,1.9508268784785745,-0.06219779447043728,1.0,0.0,4.0,4.0,11.0,0.6,1.4385964912280702,1.368421052631579,1.4736842105263157,0.8,2.2,1.5862068965517242,1.2857142857142858,1.5172413793103448,1.5172413793103448,1.2142857142857142,1.4285714285714286,0.2631578947368421,0.2982456140350877,-0.8385964912280702,12.240851576981052,11.982404859551654,4.089897574907331,10.84084795339368,1.9110438602179538,0.25844671742939856
pl-2024-2025-01-06-wolves-v-nott-m-forest,2025-01-06,2024,Wolves,Nott'm Forest,0,3,0,0.3333333333333333,0.0,77.31910351998752,8,8,999,0,1.0,0,999,0,1.0,0,0,2,2.0,1.0,2.0,9.0,6.0,1.4,1.087719298245614,1.4210526315789473,1.8771929824561404,1.8,1.2,1.2142857142857142,0.9655172413793104,1.4285714285714286,1.7857142857142858,1.4137931034482758,1.9655172413793103,0.14035087719298245,0.19298245614035087,0.3122807017543858,12.081220016024211,12.143417810494649,4.031721464172599,10.888120077877847,1.9508268784785745,-0.06219779447043728,5.0,0.0,0.0,10.0,3.0,3.0,1.280701754385965,1.3157894736842106,1.5087719298245614,2.0,0.6,1.3214285714285714,1.2413793103448276,1.3571428571428572,1.3214285714285714,1.2758620689655173,1.6896551724137931,0.21052631578947367,0.22807017543859648,1.719298245614035,12.240851576981052,11.982404859551654,4.089897574907331,10.84084795339368,1.9110438602179538,0.25844671742939856
pl-2024-2025-01-14-west-ham-v-fulham,2025-01-14,2024,West Ham,Fulham,3,2,2,0.4166666666666667,0.0,17.879972655030514,10,9,999,0,1.0,0,999,0,1.0,0,0,0,1.0,2.0,2.0,4.0,11.0,1.0,1.293103448275862,1.4482758620689655,1.9482758620689655,0.8,2.2,1.3793103448275863,1.206896551724138,1.5172413793103448,1.7241379310344827,1.3793103448275863,2.1724137931034484,0.15517241379310345,0.20689655172413793,-0.2931034482758621,12.081220016024211,12.143417810494649,4.031721464172599,10.888120077877847,1.9508268784785745,-0.06219779447043728,1.0,4.0,0.0,8.0,7.0,1.4,1.3275862068965518,1.4655172413793103,1.5172413793103448,1.6,1.4,1.5333333333333334,1.1071428571428572,1.6333333333333333,1.3666666666666667,1.2857142857142858,1.6785714285714286,0.22413793103448276,0.25862068965517243,0.07241379310344809,12.240851576981052,11.982404859551654,4.089897574907331,10.84084795339368,1.9110438602179538,0.25844671742939856
pl-2024-2025-01-14-chelsea-v-bournemouth,2025-01-14,2024,Chelsea,Bournemouth,2,2,1,0.6666666666666666,0.0,141.84087867373012,10,10,999,0,1.0,0,999,0,1.0,0,3,2,1.0,2.0,2.0,4.0,6.0,1.0,1.706896551724138,2.0,1.5,0.8,1.2,1.8571428571428572,1.5666666666666667,2.107142857142857,1.3214285714285714,1.9,1.6666666666666667,0.20689655172413793,0.15517241379310345,-0.7068965517241379,12.081220016024211,12.143417810494649,4.031721464172599,10.888120077877847,1.9508268784785745,-0.06219779447043728,2.0,3.0,0.0,7.0,3.0,1.8,1.396551724137931,1.4482758620689655,1.5517241379310345,1.4,0.6,1.5517241379310345,1.2413793103448276,1.3448275862068966,1.206896551724138,1.5517241379310345,1.896551724137931,0.2413793103448276,0.1896551724137931,0.403448275862069,12.240851576981052,11.982404859551654,4.089897574907331,10.84084795339368,1.9110438602179538,0.25844671742939856
pl-2024-2025-01-14-brentford-v-man-city,2025-01-14,2024,Brentford,Man City,2,2,1,0.08333333333333333,0.0,256.36792510973777,10,10,999,0,1.0,0,999,0,1.0,0,1,1,1.0,1.0,3.0,7.0,7.0,0.8,1.1379310344827587,1.6206896551724137,1.7241379310344827,1.4,1.4,1.5172413793103448,0.7586206896551724,1.9310344827586208,1.8275862068965518,1.3103448275862069,1.6206896551724137,0.1724137931034483,0.20689655172413793,-0.33793103448275863,12.081220016024211,12.143417810494649,4.031721464172599,10.888120077877847,1.9508268784785745,-0.06219779447043728,2.0,1.0,2.0,9.0,6.0,1.4,2.1551724137931036,2.2758620689655173,1.0517241379310345,1.8,1.2,2.310344827586207,2.0,2.4827586206896552,1.0344827586206897,2.0689655172413794,1.0689655172413792,0.29310344827586204,0.08620689655172414,-0.7551724137931037,12.240851576981052,11.982404859551654,4.089897574907331,10.84084795339368,1.9110438602179538,0.25844671742939856
pl-2024-2025-01-14-nott-m-forest-v-liverpool,2025-01-14,2024,Nott'm Forest,Liverpool,1,1,1,0.42857142857142855,0.0,133.53355666955304,8,9,999,0,1.0,0,999,0,1.0,0,2,3,5.0,0.0,0.0,10.0,1.0,3.0,1.3103448275862069,1.3448275862068966,1.4827586206896552,2.0,0.2,1.3214285714285714,1.3,1.3571428571428572,1.3214285714285714,1.3333333333333333,1.6333333333333333,0.22413793103448276,0.22413793103448276,1.6896551724137931,12.081220016024211,12.143417810494649,4.031721464172599,10.888120077877847,1.9508268784785745,-0.06219779447043728,3.0,2.0,0.0,18.0,8.0,2.2,2.245614035087719,2.3333333333333335,1.0526315789473684,3.6,1.6,2.4482758620689653,2.0357142857142856,2.3793103448275863,0.8620689655172413,2.2857142857142856,1.25,0.3157894736842105,0.07017543859649122,-0.045614035087718996,12.240851576981052,11.982404859551654,4.089897574907331,10.84084795339368,1.9110438602179538,0.25844671742939856
pl-2024-2025-01-15-newcastle-v-wolves,2025-01-15,2024,Newcastle,Wolves,3,0,2,0.8333333333333334,0.0,267.35588733290405,11,9,999,0,1.0,0,999,0,1.0,0,3,0,5.0,0.0,0.0,15.0,1.0,3.0,1.6379310344827587,2.0517241379310347,1.4482758620689655,3.0,0.2,2.0357142857142856,1.2666666666666666,2.2857142857142856,1.0714285714285714,1.8333333333333333,1.8,0.29310344827586204,0.13793103448275862,1.3620689655172413,12.081220016024211,12.143417810494649,4.031721464172599,10.888120077877847,1.9508268784785745,-0.06219779447043728,2.0,1.0,2.0,8.0,7.0,1.4,1.0689655172413792,1.396551724137931,1.896551724137931,1.6,1.4,1.1724137931034482,0.9655172413793104,1.3793103448275863,1.8275862068965518,1.4137931034482758,1.9655172413793103,0.13793103448275862,0.20689655172413793,0.3310344827586207,12.240851576981052,11.982404859551654,4.089897574907331,10.84084795339368,1.9110438602179538,0.25844671742939856
pl-2024-2025-01-15-everton-v-aston-villa,2025-01-15,2024,Everton,Aston Villa,0,1,0,0.3333333333333333,0.0,126.22335550924237,11,11,999,0,1.0,0,999,0,1.0,0,3,1,0.0,3.0,2.0,1.0,4.0,0.6,1.1403508771929824,0.9649122807017544,1.3333333333333333,0.2,0.8,1.3571428571428572,0.9310344827586207,1.1071428571428572,1.0,0.8275862068965517,1.6551724137931034,0.3508771929824561,0.40350877192982454,-0.5403508771929825,12.081220016024211,12.143417810494649,4.031721464172599,10.888120077877847,1.9508268784785745,-0.06219779447043728,2.0,1.0,2.0,7.0,9.0,1.4,1.7241379310344827,1.8275862068965518,1.603448275862069,1.4,1.8,2.066666666666667,1.3571428571428572,2.2333333333333334,1.3666666666666667,1.3928571428571428,1.8571428571428572,0.1724137931034483,0.1896551724137931,-0.32413793103448274,12.240851576981052,11.982404859551654,4.089897574907331,10.84084795339368,1.9110438602179538,0.25844671742939856
pl-2024-2025-01-15-leicester-v-crystal-palace,2025-01-15,2024,Leicester,Crystal Palace,0,2,0,0.25,0.0,153.90325565324287,11,11,999,0,1.0,0,999,0,1.0,0,0,3,0.0,0.0,5.0,2.0,14.0,0.0,0.7,1.15,2.2,0.4,2.8,0.9,0.5,1.1,1.7,1.2,2.7,0.05,0.2,-0.7,12.081220016024211,12.143417810494649,4.031721464172599,10.888120077877847,1.9508268784785745,-0.06219779447043728,2.0,2.0,1.0,7.0,8.0,1.6,1.206896551724138,1.3448275862068966,1.4827586206896552,1.4,1.6,1.3,1.1071428571428572,1.5666666666666667,1.4333333333333333,1.1071428571428572,1.5357142857142858,0.2413793103448276,0.22413793103448276,0.3931034482758622,12.240851576981052,11.982404859551654,4.089897574907331,10.84084795339368,1.9110438602179538,0.25844671742939856
pl-2024-2025-01-15-arsenal-v-tottenham,2025-01-15,2024,Arsenal,Tottenham,2,1,2,0.9166666666666666,0.0,5.912025518917407,11,11,999,0,1.0,0,999,0,1.0,0,5,1,3.0,2.0,0.0,10.0,3.0,2.2,2.2241379310344827,2.2413793103448274,0.8103448275862069,2.0,0.6,2.4285714285714284,2.033333333333333,2.357142857142857,0.7857142857142857,2.1333333333333333,0.8333333333333334,0.43103448275862066,0.13793103448275862,-0.024137931034482474,12.081220016024211,12.143417810494649,4.031721464172599,10.888120077877847,1.9508268784785745,-0.06219779447043728,1.0,1.0,3.0,11.0,11.0,0.8,1.5517241379310345,2.0,1.5689655172413792,2.2,2.2,1.7666666666666666,1.3214285714285714,2.1333333333333333,1.6,1.8571428571428572,1.5357142857142858,0.1896551724137931,0.13793103448275862,-0.7517241379310344,12.240851576981052,11.982404859551654,4.089897574907331,10.84084795339368,1.9110438602179538,0.25844671742939856
pl-2024-2025-01-16-ipswich-town-v-brighton,2025-01-16,2024,Ipswich Town,Brighton,0,2,0,0.25,0.0,158.28435208760442,11,12,999,0,1.0,0,999,0,1.0,0,1,1,2.0,1.0,2.0,6.0,8.0,1.4,0.8,1.0,1.75,1.2,1.6,0.7,0.9,0.8,1.6,1.2,1.9,0.1,0.35,0.5999999999999999,12.081220016024211,12.143417810494649,4.031721464172599,10.888120077877847,1.9508268784785745,-0.06219779447043728,0.0,4.0,1.0,5.0,7.0,0.8,1.3103448275862069,1.4655172413793103,1.5689655172413792,1.0,1.4,1.5517241379310345,1.0689655172413792,1.5172413793103448,1.3793103448275863,1.4137931034482758,1.7586206896551724,0.1724137931034483,0.20689655172413793,-0.5103448275862068,12.240851576981052,11.982404859551654,4.089897574907331,10.84084795339368,1.9110438602179538,0.25844671742939856
pl-2024-2025-01-16-man-united-v-southampton,2025-01-16,2024,Man United,Southampton,3,1,2,1.0,0.0,295.7636270011504,11,12,999,0,1.0,0,999,0,1.0,0,3,0,1.0,1.0,3.0,4.0,10.0,0.8,1.4310344827586208,1.3793103448275863,1.4827586206896552,0.8,2.0,1.5862068965517242,1.2758620689655173,1.5172413793103448,1.5172413793103448,1.2413793103448276,1.4482758620689655,0.25862068965517243,0.29310344827586204,-0.6310344827586207,12.081220016024211,12.143417810494649,4.031721464172599,10.888120077877847,1.9508268784785745,-0.06219779447043728,0.0,1.0,4.0,1.0,13.0,0.2,0.3,0.6,2.2,0.2,2.6,0.4,0.2,0.7,2.7,0.5,1.7,0.1,0.5,-0.09999999999999998,12.240851576981052,11.982404859551654,4.089897574907331,10.84084795339368,1.9110438602179538,0.25844671742939856
pl-2024-2025-01-18-newcastle-v-bournemouth,2025-01-18,2024,Newcastle,Bournemouth,1,4,0,0.2857142857142857,0.0,471.70564071559664,3,4,999,0,1.0,0,999,0,1.0,0,3,2,5.0,0.0,0.0,14.0,1.0,3.0,1.6610169491525424,2.0677966101694913,1.423728813559322,2.8,0.2,2.0689655172413794,1.2666666666666666,2.310344827586207,1.0344827586206897,1.8333333333333333,1.8,0.3050847457627119,0.13559322033898305,1.3389830508474576,12.081220016024211,12.143417810494649,4.031721464172599,10.888120077877847,1.9508268784785745,-0.06219779447043728,2.0,3.0,0.0,8.0,4.0,1.8,1.3898305084745763,1.4576271186440677,1.5593220338983051,1.6,0.8,1.5517241379310345,1.2333333333333334,1.3448275862068966,1.206896551724138,1.5666666666666667,1.9,0.23728813559322035,0.1864406779661017,0.4101694915254237,12.240851576981052,11.982404859551654,4.089897574907331,10.84084795339368,1.9110438602179538,0.25844671742939856
pl-2024-2025-01-18-leicester-v-fulham,2025-01-18,2024,Leicester,Fulham,0,2,0,0.0,0.0,142.04217878549298,3,4,999,0,1.0,0,999,0,1.0,0,0,0,0.0,0.0,5.0,2.0,12.0,0.0,0.6666666666666666,1.0952380952380953,2.1904761904761907,0.4,2.4,0.8181818181818182,0.5,1.0,1.7272727272727273,1.2,2.7,0.047619047619047616,0.23809523809523808,-0.6666666666666666,12.081220016024211,12.143417810494649,4.031721464172599,10.888120077877847,1.9508268784785745,-0.06219779447043728,1.0,3.0,1.0,8.0,8.0,1.2,1.305084745762712,1.4745762711864407,1.5423728813559323,1.6,1.6,1.5333333333333334,1.0689655172413792,1.6333333333333333,1.3666666666666667,1.3103448275862069,1.7241379310344827,0.22033898305084745,0.2542372881355932,-0.10508474576271198,12.240851576981052,11.982404859551654,4.089897574907331,10.84084795339368,1.9110438602179538,0.25844671742939856
pl-2024-2025-01-18-west-ham-v-crystal-palace,2025-01-18,2024,West Ham,Crystal Palace,0,2,0,0.3333333333333333,0.0,17.19692229534069,4,3,999,0,1.0,0,999,0,1.0,0,0,3,2.0,1.0,2.0,6.0,12.0,1.4,1.3220338983050848,1.4745762711864407,1.9491525423728813,1.2,2.4,1.4333333333333333,1.206896551724138,1.5666666666666667,1.7333333333333334,1.3793103448275863,2.1724137931034484,0.15254237288135594,0.2033898305084746,0.07796610169491514,12.081220016024211,12.143417810494649,4.031721464172599,10.888120077877847,1.9508268784785745,-0.06219779447043728,2.0,2.0,1.0,6.0,7.0,1.6,1.2372881355932204,1.3559322033898304,1.4576271186440677,1.2,1.4,1.3,1.1724137931034482,1.5666666666666667,1.4333333333333333,1.1379310344827587,1.4827586206896552,0.2542372881355932,0.22033898305084745,0.3627118644067797,12.240851576981052,11.982404859551654,4.089897574907331,10.84084795339368,1.9110438602179538,0.25844671742939856
pl-2024-2025-01-18-brentford-v-liverpool,2025-01-18,2024,Brentford,Liverpool,0,2,0,0.25,0.0,281.61742744390625,4,4,999,0,1.0,0,999,0,1.0,0,1,3,1.0,2.0,2.0,8.0,7.0,1.0,1.1355932203389831,1.6271186440677967,1.728813559322034,1.6,1.4,1.5,0.7586206896551724,1.9333333333333333,1.8333333333333333,1.3103448275862069,1.6206896551724137,0.1694915254237288,0.2033898305084746,-0.13559322033898313,12.081220016024211,12.143417810494649,4.031721464172599,10.888120077877847,1.9508268784785745,-0.06219779447043728,3.0,2.0,0.0,17.0,7.0,2.2,2.2241379310344827,2.310344827586207,1.0517241379310345,3.4,1.4,2.4482758620689653,2.0,2.3793103448275863,0.8620689655172413,2.2413793103448274,1.2413793103448276,0.3103448275862069,0.06896551724137931,-0.024137931034482474,12.240851576981052,11.982404859551654,4.089897574907331,10.84084795339368,1.9110438602179538,0.25844671742939856
pl-2024-2025-01-18-arsenal-v-aston-villa,2025-01-18,2024,Arsenal,Aston Villa,2,2,1,0.5,0.0,161.28672843676878,3,3,999,0,1.0,0,999,0,1.0,0,5,1,4.0,1.0,0.0,12.0,4.0,2.6,2.23728813559322,2.23728813559322,0.8135593220338984,2.4,0.8,2.4482758620689653,2.033333333333333,2.3448275862068964,0.7931034482758621,2.1333333333333333,0.8333333333333334,0.423728813559322,0.13559322033898305,0.36271186440677994,12.081220016024211,12.143417810494649,4.031721464172599,10.888120077877847,1.9508268784785745,-0.06219779447043728,3.0,1.0,1.0,7.0,7.0,2.0,1.7457627118644068,1.8135593220338984,1.576271186440678,1.4,1.4,2.066666666666667,1.4137931034482758,2.2333333333333334,1.3666666666666667,1.3793103448275863,1.793103448275862,0.1864406779661017,0.1864406779661017,0.2542372881355932,12.240851576981052,11.982404859551654,4.089897574907331,10.84084795339368,1.9110438602179538,0.25844671742939856
pl-2024-2025-01-19-man-united-v-brighton,2025-01-19,2024,Man United,Brighton,1,3,0,0.5,0.0,326.14306079684945,3,3,999,0,1.0,0,999,0,1.0,0,3,1,1.0,1.0,3.0,5.0,10.0,0.8,1.4576271186440677,1.4067796610169492,1.4745762711864407,1.0,2.0,1.6333333333333333,1.2758620689655173,1.5666666666666667,1.5,1.2413793103448276,1.4482758620689655,0.2542372881355932,0.288135593220339,-0.6576271186440676,12.081220016024211,12.143417810494649,4.031721464172599,10.888120077877847,1.9508268784785745,-0.06219779447043728,1.0,4.0,0.0,6.0,4.0,1.4,1.3389830508474576,1.4745762711864407,1.5423728813559323,1.2,0.8,1.5517241379310345,1.1333333333333333,1.5172413793103448,1.3793103448275863,1.4333333333333333,1.7,0.1864406779661017,0.2033898305084746,0.0610169491525423,12.240851576981052,11.982404859551654,4.089897574907331,10.84084795339368,1.9110438602179538,0.25844671742939856
pl-2024-2025-01-19-everton-v-tottenham,2025-01-19,2024,Everton,Tottenham,3,2,2,0.2857142857142857,0.0,283.0298619274761,4,4,999,0,1.0,0,999,0,1.0,0,3,1,0.0,2.0,3.0,1.0,5.0,0.4,1.1206896551724137,0.9482758620689655,1.3275862068965518,0.2,1.0,1.3103448275862069,0.9310344827586207,1.0689655172413792,1.0,0.8275862068965517,1.6551724137931034,0.3448275862068966,0.41379310344827586,-0.7206896551724137,12.081220016024211,12.143417810494649,4.031721464172599,10.888120077877847,1.9508268784785745,-0.06219779447043728,0.0,1.0,4.0,7.0,13.0,0.2,1.5254237288135593,1.9830508474576272,1.576271186440678,1.4,2.6,1.7666666666666666,1.2758620689655173,2.1333333333333333,1.6,1.8275862068965518,1.5517241379310345,0.1864406779661017,0.13559322033898305,-1.3254237288135593,12.240851576981052,11.982404859551654,4.089897574907331,10.84084795339368,1.9110438602179538,0.25844671742939856
pl-2024-2025-01-19-nott-m-forest-v-southampton,2025-01-19,2024,Nott'm Forest,Southampton,3,2,2,1.0,0.0,231.82976812386417,5,3,999,0,1.0,0,999,0,1.0,0,2,0,4.0,1.0,0.0,9.0,1.0,2.6,1.305084745762712,1.3389830508474576,1.4745762711864407,1.8,0.2,1.3103448275862069,1.3,1.3448275862068966,1.3103448275862069,1.3333333333333333,1.6333333333333333,0.22033898305084745,0.22033898305084745,1.2949152542372881,12.081220016024211,12.143417810494649,4.031721464172599,10.888120077877847,1.9508268784785745,-0.06219779447043728,0.0,1.0,4.0,2.0,11.0,0.2,0.2857142857142857,0.6190476190476191,2.238095238095238,0.4,2.2,0.4,0.18181818181818182,0.7,2.7,0.5454545454545454,1.8181818181818181,0.09523809523809523,0.47619047619047616,-0.08571428571428569,12.240851576981052,11.982404859551654,4.089897574907331,10.84084795339368,1.9110438602179538,0.25844671742939856
pl-2024-2025-01-19-ipswich-town-v-man-city,2025-01-19,2024,Ipswich Town,Man City,0,6,0,0.0,0.0,276.2528693915215,3,5,999,0,1.0,0,999,0,1.0,0,1,1,1.0,1.0,3.0,4.0,9.0,0.8,0.7619047619047619,0.9523809523809523,1.7619047619047619,0.8,1.8,0.6363636363636364,0.9,0.7272727272727273,1.6363636363636365,1.2,1.9,0.09523809523809523,0.38095238095238093,0.03809523809523818,12.081220016024211,12.143417810494649,4.031721464172599,10.888120077877847,1.9508268784785745,-0.06219779447043728,2.0,2.0,1.0,10.0,6.0,1.6,2.135593220338983,2.2711864406779663,1.0677966101694916,2.0,1.2,2.310344827586207,1.9666666666666666,2.4827586206896552,1.0344827586206897,2.066666666666667,1.1,0.288135593220339,0.0847457627118644,-0.535593220338983,12.240851576981052,11.982404859551654,4.089897574907331,10.84084795339368,1.9110438602179538,0.25844671742939856
pl-2024-2025-01-20-chelsea-v-wolves,2025-01-20,2024,Chelsea,Wolves,3,1,2,0.6666666666666666,0.0,181.01584925623223,6,5,999,0,1.0,0,999,0,1.0,0,3,0,0.0,3.0,2.0,4.0,7.0,0.6,1.694915254237288,2.0,1.5084745762711864,0.8,1.4,1.8275862068965518,1.5666666666666667,2.103448275862069,1.3448275862068966,1.9,1.6666666666666667,0.2033898305084746,0.15254237288135594,-1.094915254237288,12.081220016024211,12.143417810494649,4.031721464172599,10.888120077877847,1.9508268784785745,-0.06219779447043728,2.0,1.0,2.0,7.0,8.0,1.4,1.0508474576271187,1.3728813559322033,1.9152542372881356,1.4,1.6,1.1724137931034482,0.9333333333333333,1.3793103448275863,1.8275862068965518,1.3666666666666667,2.0,0.13559322033898305,0.22033898305084745,0.3491525423728812,12.240851576981052,11.982404859551654,4.089897574907331,10.84084795339368,1.9110438602179538,0.25844671742939856
pl-2024-2025-01-25-bournemouth-v-nott-m-forest,2025-01-25,2024,Bournemouth,Nott'm Forest,5,0,2,0.75,0.0,249.86718117491685,7,6,999,0,1.0,0,999,0,1.0,0,2,2,2.0,3.0,0.0,9.0,5.0,1.8,1.4166666666666667,1.5,1.55,1.8,1.0,1.5517241379310345,1.2903225806451613,1.3448275862068966,1.206896551724138,1.6451612903225807,1.8709677419354838,0.23333333333333334,0.18333333333333332,0.3833333333333333,12.081220016024211,12.143417810494649,4.031721464172599,10.888120077877847,1.9508268784785745,-0.06219779447043728,4.0,1.0,0.0,10.0,3.0,2.6,1.3333333333333333,1.3666666666666667,1.4833333333333334,2.0,0.6,1.3666666666666667,1.3,1.4,1.3333333333333333,1.3333333333333333,1.6333333333333333,0.21666666666666667,0.21666666666666667,1.2666666666666668,12.240851576981052,11.982404859551654,4.089897574907331,10.84084795339368,1.9110438602179538,0.25844671742939856
pl-2024-2025-01-25-wolves-v-arsenal,2025-01-25,2024,Wolves,Arsenal,0,1,0,0.08333333333333333,0.0,179.79241990775787,5,7,999,0,1.0,0,999,0,1.0,0,0,5,1.0,1.0,3.0,5.0,11.0,0.8,1.0333333333333334,1.3666666666666667,1.9333333333333333,1.0,2.2,1.1724137931034482,0.9032258064516129,1.3793103448275863,1.8275862068965518,1.3548387096774193,2.032258064516129,0.13333333333333333,0.21666666666666667,-0.2333333333333334,12.081220016024211,12.143417810494649,4.031721464172599,10.888120077877847,1.9508268784785745,-0.06219779447043728,3.0,2.0,0.0,9.0,5.0,2.2,2.216666666666667,2.2333333333333334,0.8333333333333334,1.8,1.0,2.4,2.033333333333333,2.3333333333333335,0.8333333333333334,2.1333333333333333,0.8333333333333334,0.4166666666666667,0.13333333333333333,-0.016666666666666607,12.240851576981052,11.982404859551654,4.089897574907331,10.84084795339368,1.9110438602179538,0.25844671742939856
pl-2024-2025-01-25-liverpool-v-ipswich-town,2025-01-25,2024,Liverpool,Ipswich Town,4,1,2,1.0,0.0,317.0920009195912,7,6,999,0,1.0,0,999,0,1.0,0,3,1,3.0,2.0,0.0,13.0,4.0,2.2,2.23728813559322,2.305084745762712,1.0338983050847457,2.6,0.8,2.4482758620689653,2.033333333333333,2.3793103448275863,0.8620689655172413,2.2333333333333334,1.2,0.3220338983050847,0.06779661016949153,-0.03728813559321997,12.081220016024211,12.143417810494649,4.031721464172599,10.888120077877847,1.9508268784785745,-0.06219779447043728,1.0,1.0,3.0,4.0,11.0,0.8,0.7272727272727273,0.9090909090909091,1.9545454545454546,0.8,2.2,0.5833333333333334,0.9,0.6666666666666666,2.0,1.2,1.9,0.09090909090909091,0.4090909090909091,0.07272727272727275,12.240851576981052,11.982404859551654,4.089897574907331,10.84084795339368,1.9110438602179538,0.25844671742939856
pl-2024-2025-01-25-southampton-v-newcastle,2025-01-25,2024,Southampton,Newcastle,1,3,0,0.0,0.0,457.6995348806083,6,7,999,0,1.0,0,999,0,1.0,0,0,3,0.0,0.0,5.0,4.0,14.0,0.0,0.2727272727272727,0.6818181818181818,2.272727272727273,0.8,2.8,0.4,0.16666666666666666,0.7,2.7,0.6666666666666666,1.9166666666666667,0.09090909090909091,0.45454545454545453,-0.2727272727272727,12.081220016024211,12.143417810494649,4.031721464172599,10.888120077877847,1.9508268784785745,-0.06219779447043728,4.0,0.0,1.0,11.0,5.0,2.4,1.6333333333333333,2.05,1.4666666666666666,2.2,1.0,2.0,1.2666666666666666,2.2666666666666666,1.1333333333333333,1.8333333333333333,1.8,0.3,0.13333333333333333,0.7666666666666666,12.240851576981052,11.982404859551654,4.089897574907331,10.84084795339368,1.9110438602179538,0.25844671742939856
pl-2024-2025-01-25-brighton-v-everton,2025-01-25,2024,Brighton,Everton,0,1,0,0.4166666666666667,0.0,347.5953438923898,6,6,999,0,1.0,0,999,0,1.0,0,1,3,2.0,3.0,0.0,8.0,4.0,1.8,1.3666666666666667,1.5,1.5333333333333334,1.6,0.8,1.5517241379310345,1.1935483870967742,1.5172413793103448,1.3793103448275863,1.4838709677419355,1.6774193548387097,0.18333333333333332,0.2,0.43333333333333335,12.081220016024211,12.143417810494649,4.031721464172599,10.888120077877847,1.9508268784785745,-0.06219779447043728,1.0,1.0,3.0,4.0,7.0,0.8,1.152542372881356,0.9830508474576272,1.3389830508474576,0.8,1.4,1.3666666666666667,0.9310344827586207,1.1333333333333333,1.0333333333333334,0.8275862068965517,1.6551724137931034,0.3389830508474576,0.4067796610169492,-0.3525423728813559,12.240851576981052,11.982404859551654,4.089897574907331,10.84084795339368,1.9110438602179538,0.25844671742939856
pl-2024-2025-01-25-man-city-v-chelsea,2025-01-25,2024,Man City,Chelsea,3,1,2,0.75,0.0,260.77289712751275,6,5,999,0,1.0,0,999,0,1.0,0,1,3,3.0,2.0,0.0,15.0,4.0,2.2,2.15,2.3333333333333335,1.05,3.0,0.8,2.310344827586207,2.0,2.4827586206896552,1.0344827586206897,2.193548387096774,1.064516129032258,0.3,0.08333333333333333,0.050000000000000266,12.081220016024211,12.143417810494649,4.031721464172599,10.888120077877847,1.9508268784785745,-0.06219779447043728,1.0,2.0,2.0,7.0,8.0,1.0,1.7166666666666666,2.0166666666666666,1.5,1.4,1.6,1.8666666666666667,1.5666666666666667,2.1333333333333333,1.3333333333333333,1.9,1.6666666666666667,0.2,0.15,-0.7166666666666666,12.240851576981052,11.982404859551654,4.089897574907331,10.84084795339368,1.9110438602179538,0.25844671742939856
pl-2024-2025-01-26-tottenham-v-leicester,2025-01-26,2024,Tottenham,Leicester,1,2,0,0.25,0.0,134.76289817560112,7,8,999,0,1.0,0,999,0,1.0,0,1,0,0.0,1.0,4.0,6.0,10.0,0.2,1.5,1.9833333333333334,1.6,1.2,2.0,1.7666666666666666,1.2333333333333334,2.1333333333333333,1.6,1.8333333333333333,1.6,0.18333333333333332,0.13333333333333333,-1.3,12.081220016024211,12.143417810494649,4.031721464172599,10.888120077877847,1.9508268784785745,-0.06219779447043728,0.0,0.0,5.0,2.0,11.0,0.0,0.6363636363636364,1.0454545454545454,2.1818181818181817,0.4,2.2,0.75,0.5,0.9166666666666666,1.75,1.2,2.7,0.045454545454545456,0.2727272727272727,-0.6363636363636364,12.240851576981052,11.982404859551654,4.089897574907331,10.84084795339368,1.9110438602179538,0.25844671742939856
pl-2024-2025-01-26-crystal-palace-v-brentford,2025-01-26,2024,Crystal Palace,Brentford,1,2,0,0.5,0.0,17.684697650519446,8,8,999,0,1.0,0,999,0,1.0,0,3,1,3.0,2.0,0.0,7.0,2.0,2.2,1.2666666666666666,1.3666666666666667,1.4333333333333333,1.4,0.4,1.3,1.2333333333333334,1.5666666666666667,1.4333333333333333,1.1666666666666667,1.4333333333333333,0.26666666666666666,0.21666666666666667,0.9333333333333336,12.081220016024211,12.143417810494649,4.031721464172599,10.888120077877847,1.9508268784785745,-0.06219779447043728,1.0,2.0,2.0,8.0,7.0,1.0,1.1166666666666667,1.6,1.7333333333333334,1.6,1.4,1.4516129032258065,0.7586206896551724,1.8709677419354838,1.8387096774193548,1.3103448275862069,1.6206896551724137,0.16666666666666666,0.21666666666666667,-0.1166666666666667,12.240851576981052,11.982404859551654,4.089897574907331,10.84084795339368,1.9110438602179538,0.25844671742939856
pl-2024-2025-01-26-aston-villa-v-west-ham,2025-01-26,2024,Aston Villa,West Ham,1,1,1,0.8333333333333334,0.0,168.96256636743763,8,8,999,0,1.0,0,999,0,1.0,0,1,0,2.0,2.0,1.0,7.0,8.0,1.6,1.7333333333333334,1.8166666666666667,1.5833333333333333,1.4,1.6,2.066666666666667,1.4,2.2333333333333334,1.3666666666666667,1.4,1.8,0.18333333333333332,0.18333333333333332,-0.1333333333333333,12.081220016024211,12.143417810494649,4.031721464172599,10.888120077877847,1.9508268784785745,-0.06219779447043728,2.0,0.0,3.0,5.0,13.0,1.2,1.3,1.45,1.95,1.0,2.6,1.3870967741935485,1.206896551724138,1.5161290322580645,1.7419354838709677,1.3793103448275863,2.1724137931034484,0.15,0.21666666666666667,-0.10000000000000009,12.240851576981052,11.982404859551654,4.089897574907331,10.84084795339368,1.9110438602179538,0.25844671742939856
pl-2024-2025-01-26-fulham-v-man-united,2025-01-26,2024,Fulham,Man United,0,1,0,0.2857142857142857,0.0,261.7512375105811,8,7,999,0,1.0,0,999,0,1.0,0,0,3,2.0,2.0,1.0,10.0,8.0,1.6,1.3333333333333333,1.4833333333333334,1.5166666666666666,2.0,1.6,1.5333333333333334,1.1333333333333333,1.6333333333333333,1.3666666666666667,1.3333333333333333,1.6666666666666667,0.23333333333333334,0.25,0.26666666666666683,12.081220016024211,12.143417810494649,4.031721464172599,10.888120077877847,1.9508268784785745,-0.06219779447043728,1.0,1.0,3.0,6.0,10.0,0.8,1.4333333333333333,1.4,1.5,1.2,2.0,1.5806451612903225,1.2758620689655173,1.5483870967741935,1.5483870967741935,1.2413793103448276,1.4482758620689655,0.25,0.2833333333333333,-0.6333333333333333,12.240851576981052,11.982404859551654,4.089897574907331,10.84084795339368,1.9110438602179538,0.25844671742939856
pl-2024-2025-02-01-nott-m-forest-v-brighton,2025-02-01,2024,Nott'm Forest,Brighton,7,0,2,0.25,0.0,242.213946310706,7,7,999,0,1.0,0,999,0,1.0,0,2,1,3.0,1.0,1.0,9.0,8.0,2.0,1.3114754098360655,1.3442622950819672,1.540983606557377,1.8,1.6,1.3666666666666667,1.2580645161290323,1.4,1.3333333333333333,1.2903225806451613,1.7419354838709677,0.21311475409836064,0.22950819672131148,0.6885245901639345,12.081220016024211,12.143417810494649,4.031721464172599,10.888120077877847,1.9508268784785745,-0.06219779447043728,2.0,2.0,1.0,8.0,5.0,1.6,1.3442622950819672,1.4754098360655739,1.5245901639344261,1.6,1.0,1.5,1.1935483870967742,1.4666666666666666,1.3666666666666667,1.4838709677419355,1.6774193548387097,0.18032786885245902,0.21311475409836064,0.25573770491803294,12.240851576981052,11.982404859551654,4.089897574907331,10.84084795339368,1.9110438602179538,0.25844671742939856
pl-2024-2025-02-01-newcastle-v-fulham,2025-02-01,2024,Newcastle,Fulham,1,2,0,0.5,0.0,400.0557612696015,7,6,999,0,1.0,0,999,0,1.0,0,3,0,4.0,0.0,1.0,11.0,6.0,2.4,1.6557377049180328,2.0655737704918034,1.459016393442623,2.2,1.2,2.0,1.3225806451612903,2.2666666666666666,1.1333333333333333,1.8709677419354838,1.7741935483870968,0.29508196721311475,0.13114754098360656,0.7442622950819671,12.081220016024211,12.143417810494649,4.031721464172599,10.888120077877847,1.9508268784785745,-0.06219779447043728,1.0,2.0,2.0,8.0,8.0,1.0,1.3114754098360655,1.459016393442623,1.5081967213114753,1.6,1.6,1.4838709677419355,1.1333333333333333,1.5806451612903225,1.3548387096774193,1.3333333333333333,1.6666666666666667,0.22950819672131148,0.26229508196721313,-0.3114754098360655,12.240851576981052,11.982404859551654,4.089897574907331,10.84084795339368,1.9110438602179538,0.25844671742939856
pl-2024-2025-02-01-bournemouth-v-liverpool,2025-02-01,2024,Bournemouth,Liverpool,0,2,0,0.14285714285714285,0.0,309.521114049522,7,7,999,0,1.0,0,999,0,1.0,0,2,3,3.0,2.0,0.0,14.0,5.0,2.2,1.4426229508196722,1.5573770491803278,1.5245901639344261,2.8,1.0,1.6,1.2903225806451613,1.4666666666666666,1.1666666666666667,1.6451612903225807,1.8709677419354838,0.2459016393442623,0.18032786885245902,0.757377049180328,12.081220016024211,12.143417810494649,4.031721464172599,10.888120077877847,1.9508268784785745,-0.06219779447043728,3.0,2.0,0.0,14.0,4.0,2.2,2.25,2.3333333333333335,1.0333333333333334,2.8,0.8,2.466666666666667,2.033333333333333,2.433333333333333,0.8666666666666667,2.2333333333333334,1.2,0.31666666666666665,0.06666666666666667,-0.04999999999999982,12.240851576981052,11.982404859551654,4.089897574907331,10.84084795339368,1.9110438602179538,0.25844671742939856
pl-2024-2025-02-01-everton-v-leicester,2025-02-01,2024,Everton,Leicester,4,0,2,0.75,0.0,152.21482252437943,7,6,999,0,1.0,0,999,0,1.0,0,3,0,2.0,0.0,3.0,4.0,6.0,1.2,1.1833333333333333,0.9833333333333333,1.3166666666666667,0.8,1.2,1.3666666666666667,1.0,1.1333333333333333,1.0333333333333334,0.8333333333333334,1.6,0.35,0.4,0.016666666666666607,12.081220016024211,12.143417810494649,4.031721464172599,10.888120077877847,1.9508268784785745,-0.06219779447043728,1.0,0.0,4.0,3.0,9.0,0.6,0.7391304347826086,1.0869565217391304,2.130434782608696,0.6,1.8,0.75,0.7272727272727273,0.9166666666666666,1.75,1.2727272727272727,2.5454545454545454,0.043478260869565216,0.2608695652173913,-0.13913043478260867,12.240851576981052,11.982404859551654,4.089897574907331,10.84084795339368,1.9110438602179538,0.25844671742939856
pl-2024-2025-02-01-ipswich-town-v-southampton,2025-02-01,2024,Ipswich Town,Southampton,1,2,0,0.25,0.0,221.08898418047852,7,7,999,0,1.0,0,999,0,1.0,0,1,0,1.0,1.0,3.0,5.0,14.0,0.8,0.6956521739130435,0.9130434782608695,2.0434782608695654,1.0,2.8,0.5833333333333334,0.8181818181818182,0.6666666666666666,2.0,1.1818181818181819,2.090909090909091,0.08695652173913043,0.391304347826087,0.10434782608695659,12.081220016024211,12.143417810494649,4.031721464172599,10.888120077877847,1.9508268784785745,-0.06219779447043728,0.0,0.0,5.0,5.0,16.0,0.0,0.2608695652173913,0.6956521739130435,2.3043478260869565,1.0,3.2,0.36363636363636365,0.16666666666666666,0.7272727272727273,2.727272727272727,0.6666666666666666,1.9166666666666667,0.08695652173913043,0.43478260869565216,-0.2608695652173913,12.240851576981052,11.982404859551654,4.089897574907331,10.84084795339368,1.9110438602179538,0.25844671742939856
pl-2024-2025-02-01-wolves-v-aston-villa,2025-02-01,2024,Wolves,Aston Villa,2,0,2,0.4166666666666667,0.0,18.85584349915966,7,6,999,0,1.0,0,999,0,1.0,0,0,1,0.0,1.0,4.0,3.0,12.0,0.2,1.0163934426229508,1.3442622950819672,1.9180327868852458,0.6,2.4,1.1333333333333333,0.9032258064516129,1.3333333333333333,1.8,1.3548387096774193,2.032258064516129,0.13114754098360656,0.22950819672131148,-0.8163934426229509,12.081220016024211,12.143417810494649,4.031721464172599,10.888120077877847,1.9508268784785745,-0.06219779447043728,2.0,3.0,0.0,8.0,6.0,1.8,1.721311475409836,1.8032786885245902,1.5737704918032787,1.6,1.2,2.032258064516129,1.4,2.193548387096774,1.3548387096774193,1.4,1.8,0.18032786885245902,0.18032786885245902,0.07868852459016407,12.240851576981052,11.982404859551654,4.089897574907331,10.84084795339368,1.9110438602179538,0.25844671742939856
pl-2024-2025-02-02-man-united-v-crystal-palace,2025-02-02,2024,Man United,Crystal Palace,0,2,0,0.4166666666666667,0.0,273.9644403116414,7,7,999,0,1.0,0,999,0,1.0,0,3,3,2.0,1.0,2.0,7.0,8.0,1.4,1.459016393442623,1.3934426229508197,1.4754098360655739,1.4,1.6,1.5806451612903225,1.3333333333333333,1.5483870967741935,1.5483870967741935,1.2333333333333334,1.4,0.26229508196721313,0.2786885245901639,-0.059016393442623105,12.081220016024211,12.143417810494649,4.031721464172599,10.888120077877847,1.9508268784785745,-0.06219779447043728,3.0,1.0,1.0,8.0,4.0,2.0,1.2459016393442623,1.360655737704918,1.4426229508196722,1.6,0.8,1.2580645161290323,1.2333333333333334,1.5483870967741935,1.4516129032258065,1.1666666666666667,1.4333333333333333,0.26229508196721313,0.21311475409836064,0.7540983606557377,12.240851576981052,11.982404859551654,4.089897574907331,10.84084795339368,1.9110438602179538,0.25844671742939856
pl-2024-2025-02-02-brentford-v-tottenham,2025-02-02,2024,Brentford,Tottenham,0,2,0,0.2857142857142857,0.0,20.10633019120403,7,7,999,0,1.0,0,999,0,1.0,0,1,1,2.0,1.0,2.0,10.0,8.0,1.4,1.1475409836065573,1.6065573770491803,1.721311475409836,2.0,1.6,1.4516129032258065,0.8333333333333334,1.8709677419354838,1.8387096774193548,1.3333333333333333,1.6,0.16393442622950818,0.21311475409836064,0.2524590163934426,12.081220016024211,12.143417810494649,4.031721464172599,10.888120077877847,1.9508268784785745,-0.06219779447043728,0.0,1.0,4.0,7.0,11.0,0.2,1.4754098360655739,1.9672131147540983,1.6065573770491803,1.4,2.2,1.7096774193548387,1.2333333333333334,2.096774193548387,1.6129032258064515,1.8333333333333333,1.6,0.18032786885245902,0.13114754098360656,-1.275409836065574,12.240851576981052,11.982404859551654,4.089897574907331,10.84084795339368,1.9110438602179538,0.25844671742939856
pl-2024-2025-02-02-arsenal-v-man-city,2025-02-02,2024,Arsenal,Man City,5,1,2,0.5833333333333334,0.0,256.75988180011495,8,8,999,0,1.0,0,999,0,1.0,0,5,1,3.0,2.0,0.0,9.0,5.0,2.2,2.2295081967213113,2.2131147540983607,0.819672131147541,1.8,1.0,2.4,2.064516129032258,2.3333333333333335,0.8333333333333334,2.096774193548387,0.8064516129032258,0.4262295081967213,0.13114754098360656,-0.02950819672131111,12.081220016024211,12.143417810494649,4.031721464172599,10.888120077877847,1.9508268784785745,-0.06219779447043728,4.0,1.0,0.0,17.0,4.0,2.6,2.1639344262295084,2.3442622950819674,1.0491803278688525,3.4,0.8,2.3333333333333335,2.0,2.5,1.0333333333333334,2.193548387096774,1.064516129032258,0.29508196721311475,0.08196721311475409,0.4360655737704917,12.240851576981052,11.982404859551654,4.089897574907331,10.84084795339368,1.9110438602179538,0.25844671742939856
pl-2024-2025-02-03-chelsea-v-west-ham,2025-02-03,2024,Chelsea,West Ham,2,1,2,0.8333333333333334,0.0,15.66482235248609,9,8,999,0,1.0,0,999,0,1.0,0,3,0,1.0,2.0,2.0,7.0,9.0,1.0,1.6885245901639345,2.0,1.5245901639344261,1.4,1.8,1.8666666666666667,1.5161290322580645,2.1333333333333333,1.3333333333333333,1.8709677419354838,1.7096774193548387,0.19672131147540983,0.14754098360655737,-0.6885245901639345,12.081220016024211,12.143417810494649,4.031721464172599,10.888120077877847,1.9508268784785745,-0.06219779447043728,1.0,1.0,3.0,5.0,14.0,0.8,1.2950819672131149,1.4426229508196722,1.9344262295081966,1.0,2.8,1.3870967741935485,1.2,1.5161290322580645,1.7419354838709677,1.3666666666666667,2.1333333333333333,0.14754098360655737,0.21311475409836064,-0.4950819672131148,12.240851576981052,11.982404859551654,4.089897574907331,10.84084795339368,1.9110438602179538,0.25844671742939856
pl-2024-2025-02-12-everton-v-liverpool,2025-02-12,2024,Everton,Liverpool,2,2,1,0.25,0.0,0.8895594131562731,11,11,999,0,1.0,0,999,0,1.0,0,3,3,3.0,0.0,2.0,8.0,4.0,1.8,1.2131147540983607,1.0327868852459017,1.2950819672131149,1.6,0.8,1.4193548387096775,1.0,1.2258064516129032,1.0,0.8333333333333334,1.6,0.36065573770491804,0.39344262295081966,0.5868852459016394,12.081220016024211,12.143417810494649,4.031721464172599,10.888120077877847,1.9508268784785745,-0.06219779447043728,3.0,2.0,0.0,11.0,4.0,2.2,2.262295081967213,2.3278688524590163,1.0163934426229508,2.2,0.8,2.466666666666667,2.064516129032258,2.433333333333333,0.8666666666666667,2.225806451612903,1.1612903225806452,0.32786885245901637,0.06557377049180328,-0.062295081967212784,12.240851576981052,11.982404859551654,4.089897574907331,10.84084795339368,1.9110438602179538,0.25844671742939856
pl-2024-2025-02-14-brighton-v-chelsea,2025-02-14,2024,Brighton,Chelsea,3,0,2,0.42857142857142855,0.0,69.4613335293603,13,11,999,0,1.0,0,999,0,1.0,0,1,3,2.0,1.0,2.0,6.0,10.0,1.4,1.3225806451612903,1.4516129032258065,1.6129032258064515,1.2,2.0,1.5,1.15625,1.4666666666666666,1.3666666666666667,1.4375,1.84375,0.1774193548387097,0.22580645161290322,0.07741935483870965,12.081220016024211,12.143417810494649,4.031721464172599,10.888120077877847,1.9508268784785745,-0.06219779447043728,2.0,2.0,1.0,9.0,8.0,1.6,1.7096774193548387,2.0,1.5161290322580645,1.8,1.6,1.903225806451613,1.5161290322580645,2.129032258064516,1.3225806451612903,1.8709677419354838,1.7096774193548387,0.1935483870967742,0.14516129032258066,-0.10967741935483866,12.240851576981052,11.982404859551654,4.089897574907331,10.84084795339368,1.9110438602179538,0.25844671742939856
pl-2024-2025-02-15-fulham-v-nott-m-forest,2025-02-15,2024,Fulham,Nott'm Forest,2,1,2,0.75,0.0,174.44521668544397,14,14,999,0,1.0,0,999,0,1.0,0,0,2,2.0,1.0,2.0,8.0,7.0,1.4,1.3387096774193548,1.467741935483871,1.5,1.6,1.4,1.4838709677419355,1.1935483870967742,1.5806451612903225,1.3548387096774193,1.3548387096774193,1.6451612903225807,0.22580645161290322,0.25806451612903225,0.06129032258064515,12.081220016024211,12.143417810494649,4.031721464172599,10.888120077877847,1.9508268784785745,-0.06219779447043728,3.0,1.0,1.0,14.0,8.0,2.0,1.3387096774193548,1.435483870967742,1.5161290322580645,2.8,1.6,1.4193548387096775,1.2580645161290323,1.5806451612903225,1.2903225806451613,1.2903225806451613,1.7419354838709677,0.22580645161290322,0.22580645161290322,0.6612903225806452,12.240851576981052,11.982404859551654,4.089897574907331,10.84084795339368,1.9110438602179538,0.25844671742939856
pl-2024-2025-02-15-southampton-v-bournemouth,2025-02-15,2024,Southampton,Bournemouth,1,3,0,0.0,0.0,34.398312345658766,14,14,999,0,1.0,0,999,0,1.0,0,0,2,1.0,0.0,4.0,6.0,15.0,0.6,0.375,0.75,2.25,1.2,3.0,0.36363636363636365,0.38461538461538464,0.7272727272727273,2.727272727272727,0.7692307692307693,1.8461538461538463,0.08333333333333333,0.4166666666666667,0.22499999999999998,12.081220016024211,12.143417810494649,4.031721464172599,10.888120077877847,1.9508268784785745,-0.06219779447043728,3.0,1.0,1.0,12.0,5.0,2.0,1.4193548387096775,1.532258064516129,1.532258064516129,2.4,1.0,1.5483870967741935,1.2903225806451613,1.4193548387096775,1.1935483870967742,1.6451612903225807,1.8709677419354838,0.24193548387096775,0.1935483870967742,0.5806451612903225,12.240851576981052,11.982404859551654,4.089897574907331,10.84084795339368,1.9110438602179538,0.25844671742939856
pl-2024-2025-02-15-leicester-v-arsenal,2025-02-15,2024,Leicester,Arsenal,0,2,0,0.0,0.0,137.7698476760741,14,13,999,0,1.0,0,999,0,1.0,0,0,5,1.0,0.0,4.0,3.0,11.0,0.6,0.7083333333333334,1.0416666666666667,2.2083333333333335,0.6,2.2,0.75,0.6666666666666666,0.9166666666666666,1.75,1.1666666666666667,2.6666666666666665,0.041666666666666664,0.2916666666666667,-0.10833333333333339,12.081220016024211,12.143417810494649,4.031721464172599,10.888120077877847,1.9508268784785745,-0.06219779447043728,3.0,2.0,0.0,11.0,5.0,2.2,2.2419354838709675,2.2580645161290325,0.8225806451612904,2.2,1.0,2.4193548387096775,2.064516129032258,2.4193548387096775,0.8387096774193549,2.096774193548387,0.8064516129032258,0.41935483870967744,0.12903225806451613,-0.04193548387096735,12.240851576981052,11.982404859551654,4.089897574907331,10.84084795339368,1.9110438602179538,0.25844671742939856
pl-2024-2025-02-15-west-ham-v-brentford,2025-02-15,2024,West Ham,Brentford,0,1,0,0.25,0.0,22.038150596322613,12,13,999,0,1.0,0,999,0,1.0,0,0,1,1.0,1.0,3.0,6.0,11.0,0.8,1.2741935483870968,1.435483870967742,1.935483870967742,1.2,2.2,1.3870967741935485,1.1612903225806452,1.5161290322580645,1.7419354838709677,1.3548387096774193,2.129032258064516,0.14516129032258066,0.20967741935483872,-0.4741935483870967,12.081220016024211,12.143417810494649,4.031721464172599,10.888120077877847,1.9508268784785745,-0.06219779447043728,2.0,1.0,2.0,9.0,7.0,1.4,1.1290322580645162,1.5806451612903225,1.7258064516129032,1.8,1.4,1.40625,0.8333333333333334,1.8125,1.84375,1.3333333333333333,1.6,0.16129032258064516,0.22580645161290322,0.2709677419354837,12.240851576981052,11.982404859551654,4.089897574907331,10.84084795339368,1.9110438602179538,0.25844671742939856
pl-2024-2025-02-15-crystal-palace-v-everton,2025-02-15,2024,Crystal Palace,Everton,1,2,0,0.14285714285714285,0.0,299.37095119674154,13,3,999,0,1.0,0,999,0,1.0,0,3,3,3.0,1.0,1.0,8.0,3.0,2.0,1.2741935483870968,1.3709677419354838,1.4193548387096775,1.6,0.6,1.2580645161290323,1.2903225806451613,1.5483870967741935,1.4516129032258065,1.1935483870967742,1.3870967741935485,0.27419354838709675,0.20967741935483872,0.7258064516129032,12.081220016024211,12.143417810494649,4.031721464172599,10.888120077877847,1.9508268784785745,-0.06219779447043728,3.0,1.0,1.0,10.0,5.0,2.0,1.2096774193548387,1.0483870967741935,1.3064516129032258,2.0,1.0,1.40625,1.0,1.25,1.03125,0.8333333333333334,1.6,0.3548387096774194,0.3870967741935484,0.7903225806451613,12.240851576981052,11.982404859551654,4.089897574907331,10.84084795339368,1.9110438602179538,0.25844671742939856
pl-2024-2025-02-15-man-city-v-newcastle,2025-02-15,2024,Man City,Newcastle,4,0,2,0.75,0.0,170.21743081390886,13,14,999,0,1.0,0,999,0,1.0,0,1,3,3.0,1.0,1.0,16.0,9.0,2.0,2.129032258064516,2.3225806451612905,1.1129032258064515,3.2,1.8,2.3333333333333335,1.9375,2.5,1.0333333333333334,2.15625,1.1875,0.2903225806451613,0.08064516129032258,-0.12903225806451601,12.081220016024211,12.143417810494649,4.031721464172599,10.888120077877847,1.9508268784785745,-0.06219779447043728,3.0,0.0,2.0,10.0,8.0,1.8,1.6290322580645162,2.0483870967741935,1.467741935483871,2.0,1.6,1.935483870967742,1.3225806451612903,2.225806451612903,1.1612903225806452,1.8709677419354838,1.7741935483870968,0.2903225806451613,0.12903225806451613,0.1709677419354838,12.240851576981052,11.982404859551654,4.089897574907331,10.84084795339368,1.9110438602179538,0.25844671742939856
pl-2024-2025-02-15-aston-villa-v-ipswich-town,2025-02-15,2024,Aston Villa,Ipswich Town,1,1,1,0.5,0.0,213.25115607356,14,14,999,0,1.0,0,999,0,1.0,0,1,1,2.0,2.0,1.0,6.0,6.0,1.6,1.6935483870967742,1.7741935483870968,1.5806451612903225,1.2,1.2,2.032258064516129,1.3548387096774193,2.193548387096774,1.3548387096774193,1.3548387096774193,1.8064516129032258,0.1774193548387097,0.1935483870967742,-0.09354838709677415,12.081220016024211,12.143417810494649,4.031721464172599,10.888120077877847,1.9508268784785745,-0.06219779447043728,0.0,1.0,4.0,4.0,16.0,0.2,0.6666666666666666,0.9166666666666666,2.0416666666666665,0.8,3.2,0.5384615384615384,0.8181818181818182,0.6923076923076923,2.0,1.1818181818181819,2.090909090909091,0.08333333333333333,0.375,-0.4666666666666666,12.240851576981052,11.982404859551654,4.089897574907331,10.84084795339368,1.9110438602179538,0.25844671742939856
pl-2024-2025-02-16-liverpool-v-wolves,2025-02-16,2024,Liverpool,Wolves,2,1,2,0.8333333333333334,0.0,108.96271895765787,4,15,999,0,1.0,0,999,0,1.0,0,3,0,3.0,2.0,0.0,11.0,4.0,2.2,2.2419354838709675,2.3225806451612905,1.032258064516129,2.2,0.8,2.466666666666667,2.03125,2.433333333333333,0.8666666666666667,2.21875,1.1875,0.3225806451612903,0.06451612903225806,-0.04193548387096735,12.081220016024211,12.143417810494649,4.031721464172599,10.888120077877847,1.9508268784785745,-0.06219779447043728,1.0,0.0,4.0,3.0,10.0,0.6,1.0483870967741935,1.3548387096774193,1.8870967741935485,0.6,2.0,1.1935483870967742,0.9032258064516129,1.3548387096774193,1.7419354838709677,1.3548387096774193,2.032258064516129,0.14516129032258066,0.22580645161290322,-0.4483870967741935,12.240851576981052,11.982404859551654,4.089897574907331,10.84084795339368,1.9110438602179538,0.25844671742939856
pl-2024-2025-02-16-tottenham-v-man-united,2025-02-16,2024,Tottenham,Man United,1,0,2,0.6666666666666666,0.0,255.66645513785016,14,14,999,0,1.0,0,999,0,1.0,0,1,3,1.0,0.0,4.0,7.0,9.0,0.6,1.5,1.967741935483871,1.5806451612903225,1.4,1.8,1.7096774193548387,1.2903225806451613,2.096774193548387,1.6129032258064515,1.8387096774193548,1.5483870967741935,0.1935483870967742,0.12903225806451613,-0.9,12.081220016024211,12.143417810494649,4.031721464172599,10.888120077877847,1.9508268784785745,-0.06219779447043728,2.0,1.0,2.0,7.0,8.0,1.4,1.435483870967742,1.3709677419354838,1.4838709677419355,1.4,1.6,1.53125,1.3333333333333333,1.5,1.5625,1.2333333333333334,1.4,0.25806451612903225,0.2903225806451613,-0.03548387096774208,12.240851576981052,11.982404859551654,4.089897574907331,10.84084795339368,1.9110438602179538,0.25844671742939856
pl-2024-2025-02-19-aston-villa-v-liverpool,2025-02-19,2024,Aston Villa,Liverpool,2,2,1,0.3333333333333333,0.0,125.49951441248902,4,3,999,0,1.0,0,999,0,1.0,0,1,3,1.0,3.0,1.0,5.0,6.0,1.2,1.6825396825396826,1.7619047619047619,1.5714285714285714,1.0,1.2,2.0,1.3548387096774193,2.15625,1.34375,1.3548387096774193,1.8064516129032258,0.1746031746031746,0.19047619047619047,-0.4825396825396826,12.081220016024211,12.143417810494649,4.031721464172599,10.888120077877847,1.9508268784785745,-0.06219779447043728,4.0,1.0,0.0,12.0,4.0,2.6,2.253968253968254,2.3174603174603177,1.0317460317460319,2.4,0.8,2.4838709677419355,2.03125,2.4193548387096775,0.8709677419354839,2.21875,1.1875,0.31746031746031744,0.06349206349206349,0.34603174603174613,12.240851576981052,11.982404859551654,4.089897574907331,10.84084795339368,1.9110438602179538,0.25844671742939856
pl-2024-2025-02-21-leicester-v-brentford,2025-02-21,2024,Leicester,Brentford,0,4,0,0.0,0.0,138.3078949084519,6,6,999,0,1.0,0,999,0,1.0,0,0,1,1.0,0.0,4.0,2.0,11.0,0.6,0.68,1.0,2.2,0.4,2.2,0.6923076923076923,0.6666666666666666,0.8461538461538461,1.7692307692307692,1.1666666666666667,2.6666666666666665,0.04,0.32,-0.08000000000000007,12.081220016024211,12.143417810494649,4.031721464172599,10.888120077877847,1.9508268784785745,-0.06219779447043728,2.0,1.0,2.0,5.0,7.0,1.4,1.1587301587301588,1.5714285714285714,1.6984126984126984,1.0,1.4,1.40625,0.9032258064516129,1.8125,1.84375,1.3225806451612903,1.5483870967741935,0.1746031746031746,0.2222222222222222,0.24126984126984108,12.240851576981052,11.982404859551654,4.089897574907331,10.84084795339368,1.9110438602179538,0.25844671742939856
pl-2024-2025-02-22-everton-v-man-united,2025-02-22,2024,Everton,Man United,2,2,1,0.2857142857142857,0.0,44.77637264276031,7,6,999,0,1.0,0,999,0,1.0,0,3,3,4.0,1.0,0.0,12.0,5.0,2.6,1.2380952380952381,1.0634920634920635,1.3015873015873016,2.4,1.0,1.40625,1.064516129032258,1.25,1.03125,0.8709677419354839,1.5806451612903225,0.3492063492063492,0.38095238095238093,1.361904761904762,12.081220016024211,12.143417810494649,4.031721464172599,10.888120077877847,1.9508268784785745,-0.06219779447043728,2.0,0.0,3.0,5.0,7.0,1.2,1.4126984126984128,1.3492063492063493,1.4761904761904763,1.0,1.4,1.53125,1.2903225806451613,1.5,1.5625,1.1935483870967742,1.3870967741935485,0.25396825396825395,0.30158730158730157,-0.21269841269841283,12.240851576981052,11.982404859551654,4.089897574907331,10.84084795339368,1.9110438602179538,0.25844671742939856
pl-2024-2025-02-22-bournemouth-v-wolves,2025-02-22,2024,Bournemouth,Wolves,0,1,0,0.6666666666666666,0.0,207.24702296907705,7,6,999,0,1.0,0,999,0,1.0,0,2,0,3.0,1.0,1.0,14.0,6.0,2.0,1.4444444444444444,1.5555555555555556,1.5238095238095237,2.8,1.2,1.5483870967741935,1.34375,1.4193548387096775,1.1935483870967742,1.6875,1.84375,0.23809523809523808,0.19047619047619047,0.5555555555555556,12.081220016024211,12.143417810494649,4.031721464172599,10.888120077877847,1.9508268784785745,-0.06219779447043728,1.0,0.0,4.0,4.0,9.0,0.6,1.0317460317460319,1.3492063492063493,1.8888888888888888,0.8,1.8,1.1935483870967742,0.875,1.3548387096774193,1.7419354838709677,1.34375,2.03125,0.14285714285714285,0.2222222222222222,-0.4317460317460319,12.240851576981052,11.982404859551654,4.089897574907331,10.84084795339368,1.9110438602179538,0.25844671742939856
pl-2024-2025-02-22-fulham-v-crystal-palace,2025-02-22,2024,Fulham,Crystal Palace,0,2,0,0.35714285714285715,0.0,12.683686680127758,7,7,999,0,1.0,0,999,0,1.0,0,0,3,3.0,0.0,2.0,8.0,6.0,1.8,1.3650793650793651,1.4761904761904763,1.492063492063492,1.6,1.2,1.53125,1.1935483870967742,1.59375,1.34375,1.3548387096774193,1.6451612903225807,0.2222222222222222,0.25396825396825395,0.43492063492063493,12.081220016024211,12.143417810494649,4.031721464172599,10.888120077877847,1.9508268784785745,-0.06219779447043728,3.0,0.0,2.0,8.0,4.0,1.8,1.253968253968254,1.3650793650793651,1.4285714285714286,1.6,0.8,1.21875,1.2903225806451613,1.53125,1.46875,1.1935483870967742,1.3870967741935485,0.2698412698412698,0.20634920634920634,0.5460317460317461,12.240851576981052,11.982404859551654,4.089897574907331,10.84084795339368,1.9110438602179538,0.25844671742939856
pl-2024-2025-02-22-southampton-v-brighton,2025-02-22,2024,Southampton,Brighton,0,4,0,0.25,0.0,91.80296675037742,7,8,999,0,1.0,0,999,0,1.0,0,0,1,1.0,0.0,4.0,7.0,13.0,0.6,0.36,0.76,2.28,1.4,2.6,0.3333333333333333,0.38461538461538464,0.75,2.75,0.7692307692307693,1.8461538461538463,0.08,0.4,0.24,12.081220016024211,12.143417810494649,4.031721464172599,10.888120077877847,1.9508268784785745,-0.06219779447043728,3.0,0.0,2.0,8.0,9.0,1.8,1.3492063492063493,1.4761904761904763,1.5873015873015872,1.6,1.8,1.5483870967741935,1.15625,1.5161290322580645,1.3225806451612903,1.4375,1.84375,0.19047619047619047,0.2222222222222222,0.45079365079365075,12.240851576981052,11.982404859551654,4.089897574907331,10.84084795339368,1.9110438602179538,0.25844671742939856
pl-2024-2025-02-22-arsenal-v-west-ham,2025-02-22,2024,Arsenal,West Ham,0,1,0,0.6666666666666666,0.0,8.67018537850872,7,7,999,0,1.0,0,999,0,1.0,0,5,0,4.0,1.0,0.0,12.0,4.0,2.6,2.253968253968254,2.253968253968254,0.8095238095238095,2.4,0.8,2.4193548387096775,2.09375,2.4193548387096775,0.8387096774193549,2.09375,0.78125,0.42857142857142855,0.12698412698412698,0.34603174603174613,12.081220016024211,12.143417810494649,4.031721464172599,10.888120077877847,1.9508268784785745,-0.06219779447043728,1.0,1.0,3.0,5.0,8.0,0.8,1.253968253968254,1.4126984126984128,1.9206349206349207,1.0,1.6,1.34375,1.1612903225806452,1.46875,1.71875,1.3548387096774193,2.129032258064516,0.14285714285714285,0.2222222222222222,-0.4539682539682539,12.240851576981052,11.982404859551654,4.089897574907331,10.84084795339368,1.9110438602179538,0.25844671742939856
pl-2024-2025-02-22-ipswich-town-v-tottenham,2025-02-22,2024,Ipswich Town,Tottenham,1,4,0,0.5,0.0,98.1023233949653,7,6,999,0,1.0,0,999,0,1.0,0,1,1,0.0,1.0,4.0,3.0,15.0,0.2,0.68,0.92,2.0,0.6,3.0,0.5384615384615384,0.8333333333333334,0.6923076923076923,2.0,1.1666666666666667,2.0,0.08,0.36,-0.48000000000000004,12.081220016024211,12.143417810494649,4.031721464172599,10.888120077877847,1.9508268784785745,-0.06219779447043728,2.0,0.0,3.0,7.0,7.0,1.2,1.5238095238095237,1.9523809523809523,1.5555555555555556,1.4,1.4,1.75,1.2903225806451613,2.0625,1.5625,1.8387096774193548,1.5483870967741935,0.20634920634920634,0.12698412698412698,-0.32380952380952377,12.240851576981052,11.982404859551654,4.089897574907331,10.84084795339368,1.9110438602179538,0.25844671742939856
pl-2024-2025-02-22-aston-villa-v-chelsea,2025-02-22,2024,Aston Villa,Chelsea,2,1,2,0.5833333333333334,0.0,162.75649517879688,3,8,999,0,1.0,0,999,0,1.0,0,1,3,0.0,4.0,1.0,6.0,8.0,0.8,1.671875,1.765625,1.578125,1.2,1.6,1.9696969696969697,1.3548387096774193,2.1515151515151514,1.3636363636363635,1.3548387096774193,1.8064516129032258,0.171875,0.1875,-0.871875,12.081220016024211,12.143417810494649,4.031721464172599,10.888120077877847,1.9508268784785745,-0.06219779447043728,2.0,1.0,2.0,8.0,10.0,1.4,1.6825396825396826,1.9682539682539681,1.5396825396825398,1.6,2.0,1.903225806451613,1.46875,2.129032258064516,1.3225806451612903,1.8125,1.75,0.19047619047619047,0.15873015873015872,-0.28253968253968265,12.240851576981052,11.982404859551654,4.089897574907331,10.84084795339368,1.9110438602179538,0.25844671742939856
pl-2024-2025-02-23-newcastle-v-nott-m-forest,2025-02-23,2024,Newcastle,Nott'm Forest,4,3,2,0.75,0.0,228.42207866197433,8,8,999,0,1.0,0,999,0,1.0,0,3,2,2.0,0.0,3.0,8.0,11.0,1.2,1.6031746031746033,2.015873015873016,1.507936507936508,1.6,2.2,1.935483870967742,1.28125,2.225806451612903,1.1612903225806452,1.8125,1.84375,0.2857142857142857,0.14285714285714285,-0.4031746031746033,12.081220016024211,12.143417810494649,4.031721464172599,10.888120077877847,1.9508268784785745,-0.06219779447043728,2.0,1.0,2.0,12.0,10.0,1.4,1.3174603174603174,1.4285714285714286,1.5238095238095237,2.4,2.0,1.4193548387096775,1.21875,1.5806451612903225,1.2903225806451613,1.28125,1.75,0.2222222222222222,0.2222222222222222,0.08253968253968247,12.240851576981052,11.982404859551654,4.089897574907331,10.84084795339368,1.9110438602179538,0.25844671742939856
pl-2024-2025-02-23-man-city-v-liverpool,2025-02-23,2024,Man City,Liverpool,0,2,0,0.5,0.0,51.0438844981863,8,4,999,0,1.0,0,999,0,1.0,0,1,3,3.0,1.0,1.0,16.0,8.0,2.0,2.142857142857143,2.3492063492063493,1.0952380952380953,3.2,1.6,2.3548387096774195,1.9375,2.5483870967741935,1.0,2.15625,1.1875,0.30158730158730157,0.07936507936507936,-0.1428571428571428,12.081220016024211,12.143417810494649,4.031721464172599,10.888120077877847,1.9508268784785745,-0.06219779447043728,3.0,2.0,0.0,12.0,6.0,2.2,2.234375,2.3125,1.046875,2.4,1.2,2.4838709677419355,2.0,2.4193548387096775,0.8709677419354839,2.212121212121212,1.2121212121212122,0.3125,0.0625,-0.03437499999999982,12.240851576981052,11.982404859551654,4.089897574907331,10.84084795339368,1.9110438602179538,0.25844671742939856
pl-2024-2025-02-25-wolves-v-fulham,2025-02-25,2024,Wolves,Fulham,1,2,0,0.4166666666666667,0.0,180.06050550948783,3,3,999,0,1.0,0,999,0,1.0,0,0,0,2.0,0.0,3.0,5.0,6.0,1.2,1.0625,1.34375,1.859375,1.0,1.2,1.1935483870967742,0.9393939393939394,1.3548387096774193,1.7419354838709677,1.3333333333333333,1.9696969696969697,0.15625,0.21875,0.13749999999999996,12.081220016024211,12.143417810494649,4.031721464172599,10.888120077877847,1.9508268784785745,-0.06219779447043728,3.0,0.0,2.0,6.0,5.0,1.8,1.34375,1.453125,1.5,1.2,1.0,1.4848484848484849,1.1935483870967742,1.5454545454545454,1.3636363636363635,1.3548387096774193,1.6451612903225807,0.21875,0.265625,0.45625000000000004,12.240851576981052,11.982404859551654,4.089897574907331,10.84084795339368,1.9110438602179538,0.25844671742939856
pl-2024-2025-02-25-brighton-v-bournemouth,2025-02-25,2024,Brighton,Bournemouth,2,1,2,0.5833333333333334,0.0,124.1341237161608,3,3,999,0,1.0,0,999,0,1.0,0,1,2,3.0,0.0,2.0,10.0,9.0,1.8,1.375,1.515625,1.5625,2.0,1.8,1.5483870967741935,1.2121212121212122,1.5161290322580645,1.3225806451612903,1.5151515151515151,1.7878787878787878,0.203125,0.21875,0.42500000000000004,12.081220016024211,12.143417810494649,4.031721464172599,10.888120077877847,1.9508268784785745,-0.06219779447043728,3.0,0.0,2.0,12.0,5.0,1.8,1.421875,1.53125,1.515625,2.4,1.0,1.5,1.34375,1.375,1.1875,1.6875,1.84375,0.234375,0.203125,0.37812500000000004,12.240851576981052,11.982404859551654,4.089897574907331,10.84084795339368,1.9110438602179538,0.25844671742939856
pl-2024-2025-02-25-crystal-palace-v-aston-villa,2025-02-25,2024,Crystal Palace,Aston Villa,4,1,2,0.6666666666666666,0.0,174.51945913250827,3,3,999,0,1.0,0,999,0,1.0,0,3,1,3.0,0.0,2.0,8.0,4.0,1.8,1.28125,1.375,1.40625,1.6,0.8,1.21875,1.34375,1.53125,1.46875,1.21875,1.34375,0.28125,0.203125,0.51875,12.081220016024211,12.143417810494649,4.031721464172599,10.888120077877847,1.9508268784785745,-0.06219779447043728,1.0,3.0,1.0,6.0,7.0,1.2,1.6923076923076923,1.7692307692307692,1.5692307692307692,1.2,1.4,2.0,1.3548387096774193,2.1470588235294117,1.3529411764705883,1.3548387096774193,1.8064516129032258,0.16923076923076924,0.18461538461538463,-0.49230769230769234,12.240851576981052,11.982404859551654,4.089897574907331,10.84084795339368,1.9110438602179538,0.25844671742939856
pl-2024-2025-02-25-chelsea-v-southampton,2025-02-25,2024,Chelsea,Southampton,4,0,2,1.0,0.0,108.47562066594533,3,3,999,0,1.0,0,999,0,1.0,0,3,0,2.0,0.0,3.0,7.0,10.0,1.2,1.65625,1.953125,1.546875,1.4,2.0,1.903225806451613,1.4242424242424243,2.129032258064516,1.3225806451612903,1.7878787878787878,1.7575757575757576,0.1875,0.15625,-0.45625000000000004,12.081220016024211,12.143417810494649,4.031721464172599,10.888120077877847,1.9508268784785745,-0.06219779447043728,1.0,0.0,4.0,6.0,14.0,0.6,0.34615384615384615,0.7307692307692307,2.3461538461538463,1.2,2.8,0.3076923076923077,0.38461538461538464,0.6923076923076923,2.8461538461538463,0.7692307692307693,1.8461538461538463,0.07692307692307693,0.4230769230769231,0.25384615384615383,12.240851576981052,11.982404859551654,4.089897574907331,10.84084795339368,1.9110438602179538,0.25844671742939856
pl-2024-2025-02-26-nott-m-forest-v-arsenal,2025-02-26,2024,Nott'm Forest,Arsenal,0,0,1,0.16666666666666666,0.0,169.03828783728213,3,4,999,0,1.0,0,999,0,1.0,0,2,5,2.0,0.0,3.0,14.0,13.0,1.2,1.296875,1.453125,1.5625,2.8,2.6,1.4193548387096775,1.1818181818181819,1.5806451612903225,1.2903225806451613,1.3333333333333333,1.8181818181818181,0.21875,0.21875,-0.09687500000000004,12.081220016024211,12.143417810494649,4.031721464172599,10.888120077877847,1.9508268784785745,-0.06219779447043728,3.0,1.0,1.0,10.0,4.0,2.0,2.21875,2.21875,0.8125,2.0,0.8,2.34375,2.09375,2.34375,0.84375,2.09375,0.78125,0.421875,0.140625,-0.21875,12.240851576981052,11.982404859551654,4.089897574907331,10.84084795339368,1.9110438602179538,0.25844671742939856
pl-2024-2025-02-26-brentford-v-everton,2025-02-26,2024,Brentford,Everton,1,1,1,0.4166666666666667,0.0,282.2885709497786,5,4,999,0,1.0,0,999,0,1.0,0,1,3,3.0,0.0,2.0,7.0,5.0,1.8,1.1875,1.609375,1.671875,1.4,1.0,1.40625,0.96875,1.8125,1.84375,1.40625,1.5,0.1875,0.21875,0.6125,12.081220016024211,12.143417810494649,4.031721464172599,10.888120077877847,1.9508268784785745,-0.06219779447043728,3.0,2.0,0.0,11.0,5.0,2.2,1.234375,1.078125,1.3125,2.2,1.0,1.393939393939394,1.064516129032258,1.2727272727272727,1.0606060606060606,0.8709677419354839,1.5806451612903225,0.34375,0.375,0.9656250000000002,12.240851576981052,11.982404859551654,4.089897574907331,10.84084795339368,1.9110438602179538,0.25844671742939856
pl-2024-2025-02-26-liverpool-v-newcastle,2025-02-26,2024,Liverpool,Newcastle,2,0,2,0.8571428571428571,0.0,192.88502417995036,3,3,999,0,1.0,0,999,0,1.0,0,3,3,3.0,2.0,0.0,10.0,5.0,2.2,2.246153846153846,2.3076923076923075,1.0307692307692307,2.0,1.0,2.4838709677419355,2.0294117647058822,2.4193548387096775,0.8709677419354839,2.2058823529411766,1.1764705882352942,0.3230769230769231,0.06153846153846154,-0.04615384615384599,12.081220016024211,12.143417810494649,4.031721464172599,10.888120077877847,1.9508268784785745,-0.06219779447043728,2.0,0.0,3.0,9.0,14.0,1.2,1.625,2.046875,1.53125,1.8,2.8,1.96875,1.28125,2.28125,1.21875,1.8125,1.84375,0.28125,0.140625,-0.42500000000000004,12.240851576981052,11.982404859551654,4.089897574907331,10.84084795339368,1.9110438602179538,0.25844671742939856
pl-2024-2025-02-26-tottenham-v-man-city,2025-02-26,2024,Tottenham,Man City,0,1,0,0.5,0.0,253.90234817097527,4,3,999,0,1.0,0,999,0,1.0,0,1,1,3.0,0.0,2.0,10.0,6.0,1.8,1.546875,1.984375,1.546875,2.0,1.2,1.75,1.34375,2.0625,1.5625,1.90625,1.53125,0.203125,0.125,0.25312500000000004,12.081220016024211,12.143417810494649,4.031721464172599,10.888120077877847,1.9508268784785745,-0.06219779447043728,3.0,0.0,2.0,14.0,8.0,1.8,2.109375,2.3125,1.109375,2.8,1.6,2.28125,1.9375,2.46875,1.03125,2.15625,1.1875,0.296875,0.09375,-0.30937499999999996,12.240851576981052,11.982404859551654,4.089897574907331,10.84084795339368,1.9110438602179538,0.25844671742939856
pl-2024-2025-02-26-man-united-v-ipswich-town,2025-02-26,2024,Man United,Ipswich Town,3,2,2,0.8333333333333334,0.0,280.0781259423643,4,4,999,0,1.0,0,999,0,1.0,0,3,1,1.0,1.0,3.0,4.0,8.0,0.8,1.40625,1.359375,1.484375,0.8,1.6,1.53125,1.28125,1.5,1.5625,1.21875,1.40625,0.25,0.296875,-0.60625,12.081220016024211,12.143417810494649,4.031721464172599,10.888120077877847,1.9508268784785745,-0.06219779447043728,0.0,1.0,4.0,4.0,17.0,0.2,0.6538461538461539,0.9230769230769231,2.076923076923077,0.8,3.4,0.5,0.8333333333333334,0.7142857142857143,2.142857142857143,1.1666666666666667,2.0,0.07692307692307693,0.34615384615384615,-0.45384615384615384,12.240851576981052,11.982404859551654,4.089897574907331,10.84084795339368,1.9110438602179538,0.25844671742939856
pl-2024-2025-02-27-west-ham-v-leicester,2025-02-27,2024,West Ham,Leicester,2,0,2,0.5,0.0,143.9076288947994,5,6,999,0,1.0,0,999,0,1.0,0,0,0,1.0,1.0,3.0,3.0,6.0,0.8,1.28125,1.40625,1.890625,0.6,1.2,1.34375,1.21875,1.46875,1.71875,1.34375,2.0625,0.15625,0.21875,-0.48124999999999996,12.081220016024211,12.143417810494649,4.031721464172599,10.888120077877847,1.9508268784785745,-0.06219779447043728,1.0,0.0,4.0,2.0,13.0,0.6,0.6538461538461539,0.9615384615384616,2.269230769230769,0.4,2.6,0.6428571428571429,0.6666666666666666,0.7857142857142857,1.9285714285714286,1.1666666666666667,2.6666666666666665,0.038461538461538464,0.34615384615384615,-0.05384615384615388,12.240851576981052,11.982404859551654,4.089897574907331,10.84084795339368,1.9110438602179538,0.25844671742939856
pl-2024-2025-03-08-brighton-v-fulham,2025-03-08,2024,Brighton,Fulham,2,1,2,0.3333333333333333,0.0,68.94832156381648,11,11,999,0,1.0,0,999,0,1.0,0,1,0,3.0,0.0,2.0,9.0,9.0,1.8,1.4,1.523076923076923,1.5538461538461539,1.8,1.8,1.59375,1.2121212121212122,1.53125,1.3125,1.5151515151515151,1.7878787878787878,0.2,0.2153846153846154,0.40000000000000013,12.081220016024211,12.143417810494649,4.031721464172599,10.888120077877847,1.9508268784785745,-0.06219779447043728,3.0,0.0,2.0,6.0,6.0,1.8,1.3692307692307693,1.4615384615384615,1.4923076923076923,1.2,1.2,1.4848484848484849,1.25,1.5454545454545454,1.3636363636363635,1.375,1.625,0.2153846153846154,0.26153846153846155,0.4307692307692308,12.240851576981052,11.982404859551654,4.089897574907331,10.84084795339368,1.9110438602179538,0.25844671742939856
pl-2024-2025-03-08-crystal-palace-v-ipswich-town,2025-03-08,2024,Crystal Palace,Ipswich Town,1,0,2,0.6666666666666666,0.0,112.75277151612282,11,10,999,0,1.0,0,999,0,1.0,0,3,1,3.0,0.0,2.0,10.0,5.0,1.8,1.3076923076923077,1.4153846153846155,1.4,2.0,1.0,1.2727272727272727,1.34375,1.606060606060606,1.4545454545454546,1.21875,1.34375,0.27692307692307694,0.2,0.49230769230769234,12.081220016024211,12.143417810494649,4.031721464172599,10.888120077877847,1.9508268784785745,-0.06219779447043728,0.0,1.0,4.0,6.0,14.0,0.2,0.6296296296296297,0.9629629629629629,2.111111111111111,1.2,2.8,0.5,0.7692307692307693,0.7142857142857143,2.142857142857143,1.2307692307692308,2.076923076923077,0.07407407407407407,0.3333333333333333,-0.42962962962962964,12.240851576981052,11.982404859551654,4.089897574907331,10.84084795339368,1.9110438602179538,0.25844671742939856
pl-2024-2025-03-08-brentford-v-aston-villa,2025-03-08,2024,Brentford,Aston Villa,0,1,0,0.4166666666666667,0.0,157.1274012431735,10,11,999,0,1.0,0,999,0,1.0,0,1,1,3.0,1.0,1.0,8.0,4.0,2.0,1.1846153846153846,1.6,1.6615384615384616,1.6,0.8,1.393939393939394,0.96875,1.7878787878787878,1.8181818181818181,1.40625,1.5,0.18461538461538463,0.2153846153846154,0.8153846153846154,12.081220016024211,12.143417810494649,4.031721464172599,10.888120077877847,1.9508268784785745,-0.06219779447043728,1.0,2.0,2.0,6.0,10.0,1.0,1.6666666666666667,1.7575757575757576,1.606060606060606,1.2,2.0,2.0,1.3125,2.1470588235294117,1.3529411764705883,1.34375,1.875,0.16666666666666666,0.18181818181818182,-0.6666666666666667,12.240851576981052,11.982404859551654,4.089897574907331,10.84084795339368,1.9110438602179538,0.25844671742939856
pl-2024-2025-03-08-wolves-v-everton,2025-03-08,2024,Wolves,Everton,1,1,1,0.5,0.0,109.72444126016762,11,10,999,0,1.0,0,999,0,1.0,0,0,3,2.0,0.0,3.0,5.0,5.0,1.2,1.0461538461538462,1.3384615384615384,1.8615384615384616,1.0,1.0,1.15625,0.9393939393939394,1.34375,1.75,1.3333333333333333,1.9696969696969697,0.15384615384615385,0.2153846153846154,0.15384615384615374,12.081220016024211,12.143417810494649,4.031721464172599,10.888120077877847,1.9508268784785745,-0.06219779447043728,2.0,3.0,0.0,11.0,6.0,1.8,1.2307692307692308,1.0769230769230769,1.3076923076923077,2.2,1.2,1.393939393939394,1.0625,1.2727272727272727,1.0606060606060606,0.875,1.5625,0.3384615384615385,0.36923076923076925,0.5692307692307692,12.240851576981052,11.982404859551654,4.089897574907331,10.84084795339368,1.9110438602179538,0.25844671742939856
pl-2024-2025-03-08-nott-m-forest-v-man-city,2025-03-08,2024,Nott'm Forest,Man City,1,0,2,0.25,0.0,93.0370438359667,10,10,999,0,1.0,0,999,0,1.0,0,2,1,1.0,1.0,3.0,11.0,11.0,0.8,1.2923076923076924,1.4307692307692308,1.5384615384615385,2.2,2.2,1.40625,1.1818181818181819,1.53125,1.25,1.3333333333333333,1.8181818181818181,0.23076923076923078,0.23076923076923078,-0.49230769230769234,12.081220016024211,12.143417810494649,4.031721464172599,10.888120077877847,1.9508268784785745,-0.06219779447043728,3.0,0.0,2.0,9.0,8.0,1.8,2.123076923076923,2.292307692307692,1.0923076923076922,1.8,1.6,2.28125,1.9696969696969697,2.46875,1.03125,2.121212121212121,1.1515151515151516,0.3076923076923077,0.09230769230769231,-0.32307692307692304,12.240851576981052,11.982404859551654,4.089897574907331,10.84084795339368,1.9110438602179538,0.25844671742939856
pl-2024-2025-03-08-liverpool-v-southampton,2025-03-08,2024,Liverpool,Southampton,3,1,2,1.0,0.0,305.2913982263406,10,11,999,0,1.0,0,999,0,1.0,0,3,0,3.0,2.0,0.0,10.0,5.0,2.2,2.257575757575758,2.303030303030303,1.0151515151515151,2.0,1.0,2.5,2.0294117647058822,2.40625,0.84375,2.2058823529411766,1.1764705882352942,0.3333333333333333,0.06060606060606061,-0.05757575757575761,12.081220016024211,12.143417810494649,4.031721464172599,10.888120077877847,1.9508268784785745,-0.06219779447043728,1.0,0.0,4.0,4.0,15.0,0.6,0.3333333333333333,0.7037037037037037,2.4074074074074074,0.8,3.0,0.3076923076923077,0.35714285714285715,0.6923076923076923,2.8461538461538463,0.7142857142857143,2.0,0.07407407407407407,0.4444444444444444,0.26666666666666666,12.240851576981052,11.982404859551654,4.089897574907331,10.84084795339368,1.9110438602179538,0.25844671742939856
pl-2024-2025-03-09-man-united-v-arsenal,2025-03-09,2024,Man United,Arsenal,1,1,1,0.25,0.0,258.3980584719573,11,11,999,0,1.0,0,999,0,1.0,0,3,5,2.0,1.0,2.0,6.0,7.0,1.4,1.4307692307692308,1.3846153846153846,1.4923076923076923,1.2,1.4,1.5757575757575757,1.28125,1.5454545454545454,1.5757575757575757,1.21875,1.40625,0.24615384615384617,0.2923076923076923,-0.030769230769230882,12.081220016024211,12.143417810494649,4.031721464172599,10.888120077877847,1.9508268784785745,-0.06219779447043728,3.0,1.0,1.0,8.0,2.0,2.0,2.2,2.1846153846153844,0.8,1.6,0.4,2.34375,2.0606060606060606,2.34375,0.84375,2.0303030303030303,0.7575757575757576,0.4307692307692308,0.15384615384615385,-0.20000000000000018,12.240851576981052,11.982404859551654,4.089897574907331,10.84084795339368,1.9110438602179538,0.25844671742939856
pl-2024-2025-03-09-tottenham-v-bournemouth,2025-03-09,2024,Tottenham,Bournemouth,2,2,1,0.4166666666666667,0.0,156.83846275039934,11,12,999,0,1.0,0,999,0,1.0,0,1,2,3.0,0.0,2.0,8.0,4.0,1.8,1.523076923076923,1.9538461538461538,1.5384615384615385,1.6,0.8,1.696969696969697,1.34375,2.0,1.5454545454545454,1.90625,1.53125,0.2,0.13846153846153847,0.27692307692307705,12.081220016024211,12.143417810494649,4.031721464172599,10.888120077877847,1.9508268784785745,-0.06219779447043728,2.0,0.0,3.0,9.0,6.0,1.2,1.4,1.523076923076923,1.523076923076923,1.8,1.2,1.5,1.303030303030303,1.375,1.1875,1.6666666666666667,1.8484848484848484,0.23076923076923078,0.2,-0.19999999999999996,12.240851576981052,11.982404859551654,4.089897574907331,10.84084795339368,1.9110438602179538,0.25844671742939856
pl-2024-2025-03-09-chelsea-v-leicester,2025-03-09,2024,Chelsea,Leicester,1,0,2,1.0,0.0,142.26845608367574,12,10,999,0,1.0,0,999,0,1.0,0,3,0,2.0,0.0,3.0,8.0,9.0,1.2,1.676923076923077,1.9846153846153847,1.523076923076923,1.6,1.8,1.9375,1.4242424242424243,2.1875,1.28125,1.7878787878787878,1.7575757575757576,0.2,0.15384615384615385,-0.476923076923077,12.081220016024211,12.143417810494649,4.031721464172599,10.888120077877847,1.9508268784785745,-0.06219779447043728,1.0,0.0,4.0,2.0,13.0,0.6,0.6296296296296297,0.9259259259259259,2.259259259259259,0.4,2.6,0.6428571428571429,0.6153846153846154,0.7857142857142857,1.9285714285714286,1.0769230769230769,2.6153846153846154,0.037037037037037035,0.37037037037037035,-0.029629629629629672,12.240851576981052,11.982404859551654,4.089897574907331,10.84084795339368,1.9110438602179538,0.25844671742939856
pl-2024-2025-03-10-west-ham-v-newcastle,2025-03-10,2024,West Ham,Newcastle,0,1,0,0.4166666666666667,0.0,397.1243033528876,11,12,999,0,1.0,0,999,0,1.0,0,0,3,2.0,1.0,2.0,5.0,4.0,1.4,1.3076923076923077,1.4153846153846155,1.8615384615384616,1.0,0.8,1.393939393939394,1.21875,1.4848484848484849,1.6666666666666667,1.34375,2.0625,0.16923076923076924,0.2153846153846154,0.0923076923076922,12.081220016024211,12.143417810494649,4.031721464172599,10.888120077877847,1.9508268784785745,-0.06219779447043728,2.0,0.0,3.0,8.0,12.0,1.2,1.6,2.0153846153846153,1.5384615384615385,1.6,2.4,1.96875,1.2424242424242424,2.28125,1.21875,1.7575757575757576,1.8484848484848484,0.27692307692307694,0.15384615384615385,-0.40000000000000013,12.240851576981052,11.982404859551654,4.089897574907331,10.84084795339368,1.9110438602179538,0.25844671742939856
pl-2024-2025-03-15-southampton-v-wolves,2025-03-15,2024,Southampton,Wolves,1,2,0,0.0,0.0,198.8770165561728,7,7,999,0,1.0,0,999,0,1.0,0,0,0,1.0,0.0,4.0,4.0,15.0,0.6,0.32142857142857145,0.7142857142857143,2.4285714285714284,0.8,3.0,0.3076923076923077,0.3333333333333333,0.6923076923076923,2.8461538461538463,0.7333333333333333,2.066666666666667,0.07142857142857142,0.42857142857142855,0.2785714285714285,12.081220016024211,12.143417810494649,4.031721464172599,10.888120077877847,1.9508268784785745,-0.06219779447043728,2.0,1.0,2.0,6.0,5.0,1.4,1.0454545454545454,1.3333333333333333,1.8484848484848484,1.2,1.0,1.1515151515151516,0.9393939393939394,1.3333333333333333,1.7272727272727273,1.3333333333333333,1.9696969696969697,0.15151515151515152,0.21212121212121213,0.3545454545454545,12.240851576981052,11.982404859551654,4.089897574907331,10.84084795339368,1.9110438602179538,0.25844671742939856
pl-2024-2025-03-15-everton-v-west-ham,2025-03-15,2024,Everton,West Ham,1,1,1,0.4166666666666667,0.0,292.1857178284632,7,5,999,0,1.0,0,999,0,1.0,0,3,0,1.0,4.0,0.0,8.0,7.0,1.4,1.2272727272727273,1.0757575757575757,1.303030303030303,1.6,1.4,1.393939393939394,1.0606060606060606,1.2727272727272727,1.0606060606060606,0.8787878787878788,1.5454545454545454,0.3333333333333333,0.36363636363636365,0.17272727272727262,12.081220016024211,12.143417810494649,4.031721464172599,10.888120077877847,1.9508268784785745,-0.06219779447043728,2.0,0.0,3.0,4.0,4.0,1.2,1.2878787878787878,1.393939393939394,1.8484848484848484,0.8,0.8,1.3529411764705883,1.21875,1.4411764705882353,1.6470588235294117,1.34375,2.0625,0.16666666666666666,0.22727272727272727,-0.08787878787878789,12.240851576981052,11.982404859551654,4.089897574907331,10.84084795339368,1.9110438602179538,0.25844671742939856
pl-2024-2025-03-15-man-city-v-brighton,2025-03-15,2024,Man City,Brighton,2,2,1,0.5,0.0,325.3035443592153,7,7,999,0,1.0,0,999,0,1.0,0,1,1,2.0,0.0,3.0,6.0,8.0,1.2,2.090909090909091,2.257575757575758,1.0909090909090908,1.2,1.6,2.28125,1.911764705882353,2.46875,1.03125,2.0588235294117645,1.1470588235294117,0.30303030303030304,0.10606060606060606,-0.8909090909090909,12.081220016024211,12.143417810494649,4.031721464172599,10.888120077877847,1.9508268784785745,-0.06219779447043728,4.0,0.0,1.0,11.0,9.0,2.4,1.4242424242424243,1.5303030303030303,1.5454545454545454,2.2,1.8,1.6363636363636365,1.2121212121212122,1.5454545454545454,1.303030303030303,1.5151515151515151,1.7878787878787878,0.19696969696969696,0.21212121212121213,0.9757575757575756,12.240851576981052,11.982404859551654,4.089897574907331,10.84084795339368,1.9110438602179538,0.25844671742939856
pl-2024-2025-03-15-ipswich-town-v-nott-m-forest,2025-03-15,2024,Ipswich Town,Nott'm Forest,2,4,0,0.0,0.0,184.0624022167094,7,7,999,0,1.0,0,999,0,1.0,0,1,2,0.0,1.0,4.0,5.0,11.0,0.2,0.6071428571428571,0.9285714285714286,2.0714285714285716,1.0,2.2,0.5,0.7142857142857143,0.7142857142857143,2.142857142857143,1.1428571428571428,2.0,0.07142857142857142,0.35714285714285715,-0.4071428571428571,12.081220016024211,12.143417810494649,4.031721464172599,10.888120077877847,1.9508268784785745,-0.06219779447043728,2.0,1.0,2.0,12.0,6.0,1.4,1.3181818181818181,1.4242424242424243,1.5151515151515151,2.4,1.2,1.4545454545454546,1.1818181818181819,1.5151515151515151,1.2121212121212122,1.3333333333333333,1.8181818181818181,0.24242424242424243,0.22727272727272727,0.08181818181818179,12.240851576981052,11.982404859551654,4.089897574907331,10.84084795339368,1.9110438602179538,0.25844671742939856
pl-2024-2025-03-15-bournemouth-v-brentford,2025-03-15,2024,Bournemouth,Brentford,1,2,0,0.21428571428571427,0.0,136.7376286546296,6,7,999,0,1.0,0,999,0,1.0,0,2,1,1.0,1.0,3.0,6.0,8.0,0.8,1.393939393939394,1.5303030303030303,1.5303030303030303,1.2,1.6,1.5,1.2941176470588236,1.375,1.1875,1.6764705882352942,1.8529411764705883,0.22727272727272727,0.19696969696969696,-0.593939393939394,12.081220016024211,12.143417810494649,4.031721464172599,10.888120077877847,1.9508268784785745,-0.06219779447043728,2.0,1.0,2.0,6.0,4.0,1.4,1.1666666666666667,1.5757575757575757,1.6515151515151516,1.2,0.8,1.3529411764705883,0.96875,1.7352941176470589,1.7941176470588236,1.40625,1.5,0.18181818181818182,0.22727272727272727,0.23333333333333317,12.240851576981052,11.982404859551654,4.089897574907331,10.84084795339368,1.9110438602179538,0.25844671742939856
pl-2024-2025-03-16-fulham-v-tottenham,2025-03-16,2024,Fulham,Tottenham,2,0,2,0.75,0.0,17.90725628813951,8,7,999,0,1.0,0,999,0,1.0,0,0,1,3.0,0.0,2.0,7.0,7.0,1.8,1.3484848484848484,1.4545454545454546,1.5,1.4,1.4,1.4848484848484849,1.2121212121212122,1.5454545454545454,1.3636363636363635,1.3636363636363635,1.6363636363636365,0.21212121212121213,0.25757575757575757,0.45151515151515165,12.081220016024211,12.143417810494649,4.031721464172599,10.888120077877847,1.9508268784785745,-0.06219779447043728,3.0,1.0,1.0,9.0,4.0,2.0,1.5151515151515151,1.9545454545454546,1.5454545454545454,1.8,0.8,1.6764705882352942,1.34375,2.0,1.5588235294117647,1.90625,1.53125,0.19696969696969696,0.13636363636363635,0.48484848484848486,12.240851576981052,11.982404859551654,4.089897574907331,10.84084795339368,1.9110438602179538,0.25844671742939856
pl-2024-2025-03-16-arsenal-v-chelsea,2025-03-16,2024,Arsenal,Chelsea,1,0,2,0.7857142857142857,0.0,10.204802525519494,7,7,999,0,1.0,0,999,0,1.0,0,5,3,2.0,2.0,1.0,8.0,3.0,1.6,2.1818181818181817,2.1666666666666665,0.803030303030303,1.6,0.6,2.34375,2.0294117647058822,2.34375,0.84375,2.0,0.7647058823529411,0.42424242424242425,0.15151515151515152,-0.5818181818181816,12.081220016024211,12.143417810494649,4.031721464172599,10.888120077877847,1.9508268784785745,-0.06219779447043728,3.0,0.0,2.0,8.0,6.0,1.8,1.696969696969697,1.9696969696969697,1.5,1.6,1.2,1.9696969696969697,1.4242424242424243,2.1515151515151514,1.2424242424242424,1.7878787878787878,1.7575757575757576,0.21212121212121213,0.15151515151515152,0.10303030303030303,12.240851576981052,11.982404859551654,4.089897574907331,10.84084795339368,1.9110438602179538,0.25844671742939856
pl-2024-2025-03-16-leicester-v-man-united,2025-03-16,2024,Leicester,Man United,0,3,0,0.0,0.0,121.18806988968623,7,7,999,0,1.0,0,999,0,1.0,0,0,3,0.0,0.0,5.0,0.0,13.0,0.0,0.6071428571428571,0.8928571428571429,2.2142857142857144,0.0,2.6,0.6428571428571429,0.5714285714285714,0.7857142857142857,1.9285714285714286,1.0,2.5,0.03571428571428571,0.39285714285714285,-0.6071428571428571,12.081220016024211,12.143417810494649,4.031721464172599,10.888120077877847,1.9508268784785745,-0.06219779447043728,1.0,2.0,2.0,6.0,8.0,1.0,1.4242424242424243,1.378787878787879,1.4848484848484849,1.2,1.6,1.5588235294117647,1.28125,1.5294117647058822,1.5588235294117647,1.21875,1.40625,0.24242424242424243,0.2878787878787879,-0.4242424242424243,12.240851576981052,11.982404859551654,4.089897574907331,10.84084795339368,1.9110438602179538,0.25844671742939856
pl-2024-2025-04-01-nott-m-forest-v-man-united,2025-04-01,2024,Nott'm Forest,Man United,1,0,2,0.5833333333333334,0.0,96.38251389166221,17,16,999,0,1.0,0,999,0,1.0,0,2,3,2.0,1.0,2.0,9.0,8.0,1.4,1.3432835820895523,1.462686567164179,1.5223880597014925,1.8,1.6,1.4545454545454546,1.2352941176470589,1.5151515151515151,1.2121212121212122,1.411764705882353,1.8235294117647058,0.23880597014925373,0.22388059701492538,0.05671641791044757,12.081220016024211,12.143417810494649,4.031721464172599,10.888120077877847,1.9508268784785745,-0.06219779447043728,2.0,2.0,1.0,9.0,6.0,1.6,1.4477611940298507,1.4029850746268657,1.462686567164179,1.8,1.2,1.5588235294117647,1.3333333333333333,1.5294117647058822,1.5588235294117647,1.2727272727272727,1.3636363636363635,0.2537313432835821,0.2835820895522388,0.15223880597014938,12.240851576981052,11.982404859551654,4.089897574907331,10.84084795339368,1.9110438602179538,0.25844671742939856
pl-2024-2025-04-01-wolves-v-west-ham,2025-04-01,2024,Wolves,West Ham,1,0,2,0.3333333333333333,0.0,187.5456724769656,17,17,999,0,1.0,0,999,0,1.0,0,0,0,2.0,1.0,2.0,6.0,6.0,1.4,1.0746268656716418,1.3432835820895523,1.835820895522388,1.2,1.2,1.1515151515151516,1.0,1.3333333333333333,1.7272727272727273,1.3529411764705883,1.9411764705882353,0.14925373134328357,0.208955223880597,0.3253731343283581,12.081220016024211,12.143417810494649,4.031721464172599,10.888120077877847,1.9508268784785745,-0.06219779447043728,2.0,1.0,2.0,4.0,3.0,1.4,1.2835820895522387,1.3880597014925373,1.835820895522388,0.8,0.6,1.3529411764705883,1.2121212121212122,1.4411764705882353,1.6470588235294117,1.3333333333333333,2.0303030303030303,0.16417910447761194,0.22388059701492538,0.11641791044776117,12.240851576981052,11.982404859551654,4.089897574907331,10.84084795339368,1.9110438602179538,0.25844671742939856
pl-2024-2025-04-01-arsenal-v-fulham,2025-04-01,2024,Arsenal,Fulham,2,1,2,0.6666666666666666,0.0,12.102078440930182,16,16,999,0,1.0,0,999,0,1.0,0,5,0,2.0,2.0,1.0,4.0,2.0,1.6,2.1940298507462686,2.1492537313432836,0.7910447761194029,0.8,0.4,2.3636363636363638,2.0294117647058822,2.303030303030303,0.8181818181818182,2.0,0.7647058823529411,0.43283582089552236,0.14925373134328357,-0.5940298507462685,12.081220016024211,12.143417810494649,4.031721464172599,10.888120077877847,1.9508268784785745,-0.06219779447043728,3.0,0.0,2.0,7.0,6.0,1.8,1.373134328358209,1.462686567164179,1.4776119402985075,1.4,1.2,1.5294117647058822,1.2121212121212122,1.5588235294117647,1.3235294117647058,1.3636363636363635,1.6363636363636365,0.22388059701492538,0.2537313432835821,0.4268656716417911,12.240851576981052,11.982404859551654,4.089897574907331,10.84084795339368,1.9110438602179538,0.25844671742939856
pl-2024-2025-04-02-newcastle-v-brentford,2025-04-02,2024,Newcastle,Brentford,2,1,2,0.5,0.0,397.2354971132688,23,18,999,0,1.0,0,999,0,1.0,0,3,1,2.0,0.0,3.0,6.0,11.0,1.2,1.621212121212121,2.0,1.5151515151515151,1.2,2.2,1.96875,1.2941176470588236,2.28125,1.21875,1.7352941176470589,1.7941176470588236,0.2878787878787879,0.15151515151515152,-0.42121212121212115,12.081220016024211,12.143417810494649,4.031721464172599,10.888120077877847,1.9508268784785745,-0.06219779447043728,3.0,1.0,1.0,8.0,3.0,2.0,1.1940298507462686,1.5820895522388059,1.6417910447761195,1.6,0.6,1.3529411764705883,1.0303030303030303,1.7352941176470589,1.7941176470588236,1.4242424242424243,1.4848484848484849,0.1791044776119403,0.22388059701492538,0.8059701492537314,12.240851576981052,11.982404859551654,4.089897574907331,10.84084795339368,1.9110438602179538,0.25844671742939856
pl-2024-2025-04-02-bournemouth-v-ipswich-town,2025-04-02,2024,Bournemouth,Ipswich Town,1,2,0,0.5,0.0,254.5972980342091,18,18,999,0,1.0,0,999,0,1.0,0,2,1,1.0,1.0,3.0,7.0,8.0,0.8,1.373134328358209,1.5223880597014925,1.537313432835821,1.4,1.6,1.4545454545454546,1.2941176470588236,1.3636363636363635,1.2121212121212122,1.6764705882352942,1.8529411764705883,0.22388059701492538,0.19402985074626866,-0.5731343283582089,12.081220016024211,12.143417810494649,4.031721464172599,10.888120077877847,1.9508268784785745,-0.06219779447043728,0.0,1.0,4.0,6.0,13.0,0.2,0.5862068965517241,0.9655172413793104,2.1379310344827585,1.2,2.6,0.4666666666666667,0.7142857142857143,0.8,2.2666666666666666,1.1428571428571428,2.0,0.06896551724137931,0.3448275862068966,-0.3862068965517241,12.240851576981052,11.982404859551654,4.089897574907331,10.84084795339368,1.9110438602179538,0.25844671742939856
pl-2024-2025-04-02-southampton-v-crystal-palace,2025-04-02,2024,Southampton,Crystal Palace,1,1,1,0.25,0.0,108.89348724246098,18,25,999,0,1.0,0,999,0,1.0,0,0,3,0.0,0.0,5.0,3.0,16.0,0.0,0.3103448275862069,0.7241379310344828,2.413793103448276,0.6,3.2,0.2857142857142857,0.3333333333333333,0.7142857142857143,2.7857142857142856,0.7333333333333333,2.066666666666667,0.06896551724137931,0.41379310344827586,-0.3103448275862069,12.081220016024211,12.143417810494649,4.031721464172599,10.888120077877847,1.9508268784785745,-0.06219779447043728,4.0,0.0,1.0,10.0,3.0,2.4,1.3333333333333333,1.4090909090909092,1.378787878787879,2.0,0.6,1.3235294117647058,1.34375,1.588235294117647,1.411764705882353,1.21875,1.34375,0.2878787878787879,0.19696969696969696,1.0666666666666667,12.240851576981052,11.982404859551654,4.089897574907331,10.84084795339368,1.9110438602179538,0.25844671742939856
pl-2024-2025-04-02-man-city-v-leicester,2025-04-02,2024,Man City,Leicester,2,0,2,1.0,0.0,119.19967981066102,18,17,999,0,1.0,0,999,0,1.0,0,1,0,2.0,1.0,2.0,7.0,5.0,1.4,2.074626865671642,2.253731343283582,1.1044776119402986,1.4,1.0,2.242424242424242,1.911764705882353,2.4545454545454546,1.0606060606060606,2.0588235294117645,1.1470588235294117,0.29850746268656714,0.1044776119402985,-0.6746268656716419,12.081220016024211,12.143417810494649,4.031721464172599,10.888120077877847,1.9508268784785745,-0.06219779447043728,0.0,0.0,5.0,0.0,12.0,0.0,0.5862068965517241,0.8620689655172413,2.2413793103448274,0.0,2.4,0.6,0.5714285714285714,0.7333333333333333,2.0,1.0,2.5,0.034482758620689655,0.41379310344827586,-0.5862068965517241,12.240851576981052,11.982404859551654,4.089897574907331,10.84084795339368,1.9110438602179538,0.25844671742939856
pl-2024-2025-04-02-brighton-v-aston-villa,2025-04-02,2024,Brighton,Aston Villa,0,3,0,0.35714285714285715,0.0,221.37298033930915,18,25,999,0,1.0,0,999,0,1.0,0,1,1,4.0,1.0,0.0,13.0,4.0,2.6,1.4179104477611941,1.537313432835821,1.5522388059701493,2.6,0.8,1.6363636363636365,1.2058823529411764,1.5454545454545454,1.303030303030303,1.5294117647058822,1.7941176470588236,0.19402985074626866,0.208955223880597,1.182089552238806,12.081220016024211,12.143417810494649,4.031721464172599,10.888120077877847,1.9508268784785745,-0.06219779447043728,2.0,2.0,1.0,7.0,8.0,1.6,1.6865671641791045,1.7462686567164178,1.5820895522388059,1.4,1.6,2.0,1.3636363636363635,2.1470588235294117,1.3529411764705883,1.3333333333333333,1.8181818181818181,0.1791044776119403,0.1791044776119403,-0.08656716417910437,12.240851576981052,11.982404859551654,4.089897574907331,10.84084795339368,1.9110438602179538,0.25844671742939856
pl-2024-2025-04-02-liverpool-v-everton,2025-04-02,2024,Liverpool,Everton,1,0,2,0.75,0.0,0.8895594131562731,25,18,999,0,1.0,0,999,0,1.0,0,3,3,4.0,1.0,0.0,11.0,4.0,2.6,2.2686567164179103,2.3134328358208953,1.0149253731343284,2.2,0.8,2.515151515151515,2.0294117647058822,2.4242424242424243,0.8484848484848485,2.2058823529411766,1.1764705882352942,0.3283582089552239,0.05970149253731343,0.33134328358208975,12.081220016024211,12.143417810494649,4.031721464172599,10.888120077877847,1.9508268784785745,-0.06219779447043728,1.0,4.0,0.0,7.0,6.0,1.4,1.2238805970149254,1.0746268656716418,1.2985074626865671,1.4,1.2,1.3823529411764706,1.0606060606060606,1.2647058823529411,1.0588235294117647,0.8787878787878788,1.5454545454545454,0.3283582089552239,0.3582089552238806,0.17611940298507456,12.240851576981052,11.982404859551654,4.089897574907331,10.84084795339368,1.9110438602179538,0.25844671742939856
pl-2024-2025-04-03-chelsea-v-tottenham,2025-04-03,2024,Chelsea,Tottenham,1,0,2,1.0,0.0,16.085886910693997,18,18,999,0,1.0,0,999,0,1.0,0,3,1,2.0,0.0,3.0,6.0,6.0,1.2,1.671641791044776,1.9402985074626866,1.492537313432836,1.2,1.2,1.9696969696969697,1.3823529411764706,2.1515151515151514,1.2424242424242424,1.7352941176470589,1.7352941176470589,0.208955223880597,0.16417910447761194,-0.4716417910447761,12.081220016024211,12.143417810494649,4.031721464172599,10.888120077877847,1.9508268784785745,-0.06219779447043728,2.0,1.0,2.0,7.0,6.0,1.4,1.492537313432836,1.9253731343283582,1.5522388059701493,1.4,1.2,1.6764705882352942,1.303030303030303,2.0,1.5588235294117647,1.8484848484848484,1.5454545454545454,0.19402985074626866,0.14925373134328357,-0.092537313432836,12.240851576981052,11.982404859551654,4.089897574907331,10.84084795339368,1.9110438602179538,0.25844671742939856
pl-2024-2025-04-05-ipswich-town-v-wolves,2025-04-05,2024,Ipswich Town,Wolves,1,2,0,0.5,0.0,231.42264974261892,3,4,999,0,1.0,0,999,0,1.0,0,1,0,1.0,0.0,4.0,7.0,13.0,0.6,0.6666666666666666,1.0,2.1,1.4,2.6,0.4666666666666667,0.8666666666666667,0.8,2.2666666666666666,1.2,1.9333333333333333,0.06666666666666667,0.3333333333333333,-0.06666666666666665,12.081220016024211,12.143417810494649,4.031721464172599,10.888120077877847,1.9508268784785745,-0.06219779447043728,3.0,1.0,1.0,6.0,4.0,2.0,1.1029411764705883,1.338235294117647,1.8088235294117647,1.2,0.8,1.2058823529411764,1.0,1.3235294117647058,1.6764705882352942,1.3529411764705883,1.9411764705882353,0.16176470588235295,0.20588235294117646,0.8970588235294117,12.240851576981052,11.982404859551654,4.089897574907331,10.84084795339368,1.9110438602179538,0.25844671742939856
pl-2024-2025-04-05-aston-villa-v-nott-m-forest,2025-04-05,2024,Aston Villa,Nott'm Forest,2,1,2,0.5,0.0,69.52881835662885,3,4,999,0,1.0,0,999,0,1.0,0,1,2,3.0,1.0,1.0,9.0,7.0,2.0,1.7058823529411764,1.7647058823529411,1.5588235294117647,1.8,1.4,2.0,1.411764705882353,2.1470588235294117,1.3529411764705883,1.3823529411764706,1.7647058823529411,0.19117647058823528,0.17647058823529413,0.2941176470588236,12.081220016024211,12.143417810494649,4.031721464172599,10.888120077877847,1.9508268784785745,-0.06219779447043728,3.0,1.0,1.0,9.0,6.0,2.0,1.3676470588235294,1.4558823529411764,1.5,1.8,1.2,1.5,1.2352941176470589,1.5,1.1764705882352942,1.411764705882353,1.8235294117647058,0.25,0.22058823529411764,0.6323529411764706,12.240851576981052,11.982404859551654,4.089897574907331,10.84084795339368,1.9110438602179538,0.25844671742939856
pl-2024-2025-04-05-west-ham-v-bournemouth,2025-04-05,2024,West Ham,Bournemouth,2,2,1,0.5,0.0,157.23423717667953,4,3,999,0,1.0,0,999,0,1.0,0,0,2,2.0,1.0,2.0,4.0,3.0,1.4,1.2647058823529411,1.3676470588235294,1.8235294117647058,0.8,0.6,1.3529411764705883,1.1764705882352942,1.4411764705882353,1.6470588235294117,1.2941176470588236,2.0,0.16176470588235295,0.23529411764705882,0.1352941176470588,12.081220016024211,12.143417810494649,4.031721464172599,10.888120077877847,1.9508268784785745,-0.06219779447043728,0.0,1.0,4.0,5.0,9.0,0.2,1.3529411764705883,1.5147058823529411,1.5441176470588236,1.0,1.8,1.411764705882353,1.2941176470588236,1.3529411764705883,1.2352941176470589,1.6764705882352942,1.8529411764705883,0.22058823529411764,0.19117647058823528,-1.1529411764705884,12.240851576981052,11.982404859551654,4.089897574907331,10.84084795339368,1.9110438602179538,0.25844671742939856
pl-2024-2025-04-05-crystal-palace-v-brighton,2025-04-05,2024,Crystal Palace,Brighton,2,1,2,0.6666666666666666,0.0,59.71204256723541,3,3,999,0,1.0,0,999,0,1.0,0,3,1,3.0,1.0,1.0,9.0,4.0,2.0,1.328358208955224,1.4029850746268657,1.373134328358209,1.8,0.8,1.3235294117647058,1.3333333333333333,1.588235294117647,1.411764705882353,1.2121212121212122,1.3333333333333333,0.2835820895522388,0.19402985074626866,0.6716417910447761,12.081220016024211,12.143417810494649,4.031721464172599,10.888120077877847,1.9508268784785745,-0.06219779447043728,3.0,1.0,1.0,10.0,7.0,2.0,1.3970588235294117,1.5147058823529411,1.5735294117647058,2.0,1.4,1.588235294117647,1.2058823529411764,1.5,1.3529411764705883,1.5294117647058822,1.7941176470588236,0.19117647058823528,0.22058823529411764,0.6029411764705883,12.240851576981052,11.982404859551654,4.089897574907331,10.84084795339368,1.9110438602179538,0.25844671742939856
pl-2024-2025-04-05-everton-v-arsenal,2025-04-05,2024,Everton,Arsenal,1,1,1,0.16666666666666666,0.0,285.04585296565705,3,4,999,0,1.0,0,999,0,1.0,0,3,5,0.0,4.0,1.0,5.0,6.0,0.8,1.2058823529411764,1.0588235294117647,1.2941176470588236,1.0,1.2,1.3823529411764706,1.0294117647058822,1.2647058823529411,1.0588235294117647,0.8529411764705882,1.5294117647058822,0.3235294117647059,0.36764705882352944,-0.40588235294117636,12.081220016024211,12.143417810494649,4.031721464172599,10.888120077877847,1.9508268784785745,-0.06219779447043728,2.0,2.0,1.0,4.0,3.0,1.6,2.2058823529411766,2.1470588235294117,0.7941176470588235,0.8,0.6,2.3823529411764706,2.0294117647058822,2.2941176470588234,0.8235294117647058,2.0,0.7647058823529411,0.4264705882352941,0.14705882352941177,-0.6058823529411765,12.240851576981052,11.982404859551654,4.089897574907331,10.84084795339368,1.9110438602179538,0.25844671742939856
pl-2024-2025-04-06-fulham-v-liverpool,2025-04-06,2024,Fulham,Liverpool,3,2,2,0.35714285714285715,0.0,286.14773399258996,5,4,999,0,1.0,0,999,0,1.0,0,0,3,2.0,0.0,3.0,6.0,7.0,1.2,1.3529411764705883,1.4558823529411764,1.4852941176470589,1.2,1.4,1.5294117647058822,1.1764705882352942,1.5588235294117647,1.3235294117647058,1.3529411764705883,1.6470588235294117,0.22058823529411764,0.25,-0.15294117647058836,12.081220016024211,12.143417810494649,4.031721464172599,10.888120077877847,1.9508268784785745,-0.06219779447043728,4.0,1.0,0.0,10.0,3.0,2.6,2.2794117647058822,2.2941176470588234,1.0,2.0,0.6,2.5294117647058822,2.0294117647058822,2.3823529411764706,0.8235294117647058,2.2058823529411766,1.1764705882352942,0.3382352941176471,0.058823529411764705,0.32058823529411784,12.240851576981052,11.982404859551654,4.089897574907331,10.84084795339368,1.9110438602179538,0.25844671742939856
pl-2024-2025-04-06-tottenham-v-southampton,2025-04-06,2024,Tottenham,Southampton,3,1,2,1.0,0.0,123.83733033980062,3,4,999,0,1.0,0,999,0,1.0,0,1,0,1.0,1.0,3.0,6.0,7.0,0.8,1.4705882352941178,1.8970588235294117,1.5441176470588236,1.2,1.4,1.6764705882352942,1.2647058823529411,2.0,1.5588235294117647,1.7941176470588236,1.5294117647058822,0.19117647058823528,0.16176470588235295,-0.6705882352941177,12.081220016024211,12.143417810494649,4.031721464172599,10.888120077877847,1.9508268784785745,-0.06219779447043728,0.0,1.0,4.0,3.0,14.0,0.2,0.3333333333333333,0.7333333333333333,2.3666666666666667,0.6,2.8,0.3333333333333333,0.3333333333333333,0.7333333333333333,2.6666666666666665,0.7333333333333333,2.066666666666667,0.06666666666666667,0.4,-0.1333333333333333,12.240851576981052,11.982404859551654,4.089897574907331,10.84084795339368,1.9110438602179538,0.25844671742939856
pl-2024-2025-04-06-brentford-v-chelsea,2025-04-06,2024,Brentford,Chelsea,0,0,1,0.5,0.0,7.133128631501841,4,3,999,0,1.0,0,999,0,1.0,0,1,3,2.0,1.0,2.0,8.0,5.0,1.4,1.1764705882352942,1.5735294117647058,1.6470588235294117,1.6,1.0,1.3529411764705883,1.0,1.7352941176470589,1.7941176470588236,1.411764705882353,1.5,0.17647058823529413,0.22058823529411764,0.22352941176470575,12.081220016024211,12.143417810494649,4.031721464172599,10.888120077877847,1.9508268784785745,-0.06219779447043728,3.0,0.0,2.0,7.0,3.0,1.8,1.6911764705882353,1.9264705882352942,1.4705882352941178,1.4,0.6,2.0,1.3823529411764706,2.1176470588235294,1.2058823529411764,1.7352941176470589,1.7352941176470589,0.22058823529411764,0.16176470588235295,0.10882352941176476,12.240851576981052,11.982404859551654,4.089897574907331,10.84084795339368,1.9110438602179538,0.25844671742939856
pl-2024-2025-04-06-man-united-v-man-city,2025-04-06,2024,Man United,Man City,0,0,1,0.35714285714285715,0.0,6.42016311743397,5,4,999,0,1.0,0,999,0,1.0,0,3,1,2.0,2.0,1.0,9.0,6.0,1.6,1.4264705882352942,1.3823529411764706,1.4558823529411764,1.8,1.2,1.5588235294117647,1.2941176470588236,1.5294117647058822,1.5588235294117647,1.2352941176470589,1.3529411764705883,0.25,0.29411764705882354,0.17352941176470593,12.081220016024211,12.143417810494649,4.031721464172599,10.888120077877847,1.9508268784785745,-0.06219779447043728,2.0,1.0,2.0,5.0,5.0,1.4,2.088235294117647,2.25,1.088235294117647,1.0,1.0,2.264705882352941,1.911764705882353,2.4411764705882355,1.0294117647058822,2.0588235294117645,1.1470588235294117,0.3088235294117647,0.10294117647058823,-0.6882352941176473,12.240851576981052,11.982404859551654,4.089897574907331,10.84084795339368,1.9110438602179538,0.25844671742939856
pl-2024-2025-04-07-leicester-v-newcastle,2025-04-07,2024,Leicester,Newcastle,0,3,0,0.0,0.0,263.69079566813883,5,5,999,0,1.0,0,999,0,1.0,0,0,3,0.0,0.0,5.0,0.0,12.0,0.0,0.5666666666666667,0.8333333333333334,2.2333333333333334,0.0,2.4,0.6,0.5333333333333333,0.7333333333333333,2.0,0.9333333333333333,2.466666666666667,0.03333333333333333,0.43333333333333335,-0.5666666666666667,12.081220016024211,12.143417810494649,4.031721464172599,10.888120077877847,1.9508268784785745,-0.06219779447043728,3.0,0.0,2.0,7.0,10.0,1.8,1.6417910447761195,2.0,1.507462686567164,1.4,2.0,2.0,1.2941176470588236,2.272727272727273,1.2121212121212122,1.7352941176470589,1.7941176470588236,0.2835820895522388,0.14925373134328357,0.15820895522388057,12.240851576981052,11.982404859551654,4.089897574907331,10.84084795339368,1.9110438602179538,0.25844671742939856
pl-2024-2025-04-12-brighton-v-leicester,2025-04-12,2024,Brighton,Leicester,2,2,1,0.5,0.0,208.73558856717494,7,5,999,0,1.0,0,999,0,1.0,0,1,0,2.0,1.0,2.0,7.0,9.0,1.4,1.3768115942028984,1.5072463768115942,1.5797101449275361,1.4,1.8,1.588235294117647,1.1714285714285715,1.5,1.3529411764705883,1.5142857142857142,1.8,0.18840579710144928,0.21739130434782608,0.023188405797101463,12.081220016024211,12.143417810494649,4.031721464172599,10.888120077877847,1.9508268784785745,-0.06219779447043728,0.0,0.0,5.0,0.0,11.0,0.0,0.5483870967741935,0.8064516129032258,2.2580645161290325,0.0,2.2,0.5625,0.5333333333333333,0.6875,2.0625,0.9333333333333333,2.466666666666667,0.03225806451612903,0.45161290322580644,-0.5483870967741935,12.240851576981052,11.982404859551654,4.089897574907331,10.84084795339368,1.9110438602179538,0.25844671742939856
pl-2024-2025-04-12-man-city-v-crystal-palace,2025-04-12,2024,Man City,Crystal Palace,5,2,2,0.8571428571428571,0.0,272.52161464476416,6,7,999,0,1.0,0,999,0,1.0,0,1,3,2.0,2.0,1.0,5.0,3.0,1.6,2.072463768115942,2.217391304347826,1.0724637681159421,1.0,0.6,2.264705882352941,1.8857142857142857,2.4411764705882355,1.0294117647058822,2.0,1.1142857142857143,0.3188405797101449,0.11594202898550725,-0.4724637681159418,12.081220016024211,12.143417810494649,4.031721464172599,10.888120077877847,1.9508268784785745,-0.06219779447043728,4.0,1.0,0.0,10.0,3.0,2.6,1.3529411764705883,1.411764705882353,1.3676470588235294,2.0,0.6,1.3714285714285714,1.3333333333333333,1.6,1.4,1.2121212121212122,1.3333333333333333,0.27941176470588236,0.19117647058823528,1.2470588235294118,12.240851576981052,11.982404859551654,4.089897574907331,10.84084795339368,1.9110438602179538,0.25844671742939856
pl-2024-2025-04-12-southampton-v-aston-villa,2025-04-12,2024,Southampton,Aston Villa,0,3,0,0.0,0.0,186.3856789543771,6,7,999,0,1.0,0,999,0,1.0,0,0,1,0.0,1.0,4.0,4.0,13.0,0.2,0.3225806451612903,0.7419354838709677,2.3870967741935485,0.8,2.6,0.3333333333333333,0.3125,0.7333333333333333,2.6666666666666665,0.75,2.125,0.06451612903225806,0.3870967741935484,-0.1225806451612903,12.081220016024211,12.143417810494649,4.031721464172599,10.888120077877847,1.9508268784785745,-0.06219779447043728,4.0,0.0,1.0,9.0,6.0,2.4,1.7246376811594204,1.7681159420289856,1.5507246376811594,1.8,1.2,2.0285714285714285,1.411764705882353,2.142857142857143,1.3428571428571427,1.3823529411764706,1.7647058823529411,0.18840579710144928,0.17391304347826086,0.6753623188405795,12.240851576981052,11.982404859551654,4.089897574907331,10.84084795339368,1.9110438602179538,0.25844671742939856
pl-2024-2025-04-12-nott-m-forest-v-everton,2025-04-12,2024,Nott'm Forest,Everton,0,1,0,0.16666666666666666,0.0,133.88930766267092,7,7,999,0,1.0,0,999,0,1.0,0,2,3,3.0,1.0,1.0,7.0,4.0,2.0,1.3478260869565217,1.4492753623188406,1.5072463768115942,1.4,0.8,1.5,1.2,1.5,1.1764705882352942,1.4,1.8285714285714285,0.2463768115942029,0.21739130434782608,0.6521739130434783,12.081220016024211,12.143417810494649,4.031721464172599,10.888120077877847,1.9508268784785745,-0.06219779447043728,0.0,4.0,1.0,4.0,5.0,0.8,1.2028985507246377,1.0579710144927537,1.289855072463768,0.8,1.0,1.3714285714285714,1.0294117647058822,1.2571428571428571,1.0571428571428572,0.8529411764705882,1.5294117647058822,0.3188405797101449,0.36231884057971014,-0.40289855072463765,12.240851576981052,11.982404859551654,4.089897574907331,10.84084795339368,1.9110438602179538,0.25844671742939856
pl-2024-2025-04-12-arsenal-v-brentford,2025-04-12,2024,Arsenal,Brentford,1,1,1,0.8333333333333334,0.0,14.87398151424033,7,6,999,0,1.0,0,999,0,1.0,0,5,1,2.0,3.0,0.0,5.0,3.0,1.8,2.1884057971014492,2.130434782608696,0.7971014492753623,1.0,0.6,2.3823529411764706,2.0,2.2941176470588234,0.8235294117647058,1.9714285714285715,0.7714285714285715,0.42028985507246375,0.14492753623188406,-0.3884057971014492,12.081220016024211,12.143417810494649,4.031721464172599,10.888120077877847,1.9508268784785745,-0.06219779447043728,1.0,2.0,2.0,4.0,5.0,1.0,1.173913043478261,1.5507246376811594,1.6231884057971016,0.8,1.0,1.3428571428571427,1.0,1.6857142857142857,1.7428571428571429,1.411764705882353,1.5,0.18840579710144928,0.2318840579710145,-0.17391304347826098,12.240851576981052,11.982404859551654,4.089897574907331,10.84084795339368,1.9110438602179538,0.25844671742939856
pl-2024-2025-04-13-wolves-v-tottenham,2025-04-13,2024,Wolves,Tottenham,4,2,2,0.6666666666666666,0.0,178.59163356679554,8,7,999,0,1.0,0,999,0,1.0,0,0,1,3.0,1.0,1.0,7.0,5.0,2.0,1.1304347826086956,1.3478260869565217,1.7971014492753623,1.4,1.0,1.2058823529411764,1.0571428571428572,1.3235294117647058,1.6764705882352942,1.3714285714285714,1.9142857142857144,0.15942028985507245,0.2028985507246377,0.8695652173913044,12.081220016024211,12.143417810494649,4.031721464172599,10.888120077877847,1.9508268784785745,-0.06219779447043728,1.0,1.0,3.0,5.0,7.0,0.8,1.4927536231884058,1.9130434782608696,1.536231884057971,1.0,1.4,1.7142857142857142,1.2647058823529411,2.0285714285714285,1.542857142857143,1.7941176470588236,1.5294117647058822,0.18840579710144928,0.15942028985507245,-0.6927536231884057,12.240851576981052,11.982404859551654,4.089897574907331,10.84084795339368,1.9110438602179538,0.25844671742939856
pl-2024-2025-04-13-liverpool-v-west-ham,2025-04-13,2024,Liverpool,West Ham,2,1,2,0.9166666666666666,0.0,291.55619908967356,7,8,999,0,1.0,0,999,0,1.0,0,3,0,4.0,0.0,1.0,10.0,4.0,2.4,2.246376811594203,2.289855072463768,1.0289855072463767,2.0,0.8,2.5294117647058822,1.9714285714285715,2.3823529411764706,0.8235294117647058,2.2,1.2285714285714286,0.3333333333333333,0.057971014492753624,0.1536231884057968,12.081220016024211,12.143417810494649,4.031721464172599,10.888120077877847,1.9508268784785745,-0.06219779447043728,1.0,2.0,2.0,5.0,5.0,1.0,1.2608695652173914,1.3768115942028984,1.826086956521739,1.0,1.0,1.3428571428571427,1.1764705882352942,1.457142857142857,1.6571428571428573,1.2941176470588236,2.0,0.15942028985507245,0.2318840579710145,-0.26086956521739135,12.240851576981052,11.982404859551654,4.089897574907331,10.84084795339368,1.9110438602179538,0.25844671742939856
pl-2024-2025-04-13-chelsea-v-ipswich-town,2025-04-13,2024,Chelsea,Ipswich Town,2,2,1,0.25,0.0,112.75709528404491,7,8,999,0,1.0,0,999,0,1.0,0,3,1,3.0,1.0,1.0,6.0,1.0,2.0,1.681159420289855,1.8985507246376812,1.4492753623188406,1.2,0.2,2.0,1.3714285714285714,2.1176470588235294,1.2058823529411764,1.6857142857142857,1.6857142857142857,0.2318840579710145,0.17391304347826086,0.318840579710145,12.081220016024211,12.143417810494649,4.031721464172599,10.888120077877847,1.9508268784785745,-0.06219779447043728,1.0,0.0,4.0,7.0,11.0,0.6,0.6451612903225806,1.0,2.096774193548387,1.4,2.2,0.4375,0.8666666666666667,0.8125,2.25,1.2,1.9333333333333333,0.06451612903225806,0.3225806451612903,-0.04516129032258065,12.240851576981052,11.982404859551654,4.089897574907331,10.84084795339368,1.9110438602179538,0.25844671742939856
pl-2024-2025-04-13-newcastle-v-man-united,2025-04-13,2024,Newcastle,Man United,4,1,2,0.6666666666666666,0.0,173.79044689866612,6,7,999,0,1.0,0,999,0,1.0,0,3,3,4.0,0.0,1.0,10.0,6.0,2.4,1.661764705882353,2.014705882352941,1.4852941176470589,2.0,1.2,2.0,1.3428571428571427,2.272727272727273,1.2121212121212122,1.7714285714285714,1.7428571428571429,0.29411764705882354,0.14705882352941177,0.7382352941176469,12.081220016024211,12.143417810494649,4.031721464172599,10.888120077877847,1.9508268784785745,-0.06219779447043728,2.0,2.0,1.0,7.0,4.0,1.6,1.4202898550724639,1.3623188405797102,1.434782608695652,1.4,0.8,1.542857142857143,1.2941176470588236,1.4857142857142858,1.5142857142857142,1.2352941176470589,1.3529411764705883,0.2608695652173913,0.30434782608695654,0.17971014492753623,12.240851576981052,11.982404859551654,4.089897574907331,10.84084795339368,1.9110438602179538,0.25844671742939856
pl-2024-2025-04-14-bournemouth-v-fulham,2025-04-14,2024,Bournemouth,Fulham,1,0,2,0.75,0.0,139.69576434850953,9,8,999,0,1.0,0,999,0,1.0,0,2,0,0.0,2.0,3.0,7.0,10.0,0.4,1.3478260869565217,1.5217391304347827,1.5507246376811594,1.4,2.0,1.411764705882353,1.2857142857142858,1.3529411764705883,1.2352941176470589,1.6857142857142857,1.8571428571428572,0.21739130434782608,0.18840579710144928,-0.9478260869565217,12.081220016024211,12.143417810494649,4.031721464172599,10.888120077877847,1.9508268784785745,-0.06219779447043728,3.0,0.0,2.0,9.0,7.0,1.8,1.3768115942028984,1.4782608695652173,1.4927536231884058,1.8,1.4,1.5714285714285714,1.1764705882352942,1.6,1.3428571428571427,1.3529411764705883,1.6470588235294117,0.21739130434782608,0.2463768115942029,0.4231884057971016,12.240851576981052,11.982404859551654,4.089897574907331,10.84084795339368,1.9110438602179538,0.25844671742939856
pl-2024-2025-04-16-newcastle-v-crystal-palace,2025-04-16,2024,Newcastle,Crystal Palace,5,0,2,0.5833333333333334,0.0,410.5409888486364,3,4,999,0,1.0,0,999,0,1.0,0,3,3,4.0,0.0,1.0,10.0,4.0,2.4,1.681159420289855,2.0434782608695654,1.4782608695652173,2.0,0.8,2.0294117647058822,1.3428571428571427,2.323529411764706,1.2058823529411764,1.7714285714285714,1.7428571428571429,0.2898550724637681,0.14492753623188406,0.7188405797101449,12.081220016024211,12.143417810494649,4.031721464172599,10.888120077877847,1.9508268784785745,-0.06219779447043728,3.0,1.0,1.0,10.0,8.0,2.0,1.3333333333333333,1.4202898550724639,1.4202898550724639,2.0,1.6,1.3714285714285714,1.2941176470588236,1.6,1.4,1.2352941176470589,1.4411764705882353,0.2753623188405797,0.18840579710144928,0.6666666666666667,12.240851576981052,11.982404859551654,4.089897574907331,10.84084795339368,1.9110438602179538,0.25844671742939856
pl-2024-2025-04-19-everton-v-man-city,2025-04-19,2024,Everton,Man City,0,2,0,0.16666666666666666,0.0,50.94603140423654,7,7,999,0,1.0,0,999,0,1.0,0,3,1,1.0,3.0,1.0,4.0,4.0,1.2,1.2285714285714286,1.0571428571428572,1.2714285714285714,0.8,0.8,1.3714285714285714,1.0857142857142856,1.2571428571428571,1.0571428571428572,0.8571428571428571,1.4857142857142858,0.32857142857142857,0.35714285714285715,-0.028571428571428692,12.081220016024211,12.143417810494649,4.031721464172599,10.888120077877847,1.9508268784785745,-0.06219779447043728,2.0,2.0,1.0,9.0,5.0,1.6,2.085714285714286,2.257142857142857,1.0857142857142856,1.8,1.0,2.2857142857142856,1.8857142857142857,2.5142857142857142,1.0571428571428572,2.0,1.1142857142857143,0.3142857142857143,0.11428571428571428,-0.48571428571428577,12.240851576981052,11.982404859551654,4.089897574907331,10.84084795339368,1.9110438602179538,0.25844671742939856
pl-2024-2025-04-19-crystal-palace-v-bournemouth,2025-04-19,2024,Crystal Palace,Bournemouth,0,0,1,0.25,0.0,142.90219697931587,3,5,999,0,1.0,0,999,0,1.0,0,3,2,2.0,1.0,2.0,6.0,12.0,1.4,1.3142857142857143,1.4,1.4714285714285715,1.2,2.4,1.3714285714285714,1.2571428571428571,1.6,1.4,1.2,1.542857142857143,0.2714285714285714,0.2,0.08571428571428563,12.081220016024211,12.143417810494649,4.031721464172599,10.888120077877847,1.9508268784785745,-0.06219779447043728,1.0,2.0,2.0,7.0,8.0,1.0,1.3714285714285714,1.5142857142857142,1.5285714285714285,1.4,1.6,1.457142857142857,1.2857142857142858,1.3428571428571427,1.2,1.6857142857142857,1.8571428571428572,0.22857142857142856,0.18571428571428572,-0.37142857142857144,12.240851576981052,11.982404859551654,4.089897574907331,10.84084795339368,1.9110438602179538,0.25844671742939856
pl-2024-2025-04-19-aston-villa-v-newcastle,2025-04-19,2024,Aston Villa,Newcastle,4,1,2,0.4166666666666667,0.0,274.7846475513572,7,3,999,0,1.0,0,999,0,1.0,0,1,3,4.0,0.0,1.0,10.0,5.0,2.4,1.7428571428571429,1.7857142857142858,1.5285714285714285,2.0,1.0,2.0285714285714285,1.457142857142857,2.142857142857143,1.3428571428571427,1.4285714285714286,1.7142857142857142,0.2,0.17142857142857143,0.657142857142857,12.081220016024211,12.143417810494649,4.031721464172599,10.888120077877847,1.9508268784785745,-0.06219779447043728,5.0,0.0,0.0,15.0,2.0,3.0,1.7,2.085714285714286,1.457142857142857,3.0,0.4,2.057142857142857,1.3428571428571427,2.4,1.1714285714285715,1.7714285714285714,1.7428571428571429,0.3,0.14285714285714285,1.3,12.240851576981052,11.982404859551654,4.089897574907331,10.84084795339368,1.9110438602179538,0.25844671742939856
pl-2024-2025-04-19-brentford-v-brighton,2025-04-19,2024,Brentford,Brighton,4,2,2,0.3333333333333333,0.0,71.56602003805497,7,7,999,0,1.0,0,999,0,1.0,0,1,1,1.0,2.0,2.0,4.0,5.0,1.0,1.1714285714285715,1.542857142857143,1.6142857142857143,0.8,1.0,1.3428571428571427,1.0,1.6857142857142857,1.7428571428571429,1.4,1.4857142857142858,0.18571428571428572,0.22857142857142856,-0.17142857142857149,12.081220016024211,12.143417810494649,4.031721464172599,10.888120077877847,1.9508268784785745,-0.06219779447043728,1.0,2.0,2.0,7.0,10.0,1.0,1.3714285714285714,1.5142857142857142,1.5857142857142856,1.4,2.0,1.5714285714285714,1.1714285714285715,1.5142857142857142,1.3714285714285714,1.5142857142857142,1.8,0.18571428571428572,0.21428571428571427,-0.37142857142857144,12.240851576981052,11.982404859551654,4.089897574907331,10.84084795339368,1.9110438602179538,0.25844671742939856
pl-2024-2025-04-19-west-ham-v-southampton,2025-04-19,2024,West Ham,Southampton,1,1,1,0.75,0.0,123.66572282219501,6,7,999,0,1.0,0,999,0,1.0,0,0,0,0.0,2.0,3.0,4.0,7.0,0.4,1.2428571428571429,1.3714285714285714,1.8285714285714285,0.8,1.4,1.3428571428571427,1.1428571428571428,1.457142857142857,1.6571428571428573,1.2857142857142858,2.0,0.15714285714285714,0.22857142857142856,-0.8428571428571429,12.081220016024211,12.143417810494649,4.031721464172599,10.888120077877847,1.9508268784785745,-0.06219779447043728,0.0,1.0,4.0,4.0,12.0,0.2,0.3125,0.71875,2.40625,0.8,2.4,0.3125,0.3125,0.6875,2.6875,0.75,2.125,0.0625,0.40625,-0.11249999999999999,12.240851576981052,11.982404859551654,4.089897574907331,10.84084795339368,1.9110438602179538,0.25844671742939856
pl-2024-2025-04-20-man-united-v-wolves,2025-04-20,2024,Man United,Wolves,0,1,0,0.5833333333333334,0.0,97.66842531883373,7,7,999,0,1.0,0,999,0,1.0,0,3,0,1.0,2.0,2.0,5.0,6.0,1.0,1.4,1.3571428571428572,1.4714285714285715,1.0,1.2,1.542857142857143,1.2571428571428571,1.4857142857142858,1.5142857142857142,1.2285714285714286,1.4285714285714286,0.2571428571428571,0.3,-0.3999999999999999,12.081220016024211,12.143417810494649,4.031721464172599,10.888120077877847,1.9508268784785745,-0.06219779447043728,4.0,1.0,0.0,10.0,5.0,2.6,1.1571428571428573,1.3857142857142857,1.8,2.0,1.0,1.2571428571428571,1.0571428571428572,1.4,1.6857142857142857,1.3714285714285714,1.9142857142857144,0.15714285714285714,0.2,1.4428571428571428,12.240851576981052,11.982404859551654,4.089897574907331,10.84084795339368,1.9110438602179538,0.25844671742939856
pl-2024-2025-04-20-fulham-v-chelsea,2025-04-20,2024,Fulham,Chelsea,1,2,0,0.2857142857142857,0.0,2.218613585674892,6,7,999,0,1.0,0,999,0,1.0,0,0,3,2.0,0.0,3.0,7.0,7.0,1.2,1.3571428571428572,1.457142857142857,1.4857142857142858,1.4,1.4,1.5714285714285714,1.1428571428571428,1.6,1.3428571428571427,1.3142857142857143,1.6285714285714286,0.21428571428571427,0.2571428571428571,-0.15714285714285725,12.081220016024211,12.143417810494649,4.031721464172599,10.888120077877847,1.9508268784785745,-0.06219779447043728,2.0,2.0,1.0,4.0,3.0,1.6,1.6714285714285715,1.9,1.457142857142857,0.8,0.6,1.9714285714285715,1.3714285714285714,2.1142857142857143,1.2285714285714286,1.6857142857142857,1.6857142857142857,0.22857142857142856,0.17142857142857143,-0.0714285714285714,12.240851576981052,11.982404859551654,4.089897574907331,10.84084795339368,1.9110438602179538,0.25844671742939856
pl-2024-2025-04-20-ipswich-town-v-arsenal,2025-04-20,2024,Ipswich Town,Arsenal,0,4,0,0.0,0.0,103.22049314390974,7,8,999,0,1.0,0,999,0,1.0,0,1,5,1.0,1.0,3.0,7.0,10.0,0.8,0.65625,1.03125,2.09375,1.4,2.0,0.4375,0.875,0.8125,2.25,1.25,1.9375,0.0625,0.3125,0.14375000000000004,12.081220016024211,12.143417810494649,4.031721464172599,10.888120077877847,1.9508268784785745,-0.06219779447043728,2.0,3.0,0.0,6.0,4.0,1.8,2.1714285714285713,2.1142857142857143,0.8,1.2,0.8,2.342857142857143,2.0,2.257142857142857,0.8285714285714286,1.9714285714285715,0.7714285714285715,0.4142857142857143,0.14285714285714285,-0.3714285714285712,12.240851576981052,11.982404859551654,4.089897574907331,10.84084795339368,1.9110438602179538,0.25844671742939856
pl-2024-2025-04-20-leicester-v-liverpool,2025-04-20,2024,Leicester,Liverpool,0,1,0,0.0,0.0,151.69348175545906,8,7,999,0,1.0,0,999,0,1.0,0,0,3,0.0,1.0,4.0,2.0,11.0,0.2,0.5625,0.84375,2.25,0.4,2.2,0.5625,0.5625,0.6875,2.0625,1.0,2.4375,0.03125,0.4375,-0.3625,12.081220016024211,12.143417810494649,4.031721464172599,10.888120077877847,1.9508268784785745,-0.06219779447043728,4.0,0.0,1.0,10.0,5.0,2.4,2.257142857142857,2.2857142857142856,1.0285714285714285,2.0,1.0,2.5428571428571427,1.9714285714285715,2.3714285714285714,0.8285714285714286,2.2,1.2285714285714286,0.32857142857142857,0.05714285714285714,0.1428571428571428,12.240851576981052,11.982404859551654,4.089897574907331,10.84084795339368,1.9110438602179538,0.25844671742939856
pl-2024-2025-04-21-tottenham-v-nott-m-forest,2025-04-21,2024,Tottenham,Nott'm Forest,1,2,0,0.35714285714285715,0.0,165.4626559900765,8,9,999,0,1.0,0,999,0,1.0,0,1,2,1.0,1.0,3.0,7.0,10.0,0.8,1.4714285714285715,1.9142857142857144,1.5714285714285714,1.4,2.0,1.7142857142857142,1.2285714285714286,2.0285714285714285,1.542857142857143,1.8,1.6,0.18571428571428572,0.15714285714285714,-0.6714285714285715,12.081220016024211,12.143417810494649,4.031721464172599,10.888120077877847,1.9508268784785745,-0.06219779447043728,3.0,0.0,2.0,7.0,5.0,1.8,1.3285714285714285,1.4285714285714286,1.5,1.4,1.0,1.457142857142857,1.2,1.457142857142857,1.1714285714285715,1.4,1.8285714285714285,0.24285714285714285,0.22857142857142856,0.47142857142857153,12.240851576981052,11.982404859551654,4.089897574907331,10.84084795339368,1.9110438602179538,0.25844671742939856
pl-2024-2025-04-22-man-city-v-aston-villa,2025-04-22,2024,Man City,Aston Villa,2,1,2,0.3333333333333333,0.0,110.33622205535409,3,3,999,0,1.0,0,999,0,1.0,0,1,1,3.0,2.0,0.0,11.0,4.0,2.2,2.0985915492957745,2.2535211267605635,1.0704225352112675,2.2,0.8,2.2857142857142856,1.9166666666666667,2.5142857142857142,1.0571428571428572,2.0,1.0833333333333333,0.323943661971831,0.11267605633802817,0.10140845070422566,12.081220016024211,12.143417810494649,4.031721464172599,10.888120077877847,1.9508268784785745,-0.06219779447043728,5.0,0.0,0.0,13.0,2.0,3.0,1.7605633802816902,1.8169014084507042,1.5211267605633803,2.6,0.4,2.0555555555555554,1.457142857142857,2.1944444444444446,1.3333333333333333,1.4285714285714286,1.7142857142857142,0.19718309859154928,0.16901408450704225,1.2394366197183098,12.240851576981052,11.982404859551654,4.089897574907331,10.84084795339368,1.9110438602179538,0.25844671742939856
pl-2024-2025-04-23-arsenal-v-crystal-palace,2025-04-23,2024,Arsenal,Crystal Palace,2,2,1,0.9166666666666666,0.0,17.734165873614728,3,4,999,0,1.0,0,999,0,1.0,0,5,3,3.0,2.0,0.0,9.0,3.0,2.2,2.183098591549296,2.140845070422535,0.7887323943661971,1.8,0.6,2.342857142857143,2.0277777777777777,2.257142857142857,0.8285714285714286,2.0277777777777777,0.75,0.4225352112676056,0.14084507042253522,0.016901408450704203,12.081220016024211,12.143417810494649,4.031721464172599,10.888120077877847,1.9508268784785745,-0.06219779447043728,1.0,2.0,2.0,5.0,12.0,1.0,1.3098591549295775,1.380281690140845,1.4507042253521127,1.0,2.4,1.3611111111111112,1.2571428571428571,1.5555555555555556,1.3611111111111112,1.2,1.542857142857143,0.28169014084507044,0.2112676056338028,-0.3098591549295775,12.240851576981052,11.982404859551654,4.089897574907331,10.84084795339368,1.9110438602179538,0.25844671742939856
pl-2024-2025-04-26-newcastle-v-ipswich-town,2025-04-26,2024,Newcastle,Ipswich Town,3,0,2,1.0,0.0,372.8745115376869,7,6,999,0,1.0,0,999,0,1.0,0,3,1,4.0,0.0,1.0,15.0,6.0,2.4,1.676056338028169,2.0704225352112675,1.4929577464788732,3.0,1.2,2.057142857142857,1.3055555555555556,2.4,1.1714285714285715,1.75,1.8055555555555556,0.29577464788732394,0.14084507042253522,0.7239436619718309,12.081220016024211,12.143417810494649,4.031721464172599,10.888120077877847,1.9508268784785745,-0.06219779447043728,1.0,1.0,3.0,7.0,13.0,0.8,0.6363636363636364,1.0,2.1515151515151514,1.4,2.6,0.4117647058823529,0.875,0.7647058823529411,2.3529411764705883,1.25,1.9375,0.06060606060606061,0.3333333333333333,0.1636363636363637,12.240851576981052,11.982404859551654,4.089897574907331,10.84084795339368,1.9110438602179538,0.25844671742939856
pl-2024-2025-04-26-wolves-v-leicester,2025-04-26,2024,Wolves,Leicester,3,0,2,1.0,0.0,66.80186593358458,6,6,999,0,1.0,0,999,0,1.0,0,0,0,5.0,0.0,0.0,10.0,4.0,3.0,1.1830985915492958,1.380281690140845,1.7746478873239437,2.0,0.8,1.2571428571428571,1.1111111111111112,1.4,1.6857142857142857,1.3611111111111112,1.8611111111111112,0.16901408450704225,0.19718309859154928,1.8169014084507042,12.081220016024211,12.143417810494649,4.031721464172599,10.888120077877847,1.9508268784785745,-0.06219779447043728,0.0,1.0,4.0,2.0,11.0,0.2,0.5454545454545454,0.8181818181818182,2.212121212121212,0.4,2.2,0.5294117647058824,0.5625,0.6470588235294118,2.0,1.0,2.4375,0.030303030303030304,0.45454545454545453,-0.3454545454545454,12.240851576981052,11.982404859551654,4.089897574907331,10.84084795339368,1.9110438602179538,0.25844671742939856
pl-2024-2025-04-26-southampton-v-fulham,2025-04-26,2024,Southampton,Fulham,1,2,0,0.25,0.0,106.37448875914383,7,6,999,0,1.0,0,999,0,1.0,0,0,0,0.0,2.0,3.0,4.0,10.0,0.4,0.3333333333333333,0.7272727272727273,2.3636363636363638,0.8,2.0,0.3125,0.35294117647058826,0.6875,2.6875,0.7647058823529411,2.0588235294117645,0.06060606060606061,0.3939393939393939,0.06666666666666671,12.081220016024211,12.143417810494649,4.031721464172599,10.888120077877847,1.9508268784785745,-0.06219779447043728,2.0,0.0,3.0,7.0,7.0,1.2,1.3380281690140845,1.4507042253521127,1.4929577464788732,1.4,1.4,1.5277777777777777,1.1428571428571428,1.5833333333333333,1.3611111111111112,1.3142857142857143,1.6285714285714286,0.2112676056338028,0.2535211267605634,-0.13802816901408455,12.240851576981052,11.982404859551654,4.089897574907331,10.84084795339368,1.9110438602179538,0.25844671742939856
pl-2024-2025-04-26-brighton-v-west-ham,2025-04-26,2024,Brighton,West Ham,3,2,2,0.5,0.0,75.7050417120277,7,7,999,0,1.0,0,999,0,1.0,0,1,0,0.0,2.0,3.0,7.0,13.0,0.4,1.352112676056338,1.5211267605633803,1.619718309859155,1.4,2.6,1.5714285714285714,1.1388888888888888,1.5142857142857142,1.3714285714285714,1.5277777777777777,1.8611111111111112,0.18309859154929578,0.2112676056338028,-0.952112676056338,12.081220016024211,12.143417810494649,4.031721464172599,10.888120077877847,1.9508268784785745,-0.06219779447043728,0.0,3.0,2.0,5.0,7.0,0.6,1.2394366197183098,1.3661971830985915,1.8169014084507042,1.0,1.4,1.3333333333333333,1.1428571428571428,1.4444444444444444,1.6388888888888888,1.2857142857142858,2.0,0.15492957746478872,0.22535211267605634,-0.6394366197183098,12.240851576981052,11.982404859551654,4.089897574907331,10.84084795339368,1.9110438602179538,0.25844671742939856
pl-2024-2025-04-26-chelsea-v-everton,2025-04-26,2024,Chelsea,Everton,1,0,2,0.5833333333333334,0.0,287.53543213007396,6,7,999,0,1.0,0,999,0,1.0,0,3,3,2.0,2.0,1.0,5.0,4.0,1.6,1.6901408450704225,1.9014084507042253,1.4507042253521127,1.0,0.8,1.9714285714285715,1.4166666666666667,2.1142857142857143,1.2285714285714286,1.6944444444444444,1.6666666666666667,0.22535211267605634,0.16901408450704225,-0.09014084507042242,12.081220016024211,12.143417810494649,4.031721464172599,10.888120077877847,1.9508268784785745,-0.06219779447043728,1.0,2.0,2.0,3.0,5.0,1.0,1.2112676056338028,1.0422535211267605,1.2816901408450705,0.6,1.0,1.3333333333333333,1.0857142857142856,1.2222222222222223,1.0833333333333333,0.8571428571428571,1.4857142857142858,0.323943661971831,0.36619718309859156,-0.21126760563380276,12.240851576981052,11.982404859551654,4.089897574907331,10.84084795339368,1.9110438602179538,0.25844671742939856
pl-2024-2025-04-27-bournemouth-v-man-united,2025-04-27,2024,Bournemouth,Man United,1,1,1,0.6666666666666666,0.0,304.9121219179983,8,7,999,0,1.0,0,999,0,1.0,0,2,3,1.0,2.0,2.0,5.0,6.0,1.0,1.3661971830985915,1.4929577464788732,1.5070422535211268,1.0,1.2,1.457142857142857,1.2777777777777777,1.3428571428571427,1.2,1.6388888888888888,1.8055555555555556,0.23943661971830985,0.19718309859154928,-0.3661971830985915,12.081220016024211,12.143417810494649,4.031721464172599,10.888120077877847,1.9508268784785745,-0.06219779447043728,1.0,1.0,3.0,4.0,6.0,0.8,1.380281690140845,1.3380281690140845,1.4647887323943662,0.8,1.2,1.5,1.2571428571428571,1.4444444444444444,1.5,1.2285714285714286,1.4285714285714286,0.2535211267605634,0.30985915492957744,-0.580281690140845,12.240851576981052,11.982404859551654,4.089897574907331,10.84084795339368,1.9110438602179538,0.25844671742939856
pl-2024-2025-04-27-liverpool-v-tottenham,2025-04-27,2024,Liverpool,Tottenham,5,1,2,0.75,0.0,282.40195504575104,7,6,999,0,1.0,0,999,0,1.0,0,3,1,4.0,0.0,1.0,9.0,5.0,2.4,2.267605633802817,2.267605633802817,1.0140845070422535,1.8,1.0,2.5428571428571427,2.0,2.3714285714285714,0.8285714285714286,2.1666666666666665,1.1944444444444444,0.3380281690140845,0.056338028169014086,0.13239436619718292,12.081220016024211,12.143417810494649,4.031721464172599,10.888120077877847,1.9508268784785745,-0.06219779447043728,1.0,0.0,4.0,6.0,10.0,0.6,1.4507042253521127,1.9014084507042253,1.5774647887323943,1.2,2.0,1.6666666666666667,1.2285714285714286,2.0,1.5555555555555556,1.8,1.6,0.18309859154929578,0.15492957746478872,-0.8507042253521128,12.240851576981052,11.982404859551654,4.089897574907331,10.84084795339368,1.9110438602179538,0.25844671742939856
pl-2024-2025-05-01-nott-m-forest-v-brentford,2025-05-01,2024,Nott'm Forest,Brentford,0,2,0,0.5833333333333334,0.0,171.07109319906445,10,12,999,0,1.0,0,999,0,1.0,0,2,1,3.0,0.0,2.0,8.0,6.0,1.8,1.352112676056338,1.4366197183098592,1.4929577464788732,1.6,1.2,1.457142857142857,1.25,1.457142857142857,1.1714285714285715,1.4166666666666667,1.8055555555555556,0.23943661971830985,0.22535211267605634,0.44788732394366204,12.081220016024211,12.143417810494649,4.031721464172599,10.888120077877847,1.9508268784785745,-0.06219779447043728,2.0,2.0,1.0,8.0,6.0,1.6,1.1971830985915493,1.5774647887323943,1.619718309859155,1.6,1.2,1.3888888888888888,1.0,1.75,1.75,1.4,1.4857142857142858,0.18309859154929578,0.22535211267605634,0.40281690140845083,12.240851576981052,11.982404859551654,4.089897574907331,10.84084795339368,1.9110438602179538,0.25844671742939856
pl-2024-2025-05-02-man-city-v-wolves,2025-05-02,2024,Man City,Wolves,1,0,2,0.8333333333333334,0.0,99.40729814153049,10,6,999,0,1.0,0,999,0,1.0,0,1,0,4.0,1.0,0.0,11.0,3.0,2.6,2.111111111111111,2.25,1.0694444444444444,2.2,0.6,2.3055555555555554,1.9166666666666667,2.5,1.0555555555555556,2.0,1.0833333333333333,0.3194444444444444,0.1111111111111111,0.48888888888888893,12.081220016024211,12.143417810494649,4.031721464172599,10.888120077877847,1.9508268784785745,-0.06219779447043728,5.0,0.0,0.0,11.0,3.0,3.0,1.2083333333333333,1.4027777777777777,1.75,2.2,0.6,1.3055555555555556,1.1111111111111112,1.4444444444444444,1.6388888888888888,1.3611111111111112,1.8611111111111112,0.18055555555555555,0.19444444444444445,1.7916666666666667,12.240851576981052,11.982404859551654,4.089897574907331,10.84084795339368,1.9110438602179538,0.25844671742939856
pl-2024-2025-05-03-aston-villa-v-fulham,2025-05-03,2024,Aston Villa,Fulham,1,0,2,0.8333333333333334,0.0,161.8578264509525,11,7,999,0,1.0,0,999,0,1.0,0,1,0,4.0,0.0,1.0,13.0,4.0,2.4,1.7361111111111112,1.8055555555555556,1.5277777777777777,2.6,0.8,2.0555555555555554,1.4166666666666667,2.1944444444444446,1.3333333333333333,1.4166666666666667,1.7222222222222223,0.19444444444444445,0.16666666666666666,0.6638888888888888,12.081220016024211,12.143417810494649,4.031721464172599,10.888120077877847,1.9508268784785745,-0.06219779447043728,2.0,0.0,3.0,7.0,8.0,1.2,1.3611111111111112,1.4583333333333333,1.4861111111111112,1.4,1.6,1.5277777777777777,1.1944444444444444,1.5833333333333333,1.3611111111111112,1.3333333333333333,1.6111111111111112,0.20833333333333334,0.25,-0.1611111111111112,12.240851576981052,11.982404859551654,4.089897574907331,10.84084795339368,1.9110438602179538,0.25844671742939856
pl-2024-2025-05-03-everton-v-ipswich-town,2025-05-03,2024,Everton,Ipswich Town,2,2,1,0.8333333333333334,0.0,317.4994578947388,7,7,999,0,1.0,0,999,0,1.0,0,3,1,1.0,1.0,3.0,2.0,5.0,0.8,1.1944444444444444,1.0277777777777777,1.2777777777777777,0.4,1.0,1.3333333333333333,1.0555555555555556,1.2222222222222223,1.0833333333333333,0.8333333333333334,1.4722222222222223,0.3194444444444444,0.375,-0.3944444444444444,12.081220016024211,12.143417810494649,4.031721464172599,10.888120077877847,1.9508268784785745,-0.06219779447043728,1.0,1.0,3.0,5.0,12.0,0.8,0.6176470588235294,0.9705882352941176,2.176470588235294,1.0,2.4,0.4117647058823529,0.8235294117647058,0.7647058823529411,2.3529411764705883,1.1764705882352942,2.0,0.058823529411764705,0.35294117647058826,0.1823529411764706,12.240851576981052,11.982404859551654,4.089897574907331,10.84084795339368,1.9110438602179538,0.25844671742939856
pl-2024-2025-05-03-leicester-v-southampton,2025-05-03,2024,Leicester,Southampton,2,0,2,1.0,0.0,196.34151640886304,7,7,999,0,1.0,0,999,0,1.0,0,0,0,0.0,1.0,4.0,2.0,11.0,0.2,0.5294117647058824,0.7941176470588235,2.235294117647059,0.4,2.2,0.5294117647058824,0.5294117647058824,0.6470588235294118,2.0,0.9411764705882353,2.4705882352941178,0.029411764705882353,0.47058823529411764,-0.32941176470588235,12.081220016024211,12.143417810494649,4.031721464172599,10.888120077877847,1.9508268784785745,-0.06219779447043728,0.0,2.0,3.0,4.0,10.0,0.4,0.3235294117647059,0.7352941176470589,2.3529411764705883,0.8,2.0,0.29411764705882354,0.35294117647058826,0.7058823529411765,2.6470588235294117,0.7647058823529411,2.0588235294117645,0.058823529411764705,0.38235294117647056,0.07647058823529412,12.240851576981052,11.982404859551654,4.089897574907331,10.84084795339368,1.9110438602179538,0.25844671742939856
pl-2024-2025-05-03-arsenal-v-bournemouth,2025-05-03,2024,Arsenal,Bournemouth,1,2,0,0.5,0.0,151.49081108484273,10,6,999,0,1.0,0,999,0,1.0,0,5,2,2.0,3.0,0.0,10.0,5.0,1.8,2.1666666666666665,2.138888888888889,0.8055555555555556,2.0,1.0,2.3055555555555554,2.0277777777777777,2.25,0.8611111111111112,2.0277777777777777,0.75,0.4166666666666667,0.1388888888888889,-0.3666666666666665,12.081220016024211,12.143417810494649,4.031721464172599,10.888120077877847,1.9508268784785745,-0.06219779447043728,1.0,3.0,1.0,5.0,5.0,1.2,1.3611111111111112,1.4861111111111112,1.5,1.0,1.0,1.4444444444444444,1.2777777777777777,1.3333333333333333,1.1944444444444444,1.6388888888888888,1.8055555555555556,0.2361111111111111,0.19444444444444445,-0.1611111111111112,12.240851576981052,11.982404859551654,4.089897574907331,10.84084795339368,1.9110438602179538,0.25844671742939856
pl-2024-2025-05-04-brighton-v-newcastle,2025-05-04,2024,Brighton,Newcastle,1,1,1,0.6666666666666666,0.0,468.80022223251495,8,8,999,0,1.0,0,999,0,1.0,0,1,3,1.0,1.0,3.0,8.0,13.0,0.8,1.375,1.5416666666666667,1.625,1.6,2.6,1.6111111111111112,1.1388888888888888,1.5555555555555556,1.3888888888888888,1.5277777777777777,1.8611111111111112,0.18055555555555555,0.20833333333333334,-0.575,12.081220016024211,12.143417810494649,4.031721464172599,10.888120077877847,1.9508268784785745,-0.06219779447043728,4.0,0.0,1.0,16.0,5.0,2.4,1.6944444444444444,2.0833333333333335,1.4722222222222223,3.2,1.0,2.0833333333333335,1.3055555555555556,2.4166666666666665,1.1388888888888888,1.75,1.8055555555555556,0.3055555555555556,0.1388888888888889,0.7055555555555555,12.240851576981052,11.982404859551654,4.089897574907331,10.84084795339368,1.9110438602179538,0.25844671742939856
pl-2024-2025-05-04-brentford-v-man-united,2025-05-04,2024,Brentford,Man United,4,3,2,0.4166666666666667,0.0,257.6448222780316,3,7,999,0,1.0,0,999,0,1.0,0,1,3,2.0,2.0,1.0,8.0,5.0,1.6,1.2222222222222223,1.5833333333333333,1.5972222222222223,1.6,1.0,1.3888888888888888,1.0555555555555556,1.75,1.75,1.4166666666666667,1.4444444444444444,0.19444444444444445,0.2222222222222222,0.37777777777777777,12.081220016024211,12.143417810494649,4.031721464172599,10.888120077877847,1.9508268784785745,-0.06219779447043728,0.0,2.0,3.0,2.0,7.0,0.4,1.375,1.3333333333333333,1.4583333333333333,0.4,1.4,1.5,1.25,1.4444444444444444,1.5,1.2222222222222223,1.4166666666666667,0.25,0.3055555555555556,-0.975,12.240851576981052,11.982404859551654,4.089897574907331,10.84084795339368,1.9110438602179538,0.25844671742939856
pl-2024-2025-05-04-west-ham-v-tottenham,2025-05-04,2024,West Ham,Tottenham,1,1,1,0.5,0.0,9.184552287614396,8,7,999,0,1.0,0,999,0,1.0,0,0,1,0.0,2.0,3.0,6.0,9.0,0.4,1.2222222222222223,1.375,1.8333333333333333,1.2,1.8,1.3333333333333333,1.1111111111111112,1.4444444444444444,1.6388888888888888,1.3055555555555556,2.0277777777777777,0.1527777777777778,0.2222222222222222,-0.8222222222222223,12.081220016024211,12.143417810494649,4.031721464172599,10.888120077877847,1.9508268784785745,-0.06219779447043728,1.0,0.0,4.0,7.0,13.0,0.6,1.4305555555555556,1.8888888888888888,1.625,1.4,2.6,1.6666666666666667,1.1944444444444444,2.0,1.5555555555555556,1.7777777777777777,1.6944444444444444,0.18055555555555555,0.1527777777777778,-0.8305555555555556,12.240851576981052,11.982404859551654,4.089897574907331,10.84084795339368,1.9110438602179538,0.25844671742939856
pl-2024-2025-05-04-chelsea-v-liverpool,2025-05-04,2024,Chelsea,Liverpool,3,1,2,0.5,0.0,286.87429172934014,8,7,999,0,1.0,0,999,0,1.0,0,3,3,3.0,2.0,0.0,6.0,3.0,2.2,1.7083333333333333,1.8888888888888888,1.4305555555555556,1.2,0.6,2.0,1.4166666666666667,2.0833333333333335,1.1944444444444444,1.6944444444444444,1.6666666666666667,0.2361111111111111,0.16666666666666666,0.4916666666666669,12.081220016024211,12.143417810494649,4.031721464172599,10.888120077877847,1.9508268784785745,-0.06219779447043728,4.0,0.0,1.0,11.0,5.0,2.4,2.2777777777777777,2.3055555555555554,1.0138888888888888,2.2,1.0,2.5555555555555554,2.0,2.4444444444444446,0.8333333333333334,2.1666666666666665,1.1944444444444444,0.3333333333333333,0.05555555555555555,0.12222222222222223,12.240851576981052,11.982404859551654,4.089897574907331,10.84084795339368,1.9110438602179538,0.25844671742939856
pl-2024-2025-05-05-crystal-palace-v-nott-m-forest,2025-05-05,2024,Crystal Palace,Nott'm Forest,1,1,1,0.4166666666666667,0.0,185.8364575508245,12,4,999,0,1.0,0,999,0,1.0,0,3,2,1.0,2.0,2.0,6.0,13.0,1.0,1.3055555555555556,1.3888888888888888,1.4583333333333333,1.2,2.6,1.3611111111111112,1.25,1.5555555555555556,1.3611111111111112,1.2222222222222223,1.5555555555555556,0.2777777777777778,0.20833333333333334,-0.3055555555555556,12.081220016024211,12.143417810494649,4.031721464172599,10.888120077877847,1.9508268784785745,-0.06219779447043728,2.0,0.0,3.0,4.0,6.0,1.2,1.3333333333333333,1.4166666666666667,1.5,0.8,1.2,1.4166666666666667,1.25,1.4166666666666667,1.1944444444444444,1.4166666666666667,1.8055555555555556,0.2361111111111111,0.2361111111111111,-0.1333333333333333,12.240851576981052,11.982404859551654,4.089897574907331,10.84084795339368,1.9110438602179538,0.25844671742939856
pl-2024-2025-05-10-fulham-v-everton,2025-05-10,2024,Fulham,Everton,1,3,0,0.3333333333333333,0.0,286.81320916405326,7,7,999,0,1.0,0,999,0,1.0,0,0,3,2.0,0.0,3.0,6.0,7.0,1.2,1.3424657534246576,1.4383561643835616,1.4794520547945205,1.2,1.4,1.5277777777777777,1.162162162162162,1.5833333333333333,1.3611111111111112,1.2972972972972974,1.5945945945945945,0.2054794520547945,0.2602739726027397,-0.14246575342465762,12.081220016024211,12.143417810494649,4.031721464172599,10.888120077877847,1.9508268784785745,-0.06219779447043728,1.0,2.0,2.0,4.0,6.0,1.0,1.1917808219178083,1.0410958904109588,1.2876712328767124,0.8,1.2,1.3243243243243243,1.0555555555555556,1.2432432432432432,1.1081081081081081,0.8333333333333334,1.4722222222222223,0.3150684931506849,0.3698630136986301,-0.19178082191780832,12.240851576981052,11.982404859551654,4.089897574907331,10.84084795339368,1.9110438602179538,0.25844671742939856
pl-2024-2025-05-10-wolves-v-brighton,2025-05-10,2024,Wolves,Brighton,0,2,0,0.25,0.0,238.39269471328316,8,6,999,0,1.0,0,999,0,1.0,0,0,1,4.0,0.0,1.0,10.0,4.0,2.4,1.1917808219178083,1.3835616438356164,1.7397260273972603,2.0,0.8,1.3055555555555556,1.0810810810810811,1.4444444444444444,1.6388888888888888,1.3243243243243243,1.837837837837838,0.1780821917808219,0.2054794520547945,1.2082191780821916,12.081220016024211,12.143417810494649,4.031721464172599,10.888120077877847,1.9508268784785745,-0.06219779447043728,1.0,2.0,2.0,9.0,11.0,1.0,1.36986301369863,1.5342465753424657,1.6164383561643836,1.8,2.2,1.5945945945945945,1.1388888888888888,1.5405405405405406,1.3783783783783783,1.5277777777777777,1.8611111111111112,0.1780821917808219,0.2054794520547945,-0.36986301369863006,12.240851576981052,11.982404859551654,4.089897574907331,10.84084795339368,1.9110438602179538,0.25844671742939856
pl-2024-2025-05-10-southampton-v-man-city,2025-05-10,2024,Southampton,Man City,0,0,1,0.25,0.0,296.7216064943022,7,8,999,0,1.0,0,999,0,1.0,0,0,1,0.0,1.0,4.0,3.0,11.0,0.2,0.3142857142857143,0.7142857142857143,2.342857142857143,0.6,2.2,0.29411764705882354,0.3333333333333333,0.7058823529411765,2.6470588235294117,0.7222222222222222,2.0555555555555554,0.05714285714285714,0.4,-0.11428571428571427,12.081220016024211,12.143417810494649,4.031721464172599,10.888120077877847,1.9508268784785745,-0.06219779447043728,4.0,1.0,0.0,10.0,3.0,2.6,2.1232876712328768,2.232876712328767,1.0547945205479452,2.0,0.6,2.324324324324324,1.9166666666666667,2.4594594594594597,1.027027027027027,2.0,1.0833333333333333,0.3287671232876712,0.1095890410958904,0.47671232876712333,12.240851576981052,11.982404859551654,4.089897574907331,10.84084795339368,1.9110438602179538,0.25844671742939856
pl-2024-2025-05-10-ipswich-town-v-brentford,2025-05-10,2024,Ipswich Town,Brentford,0,1,0,0.0,0.0,118.07092999186067,7,6,999,0,1.0,0,999,0,1.0,0,1,1,0.0,2.0,3.0,5.0,13.0,0.4,0.6285714285714286,1.0,2.1714285714285713,1.0,2.6,0.4117647058823529,0.8333333333333334,0.7647058823529411,2.3529411764705883,1.2222222222222223,2.0,0.05714285714285714,0.34285714285714286,-0.22857142857142854,12.081220016024211,12.143417810494649,4.031721464172599,10.888120077877847,1.9508268784785745,-0.06219779447043728,3.0,2.0,0.0,11.0,6.0,2.2,1.2465753424657535,1.6164383561643836,1.6164383561643836,2.2,1.2,1.4324324324324325,1.0555555555555556,1.8108108108108107,1.7837837837837838,1.4166666666666667,1.4444444444444444,0.1917808219178082,0.2191780821917808,0.9534246575342467,12.240851576981052,11.982404859551654,4.089897574907331,10.84084795339368,1.9110438602179538,0.25844671742939856
pl-2024-2025-05-10-bournemouth-v-aston-villa,2025-05-10,2024,Bournemouth,Aston Villa,0,1,0,0.25,0.0,197.28647065983924,7,7,999,0,1.0,0,999,0,1.0,0,2,1,2.0,3.0,0.0,6.0,4.0,1.8,1.3835616438356164,1.4931506849315068,1.4931506849315068,1.2,0.8,1.4444444444444444,1.3243243243243243,1.3333333333333333,1.1944444444444444,1.6486486486486487,1.7837837837837838,0.2328767123287671,0.1917808219178082,0.4164383561643836,12.081220016024211,12.143417810494649,4.031721464172599,10.888120077877847,1.9508268784785745,-0.06219779447043728,4.0,0.0,1.0,11.0,4.0,2.4,1.7534246575342465,1.7945205479452055,1.5068493150684932,2.2,0.8,2.081081081081081,1.4166666666666667,2.1621621621621623,1.2972972972972974,1.4166666666666667,1.7222222222222223,0.2054794520547945,0.1643835616438356,0.6465753424657534,12.240851576981052,11.982404859551654,4.089897574907331,10.84084795339368,1.9110438602179538,0.25844671742939856
pl-2024-2025-05-11-nott-m-forest-v-leicester,2025-05-11,2024,Nott'm Forest,Leicester,2,2,1,0.75,0.0,35.58396566795984,6,8,999,0,1.0,0,999,0,1.0,0,2,0,1.0,1.0,3.0,4.0,7.0,0.8,1.3287671232876712,1.4109589041095891,1.4931506849315068,0.8,1.4,1.4166666666666667,1.2432432432432432,1.4166666666666667,1.1944444444444444,1.4054054054054055,1.7837837837837838,0.2328767123287671,0.2328767123287671,-0.5287671232876712,12.081220016024211,12.143417810494649,4.031721464172599,10.888120077877847,1.9508268784785745,-0.06219779447043728,1.0,1.0,3.0,4.0,9.0,0.8,0.6,0.8285714285714286,2.1714285714285713,0.8,1.8,0.6666666666666666,0.5294117647058824,0.7222222222222222,1.8888888888888888,0.9411764705882353,2.4705882352941178,0.05714285714285714,0.45714285714285713,0.20000000000000007,12.240851576981052,11.982404859551654,4.089897574907331,10.84084795339368,1.9110438602179538,0.25844671742939856
pl-2024-2025-05-11-liverpool-v-arsenal,2025-05-11,2024,Liverpool,Arsenal,2,2,1,0.5,0.0,284.40571513290473,7,8,999,0,1.0,0,999,0,1.0,0,3,5,3.0,0.0,2.0,11.0,8.0,1.8,2.2465753424657535,2.287671232876712,1.0410958904109588,2.2,1.6,2.5555555555555554,1.945945945945946,2.4444444444444446,0.8333333333333334,2.135135135135135,1.2432432432432432,0.3287671232876712,0.0547945205479452,-0.4465753424657535,12.081220016024211,12.143417810494649,4.031721464172599,10.888120077877847,1.9508268784785745,-0.06219779447043728,1.0,3.0,1.0,9.0,6.0,1.2,2.136986301369863,2.1232876712328768,0.821917808219178,1.8,1.2,2.2432432432432434,2.0277777777777777,2.2162162162162162,0.8918918918918919,2.0277777777777777,0.75,0.410958904109589,0.136986301369863,-0.9369863013698632,12.240851576981052,11.982404859551654,4.089897574907331,10.84084795339368,1.9110438602179538,0.25844671742939856
pl-2024-2025-05-11-man-united-v-west-ham,2025-05-11,2024,Man United,West Ham,0,2,0,0.3333333333333333,0.0,264.8392292446106,7,7,999,0,1.0,0,999,0,1.0,0,3,0,0.0,2.0,3.0,5.0,10.0,0.4,1.356164383561644,1.356164383561644,1.4931506849315068,1.0,2.0,1.5,1.2162162162162162,1.4444444444444444,1.5,1.2702702702702702,1.4864864864864864,0.2465753424657534,0.3013698630136986,-0.9561643835616439,12.081220016024211,12.143417810494649,4.031721464172599,10.888120077877847,1.9508268784785745,-0.06219779447043728,0.0,3.0,2.0,7.0,9.0,0.6,1.2191780821917808,1.36986301369863,1.821917808219178,1.4,1.8,1.3243243243243243,1.1111111111111112,1.4324324324324325,1.6216216216216217,1.3055555555555556,2.0277777777777777,0.1506849315068493,0.2191780821917808,-0.6191780821917808,12.240851576981052,11.982404859551654,4.089897574907331,10.84084795339368,1.9110438602179538,0.25844671742939856
pl-2024-2025-05-11-tottenham-v-crystal-palace,2025-05-11,2024,Tottenham,Crystal Palace,0,2,0,0.5,0.0,22.94795034785152,7,6,999,0,1.0,0,999,0,1.0,0,1,3,1.0,1.0,3.0,8.0,13.0,0.8,1.4246575342465753,1.8767123287671232,1.6164383561643836,1.6,2.6,1.6666666666666667,1.1891891891891893,2.0,1.5555555555555556,1.7567567567567568,1.6756756756756757,0.1780821917808219,0.1506849315068493,-0.6246575342465752,12.081220016024211,12.143417810494649,4.031721464172599,10.888120077877847,1.9508268784785745,-0.06219779447043728,0.0,3.0,2.0,5.0,13.0,0.6,1.3013698630136987,1.3835616438356164,1.452054794520548,1.0,2.6,1.3513513513513513,1.25,1.5405405405405406,1.3513513513513513,1.2222222222222223,1.5555555555555556,0.273972602739726,0.2054794520547945,-0.7013698630136987,12.240851576981052,11.982404859551654,4.089897574907331,10.84084795339368,1.9110438602179538,0.25844671742939856
pl-2024-2025-05-11-newcastle-v-chelsea,2025-05-11,2024,Newcastle,Chelsea,2,0,2,0.5833333333333334,0.0,399.7644024201057,7,7,999,0,1.0,0,999,0,1.0,0,3,3,3.0,1.0,1.0,14.0,6.0,2.0,1.6849315068493151,2.0684931506849313,1.4657534246575343,2.8,1.2,2.0833333333333335,1.2972972972972974,2.4166666666666665,1.1388888888888888,1.7297297297297298,1.7837837837837838,0.3013698630136986,0.136986301369863,0.31506849315068486,12.081220016024211,12.143417810494649,4.031721464172599,10.888120077877847,1.9508268784785745,-0.06219779447043728,3.0,2.0,0.0,8.0,4.0,2.2,1.726027397260274,1.904109589041096,1.4246575342465753,1.6,0.8,2.027027027027027,1.4166666666666667,2.108108108108108,1.1891891891891893,1.6944444444444444,1.6666666666666667,0.2328767123287671,0.1643835616438356,0.4739726027397262,12.240851576981052,11.982404859551654,4.089897574907331,10.84084795339368,1.9110438602179538,0.25844671742939856
pl-2024-2025-05-16-aston-villa-v-tottenham,2025-05-16,2024,Aston Villa,Tottenham,2,0,2,0.5714285714285714,0.0,159.9735182887641,6,5,999,0,1.0,0,999,0,1.0,0,1,1,4.0,0.0,1.0,10.0,3.0,2.4,1.7702702702702702,1.7837837837837838,1.4864864864864864,2.0,0.6,2.081081081081081,1.4594594594594594,2.1621621621621623,1.2972972972972974,1.4054054054054055,1.6756756756756757,0.21621621621621623,0.16216216216216217,0.6297297297297297,12.081220016024211,12.143417810494649,4.031721464172599,10.888120077877847,1.9508268784785745,-0.06219779447043728,0.0,1.0,4.0,5.0,14.0,0.2,1.4054054054054055,1.8513513513513513,1.6216216216216217,1.0,2.8,1.6216216216216217,1.1891891891891893,1.945945945945946,1.5675675675675675,1.7567567567567568,1.6756756756756757,0.17567567567567569,0.16216216216216217,-1.2054054054054055,12.240851576981052,11.982404859551654,4.089897574907331,10.84084795339368,1.9110438602179538,0.25844671742939856
pl-2024-2025-05-16-chelsea-v-man-united,2025-05-16,2024,Chelsea,Man United,1,0,2,0.4166666666666667,0.0,262.184399614443,5,5,999,0,1.0,0,999,0,1.0,0,3,3,3.0,1.0,1.0,8.0,6.0,2.0,1.7027027027027026,1.8783783783783783,1.4324324324324325,1.6,1.2,2.027027027027027,1.3783783783783783,2.108108108108108,1.1891891891891893,1.6486486486486487,1.6756756756756757,0.22972972972972974,0.17567567567567569,0.29729729729729737,12.081220016024211,12.143417810494649,4.031721464172599,10.888120077877847,1.9508268784785745,-0.06219779447043728,0.0,1.0,4.0,5.0,12.0,0.2,1.337837837837838,1.337837837837838,1.5,1.0,2.4,1.4594594594594594,1.2162162162162162,1.4054054054054055,1.5135135135135136,1.2702702702702702,1.4864864864864864,0.24324324324324326,0.3108108108108108,-1.137837837837838,12.240851576981052,11.982404859551654,4.089897574907331,10.84084795339368,1.9110438602179538,0.25844671742939856
pl-2024-2025-05-18-west-ham-v-nott-m-forest,2025-05-18,2024,West Ham,Nott'm Forest,1,2,0,0.3333333333333333,0.0,174.4432978486183,7,7,999,0,1.0,0,999,0,1.0,0,0,2,1.0,2.0,2.0,7.0,7.0,1.0,1.2432432432432432,1.3783783783783783,1.7972972972972974,1.4,1.4,1.3243243243243243,1.162162162162162,1.4324324324324325,1.6216216216216217,1.3243243243243243,1.972972972972973,0.16216216216216217,0.21621621621621623,-0.2432432432432432,12.081220016024211,12.143417810494649,4.031721464172599,10.888120077877847,1.9508268784785745,-0.06219779447043728,1.0,2.0,2.0,5.0,7.0,1.0,1.3243243243243243,1.4189189189189189,1.5,1.0,1.4,1.4054054054054055,1.2432432432432432,1.4324324324324325,1.2162162162162162,1.4054054054054055,1.7837837837837838,0.22972972972972974,0.22972972972972974,-0.32432432432432434,12.240851576981052,11.982404859551654,4.089897574907331,10.84084795339368,1.9110438602179538,0.25844671742939856
pl-2024-2025-05-18-leicester-v-ipswich-town,2025-05-18,2024,Leicester,Ipswich Town,2,0,2,0.75,0.0,168.60037058293028,7,8,999,0,1.0,0,999,0,1.0,0,0,1,1.0,2.0,2.0,6.0,8.0,1.0,0.6111111111111112,0.8611111111111112,2.1666666666666665,1.2,1.6,0.6666666666666666,0.5555555555555556,0.7222222222222222,1.8888888888888888,1.0,2.4444444444444446,0.05555555555555555,0.4444444444444444,0.38888888888888884,12.081220016024211,12.143417810494649,4.031721464172599,10.888120077877847,1.9508268784785745,-0.06219779447043728,0.0,2.0,3.0,4.0,12.0,0.4,0.6111111111111112,0.9722222222222222,2.138888888888889,0.8,2.4,0.3888888888888889,0.8333333333333334,0.7222222222222222,2.2777777777777777,1.2222222222222223,2.0,0.05555555555555555,0.3611111111111111,-0.21111111111111114,12.240851576981052,11.982404859551654,4.089897574907331,10.84084795339368,1.9110438602179538,0.25844671742939856
pl-2024-2025-05-18-brentford-v-fulham,2025-05-18,2024,Brentford,Fulham,2,3,0,0.3333333333333333,0.0,5.293655688071253,8,8,999,0,1.0,0,999,0,1.0,0,1,0,4.0,1.0,0.0,12.0,6.0,2.6,1.2702702702702702,1.6081081081081081,1.5945945945945945,2.4,1.2,1.4324324324324325,1.1081081081081081,1.8108108108108107,1.7837837837837838,1.4054054054054055,1.4054054054054055,0.20270270270270271,0.21621621621621623,1.32972972972973,12.081220016024211,12.143417810494649,4.031721464172599,10.888120077877847,1.9508268784785745,-0.06219779447043728,1.0,0.0,4.0,4.0,8.0,0.6,1.3243243243243243,1.4324324324324325,1.5,0.8,1.6,1.4864864864864864,1.162162162162162,1.5675675675675675,1.4054054054054055,1.2972972972972974,1.5945945945945945,0.20270270270270271,0.25675675675675674,-0.7243243243243244,12.240851576981052,11.982404859551654,4.089897574907331,10.84084795339368,1.9110438602179538,0.25844671742939856
pl-2024-2025-05-18-arsenal-v-newcastle,2025-05-18,2024,Arsenal,Newcastle,1,0,2,0.6666666666666666,0.0,393.0491582554326,7,7,999,0,1.0,0,999,0,1.0,0,5,3,1.0,3.0,1.0,10.0,7.0,1.2,2.1216216216216215,2.1216216216216215,0.8378378378378378,2.0,1.4,2.2432432432432434,2.0,2.2162162162162162,0.8918918918918919,2.027027027027027,0.7837837837837838,0.40540540540540543,0.13513513513513514,-0.9216216216216215,12.081220016024211,12.143417810494649,4.031721464172599,10.888120077877847,1.9508268784785745,-0.06219779447043728,3.0,1.0,1.0,12.0,5.0,2.0,1.7027027027027026,2.0675675675675675,1.445945945945946,2.4,1.0,2.108108108108108,1.2972972972972974,2.4054054054054053,1.1081081081081081,1.7297297297297298,1.7837837837837838,0.3108108108108108,0.13513513513513514,0.29729729729729737,12.240851576981052,11.982404859551654,4.089897574907331,10.84084795339368,1.9110438602179538,0.25844671742939856
pl-2024-2025-05-18-everton-v-southampton,2025-05-18,2024,Everton,Southampton,2,0,2,0.5,0.0,306.12073102637584,8,8,999,0,1.0,0,999,0,1.0,0,3,0,2.0,1.0,2.0,6.0,6.0,1.4,1.2162162162162162,1.0675675675675675,1.2837837837837838,1.2,1.2,1.3243243243243243,1.1081081081081081,1.2432432432432432,1.1081081081081081,0.8918918918918919,1.4594594594594594,0.3108108108108108,0.36486486486486486,0.18378378378378368,12.081220016024211,12.143417810494649,4.031721464172599,10.888120077877847,1.9508268784785745,-0.06219779447043728,0.0,2.0,3.0,2.0,8.0,0.4,0.3333333333333333,0.6944444444444444,2.2777777777777777,0.4,1.6,0.3333333333333333,0.3333333333333333,0.6666666666666666,2.5,0.7222222222222222,2.0555555555555554,0.08333333333333333,0.4166666666666667,0.06666666666666671,12.240851576981052,11.982404859551654,4.089897574907331,10.84084795339368,1.9110438602179538,0.25844671742939856
pl-2024-2025-05-19-brighton-v-liverpool,2025-05-19,2024,Brighton,Liverpool,3,2,2,0.4166666666666667,0.0,346.8724652187919,9,8,999,0,1.0,0,999,0,1.0,0,1,3,2.0,2.0,1.0,10.0,9.0,1.6,1.3918918918918919,1.5405405405405406,1.5945945945945945,2.0,1.8,1.5945945945945945,1.1891891891891893,1.5405405405405406,1.3783783783783783,1.5405405405405406,1.8108108108108107,0.1891891891891892,0.20270270270270271,0.2081081081081082,12.081220016024211,12.143417810494649,4.031721464172599,10.888120077877847,1.9508268784785745,-0.06219779447043728,3.0,1.0,1.0,11.0,7.0,2.0,2.22972972972973,2.2837837837837838,1.054054054054054,2.2,1.4,2.5135135135135136,1.945945945945946,2.4324324324324325,0.8648648648648649,2.135135135135135,1.2432432432432432,0.32432432432432434,0.05405405405405406,-0.22972972972972983,12.240851576981052,11.982404859551654,4.089897574907331,10.84084795339368,1.9110438602179538,0.25844671742939856
pl-2024-2025-05-20-man-city-v-bournemouth,2025-05-20,2024,Man City,Bournemouth,3,1,2,0.7857142857142857,0.0,306.5609339714869,10,10,999,0,1.0,0,999,0,1.0,0,1,2,4.0,1.0,0.0,10.0,3.0,2.6,2.108108108108108,2.2027027027027026,1.0405405405405406,2.0,0.6,2.324324324324324,1.8918918918918919,2.4594594594594597,1.027027027027027,1.945945945945946,1.054054054054054,0.33783783783783783,0.12162162162162163,0.4918918918918922,12.081220016024211,12.143417810494649,4.031721464172599,10.888120077877847,1.9508268784785745,-0.06219779447043728,2.0,2.0,1.0,4.0,3.0,1.6,1.364864864864865,1.472972972972973,1.4864864864864864,0.8,0.6,1.4054054054054055,1.3243243243243243,1.2972972972972974,1.1891891891891893,1.6486486486486487,1.7837837837837838,0.22972972972972974,0.20270270270270271,0.23513513513513518,12.240851576981052,11.982404859551654,4.089897574907331,10.84084795339368,1.9110438602179538,0.25844671742939856
pl-2024-2025-05-20-crystal-palace-v-wolves,2025-05-20,2024,Crystal Palace,Wolves,4,2,2,0.9166666666666666,0.0,192.73796502396291,9,10,999,0,1.0,0,999,0,1.0,0,3,0,1.0,3.0,1.0,5.0,8.0,1.2,1.3243243243243243,1.3918918918918919,1.4324324324324325,1.0,1.6,1.3513513513513513,1.2972972972972974,1.5405405405405406,1.3513513513513513,1.2432432432432432,1.5135135135135136,0.28378378378378377,0.20270270270270271,-0.12432432432432439,12.081220016024211,12.143417810494649,4.031721464172599,10.888120077877847,1.9508268784785745,-0.06219779447043728,3.0,0.0,2.0,8.0,5.0,1.8,1.1756756756756757,1.364864864864865,1.7432432432432432,1.6,1.0,1.2702702702702702,1.0810810810810811,1.4054054054054055,1.6486486486486487,1.3243243243243243,1.837837837837838,0.17567567567567569,0.21621621621621623,0.6243243243243244,12.240851576981052,11.982404859551654,4.089897574907331,10.84084795339368,1.9110438602179538,0.25844671742939856
pl-2024-2025-05-25-bournemouth-v-leicester,2025-05-25,2024,Bournemouth,Leicester,2,0,2,0.5,0.0,215.02315816014845,5,7,999,0,1.0,0,999,0,1.0,0,2,0,1.0,2.0,2.0,4.0,6.0,1.0,1.3466666666666667,1.4666666666666666,1.5066666666666666,0.8,1.2,1.4054054054054055,1.2894736842105263,1.2972972972972974,1.1891891891891893,1.631578947368421,1.8157894736842106,0.22666666666666666,0.2,-0.3466666666666667,12.081220016024211,12.143417810494649,4.031721464172599,10.888120077877847,1.9508268784785745,-0.06219779447043728,2.0,1.0,2.0,6.0,6.0,1.4,0.6756756756756757,0.8918918918918919,2.108108108108108,1.2,1.2,0.7894736842105263,0.5555555555555556,0.7894736842105263,1.7894736842105263,1.0,2.4444444444444446,0.08108108108108109,0.43243243243243246,0.7243243243243243,12.240851576981052,11.982404859551654,4.089897574907331,10.84084795339368,1.9110438602179538,0.25844671742939856
pl-2024-2025-05-25-man-united-v-aston-villa,2025-05-25,2024,Man United,Aston Villa,2,0,2,0.75,0.0,109.50563181754711,9,9,999,0,1.0,0,999,0,1.0,0,3,1,0.0,1.0,4.0,4.0,9.0,0.2,1.32,1.32,1.4933333333333334,0.8,1.8,1.4594594594594594,1.1842105263157894,1.4054054054054055,1.5135135135135136,1.236842105263158,1.4736842105263157,0.24,0.32,-1.12,12.081220016024211,12.143417810494649,4.031721464172599,10.888120077877847,1.9508268784785745,-0.06219779447043728,4.0,0.0,1.0,9.0,3.0,2.4,1.7866666666666666,1.7866666666666666,1.4666666666666666,1.8,0.6,2.1052631578947367,1.4594594594594594,2.1578947368421053,1.263157894736842,1.4054054054054055,1.6756756756756757,0.22666666666666666,0.16,0.6133333333333333,12.240851576981052,11.982404859551654,4.089897574907331,10.84084795339368,1.9110438602179538,0.25844671742939856
pl-2024-2025-05-25-newcastle-v-everton,2025-05-25,2024,Newcastle,Everton,0,1,0,0.3333333333333333,0.0,192.08985245034933,7,7,999,0,1.0,0,999,0,1.0,0,3,3,2.0,1.0,2.0,7.0,6.0,1.4,1.68,2.04,1.44,1.4,1.2,2.108108108108108,1.263157894736842,2.4054054054054053,1.1081081081081081,1.6842105263157894,1.763157894736842,0.30666666666666664,0.14666666666666667,-0.28,12.081220016024211,12.143417810494649,4.031721464172599,10.888120077877847,1.9508268784785745,-0.06219779447043728,2.0,1.0,2.0,7.0,6.0,1.4,1.24,1.08,1.2666666666666666,1.4,1.2,1.368421052631579,1.1081081081081081,1.263157894736842,1.0789473684210527,0.8918918918918919,1.4594594594594594,0.32,0.36,0.15999999999999992,12.240851576981052,11.982404859551654,4.089897574907331,10.84084795339368,1.9110438602179538,0.25844671742939856
pl-2024-2025-05-25-fulham-v-man-city,2025-05-25,2024,Fulham,Man City,0,2,0,0.0,0.0,260.3920788240613,7,5,999,0,1.0,0,999,0,1.0,0,0,1,2.0,0.0,3.0,7.0,9.0,1.2,1.3466666666666667,1.4533333333333334,1.5066666666666666,1.4,1.8,1.4864864864864864,1.2105263157894737,1.5675675675675675,1.4054054054054055,1.3421052631578947,1.605263157894737,0.2,0.25333333333333335,-0.14666666666666672,12.081220016024211,12.143417810494649,4.031721464172599,10.888120077877847,1.9508268784785745,-0.06219779447043728,4.0,1.0,0.0,8.0,2.0,2.6,2.12,2.2133333333333334,1.04,1.6,0.4,2.3421052631578947,1.8918918918918919,2.473684210526316,1.0263157894736843,1.945945945945946,1.054054054054054,0.3333333333333333,0.12,0.48,12.240851576981052,11.982404859551654,4.089897574907331,10.84084795339368,1.9110438602179538,0.25844671742939856
pl-2024-2025-05-25-wolves-v-brentford,2025-05-25,2024,Wolves,Brentford,1,1,1,0.3333333333333333,0.0,175.26099274206268,5,7,999,0,1.0,0,999,0,1.0,0,0,1,2.0,0.0,3.0,6.0,7.0,1.2,1.16,1.3733333333333333,1.7733333333333334,1.2,1.4,1.2702702702702702,1.0526315789473684,1.4054054054054055,1.6486486486486487,1.3421052631578947,1.894736842105263,0.17333333333333334,0.21333333333333335,0.040000000000000036,12.081220016024211,12.143417810494649,4.031721464172599,10.888120077877847,1.9508268784785745,-0.06219779447043728,4.0,0.0,1.0,13.0,8.0,2.4,1.2533333333333334,1.6133333333333333,1.6133333333333333,2.6,1.6,1.394736842105263,1.1081081081081081,1.8157894736842106,1.8157894736842106,1.4054054054054055,1.4054054054054055,0.2,0.21333333333333335,1.1466666666666665,12.240851576981052,11.982404859551654,4.089897574907331,10.84084795339368,1.9110438602179538,0.25844671742939856
pl-2024-2025-05-25-liverpool-v-crystal-palace,2025-05-25,2024,Liverpool,Crystal Palace,1,1,1,0.5833333333333334,0.0,298.70905973346817,6,5,999,0,1.0,0,999,0,1.0,0,3,3,2.0,1.0,2.0,11.0,9.0,1.4,2.2,2.28,1.08,2.2,1.8,2.5135135135135136,1.894736842105263,2.4324324324324325,0.8648648648648649,2.1315789473684212,1.2894736842105263,0.32,0.05333333333333334,-0.8000000000000003,12.081220016024211,12.143417810494649,4.031721464172599,10.888120077877847,1.9508268784785745,-0.06219779447043728,2.0,3.0,0.0,9.0,5.0,1.8,1.3466666666666667,1.4266666666666667,1.44,1.8,1.0,1.394736842105263,1.2972972972972974,1.605263157894737,1.368421052631579,1.2432432432432432,1.5135135135135136,0.28,0.2,0.45333333333333337,12.240851576981052,11.982404859551654,4.089897574907331,10.84084795339368,1.9110438602179538,0.25844671742939856
pl-2024-2025-05-25-tottenham-v-brighton,2025-05-25,2024,Tottenham,Brighton,1,4,0,0.3333333333333333,0.0,82.62630823994282,9,6,999,0,1.0,0,999,0,1.0,0,1,1,0.0,1.0,4.0,3.0,12.0,0.2,1.3866666666666667,1.8266666666666667,1.6266666666666667,0.6,2.4,1.6216216216216217,1.1578947368421053,1.945945945945946,1.5675675675675675,1.7105263157894737,1.6842105263157894,0.17333333333333334,0.17333333333333334,-1.1866666666666668,12.081220016024211,12.143417810494649,4.031721464172599,10.888120077877847,1.9508268784785745,-0.06219779447043728,3.0,1.0,1.0,11.0,9.0,2.0,1.4133333333333333,1.56,1.6,2.2,1.8,1.631578947368421,1.1891891891891893,1.5789473684210527,1.394736842105263,1.5405405405405406,1.8108108108108107,0.18666666666666668,0.2,0.5866666666666667,12.240851576981052,11.982404859551654,4.089897574907331,10.84084795339368,1.9110438602179538,0.25844671742939856
pl-2024-2025-05-25-ipswich-town-v-west-ham,2025-05-25,2024,Ipswich Town,West Ham,1,3,0,0.0,0.0,97.42519235422084,7,7,999,0,1.0,0,999,0,1.0,0,1,0,0.0,1.0,4.0,2.0,12.0,0.2,0.5945945945945946,0.9459459459459459,2.135135135135135,0.4,2.4,0.3888888888888889,0.7894736842105263,0.7222222222222222,2.2777777777777777,1.1578947368421053,2.0,0.05405405405405406,0.3783783783783784,-0.3945945945945946,12.081220016024211,12.143417810494649,4.031721464172599,10.888120077877847,1.9508268784785745,-0.06219779447043728,1.0,2.0,2.0,7.0,7.0,1.0,1.2266666666666666,1.3733333333333333,1.8,1.4,1.4,1.2894736842105263,1.162162162162162,1.4210526315789473,1.631578947368421,1.3243243243243243,1.972972972972973,0.16,0.21333333333333335,-0.22666666666666657,12.240851576981052,11.982404859551654,4.089897574907331,10.84084795339368,1.9110438602179538,0.25844671742939856
pl-2024-2025-05-25-southampton-v-arsenal,2025-05-25,2024,Southampton,Arsenal,1,2,0,0.0,0.0,118.32862003325089,7,7,999,0,1.0,0,999,0,1.0,0,0,5,0.0,2.0,3.0,2.0,7.0,0.4,0.32432432432432434,0.6756756756756757,2.27027027027027,0.4,1.4,0.3333333333333333,0.3157894736842105,0.6666666666666666,2.5,0.6842105263157895,2.0526315789473686,0.08108108108108109,0.43243243243243246,0.07567567567567568,12.081220016024211,12.143417810494649,4.031721464172599,10.888120077877847,1.9508268784785745,-0.06219779447043728,2.0,2.0,1.0,10.0,6.0,1.6,2.1333333333333333,2.1066666666666665,0.8266666666666667,2.0,1.2,2.263157894736842,2.0,2.1842105263157894,0.868421052631579,2.027027027027027,0.7837837837837838,0.41333333333333333,0.13333333333333333,-0.5333333333333332,12.240851576981052,11.982404859551654,4.089897574907331,10.84084795339368,1.9110438602179538,0.25844671742939856
pl-2024-2025-05-25-nott-m-forest-v-chelsea,2025-05-25,2024,Nott'm Forest,Chelsea,0,1,0,0.4166666666666667,0.0,174.46140029574008,7,9,999,0,1.0,0,999,0,1.0,0,2,3,2.0,2.0,1.0,7.0,7.0,1.6,1.3466666666666667,1.4266666666666667,1.4933333333333334,1.4,1.4,1.4054054054054055,1.2894736842105263,1.4324324324324325,1.2162162162162162,1.4210526315789473,1.763157894736842,0.22666666666666666,0.22666666666666666,0.2533333333333334,12.081220016024211,12.143417810494649,4.031721464172599,10.888120077877847,1.9508268784785745,-0.06219779447043728,4.0,0.0,1.0,7.0,4.0,2.4,1.72,1.8666666666666667,1.4133333333333333,1.4,0.8,2.0526315789473686,1.3783783783783783,2.0789473684210527,1.1578947368421053,1.6486486486486487,1.6756756756756757,0.24,0.17333333333333334,0.6799999999999999,12.240851576981052,11.982404859551654,4.089897574907331,10.84084795339368,1.9110438602179538,0.25844671742939856
pl-2025-2025-08-15-liverpool-v-bournemouth,2025-08-15,2025,Liverpool,Bournemouth,4,2,2,0.8571428571428571,0.0,309.521114049522,30,30,999,0,1.0,0,999,0,1.0,0,3,2,1.0,2.0,2.0,11.0,10.0,1.0,2.1842105263157894,2.263157894736842,1.0789473684210527,2.2,2.0,2.473684210526316,1.894736842105263,2.3947368421052633,0.868421052631579,2.1315789473684212,1.2894736842105263,0.3157894736842105,0.05263157894736842,-1.1842105263157894,12.081220016024211,12.143417810494649,4.031721464172599,10.888120077877847,1.9508268784785745,-0.06219779447043728,2.0,1.0,2.0,6.0,6.0,1.4,1.368421052631579,1.4736842105263157,1.486842105263158,1.2,1.2,1.4473684210526316,1.2894736842105263,1.3157894736842106,1.1578947368421053,1.631578947368421,1.8157894736842106,0.23684210526315788,0.19736842105263158,0.03157894736842093,12.240851576981052,11.982404859551654,4.089897574907331,10.84084795339368,1.9110438602179538,0.25844671742939856
pl-2025-2025-08-16-aston-villa-v-newcastle,2025-08-16,2025,Aston Villa,Newcastle,0,0,1,0.4166666666666667,0.0,274.7846475513572,30,30,999,0,1.0,0,999,0,1.0,0,1,3,3.0,0.0,2.0,5.0,4.0,1.8,1.763157894736842,1.763157894736842,1.4736842105263157,1.0,0.8,2.1052631578947367,1.4210526315789473,2.1578947368421053,1.263157894736842,1.368421052631579,1.6842105263157894,0.2236842105263158,0.17105263157894737,0.03684210526315801,12.081220016024211,12.143417810494649,4.031721464172599,10.888120077877847,1.9508268784785745,-0.06219779447043728,2.0,1.0,2.0,6.0,3.0,1.4,1.6578947368421053,2.013157894736842,1.4342105263157894,1.2,0.6,2.0526315789473686,1.263157894736842,2.3421052631578947,1.105263157894737,1.6842105263157894,1.763157894736842,0.3026315789473684,0.15789473684210525,-0.2578947368421054,12.240851576981052,11.982404859551654,4.089897574907331,10.84084795339368,1.9110438602179538,0.25844671742939856
pl-2025-2025-08-16-sunderland-v-west-ham,2025-08-16,2025,Sunderland,West Ham,3,0,2,0.5,0.0,386.7243193851733,7,30,999,0,1.0,0,999,0,1.0,0,3,0,1.8161702127659574,1.2059574468085106,1.8663829787234043,7.254468085106383,7.341276595744681,1.355872340425532,1.405410937744065,1.550329927261782,1.5203029104351635,1.4763829787234042,1.5037872340425533,1.5948115940966365,1.2273517881961282,1.689848619989206,1.3640519571110066,1.4186900986980262,1.6661994869059418,0.22497988742164976,0.2205873038401552,-0.049538597318533044,12.081220016024211,12.143417810494649,4.031721464172599,10.888120077877847,1.9508268784785745,-0.06219779447043728,2.0,1.0,2.0,9.0,7.0,1.4,1.25,1.394736842105263,1.7894736842105263,1.8,1.4,1.2894736842105263,1.2105263157894737,1.4210526315789473,1.631578947368421,1.368421052631579,1.9473684210526316,0.15789473684210525,0.21052631578947367,0.1499999999999999,12.240851576981052,11.982404859551654,4.089897574907331,10.84084795339368,1.9110438602179538,0.25844671742939856
pl-2025-2025-08-16-wolves-v-man-city,2025-08-16,2025,Wolves,Man City,0,4,0,0.16666666666666666,0.0,99.40729814153049,30,30,999,0,1.0,0,999,0,1.0,0,0,1,1.0,1.0,3.0,6.0,8.0,0.8,1.1578947368421053,1.368421052631579,1.763157894736842,1.2,1.6,1.263157894736842,1.0526315789473684,1.394736842105263,1.631578947368421,1.3421052631578947,1.894736842105263,0.17105263157894737,0.21052631578947367,-0.35789473684210527,12.081220016024211,12.143417810494649,4.031721464172599,10.888120077877847,1.9508268784785745,-0.06219779447043728,4.0,1.0,0.0,8.0,2.0,2.6,2.1315789473684212,2.210526315789474,1.0263157894736843,1.6,0.4,2.3421052631578947,1.9210526315789473,2.473684210526316,1.0263157894736843,1.9473684210526316,1.0263157894736843,0.34210526315789475,0.11842105263157894,0.46842105263157885,12.240851576981052,11.982404859551654,4.089897574907331,10.84084795339368,1.9110438602179538,0.25844671742939856
pl-2025-2025-08-16-tottenham-v-burnley,2025-08-16,2025,Tottenham,Burnley,3,0,2,0.875,0.0,283.3343564608226,30,30,999,0,1.0,0,999,0,1.0,0,1,0,0.0,1.0,4.0,3.0,14.0,0.2,1.368421052631579,1.8157894736842106,1.6578947368421053,0.6,2.8,1.5789473684210527,1.1578947368421053,1.9210526315789473,1.631578947368421,1.7105263157894737,1.6842105263157894,0.17105263157894737,0.17105263157894737,-1.168421052631579,12.081220016024211,12.143417810494649,4.031721464172599,10.888120077877847,1.9508268784785745,-0.06219779447043728,1.0,1.0,3.0,8.0,10.0,0.8,0.631578947368421,1.0789473684210527,2.0526315789473686,1.6,2.0,0.5263157894736842,0.7368421052631579,1.0,2.263157894736842,1.1578947368421053,1.8421052631578947,0.05263157894736842,0.3157894736842105,0.16842105263157903,12.240851576981052,11.982404859551654,4.089897574907331,10.84084795339368,1.9110438602179538,0.25844671742939856
pl-2025-2025-08-16-brighton-v-fulham,2025-08-16,2025,Brighton,Fulham,1,1,1,0.3333333333333333,0.0,68.94832156381648,30,30,999,0,1.0,0,999,0,1.0,0,1,0,4.0,1.0,0.0,13.0,6.0,2.6,1.4342105263157894,1.5921052631578947,1.5921052631578947,2.6,1.2,1.631578947368421,1.236842105263158,1.5789473684210527,1.394736842105263,1.605263157894737,1.7894736842105263,0.18421052631578946,0.19736842105263158,1.1657894736842107,12.081220016024211,12.143417810494649,4.031721464172599,10.888120077877847,1.9508268784785745,-0.06219779447043728,2.0,0.0,3.0,6.0,9.0,1.2,1.3289473684210527,1.4342105263157894,1.513157894736842,1.2,1.8,1.4473684210526316,1.2105263157894737,1.5263157894736843,1.4210526315789473,1.3421052631578947,1.605263157894737,0.19736842105263158,0.2631578947368421,-0.1289473684210527,12.240851576981052,11.982404859551654,4.089897574907331,10.84084795339368,1.9110438602179538,0.25844671742939856
pl-2025-2025-08-17-chelsea-v-crystal-palace,2025-08-17,2025,Chelsea,Crystal Palace,0,0,1,0.75,0.0,11.84093067606262,30,30,999,0,1.0,0,999,0,1.0,0,3,3,4.0,0.0,1.0,6.0,3.0,2.4,1.736842105263158,1.855263157894737,1.394736842105263,1.2,0.6,2.0526315789473686,1.4210526315789473,2.0789473684210527,1.1578947368421053,1.631578947368421,1.631578947368421,0.25,0.17105263157894737,0.663157894736842,12.081220016024211,12.143417810494649,4.031721464172599,10.888120077877847,1.9508268784785745,-0.06219779447043728,2.0,3.0,0.0,10.0,6.0,1.8,1.3421052631578947,1.4210526315789473,1.4342105263157894,2.0,1.2,1.394736842105263,1.2894736842105263,1.605263157894737,1.368421052631579,1.236842105263158,1.5,0.27631578947368424,0.19736842105263158,0.45789473684210535,12.240851576981052,11.982404859551654,4.089897574907331,10.84084795339368,1.9110438602179538,0.25844671742939856
pl-2025-2025-08-17-nott-m-forest-v-brentford,2025-08-17,2025,Nott'm Forest,Brentford,3,1,2,0.5833333333333334,0.0,171.07109319906445,30,30,999,0,1.0,0,999,0,1.0,0,2,1,1.0,2.0,2.0,5.0,7.0,1.0,1.3289473684210527,1.4078947368421053,1.486842105263158,1.0,1.4,1.368421052631579,1.2894736842105263,1.394736842105263,1.2105263157894737,1.4210526315789473,1.763157894736842,0.2236842105263158,0.23684210526315788,-0.32894736842105265,12.081220016024211,12.143417810494649,4.031721464172599,10.888120077877847,1.9508268784785745,-0.06219779447043728,3.0,1.0,1.0,10.0,7.0,2.0,1.25,1.605263157894737,1.605263157894737,2.0,1.4,1.394736842105263,1.105263157894737,1.8157894736842106,1.8157894736842106,1.394736842105263,1.394736842105263,0.19736842105263158,0.21052631578947367,0.75,12.240851576981052,11.982404859551654,4.089897574907331,10.84084795339368,1.9110438602179538,0.25844671742939856
pl-2025-2025-08-17-man-united-v-arsenal,2025-08-17,2025,Man United,Arsenal,0,1,0,0.25,0.0,258.3980584719573,30,30,999,0,1.0,0,999,0,1.0,0,3,5,1.0,1.0,3.0,6.0,8.0,0.8,1.3421052631578947,1.3289473684210527,1.4736842105263157,1.2,1.6,1.5,1.1842105263157894,1.4210526315789473,1.4736842105263157,1.236842105263158,1.4736842105263157,0.25,0.3157894736842105,-0.5421052631578946,12.081220016024211,12.143417810494649,4.031721464172599,10.888120077877847,1.9508268784785745,-0.06219779447043728,2.0,2.0,1.0,8.0,7.0,1.6,2.1447368421052633,2.1052631578947367,0.8289473684210527,1.6,1.4,2.263157894736842,2.026315789473684,2.1842105263157894,0.868421052631579,2.026315789473684,0.7894736842105263,0.40789473684210525,0.13157894736842105,-0.5447368421052632,12.240851576981052,11.982404859551654,4.089897574907331,10.84084795339368,1.9110438602179538,0.25844671742939856
pl-2025-2025-08-18-leeds-v-everton,2025-08-18,2025,Leeds,Everton,1,0,2,0.75,0.0,99.38820475361769,7,30,999,0,1.0,0,999,0,1.0,0,0,3,1.8161702127659574,1.2059574468085106,1.8663829787234043,7.254468085106383,7.341276595744681,1.355872340425532,1.405410937744065,1.550329927261782,1.5203029104351635,1.4763829787234042,1.5037872340425533,1.5948115940966365,1.2273517881961282,1.689848619989206,1.3640519571110066,1.4186900986980262,1.6661994869059418,0.22497988742164976,0.2205873038401552,-0.049538597318533044,12.081220016024211,12.143417810494649,4.031721464172599,10.888120077877847,1.9508268784785745,-0.06219779447043728,3.0,1.0,1.0,8.0,4.0,2.0,1.263157894736842,1.0789473684210527,1.25,1.6,0.8,1.368421052631579,1.1578947368421053,1.263157894736842,1.0789473684210527,0.8947368421052632,1.4210526315789473,0.32894736842105265,0.35526315789473684,0.736842105263158,12.240851576981052,11.982404859551654,4.089897574907331,10.84084795339368,1.9110438602179538,0.25844671742939856
pl-2025-2025-08-22-west-ham-v-chelsea,2025-08-22,2025,West Ham,Chelsea,1,5,0,0.16666666666666666,0.0,15.66482235248609,6,5,999,0,1.0,0,999,0,1.0,0,0,3,2.0,1.0,2.0,7.0,7.0,1.4,1.2337662337662338,1.3766233766233766,1.8051948051948052,1.4,1.4,1.2894736842105263,1.1794871794871795,1.4210526315789473,1.631578947368421,1.3333333333333333,1.9743589743589745,0.15584415584415584,0.22077922077922077,0.16623376623376607,12.0,10.0,4.0,10.0,1.0,2.0,3.0,1.0,1.0,5.0,3.0,2.0,1.7272727272727273,1.8311688311688312,1.3766233766233766,1.0,0.6,2.0256410256410255,1.4210526315789473,2.0256410256410255,1.1282051282051282,1.631578947368421,1.631578947368421,0.2597402597402597,0.18181818181818182,0.2727272727272727,19.0,12.0,3.0,10.0,2.0,7.0
pl-2025-2025-08-23-bournemouth-v-wolves,2025-08-23,2025,Bournemouth,Wolves,1,0,2,0.6666666666666666,0.0,207.24702296907705,8,7,999,0,1.0,0,999,0,1.0,0,2,0,2.0,0.0,3.0,7.0,9.0,1.2,1.3506493506493507,1.4805194805194806,1.5194805194805194,1.4,1.8,1.4473684210526316,1.2564102564102564,1.3157894736842106,1.1578947368421053,1.641025641025641,1.8717948717948718,0.23376623376623376,0.19480519480519481,-0.1506493506493507,10.0,19.0,3.0,10.0,2.0,-9.0,0.0,1.0,4.0,3.0,12.0,0.2,1.1428571428571428,1.3506493506493507,1.7922077922077921,0.6,2.4,1.2307692307692308,1.0526315789473684,1.358974358974359,1.6923076923076923,1.3421052631578947,1.894736842105263,0.16883116883116883,0.22077922077922077,-0.9428571428571428,9.0,15.0,3.0,13.0,1.0,-6.0
pl-2025-2025-08-23-brentford-v-aston-villa,2025-08-23,2025,Brentford,Aston Villa,1,0,2,0.4166666666666667,0.0,157.1274012431735,6,7,999,0,1.0,0,999,0,1.0,0,1,1,2.0,1.0,2.0,9.0,10.0,1.4,1.2337662337662338,1.5974025974025974,1.6233766233766234,1.8,2.0,1.394736842105263,1.0769230769230769,1.8157894736842106,1.8157894736842106,1.3846153846153846,1.435897435897436,0.19480519480519481,0.2077922077922078,0.16623376623376607,10.0,11.0,3.0,15.0,2.0,-1.0,3.0,1.0,1.0,4.0,2.0,2.0,1.7532467532467533,1.7402597402597402,1.4545454545454546,0.8,0.4,2.076923076923077,1.4210526315789473,2.1025641025641026,1.2307692307692308,1.368421052631579,1.6842105263157894,0.23376623376623376,0.18181818181818182,0.24675324675324672,3.0,16.0,3.0,13.0,3.0,-13.0
pl-2025-2025-08-23-burnley-v-sunderland,2025-08-23,2025,Burnley,Sunderland,2,0,2,0.5,0.0,136.47482782287014,7,7,999,0,1.0,0,999,0,1.0,0,0,3,0.0,1.0,4.0,4.0,12.0,0.2,0.6153846153846154,1.0512820512820513,2.076923076923077,0.8,2.4,0.5263157894736842,0.7,1.0,2.263157894736842,1.1,1.9,0.05128205128205128,0.3333333333333333,-0.4153846153846154,14.0,16.0,4.0,8.0,0.0,-2.0,1.0,0.0,0.0,3.0,0.0,3.0,3.0,3.0,0.0,3.0,0.0,3.0,3.0,3.0,0.0,3.0,0.0,1.0,0.0,0.0,10.0,12.0,5.0,8.0,0.0,-2.0
pl-2025-2025-08-23-arsenal-v-leeds,2025-08-23,2025,Arsenal,Leeds,5,0,2,1.0,0.0,265.99994948486125,6,5,999,0,1.0,0,999,0,1.0,0,5,0,3.0,1.0,1.0,7.0,5.0,2.0,2.155844155844156,2.090909090909091,0.8181818181818182,1.4,1.0,2.263157894736842,2.051282051282051,2.1842105263157894,0.868421052631579,2.0,0.7692307692307693,0.4155844155844156,0.12987012987012986,-0.1558441558441559,9.0,22.0,3.0,19.0,4.0,-13.0,1.0,0.0,0.0,1.0,0.0,3.0,3.0,1.0,0.0,1.0,0.0,3.0,3.0,1.0,0.0,1.0,0.0,1.0,0.0,0.0,21.0,7.0,3.0,6.0,0.0,14.0
pl-2025-2025-08-23-man-city-v-tottenham,2025-08-23,2025,Man City,Tottenham,0,2,0,0.5,0.0,253.90234817097527,7,7,999,0,1.0,0,999,0,1.0,0,1,1,4.0,1.0,0.0,10.0,1.0,2.6,2.142857142857143,2.2337662337662336,1.0129870129870129,2.0,0.2,2.3421052631578947,1.9487179487179487,2.473684210526316,1.0263157894736843,2.0,1.0,0.35064935064935066,0.11688311688311688,0.4571428571428573,15.0,9.0,4.0,7.0,2.0,6.0,1.0,1.0,3.0,5.0,9.0,0.8,1.3896103896103895,1.8311688311688312,1.6363636363636365,1.0,1.8,1.6153846153846154,1.1578947368421053,1.9487179487179487,1.5897435897435896,1.7105263157894737,1.6842105263157894,0.18181818181818182,0.16883116883116883,-0.5896103896103895,16.0,14.0,6.0,14.0,0.0,2.0
pl-2025-2025-08-24-everton-v-brighton,2025-08-24,2025,Everton,Brighton,2,0,2,0.5833333333333334,0.0,347.5953438923898,6,8,999,0,1.0,0,999,0,1.0,0,3,1,3.0,1.0,1.0,8.0,4.0,2.0,1.2467532467532467,1.0649350649350648,1.2467532467532467,1.6,0.8,1.368421052631579,1.1282051282051282,1.263157894736842,1.0789473684210527,0.8717948717948718,1.4102564102564104,0.3246753246753247,0.36363636363636365,0.7532467532467533,7.0,21.0,1.0,8.0,2.0,-14.0,3.0,2.0,0.0,11.0,5.0,2.2,1.4285714285714286,1.5844155844155845,1.5844155844155845,2.2,1.0,1.6153846153846154,1.236842105263158,1.564102564102564,1.3846153846153846,1.605263157894737,1.7894736842105263,0.18181818181818182,0.19480519480519481,0.7714285714285716,10.0,7.0,4.0,16.0,3.0,3.0
pl-2025-2025-08-24-fulham-v-man-united,2025-08-24,2025,Fulham,Man United,1,1,1,0.2857142857142857,0.0,261.7512375105811,8,7,999,0,1.0,0,999,0,1.0,0,0,3,1.0,1.0,3.0,5.0,9.0,0.8,1.3246753246753247,1.4285714285714286,1.5064935064935066,1.0,1.8,1.4473684210526316,1.205128205128205,1.5263157894736843,1.4210526315789473,1.3333333333333333,1.5897435897435896,0.19480519480519481,0.2597402597402597,-0.5246753246753246,7.0,10.0,2.0,15.0,3.0,-3.0,1.0,0.0,4.0,5.0,8.0,0.6,1.3246753246753247,1.3116883116883118,1.4675324675324675,1.0,1.6,1.4615384615384615,1.1842105263157894,1.3846153846153846,1.4615384615384615,1.236842105263158,1.4736842105263157,0.24675324675324675,0.3246753246753247,-0.7246753246753247,22.0,9.0,7.0,10.0,1.0,13.0
pl-2025-2025-08-24-crystal-palace-v-nott-m-forest,2025-08-24,2025,Crystal Palace,Nott'm Forest,1,1,1,0.4166666666666667,0.0,185.8364575508245,7,7,999,0,1.0,0,999,0,1.0,0,3,2,2.0,3.0,0.0,8.0,4.0,1.8,1.3376623376623376,1.4025974025974026,1.4155844155844155,1.6,0.8,1.394736842105263,1.2820512820512822,1.605263157894737,1.368421052631579,1.205128205128205,1.4615384615384615,0.2857142857142857,0.2077922077922078,0.4623376623376625,12.0,19.0,4.0,12.0,3.0,-7.0,2.0,2.0,1.0,8.0,6.0,1.6,1.3506493506493507,1.4285714285714286,1.4805194805194806,1.6,1.2,1.4102564102564104,1.2894736842105263,1.435897435897436,1.205128205128205,1.4210526315789473,1.763157894736842,0.22077922077922077,0.23376623376623376,0.24935064935064943,11.0,10.0,5.0,7.0,1.0,1.0
pl-2025-2025-08-25-newcastle-v-liverpool,2025-08-25,2025,Newcastle,Liverpool,2,3,0,0.14285714285714285,0.0,192.88502417995036,9,10,999,0,1.0,0,999,0,1.0,0,3,3,1.0,2.0,2.0,3.0,3.0,1.0,1.6493506493506493,1.9870129870129871,1.4155844155844155,0.6,0.6,2.0526315789473686,1.2564102564102564,2.3421052631578947,1.105263157894737,1.641025641025641,1.7179487179487178,0.3116883116883117,0.16883116883116883,-0.6493506493506493,16.0,3.0,3.0,11.0,1.0,13.0,1.0,2.0,2.0,10.0,11.0,1.0,2.1948051948051948,2.2857142857142856,1.0909090909090908,2.0,2.2,2.4871794871794872,1.894736842105263,2.4358974358974357,0.8974358974358975,2.1315789473684212,1.2894736842105263,0.3116883116883117,0.05194805194805195,-1.1948051948051948,19.0,10.0,10.0,7.0,1.0,9.0
pl-2025-2025-08-30-chelsea-v-fulham,2025-08-30,2025,Chelsea,Fulham,2,0,2,0.7142857142857143,0.0,2.218613585674892,8,6,999,0,1.0,0,999,0,1.0,0,3,0,3.0,1.0,1.0,7.0,3.0,2.0,1.7435897435897436,1.8717948717948718,1.3717948717948718,1.4,0.6,2.0256410256410255,1.4615384615384615,2.0256410256410255,1.1282051282051282,1.7179487179487178,1.6153846153846154,0.2564102564102564,0.1794871794871795,0.2564102564102564,15.5,12.0,5.0,10.0,1.5,3.5,1.0,2.0,2.0,6.0,9.0,1.0,1.3205128205128205,1.4230769230769231,1.5,1.2,1.8,1.435897435897436,1.205128205128205,1.5128205128205128,1.4102564102564104,1.3333333333333333,1.5897435897435896,0.19230769230769232,0.2564102564102564,-0.3205128205128205,10.0,10.0,3.0,13.5,2.0,0.0
pl-2025-2025-08-30-man-united-v-burnley,2025-08-30,2025,Man United,Burnley,3,2,2,0.75,0.0,36.472054464069615,6,7,999,0,1.0,0,999,0,1.0,0,3,0,1.0,1.0,3.0,3.0,5.0,0.8,1.3205128205128205,1.3076923076923077,1.4615384615384615,0.6,1.0,1.4615384615384615,1.1794871794871795,1.3846153846153846,1.4615384615384615,1.2307692307692308,1.4615384615384615,0.24358974358974358,0.32051282051282054,-0.5205128205128204,16.0,11.0,5.0,10.0,1.0,5.0,1.0,0.0,4.0,5.0,11.0,0.6,0.675,1.075,2.025,1.0,2.2,0.65,0.7,1.05,2.15,1.1,1.9,0.075,0.325,-0.07500000000000007,10.5,12.5,3.0,8.5,0.0,-2.0
pl-2025-2025-08-30-sunderland-v-brentford,2025-08-30,2025,Sunderland,Brentford,2,1,2,0.5,0.0,387.5314928132514,7,7,999,0,1.0,0,999,0,1.0,0,3,1,1.0,0.0,1.0,3.0,2.0,1.5,1.5,1.5,1.0,1.5,1.0,3.0,0.0,3.0,0.0,0.0,2.0,0.5,0.5,0.0,9.5,9.5,3.0,6.5,0.5,0.0,2.0,1.0,2.0,6.0,7.0,1.4,1.2564102564102564,1.5897435897435896,1.6025641025641026,1.2,1.4,1.435897435897436,1.0769230769230769,1.794871794871795,1.7692307692307692,1.3846153846153846,1.435897435897436,0.20512820512820512,0.20512820512820512,0.14358974358974352,9.5,14.0,2.5,13.0,1.5,-4.5
pl-2025-2025-08-30-tottenham-v-bournemouth,2025-08-30,2025,Tottenham,Bournemouth,0,1,0,0.4166666666666667,0.0,156.83846275039934,7,7,999,0,1.0,0,999,0,1.0,0,1,2,2.0,0.0,3.0,6.0,8.0,1.2,1.4102564102564104,1.8333333333333333,1.6153846153846154,1.2,1.6,1.6153846153846154,1.205128205128205,1.9487179487179487,1.5897435897435896,1.7179487179487178,1.641025641025641,0.19230769230769232,0.16666666666666666,-0.2102564102564104,14.0,12.0,5.5,13.0,2.0,2.0,2.0,0.0,3.0,6.0,8.0,1.2,1.3717948717948718,1.4743589743589745,1.5,1.2,1.6,1.4871794871794872,1.2564102564102564,1.3076923076923077,1.1282051282051282,1.641025641025641,1.8717948717948718,0.24358974358974358,0.19230769230769232,-0.17179487179487185,12.0,12.5,3.5,11.5,2.0,-0.5
pl-2025-2025-08-30-wolves-v-everton,2025-08-30,2025,Wolves,Everton,2,3,0,0.5,0.0,109.72444126016762,7,6,999,0,1.0,0,999,0,1.0,0,0,3,0.0,1.0,4.0,3.0,12.0,0.2,1.1282051282051282,1.3333333333333333,1.7820512820512822,0.6,2.4,1.2307692307692308,1.0256410256410255,1.358974358974359,1.6923076923076923,1.3076923076923077,1.8717948717948718,0.16666666666666666,0.23076923076923078,-0.9282051282051282,7.5,14.5,2.0,14.5,3.5,-7.0,4.0,0.0,1.0,8.0,2.0,2.4,1.2692307692307692,1.0769230769230769,1.2307692307692308,1.6,0.4,1.4102564102564104,1.1282051282051282,1.2820512820512822,1.0512820512820513,0.8717948717948718,1.4102564102564104,0.3333333333333333,0.358974358974359,1.1307692307692307,9.0,17.0,2.0,7.5,3.0,-8.0
pl-2025-2025-08-30-leeds-v-newcastle,2025-08-30,2025,Leeds,Newcastle,0,0,1,0.5,0.0,133.12811362821193,7,5,999,0,1.0,0,999,0,1.0,0,0,3,1.0,0.0,1.0,1.0,5.0,1.5,1.5,0.5,2.5,0.5,2.5,3.0,0.0,1.0,0.0,0.0,5.0,0.5,0.5,0.0,12.0,12.5,2.0,8.5,1.0,-0.5,1.0,1.0,3.0,4.0,5.0,0.8,1.6282051282051282,1.9871794871794872,1.435897435897436,0.8,1.0,2.0,1.2564102564102564,2.3333333333333335,1.1538461538461537,1.641025641025641,1.7179487179487178,0.3076923076923077,0.16666666666666666,-0.8282051282051281,13.0,4.0,3.0,14.0,2.5,9.0
pl-2025-2025-08-31-liverpool-v-arsenal,2025-08-31,2025,Liverpool,Arsenal,1,0,2,0.5,0.0,284.40571513290473,6,8,999,0,1.0,0,999,0,1.0,0,3,5,2.0,2.0,1.0,12.0,10.0,1.6,2.2051282051282053,2.2948717948717947,1.1025641025641026,2.4,2.0,2.4871794871794872,1.9230769230769231,2.4358974358974357,0.8974358974358975,2.1538461538461537,1.3076923076923077,0.3076923076923077,0.05128205128205128,-0.6051282051282052,12.0,10.0,7.0,11.0,2.0,2.0,4.0,1.0,0.0,11.0,3.0,2.6,2.1666666666666665,2.128205128205128,0.8076923076923077,2.2,0.6,2.282051282051282,2.051282051282051,2.2564102564102564,0.8461538461538461,2.0,0.7692307692307693,0.4230769230769231,0.1282051282051282,0.43333333333333357,13.5,12.5,4.0,13.5,2.0,1.0
pl-2025-2025-08-31-brighton-v-man-city,2025-08-31,2025,Brighton,Man City,2,1,2,0.5,0.0,325.3035443592153,7,8,999,0,1.0,0,999,0,1.0,0,1,1,3.0,1.0,1.0,10.0,6.0,2.0,1.4102564102564104,1.564102564102564,1.5897435897435896,2.0,1.2,1.6153846153846154,1.205128205128205,1.564102564102564,1.3846153846153846,1.564102564102564,1.794871794871795,0.1794871794871795,0.20512820512820512,0.5897435897435896,11.5,9.0,4.0,15.5,3.0,2.5,3.0,1.0,1.0,9.0,3.0,2.0,2.1153846153846154,2.2051282051282053,1.0256410256410255,1.8,0.6,2.282051282051282,1.9487179487179487,2.41025641025641,1.0512820512820513,2.0,1.0,0.34615384615384615,0.1282051282051282,-0.11538461538461542,12.5,10.5,4.0,7.0,1.5,2.0
pl-2025-2025-08-31-nott-m-forest-v-west-ham,2025-08-31,2025,Nott'm Forest,West Ham,0,3,0,0.6666666666666666,0.0,174.4432978486183,7,9,999,0,1.0,0,999,0,1.0,0,2,0,2.0,2.0,1.0,8.0,6.0,1.6,1.3461538461538463,1.4230769230769231,1.4743589743589745,1.6,1.2,1.4102564102564104,1.2820512820512822,1.435897435897436,1.205128205128205,1.4102564102564104,1.7435897435897436,0.21794871794871795,0.23076923076923078,0.25384615384615383,10.0,9.0,3.0,9.0,2.0,1.0,2.0,0.0,3.0,7.0,11.0,1.2,1.2179487179487178,1.3717948717948718,1.8461538461538463,1.4,2.2,1.2564102564102564,1.1794871794871795,1.4102564102564104,1.7179487179487178,1.3333333333333333,1.9743589743589745,0.15384615384615385,0.21794871794871795,-0.017948717948717885,12.0,11.0,4.0,8.5,0.5,1.0
pl-2025-2025-08-31-aston-villa-v-crystal-palace,2025-08-31,2025,Aston Villa,Crystal Palace,0,3,0,0.3333333333333333,0.0,174.51945913250827,8,7,999,0,1.0,0,999,0,1.0,0,1,3,2.0,1.0,2.0,3.0,3.0,1.4,1.7307692307692308,1.7179487179487178,1.4487179487179487,0.6,0.6,2.076923076923077,1.3846153846153846,2.1025641025641026,1.2307692307692308,1.3333333333333333,1.6666666666666667,0.23076923076923078,0.19230769230769232,-0.3307692307692309,10.0,12.5,2.5,11.0,2.5,-2.5,2.0,3.0,0.0,8.0,4.0,1.8,1.3333333333333333,1.3974358974358974,1.4102564102564104,1.6,0.8,1.3846153846153846,1.2820512820512822,1.5897435897435896,1.358974358974359,1.205128205128205,1.4615384615384615,0.28205128205128205,0.20512820512820512,0.4666666666666668,10.0,14.0,4.0,11.5,3.0,-4.0
pl-2025-2025-09-13-arsenal-v-nott-m-forest,2025-09-13,2025,Arsenal,Nott'm Forest,3,0,2,0.8333333333333334,0.0,169.03828783728213,13,13,999,0,1.0,0,999,0,1.0,0,5,2,4.0,0.0,1.0,9.0,2.0,2.4,2.1392405063291138,2.1012658227848102,0.810126582278481,1.8,0.4,2.282051282051282,2.0,2.2564102564102564,0.8461538461538461,1.95,0.775,0.4177215189873418,0.13924050632911392,0.26075949367088613,12.666666666666666,11.333333333333334,3.0,12.333333333333334,2.0,1.3333333333333321,2.0,1.0,2.0,6.0,7.0,1.4,1.3291139240506329,1.4050632911392404,1.4936708860759493,1.2,1.4,1.375,1.2820512820512822,1.4,1.25,1.4102564102564104,1.7435897435897436,0.21518987341772153,0.24050632911392406,0.07088607594936702,10.333333333333334,10.0,3.0,10.666666666666666,1.3333333333333333,0.3333333333333339
pl-2025-2025-09-13-bournemouth-v-brighton,2025-09-13,2025,Bournemouth,Brighton,2,1,2,0.4166666666666667,0.0,124.1341237161608,14,13,999,0,1.0,0,999,0,1.0,0,2,1,3.0,0.0,2.0,7.0,7.0,1.8,1.3924050632911393,1.4683544303797469,1.481012658227848,1.4,1.4,1.4871794871794872,1.3,1.3076923076923077,1.1282051282051282,1.625,1.825,0.25316455696202533,0.189873417721519,0.4075949367088607,14.666666666666666,10.0,4.333333333333333,12.0,2.6666666666666665,4.666666666666666,3.0,1.0,1.0,10.0,7.0,2.0,1.4303797468354431,1.5696202531645569,1.5822784810126582,2.0,1.4,1.65,1.205128205128205,1.575,1.375,1.564102564102564,1.794871794871795,0.17721518987341772,0.20253164556962025,0.5696202531645569,11.666666666666666,10.0,5.0,15.666666666666666,2.6666666666666665,1.666666666666666
pl-2025-2025-09-13-crystal-palace-v-sunderland,2025-09-13,2025,Crystal Palace,Sunderland,0,0,1,0.25,0.0,400.4648421876113,13,14,999,0,1.0,0,999,0,1.0,0,3,3,2.0,3.0,0.0,9.0,4.0,1.8,1.3544303797468353,1.4177215189873418,1.3924050632911393,1.8,0.8,1.3846153846153846,1.325,1.5897435897435896,1.358974358974359,1.25,1.425,0.2911392405063291,0.20253164556962025,0.4455696202531647,8.666666666666666,13.666666666666666,4.0,12.333333333333334,3.0,-5.0,2.0,0.0,1.0,5.0,3.0,2.0,2.0,1.6666666666666667,1.0,1.6666666666666667,1.0,3.0,0.0,2.5,0.5,0.0,2.0,0.3333333333333333,0.3333333333333333,0.0,10.333333333333334,8.666666666666666,3.0,8.0,1.3333333333333333,1.6666666666666679
pl-2025-2025-09-13-everton-v-aston-villa,2025-09-13,2025,Everton,Aston Villa,0,0,1,0.3333333333333333,0.0,126.22335550924237,14,13,999,0,1.0,0,999,0,1.0,0,3,1,4.0,0.0,1.0,8.0,3.0,2.4,1.2911392405063291,1.1012658227848102,1.240506329113924,1.6,0.6,1.4102564102564104,1.175,1.2820512820512822,1.0512820512820513,0.925,1.425,0.3291139240506329,0.35443037974683544,1.1088607594936708,9.333333333333334,15.333333333333334,2.6666666666666665,8.333333333333334,2.3333333333333335,-6.0,1.0,1.0,3.0,2.0,6.0,0.8,1.7088607594936709,1.6962025316455696,1.4683544303797469,0.4,1.2,2.025,1.3846153846153846,2.05,1.275,1.3333333333333333,1.6666666666666667,0.22784810126582278,0.20253164556962025,-0.9088607594936708,11.0,10.333333333333334,3.0,9.666666666666666,2.3333333333333335,0.6666666666666661
pl-2025-2025-09-13-fulham-v-leeds,2025-09-13,2025,Fulham,Leeds,1,0,2,0.5,0.0,271.81974796838716,14,14,999,0,1.0,0,999,0,1.0,0,0,0,1.0,2.0,2.0,5.0,8.0,1.0,1.3037974683544304,1.4050632911392404,1.5063291139240507,1.0,1.6,1.435897435897436,1.175,1.5128205128205128,1.4102564102564104,1.3,1.6,0.189873417721519,0.26582278481012656,-0.30379746835443044,10.333333333333334,11.0,3.0,14.666666666666666,2.0,-0.6666666666666661,1.0,1.0,1.0,1.0,5.0,1.3333333333333333,1.3333333333333333,0.3333333333333333,1.6666666666666667,0.3333333333333333,1.6666666666666667,2.0,0.0,0.5,0.0,0.0,5.0,0.6666666666666666,0.6666666666666666,0.0,11.333333333333334,11.0,1.6666666666666667,9.0,1.0,0.3333333333333339
pl-2025-2025-09-13-newcastle-v-wolves,2025-09-13,2025,Newcastle,Wolves,1,0,2,0.8333333333333334,0.0,267.35588733290405,14,14,999,0,1.0,0,999,0,1.0,0,3,0,0.0,2.0,3.0,2.0,5.0,0.4,1.620253164556962,1.9620253164556962,1.4177215189873418,0.4,1.0,2.0,1.25,2.3333333333333335,1.1538461538461537,1.6,1.675,0.31645569620253167,0.17721518987341772,-1.2202531645569619,11.333333333333334,6.0,2.6666666666666665,14.333333333333334,2.0,5.333333333333334,0.0,1.0,4.0,5.0,13.0,0.2,1.1139240506329113,1.3417721518987342,1.7974683544303798,1.0,2.6,1.2,1.0256410256410255,1.375,1.725,1.3076923076923077,1.8717948717948718,0.16455696202531644,0.22784810126582278,-0.9139240506329114,9.0,13.0,2.6666666666666665,14.666666666666666,2.3333333333333335,-4.0
pl-2025-2025-09-13-west-ham-v-tottenham,2025-09-13,2025,West Ham,Tottenham,0,3,0,0.5,0.0,9.184552287614396,13,14,999,0,1.0,0,999,0,1.0,0,0,1,2.0,0.0,3.0,8.0,11.0,1.2,1.240506329113924,1.3924050632911393,1.8227848101265822,1.6,2.2,1.2564102564102564,1.225,1.4102564102564104,1.7179487179487178,1.375,1.925,0.16455696202531644,0.21518987341772153,-0.040506329113924044,12.0,11.0,5.333333333333333,7.666666666666667,0.3333333333333333,1.0,2.0,0.0,3.0,6.0,7.0,1.2,1.3924050632911393,1.8101265822784811,1.6075949367088607,1.2,1.4,1.575,1.205128205128205,1.9,1.575,1.7179487179487178,1.641025641025641,0.189873417721519,0.17721518987341772,-0.19240506329113938,11.0,14.666666666666666,4.0,14.333333333333334,2.0,-3.666666666666666
pl-2025-2025-09-13-brentford-v-chelsea,2025-09-13,2025,Brentford,Chelsea,2,2,1,0.5,0.0,7.133128631501841,14,14,999,0,1.0,0,999,0,1.0,0,1,3,1.0,1.0,3.0,6.0,9.0,0.8,1.240506329113924,1.5822784810126582,1.6075949367088607,1.2,1.8,1.435897435897436,1.05,1.794871794871795,1.7692307692307692,1.375,1.45,0.20253164556962025,0.20253164556962025,-0.44050632911392396,8.666666666666666,13.333333333333334,3.0,12.666666666666666,1.6666666666666667,-4.666666666666668,4.0,1.0,0.0,9.0,1.0,2.6,1.759493670886076,1.8734177215189873,1.3544303797468353,1.8,0.2,2.05,1.4615384615384615,2.025,1.1,1.7179487179487178,1.6153846153846154,0.26582278481012656,0.17721518987341772,0.8405063291139241,14.666666666666666,11.666666666666666,5.333333333333333,10.333333333333334,1.6666666666666667,3.0
pl-2025-2025-09-14-burnley-v-liverpool,2025-09-14,2025,Burnley,Liverpool,0,1,0,0.125,0.0,62.7856626873246,15,14,999,0,1.0,0,999,0,1.0,0,0,3,1.0,0.0,4.0,6.0,10.0,0.6,0.6585365853658537,1.0975609756097562,2.048780487804878,1.2,2.0,0.65,0.6666666666666666,1.05,2.15,1.1428571428571428,1.9523809523809523,0.07317073170731707,0.3170731707317073,-0.05853658536585371,9.0,17.0,3.0,8.666666666666666,1.6666666666666667,-8.0,3.0,1.0,1.0,11.0,8.0,2.0,2.2151898734177213,2.278481012658228,1.0886075949367089,2.2,1.6,2.5,1.9230769230769231,2.4,0.875,2.1538461538461537,1.3076923076923077,0.31645569620253167,0.05063291139240506,-0.21518987341772133,11.0,10.333333333333334,5.666666666666667,9.666666666666666,2.0,0.6666666666666661
pl-2025-2025-09-14-man-city-v-man-united,2025-09-14,2025,Man City,Man United,3,0,2,0.6428571428571429,0.0,6.42016311743397,14,15,999,0,1.0,0,999,0,1.0,0,1,3,3.0,0.0,2.0,10.0,5.0,1.8,2.088607594936709,2.189873417721519,1.0379746835443038,2.0,1.0,2.282051282051282,1.9,2.41025641025641,1.0512820512820513,1.975,1.025,0.34177215189873417,0.12658227848101267,-0.28860759493670884,12.333333333333334,11.0,3.6666666666666665,9.333333333333334,1.6666666666666667,1.333333333333334,2.0,1.0,2.0,6.0,5.0,1.4,1.3417721518987342,1.3291139240506329,1.4683544303797469,1.2,1.0,1.5,1.1794871794871795,1.425,1.475,1.2307692307692308,1.4615384615384615,0.24050632911392406,0.31645569620253167,0.05822784810126569,19.333333333333332,9.333333333333334,5.333333333333333,9.666666666666666,1.0,9.999999999999998
pl-2025-2025-09-20-west-ham-v-crystal-palace,2025-09-20,2025,West Ham,Crystal Palace,1,2,0,0.3333333333333333,0.0,17.19692229534069,7,7,999,0,1.0,0,999,0,1.0,0,0,3,2.0,0.0,3.0,7.0,12.0,1.2,1.225,1.375,1.8375,1.4,2.4,1.225,1.225,1.375,1.75,1.375,1.925,0.1625,0.225,-0.025000000000000133,10.75,11.75,5.0,7.75,0.75,-1.0,1.0,4.0,0.0,5.0,2.0,1.4,1.35,1.4,1.375,1.0,0.4,1.375,1.325,1.55,1.325,1.25,1.425,0.3,0.2125,0.04999999999999982,10.0,11.75,4.5,11.75,2.5,-1.75
pl-2025-2025-09-20-man-united-v-chelsea,2025-09-20,2025,Man United,Chelsea,2,1,2,0.5833333333333334,0.0,262.184399614443,6,7,999,0,1.0,0,999,0,1.0,0,3,3,2.0,1.0,2.0,6.0,7.0,1.4,1.325,1.3125,1.4875,1.2,1.4,1.5,1.15,1.425,1.475,1.2,1.5,0.2375,0.325,0.07499999999999996,17.5,10.25,4.5,9.25,0.75,7.25,3.0,2.0,0.0,10.0,3.0,2.2,1.75,1.875,1.3625,2.0,0.6,2.05,1.45,2.025,1.1,1.725,1.625,0.2625,0.175,0.4500000000000002,15.0,10.5,5.5,10.0,1.75,4.5
pl-2025-2025-09-20-burnley-v-nott-m-forest,2025-09-20,2025,Burnley,Nott'm Forest,1,1,1,0.25,0.0,119.04247297206578,6,7,999,0,1.0,0,999,0,1.0,0,0,2,1.0,0.0,4.0,5.0,9.0,0.6,0.6428571428571429,1.0714285714285714,2.0238095238095237,1.0,1.8,0.6190476190476191,0.6666666666666666,1.0,2.0952380952380953,1.1428571428571428,1.9523809523809523,0.07142857142857142,0.3333333333333333,-0.04285714285714293,7.5,19.5,2.25,8.75,1.25,-12.0,1.0,1.0,3.0,4.0,9.0,0.8,1.3125,1.3875,1.5125,0.8,1.8,1.375,1.25,1.4,1.25,1.375,1.775,0.2125,0.25,-0.5125,9.0,11.5,2.5,10.75,1.25,-2.5
pl-2025-2025-09-20-fulham-v-brentford,2025-09-20,2025,Fulham,Brentford,3,1,2,0.6666666666666666,0.0,5.293655688071253,7,7,999,0,1.0,0,999,0,1.0,0,0,1,1.0,2.0,2.0,3.0,6.0,1.0,1.325,1.4,1.4875,0.6,1.2,1.475,1.175,1.5,1.375,1.3,1.6,0.2,0.2625,-0.32499999999999996,9.0,10.75,3.0,16.0,1.75,-1.75,1.0,2.0,2.0,6.0,8.0,1.0,1.2375,1.5875,1.6125,1.2,1.6,1.425,1.05,1.8,1.775,1.375,1.45,0.2,0.2,-0.23750000000000004,8.25,14.0,3.25,12.75,2.0,-5.75
pl-2025-2025-09-20-wolves-v-leeds,2025-09-20,2025,Wolves,Leeds,1,3,0,0.0,0.0,137.23129495569563,7,7,999,0,1.0,0,999,0,1.0,0,0,0,0.0,1.0,4.0,3.0,10.0,0.2,1.1,1.325,1.7875,0.6,2.0,1.2,1.0,1.375,1.725,1.275,1.85,0.1625,0.2375,-0.9000000000000001,8.75,13.75,2.75,15.25,2.75,-5.0,1.0,1.0,2.0,1.0,6.0,1.0,1.0,0.25,1.5,0.25,1.5,2.0,0.0,0.5,0.0,0.0,3.0,0.5,0.75,0.0,11.0,9.5,2.0,10.5,1.25,1.5
pl-2025-2025-09-20-liverpool-v-everton,2025-09-20,2025,Liverpool,Everton,2,1,2,0.75,0.0,0.8895594131562731,6,7,999,0,1.0,0,999,0,1.0,0,3,3,4.0,1.0,0.0,10.0,5.0,2.6,2.225,2.2625,1.075,2.0,1.0,2.5,1.95,2.4,0.875,2.125,1.275,0.325,0.05,0.375,15.0,8.5,5.25,9.5,2.0,6.5,3.0,1.0,1.0,6.0,3.0,2.0,1.2875,1.0875,1.225,1.2,0.6,1.4,1.175,1.25,1.025,0.925,1.425,0.3375,0.3625,0.7124999999999999,12.0,13.25,2.5,10.5,2.5,-1.25
pl-2025-2025-09-20-brighton-v-tottenham,2025-09-20,2025,Brighton,Tottenham,2,2,1,0.6666666666666666,0.0,82.62630823994282,7,7,999,0,1.0,0,999,0,1.0,0,1,1,2.0,1.0,2.0,8.0,7.0,1.4,1.4125,1.5625,1.5875,1.6,1.4,1.65,1.175,1.575,1.375,1.55,1.8,0.175,0.2,-0.012500000000000178,10.25,10.75,4.25,14.25,3.0,-0.5,3.0,0.0,2.0,9.0,5.0,1.8,1.4125,1.825,1.5875,1.8,1.0,1.575,1.25,1.9,1.575,1.75,1.6,0.2,0.175,0.38749999999999996,11.75,12.75,4.25,12.5,1.75,-1.0
pl-2025-2025-09-21-bournemouth-v-newcastle,2025-09-21,2025,Bournemouth,Newcastle,0,0,1,0.7142857142857143,0.0,471.70564071559664,8,8,999,0,1.0,0,999,0,1.0,0,2,3,4.0,0.0,1.0,8.0,5.0,2.4,1.4125,1.475,1.475,1.6,1.0,1.525,1.3,1.325,1.125,1.625,1.825,0.25,0.1875,0.9874999999999998,14.25,9.0,4.5,13.0,3.0,5.25,1.0,2.0,2.0,3.0,4.0,1.0,1.6375,1.95,1.4,0.6,0.8,2.025,1.25,2.3,1.125,1.6,1.675,0.325,0.175,-0.6375,12.5,6.5,3.0,13.25,1.75,6.0
pl-2025-2025-09-21-sunderland-v-aston-villa,2025-09-21,2025,Sunderland,Aston Villa,1,1,1,0.25,0.0,269.4146729289331,8,8,999,0,1.0,0,999,0,1.0,0,3,1,2.0,1.0,1.0,5.0,3.0,1.75,1.75,1.25,0.75,1.25,0.75,3.0,0.5,2.5,0.5,0.0,1.0,0.5,0.5,0.0,9.25,10.0,2.25,8.0,1.25,-0.75,0.0,2.0,3.0,0.0,6.0,0.4,1.7,1.675,1.45,0.0,1.2,2.025,1.375,2.05,1.275,1.3,1.625,0.2375,0.2125,-1.2999999999999998,10.0,12.75,2.5,11.0,2.5,-2.75
pl-2025-2025-09-21-arsenal-v-man-city,2025-09-21,2025,Arsenal,Man City,1,1,1,0.5833333333333334,0.0,256.75988180011495,8,7,999,0,1.0,0,999,0,1.0,0,5,1,4.0,0.0,1.0,11.0,2.0,2.4,2.15,2.1125,0.8,2.2,0.4,2.3,2.0,2.275,0.825,1.95,0.775,0.425,0.1375,0.25,13.5,9.75,3.5,11.25,1.75,3.75,3.0,0.0,2.0,10.0,4.0,1.8,2.1,2.2,1.025,2.0,0.8,2.3,1.9,2.425,1.025,1.975,1.025,0.35,0.125,-0.30000000000000004,12.5,11.25,4.25,9.0,1.25,1.25
pl-2025-2025-09-27-nott-m-forest-v-sunderland,2025-09-27,2025,Nott'm Forest,Sunderland,0,1,0,0.5,0.0,220.1127175019179,7,6,999,0,1.0,0,999,0,1.0,0,2,3,1.0,2.0,2.0,5.0,9.0,1.0,1.308641975308642,1.382716049382716,1.5061728395061729,1.0,1.8,1.375,1.2439024390243902,1.4,1.25,1.3658536585365855,1.7560975609756098,0.20987654320987653,0.24691358024691357,-0.308641975308642,10.6,11.6,3.6,10.8,1.2,-1.0,2.0,2.0,1.0,6.0,4.0,1.6,1.6,1.2,0.8,1.2,0.8,2.3333333333333335,0.5,2.0,0.6666666666666666,0.0,1.0,0.4,0.4,0.0,10.2,10.4,2.6,9.2,1.8,-0.20000000000000107
pl-2025-2025-09-27-chelsea-v-brighton,2025-09-27,2025,Chelsea,Brighton,1,3,0,0.5714285714285714,0.0,69.4613335293603,7,7,999,0,1.0,0,999,0,1.0,0,3,1,2.0,2.0,1.0,10.0,5.0,1.6,1.728395061728395,1.8641975308641976,1.3703703703703705,2.0,1.0,2.05,1.4146341463414633,2.025,1.1,1.7073170731707317,1.6341463414634145,0.25925925925925924,0.1728395061728395,-0.12839506172839488,13.0,10.6,4.6,10.8,2.8,2.4000000000000004,1.0,2.0,2.0,6.0,8.0,1.0,1.4074074074074074,1.5679012345679013,1.5925925925925926,1.2,1.6,1.6341463414634145,1.175,1.5853658536585367,1.3902439024390243,1.55,1.8,0.1728395061728395,0.19753086419753085,-0.40740740740740744,10.6,10.8,4.2,13.4,2.6,-0.20000000000000107
pl-2025-2025-09-27-tottenham-v-wolves,2025-09-27,2025,Tottenham,Wolves,1,1,1,0.3333333333333333,0.0,178.59163356679554,7,7,999,0,1.0,0,999,0,1.0,0,1,0,3.0,1.0,1.0,10.0,3.0,2.0,1.4074074074074074,1.8271604938271604,1.5925925925925926,2.0,0.6,1.575,1.2439024390243902,1.9,1.575,1.7560975609756098,1.6097560975609757,0.19753086419753085,0.1728395061728395,0.5925925925925926,11.6,12.6,4.0,12.6,1.8,-1.0,0.0,0.0,5.0,3.0,12.0,0.0,1.0864197530864197,1.3209876543209877,1.8024691358024691,0.6,2.4,1.170731707317073,1.0,1.3658536585365855,1.7560975609756098,1.275,1.85,0.16049382716049382,0.2345679012345679,-1.0864197530864197,10.2,12.2,3.4,14.4,2.4,-2.0
pl-2025-2025-09-27-crystal-palace-v-liverpool,2025-09-27,2025,Crystal Palace,Liverpool,2,1,2,0.4166666666666667,0.0,298.70905973346817,7,7,999,0,1.0,0,999,0,1.0,0,3,3,2.0,3.0,0.0,6.0,2.0,1.8,1.3703703703703705,1.4074074074074074,1.3703703703703705,1.2,0.4,1.375,1.3658536585365855,1.55,1.325,1.2682926829268293,1.4146341463414633,0.2962962962962963,0.20987654320987653,0.4296296296296296,11.6,11.0,4.2,10.4,2.6,0.5999999999999996,5.0,0.0,0.0,11.0,5.0,3.0,2.234567901234568,2.259259259259259,1.0740740740740742,2.2,1.0,2.5121951219512195,1.95,2.3902439024390243,0.8780487804878049,2.125,1.275,0.32098765432098764,0.04938271604938271,0.765432098765432,14.2,8.6,4.8,9.8,2.0,5.6
pl-2025-2025-09-27-man-city-v-burnley,2025-09-27,2025,Man City,Burnley,5,1,2,1.0,0.0,34.08308364984009,6,7,999,0,1.0,0,999,0,1.0,0,1,0,2.0,1.0,2.0,9.0,5.0,1.4,2.0864197530864197,2.185185185185185,1.0246913580246915,1.8,1.0,2.3,1.8780487804878048,2.425,1.025,1.951219512195122,1.024390243902439,0.345679012345679,0.12345679012345678,-0.6864197530864198,11.0,11.4,4.0,9.2,1.4,-0.40000000000000036,1.0,1.0,3.0,5.0,8.0,0.8,0.6511627906976745,1.069767441860465,2.0,1.0,1.6,0.6363636363636364,0.6666666666666666,1.0,2.0454545454545454,1.1428571428571428,1.9523809523809523,0.06976744186046512,0.32558139534883723,0.14883720930232558,8.4,19.0,2.8,9.4,1.2,-10.6
pl-2025-2025-09-27-leeds-v-bournemouth,2025-09-27,2025,Leeds,Bournemouth,2,2,1,0.5,0.0,338.8495275425896,7,6,999,0,1.0,0,999,0,1.0,0,0,2,2.0,1.0,2.0,4.0,7.0,1.4,1.4,0.8,1.4,0.8,1.4,2.0,1.0,0.5,0.0,1.0,2.3333333333333335,0.4,0.6,0.0,10.0,10.8,2.4,10.2,1.2,-0.8000000000000007,3.0,1.0,1.0,6.0,5.0,2.0,1.4074074074074074,1.4567901234567902,1.4567901234567902,1.2,1.0,1.5121951219512195,1.3,1.2926829268292683,1.0975609756097562,1.625,1.825,0.25925925925925924,0.19753086419753085,0.5925925925925926,13.6,8.0,4.0,11.8,2.8,5.6
pl-2025-2025-09-27-brentford-v-man-united,2025-09-27,2025,Brentford,Man United,3,1,2,0.4166666666666667,0.0,257.6448222780316,7,7,999,0,1.0,0,999,0,1.0,0,1,3,1.0,1.0,3.0,6.0,10.0,0.8,1.2222222222222223,1.5802469135802468,1.6296296296296295,1.2,2.0,1.425,1.024390243902439,1.8,1.775,1.3658536585365855,1.4878048780487805,0.19753086419753085,0.19753086419753085,-0.4222222222222223,8.2,14.0,3.2,12.8,1.8,-5.800000000000001,2.0,1.0,2.0,6.0,8.0,1.4,1.345679012345679,1.3209876543209877,1.4814814814814814,1.2,1.6,1.5365853658536586,1.15,1.4390243902439024,1.4634146341463414,1.2,1.5,0.2345679012345679,0.32098765432098764,0.05432098765432092,16.2,9.2,4.4,10.0,1.0,7.0
pl-2025-2025-09-28-aston-villa-v-fulham,2025-09-28,2025,Aston Villa,Fulham,3,1,2,0.8333333333333334,0.0,161.8578264509525,7,8,999,0,1.0,0,999,0,1.0,0,1,0,0.0,3.0,2.0,1.0,5.0,0.6,1.691358024691358,1.6666666666666667,1.4444444444444444,0.2,1.0,2.025,1.3658536585365855,2.05,1.275,1.2926829268292683,1.6097560975609757,0.2345679012345679,0.20987654320987653,-1.091358024691358,10.4,13.0,2.4,10.4,2.2,-2.5999999999999996,2.0,2.0,1.0,6.0,5.0,1.6,1.345679012345679,1.4197530864197532,1.4814814814814814,1.2,1.0,1.5121951219512195,1.175,1.5365853658536586,1.3658536585365855,1.3,1.6,0.19753086419753085,0.25925925925925924,0.2543209876543211,10.0,10.2,3.0,15.0,2.2,-0.1999999999999993
pl-2025-2025-09-28-newcastle-v-arsenal,2025-09-28,2025,Newcastle,Arsenal,1,2,0,0.3333333333333333,0.0,393.0491582554326,7,7,999,0,1.0,0,999,0,1.0,0,3,5,1.0,3.0,1.0,3.0,3.0,1.2,1.6296296296296295,1.9259259259259258,1.382716049382716,0.6,0.6,2.025,1.2439024390243902,2.3,1.125,1.5609756097560976,1.6341463414634145,0.3333333333333333,0.18518518518518517,-0.4296296296296296,10.8,7.4,2.6,12.6,1.6,3.4000000000000004,3.0,1.0,1.0,10.0,2.0,2.0,2.1358024691358026,2.0987654320987654,0.8024691358024691,2.0,0.4,2.268292682926829,2.0,2.2439024390243905,0.8292682926829268,1.95,0.775,0.41975308641975306,0.13580246913580246,-0.13580246913580263,13.2,8.8,3.4,11.2,1.6,4.399999999999999
pl-2025-2025-09-29-everton-v-west-ham,2025-09-29,2025,Everton,West Ham,1,1,1,0.4166666666666667,0.0,292.1857178284632,9,9,999,0,1.0,0,999,0,1.0,0,3,0,2.0,1.0,2.0,6.0,5.0,1.4,1.271604938271605,1.0864197530864197,1.2345679012345678,1.2,1.0,1.4,1.146341463414634,1.25,1.025,0.926829268292683,1.4390243902439024,0.3333333333333333,0.35802469135802467,0.12839506172839488,11.4,12.8,2.4,10.4,2.6,-1.4000000000000004,1.0,0.0,4.0,5.0,13.0,0.6,1.2098765432098766,1.3703703703703705,1.8395061728395061,1.0,2.6,1.1951219512195121,1.225,1.3658536585365855,1.7560975609756098,1.375,1.925,0.16049382716049382,0.2222222222222222,-0.6098765432098766,10.2,13.0,4.6,9.2,1.2,-2.8000000000000007
pl-2025-2025-10-03-bournemouth-v-fulham,2025-10-03,2025,Bournemouth,Fulham,3,1,2,0.75,0.0,139.69576434850953,6,5,999,0,1.0,0,999,0,1.0,0,2,0,3.0,2.0,0.0,6.0,3.0,2.2,1.4024390243902438,1.4634146341463414,1.4634146341463414,1.2,0.6,1.5121951219512195,1.2926829268292683,1.2926829268292683,1.0975609756097562,1.6341463414634145,1.829268292682927,0.25609756097560976,0.1951219512195122,0.7975609756097564,13.333333333333334,9.833333333333334,4.166666666666667,12.0,2.6666666666666665,3.5,2.0,1.0,2.0,6.0,7.0,1.4,1.329268292682927,1.4146341463414633,1.5,1.2,1.4,1.5121951219512195,1.146341463414634,1.5365853658536586,1.3658536585365855,1.2926829268292683,1.6341463414634145,0.1951219512195122,0.25609756097560976,0.07073170731707301,10.166666666666666,10.0,3.1666666666666665,14.666666666666666,2.5,0.16666666666666607
pl-2025-2025-10-04-leeds-v-tottenham,2025-10-04,2025,Leeds,Tottenham,1,2,0,0.25,0.0,262.16654190704253,7,7,999,0,1.0,0,999,0,1.0,0,0,1,1.0,2.0,2.0,5.0,9.0,1.0,1.3333333333333333,1.0,1.5,1.0,1.8,1.6666666666666667,1.0,1.0,0.6666666666666666,1.0,2.3333333333333335,0.3333333333333333,0.5,-0.33333333333333326,11.5,11.0,3.3333333333333335,10.5,1.3333333333333333,0.5,2.0,2.0,1.0,8.0,4.0,1.6,1.4024390243902438,1.8170731707317074,1.5853658536585367,1.6,0.8,1.5609756097560976,1.2439024390243902,1.8780487804878048,1.5609756097560976,1.7560975609756098,1.6097560975609757,0.1951219512195122,0.17073170731707318,0.19756097560975627,11.333333333333334,12.0,3.8333333333333335,12.0,2.0,-0.6666666666666661
pl-2025-2025-10-04-arsenal-v-west-ham,2025-10-04,2025,Arsenal,West Ham,2,0,2,0.6666666666666666,0.0,8.67018537850872,6,5,999,0,1.0,0,999,0,1.0,0,5,0,3.0,1.0,1.0,11.0,3.0,2.0,2.1463414634146343,2.097560975609756,0.8048780487804879,2.2,0.6,2.268292682926829,2.024390243902439,2.2439024390243905,0.8292682926829268,1.951219512195122,0.7804878048780488,0.4146341463414634,0.13414634146341464,-0.14634146341463428,14.333333333333334,8.666666666666666,4.0,10.833333333333334,1.5,5.666666666666668,1.0,1.0,3.0,6.0,11.0,0.8,1.2073170731707317,1.3658536585365855,1.829268292682927,1.2,2.2,1.1951219512195121,1.2195121951219512,1.3658536585365855,1.7560975609756098,1.3658536585365855,1.9024390243902438,0.15853658536585366,0.21951219512195122,-0.4073170731707316,10.833333333333334,12.833333333333334,4.333333333333333,10.333333333333334,1.6666666666666667,-2.0
pl-2025-2025-10-04-man-united-v-sunderland,2025-10-04,2025,Man United,Sunderland,2,0,2,0.75,0.0,171.70399884191679,7,7,999,0,1.0,0,999,0,1.0,0,3,3,2.0,1.0,2.0,7.0,10.0,1.4,1.329268292682927,1.3170731707317074,1.5,1.4,2.0,1.5365853658536586,1.1219512195121952,1.4390243902439024,1.4634146341463414,1.1951219512195121,1.5365853658536586,0.23170731707317074,0.3170731707317073,0.07073170731707301,15.833333333333334,9.333333333333334,4.666666666666667,10.0,1.1666666666666667,6.5,2.0,2.0,1.0,4.0,4.0,1.6,1.8333333333333333,1.1666666666666667,0.6666666666666666,0.8,0.8,2.3333333333333335,1.3333333333333333,2.0,0.6666666666666666,0.3333333333333333,0.6666666666666666,0.5,0.3333333333333333,-0.23333333333333317,10.333333333333334,12.333333333333334,2.6666666666666665,8.666666666666666,1.8333333333333333,-2.0
pl-2025-2025-10-04-chelsea-v-liverpool,2025-10-04,2025,Chelsea,Liverpool,2,1,2,0.5,0.0,286.87429172934014,7,7,999,0,1.0,0,999,0,1.0,0,3,3,2.0,1.0,2.0,11.0,8.0,1.4,1.7073170731707317,1.853658536585366,1.3902439024390243,2.2,1.6,2.0,1.4146341463414633,2.0,1.146341463414634,1.7073170731707317,1.6341463414634145,0.25609756097560976,0.17073170731707318,-0.30731707317073176,13.0,10.833333333333334,4.333333333333333,10.5,3.1666666666666665,2.166666666666666,4.0,0.0,1.0,8.0,5.0,2.4,2.207317073170732,2.2439024390243905,1.0853658536585367,1.6,1.0,2.5121951219512195,1.9024390243902438,2.3902439024390243,0.8780487804878049,2.097560975609756,1.2926829268292683,0.3170731707317073,0.04878048780487805,0.19268292682926802,15.166666666666666,9.833333333333334,4.666666666666667,9.5,2.1666666666666665,5.333333333333332
pl-2025-2025-10-05-brentford-v-man-city,2025-10-05,2025,Brentford,Man City,0,1,0,0.08333333333333333,0.0,256.36792510973777,8,8,999,0,1.0,0,999,0,1.0,0,1,1,2.0,1.0,2.0,8.0,8.0,1.4,1.2439024390243902,1.5975609756097562,1.6219512195121952,1.6,1.6,1.4634146341463414,1.024390243902439,1.829268292682927,1.7560975609756098,1.3658536585365855,1.4878048780487805,0.1951219512195122,0.1951219512195122,0.15609756097560967,8.5,14.0,4.0,13.0,1.8333333333333333,-5.5,2.0,1.0,2.0,10.0,6.0,1.4,2.097560975609756,2.2195121951219514,1.024390243902439,2.0,1.2,2.317073170731707,1.8780487804878048,2.4878048780487805,1.024390243902439,1.951219512195122,1.024390243902439,0.34146341463414637,0.12195121951219512,-0.6975609756097563,12.666666666666666,11.0,4.666666666666667,8.5,1.3333333333333333,1.666666666666666
pl-2025-2025-10-05-everton-v-crystal-palace,2025-10-05,2025,Everton,Crystal Palace,2,1,2,0.8571428571428571,0.0,299.37095119674154,6,8,999,0,1.0,0,999,0,1.0,0,3,3,2.0,2.0,1.0,7.0,5.0,1.6,1.2682926829268293,1.0853658536585367,1.2317073170731707,1.4,1.0,1.3902439024390243,1.146341463414634,1.2439024390243902,1.024390243902439,0.926829268292683,1.4390243902439024,0.32926829268292684,0.35365853658536583,0.3317073170731708,11.5,13.0,3.0,9.833333333333334,2.6666666666666665,-1.5,3.0,2.0,0.0,8.0,3.0,2.2,1.3902439024390243,1.4146341463414633,1.3658536585365855,1.6,0.6,1.4146341463414633,1.3658536585365855,1.5609756097560976,1.3170731707317074,1.2682926829268293,1.4146341463414633,0.2926829268292683,0.2073170731707317,0.8097560975609759,12.333333333333334,12.5,4.666666666666667,10.333333333333334,2.3333333333333335,-0.16666666666666607
pl-2025-2025-10-05-aston-villa-v-burnley,2025-10-05,2025,Aston Villa,Burnley,2,1,2,0.875,0.0,144.17655894300106,7,8,999,0,1.0,0,999,0,1.0,0,1,0,1.0,2.0,2.0,4.0,6.0,1.0,1.7073170731707317,1.6829268292682926,1.4390243902439024,0.8,1.2,2.048780487804878,1.3658536585365855,2.073170731707317,1.2682926829268293,1.2926829268292683,1.6097560975609757,0.23170731707317074,0.2073170731707317,-0.7073170731707317,10.166666666666666,12.666666666666666,2.6666666666666665,10.333333333333334,2.0,-2.5,1.0,1.0,3.0,6.0,10.0,0.8,0.6363636363636364,1.0681818181818181,2.0681818181818183,1.2,2.0,0.6363636363636364,0.6363636363636364,1.0,2.0454545454545454,1.1363636363636365,2.090909090909091,0.06818181818181818,0.3181818181818182,0.1636363636363637,8.5,19.333333333333332,2.6666666666666665,9.0,1.5,-10.833333333333332
pl-2025-2025-10-05-wolves-v-brighton,2025-10-05,2025,Wolves,Brighton,1,1,1,0.25,0.0,238.39269471328316,8,8,999,0,1.0,0,999,0,1.0,0,0,1,0.0,1.0,4.0,4.0,9.0,0.2,1.0853658536585367,1.3170731707317074,1.7926829268292683,0.8,1.8,1.170731707317073,1.0,1.3658536585365855,1.7560975609756098,1.2682926829268293,1.829268292682927,0.15853658536585366,0.23170731707317074,-0.8853658536585367,10.0,11.833333333333334,3.3333333333333335,13.833333333333334,2.3333333333333335,-1.833333333333334,2.0,1.0,2.0,8.0,8.0,1.4,1.4268292682926829,1.5853658536585367,1.5853658536585367,1.6,1.6,1.6341463414634145,1.2195121951219512,1.5853658536585367,1.3902439024390243,1.5853658536585367,1.7804878048780488,0.17073170731707318,0.1951219512195122,-0.02682926829268295,10.833333333333334,11.166666666666666,4.0,13.833333333333334,3.0,-0.33333333333333215
pl-2025-2025-10-05-newcastle-v-nott-m-forest,2025-10-05,2025,Newcastle,Nott'm Forest,2,0,2,0.75,0.0,228.42207866197433,7,8,999,0,1.0,0,999,0,1.0,0,3,2,1.0,2.0,2.0,4.0,5.0,1.0,1.6097560975609757,1.9146341463414633,1.3902439024390243,0.8,1.0,1.975609756097561,1.2439024390243902,2.268292682926829,1.146341463414634,1.5609756097560976,1.6341463414634145,0.32926829268292684,0.18292682926829268,-0.6097560975609757,10.333333333333334,9.5,2.6666666666666665,11.833333333333334,1.6666666666666667,0.8333333333333339,0.0,2.0,3.0,2.0,9.0,0.4,1.2926829268292683,1.3658536585365855,1.5,0.4,1.8,1.3414634146341464,1.2439024390243902,1.3658536585365855,1.2439024390243902,1.3658536585365855,1.7560975609756098,0.2073170731707317,0.25609756097560976,-0.8926829268292683,12.5,11.5,4.0,10.833333333333334,1.6666666666666667,1.0
pl-2025-2025-10-18-nott-m-forest-v-chelsea,2025-10-18,2025,Nott'm Forest,Chelsea,0,3,0,0.4166666666666667,0.0,174.46140029574008,13,14,999,0,1.0,0,999,0,1.0,0,2,3,0.0,1.0,4.0,1.0,10.0,0.2,1.2771084337349397,1.3493975903614457,1.5060240963855422,0.2,2.0,1.3414634146341464,1.2142857142857142,1.3658536585365855,1.2439024390243902,1.3333333333333333,1.7619047619047619,0.20481927710843373,0.26506024096385544,-1.0771084337349397,11.428571428571429,12.428571428571429,4.0,11.428571428571429,2.0,-1.0,2.0,1.0,2.0,8.0,8.0,1.4,1.7228915662650603,1.855421686746988,1.3855421686746987,1.6,1.6,2.0238095238095237,1.4146341463414633,2.0,1.1428571428571428,1.7073170731707317,1.6341463414634145,0.25301204819277107,0.1686746987951807,-0.32289156626506044,12.857142857142858,11.0,4.571428571428571,10.285714285714286,2.7142857142857144,1.8571428571428577
pl-2025-2025-10-18-brighton-v-newcastle,2025-10-18,2025,Brighton,Newcastle,2,1,2,0.6666666666666666,0.0,468.80022223251495,13,13,999,0,1.0,0,999,0,1.0,0,1,3,2.0,2.0,1.0,9.0,7.0,1.6,1.4216867469879517,1.5783132530120483,1.5783132530120483,1.8,1.4,1.6341463414634145,1.2142857142857142,1.5853658536585367,1.3902439024390243,1.5714285714285714,1.7619047619047619,0.1686746987951807,0.1927710843373494,0.17831325301204837,11.714285714285714,10.428571428571429,4.285714285714286,13.142857142857142,3.142857142857143,1.2857142857142847,2.0,2.0,1.0,4.0,2.0,1.6,1.6265060240963856,1.9156626506024097,1.3734939759036144,0.8,0.4,2.0,1.2439024390243902,2.261904761904762,1.119047619047619,1.5609756097560976,1.6341463414634145,0.3373493975903614,0.18072289156626506,-0.026506024096385472,11.428571428571429,8.857142857142858,3.5714285714285716,12.428571428571429,1.4285714285714286,2.571428571428571
pl-2025-2025-10-18-burnley-v-leeds,2025-10-18,2025,Burnley,Leeds,2,0,2,0.5,0.0,43.24655552986829,13,14,999,0,1.0,0,999,0,1.0,0,0,0,0.0,1.0,4.0,5.0,12.0,0.2,0.6222222222222222,1.0666666666666667,2.066666666666667,1.0,2.4,0.6363636363636364,0.6086956521739131,1.0,2.0454545454545454,1.1304347826086956,2.0869565217391304,0.06666666666666667,0.3111111111111111,-0.4222222222222222,8.0,18.714285714285715,2.5714285714285716,9.857142857142858,1.4285714285714286,-10.714285714285715,1.0,2.0,2.0,6.0,6.0,1.0,1.1428571428571428,1.0,1.5714285714285714,1.2,1.2,1.25,1.0,1.0,1.0,1.0,2.3333333333333335,0.2857142857142857,0.42857142857142855,-0.1428571428571428,12.142857142857142,10.714285714285714,3.4285714285714284,10.428571428571429,1.4285714285714286,1.4285714285714288
pl-2025-2025-10-18-crystal-palace-v-bournemouth,2025-10-18,2025,Crystal Palace,Bournemouth,3,3,1,0.25,0.0,142.90219697931587,13,15,999,0,1.0,0,999,0,1.0,0,3,2,3.0,1.0,1.0,8.0,4.0,2.0,1.3734939759036144,1.4096385542168675,1.3734939759036144,1.6,0.8,1.4146341463414633,1.3333333333333333,1.5609756097560976,1.3170731707317074,1.2619047619047619,1.4285714285714286,0.2891566265060241,0.20481927710843373,0.6265060240963856,12.714285714285714,12.714285714285714,5.142857142857143,11.142857142857142,2.4285714285714284,0.0,3.0,2.0,0.0,8.0,4.0,2.2,1.4216867469879517,1.4819277108433735,1.4578313253012047,1.6,0.8,1.5476190476190477,1.2926829268292683,1.3333333333333333,1.0952380952380953,1.6341463414634145,1.829268292682927,0.25301204819277107,0.1927710843373494,0.7783132530120485,13.0,10.142857142857142,4.428571428571429,11.428571428571429,2.2857142857142856,2.8571428571428577
pl-2025-2025-10-18-man-city-v-everton,2025-10-18,2025,Man City,Everton,2,0,2,0.8333333333333334,0.0,50.94603140423654,13,13,999,0,1.0,0,999,0,1.0,0,1,3,3.0,1.0,1.0,11.0,4.0,2.0,2.108433734939759,2.2048192771084336,1.0120481927710843,2.2,0.8,2.317073170731707,1.9047619047619047,2.4878048780487805,1.024390243902439,1.9285714285714286,1.0,0.3493975903614458,0.12048192771084337,-0.10843373493975905,12.285714285714286,10.285714285714286,4.571428571428571,8.142857142857142,1.4285714285714286,2.0,2.0,2.0,1.0,7.0,6.0,1.6,1.2891566265060241,1.0963855421686748,1.2289156626506024,1.4,1.2,1.4285714285714286,1.146341463414634,1.2619047619047619,1.0238095238095237,0.926829268292683,1.4390243902439024,0.3253012048192771,0.3493975903614458,0.31084337349397595,11.857142857142858,13.285714285714286,3.5714285714285716,10.285714285714286,2.5714285714285716,-1.4285714285714288
pl-2025-2025-10-18-sunderland-v-wolves,2025-10-18,2025,Sunderland,Wolves,2,0,2,0.75,0.0,262.9774199343313,14,13,999,0,1.0,0,999,0,1.0,0,3,0,2.0,2.0,1.0,4.0,4.0,1.6,1.5714285714285714,1.0,0.8571428571428571,0.8,0.8,2.3333333333333335,1.0,2.0,0.6666666666666666,0.25,1.0,0.42857142857142855,0.42857142857142855,0.028571428571428692,10.0,12.714285714285714,2.7142857142857144,9.142857142857142,2.142857142857143,-2.7142857142857135,0.0,2.0,3.0,5.0,9.0,0.4,1.0843373493975903,1.3132530120481927,1.783132530120482,1.0,1.8,1.1666666666666667,1.0,1.3571428571428572,1.7380952380952381,1.2682926829268293,1.829268292682927,0.1566265060240964,0.2289156626506024,-0.6843373493975903,9.428571428571429,12.571428571428571,3.2857142857142856,13.714285714285714,2.2857142857142856,-3.1428571428571423
pl-2025-2025-10-18-fulham-v-arsenal,2025-10-18,2025,Fulham,Arsenal,0,1,0,0.3333333333333333,0.0,12.102078440930182,15,14,999,0,1.0,0,999,0,1.0,0,0,5,2.0,0.0,3.0,6.0,9.0,1.2,1.3132530120481927,1.4096385542168675,1.5180722891566265,1.2,1.8,1.5121951219512195,1.119047619047619,1.5365853658536586,1.3658536585365855,1.2857142857142858,1.6666666666666667,0.1927710843373494,0.25301204819277107,-0.11325301204819271,10.428571428571429,10.142857142857142,3.2857142857142856,14.0,2.2857142857142856,0.2857142857142865,3.0,1.0,1.0,8.0,3.0,2.0,2.1566265060240966,2.0963855421686746,0.7951807228915663,1.6,0.6,2.2857142857142856,2.024390243902439,2.238095238095238,0.8095238095238095,1.951219512195122,0.7804878048780488,0.42168674698795183,0.13253012048192772,-0.15662650602409656,15.285714285714286,8.0,4.142857142857143,11.285714285714286,1.2857142857142858,7.2857142857142865
pl-2025-2025-10-19-tottenham-v-aston-villa,2025-10-19,2025,Tottenham,Aston Villa,1,2,0,0.42857142857142855,0.0,159.9735182887641,15,14,999,0,1.0,0,999,0,1.0,0,1,1,2.0,2.0,1.0,8.0,5.0,1.6,1.4216867469879517,1.819277108433735,1.5783132530120483,1.6,1.0,1.5609756097560976,1.2857142857142858,1.8780487804878048,1.5609756097560976,1.7619047619047619,1.5952380952380953,0.1927710843373494,0.1686746987951807,0.17831325301204837,11.0,12.571428571428571,3.7142857142857144,12.0,2.142857142857143,-1.5714285714285712,2.0,2.0,1.0,6.0,6.0,1.6,1.7228915662650603,1.6867469879518073,1.4337349397590362,1.2,1.2,2.0714285714285716,1.3658536585365855,2.0714285714285716,1.2619047619047619,1.2926829268292683,1.6097560975609757,0.2289156626506024,0.20481927710843373,-0.12289156626506026,10.857142857142858,11.571428571428571,3.2857142857142856,10.142857142857142,2.142857142857143,-0.7142857142857135
pl-2025-2025-10-19-liverpool-v-man-united,2025-10-19,2025,Liverpool,Man United,1,2,0,0.4166666666666667,0.0,44.84237863424872,15,15,999,0,1.0,0,999,0,1.0,0,3,3,3.0,0.0,2.0,6.0,5.0,1.8,2.180722891566265,2.2289156626506026,1.0963855421686748,1.2,1.0,2.5121951219512195,1.8571428571428572,2.3902439024390243,0.8780487804878049,2.0714285714285716,1.3095238095238095,0.3132530120481928,0.04819277108433735,-0.38072289156626504,14.714285714285714,10.142857142857142,4.285714285714286,9.285714285714286,2.142857142857143,4.571428571428571,3.0,0.0,2.0,8.0,9.0,1.8,1.3493975903614457,1.3253012048192772,1.4819277108433735,1.6,1.8,1.5714285714285714,1.1219512195121952,1.4523809523809523,1.4285714285714286,1.1951219512195121,1.5365853658536586,0.24096385542168675,0.3132530120481928,0.45060240963855436,15.714285714285714,9.142857142857142,4.857142857142857,10.0,1.1428571428571428,6.571428571428571
pl-2025-2025-10-20-west-ham-v-brentford,2025-10-20,2025,West Ham,Brentford,0,2,0,0.25,0.0,22.038150596322613,16,15,999,0,1.0,0,999,0,1.0,0,0,1,1.0,1.0,3.0,5.0,8.0,0.8,1.1927710843373494,1.3493975903614457,1.8313253012048192,1.0,1.6,1.1951219512195121,1.1904761904761905,1.3658536585365855,1.7560975609756098,1.3333333333333333,1.9047619047619047,0.1566265060240964,0.2289156626506024,-0.3927710843373493,9.857142857142858,14.0,3.7142857142857144,10.857142857142858,1.7142857142857142,-4.142857142857142,1.0,1.0,3.0,7.0,9.0,0.8,1.2289156626506024,1.5783132530120483,1.6144578313253013,1.4,1.8,1.4285714285714286,1.024390243902439,1.7857142857142858,1.7380952380952381,1.3658536585365855,1.4878048780487805,0.1927710843373494,0.20481927710843373,-0.4289156626506023,8.142857142857142,13.428571428571429,3.5714285714285716,12.571428571428571,2.0,-5.2857142857142865
pl-2025-2025-10-24-leeds-v-west-ham,2025-10-24,2025,Leeds,West Ham,2,1,2,0.5,0.0,271.0091566769521,6,4,999,0,1.0,0,999,0,1.0,0,0,0,1.0,1.0,3.0,6.0,8.0,0.8,1.0,0.875,1.625,1.2,1.6,1.25,0.75,1.0,1.0,0.75,2.25,0.25,0.5,-0.19999999999999996,13.0,9.875,3.5,10.0,1.375,3.125,0.0,1.0,4.0,2.0,10.0,0.2,1.1785714285714286,1.3333333333333333,1.8333333333333333,0.4,2.0,1.1666666666666667,1.1904761904761905,1.3333333333333333,1.7619047619047619,1.3333333333333333,1.9047619047619047,0.15476190476190477,0.23809523809523808,-0.9785714285714286,9.5,15.0,3.375,10.75,1.625,-5.5
pl-2025-2025-10-25-chelsea-v-sunderland,2025-10-25,2025,Chelsea,Sunderland,1,2,0,0.0,0.0,389.8459211273979,7,7,999,0,1.0,0,999,0,1.0,0,3,3,2.0,1.0,2.0,9.0,8.0,1.4,1.7380952380952381,1.869047619047619,1.369047619047619,1.8,1.6,2.0238095238095237,1.4523809523809523,2.0,1.1428571428571428,1.7380952380952381,1.5952380952380953,0.2619047619047619,0.16666666666666666,-0.3380952380952382,13.375,11.125,4.75,11.0,2.875,2.25,2.0,2.0,1.0,4.0,3.0,1.6,1.75,1.125,0.75,0.8,0.6,2.5,1.0,2.0,0.5,0.25,1.0,0.5,0.375,-0.1499999999999999,9.75,13.125,2.625,8.625,1.875,-3.375
pl-2025-2025-10-25-newcastle-v-fulham,2025-10-25,2025,Newcastle,Fulham,2,1,2,0.5,0.0,400.0557612696015,7,7,999,0,1.0,0,999,0,1.0,0,3,0,2.0,1.0,2.0,5.0,4.0,1.4,1.6071428571428572,1.9047619047619047,1.380952380952381,1.0,0.8,2.0,1.2142857142857142,2.261904761904762,1.119047619047619,1.5476190476190477,1.6428571428571428,0.3333333333333333,0.17857142857142858,-0.2071428571428573,12.0,9.375,3.5,12.0,1.375,2.625,2.0,0.0,3.0,6.0,8.0,1.2,1.2976190476190477,1.3928571428571428,1.5119047619047619,1.2,1.6,1.4761904761904763,1.119047619047619,1.5,1.3571428571428572,1.2857142857142858,1.6666666666666667,0.19047619047619047,0.2619047619047619,-0.09761904761904772,10.25,10.875,2.875,13.625,2.0,-0.625
pl-2025-2025-10-25-man-united-v-brighton,2025-10-25,2025,Man United,Brighton,4,2,2,0.5,0.0,326.14306079684945,6,7,999,0,1.0,0,999,0,1.0,0,3,1,3.0,0.0,2.0,7.0,8.0,1.8,1.369047619047619,1.3333333333333333,1.4761904761904763,1.4,1.6,1.5714285714285714,1.1666666666666667,1.4523809523809523,1.4285714285714286,1.2142857142857142,1.5238095238095237,0.23809523809523808,0.30952380952380953,0.430952380952381,15.25,10.375,4.75,10.5,1.25,4.875,2.0,2.0,1.0,9.0,7.0,1.6,1.4404761904761905,1.5833333333333333,1.5714285714285714,1.8,1.4,1.6666666666666667,1.2142857142857142,1.5952380952380953,1.380952380952381,1.5714285714285714,1.7619047619047619,0.16666666666666666,0.19047619047619047,0.15952380952380962,11.875,11.125,4.375,12.625,2.75,0.75
pl-2025-2025-10-25-brentford-v-liverpool,2025-10-25,2025,Brentford,Liverpool,3,2,2,0.25,0.0,281.61742744390625,5,6,999,0,1.0,0,999,0,1.0,0,1,3,2.0,1.0,2.0,8.0,7.0,1.4,1.25,1.5833333333333333,1.5952380952380953,1.6,1.4,1.4285714285714286,1.0714285714285714,1.7857142857142858,1.7380952380952381,1.380952380952381,1.4523809523809523,0.20238095238095238,0.20238095238095238,0.1499999999999999,9.875,12.625,4.0,12.25,1.875,-2.75,2.0,0.0,3.0,6.0,7.0,1.2,2.1547619047619047,2.2142857142857144,1.1071428571428572,1.2,1.4,2.4523809523809526,1.8571428571428572,2.357142857142857,0.9047619047619048,2.0714285714285716,1.3095238095238095,0.30952380952380953,0.047619047619047616,-0.9547619047619047,15.25,10.375,4.5,9.125,1.875,4.875
pl-2025-2025-10-26-wolves-v-burnley,2025-10-26,2025,Wolves,Burnley,2,3,0,0.5,0.0,133.4890448099353,8,8,999,0,1.0,0,999,0,1.0,0,0,0,0.0,2.0,3.0,3.0,8.0,0.4,1.0714285714285714,1.2976190476190477,1.7857142857142858,0.6,1.6,1.1666666666666667,0.9761904761904762,1.3571428571428572,1.7380952380952381,1.2380952380952381,1.8333333333333333,0.15476190476190477,0.23809523809523808,-0.6714285714285714,10.25,12.0,3.25,13.5,2.0,-1.75,1.0,1.0,3.0,5.0,9.0,0.8,0.6739130434782609,1.0869565217391304,2.0217391304347827,1.0,1.8,0.7391304347826086,0.6086956521739131,1.0434782608695652,1.9565217391304348,1.1304347826086956,2.0869565217391304,0.08695652173913043,0.30434782608695654,0.12608695652173918,7.5,18.75,2.625,9.875,1.5,-11.25
pl-2025-2025-10-26-everton-v-tottenham,2025-10-26,2025,Everton,Tottenham,0,3,0,0.2857142857142857,0.0,283.0298619274761,8,7,999,0,1.0,0,999,0,1.0,0,3,1,1.0,2.0,2.0,4.0,6.0,1.0,1.2738095238095237,1.0833333333333333,1.2380952380952381,0.8,1.2,1.4285714285714286,1.119047619047619,1.2619047619047619,1.0238095238095237,0.9047619047619048,1.4523809523809523,0.32142857142857145,0.35714285714285715,-0.2738095238095237,11.0,14.0,3.25,10.75,2.5,-3.0,2.0,2.0,1.0,9.0,6.0,1.6,1.4047619047619047,1.8095238095238095,1.5833333333333333,1.8,1.2,1.5238095238095237,1.2857142857142858,1.8571428571428572,1.5714285714285714,1.7619047619047619,1.5952380952380953,0.19047619047619047,0.16666666666666666,0.19523809523809543,10.75,12.0,3.625,11.875,2.125,-1.25
pl-2025-2025-10-26-aston-villa-v-man-city,2025-10-26,2025,Aston Villa,Man City,1,0,2,0.6666666666666666,0.0,110.33622205535409,7,8,999,0,1.0,0,999,0,1.0,0,1,1,3.0,2.0,0.0,8.0,4.0,2.2,1.7380952380952381,1.6904761904761905,1.4285714285714286,1.6,0.8,2.0714285714285716,1.4047619047619047,2.0714285714285716,1.2619047619047619,1.3095238095238095,1.5952380952380953,0.2261904761904762,0.20238095238095238,0.46190476190476204,10.5,11.25,3.125,9.75,1.875,-0.75,4.0,1.0,0.0,12.0,2.0,2.6,2.119047619047619,2.2023809523809526,1.0,2.4,0.4,2.3333333333333335,1.9047619047619047,2.4761904761904763,1.0,1.9285714285714286,1.0,0.35714285714285715,0.11904761904761904,0.480952380952381,13.125,9.625,4.875,8.125,1.25,3.5
pl-2025-2025-10-26-bournemouth-v-nott-m-forest,2025-10-26,2025,Bournemouth,Nott'm Forest,2,0,2,0.75,0.0,249.86718117491685,8,8,999,0,1.0,0,999,0,1.0,0,2,2,2.0,3.0,0.0,10.0,7.0,1.8,1.4166666666666667,1.5,1.4761904761904763,2.0,1.4,1.5476190476190477,1.2857142857142858,1.3333333333333333,1.0952380952380953,1.6666666666666667,1.8571428571428572,0.25,0.19047619047619047,0.3833333333333333,12.375,11.375,4.5,12.0,2.5,1.0,0.0,1.0,4.0,1.0,10.0,0.2,1.2619047619047619,1.3333333333333333,1.5238095238095237,0.2,2.0,1.3095238095238095,1.2142857142857142,1.3333333333333333,1.2857142857142858,1.3333333333333333,1.7619047619047619,0.20238095238095238,0.27380952380952384,-1.061904761904762,11.5,13.0,3.75,11.625,2.0,-1.5
pl-2025-2025-10-26-arsenal-v-crystal-palace,2025-10-26,2025,Arsenal,Crystal Palace,1,0,2,0.9166666666666666,0.0,17.734165873614728,8,8,999,0,1.0,0,999,0,1.0,0,5,3,4.0,1.0,0.0,9.0,2.0,2.6,2.1666666666666665,2.0833333333333335,0.7857142857142857,1.8,0.4,2.2857142857142856,2.0476190476190474,2.238095238095238,0.8095238095238095,1.9285714285714286,0.7619047619047619,0.42857142857142855,0.13095238095238096,0.43333333333333357,15.375,8.125,4.25,10.375,1.125,7.25,2.0,2.0,1.0,8.0,7.0,1.6,1.369047619047619,1.4285714285714286,1.3928571428571428,1.6,1.4,1.4047619047619047,1.3333333333333333,1.5952380952380953,1.3571428571428572,1.2619047619047619,1.4285714285714286,0.2857142857142857,0.20238095238095238,0.23095238095238102,13.625,12.125,5.375,10.75,2.25,1.5
pl-2025-2025-11-01-brighton-v-leeds,2025-11-01,2025,Brighton,Leeds,3,0,2,0.5,0.0,339.75785931025496,7,8,999,0,1.0,0,999,0,1.0,0,1,0,2.0,2.0,1.0,10.0,9.0,1.6,1.423529411764706,1.588235294117647,1.6,2.0,1.8,1.6666666666666667,1.186046511627907,1.5952380952380953,1.380952380952381,1.5813953488372092,1.813953488372093,0.16470588235294117,0.18823529411764706,0.17647058823529416,12.444444444444445,11.333333333333334,4.444444444444445,12.666666666666666,2.6666666666666665,1.1111111111111107,2.0,1.0,2.0,8.0,8.0,1.4,1.2222222222222223,1.0,1.5555555555555556,1.6,1.6,1.6,0.75,1.2,1.0,0.75,2.25,0.2222222222222222,0.4444444444444444,0.1777777777777776,13.0,9.777777777777779,3.6666666666666665,10.222222222222221,1.5555555555555556,3.2222222222222214
pl-2025-2025-11-01-burnley-v-arsenal,2025-11-01,2025,Burnley,Arsenal,0,2,0,0.0,0.0,286.51068092296873,6,6,999,0,1.0,0,999,0,1.0,0,0,5,2.0,1.0,2.0,8.0,10.0,1.4,0.723404255319149,1.127659574468085,2.021276595744681,1.6,2.0,0.7391304347826086,0.7083333333333334,1.0434782608695652,1.9565217391304348,1.2083333333333333,2.0833333333333335,0.0851063829787234,0.2978723404255319,0.6765957446808509,7.888888888888889,18.333333333333332,3.111111111111111,9.555555555555555,1.3333333333333333,-10.444444444444443,4.0,1.0,0.0,7.0,2.0,2.6,2.176470588235294,2.070588235294118,0.7764705882352941,1.4,0.4,2.302325581395349,2.0476190476190474,2.2093023255813953,0.7906976744186046,1.9285714285714286,0.7619047619047619,0.43529411764705883,0.12941176470588237,0.42352941176470615,14.777777777777779,8.0,4.111111111111111,9.88888888888889,1.0,6.777777777777779
pl-2025-2025-11-01-crystal-palace-v-brentford,2025-11-01,2025,Crystal Palace,Brentford,2,0,2,0.5,0.0,17.684697650519446,6,7,999,0,1.0,0,999,0,1.0,0,3,1,2.0,1.0,2.0,8.0,8.0,1.4,1.3529411764705883,1.411764705882353,1.388235294117647,1.6,1.6,1.4047619047619047,1.302325581395349,1.5952380952380953,1.3571428571428572,1.2325581395348837,1.4186046511627908,0.2823529411764706,0.21176470588235294,0.0470588235294116,12.88888888888889,11.88888888888889,4.888888888888889,10.777777777777779,2.0,1.0,3.0,0.0,2.0,9.0,7.0,1.8,1.2705882352941176,1.6,1.6,1.8,1.4,1.4651162790697674,1.0714285714285714,1.813953488372093,1.744186046511628,1.380952380952381,1.4523809523809523,0.2,0.2,0.5294117647058825,10.666666666666666,13.222222222222221,4.444444444444445,11.666666666666666,2.0,-2.5555555555555554
pl-2025-2025-11-01-fulham-v-wolves,2025-11-01,2025,Fulham,Wolves,3,0,2,0.5833333333333334,0.0,180.06050550948783,7,6,999,0,1.0,0,999,0,1.0,0,0,0,1.0,0.0,4.0,6.0,10.0,0.6,1.2823529411764707,1.388235294117647,1.5176470588235293,1.2,2.0,1.4761904761904763,1.0930232558139534,1.5,1.3571428571428572,1.2790697674418605,1.6744186046511629,0.18823529411764706,0.25882352941176473,-0.6823529411764707,10.444444444444445,11.666666666666666,3.111111111111111,14.11111111111111,2.0,-1.2222222222222214,0.0,2.0,3.0,5.0,10.0,0.4,1.0588235294117647,1.3058823529411765,1.8,1.0,2.0,1.1395348837209303,0.9761904761904762,1.372093023255814,1.7674418604651163,1.2380952380952381,1.8333333333333333,0.15294117647058825,0.23529411764705882,-0.6588235294117647,10.777777777777779,11.88888888888889,3.6666666666666665,13.333333333333334,1.8888888888888888,-1.1111111111111107
pl-2025-2025-11-01-nott-m-forest-v-man-united,2025-11-01,2025,Nott'm Forest,Man United,2,2,1,0.5833333333333334,0.0,96.38251389166221,6,7,999,0,1.0,0,999,0,1.0,0,2,3,0.0,1.0,4.0,1.0,9.0,0.2,1.2470588235294118,1.3176470588235294,1.5294117647058822,0.2,1.8,1.3095238095238095,1.186046511627907,1.3333333333333333,1.2857142857142858,1.302325581395349,1.7674418604651163,0.2,0.2823529411764706,-1.0470588235294118,11.11111111111111,13.0,3.7777777777777777,11.11111111111111,1.8888888888888888,-1.8888888888888893,4.0,0.0,1.0,11.0,7.0,2.4,1.388235294117647,1.3647058823529412,1.4823529411764707,2.2,1.4,1.6046511627906976,1.1666666666666667,1.5116279069767442,1.441860465116279,1.2142857142857142,1.5238095238095237,0.23529411764705882,0.3058823529411765,1.011764705882353,15.0,11.11111111111111,5.222222222222222,9.777777777777779,1.3333333333333333,3.8888888888888893
pl-2025-2025-11-01-tottenham-v-chelsea,2025-11-01,2025,Tottenham,Chelsea,0,1,0,0.0,0.0,16.085886910693997,6,7,999,0,1.0,0,999,0,1.0,0,1,3,2.0,2.0,1.0,9.0,6.0,1.6,1.423529411764706,1.8235294117647058,1.5647058823529412,1.8,1.2,1.5238095238095237,1.3255813953488371,1.8571428571428572,1.5714285714285714,1.7906976744186047,1.558139534883721,0.2,0.16470588235294117,0.17647058823529416,10.333333333333334,12.0,3.6666666666666665,11.444444444444445,1.8888888888888888,-1.666666666666666,2.0,0.0,3.0,8.0,8.0,1.2,1.7176470588235293,1.8588235294117648,1.3764705882352941,1.6,1.6,1.9767441860465116,1.4523809523809523,1.9767441860465116,1.1627906976744187,1.7380952380952381,1.5952380952380953,0.25882352941176473,0.16470588235294117,-0.5176470588235293,13.666666666666666,11.0,5.0,11.444444444444445,2.6666666666666665,2.666666666666666
pl-2025-2025-11-01-liverpool-v-aston-villa,2025-11-01,2025,Liverpool,Aston Villa,2,0,2,0.6666666666666666,0.0,125.49951441248902,7,6,999,0,1.0,0,999,0,1.0,0,3,1,1.0,0.0,4.0,7.0,10.0,0.6,2.1294117647058823,2.211764705882353,1.1294117647058823,1.4,2.0,2.4523809523809526,1.813953488372093,2.357142857142857,0.9047619047619048,2.0697674418604652,1.3488372093023255,0.3058823529411765,0.047058823529411764,-1.5294117647058822,15.555555555555555,11.11111111111111,4.555555555555555,9.222222222222221,1.8888888888888888,4.444444444444445,4.0,1.0,0.0,9.0,4.0,2.6,1.7529411764705882,1.6823529411764706,1.411764705882353,1.8,0.8,2.0930232558139537,1.4047619047619047,2.046511627906977,1.2325581395348837,1.3095238095238095,1.5952380952380953,0.23529411764705882,0.2,0.8470588235294119,10.333333333333334,12.0,3.111111111111111,9.555555555555555,1.7777777777777777,-1.666666666666666
pl-2025-2025-11-02-west-ham-v-newcastle,2025-11-02,2025,West Ham,Newcastle,3,1,2,0.4166666666666667,0.0,397.1243033528876,9,8,999,0,1.0,0,999,0,1.0,0,0,3,0.0,1.0,4.0,3.0,9.0,0.2,1.1647058823529413,1.3294117647058823,1.8352941176470587,0.6,1.8,1.1666666666666667,1.1627906976744187,1.3333333333333333,1.7619047619047619,1.3255813953488371,1.9069767441860466,0.15294117647058825,0.23529411764705882,-0.9647058823529413,9.444444444444445,14.777777777777779,3.3333333333333335,10.777777777777779,1.7777777777777777,-5.333333333333334,2.0,1.0,2.0,6.0,5.0,1.4,1.6235294117647059,1.9058823529411764,1.3764705882352941,1.2,1.0,2.0232558139534884,1.2142857142857142,2.255813953488372,1.1162790697674418,1.5476190476190477,1.6428571428571428,0.32941176470588235,0.17647058823529413,-0.22352941176470598,12.666666666666666,9.666666666666666,3.888888888888889,11.88888888888889,1.2222222222222223,3.0
pl-2025-2025-11-02-man-city-v-bournemouth,2025-11-02,2025,Man City,Bournemouth,3,1,2,0.7857142857142857,0.0,306.5609339714869,7,7,999,0,1.0,0,999,0,1.0,0,1,2,3.0,1.0,1.0,9.0,3.0,2.0,2.0941176470588236,2.176470588235294,1.0,1.8,0.6,2.3333333333333335,1.8604651162790697,2.4761904761904763,1.0,1.8837209302325582,1.0,0.35294117647058826,0.12941176470588237,-0.09411764705882364,13.666666666666666,9.555555555555555,4.777777777777778,9.0,1.5555555555555556,4.111111111111111,2.0,3.0,0.0,10.0,6.0,1.8,1.4352941176470588,1.5058823529411764,1.4588235294117646,2.0,1.2,1.5813953488372092,1.2857142857142858,1.3488372093023255,1.069767441860465,1.6666666666666667,1.8571428571428572,0.25882352941176473,0.18823529411764706,0.3647058823529412,12.444444444444445,11.0,4.555555555555555,12.555555555555555,2.5555555555555554,1.4444444444444446
pl-2025-2025-11-03-sunderland-v-everton,2025-11-03,2025,Sunderland,Everton,1,1,1,0.75,0.0,193.50109447152497,9,8,999,0,1.0,0,999,0,1.0,0,3,3,3.0,1.0,1.0,6.0,4.0,2.0,1.8888888888888888,1.2222222222222223,0.7777777777777778,1.2,0.8,2.5,1.4,2.0,0.5,0.6,1.0,0.4444444444444444,0.3333333333333333,0.11111111111111116,9.777777777777779,13.444444444444445,2.7777777777777777,9.11111111111111,1.7777777777777777,-3.666666666666666,1.0,1.0,3.0,4.0,9.0,0.8,1.2588235294117647,1.0705882352941176,1.2588235294117647,0.8,1.8,1.3953488372093024,1.119047619047619,1.2325581395348837,1.069767441860465,0.9047619047619048,1.4523809523809523,0.3176470588235294,0.36470588235294116,-0.45882352941176463,11.11111111111111,13.222222222222221,3.111111111111111,10.555555555555555,2.4444444444444446,-2.1111111111111107
pl-2025-2025-11-08-chelsea-v-wolves,2025-11-08,2025,Chelsea,Wolves,3,0,2,0.6666666666666666,0.0,181.01584925623223,7,7,999,0,1.0,0,999,0,1.0,0,3,0,3.0,0.0,2.0,8.0,6.0,1.8,1.7325581395348837,1.8488372093023255,1.3604651162790697,1.6,1.2,1.9767441860465116,1.4883720930232558,1.9767441860465116,1.1627906976744187,1.7209302325581395,1.558139534883721,0.26744186046511625,0.16279069767441862,0.06744186046511635,13.8,10.2,5.4,11.5,2.6,3.6000000000000014,0.0,2.0,3.0,4.0,10.0,0.4,1.0465116279069768,1.2906976744186047,1.813953488372093,0.8,2.0,1.1395348837209303,0.9534883720930233,1.372093023255814,1.7674418604651163,1.2093023255813953,1.8604651162790697,0.1511627906976744,0.2441860465116279,-0.6465116279069768,10.2,12.6,3.5,13.4,2.2,-2.4000000000000004
pl-2025-2025-11-08-everton-v-fulham,2025-11-08,2025,Everton,Fulham,2,0,2,0.6666666666666666,0.0,286.81320916405326,5,7,999,0,1.0,0,999,0,1.0,0,3,0,1.0,2.0,2.0,4.0,8.0,1.0,1.255813953488372,1.069767441860465,1.255813953488372,0.8,1.6,1.3953488372093024,1.1162790697674418,1.2325581395348837,1.069767441860465,0.9069767441860465,1.441860465116279,0.313953488372093,0.36046511627906974,-0.2558139534883721,10.8,13.6,3.0,10.7,2.4,-2.799999999999999,1.0,0.0,4.0,6.0,9.0,0.6,1.302325581395349,1.4069767441860466,1.5,1.2,1.8,1.5116279069767442,1.0930232558139534,1.5348837209302326,1.3255813953488371,1.2790697674418605,1.6744186046511629,0.19767441860465115,0.2558139534883721,-0.702325581395349,11.3,11.0,3.4,14.0,1.9,0.3000000000000007
pl-2025-2025-11-08-tottenham-v-man-united,2025-11-08,2025,Tottenham,Man United,2,2,1,0.6666666666666666,0.0,255.66645513785016,7,7,999,0,1.0,0,999,0,1.0,0,1,3,2.0,1.0,2.0,7.0,5.0,1.4,1.4069767441860466,1.802325581395349,1.558139534883721,1.4,1.0,1.4883720930232558,1.3255813953488371,1.813953488372093,1.558139534883721,1.7906976744186047,1.558139534883721,0.19767441860465115,0.1744186046511628,-0.006976744186046657,9.6,12.3,3.4,11.7,2.1,-2.700000000000001,3.0,1.0,1.0,11.0,8.0,2.0,1.3837209302325582,1.372093023255814,1.4883720930232558,2.2,1.6,1.6046511627906976,1.1627906976744187,1.5116279069767442,1.441860465116279,1.2325581395348837,1.5348837209302326,0.23255813953488372,0.3023255813953488,0.6162790697674418,15.3,11.7,5.4,9.5,1.3,3.6000000000000014
pl-2025-2025-11-08-sunderland-v-arsenal,2025-11-08,2025,Sunderland,Arsenal,2,2,1,0.16666666666666666,0.0,382.89060600085855,5,7,999,0,1.0,0,999,0,1.0,0,3,5,3.0,1.0,1.0,6.0,4.0,2.0,1.8,1.2,0.8,1.2,0.8,2.2,1.4,1.8,0.6,0.6,1.0,0.4,0.3,0.19999999999999996,10.5,12.9,2.8,9.2,1.9,-2.4000000000000004,5.0,0.0,0.0,8.0,1.0,3.0,2.186046511627907,2.0697674418604652,0.7674418604651163,1.6,0.2,2.302325581395349,2.0697674418604652,2.2093023255813953,0.7906976744186046,1.930232558139535,0.7441860465116279,0.4418604651162791,0.12790697674418605,0.8139534883720931,14.5,7.5,4.5,10.2,1.0,7.0
pl-2025-2025-11-08-west-ham-v-burnley,2025-11-08,2025,West Ham,Burnley,3,2,2,0.875,0.0,292.4319816767786,6,7,999,0,1.0,0,999,0,1.0,0,0,0,1.0,1.0,3.0,5.0,8.0,0.8,1.186046511627907,1.3488372093023255,1.8255813953488371,1.0,1.6,1.2093023255813953,1.1627906976744187,1.372093023255814,1.744186046511628,1.3255813953488371,1.9069767441860466,0.1511627906976744,0.23255813953488372,-0.38604651162790704,10.0,14.5,3.9,10.2,1.7,-4.5,2.0,0.0,3.0,7.0,11.0,1.2,0.7083333333333334,1.1041666666666667,2.0208333333333335,1.4,2.2,0.7083333333333334,0.7083333333333334,1.0,1.9583333333333333,1.2083333333333333,2.0833333333333335,0.08333333333333333,0.3125,0.4916666666666666,7.4,17.7,2.8,9.6,1.4,-10.299999999999999
pl-2025-2025-11-09-aston-villa-v-bournemouth,2025-11-09,2025,Aston Villa,Bournemouth,4,0,2,0.75,0.0,197.28647065983924,8,7,999,0,1.0,0,999,0,1.0,0,1,2,4.0,0.0,1.0,8.0,5.0,2.4,1.7325581395348837,1.6627906976744187,1.4186046511627908,1.6,1.0,2.0930232558139537,1.372093023255814,2.046511627906977,1.2325581395348837,1.2790697674418605,1.6046511627906976,0.23255813953488372,0.20930232558139536,0.6674418604651162,10.3,12.4,3.1,9.7,1.9,-2.0999999999999996,2.0,2.0,1.0,11.0,9.0,1.6,1.4186046511627908,1.5,1.4767441860465116,2.2,1.8,1.5813953488372092,1.255813953488372,1.3488372093023255,1.069767441860465,1.6511627906976745,1.8837209302325582,0.2558139534883721,0.18604651162790697,0.1813953488372093,12.0,11.4,4.6,12.4,2.5,0.5999999999999996
pl-2025-2025-11-09-brentford-v-newcastle,2025-11-09,2025,Brentford,Newcastle,3,1,2,0.5,0.0,397.2354971132688,8,7,999,0,1.0,0,999,0,1.0,0,1,3,3.0,0.0,2.0,8.0,6.0,1.8,1.255813953488372,1.5813953488372092,1.6046511627906976,1.6,1.2,1.4651162790697674,1.0465116279069768,1.813953488372093,1.744186046511628,1.3488372093023255,1.4651162790697674,0.19767441860465115,0.20930232558139536,0.5441860465116279,10.2,12.8,4.2,11.6,2.1,-2.6000000000000014,2.0,0.0,3.0,7.0,8.0,1.2,1.6046511627906976,1.8953488372093024,1.3953488372093024,1.4,1.6,2.0232558139534884,1.186046511627907,2.255813953488372,1.1162790697674418,1.5348837209302326,1.6744186046511629,0.32558139534883723,0.1744186046511628,-0.4046511627906977,12.6,10.2,3.9,11.7,1.3,2.4000000000000004
pl-2025-2025-11-09-crystal-palace-v-brighton,2025-11-09,2025,Crystal Palace,Brighton,0,0,1,0.6666666666666666,0.0,59.71204256723541,8,8,999,0,1.0,0,999,0,1.0,0,3,1,2.0,1.0,2.0,8.0,7.0,1.4,1.372093023255814,1.4186046511627908,1.372093023255814,1.6,1.4,1.441860465116279,1.302325581395349,1.6046511627906976,1.3255813953488371,1.2325581395348837,1.4186046511627908,0.29069767441860467,0.20930232558139536,0.027906976744185963,12.5,11.3,4.6,10.4,1.8,1.1999999999999993,3.0,1.0,1.0,11.0,7.0,2.0,1.441860465116279,1.6046511627906976,1.5813953488372092,2.2,1.4,1.697674418604651,1.186046511627907,1.627906976744186,1.3488372093023255,1.5813953488372092,1.813953488372093,0.1744186046511628,0.18604651162790697,0.558139534883721,12.6,10.7,4.7,12.4,2.4,1.9000000000000004
pl-2025-2025-11-09-nott-m-forest-v-leeds,2025-11-09,2025,Nott'm Forest,Leeds,3,1,2,0.3333333333333333,0.0,97.54984642495643,8,8,999,0,1.0,0,999,0,1.0,0,2,0,0.0,1.0,4.0,2.0,10.0,0.2,1.244186046511628,1.3255813953488371,1.5348837209302326,0.4,2.0,1.302325581395349,1.186046511627907,1.3488372093023255,1.302325581395349,1.302325581395349,1.7674418604651163,0.19767441860465115,0.27906976744186046,-1.044186046511628,11.7,13.5,3.7,11.0,1.8,-1.8000000000000007,1.0,1.0,3.0,5.0,10.0,0.8,1.1,0.9,1.7,1.0,2.0,1.6,0.6,1.2,1.0,0.6,2.4,0.2,0.5,-0.30000000000000004,12.2,10.2,3.5,9.9,1.5,2.0
pl-2025-2025-11-09-man-city-v-liverpool,2025-11-09,2025,Man City,Liverpool,3,0,2,0.5,0.0,51.0438844981863,7,8,999,0,1.0,0,999,0,1.0,0,1,3,4.0,0.0,1.0,11.0,3.0,2.4,2.104651162790698,2.186046511627907,1.0,2.2,0.6,2.3488372093023258,1.8604651162790697,2.488372093023256,1.0,1.8837209302325582,1.0,0.3488372093023256,0.12790697674418605,0.29534883720930205,13.8,9.4,5.1,8.9,1.6,4.4,1.0,0.0,4.0,7.0,9.0,0.6,2.13953488372093,2.2093023255813953,1.1162790697674418,1.4,1.8,2.4651162790697674,1.813953488372093,2.3488372093023258,0.8837209302325582,2.0697674418604652,1.3488372093023255,0.313953488372093,0.046511627906976744,-1.53953488372093,15.6,11.0,4.5,9.6,1.9,4.6
pl-2025-2025-11-22-newcastle-v-man-city,2025-11-22,2025,Newcastle,Man City,2,1,2,0.25,0.0,170.21743081390886,13,13,999,0,1.0,0,999,0,1.0,0,3,1,2.0,0.0,3.0,7.0,9.0,1.2,1.5862068965517242,1.8850574712643677,1.4137931034482758,1.4,1.8,2.0232558139534884,1.1590909090909092,2.255813953488372,1.1162790697674418,1.5227272727272727,1.7045454545454546,0.3218390804597701,0.1724137931034483,-0.38620689655172424,11.909090909090908,10.636363636363637,3.6363636363636362,11.818181818181818,1.2727272727272727,1.2727272727272716,4.0,0.0,1.0,9.0,2.0,2.4,2.1149425287356323,2.1954022988505746,0.9885057471264368,1.8,0.4,2.3636363636363638,1.8604651162790697,2.5,0.9772727272727273,1.8837209302325582,1.0,0.3563218390804598,0.12643678160919541,0.28505747126436765,13.818181818181818,9.181818181818182,5.181818181818182,9.363636363636363,1.6363636363636365,4.636363636363637
pl-2025-2025-11-22-fulham-v-sunderland,2025-11-22,2025,Fulham,Sunderland,1,0,2,0.6666666666666666,0.0,390.2068724510691,14,14,999,0,1.0,0,999,0,1.0,0,0,3,1.0,0.0,4.0,5.0,8.0,0.6,1.2873563218390804,1.3908045977011494,1.5057471264367817,1.0,1.6,1.5116279069767442,1.0681818181818181,1.5348837209302326,1.3255813953488371,1.25,1.6818181818181819,0.19540229885057472,0.26436781609195403,-0.6873563218390805,11.0,11.272727272727273,3.4545454545454546,14.0,1.9090909090909092,-0.2727272727272734,2.0,2.0,1.0,7.0,6.0,1.6,1.7272727272727273,1.2727272727272727,0.9090909090909091,1.4,1.2,2.0,1.4,1.8333333333333333,0.8333333333333334,0.6,1.0,0.36363636363636365,0.2727272727272727,-0.1272727272727272,10.090909090909092,13.272727272727273,2.727272727272727,9.545454545454545,1.9090909090909092,-3.1818181818181817
pl-2025-2025-11-22-burnley-v-chelsea,2025-11-22,2025,Burnley,Chelsea,0,2,0,0.25,0.0,291.07004764467814,14,14,999,0,1.0,0,999,0,1.0,0,0,3,2.0,0.0,3.0,8.0,9.0,1.2,0.6938775510204082,1.1224489795918366,2.0408163265306123,1.6,1.8,0.7083333333333334,0.68,1.0,1.9583333333333333,1.24,2.12,0.08163265306122448,0.30612244897959184,0.5061224489795918,8.181818181818182,17.454545454545453,3.1818181818181817,9.909090909090908,1.4545454545454546,-9.272727272727272,4.0,0.0,1.0,10.0,3.0,2.4,1.7471264367816093,1.8620689655172413,1.3448275862068966,2.0,0.6,2.0,1.4883720930232558,2.0,1.1363636363636365,1.7209302325581395,1.558139534883721,0.27586206896551724,0.16091954022988506,0.6528735632183906,14.363636363636363,9.545454545454545,5.636363636363637,11.545454545454545,2.4545454545454546,4.818181818181818
pl-2025-2025-11-22-wolves-v-crystal-palace,2025-11-22,2025,Wolves,Crystal Palace,0,2,0,0.08333333333333333,0.0,192.73796502396291,14,13,999,0,1.0,0,999,0,1.0,0,0,3,0.0,1.0,4.0,3.0,12.0,0.2,1.0344827586206897,1.2758620689655173,1.8275862068965518,0.6,2.4,1.1395348837209303,0.9318181818181818,1.372093023255814,1.7674418604651163,1.1818181818181819,1.8863636363636365,0.14942528735632185,0.25287356321839083,-0.8344827586206898,9.545454545454545,13.272727272727273,3.1818181818181817,13.454545454545455,2.1818181818181817,-3.7272727272727284,1.0,2.0,2.0,6.0,6.0,1.0,1.367816091954023,1.4022988505747127,1.3563218390804597,1.2,1.2,1.4318181818181819,1.302325581395349,1.5681818181818181,1.2954545454545454,1.2325581395348837,1.4186046511627908,0.2988505747126437,0.21839080459770116,-0.367816091954023,12.272727272727273,10.909090909090908,4.363636363636363,10.363636363636363,1.7272727272727273,1.363636363636365
pl-2025-2025-11-22-brighton-v-brentford,2025-11-22,2025,Brighton,Brentford,2,1,2,0.6666666666666666,0.0,71.56602003805497,13,13,999,0,1.0,0,999,0,1.0,0,1,1,2.0,2.0,1.0,8.0,6.0,1.6,1.4367816091954022,1.5862068965517242,1.5632183908045978,1.6,1.2,1.697674418604651,1.1818181818181819,1.627906976744186,1.3488372093023255,1.5454545454545454,1.7727272727272727,0.1839080459770115,0.19540229885057472,0.16321839080459788,12.090909090909092,10.636363636363637,4.545454545454546,12.363636363636363,2.5454545454545454,1.454545454545455,3.0,0.0,2.0,8.0,6.0,1.8,1.2758620689655173,1.5977011494252873,1.5977011494252873,1.6,1.2,1.5,1.0465116279069768,1.8409090909090908,1.7272727272727273,1.3488372093023255,1.4651162790697674,0.19540229885057472,0.20689655172413793,0.5241379310344827,10.636363636363637,12.090909090909092,4.454545454545454,11.454545454545455,2.090909090909091,-1.454545454545455
pl-2025-2025-11-22-liverpool-v-nott-m-forest,2025-11-22,2025,Liverpool,Nott'm Forest,0,3,0,0.5714285714285714,0.0,133.53355666955304,13,13,999,0,1.0,0,999,0,1.0,0,3,2,1.0,0.0,4.0,6.0,10.0,0.6,2.1149425287356323,2.1839080459770117,1.1379310344827587,1.2,2.0,2.4651162790697674,1.7727272727272727,2.3488372093023258,0.8837209302325582,2.022727272727273,1.3863636363636365,0.3103448275862069,0.05747126436781609,-1.5149425287356322,14.818181818181818,11.272727272727273,4.181818181818182,10.090909090909092,2.090909090909091,3.545454545454545,1.0,1.0,3.0,5.0,10.0,0.8,1.264367816091954,1.3448275862068966,1.528735632183908,1.0,2.0,1.3409090909090908,1.186046511627907,1.3863636363636365,1.2954545454545454,1.302325581395349,1.7674418604651163,0.19540229885057472,0.27586206896551724,-0.464367816091954,11.909090909090908,13.181818181818182,3.909090909090909,10.909090909090908,1.8181818181818181,-1.2727272727272734
pl-2025-2025-11-22-bournemouth-v-west-ham,2025-11-22,2025,Bournemouth,West Ham,2,2,1,0.5,0.0,157.23423717667953,13,14,999,0,1.0,0,999,0,1.0,0,2,0,2.0,1.0,2.0,9.0,11.0,1.4,1.4022988505747127,1.4827586206896552,1.5057471264367817,1.8,2.2,1.5813953488372092,1.2272727272727273,1.3488372093023255,1.069767441860465,1.6136363636363635,1.9318181818181819,0.25287356321839083,0.19540229885057472,-0.0022988505747127963,12.090909090909092,11.818181818181818,4.545454545454546,13.090909090909092,2.4545454545454546,0.2727272727272734,2.0,0.0,3.0,7.0,9.0,1.2,1.206896551724138,1.367816091954023,1.8275862068965518,1.4,1.8,1.25,1.1627906976744187,1.4090909090909092,1.75,1.3255813953488371,1.9069767441860466,0.14942528735632185,0.22988505747126436,-0.006896551724137945,10.454545454545455,14.636363636363637,4.090909090909091,10.636363636363637,1.7272727272727273,-4.181818181818182
pl-2025-2025-11-23-leeds-v-aston-villa,2025-11-23,2025,Leeds,Aston Villa,1,2,0,0.25,0.0,142.64184093864833,14,14,999,0,1.0,0,999,0,1.0,0,0,1,1.0,0.0,4.0,4.0,11.0,0.6,1.0,0.9090909090909091,1.8181818181818181,0.8,2.2,1.6,0.5,1.2,1.0,0.6666666666666666,2.5,0.18181818181818182,0.45454545454545453,-0.4,12.0,10.545454545454545,3.4545454545454546,10.0,1.4545454545454546,1.454545454545455,4.0,0.0,1.0,9.0,4.0,2.4,1.7471264367816093,1.6896551724137931,1.4022988505747127,1.8,0.8,2.1136363636363638,1.372093023255814,2.090909090909091,1.2045454545454546,1.2790697674418605,1.6046511627906976,0.2413793103448276,0.20689655172413793,0.6528735632183906,10.818181818181818,12.454545454545455,3.5454545454545454,9.545454545454545,1.9090909090909092,-1.6363636363636367
pl-2025-2025-11-23-arsenal-v-tottenham,2025-11-23,2025,Arsenal,Tottenham,4,1,2,0.9166666666666666,0.0,5.912025518917407,15,15,999,0,1.0,0,999,0,1.0,0,5,1,4.0,1.0,0.0,8.0,2.0,2.6,2.1724137931034484,2.0689655172413794,0.7816091954022989,1.6,0.4,2.302325581395349,2.0454545454545454,2.2093023255813953,0.7906976744186046,1.9318181818181819,0.7727272727272727,0.4367816091954023,0.12643678160919541,0.4275862068965517,14.727272727272727,7.363636363636363,4.7272727272727275,10.454545454545455,1.0,7.363636363636363,2.0,1.0,2.0,8.0,6.0,1.4,1.4022988505747127,1.8045977011494252,1.5632183908045978,1.6,1.2,1.4772727272727273,1.3255813953488371,1.8181818181818181,1.5681818181818181,1.7906976744186047,1.558139534883721,0.19540229885057472,0.1724137931034483,-0.0022988505747127963,9.636363636363637,11.636363636363637,3.4545454545454546,11.545454545454545,2.3636363636363638,-2.0
pl-2025-2025-11-24-man-united-v-everton,2025-11-24,2025,Man United,Everton,0,1,0,0.7142857142857143,0.0,44.77637264276031,16,16,999,0,1.0,0,999,0,1.0,0,3,3,3.0,2.0,0.0,12.0,7.0,2.2,1.3793103448275863,1.3793103448275863,1.4942528735632183,2.4,1.4,1.6046511627906976,1.1590909090909092,1.5116279069767442,1.441860465116279,1.25,1.5454545454545454,0.22988505747126436,0.2988505747126437,0.8206896551724139,14.363636363636363,11.545454545454545,5.090909090909091,9.363636363636363,1.2727272727272727,2.8181818181818183,2.0,1.0,2.0,5.0,7.0,1.4,1.2758620689655173,1.0804597701149425,1.2413793103448276,1.0,1.4,1.4318181818181819,1.1162790697674418,1.25,1.0454545454545454,0.9069767441860465,1.441860465116279,0.3218390804597701,0.3563218390804598,0.12413793103448256,11.090909090909092,13.090909090909092,3.1818181818181817,10.727272727272727,2.3636363636363638,-2.0
pl-2025-2025-11-29-everton-v-newcastle,2025-11-29,2025,Everton,Newcastle,1,4,0,0.6666666666666666,0.0,192.08985245034933,5,7,999,0,1.0,0,999,0,1.0,0,3,3,2.0,1.0,2.0,4.0,6.0,1.4,1.2954545454545454,1.0795454545454546,1.2272727272727273,0.8,1.2,1.4318181818181819,1.1590909090909092,1.25,1.0454545454545454,0.9090909090909091,1.4090909090909092,0.32954545454545453,0.3522727272727273,0.1045454545454545,10.416666666666666,14.083333333333334,3.0,10.583333333333334,2.3333333333333335,-3.666666666666668,2.0,0.0,3.0,7.0,10.0,1.2,1.6022727272727273,1.8863636363636365,1.4090909090909092,1.4,2.0,2.0454545454545454,1.1590909090909092,2.25,1.1136363636363635,1.5227272727272727,1.7045454545454546,0.3181818181818182,0.17045454545454544,-0.40227272727272734,11.666666666666666,11.166666666666666,3.75,11.916666666666666,1.25,0.5
pl-2025-2025-11-29-tottenham-v-fulham,2025-11-29,2025,Tottenham,Fulham,1,2,0,0.25,0.0,17.90725628813951,6,7,999,0,1.0,0,999,0,1.0,0,1,0,1.0,1.0,3.0,7.0,9.0,0.8,1.3863636363636365,1.7954545454545454,1.5909090909090908,1.4,1.8,1.4772727272727273,1.2954545454545454,1.8181818181818181,1.5681818181818181,1.7727272727272727,1.6136363636363635,0.19318181818181818,0.17045454545454544,-0.5863636363636364,9.083333333333334,12.083333333333334,3.3333333333333335,11.833333333333334,2.4166666666666665,-3.0,2.0,0.0,3.0,5.0,5.0,1.2,1.3068181818181819,1.3863636363636365,1.4886363636363635,1.0,1.0,1.5454545454545454,1.0681818181818181,1.5227272727272727,1.2954545454545454,1.25,1.6818181818181819,0.20454545454545456,0.26136363636363635,-0.10681818181818192,12.083333333333334,10.666666666666666,3.6666666666666665,13.25,2.0,1.4166666666666679
pl-2025-2025-11-29-man-city-v-leeds,2025-11-29,2025,Man City,Leeds,3,2,2,1.0,0.0,52.82663928753755,7,6,999,0,1.0,0,999,0,1.0,0,1,0,3.0,0.0,2.0,9.0,4.0,1.8,2.090909090909091,2.1818181818181817,1.0,1.8,0.8,2.3636363636363638,1.8181818181818181,2.5,0.9772727272727273,1.8636363636363635,1.0227272727272727,0.3522727272727273,0.125,-0.2909090909090908,14.083333333333334,9.166666666666666,5.083333333333333,9.25,1.75,4.916666666666668,1.0,0.0,4.0,4.0,11.0,0.6,0.9166666666666666,0.9166666666666666,1.8333333333333333,0.8,2.2,1.3333333333333333,0.5,1.1666666666666667,1.1666666666666667,0.6666666666666666,2.5,0.16666666666666666,0.4166666666666667,-0.31666666666666665,12.166666666666666,10.833333333333334,3.5833333333333335,10.666666666666666,1.75,1.3333333333333321
pl-2025-2025-11-29-sunderland-v-bournemouth,2025-11-29,2025,Sunderland,Bournemouth,3,2,2,0.75,0.0,465.6635284633631,7,7,999,0,1.0,0,999,0,1.0,0,3,2,2.0,2.0,1.0,7.0,5.0,1.6,1.5833333333333333,1.1666666666666667,0.9166666666666666,1.4,1.0,2.0,1.1666666666666667,1.8333333333333333,0.8333333333333334,0.5,1.0,0.3333333333333333,0.3333333333333333,0.01666666666666683,9.583333333333334,14.166666666666666,2.6666666666666665,9.833333333333334,2.0,-4.583333333333332,1.0,2.0,2.0,8.0,12.0,1.0,1.3977272727272727,1.4886363636363635,1.5113636363636365,1.6,2.4,1.5681818181818181,1.2272727272727273,1.3636363636363635,1.0909090909090908,1.6136363636363635,1.9318181818181819,0.25,0.19318181818181818,-0.3977272727272727,13.416666666666666,11.25,5.0,12.75,2.5,2.166666666666666
pl-2025-2025-11-29-brentford-v-burnley,2025-11-29,2025,Brentford,Burnley,3,1,2,0.75,0.0,286.98582757652116,7,7,999,0,1.0,0,999,0,1.0,0,1,0,3.0,0.0,2.0,9.0,7.0,1.8,1.2613636363636365,1.5909090909090908,1.6022727272727273,1.8,1.4,1.5,1.0227272727272727,1.8409090909090908,1.7272727272727273,1.3409090909090908,1.4772727272727273,0.19318181818181818,0.20454545454545456,0.5386363636363636,10.583333333333334,12.25,4.416666666666667,11.25,2.0833333333333335,-1.666666666666666,2.0,0.0,3.0,7.0,9.0,1.2,0.68,1.1,2.04,1.4,1.8,0.68,0.68,0.96,1.96,1.24,2.12,0.08,0.32,0.5199999999999999,8.166666666666666,17.25,3.0833333333333335,10.166666666666666,1.5,-9.083333333333334
pl-2025-2025-11-30-crystal-palace-v-man-united,2025-11-30,2025,Crystal Palace,Man United,1,2,0,0.5833333333333334,0.0,273.9644403116414,8,6,999,0,1.0,0,999,0,1.0,0,3,3,2.0,2.0,1.0,7.0,4.0,1.6,1.3863636363636365,1.4090909090909092,1.3409090909090908,1.4,0.8,1.4318181818181819,1.3409090909090908,1.5681818181818181,1.2954545454545454,1.25,1.3863636363636365,0.3068181818181818,0.2159090909090909,0.21363636363636362,12.083333333333334,10.666666666666666,4.333333333333333,10.25,1.8333333333333333,1.4166666666666679,2.0,2.0,1.0,10.0,8.0,1.6,1.3636363636363635,1.3636363636363635,1.4886363636363635,2.0,1.6,1.5681818181818181,1.1590909090909092,1.4772727272727273,1.4318181818181819,1.25,1.5454545454545454,0.22727272727272727,0.3068181818181818,0.23636363636363655,15.25,10.833333333333334,5.166666666666667,9.583333333333334,1.3333333333333333,4.416666666666666
pl-2025-2025-11-30-aston-villa-v-wolves,2025-11-30,2025,Aston Villa,Wolves,1,0,2,0.5833333333333334,0.0,18.85584349915966,7,8,999,0,1.0,0,999,0,1.0,0,1,0,4.0,0.0,1.0,9.0,4.0,2.4,1.7613636363636365,1.6931818181818181,1.3977272727272727,1.8,0.8,2.1136363636363638,1.4090909090909092,2.090909090909091,1.2045454545454546,1.2954545454545454,1.5909090909090908,0.23863636363636365,0.20454545454545456,0.6386363636363634,11.083333333333334,12.583333333333334,3.5,10.083333333333334,1.8333333333333333,-1.5,0.0,0.0,5.0,2.0,13.0,0.0,1.0227272727272727,1.2613636363636365,1.8295454545454546,0.4,2.6,1.1136363636363635,0.9318181818181818,1.3409090909090908,1.7727272727272727,1.1818181818181819,1.8863636363636365,0.14772727272727273,0.26136363636363635,-1.0227272727272727,9.416666666666666,13.0,3.0,13.416666666666666,2.1666666666666665,-3.583333333333334
pl-2025-2025-11-30-nott-m-forest-v-brighton,2025-11-30,2025,Nott'm Forest,Brighton,0,2,0,0.25,0.0,242.213946310706,8,8,999,0,1.0,0,999,0,1.0,0,2,1,2.0,1.0,2.0,8.0,8.0,1.4,1.2840909090909092,1.3636363636363635,1.5113636363636365,1.6,1.6,1.3409090909090908,1.2272727272727273,1.3863636363636365,1.2954545454545454,1.3409090909090908,1.7272727272727273,0.20454545454545456,0.2727272727272727,0.11590909090909074,12.166666666666666,13.833333333333334,4.166666666666667,10.666666666666666,1.6666666666666667,-1.6666666666666679,3.0,1.0,1.0,9.0,6.0,2.0,1.4545454545454546,1.5909090909090908,1.5568181818181819,1.8,1.2,1.7272727272727273,1.1818181818181819,1.6363636363636365,1.3409090909090908,1.5454545454545454,1.7727272727272727,0.18181818181818182,0.19318181818181818,0.5454545454545454,12.25,10.583333333333334,4.583333333333333,12.166666666666666,2.6666666666666665,1.666666666666666
pl-2025-2025-11-30-west-ham-v-liverpool,2025-11-30,2025,West Ham,Liverpool,0,2,0,0.08333333333333333,0.0,291.55619908967356,8,8,999,0,1.0,0,999,0,1.0,0,0,3,2.0,1.0,2.0,9.0,9.0,1.4,1.2045454545454546,1.375,1.8295454545454546,1.8,1.8,1.25,1.1590909090909092,1.4090909090909092,1.75,1.3409090909090908,1.9090909090909092,0.14772727272727273,0.22727272727272727,0.19545454545454533,10.0,15.75,3.9166666666666665,10.583333333333334,1.75,-5.75,1.0,0.0,4.0,5.0,11.0,0.6,2.090909090909091,2.159090909090909,1.1590909090909092,1.0,2.2,2.409090909090909,1.7727272727272727,2.2954545454545454,0.9318181818181818,2.022727272727273,1.3863636363636365,0.3068181818181818,0.06818181818181818,-1.4909090909090907,15.333333333333334,11.583333333333334,4.166666666666667,10.166666666666666,2.0833333333333335,3.75
pl-2025-2025-11-30-chelsea-v-arsenal,2025-11-30,2025,Chelsea,Arsenal,1,1,1,0.21428571428571427,0.0,10.204802525519494,8,7,999,0,1.0,0,999,0,1.0,0,3,5,4.0,0.0,1.0,10.0,2.0,2.4,1.7613636363636365,1.8636363636363635,1.3295454545454546,2.0,0.4,2.0,1.5227272727272727,2.0,1.1363636363636365,1.7272727272727273,1.5227272727272727,0.2840909090909091,0.1590909090909091,0.6386363636363634,14.416666666666666,9.416666666666666,5.583333333333333,11.25,2.5,5.0,4.0,1.0,0.0,10.0,3.0,2.6,2.1818181818181817,2.090909090909091,0.7840909090909091,2.0,0.6,2.3181818181818183,2.0454545454545454,2.25,0.7954545454545454,1.9318181818181819,0.7727272727272727,0.4318181818181818,0.125,0.41818181818181843,14.916666666666666,7.0,5.0,10.5,1.0,7.916666666666666
pl-2025-2025-12-02-bournemouth-v-everton,2025-12-02,2025,Bournemouth,Everton,0,1,0,0.6428571428571429,0.0,310.3809824859215,3,3,999,0,1.0,0,999,0,1.0,0,2,3,1.0,1.0,3.0,7.0,12.0,0.8,1.3820224719101124,1.4943820224719102,1.5280898876404494,1.4,2.4,1.5681818181818181,1.2,1.3636363636363635,1.0909090909090908,1.6222222222222222,1.9555555555555555,0.24719101123595505,0.19101123595505617,-0.5820224719101124,13.76923076923077,11.307692307692308,5.076923076923077,12.76923076923077,2.8461538461538463,2.4615384615384617,2.0,1.0,2.0,5.0,8.0,1.4,1.2808988764044944,1.0786516853932584,1.2584269662921348,1.0,1.6,1.4,1.1590909090909092,1.2444444444444445,1.1111111111111112,0.9090909090909091,1.4090909090909092,0.3258426966292135,0.34831460674157305,0.11910112359550551,10.384615384615385,14.0,2.923076923076923,10.076923076923077,2.1538461538461537,-3.615384615384615
pl-2025-2025-12-02-fulham-v-man-city,2025-12-02,2025,Fulham,Man City,4,5,0,0.0,0.0,260.3920788240613,3,3,999,0,1.0,0,999,0,1.0,0,0,1,3.0,0.0,2.0,7.0,5.0,1.8,1.3258426966292134,1.3932584269662922,1.4831460674157304,1.4,1.0,1.5454545454545454,1.1111111111111112,1.5227272727272727,1.2954545454545454,1.2666666666666666,1.6666666666666667,0.20224719101123595,0.25842696629213485,0.47415730337078665,11.692307692307692,10.923076923076923,3.6153846153846154,12.76923076923077,2.0,0.7692307692307683,3.0,0.0,2.0,10.0,6.0,1.8,2.101123595505618,2.191011235955056,1.0112359550561798,2.0,1.2,2.3777777777777778,1.8181818181818181,2.511111111111111,1.0,1.8636363636363635,1.0227272727272727,0.34831460674157305,0.12359550561797752,-0.30112359550561796,14.384615384615385,9.153846153846153,5.384615384615385,9.846153846153847,1.9230769230769231,5.230769230769232
pl-2025-2025-12-02-newcastle-v-tottenham,2025-12-02,2025,Newcastle,Tottenham,2,2,1,0.7857142857142857,0.0,388.67839795676935,3,3,999,0,1.0,0,999,0,1.0,0,3,1,3.0,0.0,2.0,10.0,9.0,1.8,1.6179775280898876,1.9101123595505618,1.404494382022472,2.0,1.8,2.0454545454545454,1.2,2.25,1.1136363636363635,1.5777777777777777,1.6888888888888889,0.3146067415730337,0.16853932584269662,0.18202247191011245,11.76923076923077,11.076923076923077,4.076923076923077,11.461538461538462,1.1538461538461537,0.6923076923076934,1.0,1.0,3.0,7.0,9.0,0.8,1.3707865168539326,1.7865168539325842,1.595505617977528,1.4,1.8,1.4444444444444444,1.2954545454545454,1.8,1.5777777777777777,1.7727272727272727,1.6136363636363635,0.19101123595505617,0.16853932584269662,-0.5707865168539326,9.461538461538462,11.692307692307692,3.230769230769231,11.76923076923077,2.4615384615384617,-2.23076923076923
pl-2025-2025-12-03-arsenal-v-brentford,2025-12-03,2025,Arsenal,Brentford,2,0,2,0.8333333333333334,0.0,14.87398151424033,3,4,999,0,1.0,0,999,0,1.0,0,5,1,3.0,2.0,0.0,10.0,4.0,2.2,2.168539325842697,2.0786516853932584,0.7865168539325843,2.0,0.8,2.3181818181818183,2.022222222222222,2.25,0.7954545454545454,1.9111111111111112,0.7777777777777778,0.42696629213483145,0.12359550561797752,0.03146067415730336,14.384615384615385,7.3076923076923075,4.923076923076923,10.692307692307692,1.3846153846153846,7.0769230769230775,3.0,0.0,2.0,10.0,8.0,1.8,1.2808988764044944,1.6067415730337078,1.595505617977528,2.0,1.6,1.5333333333333334,1.0227272727272727,1.8666666666666667,1.711111111111111,1.3409090909090908,1.4772727272727273,0.19101123595505617,0.20224719101123595,0.5191011235955056,10.846153846153847,11.76923076923077,4.384615384615385,10.923076923076923,1.9230769230769231,-0.9230769230769234
pl-2025-2025-12-03-brighton-v-aston-villa,2025-12-03,2025,Brighton,Aston Villa,3,4,0,0.35714285714285715,0.0,221.37298033930915,3,3,999,0,1.0,0,999,0,1.0,0,1,1,3.0,1.0,1.0,9.0,5.0,2.0,1.4719101123595506,1.595505617977528,1.5393258426966292,1.8,1.0,1.7272727272727273,1.2222222222222223,1.6363636363636365,1.3409090909090908,1.5555555555555556,1.7333333333333334,0.19101123595505617,0.19101123595505617,0.5280898876404494,12.615384615384615,11.23076923076923,4.6923076923076925,12.0,2.5384615384615383,1.384615384615385,4.0,0.0,1.0,8.0,3.0,2.4,1.7752808988764044,1.6853932584269662,1.3820224719101124,1.6,0.6,2.1333333333333333,1.4090909090909092,2.066666666666667,1.1777777777777778,1.2954545454545454,1.5909090909090908,0.24719101123595505,0.20224719101123595,0.6247191011235955,11.461538461538462,12.307692307692308,3.6923076923076925,10.307692307692308,1.6923076923076923,-0.8461538461538467
pl-2025-2025-12-03-burnley-v-crystal-palace,2025-12-03,2025,Burnley,Crystal Palace,0,1,0,0.25,0.0,302.71807544640615,4,3,999,0,1.0,0,999,0,1.0,0,0,3,1.0,0.0,4.0,6.0,12.0,0.6,0.6666666666666666,1.0980392156862746,2.0588235294117645,1.2,2.4,0.68,0.6538461538461539,0.96,1.96,1.2307692307692308,2.1538461538461537,0.0784313725490196,0.3137254901960784,-0.06666666666666665,8.0,17.0,3.0,9.923076923076923,1.5384615384615385,-9.0,2.0,1.0,2.0,5.0,3.0,1.4,1.3707865168539326,1.404494382022472,1.348314606741573,1.0,0.6,1.4,1.3409090909090908,1.5555555555555556,1.3111111111111111,1.25,1.3863636363636365,0.30337078651685395,0.21348314606741572,0.02921348314606731,12.23076923076923,10.923076923076923,4.230769230769231,10.538461538461538,1.9230769230769231,1.3076923076923066
pl-2025-2025-12-03-wolves-v-nott-m-forest,2025-12-03,2025,Wolves,Nott'm Forest,0,1,0,0.3333333333333333,0.0,77.31910351998752,3,3,999,0,1.0,0,999,0,1.0,0,0,2,0.0,0.0,5.0,2.0,12.0,0.0,1.0112359550561798,1.247191011235955,1.8202247191011236,0.4,2.4,1.1136363636363635,0.9111111111111111,1.3409090909090908,1.7727272727272727,1.1555555555555554,1.8666666666666667,0.14606741573033707,0.2696629213483146,-1.0112359550561798,9.384615384615385,13.23076923076923,3.076923076923077,14.0,2.3076923076923075,-3.846153846153845,2.0,1.0,2.0,8.0,7.0,1.4,1.2696629213483146,1.348314606741573,1.5168539325842696,1.6,1.4,1.3111111111111111,1.2272727272727273,1.3555555555555556,1.3111111111111111,1.3409090909090908,1.7272727272727273,0.20224719101123595,0.2808988764044944,0.1303370786516853,12.692307692307692,14.076923076923077,4.076923076923077,10.692307692307692,1.5384615384615385,-1.384615384615385
pl-2025-2025-12-03-leeds-v-chelsea,2025-12-03,2025,Leeds,Chelsea,3,1,2,0.75,0.0,271.7713050935539,4,3,999,0,1.0,0,999,0,1.0,0,0,3,1.0,0.0,4.0,6.0,12.0,0.6,0.8461538461538461,1.0,1.9230769230769231,1.2,2.4,1.3333333333333333,0.42857142857142855,1.1666666666666667,1.1666666666666667,0.8571428571428571,2.5714285714285716,0.15384615384615385,0.38461538461538464,-0.24615384615384617,11.923076923076923,11.384615384615385,3.6153846153846154,10.692307692307692,1.6923076923076923,0.5384615384615383,3.0,1.0,1.0,8.0,3.0,2.0,1.752808988764045,1.853932584269663,1.3258426966292134,1.6,0.6,1.9777777777777779,1.5227272727272727,1.9777777777777779,1.1333333333333333,1.7272727272727273,1.5227272727272727,0.2808988764044944,0.15730337078651685,0.247191011235955,14.153846153846153,9.307692307692308,5.461538461538462,11.307692307692308,2.5384615384615383,4.846153846153845
pl-2025-2025-12-03-liverpool-v-sunderland,2025-12-03,2025,Liverpool,Sunderland,1,1,1,0.75,0.0,194.26080443969047,3,4,999,0,1.0,0,999,0,1.0,0,3,3,2.0,0.0,3.0,6.0,9.0,1.2,2.101123595505618,2.157303370786517,1.146067415730337,1.2,1.8,2.409090909090909,1.8,2.2954545454545454,0.9318181818181818,2.022222222222222,1.3555555555555556,0.3146067415730337,0.06741573033707865,-0.901123595505618,14.846153846153847,11.23076923076923,4.230769230769231,10.461538461538462,1.9230769230769231,3.6153846153846168,2.0,2.0,1.0,8.0,7.0,1.6,1.6923076923076923,1.3076923076923077,1.0,1.6,1.4,2.142857142857143,1.1666666666666667,2.0,1.0,0.5,1.0,0.3076923076923077,0.3076923076923077,-0.0923076923076922,9.76923076923077,14.461538461538462,2.923076923076923,10.153846153846153,2.230769230769231,-4.692307692307692
pl-2025-2025-12-04-man-united-v-west-ham,2025-12-04,2025,Man United,West Ham,1,1,1,0.3333333333333333,0.0,264.8392292446106,4,4,999,0,1.0,0,999,0,1.0,0,3,0,2.0,2.0,1.0,10.0,8.0,1.6,1.3820224719101124,1.3707865168539326,1.4831460674157304,2.0,1.6,1.5681818181818181,1.2,1.4772727272727273,1.4318181818181819,1.2666666666666666,1.5333333333333334,0.2247191011235955,0.30337078651685395,0.21797752808988768,15.153846153846153,11.076923076923077,5.230769230769231,9.923076923076923,1.3846153846153846,4.076923076923077,2.0,1.0,2.0,9.0,9.0,1.4,1.1910112359550562,1.3595505617977528,1.8314606741573034,1.8,1.8,1.2222222222222223,1.1590909090909092,1.3777777777777778,1.7555555555555555,1.3409090909090908,1.9090909090909092,0.14606741573033707,0.23595505617977527,0.2089887640449437,9.76923076923077,15.23076923076923,3.6153846153846154,10.692307692307692,1.8461538461538463,-5.46153846153846
pl-2025-2025-12-06-aston-villa-v-arsenal,2025-12-06,2025,Aston Villa,Arsenal,2,1,2,0.5,0.0,161.28672843676878,3,3,999,0,1.0,0,999,0,1.0,0,1,5,4.0,0.0,1.0,11.0,6.0,2.4,1.788888888888889,1.711111111111111,1.4,2.2,1.2,2.1333333333333333,1.4444444444444444,2.066666666666667,1.1777777777777778,1.3555555555555556,1.6222222222222222,0.24444444444444444,0.2,0.6111111111111109,11.642857142857142,12.571428571428571,4.142857142857143,10.214285714285714,1.7142857142857142,-0.9285714285714288,3.0,2.0,0.0,11.0,4.0,2.2,2.1777777777777776,2.077777777777778,0.7777777777777778,2.2,0.8,2.3333333333333335,2.022222222222222,2.2444444444444445,0.7777777777777778,1.9111111111111112,0.7777777777777778,0.43333333333333335,0.12222222222222222,0.022222222222222587,14.428571428571429,7.214285714285714,5.071428571428571,10.428571428571429,1.2857142857142858,7.214285714285714
pl-2025-2025-12-06-bournemouth-v-chelsea,2025-12-06,2025,Bournemouth,Chelsea,0,0,1,0.3333333333333333,0.0,141.84087867373012,4,3,999,0,1.0,0,999,0,1.0,0,2,3,0.0,1.0,4.0,5.0,13.0,0.2,1.3666666666666667,1.4777777777777779,1.5222222222222221,1.0,2.6,1.5333333333333334,1.2,1.3333333333333333,1.0888888888888888,1.6222222222222222,1.9555555555555555,0.24444444444444444,0.2,-1.1666666666666667,13.142857142857142,11.428571428571429,4.857142857142857,12.857142857142858,2.857142857142857,1.7142857142857135,3.0,1.0,1.0,8.0,4.0,2.0,1.7333333333333334,1.8444444444444446,1.3444444444444446,1.6,0.8,1.9777777777777779,1.488888888888889,1.9777777777777779,1.1333333333333333,1.711111111111111,1.5555555555555556,0.2777777777777778,0.15555555555555556,0.2666666666666666,14.142857142857142,9.857142857142858,5.214285714285714,11.428571428571429,2.4285714285714284,4.285714285714285
pl-2025-2025-12-06-man-city-v-sunderland,2025-12-06,2025,Man City,Sunderland,3,0,2,0.8333333333333334,0.0,167.65403321407322,4,3,999,0,1.0,0,999,0,1.0,0,1,3,4.0,0.0,1.0,15.0,9.0,2.4,2.111111111111111,2.2222222222222223,1.0444444444444445,3.0,1.8,2.3777777777777778,1.8444444444444446,2.511111111111111,1.0,1.9333333333333333,1.0888888888888888,0.34444444444444444,0.12222222222222222,0.28888888888888875,14.142857142857142,9.357142857142858,5.285714285714286,9.642857142857142,1.8571428571428572,4.785714285714285,1.0,3.0,1.0,7.0,7.0,1.2,1.6428571428571428,1.2857142857142858,1.0,1.4,1.4,2.142857142857143,1.1428571428571428,2.0,1.0,0.5714285714285714,1.0,0.2857142857142857,0.2857142857142857,-0.44285714285714284,9.714285714285714,15.071428571428571,3.142857142857143,9.785714285714286,2.142857142857143,-5.357142857142858
pl-2025-2025-12-06-leeds-v-liverpool,2025-12-06,2025,Leeds,Liverpool,3,3,1,0.5,0.0,99.73697982950247,3,3,999,0,1.0,0,999,0,1.0,0,0,3,1.0,0.0,4.0,7.0,12.0,0.6,1.0,1.1428571428571428,1.8571428571428572,1.4,2.4,1.5714285714285714,0.42857142857142855,1.4285714285714286,1.1428571428571428,0.8571428571428571,2.5714285714285716,0.14285714285714285,0.35714285714285715,-0.4,12.285714285714286,11.571428571428571,3.7142857142857144,10.642857142857142,1.6428571428571428,0.7142857142857153,2.0,1.0,2.0,5.0,7.0,1.4,2.088888888888889,2.1444444444444444,1.1444444444444444,1.0,1.4,2.3777777777777778,1.8,2.2666666666666666,0.9333333333333333,2.022222222222222,1.3555555555555556,0.3111111111111111,0.06666666666666667,-0.6888888888888891,15.428571428571429,11.071428571428571,4.214285714285714,10.428571428571429,1.8571428571428572,4.357142857142858
pl-2025-2025-12-06-newcastle-v-burnley,2025-12-06,2025,Newcastle,Burnley,2,1,2,1.0,0.0,137.77683025817242,4,3,999,0,1.0,0,999,0,1.0,0,3,0,2.0,1.0,2.0,10.0,10.0,1.4,1.6111111111111112,1.9111111111111112,1.4111111111111112,2.0,2.0,2.022222222222222,1.2,2.2444444444444445,1.1333333333333333,1.5777777777777777,1.6888888888888889,0.3111111111111111,0.16666666666666666,-0.21111111111111125,12.285714285714286,10.857142857142858,4.285714285714286,11.0,1.0714285714285714,1.4285714285714288,0.0,0.0,5.0,3.0,11.0,0.0,0.6538461538461539,1.0769230769230769,2.0384615384615383,0.6,2.2,0.6538461538461539,0.6538461538461539,0.9230769230769231,1.9230769230769231,1.2307692307692308,2.1538461538461537,0.07692307692307693,0.3269230769230769,-0.6538461538461539,8.214285714285714,16.0,3.0714285714285716,9.857142857142858,1.4285714285714286,-7.7857142857142865
pl-2025-2025-12-06-tottenham-v-brentford,2025-12-06,2025,Tottenham,Brentford,2,0,2,0.7142857142857143,0.0,20.10633019120403,4,3,999,0,1.0,0,999,0,1.0,0,1,1,0.0,2.0,3.0,6.0,11.0,0.4,1.3666666666666667,1.788888888888889,1.6,1.2,2.2,1.4444444444444444,1.288888888888889,1.8,1.5777777777777777,1.7777777777777777,1.6222222222222222,0.18888888888888888,0.16666666666666666,-0.9666666666666667,9.357142857142858,12.214285714285714,3.142857142857143,11.785714285714286,2.5,-2.857142857142856,2.0,0.0,3.0,7.0,8.0,1.2,1.2666666666666666,1.5888888888888888,1.6,1.4,1.6,1.5333333333333334,1.0,1.8666666666666667,1.711111111111111,1.3111111111111111,1.488888888888889,0.18888888888888888,0.2111111111111111,-0.06666666666666665,10.5,12.0,4.142857142857143,10.785714285714286,1.8571428571428572,-1.5
pl-2025-2025-12-06-everton-v-nott-m-forest,2025-12-06,2025,Everton,Nott'm Forest,3,0,2,0.8333333333333334,0.0,133.88930766267092,4,3,999,0,1.0,0,999,0,1.0,0,3,2,3.0,1.0,1.0,6.0,5.0,2.0,1.3,1.0777777777777777,1.2444444444444445,1.2,1.0,1.4,1.2,1.2444444444444445,1.1111111111111112,0.9111111111111111,1.3777777777777778,0.3333333333333333,0.34444444444444444,0.7,10.571428571428571,13.357142857142858,2.9285714285714284,10.357142857142858,2.2142857142857144,-2.7857142857142865,3.0,1.0,1.0,9.0,5.0,2.0,1.288888888888889,1.3444444444444446,1.5,1.8,1.0,1.3111111111111111,1.2666666666666666,1.3555555555555556,1.3111111111111111,1.3333333333333333,1.6888888888888889,0.2111111111111111,0.2777777777777778,0.711111111111111,12.5,13.428571428571429,4.0,10.714285714285714,1.5714285714285714,-0.9285714285714288
pl-2025-2025-12-07-brighton-v-west-ham,2025-12-07,2025,Brighton,West Ham,1,1,1,0.5,0.0,75.7050417120277,4,3,999,0,1.0,0,999,0,1.0,0,1,0,3.0,1.0,1.0,10.0,5.0,2.0,1.4555555555555555,1.6111111111111112,1.5666666666666667,2.0,1.0,1.6888888888888889,1.2222222222222223,1.6666666666666667,1.4,1.5555555555555556,1.7333333333333334,0.18888888888888888,0.18888888888888888,0.5444444444444445,12.857142857142858,11.428571428571429,4.857142857142857,11.857142857142858,2.5,1.4285714285714288,2.0,2.0,1.0,9.0,8.0,1.6,1.1888888888888889,1.3555555555555556,1.8222222222222222,1.8,1.6,1.2222222222222223,1.1555555555555554,1.3777777777777778,1.7555555555555555,1.3333333333333333,1.8888888888888888,0.14444444444444443,0.23333333333333334,0.4111111111111112,9.857142857142858,15.357142857142858,3.5714285714285716,10.571428571428571,1.8571428571428572,-5.5
pl-2025-2025-12-07-fulham-v-crystal-palace,2025-12-07,2025,Fulham,Crystal Palace,1,2,0,0.35714285714285715,0.0,12.683686680127758,5,4,999,0,1.0,0,999,0,1.0,0,0,3,3.0,0.0,2.0,10.0,8.0,1.8,1.3111111111111111,1.4222222222222223,1.5222222222222221,2.0,1.6,1.511111111111111,1.1111111111111112,1.5777777777777777,1.3777777777777778,1.2666666666666666,1.6666666666666667,0.2,0.25555555555555554,0.48888888888888893,11.714285714285714,10.928571428571429,3.7857142857142856,12.5,1.8571428571428572,0.7857142857142847,3.0,1.0,1.0,6.0,2.0,2.0,1.3888888888888888,1.4,1.3333333333333333,1.2,0.4,1.4,1.3777777777777778,1.5555555555555556,1.3111111111111111,1.2444444444444445,1.3555555555555556,0.3111111111111111,0.2111111111111111,0.6111111111111112,11.571428571428571,10.928571428571429,4.142857142857143,10.357142857142858,1.7857142857142858,0.6428571428571423
pl-2025-2025-12-08-wolves-v-man-united,2025-12-08,2025,Wolves,Man United,1,4,0,0.4166666666666667,0.0,97.66842531883373,5,4,999,0,1.0,0,999,0,1.0,0,0,3,0.0,0.0,5.0,0.0,10.0,0.0,1.0,1.2333333333333334,1.8111111111111111,0.0,2.0,1.0888888888888888,0.9111111111111111,1.3111111111111111,1.7555555555555555,1.1555555555555554,1.8666666666666667,0.14444444444444443,0.2777777777777778,-1.0,9.071428571428571,13.0,2.9285714285714284,14.357142857142858,2.2857142857142856,-3.928571428571429,1.0,3.0,1.0,7.0,7.0,1.2,1.3777777777777778,1.3666666666666667,1.4777777777777779,1.4,1.4,1.5555555555555556,1.2,1.4666666666666666,1.4222222222222223,1.2666666666666666,1.5333333333333334,0.2222222222222222,0.3,-0.1777777777777778,15.285714285714286,11.071428571428571,5.142857142857143,10.142857142857142,1.4285714285714286,4.214285714285715
pl-2025-2025-12-13-chelsea-v-everton,2025-12-13,2025,Chelsea,Everton,2,0,2,0.5833333333333334,0.0,287.53543213007396,7,7,999,0,1.0,0,999,0,1.0,0,3,3,2.0,2.0,1.0,7.0,4.0,1.6,1.7252747252747254,1.8241758241758241,1.3296703296703296,1.4,0.8,1.9777777777777779,1.4782608695652173,1.9777777777777779,1.1333333333333333,1.673913043478261,1.5217391304347827,0.2857142857142857,0.16483516483516483,-0.12527472527472527,13.933333333333334,10.066666666666666,5.133333333333334,11.533333333333333,2.4,3.866666666666667,4.0,0.0,1.0,8.0,4.0,2.4,1.3186813186813187,1.098901098901099,1.2307692307692308,1.6,0.8,1.434782608695652,1.2,1.2826086956521738,1.0869565217391304,0.9111111111111111,1.3777777777777778,0.34065934065934067,0.34065934065934067,1.0813186813186813,10.6,12.933333333333334,3.066666666666667,10.8,2.3333333333333335,-2.333333333333334
pl-2025-2025-12-13-liverpool-v-brighton,2025-12-13,2025,Liverpool,Brighton,2,0,2,0.5833333333333334,0.0,346.8724652187919,7,6,999,0,1.0,0,999,0,1.0,0,3,1,1.0,2.0,2.0,6.0,10.0,1.0,2.076923076923077,2.1538461538461537,1.164835164835165,1.2,2.0,2.3777777777777778,1.7826086956521738,2.2666666666666666,0.9333333333333333,2.0434782608695654,1.391304347826087,0.3076923076923077,0.06593406593406594,-1.076923076923077,15.466666666666667,11.133333333333333,4.4,10.666666666666666,1.9333333333333333,4.333333333333334,2.0,2.0,1.0,8.0,6.0,1.6,1.4505494505494505,1.6043956043956045,1.5604395604395604,1.6,1.2,1.673913043478261,1.2222222222222223,1.6521739130434783,1.391304347826087,1.5555555555555556,1.7333333333333334,0.18681318681318682,0.18681318681318682,0.14945054945054959,13.466666666666667,11.6,4.8,11.866666666666667,2.466666666666667,1.8666666666666671
pl-2025-2025-12-13-burnley-v-fulham,2025-12-13,2025,Burnley,Fulham,2,3,0,0.375,0.0,290.8127914923902,7,6,999,0,1.0,0,999,0,1.0,0,0,0,0.0,0.0,5.0,4.0,11.0,0.0,0.6415094339622641,1.0754716981132075,2.0377358490566038,0.8,2.2,0.6538461538461539,0.6296296296296297,0.9230769230769231,1.9230769230769231,1.2222222222222223,2.1481481481481484,0.07547169811320754,0.32075471698113206,-0.6415094339622641,8.266666666666667,16.066666666666666,3.066666666666667,9.933333333333334,1.6,-7.799999999999999,2.0,0.0,3.0,8.0,10.0,1.2,1.2967032967032968,1.4175824175824177,1.5274725274725274,1.6,2.0,1.4782608695652173,1.1111111111111112,1.565217391304348,1.391304347826087,1.2666666666666666,1.6666666666666667,0.1978021978021978,0.25274725274725274,-0.0967032967032968,11.733333333333333,10.933333333333334,3.8,12.0,1.7333333333333334,0.7999999999999989
pl-2025-2025-12-13-arsenal-v-wolves,2025-12-13,2025,Arsenal,Wolves,2,1,2,0.9166666666666666,0.0,179.79241990775787,7,5,999,0,1.0,0,999,0,1.0,0,5,0,2.0,2.0,1.0,10.0,6.0,1.6,2.1538461538461537,2.065934065934066,0.7912087912087912,2.0,1.2,2.3333333333333335,1.9782608695652173,2.2444444444444445,0.7777777777777778,1.891304347826087,0.8043478260869565,0.42857142857142855,0.12087912087912088,-0.5538461538461537,14.466666666666667,7.733333333333333,5.333333333333333,10.266666666666667,1.3333333333333333,6.733333333333333,0.0,0.0,5.0,1.0,11.0,0.0,0.989010989010989,1.2307692307692308,1.835164835164835,0.2,2.2,1.065217391304348,0.9111111111111111,1.3043478260869565,1.8043478260869565,1.1555555555555554,1.8666666666666667,0.14285714285714285,0.27472527472527475,-0.989010989010989,9.0,13.933333333333334,2.8666666666666667,14.533333333333333,2.3333333333333335,-4.933333333333334
pl-2025-2025-12-14-crystal-palace-v-man-city,2025-12-14,2025,Crystal Palace,Man City,0,3,0,0.14285714285714285,0.0,272.52161464476416,7,8,999,0,1.0,0,999,0,1.0,0,3,1,3.0,1.0,1.0,6.0,3.0,2.0,1.4065934065934067,1.4065934065934067,1.3296703296703296,1.2,0.6,1.4,1.4130434782608696,1.5555555555555556,1.3111111111111111,1.2608695652173914,1.3478260869565217,0.3076923076923077,0.2087912087912088,0.5934065934065933,11.533333333333333,11.0,4.2,10.2,1.6666666666666667,0.5333333333333332,4.0,0.0,1.0,15.0,8.0,2.4,2.120879120879121,2.230769230769231,1.032967032967033,3.0,1.6,2.391304347826087,1.8444444444444446,2.5217391304347827,0.9782608695652174,1.9333333333333333,1.0888888888888888,0.3516483516483517,0.12087912087912088,0.279120879120879,14.4,9.266666666666667,5.333333333333333,9.6,1.8,5.133333333333333
pl-2025-2025-12-14-sunderland-v-newcastle,2025-12-14,2025,Sunderland,Newcastle,1,0,2,1.0,0.0,15.948225710187426,8,8,999,0,1.0,0,999,0,1.0,0,3,3,1.0,2.0,2.0,6.0,9.0,1.0,1.5333333333333334,1.2,1.1333333333333333,1.2,1.8,2.142857142857143,1.0,2.0,1.0,0.5,1.25,0.26666666666666666,0.3333333333333333,-0.5333333333333334,9.6,15.266666666666667,3.0,9.8,2.1333333333333333,-5.666666666666668,3.0,1.0,1.0,11.0,8.0,2.0,1.6263736263736264,1.9120879120879122,1.4065934065934067,2.2,1.6,2.0434782608695654,1.2,2.239130434782609,1.1304347826086956,1.5777777777777777,1.6888888888888889,0.3076923076923077,0.16483516483516483,0.37362637362637363,12.6,10.733333333333333,4.466666666666667,10.866666666666667,1.1333333333333333,1.8666666666666671
pl-2025-2025-12-14-brentford-v-leeds,2025-12-14,2025,Brentford,Leeds,1,1,1,0.5,0.0,268.53935687432784,8,8,999,0,1.0,0,999,0,1.0,0,1,0,2.0,0.0,3.0,7.0,8.0,1.2,1.2527472527472527,1.5714285714285714,1.6043956043956045,1.4,1.6,1.5333333333333334,0.9782608695652174,1.8666666666666667,1.711111111111111,1.2826086956521738,1.5,0.18681318681318682,0.21978021978021978,-0.05274725274725278,10.066666666666666,12.2,3.933333333333333,10.666666666666666,2.0,-2.133333333333333,1.0,1.0,3.0,10.0,12.0,0.8,1.0,1.2666666666666666,1.9333333333333333,2.0,2.4,1.5,0.42857142857142855,1.625,1.375,0.8571428571428571,2.5714285714285716,0.13333333333333333,0.3333333333333333,-0.19999999999999996,12.266666666666667,11.866666666666667,3.8,10.866666666666667,1.7333333333333334,0.40000000000000036
pl-2025-2025-12-14-west-ham-v-aston-villa,2025-12-14,2025,West Ham,Aston Villa,2,3,0,0.16666666666666666,0.0,168.96256636743763,7,8,999,0,1.0,0,999,0,1.0,0,0,1,1.0,3.0,1.0,7.0,8.0,1.2,1.1868131868131868,1.3516483516483517,1.8131868131868132,1.4,1.6,1.2222222222222223,1.1521739130434783,1.3777777777777778,1.7555555555555555,1.326086956521739,1.8695652173913044,0.14285714285714285,0.23076923076923078,0.01318681318681314,10.133333333333333,15.8,3.6666666666666665,10.4,1.8666666666666667,-5.666666666666668,5.0,0.0,0.0,13.0,5.0,3.0,1.8021978021978022,1.7142857142857142,1.3956043956043955,2.6,1.0,2.152173913043478,1.4444444444444444,2.0652173913043477,1.173913043478261,1.3555555555555556,1.6222222222222222,0.24175824175824176,0.1978021978021978,1.1978021978021978,11.866666666666667,12.733333333333333,4.266666666666667,10.2,1.6,-0.8666666666666654
pl-2025-2025-12-14-nott-m-forest-v-tottenham,2025-12-14,2025,Nott'm Forest,Tottenham,3,0,2,0.6428571428571429,0.0,165.4626559900765,8,8,999,0,1.0,0,999,0,1.0,0,2,1,3.0,0.0,2.0,7.0,6.0,1.8,1.2747252747252746,1.3296703296703296,1.5164835164835164,1.4,1.2,1.3111111111111111,1.2391304347826086,1.3555555555555556,1.3111111111111111,1.3043478260869565,1.7173913043478262,0.2087912087912088,0.2857142857142857,0.5252747252747254,12.133333333333333,13.266666666666667,3.933333333333333,11.0,1.6666666666666667,-1.1333333333333346,1.0,2.0,2.0,8.0,10.0,1.0,1.3846153846153846,1.7912087912087913,1.5824175824175823,1.6,2.0,1.4782608695652173,1.288888888888889,1.8043478260869565,1.5434782608695652,1.7777777777777777,1.6222222222222222,0.1978021978021978,0.16483516483516483,-0.3846153846153846,9.733333333333333,11.666666666666666,3.4,11.533333333333333,2.533333333333333,-1.9333333333333336
pl-2025-2025-12-15-man-united-v-bournemouth,2025-12-15,2025,Man United,Bournemouth,4,4,1,0.3333333333333333,0.0,304.9121219179983,7,9,999,0,1.0,0,999,0,1.0,0,3,2,2.0,2.0,1.0,9.0,6.0,1.6,1.3956043956043955,1.3956043956043955,1.4725274725274726,1.8,1.2,1.5555555555555556,1.2391304347826086,1.4666666666666666,1.4222222222222223,1.326086956521739,1.5217391304347827,0.21978021978021978,0.2967032967032967,0.20439560439560456,16.066666666666666,10.866666666666667,5.466666666666667,10.266666666666667,1.4666666666666666,5.199999999999999,0.0,2.0,3.0,4.0,10.0,0.4,1.3626373626373627,1.4615384615384615,1.5054945054945055,0.8,2.0,1.5217391304347827,1.2,1.3043478260869565,1.065217391304348,1.6222222222222222,1.9555555555555555,0.25274725274725274,0.2087912087912088,-0.9626373626373627,13.133333333333333,11.4,4.866666666666666,13.0,2.6666666666666665,1.7333333333333325
pl-2025-2025-12-20-newcastle-v-chelsea,2025-12-20,2025,Newcastle,Chelsea,2,2,1,0.5833333333333334,0.0,399.7644024201057,6,7,999,0,1.0,0,999,0,1.0,0,3,3,3.0,1.0,1.0,10.0,6.0,2.0,1.608695652173913,1.891304347826087,1.4021739130434783,2.0,1.2,2.0434782608695654,1.173913043478261,2.239130434782609,1.1304347826086956,1.5434782608695652,1.673913043478261,0.30434782608695654,0.17391304347826086,0.3913043478260869,12.1875,10.375,4.3125,10.8125,1.3125,1.8125,2.0,2.0,1.0,6.0,4.0,1.6,1.7391304347826086,1.826086956521739,1.315217391304348,1.2,0.8,2.0,1.4782608695652173,1.9782608695652173,1.108695652173913,1.673913043478261,1.5217391304347827,0.29347826086956524,0.16304347826086957,-0.13913043478260856,14.125,10.125,5.125,11.625,2.3125,4.0
pl-2025-2025-12-20-bournemouth-v-burnley,2025-12-20,2025,Bournemouth,Burnley,1,1,1,0.75,0.0,340.63413977449386,5,7,999,0,1.0,0,999,0,1.0,0,2,0,0.0,3.0,2.0,8.0,10.0,0.6,1.358695652173913,1.4891304347826086,1.5326086956521738,1.6,2.0,1.5217391304347827,1.1956521739130435,1.3043478260869565,1.065217391304348,1.673913043478261,2.0,0.25,0.20652173913043478,-0.7586956521739131,13.1875,12.25,5.125,12.9375,2.6875,0.9375,0.0,0.0,5.0,4.0,11.0,0.0,0.6296296296296297,1.0925925925925926,2.0555555555555554,0.8,2.2,0.6296296296296297,0.6296296296296297,0.9629629629629629,1.962962962962963,1.2222222222222223,2.1481481481481484,0.07407407407407407,0.3148148148148148,-0.6296296296296297,8.75,15.4375,3.375,9.8125,1.5625,-6.6875
pl-2025-2025-12-20-brighton-v-sunderland,2025-12-20,2025,Brighton,Sunderland,0,0,1,0.75,0.0,459.07748978492214,7,6,999,0,1.0,0,999,0,1.0,0,1,3,2.0,1.0,2.0,8.0,8.0,1.4,1.434782608695652,1.5869565217391304,1.565217391304348,1.6,1.6,1.673913043478261,1.1956521739130435,1.6521739130434783,1.391304347826087,1.5217391304347827,1.7391304347826086,0.18478260869565216,0.1956521739130435,-0.034782608695652195,13.5,12.0,4.5625,12.0625,2.4375,1.5,2.0,1.0,2.0,5.0,7.0,1.4,1.625,1.1875,1.0625,1.0,1.4,2.25,1.0,1.875,0.875,0.5,1.25,0.3125,0.3125,-0.2250000000000001,9.3125,14.6875,2.875,9.8125,2.3125,-5.375
pl-2025-2025-12-20-man-city-v-west-ham,2025-12-20,2025,Man City,West Ham,3,0,2,0.9166666666666666,0.0,263.06145615917364,6,6,999,0,1.0,0,999,0,1.0,0,1,0,4.0,0.0,1.0,15.0,8.0,2.4,2.130434782608696,2.239130434782609,1.0217391304347827,3.0,1.6,2.391304347826087,1.8695652173913044,2.5217391304347827,0.9782608695652174,1.9565217391304348,1.065217391304348,0.358695652173913,0.11956521739130435,0.2695652173913041,13.9375,9.6875,5.375,9.375,1.6875,4.25,0.0,3.0,2.0,6.0,9.0,0.6,1.173913043478261,1.358695652173913,1.826086956521739,1.2,1.8,1.1956521739130435,1.1521739130434783,1.391304347826087,1.7826086956521738,1.326086956521739,1.8695652173913044,0.14130434782608695,0.22826086956521738,-0.573913043478261,10.125,15.25,3.625,10.875,1.8125,-5.125
pl-2025-2025-12-20-wolves-v-brentford,2025-12-20,2025,Wolves,Brentford,0,2,0,0.3333333333333333,0.0,175.26099274206268,7,6,999,0,1.0,0,999,0,1.0,0,0,1,0.0,0.0,5.0,2.0,10.0,0.0,0.9782608695652174,1.2282608695652173,1.8369565217391304,0.4,2.0,1.065217391304348,0.8913043478260869,1.3043478260869565,1.8043478260869565,1.1521739130434783,1.8695652173913044,0.14130434782608695,0.2717391304347826,-0.9782608695652174,8.625,14.0625,2.8125,14.5625,2.4375,-5.4375,1.0,1.0,3.0,5.0,8.0,0.8,1.25,1.565217391304348,1.5978260869565217,1.0,1.6,1.5217391304347827,0.9782608695652174,1.8478260869565217,1.6956521739130435,1.2826086956521738,1.5,0.18478260869565216,0.21739130434782608,-0.44999999999999996,9.875,12.5625,3.8125,10.5,1.875,-2.6875
pl-2025-2025-12-20-tottenham-v-liverpool,2025-12-20,2025,Tottenham,Liverpool,1,2,0,0.25,0.0,282.40195504575104,6,7,999,0,1.0,0,999,0,1.0,0,1,3,1.0,1.0,3.0,6.0,11.0,0.8,1.3695652173913044,1.7717391304347827,1.5978260869565217,1.2,2.2,1.4782608695652173,1.2608695652173914,1.8043478260869565,1.5434782608695652,1.7391304347826086,1.6521739130434783,0.1956521739130435,0.17391304347826086,-0.5695652173913044,9.5,11.875,3.25,11.625,2.5625,-2.375,2.0,2.0,1.0,8.0,7.0,1.6,2.0869565217391304,2.152173913043478,1.1521739130434783,1.6,1.4,2.391304347826087,1.7826086956521738,2.260869565217391,0.9130434782608695,2.0434782608695654,1.391304347826087,0.31521739130434784,0.06521739130434782,-0.4869565217391303,15.625,11.3125,4.375,10.5,1.875,4.3125
pl-2025-2025-12-20-everton-v-arsenal,2025-12-20,2025,Everton,Arsenal,0,1,0,0.16666666666666666,0.0,285.04585296565705,7,7,999,0,1.0,0,999,0,1.0,0,3,5,3.0,0.0,2.0,6.0,6.0,1.8,1.3043478260869565,1.0869565217391304,1.2391304347826086,1.2,1.2,1.434782608695652,1.173913043478261,1.2826086956521738,1.0869565217391304,0.8913043478260869,1.391304347826087,0.33695652173913043,0.34782608695652173,0.4956521739130435,10.625,13.1875,3.0,10.8125,2.1875,-2.5625,3.0,1.0,1.0,10.0,5.0,2.0,2.1630434782608696,2.0652173913043477,0.7934782608695652,2.0,1.0,2.347826086956522,1.9782608695652173,2.239130434782609,0.782608695652174,1.891304347826087,0.8043478260869565,0.42391304347826086,0.11956521739130435,-0.16304347826086962,14.5625,7.4375,5.125,10.0625,1.25,7.125
pl-2025-2025-12-20-leeds-v-crystal-palace,2025-12-20,2025,Leeds,Crystal Palace,4,1,2,0.6666666666666666,0.0,283.0279993005024,6,6,999,0,1.0,0,999,0,1.0,0,0,3,1.0,2.0,2.0,10.0,10.0,1.0,1.0,1.25,1.875,2.0,2.0,1.5,0.5,1.625,1.375,0.875,2.375,0.125,0.3125,0.0,12.625,11.5625,3.8125,10.75,1.625,1.0625,3.0,0.0,2.0,6.0,6.0,1.8,1.391304347826087,1.391304347826087,1.3478260869565217,1.2,1.2,1.3695652173913044,1.4130434782608696,1.5217391304347827,1.3478260869565217,1.2608695652173914,1.3478260869565217,0.30434782608695654,0.21739130434782608,0.4086956521739131,11.8125,10.75,4.1875,10.125,1.6875,1.0625
pl-2025-2025-12-21-aston-villa-v-man-united,2025-12-21,2025,Aston Villa,Man United,2,1,2,0.25,0.0,109.50563181754711,7,6,999,0,1.0,0,999,0,1.0,0,1,3,5.0,0.0,0.0,12.0,7.0,3.0,1.815217391304348,1.7282608695652173,1.4021739130434783,2.4,1.4,2.152173913043478,1.4782608695652173,2.0652173913043477,1.173913043478261,1.391304347826087,1.6304347826086956,0.2391304347826087,0.1956521739130435,1.184782608695652,11.5625,12.5625,4.25,10.375,1.625,-1.0,2.0,2.0,1.0,11.0,8.0,1.6,1.391304347826087,1.423913043478261,1.5,2.2,1.6,1.5434782608695652,1.2391304347826086,1.5217391304347827,1.4782608695652173,1.326086956521739,1.5217391304347827,0.21739130434782608,0.29347826086956524,0.20869565217391317,16.625,11.0625,5.6875,10.5625,1.5,5.5625
pl-2025-2025-12-22-fulham-v-nott-m-forest,2025-12-22,2025,Fulham,Nott'm Forest,1,0,2,0.75,0.0,174.44521668544397,9,8,999,0,1.0,0,999,0,1.0,0,0,2,3.0,0.0,2.0,11.0,10.0,1.8,1.315217391304348,1.434782608695652,1.5326086956521738,2.2,2.0,1.4782608695652173,1.1521739130434783,1.565217391304348,1.391304347826087,1.3043478260869565,1.673913043478261,0.1956521739130435,0.25,0.48478260869565215,11.375,11.25,3.8125,11.75,1.75,0.125,3.0,0.0,2.0,7.0,5.0,1.8,1.2934782608695652,1.3478260869565217,1.5,1.4,1.0,1.3478260869565217,1.2391304347826086,1.391304347826087,1.2826086956521738,1.3043478260869565,1.7173913043478262,0.21739130434782608,0.2826086956521739,0.5065217391304349,12.3125,12.8125,4.0625,10.875,1.625,-0.5
pl-2025-2025-12-26-man-united-v-newcastle,2025-12-26,2025,Man United,Newcastle,1,0,2,0.3333333333333333,0.0,173.79044689866612,5,6,999,0,1.0,0,999,0,1.0,0,3,3,2.0,2.0,1.0,12.0,9.0,1.6,1.3763440860215055,1.4193548387096775,1.5053763440860215,2.4,1.8,1.5434782608695652,1.2127659574468086,1.5217391304347827,1.4782608695652173,1.3191489361702127,1.5319148936170213,0.21505376344086022,0.2903225806451613,0.2236559139784946,16.529411764705884,11.117647058823529,5.705882352941177,10.764705882352942,1.5294117647058822,5.411764705882355,2.0,2.0,1.0,10.0,7.0,1.6,1.6021505376344085,1.89247311827957,1.4086021505376345,2.0,1.4,2.021276595744681,1.173913043478261,2.234042553191489,1.148936170212766,1.5434782608695652,1.673913043478261,0.3010752688172043,0.17204301075268819,-0.0021505376344084226,12.117647058823529,10.529411764705882,4.352941176470588,10.941176470588236,1.411764705882353,1.5882352941176467
pl-2025-2025-12-27-nott-m-forest-v-man-city,2025-12-27,2025,Nott'm Forest,Man City,1,2,0,0.25,0.0,93.0370438359667,5,7,999,0,1.0,0,999,0,1.0,0,2,1,2.0,0.0,3.0,4.0,6.0,1.2,1.2795698924731183,1.3333333333333333,1.4946236559139785,0.8,1.2,1.3478260869565217,1.2127659574468086,1.391304347826087,1.2826086956521738,1.2765957446808511,1.702127659574468,0.21505376344086022,0.2903225806451613,-0.0795698924731183,12.294117647058824,12.705882352941176,3.9411764705882355,10.764705882352942,1.7647058823529411,-0.4117647058823515,5.0,0.0,0.0,17.0,6.0,3.0,2.139784946236559,2.247311827956989,1.010752688172043,3.4,1.2,2.404255319148936,1.8695652173913044,2.5319148936170213,0.9574468085106383,1.9565217391304348,1.065217391304348,0.3655913978494624,0.11827956989247312,0.860215053763441,14.117647058823529,9.529411764705882,5.529411764705882,9.764705882352942,1.6470588235294117,4.588235294117647
pl-2025-2025-12-27-arsenal-v-brighton,2025-12-27,2025,Arsenal,Brighton,2,1,2,0.7142857142857143,0.0,77.40825110392977,7,7,999,0,1.0,0,999,0,1.0,0,5,1,3.0,1.0,1.0,7.0,4.0,2.0,2.172043010752688,2.053763440860215,0.7849462365591398,1.4,0.8,2.347826086956522,2.0,2.239130434782609,0.782608695652174,1.872340425531915,0.7872340425531915,0.43010752688172044,0.11827956989247312,-0.17204301075268802,14.470588235294118,7.294117647058823,4.9411764705882355,9.764705882352942,1.2941176470588236,7.176470588235294,1.0,2.0,2.0,6.0,7.0,1.0,1.4301075268817205,1.5698924731182795,1.5483870967741935,1.2,1.4,1.6595744680851063,1.1956521739130435,1.6170212765957446,1.3617021276595744,1.5217391304347827,1.7391304347826086,0.1935483870967742,0.20430107526881722,-0.4301075268817205,13.647058823529411,12.117647058823529,4.529411764705882,12.0,2.411764705882353,1.5294117647058822
pl-2025-2025-12-27-brentford-v-bournemouth,2025-12-27,2025,Brentford,Bournemouth,4,1,2,0.7857142857142857,0.0,136.7376286546296,7,7,999,0,1.0,0,999,0,1.0,0,1,2,2.0,1.0,2.0,6.0,6.0,1.4,1.2688172043010753,1.5698924731182795,1.5806451612903225,1.2,1.2,1.5217391304347827,1.0212765957446808,1.8478260869565217,1.6956521739130435,1.297872340425532,1.4680851063829787,0.1935483870967742,0.21505376344086022,0.13118279569892466,9.705882352941176,12.352941176470589,3.9411764705882355,10.764705882352942,2.0,-2.647058823529413,0.0,3.0,2.0,7.0,9.0,0.6,1.3548387096774193,1.4838709677419355,1.5268817204301075,1.4,1.8,1.5106382978723405,1.1956521739130435,1.297872340425532,1.0638297872340425,1.673913043478261,2.0,0.24731182795698925,0.20430107526881722,-0.7548387096774193,13.352941176470589,11.764705882352942,4.882352941176471,12.823529411764707,2.588235294117647,1.5882352941176467
pl-2025-2025-12-27-burnley-v-everton,2025-12-27,2025,Burnley,Everton,0,0,1,0.125,0.0,62.22188979256802,7,7,999,0,1.0,0,999,0,1.0,0,0,3,0.0,1.0,4.0,5.0,10.0,0.2,0.6363636363636364,1.0909090909090908,2.036363636363636,1.0,2.0,0.6296296296296297,0.6428571428571429,0.9629629629629629,1.962962962962963,1.2142857142857142,2.107142857142857,0.07272727272727272,0.3090909090909091,-0.43636363636363634,8.470588235294118,15.470588235294118,3.235294117647059,9.882352941176471,1.5294117647058822,-7.0,2.0,0.0,3.0,5.0,7.0,1.2,1.2903225806451613,1.075268817204301,1.2365591397849462,1.0,1.4,1.4042553191489362,1.173913043478261,1.2553191489361701,1.0851063829787233,0.8913043478260869,1.391304347826087,0.3333333333333333,0.3548387096774194,-0.0903225806451613,10.294117647058824,13.176470588235293,2.8823529411764706,10.411764705882353,2.176470588235294,-2.8823529411764692
pl-2025-2025-12-27-liverpool-v-wolves,2025-12-27,2025,Liverpool,Wolves,2,1,2,0.8333333333333334,0.0,108.96271895765787,7,7,999,0,1.0,0,999,0,1.0,0,3,0,3.0,2.0,0.0,10.0,5.0,2.2,2.096774193548387,2.150537634408602,1.1505376344086022,2.0,1.0,2.391304347826087,1.8085106382978724,2.260869565217391,0.9130434782608695,2.0425531914893615,1.3829787234042554,0.3118279569892473,0.06451612903225806,0.10322580645161317,15.176470588235293,11.529411764705882,4.352941176470588,10.294117647058824,1.9411764705882353,3.6470588235294112,0.0,0.0,5.0,2.0,10.0,0.0,0.967741935483871,1.2150537634408602,1.8387096774193548,0.4,2.0,1.0425531914893618,0.8913043478260869,1.2765957446808511,1.8085106382978724,1.1521739130434783,1.8695652173913044,0.13978494623655913,0.27956989247311825,-0.967741935483871,8.647058823529411,13.647058823529411,2.764705882352941,14.411764705882353,2.411764705882353,-5.0
pl-2025-2025-12-27-west-ham-v-fulham,2025-12-27,2025,West Ham,Fulham,0,1,0,0.4166666666666667,0.0,17.879972655030514,7,5,999,0,1.0,0,999,0,1.0,0,0,0,0.0,2.0,3.0,4.0,10.0,0.4,1.1612903225806452,1.3440860215053763,1.8387096774193548,0.8,2.0,1.1956521739130435,1.127659574468085,1.391304347826087,1.7826086956521738,1.297872340425532,1.8936170212765957,0.13978494623655913,0.23655913978494625,-0.7612903225806452,9.941176470588236,15.352941176470589,3.588235294117647,10.823529411764707,1.7647058823529411,-5.411764705882353,3.0,0.0,2.0,11.0,10.0,1.8,1.3333333333333333,1.4301075268817205,1.5161290322580645,2.2,2.0,1.5106382978723405,1.1521739130434783,1.553191489361702,1.3617021276595744,1.3043478260869565,1.673913043478261,0.20430107526881722,0.24731182795698925,0.4666666666666668,11.352941176470589,11.294117647058824,3.6470588235294117,11.352941176470589,1.9411764705882353,0.0588235294117645
pl-2025-2025-12-27-chelsea-v-aston-villa,2025-12-27,2025,Chelsea,Aston Villa,1,2,0,0.4166666666666667,0.0,162.75649517879688,7,6,999,0,1.0,0,999,0,1.0,0,3,1,1.0,3.0,1.0,6.0,6.0,1.2,1.7311827956989247,1.8279569892473118,1.3225806451612903,1.2,1.2,2.0,1.4680851063829787,1.9782608695652173,1.108695652173913,1.6808510638297873,1.5319148936170213,0.2903225806451613,0.16129032258064516,-0.5311827956989248,14.058823529411764,10.176470588235293,5.0588235294117645,11.764705882352942,2.5294117647058822,3.882352941176471,5.0,0.0,0.0,12.0,7.0,3.0,1.8279569892473118,1.7311827956989247,1.3978494623655915,2.4,1.4,2.1702127659574466,1.4782608695652173,2.0638297872340425,1.1702127659574468,1.391304347826087,1.6304347826086956,0.23655913978494625,0.1935483870967742,1.1720430107526882,11.588235294117647,12.705882352941176,4.235294117647059,10.411764705882353,1.588235294117647,-1.117647058823529
pl-2025-2025-12-28-sunderland-v-leeds,2025-12-28,2025,Sunderland,Leeds,1,1,1,0.75,0.0,126.87903046537792,8,8,999,0,1.0,0,999,0,1.0,0,3,0,2.0,2.0,1.0,5.0,6.0,1.6,1.588235294117647,1.1176470588235294,1.0,1.0,1.2,2.25,1.0,1.875,0.875,0.4444444444444444,1.1111111111111112,0.35294117647058826,0.35294117647058826,0.011764705882353121,9.588235294117647,14.764705882352942,3.0588235294117645,10.117647058823529,2.2941176470588234,-5.176470588235295,2.0,2.0,1.0,13.0,9.0,1.6,1.1176470588235294,1.411764705882353,1.8235294117647058,2.6,1.8,1.6666666666666667,0.5,1.8888888888888888,1.3333333333333333,0.875,2.375,0.11764705882352941,0.29411764705882354,0.48235294117647065,13.058823529411764,11.411764705882353,4.0588235294117645,10.411764705882353,1.588235294117647,1.6470588235294112
pl-2025-2025-12-28-crystal-palace-v-tottenham,2025-12-28,2025,Crystal Palace,Tottenham,0,1,0,0.5,0.0,22.94795034785152,8,8,999,0,1.0,0,999,0,1.0,0,3,1,2.0,0.0,3.0,5.0,10.0,1.2,1.3763440860215055,1.3870967741935485,1.3763440860215055,1.0,2.0,1.3695652173913044,1.3829787234042554,1.5217391304347827,1.3478260869565217,1.2553191489361701,1.4042553191489362,0.3010752688172043,0.21505376344086022,-0.17634408602150553,11.647058823529411,11.294117647058824,4.117647058823529,10.117647058823529,1.7647058823529411,0.352941176470587,1.0,1.0,3.0,6.0,9.0,0.8,1.3548387096774193,1.7634408602150538,1.6021505376344085,1.2,1.8,1.446808510638298,1.2608695652173914,1.7872340425531914,1.553191489361702,1.7391304347826086,1.6521739130434783,0.1935483870967742,0.17204301075268819,-0.5548387096774192,9.823529411764707,11.647058823529411,3.2941176470588234,11.470588235294118,2.823529411764706,-1.8235294117647047
pl-2025-2025-12-30-burnley-v-newcastle,2025-12-30,2025,Burnley,Newcastle,1,3,0,0.0,0.0,137.77683025817242,3,4,999,0,1.0,0,999,0,1.0,0,0,3,0.0,2.0,3.0,4.0,7.0,0.4,0.6428571428571429,1.0714285714285714,2.0,0.8,1.4,0.6428571428571429,0.6428571428571429,0.9285714285714286,1.8928571428571428,1.2142857142857142,2.107142857142857,0.08928571428571429,0.32142857142857145,-0.24285714285714288,8.88888888888889,15.444444444444445,3.0555555555555554,9.777777777777779,1.4444444444444444,-6.555555555555555,1.0,2.0,2.0,6.0,7.0,1.0,1.5851063829787233,1.872340425531915,1.4042553191489362,1.2,1.4,2.021276595744681,1.148936170212766,2.234042553191489,1.148936170212766,1.5106382978723405,1.6595744680851063,0.2978723404255319,0.18085106382978725,-0.5851063829787233,12.333333333333334,10.5,4.277777777777778,10.61111111111111,1.3888888888888888,1.833333333333334
pl-2025-2025-12-30-chelsea-v-bournemouth,2025-12-30,2025,Chelsea,Bournemouth,2,2,1,0.6666666666666666,0.0,141.84087867373012,3,3,999,0,1.0,0,999,0,1.0,0,3,2,1.0,2.0,2.0,6.0,7.0,1.0,1.7127659574468086,1.8191489361702127,1.3297872340425532,1.2,1.4,1.9574468085106382,1.4680851063829787,1.9574468085106382,1.127659574468085,1.6808510638297873,1.5319148936170213,0.2872340425531915,0.1595744680851064,-0.7127659574468086,14.055555555555555,10.222222222222221,4.944444444444445,12.0,2.6666666666666665,3.833333333333334,0.0,3.0,2.0,6.0,10.0,0.6,1.3404255319148937,1.4787234042553192,1.553191489361702,1.2,2.0,1.5106382978723405,1.1702127659574468,1.297872340425532,1.0638297872340425,1.6595744680851063,2.0425531914893615,0.24468085106382978,0.20212765957446807,-0.7404255319148937,13.722222222222221,11.944444444444445,5.166666666666667,12.555555555555555,2.5555555555555554,1.7777777777777768
pl-2025-2025-12-30-nott-m-forest-v-everton,2025-12-30,2025,Nott'm Forest,Everton,0,2,0,0.16666666666666666,0.0,133.88930766267092,3,3,999,0,1.0,0,999,0,1.0,0,2,3,2.0,0.0,3.0,5.0,6.0,1.2,1.2659574468085106,1.3297872340425532,1.5,1.0,1.2,1.3191489361702127,1.2127659574468086,1.3829787234042554,1.297872340425532,1.2765957446808511,1.702127659574468,0.2127659574468085,0.2872340425531915,-0.06595744680851068,12.0,12.88888888888889,3.8333333333333335,10.444444444444445,1.7222222222222223,-0.8888888888888893,2.0,1.0,2.0,4.0,3.0,1.4,1.2872340425531914,1.0638297872340425,1.2234042553191489,0.8,0.6,1.4042553191489362,1.1702127659574468,1.2553191489361701,1.0851063829787233,0.8723404255319149,1.3617021276595744,0.3404255319148936,0.3617021276595745,0.1127659574468085,10.555555555555555,13.333333333333334,3.0555555555555554,10.277777777777779,2.1666666666666665,-2.7777777777777786
pl-2025-2025-12-30-west-ham-v-brighton,2025-12-30,2025,West Ham,Brighton,2,2,1,0.5,0.0,75.7050417120277,3,3,999,0,1.0,0,999,0,1.0,0,0,1,0.0,2.0,3.0,4.0,9.0,0.4,1.148936170212766,1.3297872340425532,1.8297872340425532,0.8,1.8,1.1702127659574468,1.127659574468085,1.3617021276595744,1.7659574468085106,1.297872340425532,1.8936170212765957,0.13829787234042554,0.24468085106382978,-0.748936170212766,10.0,15.333333333333334,3.5,10.666666666666666,1.7222222222222223,-5.333333333333334,0.0,2.0,3.0,5.0,9.0,0.4,1.4148936170212767,1.5638297872340425,1.553191489361702,1.0,1.8,1.6595744680851063,1.1702127659574468,1.6170212765957446,1.3617021276595744,1.5106382978723405,1.7446808510638299,0.19148936170212766,0.20212765957446807,-1.0148936170212766,13.333333333333334,12.777777777777779,4.444444444444445,12.055555555555555,2.4444444444444446,0.5555555555555554
pl-2025-2025-12-30-arsenal-v-aston-villa,2025-12-30,2025,Arsenal,Aston Villa,4,1,2,0.5,0.0,161.28672843676878,3,3,999,0,1.0,0,999,0,1.0,0,5,1,4.0,0.0,1.0,8.0,4.0,2.4,2.1808510638297873,2.0531914893617023,0.7872340425531915,1.6,0.8,2.3617021276595747,2.0,2.234042553191489,0.7872340425531915,1.872340425531915,0.7872340425531915,0.425531914893617,0.11702127659574468,0.21914893617021258,15.0,7.333333333333333,5.0,9.61111111111111,1.3333333333333333,7.666666666666667,5.0,0.0,0.0,13.0,8.0,3.0,1.8404255319148937,1.7340425531914894,1.3936170212765957,2.6,1.6,2.1702127659574466,1.5106382978723405,2.0638297872340425,1.1702127659574468,1.4042553191489362,1.6170212765957446,0.23404255319148937,0.19148936170212766,1.1595744680851063,11.555555555555555,12.777777777777779,4.444444444444445,10.277777777777779,1.6666666666666667,-1.2222222222222232
pl-2025-2025-12-30-man-united-v-wolves,2025-12-30,2025,Man United,Wolves,1,1,1,0.5833333333333334,0.0,97.66842531883373,4,3,999,0,1.0,0,999,0,1.0,0,3,0,2.0,2.0,1.0,11.0,8.0,1.6,1.3936170212765957,1.4148936170212767,1.4893617021276595,2.2,1.6,1.574468085106383,1.2127659574468086,1.5106382978723405,1.446808510638298,1.3191489361702127,1.5319148936170213,0.22340425531914893,0.2872340425531915,0.2063829787234044,16.166666666666668,11.38888888888889,5.611111111111111,10.666666666666666,1.5555555555555556,4.777777777777779,0.0,0.0,5.0,3.0,11.0,0.0,0.9574468085106383,1.2127659574468086,1.8404255319148937,0.6,2.2,1.0425531914893618,0.8723404255319149,1.2765957446808511,1.8085106382978724,1.148936170212766,1.872340425531915,0.13829787234042554,0.2765957446808511,-0.9574468085106383,8.666666666666666,13.666666666666666,2.8333333333333335,14.333333333333334,2.3333333333333335,-5.0
pl-2025-2026-01-01-crystal-palace-v-fulham,2026-01-01,2025,Crystal Palace,Fulham,1,1,1,0.6428571428571429,0.0,12.683686680127758,4,5,999,0,1.0,0,999,0,1.0,0,3,0,2.0,0.0,3.0,4.0,9.0,1.2,1.3617021276595744,1.372340425531915,1.372340425531915,0.8,1.8,1.3404255319148937,1.3829787234042554,1.4893617021276595,1.3404255319148937,1.2553191489361701,1.4042553191489362,0.2978723404255319,0.22340425531914893,-0.16170212765957448,11.833333333333334,11.11111111111111,4.0,9.944444444444445,1.8333333333333333,0.7222222222222232,3.0,0.0,2.0,10.0,9.0,1.8,1.351063829787234,1.425531914893617,1.5,2.0,1.8,1.5106382978723405,1.1914893617021276,1.553191489361702,1.3617021276595744,1.297872340425532,1.6382978723404256,0.2127659574468085,0.24468085106382978,0.4489361702127661,11.555555555555555,11.277777777777779,3.6666666666666665,11.166666666666666,2.0,0.2777777777777768
pl-2025-2026-01-01-liverpool-v-leeds,2026-01-01,2025,Liverpool,Leeds,0,0,1,0.5,0.0,99.73697982950247,5,4,999,0,1.0,0,999,0,1.0,0,3,0,3.0,2.0,0.0,10.0,6.0,2.2,2.106382978723404,2.148936170212766,1.148936170212766,2.0,1.2,2.404255319148936,1.8085106382978724,2.25531914893617,0.9148936170212766,2.0425531914893615,1.3829787234042554,0.30851063829787234,0.06382978723404255,0.0936170212765961,15.11111111111111,11.38888888888889,4.333333333333333,10.0,1.8333333333333333,3.7222222222222214,2.0,3.0,0.0,12.0,7.0,1.8,1.1111111111111112,1.3888888888888888,1.7777777777777777,2.4,1.4,1.6666666666666667,0.5555555555555556,1.8888888888888888,1.3333333333333333,0.8888888888888888,2.2222222222222223,0.1111111111111111,0.2777777777777778,0.6888888888888889,13.277777777777779,11.222222222222221,4.166666666666667,10.333333333333334,1.5,2.055555555555557
pl-2025-2026-01-01-brentford-v-tottenham,2026-01-01,2025,Brentford,Tottenham,0,0,1,0.2857142857142857,0.0,20.10633019120403,5,4,999,0,1.0,0,999,0,1.0,0,1,1,2.0,1.0,2.0,7.0,6.0,1.4,1.2872340425531914,1.5957446808510638,1.574468085106383,1.4,1.2,1.553191489361702,1.0212765957446808,1.8936170212765957,1.6808510638297873,1.297872340425532,1.4680851063829787,0.19148936170212766,0.2127659574468085,0.1127659574468085,10.0,12.777777777777779,4.111111111111111,10.666666666666666,2.0,-2.7777777777777786,2.0,1.0,2.0,6.0,7.0,1.4,1.372340425531915,1.7553191489361701,1.5851063829787233,1.2,1.4,1.446808510638298,1.297872340425532,1.7872340425531914,1.553191489361702,1.7234042553191489,1.6170212765957446,0.20212765957446807,0.1702127659574468,0.02765957446808498,9.722222222222221,11.833333333333334,3.3333333333333335,11.11111111111111,2.7777777777777777,-2.1111111111111125
pl-2025-2026-01-01-sunderland-v-man-city,2026-01-01,2025,Sunderland,Man City,0,0,1,0.16666666666666666,0.0,167.65403321407322,4,5,999,0,1.0,0,999,0,1.0,0,3,1,1.0,3.0,1.0,3.0,5.0,1.2,1.5555555555555556,1.1111111111111112,1.0,0.6,1.0,2.111111111111111,1.0,1.7777777777777777,0.8888888888888888,0.4444444444444444,1.1111111111111112,0.3333333333333333,0.3333333333333333,-0.3555555555555556,9.5,14.88888888888889,3.0555555555555554,9.944444444444445,2.2222222222222223,-5.388888888888889,5.0,0.0,0.0,16.0,5.0,3.0,2.148936170212766,2.24468085106383,1.0106382978723405,3.2,1.0,2.404255319148936,1.8936170212765957,2.5319148936170213,0.9574468085106383,1.9574468085106382,1.0638297872340425,0.3617021276595745,0.11702127659574468,0.8510638297872339,14.222222222222221,9.38888888888889,5.5,9.944444444444445,1.6666666666666667,4.833333333333332
pl-2025-2026-01-03-aston-villa-v-nott-m-forest,2026-01-03,2025,Aston Villa,Nott'm Forest,3,1,2,0.5,0.0,69.52881835662885,4,4,999,0,1.0,0,999,0,1.0,0,1,2,4.0,0.0,1.0,10.0,9.0,2.4,1.8210526315789475,1.7263157894736842,1.4210526315789473,2.0,1.8,2.1702127659574466,1.4791666666666667,2.0638297872340425,1.1702127659574468,1.3958333333333333,1.6666666666666667,0.23157894736842105,0.18947368421052632,0.5789473684210524,11.526315789473685,13.263157894736842,4.368421052631579,10.210526315789474,1.736842105263158,-1.7368421052631575,1.0,0.0,4.0,4.0,8.0,0.6,1.2526315789473683,1.3157894736842106,1.5052631578947369,0.8,1.6,1.2916666666666667,1.2127659574468086,1.3541666666666667,1.3125,1.2765957446808511,1.702127659574468,0.21052631578947367,0.29473684210526313,-0.6526315789473683,12.473684210526315,12.789473684210526,3.9473684210526314,10.473684210526315,1.6842105263157894,-0.3157894736842106
pl-2025-2026-01-03-brighton-v-burnley,2026-01-03,2025,Brighton,Burnley,2,0,2,0.75,0.0,356.73795278377855,4,4,999,0,1.0,0,999,0,1.0,0,1,0,0.0,3.0,2.0,4.0,7.0,0.6,1.4105263157894736,1.568421052631579,1.5578947368421052,0.8,1.4,1.6595744680851063,1.1666666666666667,1.6170212765957446,1.3617021276595744,1.5208333333333333,1.75,0.18947368421052632,0.2,-0.8105263157894737,13.473684210526315,12.631578947368421,4.526315789473684,12.368421052631579,2.5789473684210527,0.8421052631578938,0.0,2.0,3.0,5.0,9.0,0.4,0.631578947368421,1.0701754385964912,2.017543859649123,1.0,1.8,0.6206896551724138,0.6428571428571429,0.9310344827586207,1.9310344827586208,1.2142857142857142,2.107142857142857,0.08771929824561403,0.3157894736842105,-0.231578947368421,9.210526315789474,15.68421052631579,3.1052631578947367,9.736842105263158,1.4736842105263157,-6.473684210526315
pl-2025-2026-01-03-wolves-v-west-ham,2026-01-03,2025,Wolves,West Ham,3,0,2,0.3333333333333333,0.0,187.5456724769656,4,4,999,0,1.0,0,999,0,1.0,0,0,0,0.0,1.0,4.0,4.0,11.0,0.2,0.9578947368421052,1.2105263157894737,1.831578947368421,0.8,2.2,1.0425531914893618,0.875,1.2765957446808511,1.8085106382978724,1.1458333333333333,1.8541666666666667,0.1368421052631579,0.2736842105263158,-0.7578947368421052,8.789473684210526,13.736842105263158,2.8947368421052633,14.210526315789474,2.3157894736842106,-4.947368421052632,0.0,2.0,3.0,5.0,10.0,0.4,1.1473684210526316,1.3368421052631578,1.831578947368421,1.0,2.0,1.1666666666666667,1.127659574468085,1.375,1.7708333333333333,1.297872340425532,1.8936170212765957,0.1368421052631579,0.24210526315789474,-0.7473684210526316,10.0,15.368421052631579,3.526315789473684,10.68421052631579,1.7894736842105263,-5.368421052631579
pl-2025-2026-01-03-bournemouth-v-arsenal,2026-01-03,2025,Bournemouth,Arsenal,2,3,0,0.5,0.0,151.49081108484273,4,4,999,0,1.0,0,999,0,1.0,0,2,5,0.0,4.0,1.0,8.0,11.0,0.8,1.3368421052631578,1.4842105263157894,1.5578947368421052,1.6,2.2,1.5106382978723405,1.1666666666666667,1.297872340425532,1.0638297872340425,1.6666666666666667,2.0416666666666665,0.24210526315789474,0.2,-0.5368421052631578,13.894736842105264,12.210526315789474,5.2105263157894735,12.526315789473685,2.473684210526316,1.6842105263157894,4.0,0.0,1.0,10.0,5.0,2.4,2.1894736842105265,2.0736842105263156,0.7894736842105263,2.0,1.0,2.375,2.0,2.2708333333333335,0.7916666666666666,1.872340425531915,0.7872340425531915,0.42105263157894735,0.11578947368421053,0.21052631578947345,15.368421052631579,7.526315789473684,5.105263157894737,10.052631578947368,1.368421052631579,7.842105263157895
pl-2025-2026-01-04-leeds-v-man-united,2026-01-04,2025,Leeds,Man United,1,1,1,0.75,0.0,58.953189098089645,3,5,999,0,1.0,0,999,0,1.0,0,0,3,1.0,4.0,0.0,9.0,6.0,1.4,1.105263157894737,1.3157894736842106,1.6842105263157894,1.8,1.2,1.6666666666666667,0.6,1.8888888888888888,1.3333333333333333,0.8,2.0,0.15789473684210525,0.3157894736842105,0.29473684210526296,12.789473684210526,11.631578947368421,4.052631578947368,10.210526315789474,1.5263157894736843,1.1578947368421044,2.0,2.0,1.0,11.0,8.0,1.6,1.3894736842105264,1.4105263157894736,1.4842105263157894,2.2,1.6,1.5625,1.2127659574468086,1.5,1.4375,1.3191489361702127,1.5319148936170213,0.22105263157894736,0.28421052631578947,0.21052631578947367,16.105263157894736,11.368421052631579,5.631578947368421,10.578947368421053,1.4736842105263157,4.7368421052631575
pl-2025-2026-01-04-everton-v-brentford,2026-01-04,2025,Everton,Brentford,2,4,0,0.5833333333333334,0.0,282.2885709497786,5,3,999,0,1.0,0,999,0,1.0,0,3,1,2.0,1.0,2.0,5.0,3.0,1.4,1.305263157894737,1.0736842105263158,1.2105263157894737,1.0,0.6,1.4042553191489362,1.2083333333333333,1.2553191489361701,1.0851063829787233,0.8958333333333334,1.3333333333333333,0.3473684210526316,0.35789473684210527,0.09473684210526301,10.578947368421053,13.736842105263158,3.0526315789473686,10.210526315789474,2.0526315789473686,-3.1578947368421044,2.0,2.0,1.0,7.0,4.0,1.6,1.2842105263157895,1.5789473684210527,1.5578947368421052,1.4,0.8,1.5416666666666667,1.0212765957446808,1.8541666666666667,1.6458333333333333,1.297872340425532,1.4680851063829787,0.2,0.22105263157894736,0.3157894736842106,9.842105263157896,12.578947368421053,4.0,10.526315789473685,1.9473684210526316,-2.7368421052631575
pl-2025-2026-01-04-newcastle-v-crystal-palace,2026-01-04,2025,Newcastle,Crystal Palace,2,0,2,0.5833333333333334,0.0,410.5409888486364,5,3,999,0,1.0,0,999,0,1.0,0,3,3,2.0,1.0,2.0,7.0,6.0,1.4,1.6,1.8842105263157896,1.4,1.4,1.2,2.021276595744681,1.1875,2.234042553191489,1.148936170212766,1.5416666666666667,1.6458333333333333,0.29473684210526313,0.17894736842105263,-0.20000000000000018,12.736842105263158,10.736842105263158,4.526315789473684,10.210526315789474,1.368421052631579,2.0,1.0,1.0,3.0,4.0,10.0,0.8,1.3578947368421053,1.368421052631579,1.368421052631579,0.8,2.0,1.3333333333333333,1.3829787234042554,1.4791666666666667,1.3333333333333333,1.2553191489361701,1.4042553191489362,0.29473684210526313,0.22105263157894736,-0.5578947368421052,11.789473684210526,11.421052631578947,3.8947368421052633,9.789473684210526,1.736842105263158,0.36842105263157876
pl-2025-2026-01-04-tottenham-v-sunderland,2026-01-04,2025,Tottenham,Sunderland,1,1,1,0.25,0.0,378.39563060113977,3,3,999,0,1.0,0,999,0,1.0,0,1,3,2.0,1.0,2.0,4.0,5.0,1.4,1.368421052631579,1.736842105263158,1.568421052631579,0.8,1.0,1.446808510638298,1.2916666666666667,1.7872340425531914,1.553191489361702,1.6875,1.5833333333333333,0.21052631578947367,0.17894736842105263,0.03157894736842093,9.68421052631579,11.578947368421053,3.3157894736842106,11.052631578947368,2.736842105263158,-1.8947368421052637,1.0,3.0,1.0,2.0,4.0,1.2,1.5263157894736843,1.0526315789473684,0.9473684210526315,0.4,0.8,2.0,1.0,1.6,0.8,0.4444444444444444,1.1111111111111112,0.3684210526315789,0.3684210526315789,-0.32631578947368434,9.526315789473685,14.842105263157896,3.1052631578947367,9.894736842105264,2.1578947368421053,-5.315789473684211
pl-2025-2026-01-04-fulham-v-liverpool,2026-01-04,2025,Fulham,Liverpool,2,2,1,0.35714285714285715,0.0,286.14773399258996,3,3,999,0,1.0,0,999,0,1.0,0,0,3,3.0,1.0,1.0,7.0,5.0,2.0,1.3473684210526315,1.4210526315789473,1.4947368421052631,1.4,1.0,1.5106382978723405,1.1875,1.553191489361702,1.3617021276595744,1.2916666666666667,1.625,0.21052631578947367,0.24210526315789474,0.6526315789473685,11.842105263157896,11.263157894736842,3.736842105263158,11.105263157894736,2.1578947368421053,0.5789473684210531,3.0,2.0,0.0,9.0,5.0,2.2,2.094736842105263,2.126315789473684,1.1368421052631579,1.8,1.0,2.375,1.8085106382978724,2.2083333333333335,0.8958333333333334,2.0425531914893615,1.3829787234042554,0.3157894736842105,0.07368421052631578,0.10526315789473717,15.31578947368421,11.0,4.315789473684211,10.0,1.736842105263158,4.315789473684211
pl-2025-2026-01-04-man-city-v-chelsea,2026-01-04,2025,Man City,Chelsea,1,1,1,0.75,0.0,260.77289712751275,3,5,999,0,1.0,0,999,0,1.0,0,1,3,4.0,1.0,0.0,11.0,1.0,2.6,2.136842105263158,2.221052631578947,1.0,2.2,0.2,2.404255319148936,1.875,2.5319148936170213,0.9574468085106383,1.9166666666666667,1.0416666666666667,0.3684210526315789,0.12631578947368421,0.4631578947368422,14.210526315789474,9.421052631578947,5.421052631578948,9.736842105263158,1.631578947368421,4.789473684210527,1.0,3.0,1.0,7.0,6.0,1.2,1.7052631578947368,1.8210526315789475,1.3368421052631578,1.4,1.2,1.9375,1.4680851063829787,1.9583333333333333,1.1458333333333333,1.6808510638297873,1.5319148936170213,0.28421052631578947,0.15789473684210525,-0.5052631578947369,14.210526315789474,10.578947368421053,4.842105263157895,11.631578947368421,2.5789473684210527,3.6315789473684212
pl-2025-2026-01-06-west-ham-v-nott-m-forest,2026-01-06,2025,West Ham,Nott'm Forest,1,2,0,0.3333333333333333,0.0,174.4432978486183,3,3,999,0,1.0,0,999,0,1.0,0,0,2,0.0,1.0,4.0,4.0,12.0,0.2,1.1354166666666667,1.3229166666666667,1.84375,0.8,2.4,1.1666666666666667,1.1041666666666667,1.375,1.7708333333333333,1.2708333333333333,1.9166666666666667,0.13541666666666666,0.25,-0.9354166666666668,9.8,15.15,3.35,10.65,1.7,-5.35,1.0,0.0,4.0,5.0,8.0,0.6,1.2395833333333333,1.3125,1.5208333333333333,1.0,1.6,1.2916666666666667,1.1875,1.3541666666666667,1.3125,1.2708333333333333,1.7291666666666667,0.20833333333333334,0.2916666666666667,-0.6395833333333333,12.35,12.7,4.0,10.95,1.7,-0.34999999999999964
pl-2025-2026-01-07-bournemouth-v-tottenham,2026-01-07,2025,Bournemouth,Tottenham,3,2,2,0.5833333333333334,0.0,156.83846275039934,4,3,999,0,1.0,0,999,0,1.0,0,2,1,0.0,3.0,2.0,10.0,14.0,0.6,1.3229166666666667,1.4895833333333333,1.5729166666666667,2.0,2.8,1.4791666666666667,1.1666666666666667,1.3125,1.1041666666666667,1.6666666666666667,2.0416666666666665,0.23958333333333334,0.19791666666666666,-0.7229166666666668,13.95,12.2,5.1,12.55,2.5,1.75,1.0,2.0,2.0,3.0,6.0,1.0,1.3645833333333333,1.7291666666666667,1.5625,0.6,1.2,1.4375,1.2916666666666667,1.7708333333333333,1.5416666666666667,1.6875,1.5833333333333333,0.20833333333333334,0.17708333333333334,-0.36458333333333326,9.85,11.5,3.4,11.0,2.7,-1.6500000000000004
pl-2025-2026-01-07-brentford-v-sunderland,2026-01-07,2025,Brentford,Sunderland,3,0,2,0.5,0.0,387.5314928132514,3,3,999,0,1.0,0,999,0,1.0,0,1,3,3.0,2.0,0.0,11.0,4.0,2.2,1.3020833333333333,1.6041666666666667,1.5625,2.2,0.8,1.5416666666666667,1.0625,1.8541666666666667,1.6458333333333333,1.3541666666666667,1.4791666666666667,0.19791666666666666,0.21875,0.8979166666666669,9.9,12.65,4.15,10.4,1.95,-2.75,1.0,4.0,0.0,3.0,2.0,1.4,1.5,1.05,0.95,0.6,0.4,2.0,1.0,1.6,0.8,0.5,1.1,0.35,0.35,-0.10000000000000009,9.55,14.75,3.1,9.7,2.2,-5.199999999999999
pl-2025-2026-01-07-crystal-palace-v-aston-villa,2026-01-07,2025,Crystal Palace,Aston Villa,0,0,1,0.6666666666666666,0.0,174.51945913250827,3,4,999,0,1.0,0,999,0,1.0,0,3,1,0.0,1.0,4.0,2.0,11.0,0.2,1.34375,1.3541666666666667,1.375,0.4,2.2,1.3333333333333333,1.3541666666666667,1.4791666666666667,1.3333333333333333,1.2291666666666667,1.4166666666666667,0.2916666666666667,0.22916666666666666,-1.14375,11.75,11.45,3.75,9.9,1.8,0.3000000000000007,4.0,0.0,1.0,11.0,9.0,2.4,1.8333333333333333,1.7395833333333333,1.4166666666666667,2.2,1.8,2.1875,1.4791666666666667,2.0833333333333335,1.1666666666666667,1.3958333333333333,1.6666666666666667,0.22916666666666666,0.1875,0.5666666666666667,11.5,13.1,4.35,10.2,1.7,-1.5999999999999996
pl-2025-2026-01-07-everton-v-wolves,2026-01-07,2025,Everton,Wolves,1,1,1,0.5,0.0,109.72444126016762,3,4,999,0,1.0,0,999,0,1.0,0,3,0,1.0,1.0,3.0,4.0,7.0,0.8,1.2916666666666667,1.0833333333333333,1.2395833333333333,0.8,1.4,1.375,1.2083333333333333,1.2708333333333333,1.1458333333333333,0.8958333333333334,1.3333333333333333,0.34375,0.3541666666666667,-0.4916666666666667,10.75,13.6,3.2,10.15,1.95,-2.8499999999999996,1.0,1.0,3.0,6.0,7.0,0.8,0.9791666666666666,1.2291666666666667,1.8125,1.2,1.4,1.0833333333333333,0.875,1.3125,1.7708333333333333,1.1458333333333333,1.8541666666666667,0.14583333333333334,0.2708333333333333,-0.17916666666666659,8.9,13.35,3.15,14.05,2.25,-4.449999999999999
pl-2025-2026-01-07-fulham-v-chelsea,2026-01-07,2025,Fulham,Chelsea,2,1,2,0.2857142857142857,0.0,2.218613585674892,3,3,999,0,1.0,0,999,0,1.0,0,0,3,3.0,2.0,0.0,8.0,5.0,2.2,1.34375,1.4270833333333333,1.5,1.6,1.0,1.5,1.1875,1.5625,1.375,1.2916666666666667,1.625,0.20833333333333334,0.23958333333333334,0.8562500000000002,11.65,11.2,3.65,11.1,2.1,0.45000000000000107,1.0,3.0,1.0,8.0,7.0,1.2,1.6979166666666667,1.8125,1.3333333333333333,1.6,1.4,1.9375,1.4583333333333333,1.9583333333333333,1.1458333333333333,1.6666666666666667,1.5208333333333333,0.28125,0.15625,-0.4979166666666668,13.9,10.75,4.75,11.75,2.6,3.1500000000000004
pl-2025-2026-01-07-man-city-v-brighton,2026-01-07,2025,Man City,Brighton,1,1,1,0.5,0.0,325.3035443592153,3,4,999,0,1.0,0,999,0,1.0,0,1,1,3.0,2.0,0.0,9.0,2.0,2.2,2.125,2.2083333333333335,1.0,1.8,0.4,2.375,1.875,2.5,0.9583333333333334,1.9166666666666667,1.0416666666666667,0.3645833333333333,0.125,0.07500000000000018,14.2,9.35,5.3,9.85,1.7,4.85,1.0,2.0,2.0,5.0,6.0,1.0,1.4270833333333333,1.5729166666666667,1.5416666666666667,1.0,1.2,1.6875,1.1666666666666667,1.625,1.3333333333333333,1.5208333333333333,1.75,0.19791666666666666,0.19791666666666666,-0.42708333333333326,13.55,12.25,4.5,12.1,2.45,1.3000000000000007
pl-2025-2026-01-07-burnley-v-man-united,2026-01-07,2025,Burnley,Man United,2,2,1,0.25,0.0,36.472054464069615,4,3,999,0,1.0,0,999,0,1.0,0,0,3,0.0,2.0,3.0,4.0,9.0,0.4,0.6206896551724138,1.0517241379310345,2.0172413793103448,0.8,1.8,0.6206896551724138,0.6206896551724138,0.9310344827586207,1.9310344827586208,1.1724137931034482,2.103448275862069,0.08620689655172414,0.3275862068965517,-0.2206896551724138,9.0,15.65,3.1,10.1,1.6,-6.65,1.0,3.0,1.0,8.0,8.0,1.2,1.3854166666666667,1.40625,1.4791666666666667,1.6,1.6,1.5625,1.2083333333333333,1.5,1.4375,1.3125,1.5208333333333333,0.21875,0.28125,-0.18541666666666679,16.05,11.35,5.45,10.5,1.45,4.700000000000001
pl-2025-2026-01-07-newcastle-v-leeds,2026-01-07,2025,Newcastle,Leeds,4,3,2,0.5,0.0,133.12811362821193,3,3,999,0,1.0,0,999,0,1.0,0,3,0,2.0,1.0,2.0,7.0,5.0,1.4,1.6145833333333333,1.8854166666666667,1.3854166666666667,1.4,1.0,2.0416666666666665,1.1875,2.2291666666666665,1.125,1.5416666666666667,1.6458333333333333,0.3020833333333333,0.17708333333333334,-0.21458333333333335,12.7,10.75,4.65,9.95,1.35,1.9499999999999993,1.0,4.0,0.0,7.0,4.0,1.4,1.1,1.3,1.65,1.4,0.8,1.6,0.6,1.8,1.3,0.8,2.0,0.15,0.3,0.2999999999999998,12.7,11.8,4.0,10.15,1.45,0.8999999999999986
pl-2025-2026-01-08-arsenal-v-liverpool,2026-01-08,2025,Arsenal,Liverpool,0,0,1,0.5,0.0,284.40571513290473,5,4,999,0,1.0,0,999,0,1.0,0,5,3,5.0,0.0,0.0,12.0,5.0,3.0,2.1979166666666665,2.0833333333333335,0.8020833333333334,2.4,1.0,2.375,2.0208333333333335,2.2708333333333335,0.7916666666666666,1.8958333333333333,0.8125,0.4166666666666667,0.11458333333333333,0.8020833333333335,15.2,7.9,5.1,9.95,1.35,7.299999999999999,3.0,2.0,0.0,8.0,4.0,2.2,2.0833333333333335,2.125,1.1458333333333333,1.6,0.8,2.375,1.7916666666666667,2.2083333333333335,0.8958333333333334,2.0416666666666665,1.3958333333333333,0.3125,0.07291666666666667,0.1166666666666667,15.05,10.85,4.2,9.7,1.7,4.200000000000001
pl-2025-2026-01-17-man-united-v-man-city,2026-01-17,2025,Man United,Man City,2,0,2,0.35714285714285715,0.0,6.42016311743397,10,10,999,0,1.0,0,999,0,1.0,0,3,1,1.0,3.0,1.0,6.0,6.0,1.2,1.3814432989690721,1.4123711340206186,1.4845360824742269,1.2,1.2,1.5625,1.2040816326530612,1.5,1.4375,1.3265306122448979,1.530612244897959,0.21649484536082475,0.27835051546391754,-0.1814432989690722,16.714285714285715,11.142857142857142,5.666666666666667,10.380952380952381,1.380952380952381,5.571428571428573,2.0,3.0,0.0,7.0,3.0,1.8,2.11340206185567,2.195876288659794,1.0,1.4,0.6,2.3469387755102042,1.875,2.4693877551020407,0.9591836734693877,1.9166666666666667,1.0416666666666667,0.36082474226804123,0.12371134020618557,-0.3134020618556701,14.571428571428571,9.19047619047619,5.333333333333333,9.666666666666666,1.6666666666666667,5.380952380952381
pl-2025-2026-01-17-chelsea-v-brentford,2026-01-17,2025,Chelsea,Brentford,2,0,2,0.5,0.0,7.133128631501841,10,10,999,0,1.0,0,999,0,1.0,0,3,1,0.0,3.0,2.0,7.0,9.0,0.6,1.6804123711340206,1.8041237113402062,1.3402061855670102,1.4,1.8,1.9375,1.4285714285714286,1.9583333333333333,1.1458333333333333,1.653061224489796,1.530612244897959,0.27835051546391754,0.15463917525773196,-1.0804123711340208,13.904761904761905,11.0,4.809523809523809,11.476190476190476,2.7142857142857144,2.904761904761905,4.0,1.0,0.0,13.0,3.0,2.6,1.3195876288659794,1.6185567010309279,1.5463917525773196,2.6,0.6,1.5714285714285714,1.0625,1.8775510204081634,1.6122448979591837,1.3541666666666667,1.4791666666666667,0.20618556701030927,0.21649484536082475,1.2804123711340207,10.285714285714286,12.571428571428571,4.238095238095238,10.523809523809524,1.9523809523809523,-2.2857142857142847
pl-2025-2026-01-17-leeds-v-fulham,2026-01-17,2025,Leeds,Fulham,1,0,2,0.5,0.0,271.81974796838716,10,10,999,0,1.0,0,999,0,1.0,0,0,0,1.0,3.0,1.0,9.0,7.0,1.2,1.0476190476190477,1.380952380952381,1.7619047619047619,1.8,1.4,1.6,0.5454545454545454,1.8,1.3,1.0,2.1818181818181817,0.14285714285714285,0.2857142857142857,0.15238095238095228,12.761904761904763,12.095238095238095,4.095238095238095,10.142857142857142,1.4761904761904763,0.6666666666666679,3.0,2.0,0.0,7.0,4.0,2.2,1.3608247422680413,1.4329896907216495,1.4948453608247423,1.4,0.8,1.530612244897959,1.1875,1.5714285714285714,1.3673469387755102,1.2916666666666667,1.625,0.20618556701030927,0.23711340206185566,0.8391752577319589,11.857142857142858,11.333333333333334,3.7142857142857144,11.095238095238095,2.142857142857143,0.5238095238095237
pl-2025-2026-01-17-liverpool-v-burnley,2026-01-17,2025,Liverpool,Burnley,1,1,1,0.875,0.0,62.7856626873246,9,10,999,0,1.0,0,999,0,1.0,0,3,0,2.0,3.0,0.0,6.0,4.0,1.8,2.0721649484536084,2.1030927835051547,1.134020618556701,1.2,0.8,2.375,1.7755102040816326,2.2083333333333335,0.8958333333333334,2.0,1.3673469387755102,0.31958762886597936,0.08247422680412371,-0.2721649484536084,14.714285714285714,10.761904761904763,4.0,9.666666666666666,1.7142857142857142,3.9523809523809508,0.0,3.0,2.0,4.0,8.0,0.6,0.6271186440677966,1.0677966101694916,2.016949152542373,0.8,1.6,0.6333333333333333,0.6206896551724138,0.9666666666666667,1.9333333333333333,1.1724137931034482,2.103448275862069,0.0847457627118644,0.3220338983050847,-0.027118644067796627,8.904761904761905,16.333333333333332,3.0,10.047619047619047,1.619047619047619,-7.428571428571427
pl-2025-2026-01-17-sunderland-v-crystal-palace,2026-01-17,2025,Sunderland,Crystal Palace,2,1,2,0.75,0.0,400.4648421876113,10,10,999,0,1.0,0,999,0,1.0,0,3,3,0.0,4.0,1.0,2.0,5.0,0.8,1.4285714285714286,1.0,1.0476190476190477,0.4,1.0,2.0,0.9090909090909091,1.6,0.8,0.45454545454545453,1.2727272727272727,0.3333333333333333,0.38095238095238093,-0.6285714285714286,9.619047619047619,14.904761904761905,3.0952380952380953,9.857142857142858,2.142857142857143,-5.2857142857142865,0.0,2.0,3.0,2.0,8.0,0.4,1.3402061855670102,1.3402061855670102,1.3608247422680413,0.4,1.6,1.3265306122448979,1.3541666666666667,1.4489795918367347,1.3061224489795917,1.2291666666666667,1.4166666666666667,0.29896907216494845,0.23711340206185566,-0.9402061855670102,11.714285714285714,11.619047619047619,3.8095238095238093,9.80952380952381,1.8095238095238095,0.0952380952380949
pl-2025-2026-01-17-tottenham-v-west-ham,2026-01-17,2025,Tottenham,West Ham,1,2,0,0.5,0.0,9.184552287614396,10,11,999,0,1.0,0,999,0,1.0,0,1,0,1.0,2.0,2.0,5.0,6.0,1.0,1.3505154639175259,1.731958762886598,1.577319587628866,1.0,1.2,1.4375,1.2653061224489797,1.7708333333333333,1.5416666666666667,1.6938775510204083,1.6122448979591837,0.20618556701030927,0.17525773195876287,-0.35051546391752586,10.142857142857142,11.476190476190476,3.4285714285714284,10.952380952380953,2.7142857142857144,-1.333333333333334,0.0,1.0,4.0,3.0,11.0,0.2,1.1237113402061856,1.3195876288659794,1.8453608247422681,0.6,2.2,1.1428571428571428,1.1041666666666667,1.3673469387755102,1.7755102040816326,1.2708333333333333,1.9166666666666667,0.13402061855670103,0.24742268041237114,-0.9237113402061856,10.0,15.047619047619047,3.3333333333333335,10.857142857142858,1.7619047619047619,-5.0476190476190474
pl-2025-2026-01-17-nott-m-forest-v-arsenal,2026-01-17,2025,Nott'm Forest,Arsenal,0,0,1,0.16666666666666666,0.0,169.03828783728213,11,9,999,0,1.0,0,999,0,1.0,0,2,5,1.0,0.0,4.0,4.0,9.0,0.6,1.2577319587628866,1.3195876288659794,1.5154639175257731,0.8,1.8,1.2916666666666667,1.2244897959183674,1.3541666666666667,1.3125,1.2857142857142858,1.7142857142857142,0.20618556701030927,0.28865979381443296,-0.6577319587628866,12.380952380952381,12.761904761904763,4.0476190476190474,10.857142857142858,1.619047619047619,-0.3809523809523814,4.0,1.0,0.0,10.0,4.0,2.6,2.185567010309278,2.0618556701030926,0.7938144329896907,2.0,0.8,2.3469387755102042,2.0208333333333335,2.2244897959183674,0.7755102040816326,1.8958333333333333,0.8125,0.422680412371134,0.12371134020618557,0.41443298969072195,14.904761904761905,7.904761904761905,5.0476190476190474,9.952380952380953,1.380952380952381,7.0
pl-2025-2026-01-18-wolves-v-newcastle,2026-01-18,2025,Wolves,Newcastle,0,0,1,0.16666666666666666,0.0,267.35588733290405,11,11,999,0,1.0,0,999,0,1.0,0,0,3,1.0,2.0,2.0,6.0,6.0,1.0,0.979381443298969,1.2268041237113403,1.8041237113402062,1.2,1.2,1.0833333333333333,0.8775510204081632,1.3125,1.7708333333333333,1.1428571428571428,1.836734693877551,0.14432989690721648,0.26804123711340205,0.020618556701030966,9.095238095238095,13.333333333333334,3.1904761904761907,14.095238095238095,2.2857142857142856,-4.238095238095239,3.0,1.0,1.0,11.0,7.0,2.0,1.6288659793814433,1.907216494845361,1.402061855670103,2.2,1.4,2.061224489795918,1.1875,2.2653061224489797,1.163265306122449,1.5416666666666667,1.6458333333333333,0.29896907216494845,0.17525773195876287,0.3711340206185567,12.952380952380953,10.904761904761905,4.809523809523809,10.0,1.4285714285714286,2.0476190476190474
pl-2025-2026-01-18-aston-villa-v-everton,2026-01-18,2025,Aston Villa,Everton,0,1,0,0.6666666666666666,0.0,126.22335550924237,11,11,999,0,1.0,0,999,0,1.0,0,1,3,3.0,1.0,1.0,8.0,7.0,2.0,1.824742268041237,1.7216494845360826,1.402061855670103,1.6,1.4,2.1875,1.469387755102041,2.0833333333333335,1.1666666666666667,1.3673469387755102,1.6326530612244898,0.23711340206185566,0.1958762886597938,0.17525773195876293,11.666666666666666,13.0,4.285714285714286,9.857142857142858,1.619047619047619,-1.333333333333334,1.0,2.0,2.0,5.0,6.0,1.0,1.288659793814433,1.0824742268041236,1.2371134020618557,1.0,1.2,1.3673469387755102,1.2083333333333333,1.2653061224489797,1.1428571428571428,0.8958333333333334,1.3333333333333333,0.3402061855670103,0.35051546391752575,-0.2886597938144331,10.857142857142858,13.571428571428571,3.142857142857143,10.285714285714286,2.0952380952380953,-2.7142857142857135
pl-2025-2026-01-19-brighton-v-bournemouth,2026-01-19,2025,Brighton,Bournemouth,1,1,1,0.5833333333333334,0.0,124.1341237161608,12,12,999,0,1.0,0,999,0,1.0,0,1,2,1.0,3.0,1.0,6.0,5.0,1.2,1.422680412371134,1.5670103092783505,1.5360824742268042,1.2,1.0,1.6875,1.163265306122449,1.625,1.3333333333333333,1.510204081632653,1.7346938775510203,0.1958762886597938,0.1958762886597938,-0.22268041237113412,13.19047619047619,12.714285714285714,4.428571428571429,12.285714285714286,2.619047619047619,0.4761904761904763,1.0,2.0,2.0,9.0,12.0,1.0,1.3402061855670102,1.5051546391752577,1.577319587628866,1.8,2.4,1.510204081632653,1.1666666666666667,1.346938775510204,1.1224489795918366,1.6666666666666667,2.0416666666666665,0.23711340206185566,0.1958762886597938,-0.3402061855670102,13.80952380952381,12.380952380952381,5.0,12.857142857142858,2.5238095238095237,1.4285714285714288
pl-2025-2026-01-24-west-ham-v-sunderland,2026-01-24,2025,West Ham,Sunderland,3,1,2,0.5,0.0,386.7243193851733,7,7,999,0,1.0,0,999,0,1.0,0,0,3,1.0,1.0,3.0,5.0,9.0,0.8,1.1428571428571428,1.3265306122448979,1.836734693877551,1.0,1.8,1.1428571428571428,1.1428571428571428,1.3673469387755102,1.7755102040816326,1.2857142857142858,1.8979591836734695,0.1326530612244898,0.24489795918367346,-0.34285714285714275,10.318181818181818,15.318181818181818,3.3636363636363638,11.136363636363637,1.8181818181818181,-5.0,1.0,3.0,1.0,4.0,6.0,1.2,1.5,1.0454545454545454,1.0454545454545454,0.8,1.2,2.090909090909091,0.9090909090909091,1.6363636363636365,0.8181818181818182,0.45454545454545453,1.2727272727272727,0.3181818181818182,0.36363636363636365,-0.30000000000000004,9.772727272727273,14.5,3.272727272727273,9.772727272727273,2.1818181818181817,-4.727272727272727
pl-2025-2026-01-24-burnley-v-tottenham,2026-01-24,2025,Burnley,Tottenham,2,2,1,0.125,0.0,283.3343564608226,7,7,999,0,1.0,0,999,0,1.0,0,0,1,0.0,3.0,2.0,4.0,8.0,0.6,0.6333333333333333,1.0666666666666667,2.0,0.8,1.6,0.6333333333333333,0.6333333333333333,0.9666666666666667,1.9333333333333333,1.1666666666666667,2.066666666666667,0.08333333333333333,0.31666666666666665,-0.033333333333333326,8.818181818181818,17.045454545454547,2.909090909090909,10.045454545454545,1.6363636363636365,-8.227272727272728,1.0,2.0,2.0,5.0,6.0,1.0,1.336734693877551,1.7244897959183674,1.5816326530612246,1.0,1.2,1.4081632653061225,1.2653061224489797,1.7551020408163265,1.5510204081632653,1.6938775510204083,1.6122448979591837,0.20408163265306123,0.17346938775510204,-0.33673469387755106,10.636363636363637,11.727272727272727,3.5454545454545454,11.0,2.8181818181818183,-1.09090909090909
pl-2025-2026-01-24-fulham-v-brighton,2026-01-24,2025,Fulham,Brighton,2,1,2,0.6666666666666666,0.0,68.94832156381648,7,5,999,0,1.0,0,999,0,1.0,0,0,1,2.0,2.0,1.0,6.0,5.0,1.6,1.346938775510204,1.4183673469387754,1.489795918367347,1.2,1.0,1.530612244897959,1.163265306122449,1.5714285714285714,1.3673469387755102,1.2653061224489797,1.6122448979591837,0.20408163265306123,0.24489795918367346,0.25306122448979607,11.681818181818182,11.454545454545455,3.590909090909091,11.090909090909092,2.272727272727273,0.22727272727272663,1.0,3.0,1.0,7.0,6.0,1.2,1.4183673469387754,1.5612244897959184,1.530612244897959,1.4,1.2,1.6734693877551021,1.163265306122449,1.6122448979591837,1.3265306122448979,1.510204081632653,1.7346938775510203,0.19387755102040816,0.19387755102040816,-0.21836734693877546,13.363636363636363,12.636363636363637,4.454545454545454,12.045454545454545,2.590909090909091,0.7272727272727266
pl-2025-2026-01-24-man-city-v-wolves,2026-01-24,2025,Man City,Wolves,2,0,2,0.8333333333333334,0.0,99.40729814153049,7,6,999,0,1.0,0,999,0,1.0,0,1,0,1.0,3.0,1.0,4.0,5.0,1.2,2.0918367346938775,2.173469387755102,1.010204081632653,0.8,1.0,2.3469387755102042,1.836734693877551,2.4693877551020407,0.9591836734693877,1.8775510204081634,1.0612244897959184,0.35714285714285715,0.1326530612244898,-0.8918367346938776,14.227272727272727,9.272727272727273,5.136363636363637,9.590909090909092,1.7272727272727273,4.954545454545453,1.0,3.0,1.0,6.0,4.0,1.2,0.9795918367346939,1.2142857142857142,1.7857142857142858,1.2,0.8,1.0816326530612246,0.8775510204081632,1.2857142857142858,1.7346938775510203,1.1428571428571428,1.836734693877551,0.15306122448979592,0.2755102040816326,0.2204081632653061,8.954545454545455,13.272727272727273,3.1363636363636362,14.090909090909092,2.272727272727273,-4.318181818181818
pl-2025-2026-01-24-bournemouth-v-liverpool,2026-01-24,2025,Bournemouth,Liverpool,3,2,2,0.14285714285714285,0.0,309.521114049522,5,7,999,0,1.0,0,999,0,1.0,0,2,3,1.0,2.0,2.0,9.0,12.0,1.0,1.336734693877551,1.5,1.5714285714285714,1.8,2.4,1.510204081632653,1.163265306122449,1.346938775510204,1.1224489795918366,1.653061224489796,2.020408163265306,0.23469387755102042,0.19387755102040816,-0.33673469387755106,13.681818181818182,12.590909090909092,4.863636363636363,12.545454545454545,2.5454545454545454,1.09090909090909,1.0,4.0,0.0,5.0,4.0,1.4,2.061224489795918,2.0918367346938775,1.1326530612244898,1.0,0.8,2.3469387755102042,1.7755102040816326,2.183673469387755,0.8979591836734694,2.0,1.3673469387755102,0.3163265306122449,0.08163265306122448,-0.6612244897959183,15.5,10.590909090909092,4.318181818181818,9.590909090909092,1.6818181818181819,4.909090909090908
pl-2025-2026-01-25-brentford-v-nott-m-forest,2026-01-25,2025,Brentford,Nott'm Forest,0,2,0,0.4166666666666667,0.0,171.07109319906445,8,8,999,0,1.0,0,999,0,1.0,0,1,2,3.0,1.0,1.0,11.0,5.0,2.0,1.3061224489795917,1.6020408163265305,1.5510204081632653,2.2,1.0,1.5714285714285714,1.0408163265306123,1.8775510204081634,1.6122448979591837,1.3265306122448979,1.489795918367347,0.20408163265306123,0.22448979591836735,0.6938775510204083,10.5,12.272727272727273,4.2727272727272725,10.5,1.9545454545454546,-1.7727272727272734,1.0,1.0,3.0,4.0,8.0,0.8,1.2551020408163265,1.3061224489795917,1.5,0.8,1.6,1.2857142857142858,1.2244897959183674,1.3265306122448979,1.2857142857142858,1.2857142857142858,1.7142857142857142,0.21428571428571427,0.29591836734693877,-0.45510204081632644,12.090909090909092,12.863636363636363,3.8636363636363638,10.727272727272727,1.5909090909090908,-0.7727272727272716
pl-2025-2026-01-25-crystal-palace-v-chelsea,2026-01-25,2025,Crystal Palace,Chelsea,1,3,0,0.25,0.0,11.84093067606262,8,8,999,0,1.0,0,999,0,1.0,0,3,3,0.0,2.0,3.0,2.0,6.0,0.4,1.3265306122448979,1.336734693877551,1.3673469387755102,0.4,1.2,1.3265306122448979,1.3265306122448979,1.4489795918367347,1.3061224489795917,1.2244897959183674,1.4285714285714286,0.29591836734693877,0.23469387755102042,-0.9265306122448979,11.454545454545455,11.681818181818182,3.727272727272727,10.045454545454545,1.8636363636363635,-0.22727272727272663,1.0,2.0,2.0,7.0,7.0,1.0,1.6938775510204083,1.8061224489795917,1.3265306122448979,1.4,1.4,1.9591836734693877,1.4285714285714286,1.9591836734693877,1.1224489795918366,1.653061224489796,1.530612244897959,0.2857142857142857,0.15306122448979592,-0.6938775510204083,13.545454545454545,11.181818181818182,4.681818181818182,11.272727272727273,2.727272727272727,2.3636363636363633
pl-2025-2026-01-25-newcastle-v-aston-villa,2026-01-25,2025,Newcastle,Aston Villa,0,2,0,0.5833333333333334,0.0,274.7846475513572,7,7,999,0,1.0,0,999,0,1.0,0,3,1,3.0,1.0,1.0,9.0,5.0,2.0,1.6224489795918366,1.8877551020408163,1.3877551020408163,1.8,1.0,2.061224489795918,1.183673469387755,2.2653061224489797,1.163265306122449,1.510204081632653,1.6122448979591837,0.30612244897959184,0.1836734693877551,0.37755102040816335,12.909090909090908,10.681818181818182,4.681818181818182,9.909090909090908,1.4545454545454546,2.2272727272727266,2.0,1.0,2.0,6.0,7.0,1.4,1.8061224489795917,1.7040816326530612,1.3979591836734695,1.2,1.4,2.142857142857143,1.469387755102041,2.0408163265306123,1.163265306122449,1.3673469387755102,1.6326530612244898,0.23469387755102042,0.20408163265306123,-0.4061224489795918,11.954545454545455,12.818181818181818,4.318181818181818,10.090909090909092,1.5909090909090908,-0.8636363636363633
pl-2025-2026-01-25-arsenal-v-man-united,2026-01-25,2025,Arsenal,Man United,2,3,0,0.75,0.0,258.3980584719573,8,8,999,0,1.0,0,999,0,1.0,0,5,3,3.0,2.0,0.0,9.0,4.0,2.2,2.173469387755102,2.0408163265306123,0.7857142857142857,1.8,0.8,2.3469387755102042,2.0,2.2244897959183674,0.7755102040816326,1.8571428571428572,0.7959183673469388,0.42857142857142855,0.1326530612244898,0.026530612244898055,14.909090909090908,7.818181818181818,4.954545454545454,10.136363636363637,1.3636363636363635,7.09090909090909,2.0,3.0,0.0,7.0,4.0,1.8,1.3979591836734695,1.4183673469387754,1.469387755102041,1.4,0.8,1.5918367346938775,1.2040816326530612,1.510204081632653,1.4081632653061225,1.3265306122448979,1.530612244897959,0.22448979591836735,0.2755102040816326,0.40204081632653055,16.454545454545453,10.954545454545455,5.7272727272727275,10.5,1.4090909090909092,5.499999999999998
pl-2025-2026-01-26-everton-v-leeds,2026-01-26,2025,Everton,Leeds,1,1,1,0.25,0.0,99.38820475361769,8,9,999,0,1.0,0,999,0,1.0,0,3,0,2.0,2.0,1.0,6.0,5.0,1.6,1.3061224489795917,1.0816326530612246,1.2244897959183674,1.2,1.0,1.3673469387755102,1.2448979591836735,1.2653061224489797,1.1428571428571428,0.8979591836734694,1.3061224489795917,0.3469387755102041,0.3469387755102041,0.29387755102040836,10.772727272727273,13.772727272727273,3.1363636363636362,10.409090909090908,2.090909090909091,-3.0,1.0,3.0,1.0,6.0,6.0,1.2,1.1363636363636365,1.3636363636363635,1.6818181818181819,1.2,1.2,1.7272727272727273,0.5454545454545454,1.7272727272727273,1.1818181818181819,1.0,2.1818181818181817,0.18181818181818182,0.2727272727272727,0.06363636363636349,12.818181818181818,11.909090909090908,4.136363636363637,9.954545454545455,1.4545454545454546,0.9090909090909101
pl-2025-2026-01-31-brighton-v-everton,2026-01-31,2025,Brighton,Everton,1,1,1,0.4166666666666667,0.0,347.5953438923898,7,5,999,0,1.0,0,999,0,1.0,0,1,3,1.0,3.0,1.0,7.0,6.0,1.2,1.404040404040404,1.5555555555555556,1.5353535353535352,1.4,1.2,1.6734693877551021,1.14,1.6122448979591837,1.3265306122448979,1.5,1.74,0.1919191919191919,0.1919191919191919,-0.20404040404040402,13.347826086956522,12.608695652173912,4.478260869565218,11.782608695652174,2.5217391304347827,0.7391304347826093,2.0,2.0,1.0,7.0,6.0,1.6,1.303030303030303,1.0808080808080809,1.2222222222222223,1.4,1.2,1.36,1.2448979591836735,1.26,1.14,0.8979591836734694,1.3061224489795917,0.3434343434343434,0.3434343434343434,0.2969696969696971,10.73913043478261,13.782608695652174,3.130434782608696,10.347826086956522,2.0,-3.0434782608695645
pl-2025-2026-01-31-leeds-v-arsenal,2026-01-31,2025,Leeds,Arsenal,0,4,0,0.0,0.0,265.99994948486125,5,6,999,0,1.0,0,999,0,1.0,0,0,5,1.0,3.0,1.0,6.0,6.0,1.2,1.1304347826086956,1.3478260869565217,1.6521739130434783,1.2,1.2,1.7272727272727273,0.5833333333333334,1.7272727272727273,1.1818181818181819,1.0,2.0833333333333335,0.17391304347826086,0.2608695652173913,0.06956521739130439,12.869565217391305,11.826086956521738,4.130434782608695,10.08695652173913,1.5217391304347827,1.0434782608695663,2.0,2.0,1.0,9.0,6.0,1.6,2.1515151515151514,2.04040404040404,0.8080808080808081,1.8,1.2,2.3,2.0,2.22,0.82,1.8571428571428572,0.7959183673469388,0.42424242424242425,0.13131313131313133,-0.5515151515151513,14.91304347826087,7.913043478260869,4.913043478260869,10.173913043478262,1.391304347826087,7.0
pl-2025-2026-01-31-wolves-v-bournemouth,2026-01-31,2025,Wolves,Bournemouth,0,2,0,0.3333333333333333,0.0,207.24702296907705,7,7,999,0,1.0,0,999,0,1.0,0,0,2,1.0,3.0,1.0,5.0,4.0,1.2,0.9696969696969697,1.202020202020202,1.7878787878787878,1.0,0.8,1.0816326530612246,0.86,1.2857142857142858,1.7346938775510203,1.12,1.84,0.15151515151515152,0.2828282828282828,0.23030303030303023,9.043478260869565,13.173913043478262,3.0434782608695654,14.08695652173913,2.3043478260869565,-4.130434782608697,2.0,2.0,1.0,11.0,10.0,1.6,1.3535353535353536,1.5151515151515151,1.5757575757575757,2.2,2.0,1.54,1.163265306122449,1.38,1.14,1.653061224489796,2.020408163265306,0.23232323232323232,0.1919191919191919,0.2464646464646465,13.608695652173912,12.652173913043478,4.869565217391305,12.304347826086957,2.4782608695652173,0.9565217391304337
pl-2025-2026-01-31-chelsea-v-west-ham,2026-01-31,2025,Chelsea,West Ham,3,2,2,0.8333333333333334,0.0,15.66482235248609,6,7,999,0,1.0,0,999,0,1.0,0,3,0,2.0,2.0,1.0,9.0,6.0,1.6,1.707070707070707,1.8181818181818181,1.3232323232323233,1.8,1.2,1.9591836734693877,1.46,1.9591836734693877,1.1224489795918366,1.68,1.52,0.2828282828282828,0.15151515151515152,-0.10707070707070687,13.391304347826088,11.26086956521739,4.739130434782608,11.217391304347826,2.6956521739130435,2.130434782608697,2.0,1.0,2.0,8.0,9.0,1.4,1.1616161616161615,1.3434343434343434,1.8282828282828283,1.6,1.8,1.18,1.1428571428571428,1.4,1.76,1.2857142857142858,1.8979591836734695,0.13131313131313133,0.24242424242424243,0.23838383838383836,10.434782608695652,14.956521739130435,3.4347826086956523,11.043478260869565,1.826086956521739,-4.521739130434783
pl-2025-2026-01-31-liverpool-v-newcastle,2026-01-31,2025,Liverpool,Newcastle,4,1,2,0.8571428571428571,0.0,192.88502417995036,7,6,999,0,1.0,0,999,0,1.0,0,3,3,0.0,4.0,1.0,5.0,6.0,0.8,2.04040404040404,2.090909090909091,1.1515151515151516,1.0,1.2,2.3469387755102042,1.74,2.183673469387755,0.8979591836734694,2.0,1.4,0.31313131313131315,0.08080808080808081,-1.2404040404040402,15.434782608695652,10.652173913043478,4.304347826086956,9.478260869565217,1.6521739130434783,4.782608695652174,3.0,1.0,1.0,9.0,6.0,2.0,1.606060606060606,1.8686868686868687,1.393939393939394,1.8,1.2,2.02,1.183673469387755,2.22,1.18,1.510204081632653,1.6122448979591837,0.30303030303030304,0.1919191919191919,0.39393939393939403,13.0,10.826086956521738,4.6521739130434785,9.782608695652174,1.434782608695652,2.1739130434782616
pl-2025-2026-02-01-aston-villa-v-brentford,2026-02-01,2025,Aston Villa,Brentford,0,1,0,0.5833333333333334,0.0,157.1274012431735,7,7,999,0,1.0,0,999,0,1.0,0,1,1,2.0,1.0,2.0,6.0,6.0,1.4,1.8181818181818181,1.707070707070707,1.3838383838383839,1.2,1.2,2.142857142857143,1.5,2.0408163265306123,1.163265306122449,1.38,1.6,0.24242424242424243,0.20202020202020202,-0.4181818181818182,12.043478260869565,12.91304347826087,4.478260869565218,10.173913043478262,1.608695652173913,-0.8695652173913047,2.0,1.0,2.0,7.0,6.0,1.4,1.292929292929293,1.5858585858585859,1.5555555555555556,1.4,1.2,1.54,1.0408163265306123,1.84,1.62,1.3265306122448979,1.489795918367347,0.20202020202020202,0.23232323232323232,0.10707070707070687,10.478260869565217,12.043478260869565,4.130434782608695,10.521739130434783,1.9130434782608696,-1.5652173913043477
pl-2025-2026-02-01-man-united-v-fulham,2026-02-01,2025,Man United,Fulham,3,2,2,0.7142857142857143,0.0,261.7512375105811,7,8,999,0,1.0,0,999,0,1.0,0,3,0,2.0,3.0,0.0,9.0,6.0,1.8,1.4141414141414141,1.4343434343434343,1.4747474747474747,1.8,1.2,1.5918367346938775,1.24,1.510204081632653,1.4081632653061225,1.36,1.54,0.2222222222222222,0.2727272727272727,0.3858585858585859,16.17391304347826,11.130434782608695,5.608695652173913,10.434782608695652,1.3478260869565217,5.043478260869566,2.0,2.0,1.0,7.0,6.0,1.6,1.3636363636363635,1.4242424242424243,1.4848484848484849,1.4,1.2,1.56,1.163265306122449,1.58,1.36,1.2653061224489797,1.6122448979591837,0.20202020202020202,0.24242424242424243,0.23636363636363655,11.695652173913043,11.521739130434783,3.608695652173913,11.043478260869565,2.217391304347826,0.17391304347825987
pl-2025-2026-02-01-nott-m-forest-v-crystal-palace,2026-02-01,2025,Nott'm Forest,Crystal Palace,1,1,1,0.5833333333333334,0.0,185.8364575508245,7,7,999,0,1.0,0,999,0,1.0,0,2,3,2.0,1.0,2.0,5.0,6.0,1.4,1.2727272727272727,1.3131313131313131,1.4848484848484849,1.0,1.2,1.2857142857142858,1.26,1.3265306122448979,1.2857142857142858,1.3,1.68,0.2222222222222222,0.29292929292929293,0.1272727272727272,11.869565217391305,12.73913043478261,3.782608695652174,10.695652173913043,1.5217391304347827,-0.8695652173913047,0.0,2.0,3.0,3.0,8.0,0.4,1.3131313131313131,1.3333333333333333,1.3838383838383839,0.6,1.6,1.3,1.3265306122448979,1.44,1.34,1.2244897959183674,1.4285714285714286,0.29292929292929293,0.23232323232323232,-0.9131313131313131,11.521739130434783,11.608695652173912,3.869565217391304,10.08695652173913,1.9565217391304348,-0.08695652173912904
pl-2025-2026-02-01-tottenham-v-man-city,2026-02-01,2025,Tottenham,Man City,2,2,1,0.5,0.0,253.90234817097527,8,8,999,0,1.0,0,999,0,1.0,0,1,1,0.0,3.0,2.0,6.0,8.0,0.6,1.3333333333333333,1.7272727272727273,1.5858585858585859,1.2,1.6,1.4081632653061225,1.26,1.7551020408163265,1.5510204081632653,1.7,1.62,0.20202020202020202,0.1717171717171717,-0.7333333333333333,10.956521739130435,11.608695652173912,3.869565217391304,10.91304347826087,2.6956521739130435,-0.6521739130434767,1.0,3.0,1.0,4.0,4.0,1.2,2.101010101010101,2.1717171717171717,1.0,0.8,0.8,2.36,1.836734693877551,2.46,0.94,1.8775510204081634,1.0612244897959184,0.36363636363636365,0.13131313131313133,-0.9010101010101013,14.08695652173913,9.347826086956522,5.086956521739131,9.869565217391305,1.6956521739130435,4.739130434782609
pl-2025-2026-02-02-sunderland-v-burnley,2026-02-02,2025,Sunderland,Burnley,3,0,2,0.5,0.0,136.47482782287014,9,9,999,0,1.0,0,999,0,1.0,0,3,0,1.0,2.0,2.0,4.0,8.0,1.0,1.434782608695652,1.0434782608695652,1.1304347826086956,0.8,1.6,2.090909090909091,0.8333333333333334,1.6363636363636365,0.8181818181818182,0.5,1.4166666666666667,0.30434782608695654,0.34782608695652173,-0.4347826086956521,9.652173913043478,14.434782608695652,3.217391304347826,10.043478260869565,2.260869565217391,-4.782608695652174,0.0,3.0,2.0,6.0,10.0,0.6,0.639344262295082,1.0819672131147542,2.0,1.2,2.0,0.6451612903225806,0.6333333333333333,1.0,1.935483870967742,1.1666666666666667,2.066666666666667,0.08196721311475409,0.3114754098360656,-0.03934426229508203,8.826086956521738,17.08695652173913,2.9565217391304346,9.956521739130435,1.608695652173913,-8.26086956521739
pl-2025-2026-02-06-leeds-v-nott-m-forest,2026-02-06,2025,Leeds,Nott'm Forest,3,1,2,0.6666666666666666,0.0,97.54984642495643,6,5,999,0,1.0,0,999,0,1.0,0,0,2,1.0,2.0,2.0,6.0,10.0,1.0,1.0833333333333333,1.2916666666666667,1.75,1.2,2.0,1.5833333333333333,0.5833333333333334,1.5833333333333333,1.4166666666666667,1.0,2.0833333333333335,0.16666666666666666,0.2916666666666667,-0.08333333333333326,12.458333333333334,11.916666666666666,4.0,10.083333333333334,1.5,0.5416666666666679,2.0,2.0,1.0,6.0,5.0,1.6,1.27,1.31,1.48,1.2,1.0,1.28,1.26,1.32,1.28,1.3,1.68,0.22,0.29,0.33000000000000007,11.75,12.791666666666666,3.6666666666666665,10.416666666666666,1.5,-1.041666666666666
pl-2025-2026-02-07-fulham-v-everton,2026-02-07,2025,Fulham,Everton,1,2,0,0.3333333333333333,0.0,286.81320916405326,6,7,999,0,1.0,0,999,0,1.0,0,0,3,2.0,1.0,2.0,8.0,8.0,1.4,1.35,1.43,1.5,1.6,1.6,1.56,1.14,1.58,1.36,1.28,1.64,0.2,0.24,0.04999999999999982,11.791666666666666,11.583333333333334,3.7083333333333335,10.958333333333334,2.1666666666666665,0.20833333333333215,1.0,3.0,1.0,6.0,7.0,1.2,1.3,1.08,1.22,1.2,1.4,1.36,1.24,1.26,1.14,0.9,1.3,0.34,0.34,-0.10000000000000009,10.583333333333334,13.666666666666666,3.1666666666666665,10.5,2.0,-3.083333333333332
pl-2025-2026-02-07-bournemouth-v-aston-villa,2026-02-07,2025,Bournemouth,Aston Villa,1,1,1,0.25,0.0,197.28647065983924,7,6,999,0,1.0,0,999,0,1.0,0,2,1,3.0,1.0,1.0,11.0,8.0,2.0,1.37,1.52,1.56,2.2,1.6,1.54,1.2,1.38,1.14,1.66,1.98,0.24,0.19,0.6299999999999999,13.416666666666666,12.833333333333334,4.833333333333333,12.416666666666666,2.5,0.5833333333333321,2.0,1.0,2.0,5.0,3.0,1.4,1.8,1.69,1.38,1.0,0.6,2.1,1.5,2.0,1.16,1.38,1.6,0.24,0.21,-0.40000000000000013,12.666666666666666,12.625,4.5,10.083333333333334,1.5416666666666667,0.041666666666666075
pl-2025-2026-02-07-wolves-v-chelsea,2026-02-07,2025,Wolves,Chelsea,1,3,0,0.3333333333333333,0.0,181.01584925623223,7,7,999,0,1.0,0,999,0,1.0,0,0,3,1.0,2.0,2.0,4.0,5.0,1.0,0.96,1.19,1.79,0.8,1.0,1.06,0.86,1.26,1.74,1.12,1.84,0.15,0.29,0.040000000000000036,9.375,13.0,3.2083333333333335,13.958333333333334,2.3333333333333335,-3.625,3.0,1.0,1.0,10.0,6.0,2.0,1.72,1.83,1.33,2.0,1.2,1.98,1.46,1.98,1.14,1.68,1.52,0.28,0.15,0.28,13.416666666666666,11.25,4.791666666666667,11.208333333333334,2.7083333333333335,2.166666666666666
pl-2025-2026-02-07-man-united-v-tottenham,2026-02-07,2025,Man United,Tottenham,2,0,2,0.3333333333333333,0.0,255.66645513785016,6,6,999,0,1.0,0,999,0,1.0,0,3,1,3.0,2.0,0.0,11.0,7.0,2.2,1.43,1.45,1.48,2.2,1.4,1.62,1.24,1.54,1.42,1.36,1.54,0.22,0.27,0.7700000000000002,16.041666666666668,11.25,5.625,10.25,1.375,4.791666666666668,0.0,3.0,2.0,8.0,10.0,0.6,1.33,1.73,1.59,1.6,2.0,1.4,1.26,1.76,1.56,1.7,1.62,0.2,0.17,-0.7300000000000001,11.0,11.75,3.9583333333333335,11.083333333333334,2.7083333333333335,-0.75
pl-2025-2026-02-07-newcastle-v-brentford,2026-02-07,2025,Newcastle,Brentford,2,3,0,0.5,0.0,397.2354971132688,7,6,999,0,1.0,0,999,0,1.0,0,3,1,2.0,1.0,2.0,7.0,9.0,1.4,1.59,1.86,1.42,1.4,1.8,2.02,1.16,2.22,1.18,1.5,1.66,0.3,0.19,-0.19000000000000017,12.791666666666666,11.083333333333334,4.541666666666667,9.666666666666666,1.5,1.7083333333333321,3.0,0.0,2.0,8.0,6.0,1.8,1.31,1.58,1.54,1.6,1.2,1.54,1.08,1.84,1.62,1.32,1.46,0.21,0.23,0.49,10.291666666666666,12.666666666666666,4.041666666666667,10.416666666666666,1.9583333333333333,-2.375
pl-2025-2026-02-07-burnley-v-west-ham,2026-02-07,2025,Burnley,West Ham,0,2,0,0.125,0.0,292.4319816767786,5,7,999,0,1.0,0,999,0,1.0,0,0,0,0.0,3.0,2.0,5.0,10.0,0.6,0.6290322580645161,1.064516129032258,2.0161290322580645,1.0,2.0,0.6451612903225806,0.6129032258064516,1.0,1.935483870967742,1.1290322580645162,2.096774193548387,0.08064516129032258,0.3225806451612903,-0.029032258064516148,8.666666666666666,16.958333333333332,2.8333333333333335,9.958333333333334,1.7083333333333333,-8.291666666666666,2.0,0.0,3.0,8.0,10.0,1.2,1.15,1.35,1.84,1.6,2.0,1.18,1.12,1.4,1.76,1.3,1.92,0.13,0.24,0.050000000000000044,10.458333333333334,14.916666666666666,3.5416666666666665,11.125,1.9166666666666667,-4.458333333333332
pl-2025-2026-02-07-arsenal-v-sunderland,2026-02-07,2025,Arsenal,Sunderland,3,0,2,0.8333333333333334,0.0,382.89060600085855,7,5,999,0,1.0,0,999,0,1.0,0,5,3,2.0,2.0,1.0,9.0,5.0,1.6,2.16,2.06,0.8,1.8,1.0,2.3,2.02,2.22,0.82,1.9,0.78,0.43,0.13,-0.56,14.875,7.708333333333333,5.041666666666667,10.041666666666666,1.375,7.166666666666667,2.0,1.0,2.0,7.0,8.0,1.4,1.5,1.125,1.0833333333333333,1.4,1.6,2.1666666666666665,0.8333333333333334,1.75,0.75,0.5,1.4166666666666667,0.3333333333333333,0.3333333333333333,-0.10000000000000009,9.833333333333334,14.041666666666666,3.2916666666666665,10.125,2.2083333333333335,-4.208333333333332
pl-2025-2026-02-08-brighton-v-crystal-palace,2026-02-08,2025,Brighton,Crystal Palace,0,1,0,0.3333333333333333,0.0,59.71204256723541,8,7,999,0,1.0,0,999,0,1.0,0,1,3,1.0,3.0,1.0,6.0,5.0,1.2,1.4,1.55,1.53,1.2,1.0,1.66,1.14,1.6,1.32,1.5,1.74,0.19,0.19,-0.19999999999999996,13.25,12.375,4.375,11.833333333333334,2.4583333333333335,0.875,0.0,2.0,3.0,3.0,8.0,0.4,1.31,1.33,1.38,0.6,1.6,1.3,1.32,1.44,1.34,1.22,1.42,0.29,0.23,-0.91,11.625,11.5,3.8333333333333335,10.166666666666666,2.0,0.125
pl-2025-2026-02-08-liverpool-v-man-city,2026-02-08,2025,Liverpool,Man City,1,2,0,0.5,0.0,51.0438844981863,8,7,999,0,1.0,0,999,0,1.0,0,3,1,1.0,3.0,1.0,9.0,7.0,1.2,2.05,2.11,1.15,1.8,1.4,2.36,1.74,2.22,0.9,2.0,1.4,0.31,0.08,-0.8499999999999999,15.5,10.541666666666666,4.416666666666667,9.541666666666666,1.625,4.958333333333334,1.0,3.0,1.0,6.0,6.0,1.2,2.09,2.17,1.01,1.2,1.2,2.36,1.82,2.46,0.94,1.88,1.08,0.36,0.13,-0.8899999999999999,14.125,9.458333333333334,5.0,9.958333333333334,1.75,4.666666666666666
pl-2025-2026-02-10-chelsea-v-leeds,2026-02-10,2025,Chelsea,Leeds,2,2,1,0.25,0.0,271.7713050935539,3,4,999,0,1.0,0,999,0,1.0,0,3,0,4.0,0.0,1.0,12.0,6.0,2.4,1.7326732673267327,1.8415841584158417,1.3267326732673268,2.4,1.2,1.98,1.4901960784313726,1.98,1.14,1.7058823529411764,1.5098039215686274,0.27722772277227725,0.1485148514851485,0.6673267326732673,13.48,11.24,4.84,11.16,2.64,2.24,2.0,1.0,2.0,8.0,10.0,1.4,1.16,1.36,1.72,1.6,2.0,1.6923076923076923,0.5833333333333334,1.6923076923076923,1.3846153846153846,1.0,2.0833333333333335,0.16,0.28,0.24,12.52,12.08,4.04,10.04,1.48,0.4399999999999995
pl-2025-2026-02-10-everton-v-bournemouth,2026-02-10,2025,Everton,Bournemouth,1,2,0,0.35714285714285715,0.0,310.3809824859215,3,3,999,0,1.0,0,999,0,1.0,0,3,2,2.0,3.0,0.0,6.0,4.0,1.8,1.316831683168317,1.0891089108910892,1.2178217821782178,1.2,0.8,1.36,1.2745098039215685,1.26,1.14,0.9215686274509803,1.2941176470588236,0.33663366336633666,0.33663366336633666,0.48316831683168315,10.8,13.64,3.16,10.56,2.12,-2.84,3.0,2.0,0.0,10.0,6.0,2.2,1.3663366336633664,1.5148514851485149,1.5544554455445545,2.0,1.2,1.5294117647058822,1.2,1.3725490196078431,1.1372549019607843,1.66,1.98,0.2376237623762376,0.18811881188118812,0.8336633663366337,13.68,12.6,5.0,12.08,2.44,1.08
pl-2025-2026-02-10-tottenham-v-newcastle,2026-02-10,2025,Tottenham,Newcastle,1,2,0,0.21428571428571427,0.0,388.67839795676935,3,3,999,0,1.0,0,999,0,1.0,0,1,3,0.0,2.0,3.0,7.0,11.0,0.4,1.316831683168317,1.7128712871287128,1.5940594059405941,1.4,2.2,1.4,1.2352941176470589,1.76,1.56,1.6666666666666667,1.6274509803921569,0.19801980198019803,0.1782178217821782,-0.9168316831683169,10.84,12.2,3.84,11.08,2.76,-1.3599999999999994,1.0,1.0,3.0,7.0,12.0,0.8,1.5742574257425743,1.8613861386138615,1.4356435643564356,1.4,2.4,1.9803921568627452,1.16,2.215686274509804,1.2156862745098038,1.5,1.66,0.297029702970297,0.18811881188118812,-0.7742574257425743,12.92,11.08,4.52,9.84,1.52,1.8399999999999999
pl-2025-2026-02-10-west-ham-v-man-united,2026-02-10,2025,West Ham,Man United,1,1,1,0.6666666666666666,0.0,264.8392292446106,3,3,999,0,1.0,0,999,0,1.0,0,0,3,3.0,0.0,2.0,10.0,7.0,1.8,1.1683168316831682,1.3564356435643565,1.8217821782178218,2.0,1.4,1.18,1.1568627450980393,1.4,1.76,1.3137254901960784,1.8823529411764706,0.13861386138613863,0.2376237623762376,0.6316831683168318,10.28,15.04,3.56,11.08,1.88,-4.76,4.0,1.0,0.0,12.0,6.0,2.6,1.4455445544554455,1.4554455445544554,1.4653465346534653,2.4,1.2,1.6470588235294117,1.24,1.5490196078431373,1.392156862745098,1.36,1.54,0.22772277227722773,0.26732673267326734,1.1544554455445546,16.32,11.08,5.8,10.32,1.36,5.24
pl-2025-2026-02-11-aston-villa-v-brighton,2026-02-11,2025,Aston Villa,Brighton,1,0,2,0.6428571428571429,0.0,221.37298033930915,4,3,999,0,1.0,0,999,0,1.0,0,1,1,1.0,2.0,2.0,3.0,3.0,1.0,1.7920792079207921,1.683168316831683,1.3762376237623761,0.6,0.6,2.1,1.4901960784313726,2.0,1.16,1.3725490196078431,1.588235294117647,0.2376237623762376,0.2079207920792079,-0.7920792079207921,12.44,12.92,4.48,10.12,1.52,-0.4800000000000004,0.0,3.0,2.0,4.0,6.0,0.6,1.386138613861386,1.5346534653465347,1.5247524752475248,0.8,1.2,1.6274509803921569,1.14,1.5686274509803921,1.3137254901960784,1.5,1.74,0.18811881188118812,0.19801980198019803,-0.7861386138613861,13.0,12.16,4.28,11.84,2.4,0.8399999999999999
pl-2025-2026-02-11-crystal-palace-v-burnley,2026-02-11,2025,Crystal Palace,Burnley,2,3,0,0.75,0.0,302.71807544640615,3,4,999,0,1.0,0,999,0,1.0,0,3,0,1.0,2.0,2.0,4.0,6.0,1.0,1.3267326732673268,1.3267326732673268,1.3663366336633664,0.8,1.2,1.3,1.3529411764705883,1.44,1.34,1.2156862745098038,1.392156862745098,0.297029702970297,0.22772277227722773,-0.3267326732673268,11.44,11.32,3.84,10.12,2.04,0.11999999999999922,0.0,3.0,2.0,5.0,10.0,0.6,0.6190476190476191,1.0476190476190477,2.015873015873016,1.0,2.0,0.625,0.6129032258064516,0.96875,1.9375,1.1290322580645162,2.096774193548387,0.07936507936507936,0.3333333333333333,-0.01904761904761909,9.04,16.52,2.92,10.0,1.76,-7.48
pl-2025-2026-02-11-man-city-v-fulham,2026-02-11,2025,Man City,Fulham,3,0,2,1.0,0.0,260.3920788240613,3,4,999,0,1.0,0,999,0,1.0,0,1,0,2.0,2.0,1.0,7.0,6.0,1.6,2.099009900990099,2.1683168316831685,1.00990099009901,1.4,1.2,2.36,1.8431372549019607,2.46,0.94,1.8823529411764706,1.0784313725490196,0.3564356435643564,0.12871287128712872,-0.499009900990099,14.24,9.68,5.08,10.2,1.84,4.5600000000000005,2.0,0.0,3.0,7.0,8.0,1.2,1.3366336633663367,1.4257425742574257,1.504950495049505,1.4,1.6,1.5294117647058822,1.14,1.5686274509803921,1.3725490196078431,1.28,1.64,0.19801980198019803,0.2376237623762376,-0.13663366336633676,11.84,11.76,3.68,10.96,2.12,0.08000000000000007
pl-2025-2026-02-11-nott-m-forest-v-wolves,2026-02-11,2025,Nott'm Forest,Wolves,0,0,1,0.6666666666666666,0.0,77.31910351998752,5,4,999,0,1.0,0,999,0,1.0,0,2,0,2.0,2.0,1.0,6.0,5.0,1.6,1.2574257425742574,1.306930693069307,1.495049504950495,1.2,1.0,1.28,1.2352941176470589,1.32,1.28,1.2941176470588236,1.7058823529411764,0.21782178217821782,0.2871287128712871,0.34257425742574266,11.92,12.84,3.76,10.48,1.48,-0.9199999999999999,0.0,2.0,3.0,2.0,8.0,0.4,0.9504950495049505,1.188118811881188,1.801980198019802,0.4,1.6,1.0392156862745099,0.86,1.2549019607843137,1.7647058823529411,1.12,1.84,0.1485148514851485,0.2871287128712871,-0.5504950495049504,9.44,13.08,3.2,13.76,2.28,-3.6400000000000006
pl-2025-2026-02-11-sunderland-v-liverpool,2026-02-11,2025,Sunderland,Liverpool,0,1,0,0.25,0.0,194.26080443969047,4,3,999,0,1.0,0,999,0,1.0,0,3,3,2.0,0.0,3.0,6.0,10.0,1.2,1.44,1.08,1.16,1.2,2.0,2.1666666666666665,0.7692307692307693,1.75,0.75,0.46153846153846156,1.5384615384615385,0.32,0.36,-0.24,9.64,14.12,3.28,10.04,2.2,-4.479999999999999,1.0,2.0,2.0,8.0,7.0,1.0,2.0297029702970297,2.099009900990099,1.1584158415841583,1.6,1.4,2.3137254901960786,1.74,2.196078431372549,0.9215686274509803,2.0,1.4,0.3069306930693069,0.07920792079207921,-1.0297029702970297,15.48,10.8,4.4,9.68,1.72,4.68
pl-2025-2026-02-12-brentford-v-arsenal,2026-02-12,2025,Brentford,Arsenal,1,1,1,0.16666666666666666,0.0,14.87398151424033,5,5,999,0,1.0,0,999,0,1.0,0,1,5,3.0,0.0,2.0,7.0,6.0,1.8,1.3267326732673268,1.5940594059405941,1.5445544554455446,1.4,1.2,1.54,1.1176470588235294,1.84,1.62,1.3529411764705883,1.4705882352941178,0.2079207920792079,0.22772277227722773,0.47326732673267324,10.32,12.8,4.08,10.72,1.96,-2.4800000000000004,2.0,2.0,1.0,9.0,3.0,1.6,2.1683168316831685,2.0693069306930694,0.7920792079207921,1.8,0.6,2.3137254901960786,2.02,2.235294117647059,0.803921568627451,1.9,0.78,0.43564356435643564,0.12871287128712872,-0.5683168316831684,14.92,7.6,5.04,10.08,1.36,7.32
pl-2025-2026-02-18-wolves-v-arsenal,2026-02-18,2025,Wolves,Arsenal,2,2,1,0.08333333333333333,0.0,179.79241990775787,7,6,999,0,1.0,0,999,0,1.0,0,0,5,0.0,2.0,3.0,1.0,7.0,0.4,0.9509803921568627,1.1764705882352942,1.7843137254901962,0.2,1.4,1.0392156862745099,0.8627450980392157,1.2549019607843137,1.7647058823529411,1.0980392156862746,1.803921568627451,0.1568627450980392,0.29411764705882354,-0.5509803921568627,9.346153846153847,13.923076923076923,3.1923076923076925,13.73076923076923,2.269230769230769,-4.576923076923077,2.0,2.0,1.0,10.0,4.0,1.6,2.156862745098039,2.0588235294117645,0.7941176470588235,2.0,0.8,2.3137254901960786,2.0,2.235294117647059,0.803921568627451,1.8823529411764706,0.7843137254901961,0.43137254901960786,0.12745098039215685,-0.556862745098039,14.615384615384615,7.769230769230769,4.923076923076923,10.115384615384615,1.3846153846153846,6.846153846153846
pl-2025-2026-02-21-aston-villa-v-leeds,2026-02-21,2025,Aston Villa,Leeds,1,1,1,0.75,0.0,142.64184093864833,10,11,999,0,1.0,0,999,0,1.0,0,1,0,2.0,1.0,2.0,4.0,3.0,1.4,1.803921568627451,1.6764705882352942,1.3627450980392157,0.8,0.6,2.1176470588235294,1.4901960784313726,1.9803921568627452,1.1372549019607843,1.3725490196078431,1.588235294117647,0.24509803921568626,0.20588235294117646,-0.4039215686274511,12.538461538461538,12.76923076923077,4.346153846153846,10.076923076923077,1.5384615384615385,-0.23076923076923173,2.0,2.0,1.0,7.0,8.0,1.6,1.1538461538461537,1.3846153846153846,1.7307692307692308,1.4,1.6,1.6923076923076923,0.6153846153846154,1.6923076923076923,1.3846153846153846,1.0769230769230769,2.076923076923077,0.15384615384615385,0.2692307692307692,0.44615384615384635,12.192307692307692,12.346153846153847,3.9615384615384617,10.153846153846153,1.5769230769230769,-0.15384615384615508
pl-2025-2026-02-21-brentford-v-brighton,2026-02-21,2025,Brentford,Brighton,0,2,0,0.3333333333333333,0.0,71.56602003805497,9,10,999,0,1.0,0,999,0,1.0,0,1,1,2.0,1.0,2.0,5.0,7.0,1.4,1.3235294117647058,1.588235294117647,1.5392156862745099,1.0,1.4,1.5294117647058822,1.1176470588235294,1.8235294117647058,1.607843137254902,1.3529411764705883,1.4705882352941178,0.20588235294117646,0.22549019607843138,0.07647058823529407,10.384615384615385,12.576923076923077,4.038461538461538,10.76923076923077,2.0,-2.1923076923076916,0.0,2.0,3.0,3.0,6.0,0.4,1.3725490196078431,1.5196078431372548,1.5196078431372548,0.6,1.2,1.6274509803921569,1.1176470588235294,1.5686274509803921,1.3137254901960784,1.4705882352941178,1.7254901960784315,0.18627450980392157,0.20588235294117646,-0.9725490196078431,12.846153846153847,12.26923076923077,4.230769230769231,11.961538461538462,2.423076923076923,0.5769230769230766
pl-2025-2026-02-21-chelsea-v-burnley,2026-02-21,2025,Chelsea,Burnley,1,1,1,0.75,0.0,291.07004764467814,11,10,999,0,1.0,0,999,0,1.0,0,3,0,4.0,1.0,0.0,13.0,6.0,2.6,1.7254901960784315,1.8431372549019607,1.3333333333333333,2.6,1.2,1.9607843137254901,1.4901960784313726,1.9803921568627452,1.1568627450980393,1.7058823529411764,1.5098039215686274,0.27450980392156865,0.14705882352941177,0.8745098039215686,13.692307692307692,10.961538461538462,4.8076923076923075,11.076923076923077,2.6923076923076925,2.73076923076923,1.0,2.0,2.0,6.0,10.0,1.0,0.65625,1.078125,2.015625,1.2,2.0,0.625,0.6875,0.96875,1.9375,1.1875,2.09375,0.078125,0.328125,0.34375,9.0,16.692307692307693,2.923076923076923,9.923076923076923,1.7307692307692308,-7.692307692307693
pl-2025-2026-02-21-west-ham-v-bournemouth,2026-02-21,2025,West Ham,Bournemouth,0,0,1,0.5,0.0,157.23423717667953,11,11,999,0,1.0,0,999,0,1.0,0,0,2,3.0,1.0,1.0,10.0,6.0,2.0,1.1666666666666667,1.3529411764705883,1.8137254901960784,2.0,1.2,1.1764705882352942,1.1568627450980393,1.392156862745098,1.7450980392156863,1.3137254901960784,1.8823529411764706,0.13725490196078433,0.23529411764705882,0.8333333333333333,10.153846153846153,14.807692307692308,3.5384615384615383,11.038461538461538,1.8461538461538463,-4.653846153846155,3.0,2.0,0.0,9.0,5.0,2.2,1.3823529411764706,1.5196078431372548,1.5490196078431373,1.8,1.0,1.5294117647058822,1.2352941176470589,1.3725490196078431,1.1372549019607843,1.6666666666666667,1.9607843137254901,0.23529411764705882,0.18627450980392157,0.8176470588235296,13.576923076923077,12.73076923076923,4.961538461538462,12.192307692307692,2.4615384615384617,0.8461538461538467
pl-2025-2026-02-21-man-city-v-newcastle,2026-02-21,2025,Man City,Newcastle,2,1,2,0.75,0.0,170.21743081390886,10,11,999,0,1.0,0,999,0,1.0,0,1,3,3.0,1.0,1.0,9.0,5.0,2.0,2.107843137254902,2.176470588235294,1.0,1.8,1.0,2.372549019607843,1.8431372549019607,2.4705882352941178,0.9215686274509803,1.8823529411764706,1.0784313725490196,0.3627450980392157,0.12745098039215685,-0.10784313725490202,14.192307692307692,9.846153846153847,5.076923076923077,10.115384615384615,1.8846153846153846,4.346153846153845,1.0,1.0,3.0,5.0,10.0,0.8,1.588235294117647,1.8627450980392157,1.4313725490196079,1.0,2.0,1.9803921568627452,1.196078431372549,2.215686274509804,1.2156862745098038,1.5098039215686274,1.6470588235294117,0.29411764705882354,0.18627450980392157,-0.7882352941176469,13.23076923076923,11.26923076923077,4.538461538461538,9.884615384615385,1.5384615384615385,1.96153846153846
pl-2025-2026-02-22-crystal-palace-v-wolves,2026-02-22,2025,Crystal Palace,Wolves,1,0,2,0.9166666666666666,0.0,192.73796502396291,11,4,999,0,1.0,0,999,0,1.0,0,3,0,1.0,1.0,3.0,6.0,9.0,0.8,1.3137254901960784,1.3333333333333333,1.3823529411764706,1.2,1.8,1.2745098039215685,1.3529411764705883,1.4509803921568627,1.3725490196078431,1.2156862745098038,1.392156862745098,0.29411764705882354,0.22549019607843138,-0.5137254901960784,11.807692307692308,11.192307692307692,3.8076923076923075,10.153846153846153,2.0384615384615383,0.6153846153846168,0.0,2.0,3.0,3.0,9.0,0.4,0.9514563106796117,1.1844660194174756,1.7864077669902914,0.6,1.8,1.0384615384615385,0.8627450980392157,1.2692307692307692,1.7692307692307692,1.0980392156862746,1.803921568627451,0.1553398058252427,0.2912621359223301,-0.5514563106796116,9.185185185185185,13.777777777777779,3.1481481481481484,13.444444444444445,2.259259259259259,-4.5925925925925934
pl-2025-2026-02-22-nott-m-forest-v-liverpool,2026-02-22,2025,Nott'm Forest,Liverpool,0,1,0,0.42857142857142855,0.0,133.53355666955304,11,11,999,0,1.0,0,999,0,1.0,0,2,3,1.0,3.0,1.0,4.0,4.0,1.2,1.2549019607843137,1.2941176470588236,1.4803921568627452,0.8,0.8,1.2745098039215685,1.2352941176470589,1.2941176470588236,1.2549019607843137,1.2941176470588236,1.7058823529411764,0.22549019607843138,0.29411764705882354,-0.05490196078431375,12.807692307692308,12.615384615384615,4.0,10.538461538461538,1.4230769230769231,0.1923076923076934,2.0,1.0,2.0,9.0,7.0,1.4,2.0392156862745097,2.088235294117647,1.1470588235294117,1.8,1.4,2.3137254901960786,1.7647058823529411,2.196078431372549,0.9215686274509803,1.9803921568627452,1.3725490196078431,0.3137254901960784,0.0784313725490196,-0.6392156862745098,15.76923076923077,10.807692307692308,4.346153846153846,9.692307692307692,1.6538461538461537,4.961538461538462
pl-2025-2026-02-22-sunderland-v-fulham,2026-02-22,2025,Sunderland,Fulham,1,3,0,0.3333333333333333,0.0,390.2068724510691,11,11,999,0,1.0,0,999,0,1.0,0,3,0,2.0,0.0,3.0,6.0,8.0,1.2,1.3846153846153846,1.0384615384615385,1.1538461538461537,1.2,1.6,2.0,0.7692307692307693,1.6153846153846154,0.7692307692307693,0.46153846153846156,1.5384615384615385,0.3076923076923077,0.38461538461538464,-0.18461538461538463,9.692307692307692,14.461538461538462,3.230769230769231,9.961538461538462,2.1538461538461537,-4.76923076923077,1.0,0.0,4.0,5.0,10.0,0.6,1.3235294117647058,1.411764705882353,1.5196078431372548,1.0,2.0,1.5294117647058822,1.1176470588235294,1.5686274509803921,1.3725490196078431,1.2549019607843137,1.6666666666666667,0.19607843137254902,0.24509803921568626,-0.7235294117647059,11.923076923076923,11.807692307692308,3.6538461538461537,10.923076923076923,2.076923076923077,0.11538461538461497
pl-2025-2026-02-22-tottenham-v-arsenal,2026-02-22,2025,Tottenham,Arsenal,1,4,0,0.08333333333333333,0.0,5.912025518917407,12,4,999,0,1.0,0,999,0,1.0,0,1,5,0.0,2.0,3.0,6.0,10.0,0.4,1.303921568627451,1.7058823529411764,1.5980392156862746,1.2,2.0,1.3725490196078431,1.2352941176470589,1.7450980392156863,1.5686274509803921,1.6666666666666667,1.6274509803921569,0.19607843137254902,0.17647058823529413,-0.903921568627451,11.038461538461538,12.538461538461538,3.769230769230769,11.23076923076923,2.769230769230769,-1.5,2.0,2.0,1.0,12.0,6.0,1.6,2.145631067961165,2.058252427184466,0.8058252427184466,2.4,1.2,2.3137254901960786,1.9807692307692308,2.235294117647059,0.803921568627451,1.8846153846153846,0.8076923076923077,0.42718446601941745,0.1262135922330097,-0.5456310679611649,14.444444444444445,7.666666666666667,4.888888888888889,10.037037037037036,1.3703703703703705,6.777777777777778
pl-2025-2026-02-23-everton-v-man-united,2026-02-23,2025,Everton,Man United,0,1,0,0.2857142857142857,0.0,44.77637264276031,13,13,999,0,1.0,0,999,0,1.0,0,3,3,2.0,2.0,1.0,6.0,5.0,1.6,1.303921568627451,1.088235294117647,1.2254901960784315,1.2,1.0,1.3333333333333333,1.2745098039215685,1.2549019607843137,1.1568627450980393,0.9215686274509803,1.2941176470588236,0.3333333333333333,0.3333333333333333,0.2960784313725491,11.0,13.538461538461538,3.269230769230769,10.692307692307692,2.1538461538461537,-2.5384615384615383,4.0,1.0,0.0,11.0,5.0,2.6,1.4411764705882353,1.4509803921568627,1.4607843137254901,2.2,1.0,1.6470588235294117,1.2352941176470589,1.5490196078431373,1.392156862745098,1.3529411764705883,1.5294117647058822,0.22549019607843138,0.2647058823529412,1.1588235294117648,16.03846153846154,10.923076923076923,5.6923076923076925,10.076923076923077,1.3461538461538463,5.115384615384617
pl-2025-2026-02-27-wolves-v-aston-villa,2026-02-27,2025,Wolves,Aston Villa,2,0,2,0.4166666666666667,0.0,18.85584349915966,5,6,999,0,1.0,0,999,0,1.0,0,0,1,0.0,2.0,3.0,3.0,8.0,0.4,0.9423076923076923,1.1730769230769231,1.7788461538461537,0.6,1.6,1.0384615384615385,0.8461538461538461,1.2692307692307692,1.7692307692307692,1.0769230769230769,1.7884615384615385,0.15384615384615385,0.2980769230769231,-0.5423076923076923,9.285714285714286,13.785714285714286,3.2857142857142856,13.428571428571429,2.2857142857142856,-4.5,2.0,2.0,1.0,5.0,3.0,1.6,1.796116504854369,1.6699029126213591,1.3592233009708738,1.0,0.6,2.0961538461538463,1.4901960784313726,1.9615384615384615,1.1346153846153846,1.3725490196078431,1.588235294117647,0.24271844660194175,0.20388349514563106,-0.19611650485436893,12.666666666666666,12.814814814814815,4.333333333333333,10.11111111111111,1.5185185185185186,-0.1481481481481488
pl-2025-2026-02-28-bournemouth-v-sunderland,2026-02-28,2025,Bournemouth,Sunderland,1,1,1,0.25,0.0,465.6635284633631,7,6,999,0,1.0,0,999,0,1.0,0,2,3,3.0,2.0,0.0,8.0,4.0,2.2,1.3786407766990292,1.5048543689320388,1.5339805825242718,1.6,0.8,1.5294117647058822,1.2307692307692308,1.3725490196078431,1.1372549019607843,1.6346153846153846,1.9230769230769231,0.24271844660194175,0.1941747572815534,0.821359223300971,13.444444444444445,13.0,4.962962962962963,12.148148148148149,2.4074074074074074,0.44444444444444464,1.0,0.0,4.0,5.0,10.0,0.6,1.3333333333333333,1.037037037037037,1.2222222222222223,1.0,2.0,1.8571428571428572,0.7692307692307693,1.5714285714285714,0.9285714285714286,0.46153846153846156,1.5384615384615385,0.2962962962962963,0.37037037037037035,-0.7333333333333333,9.777777777777779,14.37037037037037,3.185185185185185,9.814814814814815,2.111111111111111,-4.592592592592592
pl-2025-2026-02-28-burnley-v-brentford,2026-02-28,2025,Burnley,Brentford,3,4,0,0.25,0.0,286.98582757652116,7,7,999,0,1.0,0,999,0,1.0,0,0,1,1.0,2.0,2.0,6.0,10.0,1.0,0.6615384615384615,1.0769230769230769,2.0,1.2,2.0,0.625,0.696969696969697,0.96875,1.9375,1.1818181818181819,2.0606060606060606,0.07692307692307693,0.3230769230769231,0.3384615384615385,9.11111111111111,16.51851851851852,2.962962962962963,9.962962962962964,1.7407407407407407,-7.407407407407408,2.0,1.0,2.0,5.0,7.0,1.4,1.3106796116504855,1.5728155339805825,1.5436893203883495,1.0,1.4,1.5,1.1176470588235294,1.7884615384615385,1.6153846153846154,1.3529411764705883,1.4705882352941178,0.20388349514563106,0.23300970873786409,0.08932038834951439,10.481481481481481,12.518518518518519,4.0,10.703703703703704,1.962962962962963,-2.037037037037038
pl-2025-2026-02-28-liverpool-v-west-ham,2026-02-28,2025,Liverpool,West Ham,5,2,2,0.9166666666666666,0.0,291.55619908967356,6,7,999,0,1.0,0,999,0,1.0,0,3,0,3.0,0.0,2.0,9.0,6.0,1.8,2.0485436893203883,2.0776699029126213,1.1359223300970873,1.8,1.2,2.3137254901960786,1.7884615384615385,2.196078431372549,0.9215686274509803,1.9615384615384615,1.3461538461538463,0.32038834951456313,0.07766990291262135,-0.24854368932038828,15.555555555555555,11.074074074074074,4.333333333333333,9.666666666666666,1.5925925925925926,4.481481481481481,2.0,2.0,1.0,8.0,5.0,1.6,1.1650485436893203,1.3398058252427185,1.796116504854369,1.6,1.0,1.1730769230769231,1.1568627450980393,1.3653846153846154,1.7115384615384615,1.3137254901960784,1.8823529411764706,0.14563106796116504,0.24271844660194175,0.4349514563106798,10.518518518518519,14.62962962962963,3.5185185185185186,11.0,1.8148148148148149,-4.111111111111111
pl-2025-2026-02-28-newcastle-v-everton,2026-02-28,2025,Newcastle,Everton,2,3,0,0.3333333333333333,0.0,192.08985245034933,7,5,999,0,1.0,0,999,0,1.0,0,3,3,1.0,0.0,4.0,6.0,12.0,0.6,1.5728155339805825,1.854368932038835,1.4368932038834952,1.2,2.4,1.9803921568627452,1.1730769230769231,2.215686274509804,1.2156862745098038,1.5,1.6538461538461537,0.2912621359223301,0.18446601941747573,-0.9728155339805825,13.222222222222221,11.407407407407407,4.62962962962963,10.0,1.6666666666666667,1.8148148148148149,1.0,2.0,2.0,5.0,6.0,1.0,1.2912621359223302,1.0776699029126213,1.2233009708737863,1.0,1.2,1.3076923076923077,1.2745098039215685,1.2307692307692308,1.1538461538461537,0.9215686274509803,1.2941176470588236,0.3300970873786408,0.33980582524271846,-0.2912621359223302,11.037037037037036,13.444444444444445,3.2962962962962963,10.74074074074074,2.1481481481481484,-2.4074074074074083
pl-2025-2026-02-28-leeds-v-man-city,2026-02-28,2025,Leeds,Man City,0,1,0,0.0,0.0,52.82663928753755,7,7,999,0,1.0,0,999,0,1.0,0,0,1,1.0,3.0,1.0,7.0,9.0,1.2,1.1481481481481481,1.3703703703703705,1.7037037037037037,1.4,1.8,1.6923076923076923,0.6428571428571429,1.6923076923076923,1.3846153846153846,1.0714285714285714,2.0,0.14814814814814814,0.25925925925925924,0.051851851851851816,12.25925925925926,12.481481481481481,3.962962962962963,10.37037037037037,1.6666666666666667,-0.22222222222222143,4.0,1.0,0.0,11.0,4.0,2.6,2.116504854368932,2.174757281553398,1.0,2.2,0.8,2.3846153846153846,1.8431372549019607,2.4615384615384617,0.9230769230769231,1.8823529411764706,1.0784313725490196,0.3592233009708738,0.1262135922330097,0.4834951456310681,14.222222222222221,9.962962962962964,5.148148148148148,10.185185185185185,1.8888888888888888,4.259259259259258
pl-2025-2026-03-01-brighton-v-nott-m-forest,2026-03-01,2025,Brighton,Nott'm Forest,2,1,2,0.75,0.0,242.213946310706,8,7,999,0,1.0,0,999,0,1.0,0,1,2,1.0,1.0,3.0,4.0,5.0,0.8,1.3883495145631068,1.5242718446601942,1.5048543689320388,0.8,1.0,1.6274509803921569,1.1538461538461537,1.5686274509803921,1.3137254901960784,1.4807692307692308,1.6923076923076923,0.1941747572815534,0.20388349514563106,-0.5883495145631068,12.777777777777779,12.296296296296296,4.333333333333333,12.037037037037036,2.4074074074074074,0.48148148148148273,1.0,2.0,2.0,4.0,5.0,1.0,1.2427184466019416,1.2815533980582525,1.4757281553398058,0.8,1.0,1.25,1.2352941176470589,1.2692307692307692,1.25,1.2941176470588236,1.7058823529411764,0.22330097087378642,0.30097087378640774,-0.24271844660194164,13.0,12.518518518518519,3.925925925925926,10.62962962962963,1.4444444444444444,0.48148148148148096
pl-2025-2026-03-01-fulham-v-tottenham,2026-03-01,2025,Fulham,Tottenham,2,1,2,0.75,0.0,17.90725628813951,7,7,999,0,1.0,0,999,0,1.0,0,0,1,2.0,0.0,3.0,8.0,10.0,1.2,1.3398058252427185,1.4271844660194175,1.5145631067961165,1.6,2.0,1.5294117647058822,1.1538461538461537,1.5686274509803921,1.3725490196078431,1.2884615384615385,1.6538461538461537,0.1941747572815534,0.24271844660194175,-0.13980582524271856,11.925925925925926,11.814814814814815,3.6666666666666665,11.0,2.037037037037037,0.11111111111111072,0.0,2.0,3.0,6.0,12.0,0.4,1.2912621359223302,1.6990291262135921,1.6213592233009708,1.2,2.4,1.3461538461538463,1.2352941176470589,1.7307692307692308,1.6153846153846154,1.6666666666666667,1.6274509803921569,0.1941747572815534,0.17475728155339806,-0.8912621359223302,10.851851851851851,12.814814814814815,3.814814814814815,11.444444444444445,2.740740740740741,-1.9629629629629637
pl-2025-2026-03-01-man-united-v-crystal-palace,2026-03-01,2025,Man United,Crystal Palace,2,1,2,0.4166666666666667,0.0,273.9644403116414,6,7,999,0,1.0,0,999,0,1.0,0,3,3,4.0,1.0,0.0,10.0,5.0,2.6,1.4563106796116505,1.4466019417475728,1.4466019417475728,2.0,1.0,1.6470588235294117,1.2692307692307692,1.5490196078431373,1.392156862745098,1.3461538461538463,1.5,0.23300970873786409,0.2621359223300971,1.1436893203883496,15.851851851851851,10.962962962962964,5.592592592592593,9.962962962962964,1.4074074074074074,4.8888888888888875,2.0,1.0,2.0,6.0,7.0,1.4,1.3300970873786409,1.3300970873786409,1.3689320388349515,1.2,1.4,1.3076923076923077,1.3529411764705883,1.4423076923076923,1.3461538461538463,1.2156862745098038,1.392156862745098,0.30097087378640774,0.22330097087378642,0.06990291262135906,11.88888888888889,11.222222222222221,3.7777777777777777,10.481481481481481,2.1481481481481484,0.6666666666666679
pl-2025-2026-03-01-arsenal-v-chelsea,2026-03-01,2025,Arsenal,Chelsea,2,1,2,0.7857142857142857,0.0,10.204802525519494,7,8,999,0,1.0,0,999,0,1.0,0,5,3,3.0,2.0,0.0,14.0,4.0,2.2,2.1538461538461537,2.076923076923077,0.8076923076923077,2.8,0.8,2.3137254901960786,2.0,2.235294117647059,0.803921568627451,1.9245283018867925,0.8113207547169812,0.4230769230769231,0.125,0.046153846153846434,14.642857142857142,7.607142857142857,4.964285714285714,10.071428571428571,1.3571428571428572,7.035714285714286,3.0,2.0,0.0,12.0,7.0,2.2,1.7184466019417475,1.8349514563106797,1.3300970873786409,2.4,1.4,1.9423076923076923,1.4901960784313726,1.9615384615384615,1.1538461538461537,1.7058823529411764,1.5098039215686274,0.27184466019417475,0.14563106796116504,0.4815533980582527,13.62962962962963,11.0,4.703703703703703,11.148148148148149,2.740740740740741,2.6296296296296298
pl-2025-2026-03-03-bournemouth-v-brentford,2026-03-03,2025,Bournemouth,Brentford,0,0,1,0.21428571428571427,0.0,136.7376286546296,3,3,999,0,1.0,0,999,0,1.0,0,2,1,2.0,3.0,0.0,6.0,3.0,1.8,1.375,1.5,1.5288461538461537,1.2,0.6,1.5192307692307692,1.2307692307692308,1.3653846153846154,1.1346153846153846,1.6346153846153846,1.9230769230769231,0.2403846153846154,0.19230769230769232,0.42500000000000004,13.714285714285714,12.821428571428571,4.964285714285714,12.25,2.4642857142857144,0.8928571428571423,3.0,1.0,1.0,9.0,8.0,2.0,1.3269230769230769,1.5961538461538463,1.5576923076923077,1.8,1.6,1.5,1.1538461538461537,1.7884615384615385,1.6153846153846154,1.4038461538461537,1.5,0.20192307692307693,0.23076923076923078,0.6730769230769231,10.678571428571429,12.5,4.107142857142857,10.642857142857142,1.9642857142857142,-1.8214285714285712
pl-2025-2026-03-03-everton-v-burnley,2026-03-03,2025,Everton,Burnley,2,0,2,0.875,0.0,62.22188979256802,3,3,999,0,1.0,0,999,0,1.0,0,3,0,2.0,1.0,2.0,7.0,7.0,1.4,1.3076923076923077,1.0961538461538463,1.2307692307692308,1.4,1.4,1.3076923076923077,1.3076923076923077,1.2307692307692308,1.1538461538461537,0.9615384615384616,1.3076923076923077,0.3269230769230769,0.33653846153846156,0.0923076923076922,10.964285714285714,13.571428571428571,3.357142857142857,10.607142857142858,2.1785714285714284,-2.6071428571428577,1.0,1.0,3.0,7.0,12.0,0.8,0.6515151515151515,1.106060606060606,2.0303030303030303,1.4,2.4,0.6060606060606061,0.696969696969697,1.0303030303030303,2.0,1.1818181818181819,2.0606060606060606,0.07575757575757576,0.3181818181818182,0.14848484848484855,9.214285714285714,16.5,2.9642857142857144,9.928571428571429,1.75,-7.2857142857142865
pl-2025-2026-03-03-leeds-v-sunderland,2026-03-03,2025,Leeds,Sunderland,0,1,0,0.25,0.0,126.87903046537792,3,3,999,0,1.0,0,999,0,1.0,0,0,3,1.0,2.0,2.0,6.0,9.0,1.0,1.1071428571428572,1.3214285714285714,1.6785714285714286,1.2,1.8,1.5714285714285714,0.6428571428571429,1.5714285714285714,1.3571428571428572,1.0714285714285714,2.0,0.14285714285714285,0.2857142857142857,-0.1071428571428572,12.321428571428571,12.535714285714286,3.892857142857143,10.357142857142858,1.6071428571428572,-0.2142857142857153,1.0,1.0,3.0,5.0,8.0,0.8,1.3214285714285714,1.0357142857142858,1.2142857142857142,1.0,1.6,1.8571428571428572,0.7857142857142857,1.5714285714285714,0.9285714285714286,0.5,1.5,0.2857142857142857,0.35714285714285715,-0.5214285714285714,9.714285714285714,14.607142857142858,3.2142857142857144,9.892857142857142,2.107142857142857,-4.892857142857144
pl-2025-2026-03-03-wolves-v-liverpool,2026-03-03,2025,Wolves,Liverpool,2,1,2,0.16666666666666666,0.0,108.96271895765787,4,3,999,0,1.0,0,999,0,1.0,0,0,3,1.0,2.0,2.0,5.0,6.0,1.0,0.9619047619047619,1.180952380952381,1.7619047619047619,1.0,1.2,1.0754716981132075,0.8461538461538461,1.2830188679245282,1.7358490566037736,1.0769230769230769,1.7884615384615385,0.1619047619047619,0.29523809523809524,0.03809523809523807,9.275862068965518,13.793103448275861,3.2413793103448274,13.413793103448276,2.310344827586207,-4.517241379310343,4.0,0.0,1.0,12.0,5.0,2.4,2.0576923076923075,2.105769230769231,1.1442307692307692,2.4,1.0,2.326923076923077,1.7884615384615385,2.25,0.9423076923076923,1.9615384615384615,1.3461538461538463,0.3173076923076923,0.07692307692307693,0.3423076923076924,15.642857142857142,11.071428571428571,4.428571428571429,9.75,1.6071428571428572,4.571428571428571
pl-2025-2026-03-04-aston-villa-v-chelsea,2026-03-04,2025,Aston Villa,Chelsea,1,4,0,0.5833333333333334,0.0,162.75649517879688,5,3,999,0,1.0,0,999,0,1.0,0,1,3,1.0,2.0,2.0,3.0,5.0,1.0,1.7788461538461537,1.6538461538461537,1.3653846153846154,0.6,1.0,2.0961538461538463,1.4615384615384615,1.9615384615384615,1.1346153846153846,1.3461538461538463,1.5961538461538463,0.2403846153846154,0.21153846153846154,-0.7788461538461537,12.714285714285714,12.678571428571429,4.357142857142857,10.428571428571429,1.5714285714285714,0.0357142857142847,2.0,2.0,1.0,10.0,8.0,1.6,1.7019230769230769,1.8269230769230769,1.3365384615384615,2.0,1.6,1.9423076923076923,1.4615384615384615,1.9615384615384615,1.1538461538461537,1.6923076923076923,1.5192307692307692,0.2692307692307692,0.14423076923076922,-0.10192307692307678,13.464285714285714,11.035714285714286,4.642857142857143,11.25,2.8214285714285716,2.428571428571427
pl-2025-2026-03-04-brighton-v-arsenal,2026-03-04,2025,Brighton,Arsenal,0,1,0,0.2857142857142857,0.0,77.40825110392977,3,3,999,0,1.0,0,999,0,1.0,0,1,5,2.0,1.0,2.0,5.0,4.0,1.4,1.4038461538461537,1.5288461538461537,1.5,1.0,0.8,1.6538461538461537,1.1538461538461537,1.5769230769230769,1.3076923076923077,1.4807692307692308,1.6923076923076923,0.19230769230769232,0.20192307692307693,-0.0038461538461538325,12.821428571428571,12.321428571428571,4.428571428571429,12.035714285714286,2.4285714285714284,0.5,3.0,2.0,0.0,12.0,5.0,2.2,2.1619047619047618,2.0761904761904764,0.8095238095238095,2.4,1.0,2.326923076923077,2.0,2.230769230769231,0.8076923076923077,1.9245283018867925,0.8113207547169812,0.41904761904761906,0.12380952380952381,0.038095238095238404,14.551724137931034,7.655172413793103,4.9655172413793105,10.10344827586207,1.3448275862068966,6.896551724137931
pl-2025-2026-03-04-fulham-v-west-ham,2026-03-04,2025,Fulham,West Ham,0,1,0,0.5833333333333334,0.0,17.879972655030514,3,4,999,0,1.0,0,999,0,1.0,0,0,0,2.0,0.0,3.0,8.0,10.0,1.2,1.3557692307692308,1.4326923076923077,1.5096153846153846,1.6,2.0,1.5576923076923077,1.1538461538461537,1.5769230769230769,1.3653846153846154,1.2884615384615385,1.6538461538461537,0.19230769230769232,0.2403846153846154,-0.15576923076923088,12.142857142857142,11.857142857142858,3.6785714285714284,11.0,2.0714285714285716,0.2857142857142847,1.0,2.0,2.0,7.0,9.0,1.0,1.1538461538461537,1.3461538461538463,1.8269230769230769,1.4,1.8,1.1730769230769231,1.1346153846153846,1.3653846153846154,1.7115384615384615,1.3269230769230769,1.9423076923076923,0.14423076923076922,0.2403846153846154,-0.15384615384615374,10.535714285714286,14.75,3.5357142857142856,11.0,1.8214285714285714,-4.2142857142857135
pl-2025-2026-03-04-man-city-v-nott-m-forest,2026-03-04,2025,Man City,Nott'm Forest,2,2,1,0.75,0.0,93.0370438359667,4,3,999,0,1.0,0,999,0,1.0,0,1,2,4.0,1.0,0.0,10.0,4.0,2.6,2.125,2.1634615384615383,0.9903846153846154,2.0,0.8,2.3846153846153846,1.8653846153846154,2.4615384615384617,0.9230769230769231,1.8653846153846154,1.0576923076923077,0.36538461538461536,0.125,0.4750000000000001,14.214285714285714,10.107142857142858,5.142857142857143,10.107142857142858,1.9285714285714286,4.107142857142856,0.0,2.0,3.0,3.0,7.0,0.4,1.2307692307692308,1.2788461538461537,1.4807692307692308,0.6,1.4,1.25,1.2115384615384615,1.2692307692307692,1.25,1.2884615384615385,1.7115384615384615,0.22115384615384615,0.2980769230769231,-0.8307692307692308,13.0,12.571428571428571,3.9285714285714284,10.714285714285714,1.4285714285714286,0.4285714285714288
pl-2025-2026-03-04-newcastle-v-man-united,2026-03-04,2025,Newcastle,Man United,2,1,2,0.6666666666666666,0.0,173.79044689866612,4,3,999,0,1.0,0,999,0,1.0,0,3,3,1.0,0.0,4.0,8.0,13.0,0.6,1.5576923076923077,1.8557692307692308,1.4519230769230769,1.6,2.6,1.9423076923076923,1.1730769230769231,2.2115384615384617,1.25,1.5,1.6538461538461537,0.28846153846153844,0.18269230769230768,-0.9576923076923077,13.357142857142858,11.321428571428571,4.714285714285714,10.178571428571429,1.6785714285714286,2.0357142857142865,4.0,1.0,0.0,9.0,4.0,2.6,1.4711538461538463,1.4519230769230769,1.4423076923076923,1.8,0.8,1.6730769230769231,1.2692307692307692,1.5576923076923077,1.3846153846153846,1.3461538461538463,1.5,0.23076923076923078,0.25961538461538464,1.1288461538461538,16.0,10.857142857142858,5.785714285714286,10.071428571428571,1.4285714285714286,5.142857142857142
pl-2025-2026-03-05-tottenham-v-crystal-palace,2026-03-05,2025,Tottenham,Crystal Palace,1,3,0,0.5,0.0,22.94795034785152,4,4,999,0,1.0,0,999,0,1.0,0,1,3,0.0,1.0,4.0,5.0,12.0,0.2,1.2788461538461537,1.6923076923076923,1.625,1.0,2.4,1.3461538461538463,1.2115384615384615,1.7307692307692308,1.6153846153846154,1.6538461538461537,1.6346153846153846,0.19230769230769232,0.17307692307692307,-1.0788461538461538,10.928571428571429,13.0,3.7142857142857144,11.535714285714286,2.75,-2.071428571428571,2.0,1.0,2.0,6.0,6.0,1.4,1.3173076923076923,1.3269230769230769,1.375,1.2,1.2,1.3076923076923077,1.3269230769230769,1.4423076923076923,1.3461538461538463,1.2115384615384615,1.4038461538461537,0.2980769230769231,0.22115384615384615,0.08269230769230762,11.75,11.535714285714286,3.75,10.535714285714286,2.2142857142857144,0.21428571428571352
pl-2025-2026-03-14-west-ham-v-man-city,2026-03-14,2025,West Ham,Man City,1,1,1,0.08333333333333333,0.0,263.06145615917364,10,10,999,0,1.0,0,999,0,1.0,0,0,1,2.0,2.0,1.0,6.0,6.0,1.6,1.1714285714285715,1.3428571428571427,1.8095238095238095,1.2,1.2,1.1730769230769231,1.169811320754717,1.3653846153846154,1.7115384615384615,1.320754716981132,1.9056603773584906,0.1523809523809524,0.23809523809523808,0.4285714285714286,10.482758620689655,14.689655172413794,3.5172413793103448,11.03448275862069,1.896551724137931,-4.206896551724139,4.0,1.0,0.0,10.0,4.0,2.6,2.1142857142857143,2.1619047619047618,1.0,2.0,0.8,2.358490566037736,1.8653846153846154,2.452830188679245,0.9433962264150944,1.8653846153846154,1.0576923076923077,0.3619047619047619,0.12380952380952381,0.48571428571428577,14.448275862068966,10.068965517241379,5.206896551724138,10.10344827586207,1.8620689655172413,4.379310344827587
pl-2025-2026-03-14-sunderland-v-brighton,2026-03-14,2025,Sunderland,Brighton,0,1,0,0.25,0.0,459.07748978492214,11,10,999,0,1.0,0,999,0,1.0,0,3,1,1.0,1.0,3.0,3.0,8.0,0.8,1.3793103448275863,1.0344827586206897,1.1724137931034482,0.6,1.6,1.8571428571428572,0.9333333333333333,1.5714285714285714,0.9285714285714286,0.5333333333333333,1.4,0.3103448275862069,0.3448275862068966,-0.5793103448275863,9.482758620689655,14.724137931034482,3.1379310344827585,10.206896551724139,2.1379310344827585,-5.241379310344827,2.0,0.0,3.0,4.0,4.0,1.2,1.3904761904761904,1.5142857142857142,1.4952380952380953,0.8,0.8,1.6226415094339623,1.1538461538461537,1.5471698113207548,1.3018867924528301,1.4807692307692308,1.6923076923076923,0.19047619047619047,0.20952380952380953,-0.19047619047619047,12.758620689655173,12.137931034482758,4.379310344827586,12.10344827586207,2.4827586206896552,0.6206896551724146
pl-2025-2026-03-14-burnley-v-bournemouth,2026-03-14,2025,Burnley,Bournemouth,0,0,1,0.25,0.0,340.63413977449386,11,11,999,0,1.0,0,999,0,1.0,0,0,2,1.0,1.0,3.0,7.0,11.0,0.8,0.6417910447761194,1.0895522388059702,2.029850746268657,1.4,2.2,0.6060606060606061,0.6764705882352942,1.0303030303030303,2.0,1.1470588235294117,2.0588235294117645,0.07462686567164178,0.3283582089552239,0.15820895522388068,9.068965517241379,16.413793103448278,2.9310344827586206,10.0,1.7241379310344827,-7.344827586206899,1.0,4.0,0.0,4.0,3.0,1.4,1.3714285714285714,1.4857142857142858,1.5142857142857142,0.8,0.6,1.509433962264151,1.2307692307692308,1.3396226415094339,1.1132075471698113,1.6346153846153846,1.9230769230769231,0.24761904761904763,0.2,0.02857142857142847,13.689655172413794,12.551724137931034,4.862068965517241,12.137931034482758,2.4482758620689653,1.1379310344827598
pl-2025-2026-03-14-chelsea-v-newcastle,2026-03-14,2025,Chelsea,Newcastle,0,1,0,0.4166666666666667,0.0,399.7644024201057,10,10,999,0,1.0,0,999,0,1.0,0,3,3,2.0,2.0,1.0,11.0,7.0,1.6,1.7142857142857142,1.8476190476190477,1.3333333333333333,2.2,1.4,1.9423076923076923,1.490566037735849,1.9615384615384615,1.1538461538461537,1.7358490566037736,1.509433962264151,0.26666666666666666,0.14285714285714285,-0.1142857142857141,13.517241379310345,10.96551724137931,4.758620689655173,11.172413793103448,2.793103448275862,2.5517241379310356,2.0,0.0,3.0,9.0,10.0,1.2,1.5714285714285714,1.8571428571428572,1.4476190476190476,1.8,2.0,1.9622641509433962,1.1730769230769231,2.207547169811321,1.2452830188679245,1.5,1.6538461538461537,0.2857142857142857,0.18095238095238095,-0.37142857142857144,13.310344827586206,11.413793103448276,4.724137931034483,10.344827586206897,1.7586206896551724,1.8965517241379306
pl-2025-2026-03-14-arsenal-v-everton,2026-03-14,2025,Arsenal,Everton,2,0,2,0.8333333333333334,0.0,285.04585296565705,10,11,999,0,1.0,0,999,0,1.0,0,5,3,3.0,2.0,0.0,10.0,5.0,2.2,2.169811320754717,2.0660377358490565,0.8018867924528302,2.0,1.0,2.326923076923077,2.0185185185185186,2.230769230769231,0.8076923076923077,1.9074074074074074,0.7962962962962963,0.42452830188679247,0.12264150943396226,0.030188679245283012,14.3,7.766666666666667,4.866666666666666,10.166666666666666,1.3333333333333333,6.533333333333334,3.0,0.0,2.0,8.0,6.0,1.8,1.3238095238095238,1.1047619047619048,1.2190476190476192,1.6,1.2,1.3396226415094339,1.3076923076923077,1.2452830188679245,1.1320754716981132,0.9615384615384616,1.3076923076923077,0.3333333333333333,0.3333333333333333,0.4761904761904763,11.068965517241379,13.275862068965518,3.413793103448276,10.586206896551724,2.103448275862069,-2.206896551724139
pl-2025-2026-03-15-crystal-palace-v-leeds,2026-03-15,2025,Crystal Palace,Leeds,0,0,1,0.3333333333333333,0.0,283.0279993005024,10,12,999,0,1.0,0,999,0,1.0,0,3,0,3.0,0.0,2.0,8.0,6.0,1.8,1.3333333333333333,1.3428571428571427,1.3714285714285714,1.6,1.2,1.3076923076923077,1.3584905660377358,1.4423076923076923,1.3461538461538463,1.2452830188679245,1.3962264150943395,0.29523809523809524,0.21904761904761905,0.4666666666666668,11.655172413793103,11.551724137931034,3.7586206896551726,10.655172413793103,2.206896551724138,0.1034482758620694,1.0,2.0,2.0,6.0,6.0,1.0,1.0689655172413792,1.2758620689655173,1.6551724137931034,1.2,1.2,1.4666666666666666,0.6428571428571429,1.4666666666666666,1.3333333333333333,1.0714285714285714,2.0,0.13793103448275862,0.3103448275862069,-0.06896551724137923,12.517241379310345,12.206896551724139,3.896551724137931,10.517241379310345,1.5862068965517242,0.3103448275862064
pl-2025-2026-03-15-man-united-v-aston-villa,2026-03-15,2025,Man United,Aston Villa,3,1,2,0.75,0.0,109.50563181754711,11,11,999,0,1.0,0,999,0,1.0,0,3,1,3.0,1.0,1.0,7.0,4.0,2.0,1.457142857142857,1.4476190476190476,1.4476190476190476,1.4,0.8,1.6730769230769231,1.2452830188679245,1.5576923076923077,1.3846153846153846,1.3396226415094339,1.509433962264151,0.22857142857142856,0.2571428571428571,0.5428571428571429,15.931034482758621,10.89655172413793,5.758620689655173,10.275862068965518,1.4827586206896552,5.03448275862069,1.0,2.0,2.0,4.0,8.0,1.0,1.7619047619047619,1.6476190476190475,1.3904761904761904,0.8,1.6,2.056603773584906,1.4615384615384615,1.9433962264150944,1.1886792452830188,1.3461538461538463,1.5961538461538463,0.23809523809523808,0.20952380952380953,-0.7619047619047619,12.586206896551724,12.758620689655173,4.344827586206897,10.413793103448276,1.6206896551724137,-0.1724137931034484
pl-2025-2026-03-15-nott-m-forest-v-fulham,2026-03-15,2025,Nott'm Forest,Fulham,0,0,1,0.25,0.0,174.44521668544397,11,11,999,0,1.0,0,999,0,1.0,0,2,0,0.0,2.0,3.0,4.0,8.0,0.4,1.2285714285714286,1.2857142857142858,1.4857142857142858,0.8,1.6,1.25,1.2075471698113207,1.2692307692307692,1.25,1.3018867924528301,1.7169811320754718,0.21904761904761905,0.29523809523809524,-0.8285714285714286,12.862068965517242,12.862068965517242,3.9310344827586206,10.551724137931034,1.5172413793103448,0.0,2.0,0.0,3.0,6.0,8.0,1.2,1.3428571428571427,1.4190476190476191,1.5047619047619047,1.2,1.6,1.528301886792453,1.1538461538461537,1.5471698113207548,1.3584905660377358,1.2884615384615385,1.6538461538461537,0.19047619047619047,0.24761904761904763,-0.1428571428571428,12.172413793103448,11.758620689655173,3.7241379310344827,11.10344827586207,2.0689655172413794,0.4137931034482758
pl-2025-2026-03-15-liverpool-v-tottenham,2026-03-15,2025,Liverpool,Tottenham,1,1,1,0.75,0.0,282.40195504575104,12,10,999,0,1.0,0,999,0,1.0,0,3,1,3.0,0.0,2.0,9.0,6.0,1.8,2.038095238095238,2.0952380952380953,1.1523809523809523,1.8,1.2,2.326923076923077,1.7547169811320755,2.25,0.9423076923076923,1.9433962264150944,1.3584905660377358,0.3142857142857143,0.0761904761904762,-0.23809523809523792,15.758620689655173,10.827586206896552,4.517241379310345,9.862068965517242,1.5862068965517242,4.931034482758621,0.0,0.0,5.0,4.0,13.0,0.0,1.2666666666666666,1.6857142857142857,1.638095238095238,0.8,2.6,1.320754716981132,1.2115384615384615,1.7169811320754718,1.6415094339622642,1.6538461538461537,1.6346153846153846,0.19047619047619047,0.17142857142857143,-1.2666666666666666,10.96551724137931,12.862068965517242,3.7241379310344827,11.620689655172415,2.7586206896551726,-1.8965517241379324
pl-2025-2026-03-16-brentford-v-wolves,2026-03-16,2025,Brentford,Wolves,2,2,1,0.6666666666666666,0.0,175.26099274206268,13,13,999,0,1.0,0,999,0,1.0,0,1,0,2.0,2.0,1.0,8.0,8.0,1.6,1.3238095238095238,1.5809523809523809,1.542857142857143,1.6,1.6,1.5,1.150943396226415,1.7884615384615385,1.6153846153846154,1.3773584905660377,1.471698113207547,0.20952380952380953,0.23809523809523808,0.2761904761904763,10.482758620689655,12.517241379310345,4.0344827586206895,10.620689655172415,1.9310344827586208,-2.0344827586206904,2.0,2.0,1.0,6.0,4.0,1.6,0.9811320754716981,1.1886792452830188,1.7547169811320755,1.2,0.8,1.1111111111111112,0.8461538461538461,1.2962962962962963,1.7222222222222223,1.0769230769230769,1.7884615384615385,0.16037735849056603,0.29245283018867924,0.618867924528302,9.1,13.966666666666667,3.2333333333333334,13.3,2.3,-4.866666666666667
pl-2025-2026-03-20-bournemouth-v-man-united,2026-03-20,2025,Bournemouth,Man United,2,2,1,0.6666666666666666,0.0,304.9121219179983,6,5,999,0,1.0,0,999,0,1.0,0,2,3,1.0,4.0,0.0,3.0,2.0,1.4,1.3679245283018868,1.471698113207547,1.5,0.6,0.4,1.509433962264151,1.2264150943396226,1.3396226415094339,1.1132075471698113,1.6037735849056605,1.8867924528301887,0.25471698113207547,0.20754716981132076,0.03207547169811309,13.966666666666667,12.633333333333333,4.8,11.9,2.3666666666666667,1.333333333333334,3.0,1.0,1.0,8.0,5.0,2.0,1.471698113207547,1.4622641509433962,1.4433962264150944,1.6,1.0,1.6981132075471699,1.2452830188679245,1.5849056603773586,1.3773584905660377,1.3396226415094339,1.509433962264151,0.22641509433962265,0.25471698113207547,0.5283018867924529,15.933333333333334,10.833333333333334,5.766666666666667,10.266666666666667,1.5333333333333334,5.1
pl-2025-2026-03-21-brighton-v-liverpool,2026-03-21,2025,Brighton,Liverpool,2,1,2,0.4166666666666667,0.0,346.8724652187919,7,6,999,0,1.0,0,999,0,1.0,0,1,3,3.0,0.0,2.0,5.0,3.0,1.8,1.4056603773584906,1.509433962264151,1.4811320754716981,1.0,0.6,1.6226415094339623,1.1886792452830188,1.5471698113207548,1.3018867924528301,1.471698113207547,1.6603773584905661,0.19811320754716982,0.20754716981132076,0.39433962264150946,12.733333333333333,12.2,4.366666666666666,12.1,2.466666666666667,0.5333333333333332,3.0,1.0,1.0,9.0,5.0,2.0,2.0283018867924527,2.0849056603773586,1.150943396226415,1.8,1.0,2.30188679245283,1.7547169811320755,2.2264150943396226,0.9433962264150944,1.9433962264150944,1.3584905660377358,0.3113207547169811,0.07547169811320754,-0.028301886792452713,15.8,10.9,4.5,9.8,1.5333333333333334,4.9
pl-2025-2026-03-21-fulham-v-burnley,2026-03-21,2025,Fulham,Burnley,3,1,2,0.625,0.0,290.8127914923902,6,7,999,0,1.0,0,999,0,1.0,0,0,0,2.0,1.0,2.0,5.0,6.0,1.4,1.3396226415094339,1.4056603773584906,1.490566037735849,1.0,1.2,1.528301886792453,1.150943396226415,1.5471698113207548,1.3584905660377358,1.2641509433962264,1.6226415094339623,0.19811320754716982,0.25471698113207547,0.060377358490566024,11.933333333333334,11.733333333333333,3.6,11.066666666666666,2.1,0.20000000000000107,1.0,2.0,2.0,7.0,9.0,1.0,0.6470588235294118,1.0735294117647058,2.0,1.4,1.8,0.6176470588235294,0.6764705882352942,1.0,1.9411764705882353,1.1470588235294117,2.0588235294117645,0.08823529411764706,0.3382352941176471,0.3529411764705882,9.266666666666667,16.6,2.9,10.033333333333333,1.7,-7.333333333333334
pl-2025-2026-03-21-everton-v-chelsea,2026-03-21,2025,Everton,Chelsea,3,0,2,0.4166666666666667,0.0,287.53543213007396,7,7,999,0,1.0,0,999,0,1.0,0,3,3,2.0,0.0,3.0,6.0,7.0,1.2,1.3113207547169812,1.0943396226415094,1.2264150943396226,1.2,1.4,1.3396226415094339,1.2830188679245282,1.2452830188679245,1.1320754716981132,0.9433962264150944,1.320754716981132,0.330188679245283,0.33962264150943394,-0.11132075471698122,11.0,13.666666666666666,3.4,10.633333333333333,2.033333333333333,-2.666666666666666,1.0,2.0,2.0,8.0,7.0,1.0,1.6981132075471699,1.830188679245283,1.330188679245283,1.6,1.4,1.9056603773584906,1.490566037735849,1.9245283018867925,1.150943396226415,1.7358490566037736,1.509433962264151,0.2641509433962264,0.1509433962264151,-0.6981132075471699,13.8,10.833333333333334,4.7,11.1,2.7666666666666666,2.966666666666667
pl-2025-2026-03-21-leeds-v-brentford,2026-03-21,2025,Leeds,Brentford,0,0,1,0.5,0.0,268.53935687432784,6,5,999,0,1.0,0,999,0,1.0,0,0,1,0.0,3.0,2.0,3.0,5.0,0.6,1.0666666666666667,1.2333333333333334,1.6,0.6,1.0,1.4666666666666666,0.6666666666666666,1.4666666666666666,1.3333333333333333,1.0,1.8666666666666667,0.16666666666666666,0.3333333333333333,-0.4666666666666667,12.433333333333334,12.2,3.8666666666666667,10.533333333333333,1.6333333333333333,0.23333333333333428,1.0,3.0,1.0,7.0,8.0,1.2,1.320754716981132,1.5849056603773586,1.5471698113207548,1.4,1.6,1.490566037735849,1.150943396226415,1.7924528301886793,1.6226415094339623,1.3773584905660377,1.471698113207547,0.20754716981132076,0.2358490566037736,-0.12075471698113205,10.466666666666667,12.533333333333333,4.0,10.666666666666666,1.9333333333333333,-2.0666666666666664
pl-2025-2026-03-22-newcastle-v-sunderland,2026-03-22,2025,Newcastle,Sunderland,1,2,0,0.0,0.0,15.948225710187426,8,8,999,0,1.0,0,999,0,1.0,0,3,3,3.0,0.0,2.0,8.0,7.0,1.8,1.5849056603773586,1.849056603773585,1.4339622641509433,1.6,1.4,1.9622641509433962,1.2075471698113207,2.207547169811321,1.2452830188679245,1.490566037735849,1.6226415094339623,0.29245283018867924,0.1792452830188679,0.21509433962264146,13.1,11.766666666666667,4.733333333333333,10.333333333333334,1.7666666666666666,1.3333333333333321,1.0,1.0,3.0,3.0,6.0,0.8,1.3333333333333333,1.0,1.1666666666666667,0.6,1.2,1.7333333333333334,0.9333333333333333,1.4666666666666666,0.9333333333333333,0.5333333333333333,1.4,0.3,0.36666666666666664,-0.5333333333333332,9.633333333333333,14.633333333333333,3.1666666666666665,10.1,2.1,-5.0
pl-2025-2026-03-22-aston-villa-v-west-ham,2026-03-22,2025,Aston Villa,West Ham,2,0,2,0.8333333333333334,0.0,168.96256636743763,7,8,999,0,1.0,0,999,0,1.0,0,1,0,1.0,1.0,3.0,4.0,10.0,0.8,1.7452830188679245,1.6415094339622642,1.4056603773584906,0.8,2.0,2.056603773584906,1.4339622641509433,1.9433962264150944,1.1886792452830188,1.3396226415094339,1.6226415094339623,0.2358490566037736,0.20754716981132076,-0.9452830188679244,12.466666666666667,12.866666666666667,4.266666666666667,10.233333333333333,1.6333333333333333,-0.40000000000000036,1.0,3.0,1.0,5.0,7.0,1.2,1.169811320754717,1.3396226415094339,1.8018867924528301,1.0,1.4,1.169811320754717,1.169811320754717,1.3584905660377358,1.6981132075471699,1.320754716981132,1.9056603773584906,0.1509433962264151,0.2358490566037736,0.030188679245283012,10.166666666666666,15.0,3.433333333333333,11.133333333333333,1.9,-4.833333333333334
pl-2025-2026-03-22-tottenham-v-nott-m-forest,2026-03-22,2025,Tottenham,Nott'm Forest,0,3,0,0.35714285714285715,0.0,165.4626559900765,7,7,999,0,1.0,0,999,0,1.0,0,1,2,0.0,1.0,4.0,5.0,12.0,0.2,1.2641509433962264,1.679245283018868,1.6320754716981132,1.0,2.4,1.320754716981132,1.2075471698113207,1.7169811320754718,1.6415094339622642,1.6415094339622642,1.6226415094339623,0.18867924528301888,0.16981132075471697,-1.0641509433962264,11.033333333333333,13.0,3.8333333333333335,11.666666666666666,2.6666666666666665,-1.9666666666666668,0.0,3.0,2.0,3.0,5.0,0.6,1.2264150943396226,1.2735849056603774,1.471698113207547,0.6,1.0,1.2452830188679245,1.2075471698113207,1.2452830188679245,1.2264150943396226,1.3018867924528301,1.7169811320754718,0.22641509433962265,0.3018867924528302,-0.6264150943396226,12.8,12.6,3.8666666666666667,10.466666666666667,1.5333333333333334,0.20000000000000107
pl-2025-2026-04-10-west-ham-v-wolves,2026-04-10,2025,West Ham,Wolves,4,0,2,0.6666666666666666,0.0,187.5456724769656,19,25,999,0,1.0,0,999,0,1.0,0,0,0,1.0,2.0,2.0,4.0,8.0,1.0,1.158878504672897,1.3271028037383177,1.8037383177570094,0.8,1.6,1.169811320754717,1.1481481481481481,1.3584905660377358,1.6981132075471699,1.2962962962962963,1.9074074074074074,0.14953271028037382,0.24299065420560748,-0.1588785046728971,10.129032258064516,15.258064516129032,3.3548387096774195,11.0,1.8709677419354838,-5.129032258064516,2.0,2.0,1.0,8.0,6.0,1.6,0.9813084112149533,1.1962616822429906,1.7570093457943925,1.6,1.2,1.1111111111111112,0.8490566037735849,1.2962962962962963,1.7222222222222223,1.0943396226415094,1.7924528301886793,0.1588785046728972,0.2897196261682243,0.6186915887850468,9.225806451612904,13.838709677419354,3.2580645161290325,13.193548387096774,2.3548387096774195,-4.61290322580645
pl-2025-2026-04-11-arsenal-v-bournemouth,2026-04-11,2025,Arsenal,Bournemouth,1,2,0,0.5,0.0,151.49081108484273,28,22,999,0,1.0,0,999,0,1.0,0,5,2,4.0,1.0,0.0,11.0,4.0,2.6,2.177570093457944,2.0654205607476634,0.794392523364486,2.2,0.8,2.339622641509434,2.0185185185185186,2.2264150943396226,0.7924528301886793,1.9074074074074074,0.7962962962962963,0.42990654205607476,0.12149532710280374,0.42242990654205625,14.64516129032258,7.806451612903226,4.935483870967742,10.193548387096774,1.2903225806451613,6.838709677419354,0.0,5.0,0.0,3.0,3.0,1.0,1.3644859813084111,1.4766355140186915,1.5046728971962617,0.6,0.6,1.5,1.2264150943396226,1.3518518518518519,1.1296296296296295,1.6037735849056605,1.8867924528301887,0.2523364485981308,0.205607476635514,-0.36448598130841114,14.03225806451613,12.67741935483871,4.806451612903226,11.838709677419354,2.3548387096774195,1.35483870967742
pl-2025-2026-04-11-brentford-v-everton,2026-04-11,2025,Brentford,Everton,2,2,1,0.4166666666666667,0.0,282.2885709497786,21,21,999,0,1.0,0,999,0,1.0,0,1,3,1.0,3.0,1.0,6.0,7.0,1.2,1.3177570093457944,1.5700934579439252,1.5327102803738317,1.2,1.4,1.490566037735849,1.1481481481481481,1.7924528301886793,1.6226415094339623,1.3518518518518519,1.4444444444444444,0.21495327102803738,0.24299065420560748,-0.11775700934579447,10.32258064516129,12.580645161290322,3.935483870967742,10.612903225806452,1.8709677419354838,-2.258064516129032,3.0,0.0,2.0,8.0,5.0,1.8,1.3271028037383177,1.1121495327102804,1.2149532710280373,1.6,1.0,1.3703703703703705,1.2830188679245282,1.2777777777777777,1.1111111111111112,0.9433962264150944,1.320754716981132,0.3364485981308411,0.3364485981308411,0.47289719626168236,10.96774193548387,13.612903225806452,3.5806451612903225,10.483870967741936,1.967741935483871,-2.645161290322582
pl-2025-2026-04-11-burnley-v-brighton,2026-04-11,2025,Burnley,Brighton,0,2,0,0.25,0.0,356.73795278377855,21,21,999,0,1.0,0,999,0,1.0,0,0,1,0.0,2.0,3.0,5.0,10.0,0.4,0.6376811594202898,1.0724637681159421,2.0144927536231885,1.0,2.0,0.6176470588235294,0.6571428571428571,1.0,1.9411764705882353,1.1428571428571428,2.085714285714286,0.08695652173913043,0.3333333333333333,-0.23768115942028978,9.258064516129032,16.774193548387096,2.967741935483871,10.0,1.7741935483870968,-7.516129032258064,4.0,0.0,1.0,7.0,3.0,2.4,1.4205607476635513,1.514018691588785,1.4766355140186915,1.4,0.6,1.6481481481481481,1.1886792452830188,1.5555555555555556,1.2962962962962963,1.471698113207547,1.6603773584905661,0.19626168224299065,0.205607476635514,0.9794392523364486,12.838709677419354,12.193548387096774,4.451612903225806,12.064516129032258,2.5483870967741935,0.6451612903225801
pl-2025-2026-04-11-liverpool-v-fulham,2026-04-11,2025,Liverpool,Fulham,2,0,2,0.6428571428571429,0.0,286.14773399258996,21,21,999,0,1.0,0,999,0,1.0,0,3,0,2.0,1.0,2.0,9.0,7.0,1.4,2.0093457943925235,2.074766355140187,1.158878504672897,1.8,1.4,2.30188679245283,1.7222222222222223,2.2264150943396226,0.9433962264150944,1.9259259259259258,1.3703703703703705,0.308411214953271,0.07476635514018691,-0.6093457943925236,15.67741935483871,11.064516129032258,4.516129032258065,9.838709677419354,1.6451612903225807,4.612903225806452,3.0,1.0,1.0,8.0,4.0,2.0,1.355140186915888,1.4205607476635513,1.485981308411215,1.6,0.8,1.5555555555555556,1.150943396226415,1.5740740740740742,1.3518518518518519,1.2641509433962264,1.6226415094339623,0.19626168224299065,0.2523364485981308,0.6448598130841121,12.258064516129032,11.64516129032258,3.6774193548387095,10.903225806451612,2.096774193548387,0.612903225806452
pl-2025-2026-04-12-crystal-palace-v-newcastle,2026-04-12,2025,Crystal Palace,Newcastle,2,1,2,0.4166666666666667,0.0,410.5409888486364,28,21,999,0,1.0,0,999,0,1.0,0,3,3,2.0,1.0,2.0,7.0,6.0,1.4,1.330188679245283,1.330188679245283,1.3584905660377358,1.4,1.2,1.3018867924528301,1.3584905660377358,1.4150943396226414,1.320754716981132,1.2452830188679245,1.3962264150943395,0.3018867924528302,0.22641509433962265,0.06981132075471685,11.666666666666666,11.5,3.6333333333333333,10.7,2.2,0.16666666666666607,2.0,0.0,3.0,7.0,8.0,1.2,1.5700934579439252,1.841121495327103,1.439252336448598,1.4,1.6,1.9259259259259258,1.2075471698113207,2.185185185185185,1.2592592592592593,1.490566037735849,1.6226415094339623,0.2897196261682243,0.17757009345794392,-0.37009345794392523,13.193548387096774,11.935483870967742,4.709677419354839,10.258064516129032,1.7419354838709677,1.258064516129032
pl-2025-2026-04-12-nott-m-forest-v-aston-villa,2026-04-12,2025,Nott'm Forest,Aston Villa,1,1,1,0.5,0.0,69.52881835662885,21,21,999,0,1.0,0,999,0,1.0,0,2,1,1.0,2.0,2.0,6.0,5.0,1.0,1.2429906542056075,1.2897196261682242,1.4579439252336448,1.2,1.0,1.2452830188679245,1.2407407407407407,1.2452830188679245,1.2264150943396226,1.3333333333333333,1.6851851851851851,0.2336448598130841,0.29906542056074764,-0.2429906542056075,12.64516129032258,12.64516129032258,3.967741935483871,10.548387096774194,1.5483870967741935,0.0,1.0,1.0,3.0,5.0,10.0,0.8,1.7570093457943925,1.644859813084112,1.3925233644859814,1.0,2.0,2.074074074074074,1.4339622641509433,1.9444444444444444,1.1666666666666667,1.3396226415094339,1.6226415094339623,0.24299065420560748,0.205607476635514,-0.9570093457943925,12.806451612903226,12.741935483870968,4.354838709677419,10.0,1.5806451612903225,0.06451612903225801
pl-2025-2026-04-12-sunderland-v-tottenham,2026-04-12,2025,Sunderland,Tottenham,1,0,2,0.75,0.0,378.39563060113977,21,21,999,0,1.0,0,999,0,1.0,0,3,1,2.0,1.0,2.0,5.0,6.0,1.4,1.3870967741935485,1.032258064516129,1.1612903225806452,1.0,1.2,1.7333333333333334,1.0625,1.4666666666666666,0.9333333333333333,0.625,1.375,0.2903225806451613,0.3548387096774194,0.012903225806451424,9.870967741935484,14.67741935483871,3.2903225806451615,10.387096774193548,2.225806451612903,-4.806451612903226,0.0,1.0,4.0,4.0,13.0,0.2,1.2523364485981308,1.6635514018691588,1.644859813084112,0.8,2.6,1.2962962962962963,1.2075471698113207,1.6851851851851851,1.6666666666666667,1.6415094339622642,1.6226415094339623,0.18691588785046728,0.17757009345794392,-1.0523364485981308,11.129032258064516,12.838709677419354,3.806451612903226,11.709677419354838,2.6129032258064515,-1.709677419354838
pl-2025-2026-04-12-chelsea-v-man-city,2026-04-12,2025,Chelsea,Man City,0,3,0,0.25,0.0,260.77289712751275,22,29,999,0,1.0,0,999,0,1.0,0,3,1,1.0,1.0,3.0,6.0,8.0,0.8,1.6822429906542056,1.8130841121495327,1.3457943925233644,1.2,1.6,1.9056603773584906,1.462962962962963,1.9245283018867925,1.150943396226415,1.7037037037037037,1.537037037037037,0.2616822429906542,0.1588785046728972,-0.8822429906542055,13.741935483870968,10.806451612903226,4.67741935483871,10.96774193548387,2.7419354838709675,2.935483870967742,3.0,2.0,0.0,9.0,4.0,2.2,2.1037735849056602,2.150943396226415,1.0,1.8,0.8,2.358490566037736,1.849056603773585,2.452830188679245,0.9433962264150944,1.849056603773585,1.0566037735849056,0.3584905660377358,0.12264150943396226,0.09622641509433993,14.766666666666667,9.766666666666667,5.233333333333333,9.933333333333334,1.8666666666666667,5.0
pl-2025-2026-04-13-man-united-v-leeds,2026-04-13,2025,Man United,Leeds,1,2,0,0.25,0.0,58.953189098089645,24,23,999,0,1.0,0,999,0,1.0,0,3,0,3.0,1.0,1.0,9.0,6.0,2.0,1.4672897196261683,1.4672897196261683,1.4485981308411215,1.8,1.2,1.6981132075471699,1.2407407407407407,1.5849056603773586,1.3773584905660377,1.3518518518518519,1.5185185185185186,0.22429906542056074,0.2523364485981308,0.5327102803738317,15.870967741935484,11.0,5.741935483870968,10.225806451612904,1.6129032258064515,4.870967741935484,0.0,3.0,2.0,1.0,3.0,0.6,1.064516129032258,1.1935483870967742,1.5483870967741935,0.2,0.6,1.4375,0.6666666666666666,1.375,1.25,1.0,1.8666666666666667,0.1935483870967742,0.3548387096774194,-0.46451612903225803,12.483870967741936,12.0,3.870967741935484,10.387096774193548,1.6451612903225807,0.48387096774193594
pl-2025-2026-04-18-brentford-v-fulham,2026-04-18,2025,Brentford,Fulham,0,0,1,0.3333333333333333,0.0,5.293655688071253,7,7,999,0,1.0,0,999,0,1.0,0,1,0,1.0,4.0,0.0,8.0,7.0,1.4,1.3148148148148149,1.5740740740740742,1.537037037037037,1.6,1.4,1.4814814814814814,1.1481481481481481,1.7962962962962963,1.6296296296296295,1.3518518518518519,1.4444444444444444,0.21296296296296297,0.24074074074074073,0.08518518518518503,10.53125,12.625,3.9375,10.46875,1.8125,-2.09375,2.0,1.0,2.0,5.0,5.0,1.4,1.3425925925925926,1.4074074074074074,1.4907407407407407,1.0,1.0,1.5555555555555556,1.1296296296296295,1.5740740740740742,1.3518518518518519,1.2407407407407407,1.6296296296296295,0.19444444444444445,0.25925925925925924,0.05740740740740735,12.46875,11.84375,3.6875,10.6875,2.03125,0.625
pl-2025-2026-04-18-leeds-v-wolves,2026-04-18,2025,Leeds,Wolves,3,0,2,1.0,0.0,137.23129495569563,5,8,999,0,1.0,0,999,0,1.0,0,0,0,1.0,2.0,2.0,2.0,3.0,1.0,1.125,1.21875,1.53125,0.4,0.6,1.4375,0.8125,1.375,1.25,1.0625,1.8125,0.1875,0.34375,-0.125,12.5625,12.25,3.9375,10.53125,1.65625,0.3125,2.0,1.0,2.0,6.0,8.0,1.4,0.9722222222222222,1.1851851851851851,1.7777777777777777,1.2,1.6,1.1111111111111112,0.8333333333333334,1.2962962962962963,1.7222222222222223,1.0740740740740742,1.8333333333333333,0.1574074074074074,0.2962962962962963,0.4277777777777777,9.375,13.96875,3.25,13.0,2.34375,-4.59375
pl-2025-2026-04-18-newcastle-v-bournemouth,2026-04-18,2025,Newcastle,Bournemouth,1,2,0,0.2857142857142857,0.0,471.70564071559664,6,7,999,0,1.0,0,999,0,1.0,0,3,2,2.0,0.0,3.0,7.0,8.0,1.2,1.5555555555555556,1.8333333333333333,1.4444444444444444,1.4,1.6,1.9259259259259258,1.1851851851851851,2.185185185185185,1.2592592592592593,1.4814814814814814,1.6296296296296295,0.28703703703703703,0.17592592592592593,-0.3555555555555556,13.0,11.90625,4.65625,10.3125,1.78125,1.09375,1.0,4.0,0.0,5.0,4.0,1.4,1.3796296296296295,1.4814814814814814,1.5,1.0,0.8,1.5,1.2592592592592593,1.3518518518518519,1.1296296296296295,1.6111111111111112,1.8703703703703705,0.25,0.2037037037037037,0.020370370370370372,13.84375,12.75,4.75,12.03125,2.375,1.09375
pl-2025-2026-04-18-tottenham-v-brighton,2026-04-18,2025,Tottenham,Brighton,2,2,1,0.3333333333333333,0.0,82.62630823994282,6,7,999,0,1.0,0,999,0,1.0,0,1,1,0.0,1.0,4.0,3.0,10.0,0.2,1.2407407407407407,1.6481481481481481,1.6388888888888888,0.6,2.0,1.2962962962962963,1.1851851851851851,1.6851851851851851,1.6666666666666667,1.6111111111111112,1.6111111111111112,0.18518518518518517,0.18518518518518517,-1.0407407407407407,11.125,12.84375,3.90625,11.8125,2.625,-1.71875,4.0,0.0,1.0,7.0,3.0,2.4,1.4351851851851851,1.5185185185185186,1.462962962962963,1.4,0.6,1.6481481481481481,1.2222222222222223,1.5555555555555556,1.2962962962962963,1.4814814814814814,1.6296296296296295,0.2037037037037037,0.2037037037037037,0.9648148148148148,12.84375,12.125,4.5,12.03125,2.5,0.71875
pl-2025-2026-04-18-chelsea-v-man-united,2026-04-18,2025,Chelsea,Man United,0,1,0,0.4166666666666667,0.0,262.184399614443,6,5,999,0,1.0,0,999,0,1.0,0,3,3,1.0,0.0,4.0,5.0,10.0,0.6,1.6666666666666667,1.7962962962962963,1.3611111111111112,1.0,2.0,1.8703703703703705,1.462962962962963,1.8888888888888888,1.1851851851851851,1.7037037037037037,1.537037037037037,0.25925925925925924,0.16666666666666666,-1.0666666666666669,13.6875,11.03125,4.625,10.9375,2.75,2.65625,2.0,1.0,2.0,9.0,8.0,1.4,1.4537037037037037,1.462962962962963,1.4537037037037037,1.8,1.6,1.6666666666666667,1.2407407407407407,1.5740740740740742,1.3888888888888888,1.3518518518518519,1.5185185185185186,0.2222222222222222,0.25,-0.05370370370370381,16.0,11.125,5.84375,10.28125,1.71875,4.875
pl-2025-2026-04-19-aston-villa-v-sunderland,2026-04-19,2025,Aston Villa,Sunderland,4,3,2,0.75,0.0,269.4146729289331,7,7,999,0,1.0,0,999,0,1.0,0,1,3,1.0,1.0,3.0,5.0,10.0,0.8,1.75,1.6388888888888888,1.3888888888888888,1.0,2.0,2.074074074074074,1.4259259259259258,1.9444444444444444,1.1666666666666667,1.3333333333333333,1.6111111111111112,0.24074074074074073,0.2037037037037037,-0.95,12.78125,12.8125,4.375,10.0,1.59375,-0.03125,3.0,1.0,1.0,5.0,3.0,2.0,1.4375,1.03125,1.125,1.0,0.6,1.8125,1.0625,1.4375,0.875,0.625,1.375,0.3125,0.34375,0.5625,9.96875,14.5625,3.25,10.5,2.25,-4.59375
pl-2025-2026-04-19-everton-v-liverpool,2026-04-19,2025,Everton,Liverpool,1,2,0,0.25,0.0,0.8895594131562731,8,8,999,0,1.0,0,999,0,1.0,0,3,3,3.0,1.0,1.0,10.0,6.0,2.0,1.3240740740740742,1.1203703703703705,1.2222222222222223,2.0,1.2,1.3703703703703705,1.2777777777777777,1.2777777777777777,1.1111111111111112,0.9629629629629629,1.3333333333333333,0.3333333333333333,0.3333333333333333,0.6759259259259258,11.0625,13.71875,3.6875,10.375,1.96875,-2.65625,2.0,1.0,2.0,10.0,7.0,1.4,2.0185185185185186,2.074074074074074,1.1481481481481481,2.0,1.4,2.314814814814815,1.7222222222222223,2.2222222222222223,0.9259259259259259,1.9259259259259258,1.3703703703703705,0.3148148148148148,0.07407407407407407,-0.6185185185185187,15.75,11.3125,4.53125,9.84375,1.59375,4.4375
pl-2025-2026-04-19-nott-m-forest-v-burnley,2026-04-19,2025,Nott'm Forest,Burnley,4,1,2,0.75,0.0,119.04247297206578,7,8,999,0,1.0,0,999,0,1.0,0,2,0,1.0,3.0,1.0,7.0,5.0,1.2,1.2407407407407407,1.287037037037037,1.4537037037037037,1.4,1.0,1.2407407407407407,1.2407407407407407,1.2407407407407407,1.2222222222222223,1.3333333333333333,1.6851851851851851,0.23148148148148148,0.2962962962962963,-0.040740740740740744,12.71875,12.625,3.96875,10.6875,1.5625,0.09375,0.0,1.0,4.0,4.0,11.0,0.2,0.6285714285714286,1.0571428571428572,2.0142857142857142,0.8,2.2,0.6,0.6571428571428571,0.9714285714285714,1.9428571428571428,1.1428571428571428,2.085714285714286,0.08571428571428572,0.34285714285714286,-0.42857142857142855,9.28125,16.65625,3.03125,9.90625,1.78125,-7.375
pl-2025-2026-04-19-man-city-v-arsenal,2026-04-19,2025,Man City,Arsenal,2,1,2,0.4166666666666667,0.0,256.75988180011495,7,8,999,0,1.0,0,999,0,1.0,0,1,5,3.0,2.0,0.0,9.0,4.0,2.2,2.1121495327102804,2.1588785046728973,0.9906542056074766,1.8,0.8,2.358490566037736,1.8703703703703705,2.452830188679245,0.9433962264150944,1.8703703703703705,1.037037037037037,0.3644859813084112,0.12149532710280374,0.08785046728971979,14.870967741935484,9.838709677419354,5.32258064516129,10.064516129032258,1.8387096774193548,5.03225806451613,4.0,0.0,1.0,10.0,4.0,2.4,2.1574074074074074,2.0555555555555554,0.8055555555555556,2.0,0.8,2.2962962962962963,2.0185185185185186,2.2037037037037037,0.8148148148148148,1.9074074074074074,0.7962962962962963,0.42592592592592593,0.12037037037037036,0.24259259259259247,14.65625,7.8125,4.875,10.25,1.28125,6.84375
pl-2025-2026-04-20-crystal-palace-v-west-ham,2026-04-20,2025,Crystal Palace,West Ham,0,0,1,0.6666666666666666,0.0,17.19692229534069,8,10,999,0,1.0,0,999,0,1.0,0,3,0,3.0,1.0,1.0,7.0,4.0,2.0,1.3457943925233644,1.3364485981308412,1.355140186915888,1.4,0.8,1.3333333333333333,1.3584905660377358,1.4259259259259258,1.3148148148148149,1.2452830188679245,1.3962264150943395,0.29906542056074764,0.22429906542056074,0.6542056074766356,11.64516129032258,11.35483870967742,3.6774193548387095,10.903225806451612,2.129032258064516,0.29032258064516014,2.0,1.0,2.0,8.0,8.0,1.4,1.1759259259259258,1.3518518518518519,1.787037037037037,1.6,1.6,1.2037037037037037,1.1481481481481481,1.4074074074074074,1.6666666666666667,1.2962962962962963,1.9074074074074074,0.1574074074074074,0.24074074074074073,0.2240740740740741,10.375,15.21875,3.46875,11.0,1.875,-4.84375
pl-2025-2026-04-21-brighton-v-chelsea,2026-04-21,2025,Brighton,Chelsea,3,0,2,0.42857142857142855,0.0,69.4613335293603,3,3,999,0,1.0,0,999,0,1.0,0,1,3,3.0,1.0,1.0,7.0,4.0,2.0,1.4311926605504588,1.5229357798165137,1.4678899082568808,1.4,0.8,1.6481481481481481,1.2181818181818183,1.5555555555555556,1.2962962962962963,1.490909090909091,1.6363636363636365,0.2018348623853211,0.2018348623853211,0.5688073394495412,12.757575757575758,12.151515151515152,4.454545454545454,12.090909090909092,2.4545454545454546,0.6060606060606055,1.0,0.0,4.0,4.0,9.0,0.6,1.651376146788991,1.7798165137614679,1.3577981651376148,0.8,1.8,1.8363636363636364,1.462962962962963,1.8545454545454545,1.1818181818181819,1.7037037037037037,1.537037037037037,0.25688073394495414,0.1743119266055046,-1.051376146788991,13.909090909090908,10.818181818181818,4.575757575757576,10.969696969696969,2.696969696969697,3.09090909090909
pl-2025-2026-04-22-bournemouth-v-leeds,2026-04-22,2025,Bournemouth,Leeds,2,2,1,0.5,0.0,338.8495275425896,4,4,999,0,1.0,0,999,0,1.0,0,2,0,2.0,3.0,0.0,6.0,4.0,1.8,1.3944954128440368,1.4862385321100917,1.4954128440366972,1.2,0.8,1.5,1.290909090909091,1.3518518518518519,1.1296296296296295,1.6181818181818182,1.8545454545454545,0.24770642201834864,0.2018348623853211,0.40550458715596327,13.787878787878787,12.727272727272727,4.696969696969697,12.030303030303031,2.4242424242424243,1.0606060606060606,2.0,2.0,1.0,5.0,2.0,1.6,1.1818181818181819,1.2727272727272727,1.4848484848484849,1.0,0.4,1.5294117647058822,0.8125,1.4705882352941178,1.1764705882352942,1.0625,1.8125,0.21212121212121213,0.3333333333333333,0.4181818181818182,12.696969696969697,12.090909090909092,4.0,10.484848484848484,1.6666666666666667,0.6060606060606055
pl-2025-2026-04-22-burnley-v-man-city,2026-04-22,2025,Burnley,Man City,0,1,0,0.0,0.0,34.08308364984009,3,3,999,0,1.0,0,999,0,1.0,0,0,1,0.0,1.0,4.0,2.0,11.0,0.2,0.6197183098591549,1.056338028169014,2.0422535211267605,0.4,2.2,0.6,0.6388888888888888,0.9714285714285714,1.9428571428571428,1.1388888888888888,2.138888888888889,0.08450704225352113,0.3380281690140845,-0.41971830985915487,9.121212121212121,16.454545454545453,3.0303030303030303,9.969696969696969,1.7878787878787878,-7.333333333333332,3.0,2.0,0.0,9.0,4.0,2.2,2.1203703703703702,2.1574074074074074,0.9907407407407407,1.8,0.8,2.3703703703703702,1.8703703703703705,2.4444444444444446,0.9444444444444444,1.8703703703703705,1.037037037037037,0.3611111111111111,0.12037037037037036,0.07962962962962994,14.875,9.8125,5.3125,9.90625,1.84375,5.0625
pl-2025-2026-04-24-sunderland-v-nott-m-forest,2026-04-24,2025,Sunderland,Nott'm Forest,0,5,0,0.5,0.0,220.1127175019179,5,5,999,0,1.0,0,999,0,1.0,0,3,2,3.0,0.0,2.0,7.0,6.0,1.8,1.393939393939394,1.0909090909090908,1.2121212121212122,1.4,1.2,1.8125,1.0,1.4375,0.875,0.7647058823529411,1.5294117647058822,0.30303030303030304,0.3333333333333333,0.406060606060606,9.969696969696969,14.575757575757576,3.3636363636363638,10.515151515151516,2.272727272727273,-4.606060606060607,2.0,3.0,0.0,10.0,4.0,1.8,1.2568807339449541,1.311926605504587,1.4495412844036697,2.0,0.8,1.2727272727272727,1.2407407407407407,1.290909090909091,1.2181818181818183,1.3333333333333333,1.6851851851851851,0.22935779816513763,0.29357798165137616,0.5431192660550459,12.636363636363637,12.363636363636363,3.9696969696969697,10.606060606060606,1.5151515151515151,0.2727272727272734
pl-2025-2026-04-25-wolves-v-tottenham,2026-04-25,2025,Wolves,Tottenham,0,1,0,0.6666666666666666,0.0,178.59163356679554,7,7,999,0,1.0,0,999,0,1.0,0,0,1,2.0,1.0,2.0,6.0,10.0,1.4,0.963302752293578,1.1743119266055047,1.7889908256880733,1.2,2.0,1.1111111111111112,0.8181818181818182,1.2962962962962963,1.7222222222222223,1.0545454545454545,1.8545454545454545,0.1559633027522936,0.30275229357798167,0.43669724770642193,9.303030303030303,14.06060606060606,3.212121212121212,13.121212121212121,2.303030303030303,-4.757575757575758,0.0,2.0,3.0,4.0,10.0,0.4,1.238532110091743,1.651376146788991,1.6422018348623852,0.8,2.0,1.290909090909091,1.1851851851851851,1.690909090909091,1.6727272727272726,1.6111111111111112,1.6111111111111112,0.1834862385321101,0.1834862385321101,-0.838532110091743,11.181818181818182,12.757575757575758,3.9696969696969697,11.878787878787879,2.6363636363636362,-1.5757575757575761
pl-2025-2026-04-25-arsenal-v-newcastle,2026-04-25,2025,Arsenal,Newcastle,1,0,2,0.6666666666666666,0.0,393.0491582554326,6,7,999,0,1.0,0,999,0,1.0,0,5,3,3.0,0.0,2.0,7.0,5.0,1.8,2.1376146788990824,2.0458715596330275,0.8165137614678899,1.4,1.0,2.2962962962962963,1.981818181818182,2.2037037037037037,0.8148148148148148,1.8909090909090909,0.8181818181818182,0.42201834862385323,0.11926605504587157,-0.33761467889908237,14.484848484848484,8.030303030303031,4.818181818181818,10.303030303030303,1.303030303030303,6.454545454545453,2.0,0.0,3.0,6.0,7.0,1.2,1.5412844036697249,1.8256880733944953,1.4495412844036697,1.2,1.4,1.8909090909090909,1.1851851851851851,2.1636363636363636,1.2727272727272727,1.4814814814814814,1.6296296296296295,0.28440366972477066,0.1743119266055046,-0.3412844036697249,12.969696969696969,11.909090909090908,4.606060606060606,10.333333333333334,1.7878787878787878,1.0606060606060606
pl-2025-2026-04-25-liverpool-v-crystal-palace,2026-04-25,2025,Liverpool,Crystal Palace,3,1,2,0.5833333333333334,0.0,298.70905973346817,6,5,999,0,1.0,0,999,0,1.0,0,3,3,2.0,1.0,2.0,7.0,6.0,1.4,2.0275229357798166,2.073394495412844,1.146788990825688,1.4,1.2,2.314814814814815,1.7454545454545454,2.2222222222222223,0.9259259259259259,1.9272727272727272,1.3636363636363635,0.3119266055045872,0.07339449541284404,-0.6275229357798167,15.696969696969697,11.272727272727273,4.575757575757576,9.909090909090908,1.5454545454545454,4.424242424242424,2.0,2.0,1.0,6.0,4.0,1.6,1.3425925925925926,1.3240740740740742,1.3425925925925926,1.2,0.8,1.3272727272727274,1.3584905660377358,1.4,1.290909090909091,1.2452830188679245,1.3962264150943395,0.3055555555555556,0.23148148148148148,0.25740740740740753,11.5625,11.28125,3.59375,10.96875,2.125,0.28125
pl-2025-2026-04-25-west-ham-v-everton,2026-04-25,2025,West Ham,Everton,2,1,2,0.5833333333333334,0.0,292.1857178284632,5,6,999,0,1.0,0,999,0,1.0,0,0,3,2.0,2.0,1.0,6.0,3.0,1.6,1.1743119266055047,1.3394495412844036,1.7706422018348624,1.2,0.6,1.2037037037037037,1.1454545454545455,1.4074074074074074,1.6666666666666667,1.2727272727272727,1.8727272727272728,0.1651376146788991,0.24770642201834864,0.42568807339449544,10.333333333333334,15.030303030303031,3.484848484848485,11.030303030303031,1.8484848484848484,-4.696969696969697,2.0,1.0,2.0,8.0,6.0,1.4,1.311926605504587,1.1192660550458715,1.2293577981651376,1.6,1.2,1.3454545454545455,1.2777777777777777,1.2727272727272727,1.1272727272727272,0.9629629629629629,1.3333333333333333,0.3302752293577982,0.3302752293577982,0.08807339449541285,11.030303030303031,13.727272727272727,3.696969696969697,10.303030303030303,1.9696969696969697,-2.6969696969696955
pl-2025-2026-04-25-fulham-v-aston-villa,2026-04-25,2025,Fulham,Aston Villa,1,0,2,0.16666666666666666,0.0,161.8578264509525,7,6,999,0,1.0,0,999,0,1.0,0,0,1,1.0,2.0,2.0,3.0,4.0,1.0,1.3394495412844036,1.3944954128440368,1.4770642201834863,0.6,0.8,1.5555555555555556,1.1272727272727272,1.5740740740740742,1.3518518518518519,1.2181818181818183,1.6,0.2018348623853211,0.26605504587155965,-0.33944954128440363,12.424242424242424,11.878787878787879,3.5757575757575757,10.757575757575758,2.0,0.545454545454545,2.0,1.0,2.0,9.0,11.0,1.4,1.761467889908257,1.6605504587155964,1.4036697247706422,1.8,2.2,2.090909090909091,1.4259259259259258,1.981818181818182,1.2,1.3333333333333333,1.6111111111111112,0.23853211009174313,0.2018348623853211,-0.36146788990825707,12.848484848484848,12.727272727272727,4.454545454545454,10.030303030303031,1.5757575757575757,0.1212121212121211
pl-2025-2026-04-27-man-united-v-brentford,2026-04-27,2025,Man United,Brentford,2,1,2,0.5833333333333334,0.0,257.6448222780316,9,9,999,0,1.0,0,999,0,1.0,0,3,1,2.0,1.0,2.0,8.0,7.0,1.4,1.4678899082568808,1.4587155963302751,1.4403669724770642,1.6,1.4,1.6666666666666667,1.2727272727272727,1.5740740740740742,1.3888888888888888,1.3454545454545455,1.490909090909091,0.22935779816513763,0.24770642201834864,-0.0678899082568809,15.636363636363637,11.424242424242424,5.696969696969697,10.363636363636363,1.7575757575757576,4.212121212121213,0.0,5.0,0.0,4.0,4.0,1.0,1.311926605504587,1.5596330275229358,1.5229357798165137,0.8,0.8,1.4727272727272727,1.1481481481481481,1.7636363636363637,1.6,1.3518518518518519,1.4444444444444444,0.22018348623853212,0.24770642201834864,-0.31192660550458706,10.606060606060606,12.575757575757576,3.9393939393939394,10.393939393939394,1.7575757575757576,-1.9696969696969706
pl-2025-2026-05-01-leeds-v-burnley,2026-05-01,2025,Leeds,Burnley,3,1,2,0.5,0.0,43.24655552986829,9,9,999,0,1.0,0,999,0,1.0,0,0,0,2.0,3.0,0.0,7.0,3.0,1.8,1.1764705882352942,1.2941176470588236,1.5,1.4,0.6,1.5294117647058822,0.8235294117647058,1.4705882352941178,1.1764705882352942,1.1176470588235294,1.8235294117647058,0.20588235294117646,0.3235294117647059,0.6235294117647059,12.617647058823529,12.235294117647058,3.9705882352941178,10.470588235294118,1.6176470588235294,0.382352941176471,0.0,1.0,4.0,2.0,10.0,0.2,0.6111111111111112,1.0416666666666667,2.0277777777777777,0.4,2.0,0.5833333333333334,0.6388888888888888,0.9444444444444444,1.9166666666666667,1.1388888888888888,2.138888888888889,0.08333333333333333,0.3472222222222222,-0.41111111111111115,9.117647058823529,16.794117647058822,2.9705882352941178,9.970588235294118,1.7352941176470589,-7.6764705882352935
pl-2025-2026-05-02-brentford-v-west-ham,2026-05-02,2025,Brentford,West Ham,3,0,2,0.75,0.0,22.038150596322613,5,7,999,0,1.0,0,999,0,1.0,0,1,0,0.0,4.0,1.0,5.0,6.0,0.8,1.3,1.5545454545454545,1.5272727272727273,1.0,1.2,1.4727272727272727,1.1272727272727272,1.7636363636363637,1.6,1.3454545454545455,1.4545454545454546,0.21818181818181817,0.24545454545454545,-0.5,10.647058823529411,12.529411764705882,3.9411764705882355,10.352941176470589,1.8235294117647058,-1.882352941176471,2.0,2.0,1.0,7.0,4.0,1.6,1.190909090909091,1.3454545454545455,1.7636363636363637,1.4,0.8,1.2363636363636363,1.1454545454545455,1.4181818181818182,1.6545454545454545,1.2727272727272727,1.8727272727272728,0.16363636363636364,0.24545454545454545,0.40909090909090917,10.323529411764707,14.911764705882353,3.4705882352941178,10.970588235294118,1.8823529411764706,-4.588235294117647
pl-2025-2026-05-02-newcastle-v-brighton,2026-05-02,2025,Newcastle,Brighton,3,1,2,0.3333333333333333,0.0,468.80022223251495,7,11,999,0,1.0,0,999,0,1.0,0,3,1,1.0,0.0,4.0,4.0,7.0,0.6,1.5272727272727273,1.809090909090909,1.4454545454545455,0.8,1.4,1.8909090909090909,1.1636363636363636,2.1636363636363636,1.2727272727272727,1.4545454545454546,1.6181818181818182,0.2818181818181818,0.18181818181818182,-0.9272727272727274,12.970588235294118,11.882352941176471,4.5588235294117645,10.323529411764707,1.7941176470588236,1.0882352941176467,4.0,1.0,0.0,10.0,3.0,2.6,1.4454545454545455,1.5363636363636364,1.4545454545454546,2.0,0.6,1.6727272727272726,1.2181818181818183,1.5818181818181818,1.2727272727272727,1.490909090909091,1.6363636363636365,0.20909090909090908,0.2,1.1545454545454545,12.823529411764707,11.970588235294118,4.588235294117647,12.176470588235293,2.411764705882353,0.8529411764705888
pl-2025-2026-05-02-wolves-v-sunderland,2026-05-02,2025,Wolves,Sunderland,1,1,1,0.25,0.0,262.9774199343313,7,8,999,0,1.0,0,999,0,1.0,0,0,3,1.0,1.0,3.0,4.0,11.0,0.8,0.9545454545454546,1.1636363636363636,1.7818181818181817,0.8,2.2,1.0909090909090908,0.8181818181818182,1.2727272727272727,1.709090909090909,1.0545454545454545,1.8545454545454545,0.15454545454545454,0.3090909090909091,-0.15454545454545454,9.352941176470589,13.970588235294118,3.176470588235294,12.970588235294118,2.323529411764706,-4.617647058823529,2.0,0.0,3.0,6.0,11.0,1.2,1.3529411764705883,1.0588235294117647,1.3235294117647058,1.2,2.2,1.7058823529411764,1.0,1.3529411764705883,1.1176470588235294,0.7647058823529411,1.5294117647058822,0.29411764705882354,0.35294117647058826,-0.15294117647058836,10.088235294117647,14.441176470588236,3.3823529411764706,10.588235294117647,2.264705882352941,-4.352941176470589
pl-2025-2026-05-02-arsenal-v-fulham,2026-05-02,2025,Arsenal,Fulham,3,0,2,0.6666666666666666,0.0,12.102078440930182,7,7,999,0,1.0,0,999,0,1.0,0,5,0,3.0,0.0,2.0,6.0,4.0,1.8,2.1454545454545455,2.036363636363636,0.8090909090909091,1.2,0.8,2.309090909090909,1.981818181818182,2.1818181818181817,0.8,1.8909090909090909,0.8181818181818182,0.42727272727272725,0.11818181818181818,-0.34545454545454546,14.382352941176471,8.176470588235293,4.794117647058823,10.382352941176471,1.3235294117647058,6.2058823529411775,2.0,2.0,1.0,4.0,3.0,1.6,1.3545454545454545,1.3909090909090909,1.4636363636363636,0.8,0.6,1.5818181818181818,1.1272727272727272,1.5636363636363637,1.3272727272727274,1.2181818181818183,1.6,0.20909090909090908,0.2636363636363636,0.2454545454545456,12.441176470588236,11.823529411764707,3.6470588235294117,10.852941176470589,2.0,0.617647058823529
pl-2025-2026-05-03-bournemouth-v-crystal-palace,2026-05-03,2025,Bournemouth,Crystal Palace,3,0,2,0.75,0.0,142.90219697931587,11,8,999,0,1.0,0,999,0,1.0,0,2,3,2.0,3.0,0.0,8.0,6.0,1.8,1.3909090909090909,1.490909090909091,1.5,1.6,1.2,1.490909090909091,1.290909090909091,1.3636363636363635,1.1454545454545455,1.6181818181818182,1.8545454545454545,0.24545454545454545,0.2,0.40909090909090917,13.882352941176471,12.647058823529411,4.764705882352941,11.852941176470589,2.4411764705882355,1.2352941176470598,2.0,2.0,1.0,6.0,5.0,1.6,1.3302752293577982,1.3211009174311927,1.3577981651376148,1.2,1.0,1.3272727272727274,1.3333333333333333,1.4,1.290909090909091,1.2407407407407407,1.4259259259259258,0.30275229357798167,0.22935779816513763,0.2697247706422019,11.636363636363637,11.212121212121213,3.696969696969697,10.93939393939394,2.1515151515151514,0.42424242424242387
pl-2025-2026-05-03-man-united-v-liverpool,2026-05-03,2025,Man United,Liverpool,3,2,2,0.5833333333333334,0.0,44.84237863424872,6,8,999,0,1.0,0,999,0,1.0,0,3,3,3.0,1.0,1.0,9.0,6.0,2.0,1.481818181818182,1.4636363636363636,1.4363636363636363,1.8,1.2,1.690909090909091,1.2727272727272727,1.5818181818181818,1.3818181818181818,1.3454545454545455,1.490909090909091,0.22727272727272727,0.24545454545454545,0.5181818181818181,15.5,11.441176470588236,5.705882352941177,10.235294117647058,1.7647058823529411,4.0588235294117645,3.0,1.0,1.0,9.0,5.0,2.0,2.036363636363636,2.081818181818182,1.1454545454545455,1.8,1.0,2.327272727272727,1.7454545454545454,2.2363636363636363,0.9272727272727272,1.9272727272727272,1.3636363636363635,0.3090909090909091,0.07272727272727272,-0.036363636363636154,15.5,11.352941176470589,4.529411764705882,9.911764705882353,1.5294117647058822,4.147058823529411
pl-2025-2026-05-03-aston-villa-v-tottenham,2026-05-03,2025,Aston Villa,Tottenham,1,2,0,0.5714285714285714,0.0,159.9735182887641,8,8,999,0,1.0,0,999,0,1.0,0,1,1,2.0,1.0,2.0,8.0,8.0,1.4,1.7454545454545454,1.6454545454545455,1.4,1.6,1.6,2.090909090909091,1.4,1.981818181818182,1.2,1.309090909090909,1.6,0.23636363636363636,0.20909090909090908,-0.34545454545454546,12.764705882352942,12.735294117647058,4.352941176470588,10.088235294117647,1.588235294117647,0.029411764705884025,1.0,2.0,2.0,4.0,7.0,1.0,1.2545454545454546,1.6454545454545455,1.6272727272727272,0.8,1.4,1.290909090909091,1.2181818181818183,1.690909090909091,1.6727272727272726,1.6,1.5818181818181818,0.19090909090909092,0.18181818181818182,-0.25454545454545463,11.176470588235293,12.705882352941176,3.911764705882353,11.941176470588236,2.676470588235294,-1.5294117647058822
pl-2025-2026-05-04-chelsea-v-nott-m-forest,2026-05-04,2025,Chelsea,Nott'm Forest,1,3,0,0.5833333333333334,0.0,174.46140029574008,13,10,999,0,1.0,0,999,0,1.0,0,3,2,0.0,0.0,5.0,0.0,11.0,0.0,1.6363636363636365,1.7636363636363637,1.3727272727272728,0.0,2.2,1.8363636363636364,1.4363636363636363,1.8545454545454545,1.1818181818181819,1.6727272727272726,1.5636363636363637,0.2545454545454545,0.18181818181818182,-1.6363636363636365,13.676470588235293,10.941176470588236,4.4411764705882355,10.823529411764707,2.6470588235294117,2.735294117647058,3.0,2.0,0.0,13.0,2.0,2.2,1.2727272727272727,1.3454545454545455,1.4363636363636363,2.6,0.4,1.2727272727272727,1.2727272727272727,1.290909090909091,1.2181818181818183,1.4,1.6545454545454545,0.23636363636363636,0.2909090909090909,0.9272727272727275,12.558823529411764,12.411764705882353,4.029411764705882,10.735294117647058,1.6176470588235294,0.14705882352941124
pl-2025-2026-05-04-everton-v-man-city,2026-05-04,2025,Everton,Man City,3,3,1,0.16666666666666666,0.0,50.94603140423654,9,12,999,0,1.0,0,999,0,1.0,0,3,1,1.0,1.0,3.0,7.0,8.0,0.8,1.3,1.1181818181818182,1.2363636363636363,1.4,1.6,1.3454545454545455,1.2545454545454546,1.2727272727272727,1.1272727272727272,0.9636363636363636,1.3454545454545455,0.32727272727272727,0.32727272727272727,-0.5,11.029411764705882,13.617647058823529,3.676470588235294,10.323529411764707,2.0294117647058822,-2.5882352941176467,3.0,2.0,0.0,9.0,4.0,2.2,2.128440366972477,2.146788990825688,0.981651376146789,1.8,0.8,2.3703703703703702,1.8909090909090909,2.4444444444444446,0.9444444444444444,1.8545454545454545,1.018181818181818,0.3669724770642202,0.11926605504587157,0.071559633027523,15.272727272727273,9.787878787878787,5.424242424242424,9.969696969696969,1.7878787878787878,5.484848484848486
pl-2025-2026-05-09-liverpool-v-chelsea,2026-05-09,2025,Liverpool,Chelsea,1,1,1,0.5,0.0,286.87429172934014,6,5,999,0,1.0,0,999,0,1.0,0,3,3,3.0,0.0,2.0,10.0,7.0,1.8,2.018018018018018,2.081081081081081,1.162162162162162,2.0,1.4,2.327272727272727,1.7142857142857142,2.2363636363636363,0.9272727272727272,1.9285714285714286,1.3928571428571428,0.3063063063063063,0.07207207207207207,-0.2180180180180178,15.428571428571429,11.542857142857143,4.542857142857143,9.942857142857143,1.542857142857143,3.885714285714286,0.0,0.0,5.0,1.0,13.0,0.0,1.6216216216216217,1.7567567567567568,1.3873873873873874,0.2,2.6,1.8035714285714286,1.4363636363636363,1.8392857142857142,1.2142857142857142,1.6727272727272726,1.5636363636363637,0.25225225225225223,0.18018018018018017,-1.6216216216216217,13.885714285714286,10.8,4.457142857142857,10.857142857142858,2.657142857142857,3.0857142857142854
pl-2025-2026-05-09-brighton-v-wolves,2026-05-09,2025,Brighton,Wolves,3,0,2,0.75,0.0,238.39269471328316,7,7,999,0,1.0,0,999,0,1.0,0,1,0,3.0,1.0,1.0,10.0,6.0,2.0,1.4324324324324325,1.5315315315315314,1.4684684684684686,2.0,1.2,1.6727272727272726,1.1964285714285714,1.5818181818181818,1.2727272727272727,1.4821428571428572,1.6607142857142858,0.2072072072072072,0.1981981981981982,0.5675675675675675,12.82857142857143,12.0,4.571428571428571,12.17142857142857,2.4285714285714284,0.8285714285714292,0.0,2.0,3.0,3.0,11.0,0.4,0.954954954954955,1.162162162162162,1.7747747747747749,0.6,2.2,1.0892857142857142,0.8181818181818182,1.2678571428571428,1.6964285714285714,1.0545454545454545,1.8545454545454545,0.15315315315315314,0.3063063063063063,-0.554954954954955,9.657142857142857,13.857142857142858,3.2857142857142856,12.914285714285715,2.257142857142857,-4.200000000000001
pl-2025-2026-05-09-fulham-v-bournemouth,2026-05-09,2025,Fulham,Bournemouth,0,1,0,0.25,0.0,139.69576434850953,7,6,999,0,1.0,0,999,0,1.0,0,0,2,2.0,1.0,2.0,4.0,6.0,1.4,1.3423423423423424,1.3783783783783783,1.4774774774774775,0.8,1.2,1.5818181818181818,1.1071428571428572,1.5636363636363637,1.3272727272727274,1.1964285714285714,1.625,0.2072072072072072,0.2702702702702703,0.05765765765765751,12.371428571428572,12.0,3.5714285714285716,10.885714285714286,1.9714285714285715,0.3714285714285719,3.0,2.0,0.0,11.0,6.0,2.2,1.4054054054054055,1.5045045045045045,1.4864864864864864,2.2,1.2,1.5178571428571428,1.290909090909091,1.3928571428571428,1.125,1.6181818181818182,1.8545454545454545,0.25225225225225223,0.1981981981981982,0.7945945945945947,13.942857142857143,12.485714285714286,4.771428571428571,11.8,2.3714285714285714,1.4571428571428573
pl-2025-2026-05-09-sunderland-v-man-united,2026-05-09,2025,Sunderland,Man United,0,0,1,0.25,0.0,171.70399884191679,7,6,999,0,1.0,0,999,0,1.0,0,3,3,2.0,1.0,2.0,7.0,11.0,1.4,1.3428571428571427,1.0571428571428572,1.3142857142857143,1.4,2.2,1.7058823529411764,1.0,1.3529411764705883,1.1176470588235294,0.7777777777777778,1.5,0.2857142857142857,0.34285714285714286,0.05714285714285716,10.085714285714285,14.6,3.342857142857143,10.6,2.3714285714285714,-4.514285714285714,3.0,1.0,1.0,9.0,7.0,2.0,1.4954954954954955,1.4774774774774775,1.4414414414414414,1.8,1.4,1.7142857142857142,1.2727272727272727,1.6071428571428572,1.3928571428571428,1.3454545454545455,1.490909090909091,0.22522522522522523,0.24324324324324326,0.5045045045045045,15.571428571428571,11.485714285714286,5.714285714285714,10.285714285714286,1.7714285714285714,4.085714285714285
pl-2025-2026-05-09-man-city-v-brentford,2026-05-09,2025,Man City,Brentford,3,0,2,0.9166666666666666,0.0,256.36792510973777,5,7,999,0,1.0,0,999,0,1.0,0,1,1,3.0,2.0,0.0,10.0,5.0,2.2,2.118181818181818,2.1545454545454548,1.0,2.0,1.0,2.3703703703703702,1.875,2.4444444444444446,0.9444444444444444,1.875,1.0535714285714286,0.36363636363636365,0.11818181818181818,0.08181818181818201,15.441176470588236,9.911764705882353,5.382352941176471,9.823529411764707,1.7647058823529411,5.529411764705882,1.0,3.0,1.0,6.0,4.0,1.2,1.3153153153153154,1.5675675675675675,1.5135135135135136,1.2,0.8,1.5,1.1272727272727272,1.7857142857142858,1.5714285714285714,1.3454545454545455,1.4545454545454546,0.22522522522522523,0.24324324324324326,-0.11531531531531547,10.742857142857142,12.542857142857143,4.0,10.285714285714286,1.8,-1.8000000000000007
pl-2025-2026-05-10-burnley-v-aston-villa,2026-05-10,2025,Burnley,Aston Villa,2,2,1,0.125,0.0,144.17655894300106,9,7,999,0,1.0,0,999,0,1.0,0,0,1,0.0,0.0,5.0,3.0,13.0,0.0,0.6027397260273972,1.0410958904109588,2.041095890410959,0.6,2.6,0.5833333333333334,0.6216216216216216,0.9444444444444444,1.9166666666666667,1.135135135135135,2.1621621621621623,0.0821917808219178,0.3424657534246575,-0.6027397260273972,9.114285714285714,16.82857142857143,2.9714285714285715,10.0,1.7714285714285714,-7.714285714285715,2.0,1.0,2.0,8.0,7.0,1.4,1.7297297297297298,1.6396396396396395,1.4054054054054055,1.6,1.4,2.0535714285714284,1.4,1.9642857142857142,1.2142857142857142,1.309090909090909,1.6,0.23423423423423423,0.2072072072072072,-0.3297297297297299,12.542857142857143,12.657142857142857,4.257142857142857,10.142857142857142,1.6,-0.11428571428571388
pl-2025-2026-05-10-crystal-palace-v-everton,2026-05-10,2025,Crystal Palace,Everton,2,2,1,0.14285714285714285,0.0,299.37095119674154,7,6,999,0,1.0,0,999,0,1.0,0,3,3,1.0,2.0,2.0,3.0,7.0,1.0,1.3181818181818181,1.309090909090909,1.3727272727272728,0.6,1.4,1.3272727272727274,1.309090909090909,1.4,1.290909090909091,1.2181818181818183,1.4545454545454546,0.3,0.23636363636363636,-0.3181818181818181,11.5,11.352941176470589,3.6176470588235294,10.941176470588236,2.1470588235294117,0.14705882352941124,1.0,2.0,2.0,10.0,9.0,1.0,1.2972972972972974,1.135135135135135,1.2522522522522523,2.0,1.8,1.3392857142857142,1.2545454545454546,1.3035714285714286,1.1607142857142858,0.9636363636363636,1.3454545454545455,0.32432432432432434,0.32432432432432434,-0.29729729729729737,11.114285714285714,13.82857142857143,3.742857142857143,10.457142857142857,2.085714285714286,-2.7142857142857153
pl-2025-2026-05-10-nott-m-forest-v-newcastle,2026-05-10,2025,Nott'm Forest,Newcastle,1,1,1,0.25,0.0,228.42207866197433,6,8,999,0,1.0,0,999,0,1.0,0,2,3,4.0,1.0,0.0,16.0,3.0,2.6,1.2882882882882882,1.3603603603603605,1.4324324324324325,3.2,0.6,1.2727272727272727,1.3035714285714286,1.290909090909091,1.2181818181818183,1.4285714285714286,1.6428571428571428,0.23423423423423423,0.2882882882882883,1.3117117117117119,12.371428571428572,12.657142857142857,4.0285714285714285,10.714285714285714,1.6,-0.2857142857142847,1.0,0.0,4.0,6.0,8.0,0.6,1.5405405405405406,1.8198198198198199,1.4414414414414414,1.2,1.6,1.9107142857142858,1.1636363636363636,2.1785714285714284,1.2678571428571428,1.4545454545454546,1.6181818181818182,0.27927927927927926,0.18018018018018017,-0.9405405405405406,12.971428571428572,11.914285714285715,4.6,10.314285714285715,1.8285714285714285,1.057142857142857
pl-2025-2026-05-10-west-ham-v-arsenal,2026-05-10,2025,West Ham,Arsenal,0,1,0,0.3333333333333333,0.0,8.67018537850872,8,8,999,0,1.0,0,999,0,1.0,0,0,5,2.0,1.0,2.0,6.0,6.0,1.4,1.1801801801801801,1.3333333333333333,1.7747747747747749,1.2,1.2,1.2363636363636363,1.125,1.4181818181818182,1.6545454545454545,1.25,1.8928571428571428,0.16216216216216217,0.25225225225225223,0.2198198198198198,10.4,14.885714285714286,3.4857142857142858,11.0,1.9142857142857144,-4.485714285714286,3.0,0.0,2.0,8.0,4.0,1.8,2.1531531531531534,2.045045045045045,0.8018018018018018,1.6,0.8,2.3214285714285716,1.981818181818182,2.1964285714285716,0.7857142857142857,1.8909090909090909,0.8181818181818182,0.43243243243243246,0.11711711711711711,-0.3531531531531533,14.485714285714286,8.228571428571428,4.914285714285715,10.285714285714286,1.2857142857142858,6.257142857142858
pl-2025-2026-05-11-tottenham-v-leeds,2026-05-11,2025,Tottenham,Leeds,1,1,1,0.75,0.0,262.16654190704253,8,10,999,0,1.0,0,999,0,1.0,0,1,0,2.0,1.0,2.0,5.0,7.0,1.4,1.2702702702702702,1.6486486486486487,1.6216216216216217,1.0,1.4,1.290909090909091,1.25,1.690909090909091,1.6727272727272726,1.6071428571428572,1.5714285714285714,0.1891891891891892,0.18018018018018017,0.12972972972972974,11.142857142857142,12.485714285714286,3.942857142857143,11.942857142857143,2.742857142857143,-1.3428571428571434,3.0,2.0,0.0,10.0,4.0,2.2,1.2285714285714286,1.3428571428571427,1.4857142857142858,2.0,0.8,1.6111111111111112,0.8235294117647058,1.5555555555555556,1.1666666666666667,1.1176470588235294,1.8235294117647058,0.2,0.3142857142857143,0.9714285714285715,12.771428571428572,12.142857142857142,4.085714285714285,10.514285714285714,1.6857142857142857,0.6285714285714299
pl-2025-2026-05-13-man-city-v-crystal-palace,2026-05-13,2025,Man City,Crystal Palace,3,0,2,0.8571428571428571,0.0,272.52161464476416,4,3,999,0,1.0,0,999,0,1.0,0,1,3,4.0,1.0,0.0,12.0,4.0,2.6,2.126126126126126,2.1621621621621623,0.990990990990991,2.4,0.8,2.381818181818182,1.875,2.4545454545454546,0.9272727272727272,1.875,1.0535714285714286,0.36936936936936937,0.11711711711711711,0.4738738738738739,15.714285714285714,9.742857142857142,5.514285714285714,9.771428571428572,1.8285714285714285,5.9714285714285715,1.0,2.0,2.0,5.0,9.0,1.0,1.3153153153153154,1.3153153153153154,1.3783783783783783,1.0,1.8,1.3214285714285714,1.309090909090909,1.4107142857142858,1.3035714285714286,1.2181818181818183,1.4545454545454546,0.2972972972972973,0.23423423423423423,-0.3153153153153154,11.771428571428572,11.4,3.742857142857143,10.771428571428572,2.085714285714286,0.3714285714285719
pl-2025-2026-05-15-aston-villa-v-liverpool,2026-05-15,2025,Aston Villa,Liverpool,4,2,2,0.3333333333333333,0.0,125.49951441248902,5,6,999,0,1.0,0,999,0,1.0,0,1,3,1.0,2.0,2.0,8.0,9.0,1.0,1.7232142857142858,1.6428571428571428,1.4107142857142858,1.6,1.8,2.0535714285714284,1.3928571428571428,1.9642857142857142,1.2142857142857142,1.3214285714285714,1.6071428571428572,0.23214285714285715,0.20535714285714285,-0.7232142857142858,12.694444444444445,12.722222222222221,4.333333333333333,10.083333333333334,1.5833333333333333,-0.02777777777777679,3.0,1.0,1.0,10.0,6.0,2.0,2.0089285714285716,2.0714285714285716,1.1607142857142858,2.0,1.2,2.3035714285714284,1.7142857142857142,2.2142857142857144,0.9285714285714286,1.9285714285714286,1.3928571428571428,0.30357142857142855,0.07142857142857142,-0.008928571428571619,15.222222222222221,11.38888888888889,4.5,10.13888888888889,1.5555555555555556,3.833333333333332
pl-2025-2026-05-17-man-united-v-nott-m-forest,2026-05-17,2025,Man United,Nott'm Forest,3,2,2,0.4166666666666667,0.0,96.38251389166221,8,7,999,0,1.0,0,999,0,1.0,0,3,2,3.0,1.0,1.0,7.0,5.0,2.0,1.4910714285714286,1.4642857142857142,1.4285714285714286,1.4,1.0,1.7142857142857142,1.2678571428571428,1.6071428571428572,1.3928571428571428,1.3214285714285714,1.4642857142857142,0.23214285714285715,0.25,0.5089285714285714,15.444444444444445,11.583333333333334,5.583333333333333,10.333333333333334,1.8055555555555556,3.8611111111111107,3.0,2.0,0.0,14.0,4.0,2.2,1.2857142857142858,1.3571428571428572,1.4285714285714286,2.8,0.8,1.2678571428571428,1.3035714285714286,1.2857142857142858,1.2142857142857142,1.4285714285714286,1.6428571428571428,0.23214285714285715,0.2857142857142857,0.9142857142857144,12.5,12.75,4.083333333333333,10.86111111111111,1.6111111111111112,-0.25
pl-2025-2026-05-17-brentford-v-crystal-palace,2026-05-17,2025,Brentford,Crystal Palace,2,2,1,0.5,0.0,17.684697650519446,8,4,999,0,1.0,0,999,0,1.0,0,1,3,1.0,2.0,2.0,6.0,7.0,1.0,1.3035714285714286,1.5535714285714286,1.5267857142857142,1.2,1.4,1.5,1.1071428571428572,1.7857142857142858,1.5714285714285714,1.3214285714285714,1.4821428571428572,0.22321428571428573,0.25,-0.3035714285714286,10.555555555555555,12.88888888888889,3.9444444444444446,10.38888888888889,1.8055555555555556,-2.333333333333334,0.0,2.0,3.0,3.0,11.0,0.4,1.3035714285714286,1.3035714285714286,1.3928571428571428,0.6,2.2,1.3214285714285714,1.2857142857142858,1.4107142857142858,1.3035714285714286,1.1964285714285714,1.4821428571428572,0.29464285714285715,0.24107142857142858,-0.9035714285714286,11.61111111111111,11.5,3.6944444444444446,10.666666666666666,2.0833333333333335,0.11111111111111072
pl-2025-2026-05-17-everton-v-sunderland,2026-05-17,2025,Everton,Sunderland,1,3,0,0.25,0.0,193.50109447152497,7,8,999,0,1.0,0,999,0,1.0,0,3,3,0.0,3.0,2.0,9.0,11.0,0.6,1.2946428571428572,1.1428571428571428,1.2589285714285714,1.8,2.2,1.3392857142857142,1.25,1.3035714285714286,1.1607142857142858,0.9821428571428571,1.3571428571428572,0.32142857142857145,0.32142857142857145,-0.6946428571428572,11.166666666666666,14.027777777777779,3.8055555555555554,10.527777777777779,2.0833333333333335,-2.8611111111111125,1.0,2.0,2.0,5.0,10.0,1.0,1.3333333333333333,1.0277777777777777,1.2777777777777777,1.0,2.0,1.6666666666666667,1.0,1.2777777777777777,1.0555555555555556,0.7777777777777778,1.5,0.3055555555555556,0.3611111111111111,-0.33333333333333326,10.222222222222221,14.5,3.361111111111111,10.63888888888889,2.3055555555555554,-4.277777777777779
pl-2025-2026-05-17-leeds-v-brighton,2026-05-17,2025,Leeds,Brighton,1,0,2,0.5,0.0,339.75785931025496,6,8,999,0,1.0,0,999,0,1.0,0,0,1,3.0,2.0,0.0,11.0,5.0,2.2,1.2222222222222223,1.3333333333333333,1.4722222222222223,2.2,1.0,1.6111111111111112,0.8333333333333334,1.5555555555555556,1.1666666666666667,1.1111111111111112,1.7777777777777777,0.19444444444444445,0.3055555555555556,0.9777777777777779,12.722222222222221,12.25,4.083333333333333,10.416666666666666,1.6666666666666667,0.47222222222222143,3.0,1.0,1.0,11.0,5.0,2.0,1.4464285714285714,1.5446428571428572,1.4553571428571428,2.2,1.0,1.6964285714285714,1.1964285714285714,1.6071428571428572,1.25,1.4821428571428572,1.6607142857142858,0.21428571428571427,0.19642857142857142,0.5535714285714286,12.86111111111111,11.805555555555555,4.611111111111111,12.083333333333334,2.388888888888889,1.0555555555555554
pl-2025-2026-05-17-wolves-v-fulham,2026-05-17,2025,Wolves,Fulham,1,1,1,0.4166666666666667,0.0,180.06050550948783,8,8,999,0,1.0,0,999,0,1.0,0,0,0,0.0,1.0,4.0,1.0,12.0,0.2,0.9464285714285714,1.1517857142857142,1.7857142857142858,0.2,2.4,1.0892857142857142,0.8035714285714286,1.2678571428571428,1.6964285714285714,1.0357142857142858,1.875,0.15178571428571427,0.3125,-0.7464285714285714,9.527777777777779,13.86111111111111,3.2222222222222223,12.86111111111111,2.25,-4.333333333333332,1.0,1.0,3.0,1.0,6.0,0.8,1.3303571428571428,1.3660714285714286,1.4732142857142858,0.2,1.2,1.5535714285714286,1.1071428571428572,1.5357142857142858,1.3214285714285714,1.1964285714285714,1.625,0.20535714285714285,0.2767857142857143,-0.5303571428571427,12.416666666666666,11.944444444444445,3.5277777777777777,10.916666666666666,2.0833333333333335,0.47222222222222143
pl-2025-2026-05-17-newcastle-v-west-ham,2026-05-17,2025,Newcastle,West Ham,3,1,2,0.5833333333333334,0.0,397.1243033528876,7,7,999,0,1.0,0,999,0,1.0,0,3,0,1.0,1.0,3.0,6.0,7.0,0.8,1.5357142857142858,1.8125,1.4375,1.2,1.4,1.9107142857142858,1.1607142857142858,2.1785714285714284,1.2678571428571428,1.4464285714285714,1.6071428571428572,0.2767857142857143,0.17857142857142858,-0.7357142857142858,13.055555555555555,12.055555555555555,4.638888888888889,10.333333333333334,1.7777777777777777,1.0,2.0,1.0,2.0,6.0,5.0,1.4,1.1696428571428572,1.3214285714285714,1.7678571428571428,1.2,1.0,1.2142857142857142,1.125,1.3928571428571428,1.6428571428571428,1.25,1.8928571428571428,0.16071428571428573,0.25892857142857145,0.2303571428571427,10.36111111111111,14.88888888888889,3.4722222222222223,11.083333333333334,1.9444444444444444,-4.527777777777779
pl-2025-2026-05-18-arsenal-v-burnley,2026-05-18,2025,Arsenal,Burnley,1,0,2,1.0,0.0,286.51068092296873,8,8,999,0,1.0,0,999,0,1.0,0,5,0,3.0,0.0,2.0,7.0,4.0,1.8,2.1607142857142856,2.0357142857142856,0.7946428571428571,1.4,0.8,2.3214285714285716,2.0,2.1964285714285716,0.7857142857142857,1.875,0.8035714285714286,0.4375,0.11607142857142858,-0.36071428571428554,14.5,8.25,4.888888888888889,10.333333333333334,1.3611111111111112,6.25,0.0,1.0,4.0,4.0,12.0,0.2,0.6081081081081081,1.054054054054054,2.0405405405405403,0.8,2.4,0.5945945945945946,0.6216216216216216,0.972972972972973,1.9189189189189189,1.135135135135135,2.1621621621621623,0.08108108108108109,0.33783783783783783,-0.4081081081081081,9.277777777777779,16.86111111111111,3.0555555555555554,10.222222222222221,1.75,-7.583333333333332
pl-2025-2026-05-19-bournemouth-v-man-city,2026-05-19,2025,Bournemouth,Man City,1,1,1,0.21428571428571427,0.0,306.5609339714869,10,6,999,0,1.0,0,999,0,1.0,0,2,1,4.0,1.0,0.0,10.0,4.0,2.6,1.4196428571428572,1.5,1.4732142857142858,2.0,0.8,1.5178571428571428,1.3214285714285714,1.3928571428571428,1.125,1.6071428571428572,1.8214285714285714,0.25892857142857145,0.19642857142857142,1.1803571428571429,13.833333333333334,12.527777777777779,4.777777777777778,12.055555555555555,2.4166666666666665,1.3055555555555554,4.0,1.0,0.0,12.0,4.0,2.6,2.1339285714285716,2.169642857142857,0.9821428571428571,2.4,0.8,2.392857142857143,1.875,2.4642857142857144,0.9107142857142857,1.875,1.0535714285714286,0.375,0.11607142857142858,0.46607142857142847,15.694444444444445,9.63888888888889,5.472222222222222,9.777777777777779,1.7777777777777777,6.055555555555555
pl-2025-2026-05-19-chelsea-v-tottenham,2026-05-19,2025,Chelsea,Tottenham,2,1,2,1.0,0.0,16.085886910693997,10,8,999,0,1.0,0,999,0,1.0,0,3,1,0.0,1.0,4.0,2.0,11.0,0.2,1.6160714285714286,1.75,1.3839285714285714,0.4,2.2,1.8035714285714286,1.4285714285714286,1.8392857142857142,1.2142857142857142,1.6607142857142858,1.5535714285714286,0.25,0.17857142857142858,-1.4160714285714286,13.666666666666666,10.722222222222221,4.416666666666667,11.027777777777779,2.6944444444444446,2.9444444444444446,2.0,2.0,1.0,6.0,5.0,1.6,1.2678571428571428,1.6428571428571428,1.6160714285714286,1.2,1.0,1.2857142857142858,1.25,1.6785714285714286,1.6607142857142858,1.6071428571428572,1.5714285714285714,0.1875,0.17857142857142858,0.3321428571428573,11.277777777777779,12.444444444444445,3.9166666666666665,11.944444444444445,2.75,-1.166666666666666
pl-2025-2026-05-24-burnley-v-wolves,2026-05-24,2025,Burnley,Wolves,1,1,1,0.5,0.0,133.4890448099353,6,7,999,0,1.0,0,999,0,1.0,0,0,0,0.0,1.0,4.0,4.0,11.0,0.2,0.6,1.04,2.026666666666667,0.8,2.2,0.5945945945945946,0.6052631578947368,0.972972972972973,1.9189189189189189,1.105263157894737,2.1315789473684212,0.08,0.3466666666666667,-0.39999999999999997,9.162162162162161,16.756756756756758,2.972972972972973,10.378378378378379,1.7837837837837838,-7.5945945945945965,0.0,2.0,3.0,2.0,9.0,0.4,0.9469026548672567,1.1504424778761062,1.7787610619469028,0.4,1.8,1.087719298245614,0.8035714285714286,1.263157894736842,1.6842105263157894,1.0357142857142858,1.875,0.1504424778761062,0.30973451327433627,-0.5469026548672566,9.567567567567568,13.837837837837839,3.2162162162162162,13.054054054054054,2.2162162162162162,-4.27027027027027
pl-2025-2026-05-24-brighton-v-man-united,2026-05-24,2025,Brighton,Man United,0,3,0,0.5,0.0,326.14306079684945,7,7,999,0,1.0,0,999,0,1.0,0,1,3,2.0,1.0,2.0,9.0,6.0,1.4,1.4336283185840708,1.5309734513274336,1.4513274336283186,1.8,1.2,1.6964285714285714,1.1754385964912282,1.6071428571428572,1.25,1.456140350877193,1.6491228070175439,0.21238938053097345,0.20353982300884957,-0.03362831858407089,13.027027027027026,11.675675675675675,4.702702702702703,11.945945945945946,2.324324324324324,1.3513513513513509,4.0,1.0,0.0,9.0,5.0,2.6,1.5044247787610618,1.4778761061946903,1.4336283185840708,1.8,1.0,1.736842105263158,1.2678571428571428,1.631578947368421,1.4035087719298245,1.3214285714285714,1.4642857142857142,0.23008849557522124,0.24778761061946902,1.0955752212389382,15.81081081081081,11.567567567567568,5.648648648648648,10.35135135135135,1.8108108108108107,4.243243243243242
pl-2025-2026-05-24-liverpool-v-brentford,2026-05-24,2025,Liverpool,Brentford,1,1,1,0.75,0.0,281.61742744390625,9,7,999,0,1.0,0,999,0,1.0,0,3,1,2.0,1.0,2.0,10.0,10.0,1.4,1.991150442477876,2.0707964601769913,1.1858407079646018,2.0,2.0,2.3035714285714284,1.6842105263157894,2.2142857142857144,0.9285714285714286,1.9298245614035088,1.4385964912280702,0.3008849557522124,0.07079646017699115,-0.5911504424778762,15.243243243243244,11.45945945945946,4.513513513513513,10.108108108108109,1.5405405405405406,3.783783783783784,1.0,2.0,2.0,6.0,7.0,1.0,1.3008849557522124,1.5575221238938053,1.5309734513274336,1.2,1.4,1.4912280701754386,1.1071428571428572,1.7894736842105263,1.5789473684210527,1.3214285714285714,1.4821428571428572,0.22123893805309736,0.24778761061946902,-0.3008849557522124,10.64864864864865,12.972972972972974,3.918918918918919,10.297297297297296,1.7837837837837838,-2.3243243243243246
pl-2025-2026-05-24-fulham-v-newcastle,2026-05-24,2025,Fulham,Newcastle,2,0,2,0.5,0.0,400.0557612696015,7,7,999,0,1.0,0,999,0,1.0,0,0,3,1.0,2.0,2.0,2.0,5.0,1.0,1.3274336283185841,1.3628318584070795,1.4690265486725664,0.4,1.0,1.5535714285714286,1.105263157894737,1.5357142857142858,1.3214285714285714,1.1929824561403508,1.6140350877192982,0.20353982300884957,0.2743362831858407,-0.32743362831858414,12.432432432432432,11.91891891891892,3.5675675675675675,10.837837837837839,2.027027027027027,0.5135135135135123,2.0,1.0,2.0,8.0,6.0,1.4,1.5486725663716814,1.823008849557522,1.4336283185840708,1.6,1.2,1.9298245614035088,1.1607142857142858,2.192982456140351,1.263157894736842,1.4464285714285714,1.6071428571428572,0.2743362831858407,0.17699115044247787,-0.14867256637168147,13.108108108108109,12.135135135135135,4.702702702702703,10.27027027027027,1.7567567567567568,0.9729729729729737
pl-2025-2026-05-24-crystal-palace-v-arsenal,2026-05-24,2025,Crystal Palace,Arsenal,1,2,0,0.08333333333333333,0.0,17.734165873614728,7,6,999,0,1.0,0,999,0,1.0,0,3,5,0.0,2.0,3.0,5.0,13.0,0.4,1.3008849557522124,1.3097345132743363,1.3982300884955752,1.0,2.6,1.3214285714285714,1.280701754385965,1.4107142857142858,1.3035714285714286,1.2105263157894737,1.4912280701754386,0.2920353982300885,0.23893805309734514,-0.9008849557522124,11.72972972972973,11.567567567567568,3.72972972972973,10.513513513513514,2.108108108108108,0.1621621621621614,4.0,0.0,1.0,7.0,2.0,2.4,2.168141592920354,2.0265486725663715,0.7876106194690266,1.4,0.4,2.3333333333333335,2.0,2.175438596491228,0.7719298245614035,1.875,0.8035714285714286,0.4424778761061947,0.11504424778761062,0.2318584070796459,14.45945945945946,8.162162162162161,4.837837837837838,10.243243243243244,1.3513513513513513,6.297297297297298
pl-2025-2026-05-24-man-city-v-aston-villa,2026-05-24,2025,Man City,Aston Villa,1,2,0,0.3333333333333333,0.0,110.33622205535409,5,9,999,0,1.0,0,999,0,1.0,0,1,1,3.0,2.0,0.0,11.0,4.0,2.2,2.1238938053097347,2.15929203539823,0.9823008849557522,2.2,0.8,2.392857142857143,1.8596491228070176,2.4642857142857144,0.9107142857142857,1.8596491228070176,1.0526315789473684,0.37168141592920356,0.11504424778761062,0.07610619469026547,15.64864864864865,9.64864864864865,5.45945945945946,9.702702702702704,1.7837837837837838,6.0,2.0,1.0,2.0,11.0,10.0,1.4,1.7345132743362832,1.663716814159292,1.415929203539823,2.2,2.0,2.0701754385964914,1.3928571428571428,2.0,1.2280701754385965,1.3214285714285714,1.6071428571428572,0.23008849557522124,0.20353982300884957,-0.3345132743362833,12.72972972972973,12.81081081081081,4.45945945945946,10.135135135135135,1.6216216216216217,-0.0810810810810807
pl-2025-2026-05-24-west-ham-v-leeds,2026-05-24,2025,West Ham,Leeds,3,0,2,0.5,0.0,271.0091566769521,7,7,999,0,1.0,0,999,0,1.0,0,0,0,1.0,1.0,3.0,3.0,8.0,0.8,1.1592920353982301,1.3185840707964602,1.7787610619469028,0.6,1.6,1.2142857142857142,1.105263157894737,1.3928571428571428,1.6428571428571428,1.2456140350877194,1.912280701754386,0.1592920353982301,0.25663716814159293,-0.35929203539823007,10.486486486486486,14.891891891891891,3.5945945945945947,11.08108108108108,1.972972972972973,-4.405405405405405,3.0,2.0,0.0,10.0,4.0,2.2,1.2702702702702702,1.3243243243243243,1.4324324324324325,2.0,0.8,1.6842105263157894,0.8333333333333334,1.5263157894736843,1.105263157894737,1.1111111111111112,1.7777777777777777,0.21621621621621623,0.2972972972972973,0.92972972972973,12.567567567567568,12.432432432432432,4.0,10.378378378378379,1.6486486486486487,0.13513513513513686
pl-2025-2026-05-24-tottenham-v-everton,2026-05-24,2025,Tottenham,Everton,1,0,2,0.7142857142857143,0.0,283.0298619274761,5,7,999,0,1.0,0,999,0,1.0,0,1,3,2.0,2.0,1.0,7.0,6.0,1.6,1.2566371681415929,1.6371681415929205,1.6194690265486726,1.4,1.2,1.2857142857142858,1.2280701754385965,1.6785714285714286,1.6607142857142858,1.5964912280701755,1.5789473684210527,0.18584070796460178,0.17699115044247787,0.3433628318584072,11.216216216216216,12.35135135135135,3.891891891891892,12.108108108108109,2.7567567567567566,-1.135135135135135,0.0,2.0,3.0,8.0,12.0,0.4,1.2831858407079646,1.1415929203539823,1.2743362831858407,1.6,2.4,1.3157894736842106,1.25,1.2982456140350878,1.1929824561403508,0.9821428571428571,1.3571428571428572,0.3185840707964602,0.3185840707964602,-0.8831858407079646,11.135135135135135,13.837837837837839,3.810810810810811,10.621621621621621,2.108108108108108,-2.7027027027027035
pl-2025-2026-05-24-sunderland-v-chelsea,2026-05-24,2025,Sunderland,Chelsea,2,1,2,1.0,0.0,389.8459211273979,7,5,999,0,1.0,0,999,0,1.0,0,3,3,1.0,2.0,2.0,7.0,11.0,1.0,1.3783783783783783,1.0810810810810811,1.2702702702702702,1.4,2.2,1.6666666666666667,1.105263157894737,1.2777777777777777,1.0555555555555556,0.8947368421052632,1.4736842105263157,0.2972972972972973,0.35135135135135137,-0.3783783783783783,10.135135135135135,14.378378378378379,3.3513513513513513,10.594594594594595,2.2432432432432434,-4.243243243243244,1.0,1.0,3.0,4.0,9.0,0.8,1.6283185840707965,1.752212389380531,1.3805309734513274,0.8,1.8,1.8245614035087718,1.4285714285714286,1.8421052631578947,1.2105263157894737,1.6607142857142858,1.5535714285714286,0.24778761061946902,0.17699115044247787,-0.8283185840707965,13.54054054054054,10.675675675675675,4.405405405405405,11.027027027027026,2.72972972972973,2.864864864864865
pl-2025-2026-05-24-nott-m-forest-v-bournemouth,2026-05-24,2025,Nott'm Forest,Bournemouth,1,1,1,0.25,0.0,249.86718117491685,7,5,999,0,1.0,0,999,0,1.0,0,2,2,3.0,1.0,1.0,15.0,6.0,2.0,1.2743362831858407,1.3628318584070795,1.4424778761061947,3.0,1.2,1.2678571428571428,1.280701754385965,1.2857142857142858,1.2142857142857142,1.4385964912280702,1.6666666666666667,0.23008849557522124,0.2831858407079646,0.7256637168141593,12.45945945945946,13.18918918918919,4.081081081081081,10.702702702702704,1.5945945945945945,-0.7297297297297298,3.0,2.0,0.0,9.0,4.0,2.2,1.415929203539823,1.4955752212389382,1.4690265486725664,1.8,0.8,1.5087719298245614,1.3214285714285714,1.3859649122807018,1.1228070175438596,1.6071428571428572,1.8214285714285714,0.25663716814159293,0.19469026548672566,0.7840707964601772,13.72972972972973,12.567567567567568,4.702702702702703,12.162162162162161,2.4594594594594597,1.1621621621621614
pl-2026-2026-08-21-arsenal-v-coventry-city,2026-08-21,2026,Arsenal,Coventry City,3,0,2,1.0,0.0,137.456868848524,30,7,999,0,1.0,0,999,0,1.0,0,5,3,5.0,0.0,0.0,8.0,1.0,3.0,2.175438596491228,2.026315789473684,0.7894736842105263,1.6,0.2,2.3333333333333335,2.017543859649123,2.175438596491228,0.7719298245614035,1.8771929824561404,0.8070175438596491,0.43859649122807015,0.11403508771929824,0.8245614035087718,14.526315789473685,8.157894736842104,4.894736842105263,10.289473684210526,1.3421052631578947,6.3684210526315805,1.8930390492359932,1.1910016977928692,1.797962648556876,7.386247877758914,7.216468590831918,1.408418222976797,1.419806348306871,1.5580357643877496,1.5085751217487764,1.510413129598189,1.4739813242784379,1.6005987686633498,1.236087764722317,1.6934616411075705,1.3663979881419368,1.4200902369071877,1.6548149389282922,0.22750318315153073,0.2200270645182231,-0.01138812533007419,12.240851576981052,11.982404859551654,4.089897574907331,10.84084795339368,1.9110438602179538,0.25844671742939856
pl-2026-2026-08-22-hull-city-v-man-united,2026-08-22,2026,Hull City,Man United,2,0,2,1.0,0.0,130.77961268868404,7,30,999,0,1.0,0,999,0,1.0,0,1,3,1.8161702127659574,1.2059574468085106,1.8663829787234043,7.254468085106383,7.341276595744681,1.355872340425532,1.405410937744065,1.550329927261782,1.5203029104351635,1.4763829787234042,1.5037872340425533,1.5948115940966365,1.2273517881961282,1.689848619989206,1.3640519571110066,1.4186900986980262,1.6661994869059418,0.22497988742164976,0.2205873038401552,-0.049538597318533044,12.081220016024211,12.143417810494649,4.031721464172599,10.888120077877847,1.9508268784785745,-0.06219779447043728,4.0,1.0,0.0,11.0,5.0,2.6,1.5175438596491229,1.4912280701754386,1.4210526315789473,2.2,1.0,1.736842105263158,1.2982456140350878,1.631578947368421,1.4035087719298245,1.3508771929824561,1.4385964912280702,0.23684210526315788,0.24561403508771928,1.0824561403508772,15.68421052631579,11.605263157894736,5.684210526315789,10.289473684210526,1.7894736842105263,4.078947368421053
pl-2026-2026-08-22-ipswich-town-v-sunderland,2026-08-22,2026,Ipswich Town,Sunderland,2,1,2,1.0,0.0,359.81652842152084,30,30,999,0,1.0,0,999,0,1.0,0,1,3,0.0,1.0,4.0,3.0,11.0,0.2,0.5789473684210527,0.9473684210526315,2.1578947368421053,0.6,2.2,0.3684210526315789,0.7894736842105263,0.7368421052631579,2.3157894736842106,1.1578947368421053,2.0,0.05263157894736842,0.3684210526315789,-0.37894736842105264,12.081220016024211,12.143417810494649,4.031721464172599,10.888120077877847,1.9508268784785745,-0.06219779447043728,2.0,2.0,1.0,6.0,8.0,1.6,1.4210526315789473,1.105263157894737,1.263157894736842,1.2,1.6,1.736842105263158,1.105263157894737,1.3157894736842106,1.0526315789473684,0.8947368421052632,1.4736842105263157,0.2894736842105263,0.34210526315789475,0.17894736842105274,10.394736842105264,14.263157894736842,3.3157894736842106,10.710526315789474,2.263157894736842,-3.8684210526315788
pl-2026-2026-08-22-brentford-v-tottenham,2026-08-22,2026,Brentford,Tottenham,3,0,2,0.2857142857142857,0.0,20.10633019120403,30,30,999,0,1.0,0,999,0,1.0,0,1,1,1.0,2.0,2.0,7.0,8.0,1.0,1.2982456140350878,1.5526315789473684,1.5263157894736843,1.4,1.6,1.4912280701754386,1.105263157894737,1.7894736842105263,1.5789473684210527,1.3157894736842106,1.4736842105263157,0.21929824561403508,0.24561403508771928,-0.29824561403508776,10.657894736842104,13.263157894736842,3.8684210526315788,10.263157894736842,1.8157894736842106,-2.605263157894738,3.0,1.0,1.0,6.0,4.0,2.0,1.2719298245614035,1.631578947368421,1.605263157894737,1.2,0.8,1.3157894736842106,1.2280701754385965,1.6666666666666667,1.631578947368421,1.5964912280701755,1.5789473684210527,0.19298245614035087,0.17543859649122806,0.7280701754385965,11.473684210526315,12.236842105263158,3.9473684210526314,12.18421052631579,2.8157894736842106,-0.7631578947368425
pl-2026-2026-08-22-nott-m-forest-v-leeds,2026-08-22,2026,Nott'm Forest,Leeds,0,1,0,0.3333333333333333,0.0,97.54984642495643,30,30,999,0,1.0,0,999,0,1.0,0,2,0,2.0,2.0,1.0,12.0,6.0,1.6,1.2719298245614035,1.3596491228070176,1.4385964912280702,2.4,1.2,1.263157894736842,1.280701754385965,1.280701754385965,1.2105263157894737,1.4385964912280702,1.6666666666666667,0.22807017543859648,0.2807017543859649,0.3280701754385966,12.526315789473685,13.289473684210526,4.105263157894737,10.710526315789474,1.5789473684210527,-0.7631578947368407,2.0,2.0,1.0,7.0,7.0,1.6,1.236842105263158,1.2894736842105263,1.4736842105263157,1.4,1.4,1.6842105263157894,0.7894736842105263,1.5263157894736843,1.105263157894737,1.0526315789473684,1.8421052631578947,0.21052631578947367,0.3157894736842105,0.3631578947368421,12.578947368421053,12.526315789473685,3.973684210526316,10.473684210526315,1.6842105263157894,0.05263157894736814
pl-2026-2026-08-22-everton-v-crystal-palace,2026-08-22,2026,Everton,Crystal Palace,2,0,2,0.8571428571428571,0.0,299.37095119674154,30,30,999,0,1.0,0,999,0,1.0,0,3,3,0.0,2.0,3.0,7.0,11.0,0.4,1.2719298245614035,1.131578947368421,1.2719298245614035,1.4,2.2,1.3157894736842106,1.2280701754385965,1.2982456140350878,1.1929824561403508,0.9649122807017544,1.3508771929824561,0.3157894736842105,0.32456140350877194,-0.8719298245614034,11.052631578947368,14.026315789473685,3.789473684210526,10.657894736842104,2.1842105263157894,-2.973684210526317,0.0,2.0,3.0,5.0,12.0,0.4,1.2894736842105263,1.3070175438596492,1.4035087719298245,1.0,2.4,1.2982456140350878,1.280701754385965,1.4035087719298245,1.3157894736842106,1.2105263157894737,1.4912280701754386,0.2894736842105263,0.23684210526315788,-0.8894736842105263,11.631578947368421,11.710526315789474,3.710526315789474,10.473684210526315,2.0526315789473686,-0.0789473684210531
pl-2026-2026-08-23-brighton-v-aston-villa,2026-08-23,2026,Brighton,Aston Villa,4,0,2,0.35714285714285715,0.0,221.37298033930915,30,30,999,0,1.0,0,999,0,1.0,0,1,1,2.0,0.0,3.0,7.0,7.0,1.2,1.4210526315789473,1.5175438596491229,1.4649122807017543,1.4,1.4,1.6666666666666667,1.1754385964912282,1.5789473684210527,1.280701754385965,1.456140350877193,1.6491228070175439,0.21052631578947367,0.21052631578947367,-0.2210526315789474,13.026315789473685,11.657894736842104,4.631578947368421,11.921052631578947,2.263157894736842,1.3684210526315805,2.0,1.0,2.0,9.0,8.0,1.4,1.7456140350877194,1.6666666666666667,1.412280701754386,1.8,1.6,2.0701754385964914,1.4210526315789473,2.0,1.2280701754385965,1.3333333333333333,1.5964912280701755,0.22807017543859648,0.20175438596491227,-0.3456140350877195,12.710526315789474,12.894736842105264,4.473684210526316,9.973684210526315,1.5789473684210527,-0.18421052631578938
pl-2026-2026-08-23-man-city-v-bournemouth,2026-08-23,2026,Man City,Bournemouth,2,1,2,0.7857142857142857,0.0,306.5609339714869,30,30,999,0,1.0,0,999,0,1.0,0,1,2,2.0,2.0,1.0,11.0,6.0,1.6,2.1052631578947367,2.1491228070175437,0.9912280701754386,2.2,1.2,2.3508771929824563,1.8596491228070176,2.43859649122807,0.9298245614035088,1.8596491228070176,1.0526315789473684,0.3684210526315789,0.11403508771929824,-0.5052631578947366,15.657894736842104,9.710526315789474,5.394736842105263,9.657894736842104,1.763157894736842,5.94736842105263,2.0,3.0,0.0,8.0,4.0,1.8,1.412280701754386,1.4912280701754386,1.4649122807017543,1.6,0.8,1.5087719298245614,1.3157894736842106,1.3859649122807018,1.1228070175438596,1.5964912280701755,1.8070175438596492,0.2543859649122807,0.19298245614035087,0.38771929824561413,13.81578947368421,12.631578947368421,4.684210526315789,12.026315789473685,2.4210526315789473,1.1842105263157894
pl-2026-2026-08-23-newcastle-v-liverpool,2026-08-23,2026,Newcastle,Liverpool,2,2,1,0.14285714285714285,0.0,192.88502417995036,30,30,999,0,1.0,0,999,0,1.0,0,3,3,2.0,1.0,2.0,7.0,6.0,1.4,1.5350877192982457,1.8070175438596492,1.4385964912280702,1.4,1.2,1.9298245614035088,1.1403508771929824,2.192982456140351,1.263157894736842,1.4210526315789473,1.6140350877192982,0.2719298245614035,0.18421052631578946,-0.1350877192982458,12.947368421052632,12.368421052631579,4.631578947368421,10.157894736842104,1.763157894736842,0.5789473684210531,1.0,2.0,2.0,9.0,10.0,1.0,1.9824561403508771,2.06140350877193,1.1842105263157894,1.8,2.0,2.280701754385965,1.6842105263157894,2.192982456140351,0.9298245614035088,1.9298245614035088,1.4385964912280702,0.2982456140350877,0.07017543859649122,-0.9824561403508771,15.473684210526315,11.447368421052632,4.605263157894737,10.078947368421053,1.5526315789473684,4.026315789473683
pl-2026-2026-08-24-fulham-v-chelsea,2026-08-24,2026,Fulham,Chelsea,2,3,0,0.2857142857142857,0.0,2.218613585674892,30,30,999,0,1.0,0,999,0,1.0,0,0,3,2.0,1.0,2.0,4.0,5.0,1.4,1.3421052631578947,1.368421052631579,1.456140350877193,0.8,1.0,1.5789473684210527,1.105263157894737,1.543859649122807,1.2982456140350878,1.1929824561403508,1.6140350877192982,0.21052631578947367,0.2719298245614035,0.05789473684210522,12.657894736842104,11.789473684210526,3.6315789473684212,10.894736842105264,2.026315789473684,0.8684210526315788,1.0,1.0,3.0,5.0,10.0,0.8,1.6140350877192982,1.7456140350877194,1.3859649122807018,1.0,2.0,1.8245614035087718,1.4035087719298245,1.8421052631578947,1.2105263157894737,1.6491228070175439,1.5614035087719298,0.24561403508771928,0.17543859649122806,-0.8140350877192981,13.447368421052632,10.921052631578947,4.315789473684211,11.210526315789474,2.710526315789474,2.526315789473685
pl-2026-2026-08-28-crystal-palace-v-man-city,2026-08-28,2026,Crystal Palace,Man City,1,4,0,0.14285714285714285,0.0,272.52161464476416,6,5,999,0,1.0,0,999,0,1.0,0,3,1,0.0,2.0,3.0,5.0,11.0,0.4,1.2782608695652173,1.2956521739130435,1.4086956521739131,1.0,2.2,1.2982456140350878,1.2586206896551724,1.4035087719298245,1.3157894736842106,1.1896551724137931,1.5,0.28695652173913044,0.24347826086956523,-0.8782608695652173,11.631578947368421,11.710526315789474,3.710526315789474,10.473684210526315,2.0526315789473686,-0.0789473684210531,3.0,1.0,1.0,10.0,4.0,2.0,2.1130434782608694,2.1478260869565218,0.991304347826087,2.0,0.8,2.3620689655172415,1.8596491228070176,2.4310344827586206,0.9310344827586207,1.8596491228070176,1.0526315789473684,0.3652173913043478,0.11304347826086956,-0.11304347826086936,15.657894736842104,9.710526315789474,5.394736842105263,9.657894736842104,1.763157894736842,5.94736842105263
pl-2026-2026-08-29-liverpool-v-nott-m-forest,2026-08-29,2026,Liverpool,Nott'm Forest,2,2,1,0.5714285714285714,0.0,133.53355666955304,6,7,999,0,1.0,0,999,0,1.0,0,3,2,0.0,3.0,2.0,8.0,11.0,0.6,1.9739130434782608,2.0608695652173914,1.191304347826087,1.6,2.2,2.280701754385965,1.6724137931034482,2.192982456140351,0.9298245614035088,1.9310344827586208,1.4482758620689655,0.2956521739130435,0.06956521739130435,-1.373913043478261,15.473684210526315,11.447368421052632,4.605263157894737,10.078947368421053,1.5526315789473684,4.026315789473683,1.0,2.0,2.0,7.0,7.0,1.0,1.2608695652173914,1.3478260869565217,1.434782608695652,1.4,1.4,1.2413793103448276,1.280701754385965,1.2586206896551724,1.206896551724138,1.4385964912280702,1.6666666666666667,0.22608695652173913,0.28695652173913044,-0.26086956521739135,12.526315789473685,13.289473684210526,4.105263157894737,10.710526315789474,1.5789473684210527,-0.7631578947368407
pl-2026-2026-08-29-bournemouth-v-everton,2026-08-29,2026,Bournemouth,Everton,1,1,1,0.6428571428571429,0.0,310.3809824859215,6,7,999,0,1.0,0,999,0,1.0,0,2,3,2.0,2.0,1.0,7.0,4.0,1.6,1.4,1.4869565217391305,1.4695652173913043,1.4,0.8,1.5087719298245614,1.293103448275862,1.3859649122807018,1.1228070175438596,1.5862068965517242,1.8103448275862069,0.25217391304347825,0.19130434782608696,0.20000000000000018,13.81578947368421,12.631578947368421,4.684210526315789,12.026315789473685,2.4210526315789473,1.1842105263157894,1.0,2.0,2.0,8.0,9.0,1.0,1.2869565217391303,1.1391304347826088,1.2608695652173914,1.6,1.8,1.3448275862068966,1.2280701754385965,1.3103448275862069,1.1724137931034482,0.9649122807017544,1.3508771929824561,0.3217391304347826,0.3217391304347826,-0.28695652173913033,11.052631578947368,14.026315789473685,3.789473684210526,10.657894736842104,2.1842105263157894,-2.973684210526317
pl-2026-2026-08-29-coventry-city-v-hull-city,2026-08-29,2026,Coventry City,Hull City,0,1,0,0.0,0.0,162.8873714154661,8,7,999,0,1.0,0,999,0,1.0,0,3,1,0.0,0.0,1.0,0.0,3.0,0.0,0.0,0.0,3.0,0.0,3.0,0.0,0.0,0.0,3.0,0.0,3.0,0.0,1.0,0.0,12.081220016024211,12.143417810494649,4.031721464172599,10.888120077877847,1.9508268784785745,-0.06219779447043728,1.0,0.0,0.0,2.0,0.0,3.0,3.0,2.0,0.0,2.0,0.0,3.0,3.0,2.0,0.0,2.0,0.0,1.0,0.0,0.0,12.240851576981052,11.982404859551654,4.089897574907331,10.84084795339368,1.9110438602179538,0.25844671742939856
pl-2026-2026-08-29-tottenham-v-newcastle,2026-08-29,2026,Tottenham,Newcastle,0,2,0,0.21428571428571427,0.0,388.67839795676935,7,6,999,0,1.0,0,999,0,1.0,0,1,3,2.0,1.0,2.0,5.0,7.0,1.4,1.2608695652173914,1.617391304347826,1.617391304347826,1.0,1.4,1.3157894736842106,1.206896551724138,1.6666666666666667,1.631578947368421,1.5689655172413792,1.603448275862069,0.19130434782608696,0.1826086956521739,0.13913043478260856,11.473684210526315,12.236842105263158,3.9473684210526314,12.18421052631579,2.8157894736842106,-0.7631578947368425,2.0,2.0,1.0,9.0,7.0,1.6,1.5304347826086957,1.808695652173913,1.4434782608695653,1.8,1.4,1.9137931034482758,1.1403508771929824,2.189655172413793,1.2758620689655173,1.4210526315789473,1.6140350877192982,0.26956521739130435,0.1826086956521739,0.06956521739130439,12.947368421052632,12.368421052631579,4.631578947368421,10.157894736842104,1.763157894736842,0.5789473684210531
pl-2026-2026-08-30-chelsea-v-brighton,2026-08-30,2026,Chelsea,Brighton,4,3,2,0.5714285714285714,0.0,69.4613335293603,6,7,999,0,1.0,0,999,0,1.0,0,3,1,2.0,1.0,2.0,8.0,9.0,1.4,1.626086956521739,1.7565217391304349,1.391304347826087,1.6,1.8,1.8245614035087718,1.4310344827586208,1.8421052631578947,1.2105263157894737,1.6724137931034482,1.5689655172413792,0.24347826086956523,0.17391304347826086,-0.22608695652173916,13.447368421052632,10.921052631578947,4.315789473684211,11.210526315789474,2.710526315789474,2.526315789473685,2.0,0.0,3.0,8.0,7.0,1.2,1.434782608695652,1.5391304347826087,1.4521739130434783,1.6,1.4,1.6896551724137931,1.1754385964912282,1.6206896551724137,1.2586206896551724,1.456140350877193,1.6491228070175439,0.21739130434782608,0.20869565217391303,-0.23478260869565215,13.026315789473685,11.657894736842104,4.631578947368421,11.921052631578947,2.263157894736842,1.3684210526315805
pl-2026-2026-08-30-leeds-v-brentford,2026-08-30,2026,Leeds,Brentford,1,1,1,0.5,0.0,268.53935687432784,8,8,999,0,1.0,0,999,0,1.0,0,0,1,3.0,1.0,1.0,6.0,5.0,2.0,1.2820512820512822,1.2820512820512822,1.435897435897436,1.2,1.0,1.6842105263157894,0.9,1.5263157894736843,1.105263157894737,1.05,1.75,0.23076923076923078,0.3076923076923077,0.7179487179487178,12.578947368421053,12.526315789473685,3.973684210526316,10.473684210526315,1.6842105263157894,0.05263157894736814,2.0,2.0,1.0,9.0,6.0,1.6,1.3130434782608695,1.565217391304348,1.5130434782608695,1.8,1.2,1.5172413793103448,1.105263157894737,1.8103448275862069,1.5517241379310345,1.3157894736842106,1.4736842105263157,0.22608695652173913,0.24347826086956523,0.28695652173913055,10.657894736842104,13.263157894736842,3.8684210526315788,10.263157894736842,1.8157894736842106,-2.605263157894738
pl-2026-2026-08-30-sunderland-v-fulham,2026-08-30,2026,Sunderland,Fulham,1,0,2,0.3333333333333333,0.0,390.2068724510691,8,6,999,0,1.0,0,999,0,1.0,0,3,0,2.0,2.0,1.0,7.0,5.0,1.6,1.3846153846153846,1.1025641025641026,1.2820512820512822,1.4,1.0,1.736842105263158,1.05,1.3157894736842106,1.0526315789473684,0.9,1.5,0.28205128205128205,0.3333333333333333,0.2153846153846155,10.394736842105264,14.263157894736842,3.3157894736842106,10.710526315789474,2.263157894736842,-3.8684210526315788,1.0,1.0,3.0,5.0,8.0,0.8,1.3304347826086957,1.373913043478261,1.4695652173913043,1.0,1.6,1.5517241379310345,1.105263157894737,1.5517241379310345,1.3275862068965518,1.1929824561403508,1.6140350877192982,0.20869565217391303,0.26956521739130435,-0.5304347826086957,12.657894736842104,11.789473684210526,3.6315789473684212,10.894736842105264,2.026315789473684,0.8684210526315788
pl-2026-2026-08-30-man-united-v-ipswich-town,2026-08-30,2026,Man United,Ipswich Town,5,2,2,0.8333333333333334,0.0,280.0781259423643,8,8,999,0,1.0,0,999,0,1.0,0,3,1,3.0,1.0,1.0,9.0,6.0,2.0,1.5043478260869565,1.4782608695652173,1.4260869565217391,1.8,1.2,1.736842105263158,1.2758620689655173,1.631578947368421,1.4035087719298245,1.3275862068965518,1.4482758620689655,0.23478260869565218,0.25217391304347825,0.4956521739130435,15.68421052631579,11.605263157894736,5.684210526315789,10.289473684210526,1.7894736842105263,4.078947368421053,1.0,1.0,3.0,5.0,9.0,0.8,0.6410256410256411,0.9743589743589743,2.128205128205128,1.0,1.8,0.5,0.7894736842105263,0.8,2.25,1.1578947368421053,2.0,0.05128205128205128,0.358974358974359,0.15897435897435896,12.240851576981052,11.982404859551654,4.089897574907331,10.84084795339368,1.9110438602179538,0.25844671742939856
pl-2026-2026-08-31-aston-villa-v-arsenal,2026-08-31,2026,Aston Villa,Arsenal,0,1,0,0.5,0.0,161.28672843676878,8,10,999,0,1.0,0,999,0,1.0,0,1,5,2.0,1.0,2.0,9.0,11.0,1.4,1.7304347826086957,1.6521739130434783,1.434782608695652,1.8,2.2,2.0701754385964914,1.396551724137931,2.0,1.2280701754385965,1.3103448275862069,1.6379310344827587,0.22608695652173913,0.20869565217391303,-0.33043478260869574,12.710526315789474,12.894736842105264,4.473684210526316,9.973684210526315,1.5789473684210527,-0.18421052631578938,5.0,0.0,0.0,10.0,1.0,3.0,2.1826086956521737,2.034782608695652,0.782608695652174,2.0,0.2,2.3448275862068964,2.017543859649123,2.189655172413793,0.7586206896551724,1.8771929824561404,0.8070175438596491,0.4434782608695652,0.11304347826086956,0.8173913043478263,14.526315789473685,8.157894736842104,4.894736842105263,10.289473684210526,1.3421052631578947,6.3684210526315805
pl-2026-2026-09-04-ipswich-town-v-liverpool,2026-09-04,2026,Ipswich Town,Liverpool,0,2,0,0.0,0.0,317.0920009195912,5,6,999,0,1.0,0,999,0,1.0,0,1,3,1.0,0.0,4.0,5.0,12.0,0.6,0.625,1.0,2.2,1.0,2.4,0.5,0.75,0.8,2.25,1.2,2.15,0.05,0.35,-0.025000000000000022,12.081220016024211,12.143417810494649,4.031721464172599,10.888120077877847,1.9508268784785745,-0.06219779447043728,0.0,4.0,1.0,8.0,10.0,0.8,1.9655172413793103,2.060344827586207,1.1982758620689655,1.6,2.0,2.2586206896551726,1.6724137931034482,2.189655172413793,0.9482758620689655,1.9310344827586208,1.4482758620689655,0.29310344827586204,0.06896551724137931,-1.1655172413793102,15.473684210526315,11.447368421052632,4.605263157894737,10.078947368421053,1.5526315789473684,4.026315789473683
pl-2026-2026-09-05-newcastle-v-bournemouth,2026-09-05,2026,Newcastle,Bournemouth,2,2,1,0.2857142857142857,0.0,471.70564071559664,7,7,999,0,1.0,0,999,0,1.0,0,3,2,2.0,2.0,1.0,8.0,6.0,1.6,1.543103448275862,1.8103448275862069,1.4310344827586208,1.6,1.2,1.9137931034482758,1.1724137931034482,2.189655172413793,1.2758620689655173,1.4310344827586208,1.5862068965517242,0.27586206896551724,0.1810344827586207,0.05689655172413799,12.947368421052632,12.368421052631579,4.631578947368421,10.157894736842104,1.763157894736842,0.5789473684210531,1.0,3.0,1.0,5.0,5.0,1.2,1.396551724137931,1.4827586206896552,1.4655172413793103,1.0,1.0,1.5,1.293103448275862,1.3793103448275863,1.1206896551724137,1.5862068965517242,1.8103448275862069,0.25,0.1896551724137931,-0.1965517241379311,13.81578947368421,12.631578947368421,4.684210526315789,12.026315789473685,2.4210526315789473,1.1842105263157894
pl-2026-2026-09-05-brentford-v-sunderland,2026-09-05,2026,Brentford,Sunderland,1,1,1,0.5,0.0,387.5314928132514,6,6,999,0,1.0,0,999,0,1.0,0,1,3,1.0,3.0,1.0,7.0,7.0,1.2,1.3103448275862069,1.5603448275862069,1.5086206896551724,1.4,1.4,1.5172413793103448,1.103448275862069,1.8103448275862069,1.5517241379310345,1.3103448275862069,1.4655172413793103,0.22413793103448276,0.2413793103448276,-0.1103448275862069,10.657894736842104,13.263157894736842,3.8684210526315788,10.263157894736842,1.8157894736842106,-2.605263157894738,3.0,1.0,1.0,7.0,4.0,2.0,1.425,1.1,1.25,1.4,0.8,1.8,1.05,1.3,1.0,0.9,1.5,0.3,0.325,0.575,10.394736842105264,14.263157894736842,3.3157894736842106,10.710526315789474,2.263157894736842,-3.8684210526315788
pl-2026-2026-09-05-brighton-v-leeds,2026-09-05,2026,Brighton,Leeds,1,1,1,0.5,0.0,339.75785931025496,6,6,999,0,1.0,0,999,0,1.0,0,1,0,2.0,0.0,3.0,10.0,8.0,1.2,1.4224137931034482,1.5517241379310345,1.4741379310344827,2.0,1.6,1.6896551724137931,1.1551724137931034,1.6206896551724137,1.2586206896551724,1.4827586206896552,1.6896551724137931,0.21551724137931033,0.20689655172413793,-0.22241379310344822,13.026315789473685,11.657894736842104,4.631578947368421,11.921052631578947,2.263157894736842,1.3684210526315805,2.0,2.0,1.0,4.0,5.0,1.6,1.275,1.275,1.425,0.8,1.0,1.65,0.9,1.5,1.1,1.05,1.75,0.225,0.3,0.3250000000000002,12.578947368421053,12.526315789473685,3.973684210526316,10.473684210526315,1.6842105263157894,0.05263157894736814
pl-2026-2026-09-05-fulham-v-crystal-palace,2026-09-05,2026,Fulham,Crystal Palace,2,3,0,0.35714285714285715,0.0,12.683686680127758,6,8,999,0,1.0,0,999,0,1.0,0,0,3,1.0,1.0,3.0,5.0,6.0,0.8,1.3189655172413792,1.3620689655172413,1.4655172413793103,1.0,1.2,1.5517241379310345,1.0862068965517242,1.5517241379310345,1.3275862068965518,1.1724137931034482,1.603448275862069,0.20689655172413793,0.27586206896551724,-0.5189655172413792,12.657894736842104,11.789473684210526,3.6315789473684212,10.894736842105264,2.026315789473684,0.8684210526315788,0.0,1.0,4.0,4.0,13.0,0.2,1.2672413793103448,1.293103448275862,1.4310344827586208,0.8,2.6,1.2758620689655173,1.2586206896551724,1.396551724137931,1.3620689655172413,1.1896551724137931,1.5,0.28448275862068967,0.2413793103448276,-1.0672413793103448,11.631578947368421,11.710526315789474,3.710526315789474,10.473684210526315,2.0526315789473686,-0.0789473684210531
pl-2026-2026-09-05-man-city-v-coventry-city,2026-09-05,2026,Man City,Coventry City,1,0,2,1.0,0.0,124.31785694177157,8,7,999,0,1.0,0,999,0,1.0,0,1,3,3.0,1.0,1.0,11.0,5.0,2.0,2.1206896551724137,2.163793103448276,0.9913793103448276,2.2,1.0,2.3620689655172415,1.8793103448275863,2.4310344827586206,0.9310344827586207,1.896551724137931,1.0517241379310345,0.3620689655172414,0.11206896551724138,-0.1206896551724137,15.657894736842104,9.710526315789474,5.394736842105263,9.657894736842104,1.763157894736842,5.94736842105263,0.0,0.0,2.0,0.0,4.0,0.0,0.0,0.0,2.0,0.0,2.0,0.0,0.0,0.0,1.0,0.0,3.0,0.0,1.0,0.0,12.240851576981052,11.982404859551654,4.089897574907331,10.84084795339368,1.9110438602179538,0.25844671742939856
pl-2026-2026-09-05-nott-m-forest-v-tottenham,2026-09-05,2026,Nott'm Forest,Tottenham,0,0,1,0.6428571428571429,0.0,165.4626559900765,7,7,999,0,1.0,0,999,0,1.0,0,2,1,0.0,3.0,2.0,6.0,8.0,0.6,1.2586206896551724,1.353448275862069,1.4396551724137931,1.2,1.6,1.2413793103448276,1.2758620689655173,1.2586206896551724,1.206896551724138,1.4482758620689655,1.6724137931034482,0.22413793103448276,0.28448275862068967,-0.6586206896551724,12.526315789473685,13.289473684210526,4.105263157894737,10.710526315789474,1.5789473684210527,-0.7631578947368407,1.0,1.0,3.0,3.0,8.0,0.8,1.25,1.603448275862069,1.6206896551724137,0.6,1.6,1.293103448275862,1.206896551724138,1.6379310344827587,1.6379310344827587,1.5689655172413792,1.603448275862069,0.1896551724137931,0.1896551724137931,-0.44999999999999996,11.473684210526315,12.236842105263158,3.9473684210526314,12.18421052631579,2.8157894736842106,-0.7631578947368425
pl-2026-2026-09-05-hull-city-v-aston-villa,2026-09-05,2026,Hull City,Aston Villa,0,0,1,0.5,0.0,170.80608444668445,7,5,999,0,1.0,0,999,0,1.0,0,1,1,2.0,0.0,0.0,3.0,0.0,3.0,3.0,1.5,0.0,1.5,0.0,3.0,3.0,2.0,0.0,1.0,0.0,1.0,0.0,0.0,12.081220016024211,12.143417810494649,4.031721464172599,10.888120077877847,1.9508268784785745,-0.06219779447043728,2.0,1.0,2.0,8.0,10.0,1.4,1.7155172413793103,1.6379310344827587,1.4310344827586208,1.6,2.0,2.0344827586206895,1.396551724137931,1.9655172413793103,1.2241379310344827,1.3103448275862069,1.6379310344827587,0.22413793103448276,0.21551724137931033,-0.31551724137931036,12.710526315789474,12.894736842105264,4.473684210526316,9.973684210526315,1.5789473684210527,-0.18421052631578938
pl-2026-2026-09-06-everton-v-man-united,2026-09-06,2026,Everton,Man United,2,2,1,0.2857142857142857,0.0,44.77637264276031,8,7,999,0,1.0,0,999,0,1.0,0,3,3,1.0,2.0,2.0,6.0,7.0,1.0,1.2844827586206897,1.1379310344827587,1.2586206896551724,1.2,1.4,1.3448275862068966,1.2241379310344827,1.3103448275862069,1.1724137931034482,0.9655172413793104,1.3448275862068966,0.31896551724137934,0.31896551724137934,-0.2844827586206897,11.052631578947368,14.026315789473685,3.789473684210526,10.657894736842104,2.1842105263157894,-2.973684210526317,3.0,1.0,1.0,11.0,6.0,2.0,1.5172413793103448,1.5086206896551724,1.4310344827586208,2.2,1.2,1.7586206896551724,1.2758620689655173,1.6896551724137931,1.4137931034482758,1.3275862068965518,1.4482758620689655,0.23275862068965517,0.25,0.48275862068965525,15.68421052631579,11.605263157894736,5.684210526315789,10.289473684210526,1.7894736842105263,4.078947368421053
pl-2026-2026-09-06-arsenal-v-chelsea,2026-09-06,2026,Arsenal,Chelsea,2,1,2,0.7857142857142857,0.0,10.204802525519494,6,7,999,0,1.0,0,999,0,1.0,0,5,3,5.0,0.0,0.0,8.0,1.0,3.0,2.189655172413793,2.0258620689655173,0.7758620689655172,1.6,0.2,2.3448275862068964,2.0344827586206895,2.189655172413793,0.7586206896551724,1.8620689655172413,0.7931034482758621,0.4482758620689655,0.11206896551724138,0.8103448275862069,14.526315789473685,8.157894736842104,4.894736842105263,10.289473684210526,1.3421052631578947,6.3684210526315805,3.0,1.0,1.0,11.0,9.0,2.0,1.6379310344827587,1.7758620689655173,1.4051724137931034,2.2,1.8,1.8448275862068966,1.4310344827586208,1.8793103448275863,1.2413793103448276,1.6724137931034482,1.5689655172413792,0.2413793103448276,0.1724137931034483,0.3620689655172413,13.447368421052632,10.921052631578947,4.315789473684211,11.210526315789474,2.710526315789474,2.526315789473685
pl-2026-2026-09-12-aston-villa-v-nott-m-forest,2026-09-12,2026,Aston Villa,Nott'm Forest,1,2,0,0.5,0.0,69.52881835662885,7,7,999,0,1.0,0,999,0,1.0,0,1,2,2.0,1.0,2.0,6.0,8.0,1.4,1.7094017094017093,1.623931623931624,1.4188034188034189,1.2,1.6,2.0344827586206895,1.3898305084745763,1.9655172413793103,1.2241379310344827,1.2881355932203389,1.6101694915254237,0.23076923076923078,0.2222222222222222,-0.3094017094017094,12.710526315789474,12.894736842105264,4.473684210526316,9.973684210526315,1.5789473684210527,-0.18421052631578938,0.0,3.0,2.0,5.0,7.0,0.6,1.2564102564102564,1.3418803418803418,1.4273504273504274,1.0,1.4,1.2372881355932204,1.2758620689655173,1.2372881355932204,1.1864406779661016,1.4482758620689655,1.6724137931034482,0.23076923076923078,0.2905982905982906,-0.6564102564102564,12.526315789473685,13.289473684210526,4.105263157894737,10.710526315789474,1.5789473684210527,-0.7631578947368407
pl-2026-2026-09-12-bournemouth-v-brentford,2026-09-12,2026,Bournemouth,Brentford,2,2,1,0.21428571428571427,0.0,136.7376286546296,7,7,999,0,1.0,0,999,0,1.0,0,2,1,0.0,4.0,1.0,6.0,7.0,0.8,1.393162393162393,1.4871794871794872,1.4700854700854702,1.2,1.4,1.5,1.2881355932203389,1.3793103448275863,1.1206896551724137,1.5932203389830508,1.8135593220338984,0.24786324786324787,0.18803418803418803,-0.593162393162393,13.81578947368421,12.631578947368421,4.684210526315789,12.026315789473685,2.4210526315789473,1.1842105263157894,1.0,4.0,0.0,8.0,5.0,1.4,1.3076923076923077,1.5555555555555556,1.5042735042735043,1.6,1.0,1.5084745762711864,1.103448275862069,1.7966101694915255,1.5423728813559323,1.3103448275862069,1.4655172413793103,0.2222222222222222,0.23931623931623933,0.0923076923076922,10.657894736842104,13.263157894736842,3.8684210526315788,10.263157894736842,1.8157894736842106,-2.605263157894738
pl-2026-2026-09-12-chelsea-v-hull-city,2026-09-12,2026,Chelsea,Hull City,2,2,1,0.5,0.0,252.02537486358787,6,7,999,0,1.0,0,999,0,1.0,0,3,1,3.0,0.0,2.0,11.0,10.0,1.8,1.623931623931624,1.7692307692307692,1.4102564102564104,2.2,2.0,1.8448275862068966,1.4067796610169492,1.8793103448275863,1.2413793103448276,1.6610169491525424,1.576271186440678,0.23931623931623933,0.17094017094017094,0.1760683760683761,13.447368421052632,10.921052631578947,4.315789473684211,11.210526315789474,2.710526315789474,2.526315789473685,2.0,1.0,0.0,3.0,0.0,2.3333333333333335,2.3333333333333335,1.0,0.0,1.0,0.0,2.0,3.0,1.0,0.0,1.0,0.0,1.0,0.3333333333333333,0.0,12.240851576981052,11.982404859551654,4.089897574907331,10.84084795339368,1.9110438602179538,0.25844671742939856
pl-2026-2026-09-12-crystal-palace-v-ipswich-town,2026-09-12,2026,Crystal Palace,Ipswich Town,2,3,0,0.6666666666666666,0.0,112.75277151612282,7,8,999,0,1.0,0,999,0,1.0,0,3,1,1.0,1.0,3.0,7.0,12.0,0.8,1.2820512820512822,1.3076923076923077,1.435897435897436,1.4,2.4,1.2758620689655173,1.2881355932203389,1.396551724137931,1.3620689655172413,1.2203389830508475,1.5084745762711864,0.28205128205128205,0.23931623931623933,-0.4820512820512821,11.631578947368421,11.710526315789474,3.710526315789474,10.473684210526315,2.0526315789473686,-0.0789473684210531,1.0,0.0,4.0,5.0,13.0,0.6,0.6097560975609756,0.975609756097561,2.1951219512195124,1.0,2.6,0.47619047619047616,0.75,0.7619047619047619,2.238095238095238,1.2,2.15,0.04878048780487805,0.36585365853658536,-0.009756097560975618,12.240851576981052,11.982404859551654,4.089897574907331,10.84084795339368,1.9110438602179538,0.25844671742939856
pl-2026-2026-09-12-liverpool-v-fulham,2026-09-12,2026,Liverpool,Fulham,0,0,1,0.6428571428571429,0.0,286.14773399258996,8,7,999,0,1.0,0,999,0,1.0,0,3,0,1.0,3.0,1.0,9.0,9.0,1.2,1.9743589743589745,2.0598290598290596,1.188034188034188,1.8,1.8,2.2586206896551726,1.694915254237288,2.189655172413793,0.9482758620689655,1.9322033898305084,1.423728813559322,0.29914529914529914,0.06837606837606838,-0.7743589743589745,15.473684210526315,11.447368421052632,4.605263157894737,10.078947368421053,1.5526315789473684,4.026315789473683,1.0,1.0,3.0,7.0,8.0,0.8,1.3076923076923077,1.3675213675213675,1.4786324786324787,1.4,1.6,1.5254237288135593,1.0862068965517242,1.5593220338983051,1.3559322033898304,1.1724137931034482,1.603448275862069,0.20512820512820512,0.27350427350427353,-0.5076923076923077,12.657894736842104,11.789473684210526,3.6315789473684212,10.894736842105264,2.026315789473684,0.8684210526315788
pl-2026-2026-09-12-tottenham-v-everton,2026-09-12,2026,Tottenham,Everton,0,0,1,0.7142857142857143,0.0,283.0298619274761,7,6,999,0,1.0,0,999,0,1.0,0,1,3,1.0,1.0,3.0,2.0,7.0,0.8,1.2478632478632479,1.5897435897435896,1.606837606837607,0.4,1.4,1.293103448275862,1.2033898305084745,1.6379310344827587,1.6379310344827587,1.5423728813559323,1.576271186440678,0.19658119658119658,0.19658119658119658,-0.4478632478632478,11.473684210526315,12.236842105263158,3.9473684210526314,12.18421052631579,2.8157894736842106,-0.7631578947368425,1.0,2.0,2.0,6.0,7.0,1.0,1.2820512820512822,1.1452991452991452,1.264957264957265,1.2,1.4,1.3389830508474576,1.2241379310344827,1.3220338983050848,1.1864406779661016,0.9655172413793104,1.3448275862068966,0.3162393162393162,0.3162393162393162,-0.28205128205128216,11.052631578947368,14.026315789473685,3.789473684210526,10.657894736842104,2.1842105263157894,-2.973684210526317
pl-2026-2026-09-12-sunderland-v-arsenal,2026-09-12,2026,Sunderland,Arsenal,0,2,0,0.16666666666666666,0.0,382.89060600085855,7,6,999,0,1.0,0,999,0,1.0,0,3,5,3.0,1.0,1.0,8.0,5.0,2.0,1.4146341463414633,1.0975609756097562,1.2439024390243902,1.6,1.0,1.8,1.0476190476190477,1.3,1.0,0.9047619047619048,1.4761904761904763,0.2926829268292683,0.3170731707317073,0.5853658536585367,10.394736842105264,14.263157894736842,3.3157894736842106,10.710526315789474,2.263157894736842,-3.8684210526315788,5.0,0.0,0.0,9.0,2.0,3.0,2.1965811965811968,2.0256410256410255,0.7777777777777778,1.8,0.4,2.3559322033898304,2.0344827586206895,2.1864406779661016,0.7627118644067796,1.8620689655172413,0.7931034482758621,0.4444444444444444,0.1111111111111111,0.8034188034188032,14.526315789473685,8.157894736842104,4.894736842105263,10.289473684210526,1.3421052631578947,6.3684210526315805
pl-2026-2026-09-13-coventry-city-v-brighton,2026-09-13,2026,Coventry City,Brighton,0,5,0,0.0,0.0,201.65601427784253,8,8,999,0,1.0,0,999,0,1.0,0,3,1,0.0,0.0,3.0,0.0,5.0,0.0,0.0,0.0,1.6666666666666667,0.0,1.6666666666666667,0.0,0.0,0.0,1.0,0.0,2.0,0.0,1.0,0.0,12.081220016024211,12.143417810494649,4.031721464172599,10.888120077877847,1.9508268784785745,-0.06219779447043728,1.0,1.0,3.0,8.0,9.0,0.8,1.4188034188034189,1.547008547008547,1.4700854700854702,1.6,1.8,1.6779661016949152,1.1551724137931034,1.6101694915254237,1.2542372881355932,1.4827586206896552,1.6896551724137931,0.21367521367521367,0.20512820512820512,-0.6188034188034188,13.026315789473685,11.657894736842104,4.631578947368421,11.921052631578947,2.263157894736842,1.3684210526315805
pl-2026-2026-09-13-man-united-v-man-city,2026-09-13,2026,Man United,Man City,0,1,0,0.35714285714285715,0.0,6.42016311743397,7,8,999,0,1.0,0,999,0,1.0,0,3,1,3.0,1.0,1.0,13.0,8.0,2.0,1.5128205128205128,1.5128205128205128,1.435897435897436,2.6,1.6,1.7586206896551724,1.271186440677966,1.6896551724137931,1.4137931034482758,1.3389830508474576,1.4576271186440677,0.23076923076923078,0.24786324786324787,0.4871794871794872,15.68421052631579,11.605263157894736,5.684210526315789,10.289473684210526,1.7894736842105263,4.078947368421053,3.0,1.0,1.0,9.0,5.0,2.0,2.128205128205128,2.1538461538461537,0.9829059829059829,1.8,1.0,2.3728813559322033,1.8793103448275863,2.406779661016949,0.9152542372881356,1.896551724137931,1.0517241379310345,0.36752136752136755,0.1111111111111111,-0.1282051282051282,15.657894736842104,9.710526315789474,5.394736842105263,9.657894736842104,1.763157894736842,5.94736842105263
pl-2026-2026-09-14-leeds-v-newcastle,2026-09-14,2026,Leeds,Newcastle,4,1,2,0.5,0.0,133.12811362821193,9,9,999,0,1.0,0,999,0,1.0,0,0,3,2.0,2.0,1.0,4.0,5.0,1.6,1.2682926829268293,1.2682926829268293,1.4146341463414633,0.8,1.0,1.65,0.9047619047619048,1.5,1.1,1.0476190476190477,1.7142857142857142,0.21951219512195122,0.2926829268292683,0.3317073170731708,12.578947368421053,12.526315789473685,3.973684210526316,10.473684210526315,1.6842105263157894,0.05263157894736814,2.0,2.0,1.0,9.0,7.0,1.6,1.5384615384615385,1.811965811965812,1.435897435897436,1.8,1.4,1.8983050847457628,1.1724137931034482,2.1864406779661016,1.2881355932203389,1.4310344827586208,1.5862068965517242,0.27350427350427353,0.1794871794871795,0.06153846153846154,12.947368421052632,12.368421052631579,4.631578947368421,10.157894736842104,1.763157894736842,0.5789473684210531
pl-2026-2026-09-18-brentford-v-chelsea,2026-09-18,2026,Brentford,Chelsea,3,0,2,0.5,0.0,7.133128631501841,6,6,999,0,1.0,0,999,0,1.0,0,1,3,1.0,4.0,0.0,8.0,5.0,1.4,1.305084745762712,1.5593220338983051,1.5084745762711864,1.6,1.0,1.5084745762711864,1.1016949152542372,1.7966101694915255,1.5423728813559323,1.3220338983050848,1.4745762711864407,0.22033898305084745,0.23728813559322035,0.09491525423728797,10.657894736842104,13.263157894736842,3.8684210526315788,10.263157894736842,1.8157894736842106,-2.605263157894738,2.0,1.0,2.0,11.0,11.0,1.4,1.61864406779661,1.771186440677966,1.4152542372881356,2.2,2.2,1.8305084745762712,1.4067796610169492,1.88135593220339,1.2542372881355932,1.6610169491525424,1.576271186440678,0.23728813559322035,0.1694915254237288,-0.21864406779661016,13.447368421052632,10.921052631578947,4.315789473684211,11.210526315789474,2.710526315789474,2.526315789473685
pl-2026-2026-09-19-nott-m-forest-v-coventry-city,2026-09-19,2026,Nott'm Forest,Coventry City,0,1,0,0.0,0.0,59.87327701447796,7,6,999,0,1.0,0,999,0,1.0,0,2,3,1.0,3.0,1.0,5.0,5.0,1.2,1.271186440677966,1.347457627118644,1.423728813559322,1.0,1.0,1.2372881355932204,1.305084745762712,1.2372881355932204,1.1864406779661016,1.4576271186440677,1.6610169491525424,0.2288135593220339,0.288135593220339,-0.07118644067796609,12.526315789473685,13.289473684210526,4.105263157894737,10.710526315789474,1.5789473684210527,-0.7631578947368407,0.0,0.0,4.0,0.0,10.0,0.0,0.0,0.0,2.5,0.0,2.5,0.0,0.0,0.0,3.0,0.0,2.0,0.0,1.0,0.0,12.240851576981052,11.982404859551654,4.089897574907331,10.84084795339368,1.9110438602179538,0.25844671742939856
pl-2026-2026-09-19-brighton-v-arsenal,2026-09-19,2026,Brighton,Arsenal,3,0,2,0.2857142857142857,0.0,77.40825110392977,6,7,999,0,1.0,0,999,0,1.0,0,1,5,2.0,1.0,2.0,13.0,8.0,1.4,1.4322033898305084,1.576271186440678,1.4576271186440677,2.6,1.6,1.6779661016949152,1.1864406779661016,1.6101694915254237,1.2542372881355932,1.5423728813559323,1.6610169491525424,0.22033898305084745,0.2033898305084746,-0.03220338983050852,13.026315789473685,11.657894736842104,4.631578947368421,11.921052631578947,2.263157894736842,1.3684210526315805,5.0,0.0,0.0,10.0,2.0,3.0,2.2033898305084745,2.0254237288135593,0.7711864406779662,2.0,0.4,2.3559322033898304,2.0508474576271185,2.1864406779661016,0.7627118644067796,1.8644067796610169,0.7796610169491526,0.4491525423728814,0.11016949152542373,0.7966101694915255,14.526315789473685,8.157894736842104,4.894736842105263,10.289473684210526,1.3421052631578947,6.3684210526315805
pl-2026-2026-09-19-tottenham-v-aston-villa,2026-09-19,2026,Tottenham,Aston Villa,2,3,0,0.42857142857142855,0.0,159.9735182887641,7,7,999,0,1.0,0,999,0,1.0,0,1,1,1.0,2.0,2.0,1.0,5.0,1.0,1.2457627118644068,1.576271186440678,1.5932203389830508,0.2,1.0,1.2881355932203389,1.2033898305084745,1.6101694915254237,1.6101694915254237,1.5423728813559323,1.576271186440678,0.2033898305084746,0.2033898305084746,-0.2457627118644068,11.473684210526315,12.236842105263158,3.9473684210526314,12.18421052631579,2.8157894736842106,-0.7631578947368425,1.0,1.0,3.0,3.0,8.0,0.8,1.694915254237288,1.61864406779661,1.423728813559322,0.6,1.6,2.0,1.3898305084745763,1.9491525423728813,1.2372881355932204,1.2881355932203389,1.6101694915254237,0.2288135593220339,0.22033898305084745,-0.894915254237288,12.710526315789474,12.894736842105264,4.473684210526316,9.973684210526315,1.5789473684210527,-0.18421052631578938
pl-2026-2026-09-19-newcastle-v-hull-city,2026-09-19,2026,Newcastle,Hull City,2,1,2,1.0,0.0,158.74980770872713,5,7,999,0,1.0,0,999,0,1.0,0,3,1,1.0,2.0,2.0,7.0,10.0,1.0,1.5254237288135593,1.805084745762712,1.4576271186440677,1.4,2.0,1.8983050847457628,1.152542372881356,2.1864406779661016,1.2881355932203389,1.423728813559322,1.6271186440677967,0.2711864406779661,0.17796610169491525,-0.5254237288135593,12.947368421052632,12.368421052631579,4.631578947368421,10.157894736842104,1.763157894736842,0.5789473684210531,2.0,2.0,0.0,5.0,2.0,2.0,2.0,1.25,0.5,1.25,0.5,2.0,2.0,1.0,0.0,1.5,1.0,0.75,0.25,0.0,12.240851576981052,11.982404859551654,4.089897574907331,10.84084795339368,1.9110438602179538,0.25844671742939856
pl-2026-2026-09-19-everton-v-ipswich-town,2026-09-19,2026,Everton,Ipswich Town,1,0,2,0.8333333333333334,0.0,317.4994578947388,7,7,999,0,1.0,0,999,0,1.0,0,3,1,1.0,3.0,1.0,5.0,4.0,1.2,1.2796610169491525,1.1355932203389831,1.2542372881355932,1.0,0.8,1.3389830508474576,1.2203389830508475,1.3220338983050848,1.1864406779661016,0.9491525423728814,1.3220338983050848,0.3220338983050847,0.3220338983050847,-0.07966101694915251,11.052631578947368,14.026315789473685,3.789473684210526,10.657894736842104,2.1842105263157894,-2.973684210526317,2.0,0.0,3.0,8.0,13.0,1.2,0.6666666666666666,1.0238095238095237,2.1904761904761907,1.6,2.6,0.47619047619047616,0.8571428571428571,0.7619047619047619,2.238095238095238,1.2857142857142858,2.142857142857143,0.047619047619047616,0.35714285714285715,0.5333333333333333,12.240851576981052,11.982404859551654,4.089897574907331,10.84084795339368,1.9110438602179538,0.25844671742939856
pl-2026-2026-09-20-bournemouth-v-liverpool,2026-09-20,2026,Bournemouth,Liverpool,0,1,0,0.14285714285714285,0.0,309.521114049522,8,8,999,0,1.0,0,999,0,1.0,0,2,3,0.0,4.0,1.0,7.0,8.0,0.8,1.3898305084745763,1.4915254237288136,1.4745762711864407,1.4,1.6,1.4915254237288136,1.2881355932203389,1.3898305084745763,1.1355932203389831,1.5932203389830508,1.8135593220338984,0.2457627118644068,0.1864406779661017,-0.5898305084745763,13.81578947368421,12.631578947368421,4.684210526315789,12.026315789473685,2.4210526315789473,1.1842105263157894,1.0,4.0,0.0,7.0,5.0,1.4,1.9661016949152543,2.042372881355932,1.1779661016949152,1.4,1.0,2.23728813559322,1.694915254237288,2.152542372881356,0.9322033898305084,1.9322033898305084,1.423728813559322,0.3050847457627119,0.07627118644067797,-0.5661016949152544,15.473684210526315,11.447368421052632,4.605263157894737,10.078947368421053,1.5526315789473684,4.026315789473683
pl-2026-2026-09-20-leeds-v-crystal-palace,2026-09-20,2026,Leeds,Crystal Palace,0,0,1,0.6666666666666666,0.0,283.0279993005024,6,8,999,0,1.0,0,999,0,1.0,0,0,3,2.0,2.0,1.0,7.0,6.0,1.6,1.3095238095238095,1.3333333333333333,1.4047619047619047,1.4,1.2,1.7142857142857142,0.9047619047619048,1.619047619047619,1.0952380952380953,1.0476190476190477,1.7142857142857142,0.21428571428571427,0.2857142857142857,0.29047619047619055,12.578947368421053,12.526315789473685,3.973684210526316,10.473684210526315,1.6842105263157894,0.05263157894736814,1.0,0.0,4.0,7.0,13.0,0.6,1.271186440677966,1.3135593220338984,1.4491525423728813,1.4,2.6,1.2542372881355932,1.2881355932203389,1.4067796610169492,1.3898305084745763,1.2203389830508475,1.5084745762711864,0.2796610169491525,0.23728813559322035,-0.6711864406779661,11.631578947368421,11.710526315789474,3.710526315789474,10.473684210526315,2.0526315789473686,-0.0789473684210531
pl-2026-2026-09-20-man-city-v-sunderland,2026-09-20,2026,Man City,Sunderland,5,3,2,0.8333333333333334,0.0,167.65403321407322,7,8,999,0,1.0,0,999,0,1.0,0,1,3,4.0,0.0,1.0,9.0,4.0,2.4,2.135593220338983,2.1440677966101696,0.9745762711864406,1.8,0.8,2.3728813559322033,1.8983050847457628,2.406779661016949,0.9152542372881356,1.88135593220339,1.0338983050847457,0.3728813559322034,0.11016949152542373,0.2644067796610168,15.657894736842104,9.710526315789474,5.394736842105263,9.657894736842104,1.763157894736842,5.94736842105263,2.0,1.0,2.0,5.0,6.0,1.4,1.380952380952381,1.0714285714285714,1.2619047619047619,1.0,1.2,1.7142857142857142,1.0476190476190477,1.2380952380952381,1.0476190476190477,0.9047619047619048,1.4761904761904763,0.2857142857142857,0.3333333333333333,0.01904761904761898,10.394736842105264,14.263157894736842,3.3157894736842106,10.710526315789474,2.263157894736842,-3.8684210526315788
pl-2026-2026-09-20-fulham-v-man-united,2026-09-20,2026,Fulham,Man United,1,1,1,0.2857142857142857,0.0,261.7512375105811,8,7,999,0,1.0,0,999,0,1.0,0,0,3,1.0,1.0,3.0,6.0,7.0,0.8,1.305084745762712,1.3559322033898304,1.4661016949152543,1.2,1.4,1.5254237288135593,1.0847457627118644,1.5593220338983051,1.3559322033898304,1.152542372881356,1.576271186440678,0.211864406779661,0.2796610169491525,-0.5050847457627119,12.657894736842104,11.789473684210526,3.6315789473684212,10.894736842105264,2.026315789473684,0.8684210526315788,2.0,1.0,2.0,10.0,7.0,1.4,1.5,1.5,1.4322033898305084,2.0,1.4,1.728813559322034,1.271186440677966,1.6610169491525424,1.4067796610169492,1.3389830508474576,1.4576271186440677,0.2288135593220339,0.2542372881355932,-0.10000000000000009,15.68421052631579,11.605263157894736,5.684210526315789,10.289473684210526,1.7894736842105263,4.078947368421053
