fixture_id,date,season,home,away,home_goals,away_goals,result,h2h_edge,h_travel_km,a_travel_km,h_rest_days,a_rest_days,h_euro_days_since,h_euro_midweek,h_euro_ppg,h_euro_gd,a_euro_days_since,a_euro_midweek,a_euro_ppg,a_euro_gd,h_key_absences,a_key_absences,h_w5,h_d5,h_l5,h_gf5,h_ga5,h_ppg_l5,h_ppg,h_gf_pg,h_ga_pg,h_gf_pg_l5,h_ga_pg_l5,h_home_ppg,h_away_ppg,h_home_gf_pg,h_home_ga_pg,h_away_gf_pg,h_away_ga_pg,h_cs_rate,h_fts_rate,h_momentum,h_shots_pg,h_shots_conc_pg,h_sot_pg,h_fouls_pg,h_cards_pg,h_shot_diff_pg,a_w5,a_d5,a_l5,a_gf5,a_ga5,a_ppg_l5,a_ppg,a_gf_pg,a_ga_pg,a_gf_pg_l5,a_ga_pg_l5,a_home_ppg,a_away_ppg,a_home_gf_pg,a_home_ga_pg,a_away_gf_pg,a_away_ga_pg,a_cs_rate,a_fts_rate,a_momentum,a_shots_pg,a_shots_conc_pg,a_sot_pg,a_fouls_pg,a_cards_pg,a_shot_diff_pg
laliga-2023-2023-08-11-almeria-v-rayo-vallecano,2023-08-11,2023,Almeria,Rayo Vallecano,0,2,0,0.5,0.0,408.41447146181173,7,7,999,0,1.0,0,999,0,1.0,0,0,0,1.7757322175732217,1.2694560669456068,1.8326359832635983,6.399163179916318,6.506276150627615,1.3449372384937237,1.3727487515203125,1.3208213528921546,1.310049052463817,1.302510460251046,1.3337935843793585,1.627753660480792,1.1256424534731093,1.4729020240988069,1.1551121185075417,1.1713575931878786,1.4615771636054276,0.2788926847530572,0.2781942472123016,-0.027811513026588585,12.33493626402165,12.475447830770602,4.245588315049165,12.548505097991866,2.424159176649579,-0.14051156674895351,1.8500837520938023,1.2822445561139029,1.747068676716918,6.6373534338358455,6.4296482412060305,1.3993718592964823,1.3895985426256614,1.3346394865919546,1.3036436161426783,1.3557649357900614,1.3134282523729761,1.6381571374904527,1.1271992793151304,1.4870193915504757,1.1561185555726858,1.1711504535967514,1.4597491443972885,0.2830086336552403,0.2733225273316839,0.009773316670820877,12.499095110389504,12.350887454376544,4.309096029067583,12.566620168383578,2.380252699882476,0.14820765601296204
laliga-2023-2023-08-11-sevilla-v-valencia,2023-08-11,2023,Sevilla,Valencia,1,2,0,0.35714285714285715,0.0,539.9261066392522,7,7,999,0,1.0,0,999,0,1.0,0,0,0,1.7757322175732217,1.2694560669456068,1.8326359832635983,6.399163179916318,6.506276150627615,1.3449372384937237,1.3727487515203125,1.3208213528921546,1.310049052463817,1.302510460251046,1.3337935843793585,1.627753660480792,1.1256424534731093,1.4729020240988069,1.1551121185075417,1.1713575931878786,1.4615771636054276,0.2788926847530572,0.2781942472123016,-0.027811513026588585,12.33493626402165,12.475447830770602,4.245588315049165,12.548505097991866,2.424159176649579,-0.14051156674895351,1.8500837520938023,1.2822445561139029,1.747068676716918,6.6373534338358455,6.4296482412060305,1.3993718592964823,1.3895985426256614,1.3346394865919546,1.3036436161426783,1.3557649357900614,1.3134282523729761,1.6381571374904527,1.1271992793151304,1.4870193915504757,1.1561185555726858,1.1711504535967514,1.4597491443972885,0.2830086336552403,0.2733225273316839,0.009773316670820877,12.499095110389504,12.350887454376544,4.309096029067583,12.566620168383578,2.380252699882476,0.14820765601296204
laliga-2023-2023-08-12-real-sociedad-v-girona,2023-08-12,2023,Real Sociedad,Girona,1,1,1,0.5833333333333334,0.0,418.93707768064667,7,7,999,0,1.0,0,999,0,1.0,0,0,0,1.7757322175732217,1.2694560669456068,1.8326359832635983,6.399163179916318,6.506276150627615,1.3449372384937237,1.3727487515203125,1.3208213528921546,1.310049052463817,1.302510460251046,1.3337935843793585,1.627753660480792,1.1256424534731093,1.4729020240988069,1.1551121185075417,1.1713575931878786,1.4615771636054276,0.2788926847530572,0.2781942472123016,-0.027811513026588585,12.33493626402165,12.475447830770602,4.245588315049165,12.548505097991866,2.424159176649579,-0.14051156674895351,1.8500837520938023,1.2822445561139029,1.747068676716918,6.6373534338358455,6.4296482412060305,1.3993718592964823,1.3895985426256614,1.3346394865919546,1.3036436161426783,1.3557649357900614,1.3134282523729761,1.6381571374904527,1.1271992793151304,1.4870193915504757,1.1561185555726858,1.1711504535967514,1.4597491443972885,0.2830086336552403,0.2733225273316839,0.009773316670820877,12.499095110389504,12.350887454376544,4.309096029067583,12.566620168383578,2.380252699882476,0.14820765601296204
laliga-2023-2023-08-12-las-palmas-v-mallorca,2023-08-12,2023,Las Palmas,Mallorca,1,1,1,0.125,0.0,2095.787048048695,7,7,999,0,1.0,0,999,0,1.0,0,0,0,1.7757322175732217,1.2694560669456068,1.8326359832635983,6.399163179916318,6.506276150627615,1.3449372384937237,1.3727487515203125,1.3208213528921546,1.310049052463817,1.302510460251046,1.3337935843793585,1.627753660480792,1.1256424534731093,1.4729020240988069,1.1551121185075417,1.1713575931878786,1.4615771636054276,0.2788926847530572,0.2781942472123016,-0.027811513026588585,12.33493626402165,12.475447830770602,4.245588315049165,12.548505097991866,2.424159176649579,-0.14051156674895351,1.8500837520938023,1.2822445561139029,1.747068676716918,6.6373534338358455,6.4296482412060305,1.3993718592964823,1.3895985426256614,1.3346394865919546,1.3036436161426783,1.3557649357900614,1.3134282523729761,1.6381571374904527,1.1271992793151304,1.4870193915504757,1.1561185555726858,1.1711504535967514,1.4597491443972885,0.2830086336552403,0.2733225273316839,0.009773316670820877,12.499095110389504,12.350887454376544,4.309096029067583,12.566620168383578,2.380252699882476,0.14820765601296204
laliga-2023-2023-08-12-ath-bilbao-v-real-madrid,2023-08-12,2023,Ath Bilbao,Real Madrid,0,2,0,0.16666666666666666,0.0,318.5003176539524,7,7,999,0,1.0,0,999,0,1.0,0,0,0,1.7757322175732217,1.2694560669456068,1.8326359832635983,6.399163179916318,6.506276150627615,1.3449372384937237,1.3727487515203125,1.3208213528921546,1.310049052463817,1.302510460251046,1.3337935843793585,1.627753660480792,1.1256424534731093,1.4729020240988069,1.1551121185075417,1.1713575931878786,1.4615771636054276,0.2788926847530572,0.2781942472123016,-0.027811513026588585,12.33493626402165,12.475447830770602,4.245588315049165,12.548505097991866,2.424159176649579,-0.14051156674895351,1.8500837520938023,1.2822445561139029,1.747068676716918,6.6373534338358455,6.4296482412060305,1.3993718592964823,1.3895985426256614,1.3346394865919546,1.3036436161426783,1.3557649357900614,1.3134282523729761,1.6381571374904527,1.1271992793151304,1.4870193915504757,1.1561185555726858,1.1711504535967514,1.4597491443972885,0.2830086336552403,0.2733225273316839,0.009773316670820877,12.499095110389504,12.350887454376544,4.309096029067583,12.566620168383578,2.380252699882476,0.14820765601296204
laliga-2023-2023-08-13-celta-v-osasuna,2023-08-13,2023,Celta,Osasuna,0,2,0,0.42857142857142855,0.0,585.7167771181677,7,7,999,0,1.0,0,999,0,1.0,0,0,0,1.7757322175732217,1.2694560669456068,1.8326359832635983,6.399163179916318,6.506276150627615,1.3449372384937237,1.3727487515203125,1.3208213528921546,1.310049052463817,1.302510460251046,1.3337935843793585,1.627753660480792,1.1256424534731093,1.4729020240988069,1.1551121185075417,1.1713575931878786,1.4615771636054276,0.2788926847530572,0.2781942472123016,-0.027811513026588585,12.33493626402165,12.475447830770602,4.245588315049165,12.548505097991866,2.424159176649579,-0.14051156674895351,1.8500837520938023,1.2822445561139029,1.747068676716918,6.6373534338358455,6.4296482412060305,1.3993718592964823,1.3895985426256614,1.3346394865919546,1.3036436161426783,1.3557649357900614,1.3134282523729761,1.6381571374904527,1.1271992793151304,1.4870193915504757,1.1561185555726858,1.1711504535967514,1.4597491443972885,0.2830086336552403,0.2733225273316839,0.009773316670820877,12.499095110389504,12.350887454376544,4.309096029067583,12.566620168383578,2.380252699882476,0.14820765601296204
laliga-2023-2023-08-13-villarreal-v-betis,2023-08-13,2023,Villarreal,Betis,1,2,0,0.35714285714285715,0.0,583.4265952554996,7,7,999,0,1.0,0,999,0,1.0,0,0,0,1.7757322175732217,1.2694560669456068,1.8326359832635983,6.399163179916318,6.506276150627615,1.3449372384937237,1.3727487515203125,1.3208213528921546,1.310049052463817,1.302510460251046,1.3337935843793585,1.627753660480792,1.1256424534731093,1.4729020240988069,1.1551121185075417,1.1713575931878786,1.4615771636054276,0.2788926847530572,0.2781942472123016,-0.027811513026588585,12.33493626402165,12.475447830770602,4.245588315049165,12.548505097991866,2.424159176649579,-0.14051156674895351,1.8500837520938023,1.2822445561139029,1.747068676716918,6.6373534338358455,6.4296482412060305,1.3993718592964823,1.3895985426256614,1.3346394865919546,1.3036436161426783,1.3557649357900614,1.3134282523729761,1.6381571374904527,1.1271992793151304,1.4870193915504757,1.1561185555726858,1.1711504535967514,1.4597491443972885,0.2830086336552403,0.2733225273316839,0.009773316670820877,12.499095110389504,12.350887454376544,4.309096029067583,12.566620168383578,2.380252699882476,0.14820765601296204
laliga-2023-2023-08-13-getafe-v-barcelona,2023-08-13,2023,Getafe,Barcelona,0,0,1,0.16666666666666666,0.0,505.3079785831502,7,7,999,0,1.0,0,999,0,1.0,0,0,0,1.7757322175732217,1.2694560669456068,1.8326359832635983,6.399163179916318,6.506276150627615,1.3449372384937237,1.3727487515203125,1.3208213528921546,1.310049052463817,1.302510460251046,1.3337935843793585,1.627753660480792,1.1256424534731093,1.4729020240988069,1.1551121185075417,1.1713575931878786,1.4615771636054276,0.2788926847530572,0.2781942472123016,-0.027811513026588585,12.33493626402165,12.475447830770602,4.245588315049165,12.548505097991866,2.424159176649579,-0.14051156674895351,1.8500837520938023,1.2822445561139029,1.747068676716918,6.6373534338358455,6.4296482412060305,1.3993718592964823,1.3895985426256614,1.3346394865919546,1.3036436161426783,1.3557649357900614,1.3134282523729761,1.6381571374904527,1.1271992793151304,1.4870193915504757,1.1561185555726858,1.1711504535967514,1.4597491443972885,0.2830086336552403,0.2733225273316839,0.009773316670820877,12.499095110389504,12.350887454376544,4.309096029067583,12.566620168383578,2.380252699882476,0.14820765601296204
laliga-2023-2023-08-14-cadiz-v-alaves,2023-08-14,2023,Cadiz,Alaves,1,0,2,0.5,0.0,766.9662012037677,7,7,999,0,1.0,0,999,0,1.0,0,0,0,1.7757322175732217,1.2694560669456068,1.8326359832635983,6.399163179916318,6.506276150627615,1.3449372384937237,1.3727487515203125,1.3208213528921546,1.310049052463817,1.302510460251046,1.3337935843793585,1.627753660480792,1.1256424534731093,1.4729020240988069,1.1551121185075417,1.1713575931878786,1.4615771636054276,0.2788926847530572,0.2781942472123016,-0.027811513026588585,12.33493626402165,12.475447830770602,4.245588315049165,12.548505097991866,2.424159176649579,-0.14051156674895351,1.8500837520938023,1.2822445561139029,1.747068676716918,6.6373534338358455,6.4296482412060305,1.3993718592964823,1.3895985426256614,1.3346394865919546,1.3036436161426783,1.3557649357900614,1.3134282523729761,1.6381571374904527,1.1271992793151304,1.4870193915504757,1.1561185555726858,1.1711504535967514,1.4597491443972885,0.2830086336552403,0.2733225273316839,0.009773316670820877,12.499095110389504,12.350887454376544,4.309096029067583,12.566620168383578,2.380252699882476,0.14820765601296204
laliga-2023-2023-08-14-ath-madrid-v-granada,2023-08-14,2023,Ath Madrid,Granada,3,1,2,1.0,0.0,364.2745899873308,7,7,999,0,1.0,0,999,0,1.0,0,0,0,1.7757322175732217,1.2694560669456068,1.8326359832635983,6.399163179916318,6.506276150627615,1.3449372384937237,1.3727487515203125,1.3208213528921546,1.310049052463817,1.302510460251046,1.3337935843793585,1.627753660480792,1.1256424534731093,1.4729020240988069,1.1551121185075417,1.1713575931878786,1.4615771636054276,0.2788926847530572,0.2781942472123016,-0.027811513026588585,12.33493626402165,12.475447830770602,4.245588315049165,12.548505097991866,2.424159176649579,-0.14051156674895351,1.8500837520938023,1.2822445561139029,1.747068676716918,6.6373534338358455,6.4296482412060305,1.3993718592964823,1.3895985426256614,1.3346394865919546,1.3036436161426783,1.3557649357900614,1.3134282523729761,1.6381571374904527,1.1271992793151304,1.4870193915504757,1.1561185555726858,1.1711504535967514,1.4597491443972885,0.2830086336552403,0.2733225273316839,0.009773316670820877,12.499095110389504,12.350887454376544,4.309096029067583,12.566620168383578,2.380252699882476,0.14820765601296204
laliga-2023-2023-08-18-mallorca-v-villarreal,2023-08-18,2023,Mallorca,Villarreal,0,1,0,0.16666666666666666,0.0,236.873397912926,6,5,999,0,1.0,0,999,0,1.0,0,0,0,0.0,1.0,0.0,1.0,1.0,1.0,1.0,1.0,1.0,1.0,1.0,1.0,1.0,1.0,1.0,1.0,1.0,0.0,0.0,0.0,12.33493626402165,12.475447830770602,4.245588315049165,12.548505097991866,2.424159176649579,-0.14051156674895351,0.0,0.0,1.0,1.0,2.0,0.0,0.0,1.0,2.0,1.0,2.0,0.0,0.0,1.0,2.0,1.0,2.0,0.0,0.0,0.0,12.499095110389504,12.350887454376544,4.309096029067583,12.566620168383578,2.380252699882476,0.14820765601296204
laliga-2023-2023-08-18-valencia-v-las-palmas,2023-08-18,2023,Valencia,Las Palmas,1,0,2,0.5,0.0,1877.022098441451,7,6,999,0,1.0,0,999,0,1.0,0,0,0,1.0,0.0,0.0,2.0,1.0,3.0,3.0,2.0,1.0,2.0,1.0,3.0,3.0,2.0,1.0,2.0,1.0,0.0,0.0,0.0,12.33493626402165,12.475447830770602,4.245588315049165,12.548505097991866,2.424159176649579,-0.14051156674895351,0.0,1.0,0.0,1.0,1.0,1.0,1.0,1.0,1.0,1.0,1.0,1.0,1.0,1.0,1.0,1.0,1.0,0.0,0.0,0.0,12.499095110389504,12.350887454376544,4.309096029067583,12.566620168383578,2.380252699882476,0.14820765601296204
laliga-2023-2023-08-19-real-sociedad-v-celta,2023-08-19,2023,Real Sociedad,Celta,1,1,1,0.5,0.0,565.3485968116221,7,6,999,0,1.0,0,999,0,1.0,0,0,0,0.0,1.0,0.0,1.0,1.0,1.0,1.0,1.0,1.0,1.0,1.0,1.0,1.0,1.0,1.0,1.0,1.0,0.0,0.0,0.0,12.33493626402165,12.475447830770602,4.245588315049165,12.548505097991866,2.424159176649579,-0.14051156674895351,0.0,0.0,1.0,0.0,2.0,0.0,0.0,0.0,2.0,0.0,2.0,0.0,0.0,0.0,2.0,0.0,2.0,0.0,1.0,0.0,12.499095110389504,12.350887454376544,4.309096029067583,12.566620168383578,2.380252699882476,0.14820765601296204
laliga-2023-2023-08-19-almeria-v-real-madrid,2023-08-19,2023,Almeria,Real Madrid,1,3,0,0.0,0.0,415.73302799403956,8,7,999,0,1.0,0,999,0,1.0,0,0,0,0.0,0.0,1.0,0.0,2.0,0.0,0.0,0.0,2.0,0.0,2.0,0.0,0.0,0.0,2.0,0.0,2.0,0.0,1.0,0.0,12.33493626402165,12.475447830770602,4.245588315049165,12.548505097991866,2.424159176649579,-0.14051156674895351,1.0,0.0,0.0,2.0,0.0,3.0,3.0,2.0,0.0,2.0,0.0,3.0,3.0,2.0,0.0,2.0,0.0,1.0,0.0,0.0,12.499095110389504,12.350887454376544,4.309096029067583,12.566620168383578,2.380252699882476,0.14820765601296204
laliga-2023-2023-08-19-osasuna-v-ath-bilbao,2023-08-19,2023,Osasuna,Ath Bilbao,0,2,0,0.25,0.0,118.61154051368908,6,7,999,0,1.0,0,999,0,1.0,0,0,0,1.0,0.0,0.0,2.0,0.0,3.0,3.0,2.0,0.0,2.0,0.0,3.0,3.0,2.0,0.0,2.0,0.0,1.0,0.0,0.0,12.33493626402165,12.475447830770602,4.245588315049165,12.548505097991866,2.424159176649579,-0.14051156674895351,0.0,0.0,1.0,0.0,2.0,0.0,0.0,0.0,2.0,0.0,2.0,0.0,0.0,0.0,2.0,0.0,2.0,0.0,1.0,0.0,12.499095110389504,12.350887454376544,4.309096029067583,12.566620168383578,2.380252699882476,0.14820765601296204
laliga-2023-2023-08-20-betis-v-ath-madrid,2023-08-20,2023,Betis,Ath Madrid,0,0,1,0.4166666666666667,0.0,396.6545503244278,7,6,999,0,1.0,0,999,0,1.0,0,0,0,1.0,0.0,0.0,2.0,1.0,3.0,3.0,2.0,1.0,2.0,1.0,3.0,3.0,2.0,1.0,2.0,1.0,0.0,0.0,0.0,12.33493626402165,12.475447830770602,4.245588315049165,12.548505097991866,2.424159176649579,-0.14051156674895351,1.0,0.0,0.0,3.0,1.0,3.0,3.0,3.0,1.0,3.0,1.0,3.0,3.0,3.0,1.0,3.0,1.0,0.0,0.0,0.0,12.499095110389504,12.350887454376544,4.309096029067583,12.566620168383578,2.380252699882476,0.14820765601296204
laliga-2023-2023-08-20-girona-v-getafe,2023-08-20,2023,Girona,Getafe,3,0,2,0.4166666666666667,0.0,577.8817083166299,8,7,999,0,1.0,0,999,0,1.0,0,0,0,0.0,1.0,0.0,1.0,1.0,1.0,1.0,1.0,1.0,1.0,1.0,1.0,1.0,1.0,1.0,1.0,1.0,0.0,0.0,0.0,12.33493626402165,12.475447830770602,4.245588315049165,12.548505097991866,2.424159176649579,-0.14051156674895351,0.0,1.0,0.0,0.0,0.0,1.0,1.0,0.0,0.0,0.0,0.0,1.0,1.0,0.0,0.0,0.0,0.0,1.0,1.0,0.0,12.499095110389504,12.350887454376544,4.309096029067583,12.566620168383578,2.380252699882476,0.14820765601296204
laliga-2023-2023-08-20-barcelona-v-cadiz,2023-08-20,2023,Barcelona,Cadiz,2,0,2,1.0,0.0,904.4454716986064,7,6,999,0,1.0,0,999,0,1.0,0,0,0,0.0,1.0,0.0,0.0,0.0,1.0,1.0,0.0,0.0,0.0,0.0,1.0,1.0,0.0,0.0,0.0,0.0,1.0,1.0,0.0,12.33493626402165,12.475447830770602,4.245588315049165,12.548505097991866,2.424159176649579,-0.14051156674895351,1.0,0.0,0.0,1.0,0.0,3.0,3.0,1.0,0.0,1.0,0.0,3.0,3.0,1.0,0.0,1.0,0.0,1.0,0.0,0.0,12.499095110389504,12.350887454376544,4.309096029067583,12.566620168383578,2.380252699882476,0.14820765601296204
laliga-2023-2023-08-21-alaves-v-sevilla,2023-08-21,2023,Alaves,Sevilla,4,3,2,0.6666666666666666,0.0,668.854131899639,7,10,999,0,1.0,0,999,0,1.0,0,0,0,0.0,0.0,1.0,0.0,1.0,0.0,0.0,0.0,1.0,0.0,1.0,0.0,0.0,0.0,1.0,0.0,1.0,0.0,1.0,0.0,12.33493626402165,12.475447830770602,4.245588315049165,12.548505097991866,2.424159176649579,-0.14051156674895351,0.0,0.0,1.0,1.0,2.0,0.0,0.0,1.0,2.0,1.0,2.0,0.0,0.0,1.0,2.0,1.0,2.0,0.0,0.0,0.0,12.499095110389504,12.350887454376544,4.309096029067583,12.566620168383578,2.380252699882476,0.14820765601296204
laliga-2023-2023-08-21-granada-v-rayo-vallecano,2023-08-21,2023,Granada,Rayo Vallecano,0,2,0,0.0,0.0,359.19724342166523,7,10,999,0,1.0,0,999,0,1.0,0,0,0,0.0,0.0,1.0,1.0,3.0,0.0,0.0,1.0,3.0,1.0,3.0,0.0,0.0,1.0,3.0,1.0,3.0,0.0,0.0,0.0,12.33493626402165,12.475447830770602,4.245588315049165,12.548505097991866,2.424159176649579,-0.14051156674895351,1.0,0.0,0.0,2.0,0.0,3.0,3.0,2.0,0.0,2.0,0.0,3.0,3.0,2.0,0.0,2.0,0.0,1.0,0.0,0.0,12.499095110389504,12.350887454376544,4.309096029067583,12.566620168383578,2.380252699882476,0.14820765601296204
laliga-2023-2023-08-25-las-palmas-v-real-sociedad,2023-08-25,2023,Las Palmas,Real Sociedad,0,0,1,0.25,0.0,2076.995858266857,7,6,999,0,1.0,0,999,0,1.0,0,0,0,0.0,1.0,1.0,1.0,2.0,0.5,0.5,0.5,1.0,0.5,1.0,1.0,0.0,1.0,1.0,0.0,1.0,0.0,0.5,0.0,12.33493626402165,12.475447830770602,4.245588315049165,12.548505097991866,2.424159176649579,-0.14051156674895351,0.0,2.0,0.0,2.0,2.0,1.0,1.0,1.0,1.0,1.0,1.0,1.0,1.0,1.0,1.0,1.0,1.0,0.0,0.0,0.0,12.499095110389504,12.350887454376544,4.309096029067583,12.566620168383578,2.380252699882476,0.14820765601296204
laliga-2023-2023-08-25-celta-v-real-madrid,2023-08-25,2023,Celta,Real Madrid,0,1,0,0.16666666666666666,0.0,464.8541080530331,6,6,999,0,1.0,0,999,0,1.0,0,0,0,0.0,1.0,1.0,1.0,3.0,0.5,0.5,0.5,1.5,0.5,1.5,0.0,1.0,0.0,2.0,1.0,1.0,0.0,0.5,0.0,12.33493626402165,12.475447830770602,4.245588315049165,12.548505097991866,2.424159176649579,-0.14051156674895351,2.0,0.0,0.0,5.0,1.0,3.0,3.0,2.5,0.5,2.5,0.5,3.0,3.0,2.5,0.5,2.5,0.5,0.5,0.0,0.0,12.499095110389504,12.350887454376544,4.309096029067583,12.566620168383578,2.380252699882476,0.14820765601296204
laliga-2023-2023-08-26-cadiz-v-almeria,2023-08-26,2023,Cadiz,Almeria,1,1,1,0.25,0.0,341.9981498347914,6,7,999,0,1.0,0,999,0,1.0,0,0,0,1.0,0.0,1.0,1.0,2.0,1.5,1.5,0.5,1.0,0.5,1.0,3.0,0.0,1.0,0.0,0.0,2.0,0.5,0.5,0.0,12.33493626402165,12.475447830770602,4.245588315049165,12.548505097991866,2.424159176649579,-0.14051156674895351,0.0,0.0,2.0,1.0,5.0,0.0,0.0,0.5,2.5,0.5,2.5,0.0,0.0,0.5,2.5,0.5,2.5,0.0,0.5,0.0,12.499095110389504,12.350887454376544,4.309096029067583,12.566620168383578,2.380252699882476,0.14820765601296204
laliga-2023-2023-08-26-granada-v-mallorca,2023-08-26,2023,Granada,Mallorca,3,2,2,0.5,0.0,606.1854786446766,5,8,999,0,1.0,0,999,0,1.0,0,0,0,0.0,0.0,2.0,1.0,5.0,0.0,0.0,0.5,2.5,0.5,2.5,0.0,0.0,0.0,2.0,1.0,3.0,0.0,0.5,0.0,12.33493626402165,12.475447830770602,4.245588315049165,12.548505097991866,2.424159176649579,-0.14051156674895351,0.0,1.0,1.0,1.0,2.0,0.5,0.5,0.5,1.0,0.5,1.0,0.0,1.0,0.0,1.0,1.0,1.0,0.0,0.5,0.0,12.499095110389504,12.350887454376544,4.309096029067583,12.566620168383578,2.380252699882476,0.14820765601296204
laliga-2023-2023-08-26-sevilla-v-girona,2023-08-26,2023,Sevilla,Girona,1,2,0,0.4166666666666667,0.0,908.8557335333999,5,6,999,0,1.0,0,999,0,1.0,0,0,0,0.0,0.0,2.0,4.0,6.0,0.0,0.0,2.0,3.0,2.0,3.0,0.0,0.0,1.0,2.0,3.0,4.0,0.0,0.0,0.0,12.33493626402165,12.475447830770602,4.245588315049165,12.548505097991866,2.424159176649579,-0.14051156674895351,1.0,1.0,0.0,4.0,1.0,2.0,2.0,2.0,0.5,2.0,0.5,3.0,1.0,3.0,0.0,1.0,1.0,0.5,0.0,0.0,12.499095110389504,12.350887454376544,4.309096029067583,12.566620168383578,2.380252699882476,0.14820765601296204
laliga-2023-2023-08-27-villarreal-v-barcelona,2023-08-27,2023,Villarreal,Barcelona,3,4,0,0.3333333333333333,0.0,246.9573901431134,9,7,999,0,1.0,0,999,0,1.0,0,0,0,1.0,0.0,1.0,2.0,2.0,1.5,1.5,1.0,1.0,1.0,1.0,0.0,3.0,1.0,2.0,1.0,0.0,0.5,0.0,0.0,12.33493626402165,12.475447830770602,4.245588315049165,12.548505097991866,2.424159176649579,-0.14051156674895351,1.0,1.0,0.0,2.0,0.0,2.0,2.0,1.0,0.0,1.0,0.0,3.0,1.0,2.0,0.0,0.0,0.0,1.0,0.5,0.0,12.499095110389504,12.350887454376544,4.309096029067583,12.566620168383578,2.380252699882476,0.14820765601296204
laliga-2023-2023-08-27-valencia-v-osasuna,2023-08-27,2023,Valencia,Osasuna,1,2,0,0.5,0.0,384.19801421511994,9,8,999,0,1.0,0,999,0,1.0,0,0,0,2.0,0.0,0.0,3.0,1.0,3.0,3.0,1.5,0.5,1.5,0.5,3.0,3.0,1.0,0.0,2.0,1.0,0.5,0.0,0.0,12.33493626402165,12.475447830770602,4.245588315049165,12.548505097991866,2.424159176649579,-0.14051156674895351,1.0,0.0,1.0,2.0,2.0,1.5,1.5,1.0,1.0,1.0,1.0,0.0,3.0,0.0,2.0,2.0,0.0,0.5,0.5,0.0,12.499095110389504,12.350887454376544,4.309096029067583,12.566620168383578,2.380252699882476,0.14820765601296204
laliga-2023-2023-08-27-ath-bilbao-v-betis,2023-08-27,2023,Ath Bilbao,Betis,4,2,2,0.6666666666666666,0.0,702.0918503555403,8,7,999,0,1.0,0,999,0,1.0,0,0,0,1.0,0.0,1.0,2.0,2.0,1.5,1.5,1.0,1.0,1.0,1.0,0.0,3.0,0.0,2.0,2.0,0.0,0.5,0.5,0.0,12.33493626402165,12.475447830770602,4.245588315049165,12.548505097991866,2.424159176649579,-0.14051156674895351,1.0,1.0,0.0,2.0,1.0,2.0,2.0,1.0,0.5,1.0,0.5,1.0,3.0,0.0,0.0,2.0,1.0,0.5,0.5,0.0,12.499095110389504,12.350887454376544,4.309096029067583,12.566620168383578,2.380252699882476,0.14820765601296204
laliga-2023-2023-08-28-getafe-v-alaves,2023-08-28,2023,Getafe,Alaves,1,0,2,0.6428571428571429,0.0,295.24865506627265,8,7,999,0,1.0,0,999,0,1.0,0,0,0,0.0,1.0,1.0,0.0,3.0,0.5,0.5,0.0,1.5,0.0,1.5,1.0,0.0,0.0,0.0,0.0,3.0,0.5,1.0,0.0,12.33493626402165,12.475447830770602,4.245588315049165,12.548505097991866,2.424159176649579,-0.14051156674895351,1.0,0.0,1.0,4.0,4.0,1.5,1.5,2.0,2.0,2.0,2.0,3.0,0.0,4.0,3.0,0.0,1.0,0.0,0.5,0.0,12.499095110389504,12.350887454376544,4.309096029067583,12.566620168383578,2.380252699882476,0.14820765601296204
laliga-2023-2023-08-28-rayo-vallecano-v-ath-madrid,2023-08-28,2023,Rayo Vallecano,Ath Madrid,0,7,0,0.25,0.0,7.149352263268357,7,8,999,0,1.0,0,999,0,1.0,0,0,0,2.0,0.0,0.0,4.0,0.0,3.0,3.0,2.0,0.0,2.0,0.0,3.0,3.0,2.0,0.0,2.0,0.0,1.0,0.0,0.0,12.33493626402165,12.475447830770602,4.245588315049165,12.548505097991866,2.424159176649579,-0.14051156674895351,1.0,1.0,0.0,3.0,1.0,2.0,2.0,1.5,0.5,1.5,0.5,3.0,1.0,3.0,1.0,0.0,0.0,0.5,0.5,0.0,12.499095110389504,12.350887454376544,4.309096029067583,12.566620168383578,2.380252699882476,0.14820765601296204
laliga-2023-2023-09-01-cadiz-v-villarreal,2023-09-01,2023,Cadiz,Villarreal,3,1,2,0.75,0.0,659.2528281030969,6,5,999,0,1.0,0,999,0,1.0,0,0,0,1.0,1.0,1.0,2.0,3.0,1.3333333333333333,1.3333333333333333,0.6666666666666666,1.0,0.6666666666666666,1.0,2.0,0.0,1.0,0.5,0.0,2.0,0.3333333333333333,0.3333333333333333,0.0,12.33493626402165,12.475447830770602,4.245588315049165,12.548505097991866,2.424159176649579,-0.14051156674895351,1.0,0.0,2.0,5.0,6.0,1.0,1.0,1.6666666666666667,2.0,1.6666666666666667,2.0,0.0,3.0,2.0,3.0,1.0,0.0,0.3333333333333333,0.0,0.0,12.499095110389504,12.350887454376544,4.309096029067583,12.566620168383578,2.380252699882476,0.14820765601296204
laliga-2023-2023-09-01-almeria-v-celta,2023-09-01,2023,Almeria,Celta,2,3,0,0.0,0.0,803.8738349882984,6,7,999,0,1.0,0,999,0,1.0,0,0,0,0.0,1.0,2.0,2.0,6.0,0.3333333333333333,0.3333333333333333,0.6666666666666666,2.0,0.6666666666666666,2.0,0.0,1.0,0.5,2.5,1.0,1.0,0.0,0.3333333333333333,0.0,12.33493626402165,12.475447830770602,4.245588315049165,12.548505097991866,2.424159176649579,-0.14051156674895351,0.0,1.0,2.0,1.0,4.0,0.3333333333333333,0.3333333333333333,0.3333333333333333,1.3333333333333333,0.3333333333333333,1.3333333333333333,0.0,1.0,0.0,1.5,1.0,1.0,0.0,0.6666666666666666,0.0,12.499095110389504,12.350887454376544,4.309096029067583,12.566620168383578,2.380252699882476,0.14820765601296204
laliga-2023-2023-09-02-real-sociedad-v-granada,2023-09-02,2023,Real Sociedad,Granada,5,3,2,1.0,0.0,696.4755357875945,8,7,999,0,1.0,0,999,0,1.0,0,0,0,0.0,3.0,0.0,2.0,2.0,1.0,1.0,0.6666666666666666,0.6666666666666666,0.6666666666666666,0.6666666666666666,1.0,1.0,1.0,1.0,0.0,0.0,0.3333333333333333,0.3333333333333333,0.0,12.33493626402165,12.475447830770602,4.245588315049165,12.548505097991866,2.424159176649579,-0.14051156674895351,1.0,0.0,2.0,4.0,7.0,1.0,1.0,1.3333333333333333,2.3333333333333335,1.3333333333333333,2.3333333333333335,1.5,0.0,1.5,2.0,1.0,3.0,0.0,0.3333333333333333,0.0,12.499095110389504,12.350887454376544,4.309096029067583,12.566620168383578,2.380252699882476,0.14820765601296204
laliga-2023-2023-09-02-real-madrid-v-getafe,2023-09-02,2023,Real Madrid,Getafe,2,1,2,0.8333333333333334,0.0,16.272976255040476,8,5,999,0,1.0,0,999,0,1.0,0,0,0,3.0,0.0,0.0,6.0,1.0,3.0,3.0,2.0,0.3333333333333333,2.0,0.3333333333333333,3.0,3.0,2.0,0.3333333333333333,2.0,0.3333333333333333,0.6666666666666666,0.0,0.0,12.33493626402165,12.475447830770602,4.245588315049165,12.548505097991866,2.424159176649579,-0.14051156674895351,1.0,1.0,1.0,1.0,3.0,1.3333333333333333,1.3333333333333333,0.3333333333333333,1.0,0.3333333333333333,1.0,2.0,0.0,0.5,0.0,0.0,3.0,0.6666666666666666,0.6666666666666666,0.0,12.499095110389504,12.350887454376544,4.309096029067583,12.566620168383578,2.380252699882476,0.14820765601296204
laliga-2023-2023-09-02-alaves-v-valencia,2023-09-02,2023,Alaves,Valencia,1,0,2,0.5714285714285714,0.0,421.45291985193836,5,6,999,0,1.0,0,999,0,1.0,0,0,0,1.0,0.0,2.0,4.0,5.0,1.0,1.0,1.3333333333333333,1.6666666666666667,1.3333333333333333,1.6666666666666667,3.0,0.0,4.0,3.0,0.0,1.0,0.0,0.6666666666666666,0.0,12.33493626402165,12.475447830770602,4.245588315049165,12.548505097991866,2.424159176649579,-0.14051156674895351,2.0,0.0,1.0,4.0,3.0,2.0,2.0,1.3333333333333333,1.0,1.3333333333333333,1.0,1.5,3.0,1.0,1.0,2.0,1.0,0.3333333333333333,0.0,0.0,12.499095110389504,12.350887454376544,4.309096029067583,12.566620168383578,2.380252699882476,0.14820765601296204
laliga-2023-2023-09-02-betis-v-rayo-vallecano,2023-09-02,2023,Betis,Rayo Vallecano,1,0,2,0.5,0.0,389.6758738843053,6,5,999,0,1.0,0,999,0,1.0,0,0,0,1.0,1.0,1.0,4.0,5.0,1.3333333333333333,1.3333333333333333,1.3333333333333333,1.6666666666666667,1.3333333333333333,1.6666666666666667,1.0,1.5,0.0,0.0,2.0,2.5,0.3333333333333333,0.3333333333333333,0.0,12.33493626402165,12.475447830770602,4.245588315049165,12.548505097991866,2.424159176649579,-0.14051156674895351,2.0,0.0,1.0,4.0,7.0,2.0,2.0,1.3333333333333333,2.3333333333333335,1.3333333333333333,2.3333333333333335,0.0,3.0,0.0,7.0,2.0,0.0,0.6666666666666666,0.3333333333333333,0.0,12.499095110389504,12.350887454376544,4.309096029067583,12.566620168383578,2.380252699882476,0.14820765601296204
laliga-2023-2023-09-03-girona-v-las-palmas,2023-09-03,2023,Girona,Las Palmas,1,0,2,0.75,0.0,2260.302052877426,8,9,999,0,1.0,0,999,0,1.0,0,0,0,2.0,1.0,0.0,6.0,2.0,2.3333333333333335,2.3333333333333335,2.0,0.6666666666666666,2.0,0.6666666666666666,3.0,2.0,3.0,0.0,1.5,1.0,0.3333333333333333,0.0,0.0,12.33493626402165,12.475447830770602,4.245588315049165,12.548505097991866,2.424159176649579,-0.14051156674895351,0.0,2.0,1.0,1.0,2.0,0.6666666666666666,0.6666666666666666,0.3333333333333333,0.6666666666666666,0.3333333333333333,0.6666666666666666,1.0,0.0,0.5,0.5,0.0,1.0,0.3333333333333333,0.6666666666666666,0.0,12.499095110389504,12.350887454376544,4.309096029067583,12.566620168383578,2.380252699882476,0.14820765601296204
laliga-2023-2023-09-03-mallorca-v-ath-bilbao,2023-09-03,2023,Mallorca,Ath Bilbao,0,0,1,0.4166666666666667,0.0,618.8154377441957,8,7,999,0,1.0,0,999,0,1.0,0,0,0,0.0,1.0,2.0,3.0,5.0,0.3333333333333333,0.3333333333333333,1.0,1.6666666666666667,1.0,1.6666666666666667,0.0,0.5,0.0,1.0,1.5,2.0,0.0,0.3333333333333333,0.0,12.33493626402165,12.475447830770602,4.245588315049165,12.548505097991866,2.424159176649579,-0.14051156674895351,2.0,0.0,1.0,6.0,4.0,2.0,2.0,2.0,1.3333333333333333,2.0,1.3333333333333333,1.5,3.0,2.0,2.0,2.0,0.0,0.3333333333333333,0.3333333333333333,0.0,12.499095110389504,12.350887454376544,4.309096029067583,12.566620168383578,2.380252699882476,0.14820765601296204
laliga-2023-2023-09-03-osasuna-v-barcelona,2023-09-03,2023,Osasuna,Barcelona,1,2,0,0.16666666666666666,0.0,347.5726504119322,7,7,999,0,1.0,0,999,0,1.0,0,0,0,2.0,0.0,1.0,4.0,3.0,2.0,2.0,1.3333333333333333,1.0,1.3333333333333333,1.0,0.0,3.0,0.0,2.0,2.0,0.5,0.3333333333333333,0.3333333333333333,0.0,12.33493626402165,12.475447830770602,4.245588315049165,12.548505097991866,2.424159176649579,-0.14051156674895351,2.0,1.0,0.0,6.0,3.0,2.3333333333333335,2.3333333333333335,2.0,1.0,2.0,1.0,3.0,2.0,2.0,0.0,2.0,1.5,0.6666666666666666,0.3333333333333333,0.0,12.499095110389504,12.350887454376544,4.309096029067583,12.566620168383578,2.380252699882476,0.14820765601296204
laliga-2023-2023-09-15-rayo-vallecano-v-alaves,2023-09-15,2023,Rayo Vallecano,Alaves,2,0,2,0.7857142857142857,0.0,285.05148916793826,13,13,999,0,1.0,0,999,0,1.0,0,0,0,2.0,0.0,2.0,4.0,8.0,1.5,1.5,1.0,2.0,1.0,2.0,0.0,2.0,0.0,7.0,1.3333333333333333,0.3333333333333333,0.5,0.5,0.0,12.33493626402165,12.475447830770602,4.245588315049165,12.548505097991866,2.424159176649579,-0.14051156674895351,2.0,0.0,2.0,5.0,5.0,1.5,1.5,1.25,1.25,1.25,1.25,3.0,0.0,2.5,1.5,0.0,1.0,0.25,0.5,0.0,12.499095110389504,12.350887454376544,4.309096029067583,12.566620168383578,2.380252699882476,0.14820765601296204
laliga-2023-2023-09-16-ath-bilbao-v-cadiz,2023-09-16,2023,Ath Bilbao,Cadiz,3,0,2,0.75,0.0,800.7217689470564,13,15,999,0,1.0,0,999,0,1.0,0,0,0,2.0,1.0,1.0,6.0,4.0,1.75,1.75,1.5,1.0,1.5,1.0,1.5,2.0,2.0,2.0,1.0,0.0,0.5,0.5,0.0,12.33493626402165,12.475447830770602,4.245588315049165,12.548505097991866,2.424159176649579,-0.14051156674895351,2.0,1.0,1.0,5.0,4.0,1.75,1.75,1.25,1.0,1.25,1.0,2.3333333333333335,0.0,1.6666666666666667,0.6666666666666666,0.0,2.0,0.25,0.25,0.0,12.499095110389504,12.350887454376544,4.309096029067583,12.566620168383578,2.380252699882476,0.14820765601296204
laliga-2023-2023-09-16-valencia-v-ath-madrid,2023-09-16,2023,Valencia,Ath Madrid,3,0,2,0.16666666666666666,0.0,294.86048250440695,14,19,999,0,1.0,0,999,0,1.0,0,0,0,2.0,0.0,2.0,4.0,4.0,1.5,1.5,1.0,1.0,1.0,1.0,1.5,1.5,1.0,1.0,1.0,1.0,0.25,0.25,0.0,12.33493626402165,12.475447830770602,4.245588315049165,12.548505097991866,2.424159176649579,-0.14051156674895351,2.0,1.0,0.0,10.0,1.0,2.3333333333333335,2.3333333333333335,3.3333333333333335,0.3333333333333333,3.3333333333333335,0.3333333333333333,3.0,2.0,3.0,1.0,3.5,0.0,0.6666666666666666,0.3333333333333333,0.0,12.499095110389504,12.350887454376544,4.309096029067583,12.566620168383578,2.380252699882476,0.14820765601296204
laliga-2023-2023-09-16-celta-v-mallorca,2023-09-16,2023,Celta,Mallorca,0,1,0,0.6666666666666666,0.0,998.183816272766,15,13,999,0,1.0,0,999,0,1.0,0,0,0,1.0,1.0,2.0,4.0,6.0,1.0,1.0,1.0,1.5,1.0,1.5,0.0,2.0,0.0,1.5,2.0,1.5,0.0,0.5,0.0,12.33493626402165,12.475447830770602,4.245588315049165,12.548505097991866,2.424159176649579,-0.14051156674895351,0.0,2.0,2.0,3.0,5.0,0.5,0.5,0.75,1.25,0.75,1.25,0.5,0.5,0.0,0.5,1.5,2.0,0.25,0.5,0.0,12.499095110389504,12.350887454376544,4.309096029067583,12.566620168383578,2.380252699882476,0.14820765601296204
laliga-2023-2023-09-16-barcelona-v-betis,2023-09-16,2023,Barcelona,Betis,5,0,2,0.8333333333333334,0.0,825.2788120519293,13,14,999,0,1.0,0,999,0,1.0,0,0,0,3.0,1.0,0.0,8.0,4.0,2.5,2.5,2.0,1.0,2.0,1.0,3.0,2.3333333333333335,2.0,0.0,2.0,1.3333333333333333,0.5,0.25,0.0,12.33493626402165,12.475447830770602,4.245588315049165,12.548505097991866,2.424159176649579,-0.14051156674895351,2.0,1.0,1.0,5.0,5.0,1.75,1.75,1.25,1.25,1.25,1.25,2.0,1.5,0.5,0.0,2.0,2.5,0.5,0.25,0.0,12.499095110389504,12.350887454376544,4.309096029067583,12.566620168383578,2.380252699882476,0.14820765601296204
laliga-2023-2023-09-17-getafe-v-osasuna,2023-09-17,2023,Getafe,Osasuna,3,2,2,0.5,0.0,326.2701990448406,15,14,999,0,1.0,0,999,0,1.0,0,0,0,1.0,1.0,2.0,2.0,5.0,1.0,1.0,0.5,1.25,0.5,1.25,2.0,0.0,0.5,0.0,0.5,2.5,0.5,0.5,0.0,12.33493626402165,12.475447830770602,4.245588315049165,12.548505097991866,2.424159176649579,-0.14051156674895351,2.0,0.0,2.0,5.0,5.0,1.5,1.5,1.25,1.25,1.25,1.25,0.0,3.0,0.5,2.0,2.0,0.5,0.25,0.25,0.0,12.499095110389504,12.350887454376544,4.309096029067583,12.566620168383578,2.380252699882476,0.14820765601296204
laliga-2023-2023-09-17-villarreal-v-almeria,2023-09-17,2023,Villarreal,Almeria,2,1,2,1.0,0.0,401.7530924520303,16,16,999,0,1.0,0,999,0,1.0,0,0,0,1.0,0.0,3.0,6.0,9.0,0.75,0.75,1.5,2.25,1.5,2.25,0.0,1.5,2.0,3.0,1.0,1.5,0.25,0.0,0.0,12.33493626402165,12.475447830770602,4.245588315049165,12.548505097991866,2.424159176649579,-0.14051156674895351,0.0,1.0,3.0,4.0,9.0,0.25,0.25,1.0,2.25,1.0,2.25,0.0,1.0,1.0,2.6666666666666665,1.0,1.0,0.0,0.25,0.0,12.499095110389504,12.350887454376544,4.309096029067583,12.566620168383578,2.380252699882476,0.14820765601296204
laliga-2023-2023-09-17-sevilla-v-las-palmas,2023-09-17,2023,Sevilla,Las Palmas,1,0,2,0.875,0.0,1359.3686806165017,22,14,999,0,1.0,0,999,0,1.0,0,0,0,0.0,0.0,3.0,5.0,8.0,0.0,0.0,1.6666666666666667,2.6666666666666665,1.6666666666666667,2.6666666666666665,0.0,0.0,1.0,2.0,3.0,4.0,0.0,0.0,0.0,12.33493626402165,12.475447830770602,4.245588315049165,12.548505097991866,2.424159176649579,-0.14051156674895351,0.0,2.0,2.0,1.0,3.0,0.5,0.5,0.25,0.75,0.25,0.75,1.0,0.0,0.5,0.5,0.0,1.0,0.25,0.75,0.0,12.499095110389504,12.350887454376544,4.309096029067583,12.566620168383578,2.380252699882476,0.14820765601296204
laliga-2023-2023-09-17-real-madrid-v-real-sociedad,2023-09-17,2023,Real Madrid,Real Sociedad,2,1,2,1.0,0.0,347.0032930879048,15,15,999,0,1.0,0,999,0,1.0,0,0,0,4.0,0.0,0.0,8.0,2.0,3.0,3.0,2.0,0.5,2.0,0.5,3.0,3.0,2.0,1.0,2.0,0.3333333333333333,0.5,0.0,0.0,12.33493626402165,12.475447830770602,4.245588315049165,12.548505097991866,2.424159176649579,-0.14051156674895351,1.0,3.0,0.0,7.0,5.0,1.5,1.5,1.75,1.25,1.75,1.25,1.6666666666666667,1.0,2.3333333333333335,1.6666666666666667,0.0,0.0,0.25,0.25,0.0,12.499095110389504,12.350887454376544,4.309096029067583,12.566620168383578,2.380252699882476,0.14820765601296204
laliga-2023-2023-09-18-granada-v-girona,2023-09-18,2023,Granada,Girona,2,4,0,0.0,0.0,767.6260150275315,16,15,999,0,1.0,0,999,0,1.0,0,0,0,1.0,0.0,3.0,7.0,12.0,0.75,0.75,1.75,3.0,1.75,3.0,1.5,0.0,1.5,2.0,2.0,4.0,0.0,0.25,0.0,12.33493626402165,12.475447830770602,4.245588315049165,12.548505097991866,2.424159176649579,-0.14051156674895351,3.0,1.0,0.0,7.0,2.0,2.5,2.5,1.75,0.5,1.75,0.5,3.0,2.0,2.0,0.0,1.5,1.0,0.5,0.0,0.0,12.499095110389504,12.350887454376544,4.309096029067583,12.566620168383578,2.380252699882476,0.14820765601296204
laliga-2023-2023-09-22-alaves-v-ath-bilbao,2023-09-22,2023,Alaves,Ath Bilbao,0,2,0,0.2857142857142857,0.0,51.43559190820587,7,6,999,0,1.0,0,999,0,1.0,0,0,0,2.0,0.0,3.0,5.0,7.0,1.2,1.2,1.0,1.4,1.0,1.4,3.0,0.0,2.5,1.5,0.0,1.3333333333333333,0.2,0.6,0.0,12.33493626402165,12.475447830770602,4.245588315049165,12.548505097991866,2.424159176649579,-0.14051156674895351,3.0,1.0,1.0,9.0,4.0,2.0,2.0,1.8,0.8,1.8,0.8,2.0,2.0,2.3333333333333335,1.3333333333333333,1.0,0.0,0.6,0.4,0.0,12.499095110389504,12.350887454376544,4.309096029067583,12.566620168383578,2.380252699882476,0.14820765601296204
laliga-2023-2023-09-23-girona-v-mallorca,2023-09-23,2023,Girona,Mallorca,5,3,2,0.5,0.0,266.14096704721,5,7,999,0,1.0,0,999,0,1.0,0,0,0,4.0,1.0,0.0,11.0,4.0,2.6,2.6,2.2,0.8,2.2,0.8,3.0,2.3333333333333335,2.0,0.0,2.3333333333333335,1.3333333333333333,0.4,0.0,0.0,12.33493626402165,12.475447830770602,4.245588315049165,12.548505097991866,2.424159176649579,-0.14051156674895351,1.0,2.0,2.0,4.0,5.0,1.0,1.0,0.8,1.0,0.8,1.0,0.5,1.3333333333333333,0.0,0.5,1.3333333333333333,1.3333333333333333,0.4,0.4,0.0,12.499095110389504,12.350887454376544,4.309096029067583,12.566620168383578,2.380252699882476,0.14820765601296204
laliga-2023-2023-09-23-osasuna-v-sevilla,2023-09-23,2023,Osasuna,Sevilla,0,0,1,0.5833333333333334,0.0,705.5950045460971,6,6,999,0,1.0,0,999,0,1.0,0,0,0,2.0,0.0,3.0,7.0,8.0,1.2,1.2,1.4,1.6,1.4,1.6,0.0,2.0,0.5,2.0,2.0,1.3333333333333333,0.2,0.2,0.0,12.33493626402165,12.475447830770602,4.245588315049165,12.548505097991866,2.424159176649579,-0.14051156674895351,1.0,0.0,3.0,6.0,8.0,0.75,0.75,1.5,2.0,1.5,2.0,1.0,0.0,1.0,1.3333333333333333,3.0,4.0,0.25,0.0,0.0,12.499095110389504,12.350887454376544,4.309096029067583,12.566620168383578,2.380252699882476,0.14820765601296204
laliga-2023-2023-09-23-barcelona-v-celta,2023-09-23,2023,Barcelona,Celta,3,2,2,0.9166666666666666,0.0,904.5125615519562,7,7,999,0,1.0,0,999,0,1.0,0,0,0,4.0,1.0,0.0,13.0,4.0,2.6,2.6,2.6,0.8,2.6,0.8,3.0,2.3333333333333335,3.5,0.0,2.0,1.3333333333333333,0.6,0.2,0.0,12.33493626402165,12.475447830770602,4.245588315049165,12.548505097991866,2.424159176649579,-0.14051156674895351,1.0,1.0,3.0,4.0,7.0,0.8,0.8,0.8,1.4,0.8,1.4,0.0,2.0,0.0,1.3333333333333333,2.0,1.5,0.0,0.6,0.0,12.499095110389504,12.350887454376544,4.309096029067583,12.566620168383578,2.380252699882476,0.14820765601296204
laliga-2023-2023-09-23-almeria-v-valencia,2023-09-23,2023,Almeria,Valencia,2,2,1,0.25,0.0,345.1971000731229,6,7,999,0,1.0,0,999,0,1.0,0,0,0,0.0,1.0,4.0,5.0,11.0,0.2,0.2,1.0,2.2,1.0,2.2,0.0,0.5,1.0,2.6666666666666665,1.0,1.5,0.0,0.2,0.0,12.33493626402165,12.475447830770602,4.245588315049165,12.548505097991866,2.424159176649579,-0.14051156674895351,3.0,0.0,2.0,7.0,4.0,1.8,1.8,1.4,0.8,1.4,0.8,2.0,1.5,1.6666666666666667,0.6666666666666666,1.0,1.0,0.4,0.2,0.0,12.499095110389504,12.350887454376544,4.309096029067583,12.566620168383578,2.380252699882476,0.14820765601296204
laliga-2023-2023-09-24-real-sociedad-v-getafe,2023-09-24,2023,Real Sociedad,Getafe,4,3,2,0.5,0.0,362.68976761646644,7,7,999,0,1.0,0,999,0,1.0,0,0,0,1.0,3.0,1.0,8.0,7.0,1.2,1.2,1.6,1.4,1.6,1.4,1.6666666666666667,0.5,2.3333333333333335,1.6666666666666667,0.5,1.0,0.2,0.2,0.0,12.33493626402165,12.475447830770602,4.245588315049165,12.548505097991866,2.424159176649579,-0.14051156674895351,2.0,1.0,2.0,5.0,7.0,1.4,1.4,1.0,1.4,1.0,1.4,2.3333333333333335,0.0,1.3333333333333333,0.6666666666666666,0.5,2.5,0.4,0.4,0.0,12.499095110389504,12.350887454376544,4.309096029067583,12.566620168383578,2.380252699882476,0.14820765601296204
laliga-2023-2023-09-24-rayo-vallecano-v-villarreal,2023-09-24,2023,Rayo Vallecano,Villarreal,1,1,1,0.3333333333333333,0.0,306.1113784234836,9,7,999,0,1.0,0,999,0,1.0,0,0,0,3.0,0.0,2.0,6.0,8.0,1.8,1.8,1.2,1.6,1.2,1.6,1.5,2.0,1.0,3.5,1.3333333333333333,0.3333333333333333,0.6,0.4,0.0,12.33493626402165,12.475447830770602,4.245588315049165,12.548505097991866,2.424159176649579,-0.14051156674895351,2.0,0.0,3.0,8.0,10.0,1.2,1.2,1.6,2.0,1.6,2.0,1.0,1.5,2.0,2.3333333333333335,1.0,1.5,0.2,0.0,0.0,12.499095110389504,12.350887454376544,4.309096029067583,12.566620168383578,2.380252699882476,0.14820765601296204
laliga-2023-2023-09-24-las-palmas-v-granada,2023-09-24,2023,Las Palmas,Granada,1,0,2,0.75,0.0,1496.9079530313209,7,6,999,0,1.0,0,999,0,1.0,0,0,0,0.0,2.0,3.0,1.0,4.0,0.4,0.4,0.2,0.8,0.2,0.8,1.0,0.0,0.5,0.5,0.0,1.0,0.2,0.8,0.0,12.33493626402165,12.475447830770602,4.245588315049165,12.548505097991866,2.424159176649579,-0.14051156674895351,1.0,0.0,4.0,9.0,16.0,0.6,0.6,1.8,3.2,1.8,3.2,1.0,0.0,1.6666666666666667,2.6666666666666665,2.0,4.0,0.0,0.2,0.0,12.499095110389504,12.350887454376544,4.309096029067583,12.566620168383578,2.380252699882476,0.14820765601296204
laliga-2023-2023-09-24-betis-v-cadiz,2023-09-24,2023,Betis,Cadiz,1,1,1,0.75,0.0,98.88305847271758,8,8,999,0,1.0,0,999,0,1.0,0,0,0,2.0,1.0,2.0,5.0,10.0,1.4,1.4,1.0,2.0,1.0,2.0,2.0,1.0,0.5,0.0,1.3333333333333333,3.3333333333333335,0.4,0.4,0.0,12.33493626402165,12.475447830770602,4.245588315049165,12.548505097991866,2.424159176649579,-0.14051156674895351,2.0,1.0,2.0,5.0,7.0,1.4,1.4,1.0,1.4,1.0,1.4,2.3333333333333335,0.0,1.6666666666666667,0.6666666666666666,0.0,2.5,0.2,0.4,0.0,12.499095110389504,12.350887454376544,4.309096029067583,12.566620168383578,2.380252699882476,0.14820765601296204
laliga-2023-2023-09-24-ath-madrid-v-real-madrid,2023-09-24,2023,Ath Madrid,Real Madrid,3,1,2,0.6428571428571429,0.0,7.738693239445262,8,7,999,0,1.0,0,999,0,1.0,0,0,0,2.0,1.0,1.0,10.0,4.0,1.75,1.75,2.5,1.0,2.5,1.0,3.0,1.3333333333333333,3.0,1.0,2.3333333333333335,1.0,0.5,0.5,0.0,12.33493626402165,12.475447830770602,4.245588315049165,12.548505097991866,2.424159176649579,-0.14051156674895351,5.0,0.0,0.0,10.0,3.0,3.0,3.0,2.0,0.6,2.0,0.6,3.0,3.0,2.0,1.0,2.0,0.3333333333333333,0.4,0.0,0.0,12.499095110389504,12.350887454376544,4.309096029067583,12.566620168383578,2.380252699882476,0.14820765601296204
laliga-2023-2023-09-26-sevilla-v-almeria,2023-09-26,2023,Sevilla,Almeria,5,1,2,0.75,0.0,317.0694169290417,3,3,999,0,1.0,0,999,0,1.0,0,0,0,1.0,1.0,3.0,6.0,8.0,0.8,0.8,1.2,1.6,1.2,1.6,1.0,0.5,1.0,1.3333333333333333,1.5,2.0,0.4,0.2,0.0,12.33493626402165,12.475447830770602,4.245588315049165,12.548505097991866,2.424159176649579,-0.14051156674895351,0.0,2.0,3.0,7.0,11.0,0.4,0.3333333333333333,1.1666666666666667,2.1666666666666665,1.4,2.2,0.25,0.5,1.25,2.5,1.0,1.5,0.0,0.16666666666666666,0.06666666666666671,12.499095110389504,12.350887454376544,4.309096029067583,12.566620168383578,2.380252699882476,0.14820765601296204
laliga-2023-2023-09-26-mallorca-v-barcelona,2023-09-26,2023,Mallorca,Barcelona,2,2,1,0.08333333333333333,0.0,204.36438304288018,3,3,999,0,1.0,0,999,0,1.0,0,0,0,1.0,1.0,3.0,6.0,9.0,0.8,0.8333333333333334,1.1666666666666667,1.6666666666666667,1.2,1.8,0.5,1.0,0.0,0.5,1.75,2.25,0.3333333333333333,0.3333333333333333,-0.033333333333333326,12.33493626402165,12.475447830770602,4.245588315049165,12.548505097991866,2.424159176649579,-0.14051156674895351,5.0,0.0,0.0,16.0,6.0,3.0,2.6666666666666665,2.6666666666666665,1.0,3.2,1.2,3.0,2.3333333333333335,3.3333333333333335,0.6666666666666666,2.0,1.3333333333333333,0.5,0.16666666666666666,0.3333333333333335,12.499095110389504,12.350887454376544,4.309096029067583,12.566620168383578,2.380252699882476,0.14820765601296204
laliga-2023-2023-09-27-ath-bilbao-v-getafe,2023-09-27,2023,Ath Bilbao,Getafe,2,2,1,0.5,0.0,334.75140847770354,5,3,999,0,1.0,0,999,0,1.0,0,0,0,4.0,1.0,0.0,11.0,2.0,2.6,2.1666666666666665,1.8333333333333333,0.6666666666666666,2.2,0.4,2.0,2.3333333333333335,2.3333333333333335,1.3333333333333333,1.3333333333333333,0.0,0.6666666666666666,0.3333333333333333,0.43333333333333357,12.33493626402165,12.475447830770602,4.245588315049165,12.548505097991866,2.424159176649579,-0.14051156674895351,2.0,0.0,3.0,8.0,11.0,1.2,1.1666666666666667,1.3333333333333333,1.8333333333333333,1.6,2.2,2.3333333333333335,0.0,1.3333333333333333,0.6666666666666666,1.3333333333333333,3.0,0.3333333333333333,0.3333333333333333,0.033333333333333215,12.499095110389504,12.350887454376544,4.309096029067583,12.566620168383578,2.380252699882476,0.14820765601296204
laliga-2023-2023-09-27-villarreal-v-girona,2023-09-27,2023,Villarreal,Girona,1,2,0,0.5833333333333334,0.0,333.97916287092954,3,4,999,0,1.0,0,999,0,1.0,0,0,0,2.0,1.0,2.0,8.0,9.0,1.4,1.1666666666666667,1.5,1.8333333333333333,1.6,1.8,1.0,1.3333333333333333,2.0,2.3333333333333335,1.0,1.3333333333333333,0.16666666666666666,0.0,0.23333333333333317,12.33493626402165,12.475447830770602,4.245588315049165,12.548505097991866,2.424159176649579,-0.14051156674895351,5.0,0.0,0.0,15.0,6.0,3.0,2.6666666666666665,2.6666666666666665,1.1666666666666667,3.0,1.2,3.0,2.3333333333333335,3.0,1.0,2.3333333333333335,1.3333333333333333,0.3333333333333333,0.0,0.3333333333333335,12.499095110389504,12.350887454376544,4.309096029067583,12.566620168383578,2.380252699882476,0.14820765601296204
laliga-2023-2023-09-27-real-madrid-v-las-palmas,2023-09-27,2023,Real Madrid,Las Palmas,2,0,2,0.875,0.0,1744.4879586594413,3,3,999,0,1.0,0,999,0,1.0,0,0,0,4.0,0.0,1.0,9.0,6.0,2.4,2.5,1.8333333333333333,1.0,1.8,1.2,3.0,2.25,2.0,1.0,1.75,1.0,0.3333333333333333,0.0,-0.10000000000000009,12.33493626402165,12.475447830770602,4.245588315049165,12.548505097991866,2.424159176649579,-0.14051156674895351,1.0,1.0,3.0,1.0,3.0,0.8,0.8333333333333334,0.3333333333333333,0.6666666666666666,0.2,0.6,1.6666666666666667,0.0,0.6666666666666666,0.3333333333333333,0.0,1.0,0.3333333333333333,0.6666666666666666,-0.033333333333333326,12.499095110389504,12.350887454376544,4.309096029067583,12.566620168383578,2.380252699882476,0.14820765601296204
laliga-2023-2023-09-27-valencia-v-real-sociedad,2023-09-27,2023,Valencia,Real Sociedad,0,1,0,0.35714285714285715,0.0,445.8294239934526,4,3,999,0,1.0,0,999,0,1.0,0,0,0,2.0,1.0,2.0,7.0,5.0,1.4,1.6666666666666667,1.5,1.0,1.4,1.0,2.0,1.3333333333333333,1.6666666666666667,0.6666666666666666,1.3333333333333333,1.3333333333333333,0.3333333333333333,0.16666666666666666,-0.26666666666666683,12.33493626402165,12.475447830770602,4.245588315049165,12.548505097991866,2.424159176649579,-0.14051156674895351,2.0,2.0,1.0,11.0,9.0,1.6,1.5,2.0,1.6666666666666667,2.2,1.8,2.0,0.5,2.75,2.0,0.5,1.0,0.16666666666666666,0.16666666666666666,0.10000000000000009,12.499095110389504,12.350887454376544,4.309096029067583,12.566620168383578,2.380252699882476,0.14820765601296204
laliga-2023-2023-09-27-cadiz-v-rayo-vallecano,2023-09-27,2023,Cadiz,Rayo Vallecano,0,0,1,0.5,0.0,486.16332581576086,3,3,999,0,1.0,0,999,0,1.0,0,0,0,1.0,2.0,2.0,5.0,8.0,1.0,1.3333333333333333,1.0,1.3333333333333333,1.0,1.6,2.3333333333333335,0.3333333333333333,1.6666666666666667,0.6666666666666666,0.3333333333333333,2.0,0.16666666666666666,0.3333333333333333,-0.33333333333333326,12.33493626402165,12.475447830770602,4.245588315049165,12.548505097991866,2.424159176649579,-0.14051156674895351,2.0,1.0,2.0,5.0,9.0,1.4,1.6666666666666667,1.1666666666666667,1.5,1.0,1.8,1.3333333333333333,2.0,1.0,2.6666666666666665,1.3333333333333333,0.3333333333333333,0.5,0.3333333333333333,-0.26666666666666683,12.499095110389504,12.350887454376544,4.309096029067583,12.566620168383578,2.380252699882476,0.14820765601296204
laliga-2023-2023-09-28-osasuna-v-ath-madrid,2023-09-28,2023,Osasuna,Ath Madrid,0,2,0,0.2857142857142857,0.0,308.9531646022417,5,4,999,0,1.0,0,999,0,1.0,0,0,0,1.0,1.0,3.0,5.0,8.0,0.8,1.1666666666666667,1.1666666666666667,1.3333333333333333,1.0,1.6,0.3333333333333333,2.0,0.3333333333333333,1.3333333333333333,2.0,1.3333333333333333,0.3333333333333333,0.3333333333333333,-0.3666666666666667,12.33493626402165,12.475447830770602,4.245588315049165,12.548505097991866,2.424159176649579,-0.14051156674895351,3.0,1.0,1.0,13.0,5.0,2.0,2.0,2.6,1.0,2.6,1.0,3.0,1.3333333333333333,3.0,1.0,2.3333333333333335,1.0,0.4,0.4,0.0,12.499095110389504,12.350887454376544,4.309096029067583,12.566620168383578,2.380252699882476,0.14820765601296204
laliga-2023-2023-09-28-celta-v-alaves,2023-09-28,2023,Celta,Alaves,1,1,1,0.5,0.0,501.8600458273029,5,6,999,0,1.0,0,999,0,1.0,0,0,0,1.0,1.0,3.0,6.0,8.0,0.8,0.6666666666666666,1.0,1.6666666666666667,1.2,1.6,0.0,1.3333333333333333,0.0,1.3333333333333333,2.0,2.0,0.0,0.5,0.13333333333333341,12.33493626402165,12.475447830770602,4.245588315049165,12.548505097991866,2.424159176649579,-0.14051156674895351,2.0,0.0,3.0,5.0,8.0,1.2,1.0,0.8333333333333334,1.5,1.0,1.6,2.0,0.0,1.6666666666666667,1.6666666666666667,0.0,1.3333333333333333,0.16666666666666666,0.6666666666666666,0.19999999999999996,12.499095110389504,12.350887454376544,4.309096029067583,12.566620168383578,2.380252699882476,0.14820765601296204
laliga-2023-2023-09-28-granada-v-betis,2023-09-28,2023,Granada,Betis,1,1,1,0.25,0.0,211.42802169317443,4,4,999,0,1.0,0,999,0,1.0,0,0,0,1.0,0.0,4.0,8.0,14.0,0.6,0.5,1.5,2.8333333333333335,1.6,2.8,1.0,0.0,1.6666666666666667,2.6666666666666665,1.3333333333333333,3.0,0.0,0.3333333333333333,0.09999999999999998,12.33493626402165,12.475447830770602,4.245588315049165,12.548505097991866,2.424159176649579,-0.14051156674895351,1.0,2.0,2.0,4.0,10.0,1.0,1.3333333333333333,1.0,1.8333333333333333,0.8,2.0,1.6666666666666667,1.0,0.6666666666666666,0.3333333333333333,1.3333333333333333,3.3333333333333335,0.3333333333333333,0.3333333333333333,-0.33333333333333326,12.499095110389504,12.350887454376544,4.309096029067583,12.566620168383578,2.380252699882476,0.14820765601296204
laliga-2023-2023-09-29-barcelona-v-sevilla,2023-09-29,2023,Barcelona,Sevilla,1,0,2,0.8571428571428571,0.0,825.2788120519293,3,3,999,0,1.0,0,999,0,1.0,0,0,0,4.0,1.0,0.0,16.0,8.0,2.6,2.4285714285714284,2.5714285714285716,1.1428571428571428,3.2,1.6,3.0,2.0,3.3333333333333335,0.6666666666666666,2.0,1.5,0.42857142857142855,0.14285714285714285,0.1714285714285717,12.33493626402165,12.475447830770602,4.245588315049165,12.548505097991866,2.424159176649579,-0.14051156674895351,2.0,1.0,2.0,10.0,7.0,1.4,1.1666666666666667,1.8333333333333333,1.5,2.0,1.4,1.5,0.5,2.0,1.25,1.5,2.0,0.3333333333333333,0.16666666666666666,0.23333333333333317,12.499095110389504,12.350887454376544,4.309096029067583,12.566620168383578,2.380252699882476,0.14820765601296204
laliga-2023-2023-09-30-getafe-v-villarreal,2023-09-30,2023,Getafe,Villarreal,0,0,1,0.4166666666666667,0.0,309.65151683323484,3,3,999,0,1.0,0,999,0,1.0,0,0,0,2.0,1.0,2.0,10.0,10.0,1.4,1.1428571428571428,1.4285714285714286,1.8571428571428572,2.0,2.0,2.3333333333333335,0.25,1.3333333333333333,0.6666666666666666,1.5,2.75,0.2857142857142857,0.2857142857142857,0.2571428571428571,12.33493626402165,12.475447830770602,4.245588315049165,12.548505097991866,2.424159176649579,-0.14051156674895351,1.0,1.0,3.0,8.0,11.0,0.8,1.0,1.4285714285714286,1.8571428571428572,1.6,2.2,0.75,1.3333333333333333,1.75,2.25,1.0,1.3333333333333333,0.14285714285714285,0.0,-0.19999999999999996,12.499095110389504,12.350887454376544,4.309096029067583,12.566620168383578,2.380252699882476,0.14820765601296204
laliga-2023-2023-09-30-rayo-vallecano-v-mallorca,2023-09-30,2023,Rayo Vallecano,Mallorca,2,2,1,0.3333333333333333,0.0,542.9189482045625,3,4,999,0,1.0,0,999,0,1.0,0,0,0,1.0,2.0,2.0,3.0,9.0,1.0,1.5714285714285714,1.0,1.2857142857142858,0.6,1.8,1.3333333333333333,1.75,1.0,2.6666666666666665,1.0,0.25,0.5714285714285714,0.42857142857142855,-0.5714285714285714,12.33493626402165,12.475447830770602,4.245588315049165,12.548505097991866,2.424159176649579,-0.14051156674895351,1.0,2.0,2.0,8.0,10.0,1.0,0.8571428571428571,1.2857142857142858,1.7142857142857142,1.6,2.0,0.6666666666666666,1.0,0.6666666666666666,1.0,1.75,2.25,0.2857142857142857,0.2857142857142857,0.1428571428571429,12.499095110389504,12.350887454376544,4.309096029067583,12.566620168383578,2.380252699882476,0.14820765601296204
laliga-2023-2023-09-30-girona-v-real-madrid,2023-09-30,2023,Girona,Real Madrid,0,3,0,0.16666666666666666,0.0,570.2574832021476,3,3,999,0,1.0,0,999,0,1.0,0,0,0,5.0,0.0,0.0,14.0,7.0,3.0,2.7142857142857144,2.5714285714285716,1.1428571428571428,2.8,1.4,3.0,2.5,3.0,1.0,2.25,1.25,0.2857142857142857,0.0,0.2857142857142856,12.33493626402165,12.475447830770602,4.245588315049165,12.548505097991866,2.424159176649579,-0.14051156674895351,4.0,0.0,1.0,8.0,5.0,2.4,2.5714285714285716,1.8571428571428572,0.8571428571428571,1.6,1.0,3.0,2.25,2.0,0.6666666666666666,1.75,1.0,0.42857142857142855,0.0,-0.1714285714285717,12.499095110389504,12.350887454376544,4.309096029067583,12.566620168383578,2.380252699882476,0.14820765601296204
laliga-2023-2023-09-30-real-sociedad-v-ath-bilbao,2023-09-30,2023,Real Sociedad,Ath Bilbao,3,0,2,0.5,0.0,79.03093796419422,3,3,999,0,1.0,0,999,0,1.0,0,0,0,3.0,1.0,1.0,11.0,8.0,2.0,1.7142857142857142,1.8571428571428572,1.4285714285714286,2.2,1.6,2.0,1.3333333333333333,2.75,2.0,0.6666666666666666,0.6666666666666666,0.2857142857142857,0.14285714285714285,0.2857142857142858,12.33493626402165,12.475447830770602,4.245588315049165,12.548505097991866,2.424159176649579,-0.14051156674895351,3.0,2.0,0.0,11.0,4.0,2.2,2.0,1.8571428571428572,0.8571428571428571,2.2,0.8,1.75,2.3333333333333335,2.25,1.5,1.3333333333333333,0.0,0.5714285714285714,0.2857142857142857,0.20000000000000018,12.499095110389504,12.350887454376544,4.309096029067583,12.566620168383578,2.380252699882476,0.14820765601296204
laliga-2023-2023-10-01-almeria-v-granada,2023-10-01,2023,Almeria,Granada,3,3,1,0.5,0.0,107.12986593798789,5,3,999,0,1.0,0,999,0,1.0,0,0,0,0.0,2.0,3.0,7.0,13.0,0.4,0.2857142857142857,1.1428571428571428,2.5714285714285716,1.4,2.6,0.25,0.3333333333333333,1.25,2.5,1.0,2.6666666666666665,0.0,0.14285714285714285,0.11428571428571432,12.33493626402165,12.475447830770602,4.245588315049165,12.548505097991866,2.424159176649579,-0.14051156674895351,1.0,1.0,3.0,9.0,13.0,0.8,0.5714285714285714,1.4285714285714286,2.5714285714285716,1.8,2.6,1.0,0.0,1.5,2.25,1.3333333333333333,3.0,0.0,0.2857142857142857,0.22857142857142865,12.499095110389504,12.350887454376544,4.309096029067583,12.566620168383578,2.380252699882476,0.14820765601296204
laliga-2023-2023-10-01-alaves-v-osasuna,2023-10-01,2023,Alaves,Osasuna,0,2,0,0.35714285714285715,0.0,84.83905260516632,3,3,999,0,1.0,0,999,0,1.0,0,0,0,1.0,1.0,3.0,2.0,6.0,0.8,1.0,0.8571428571428571,1.4285714285714286,0.4,1.2,2.0,0.25,1.6666666666666667,1.6666666666666667,0.25,1.25,0.14285714285714285,0.5714285714285714,-0.19999999999999996,12.33493626402165,12.475447830770602,4.245588315049165,12.548505097991866,2.424159176649579,-0.14051156674895351,1.0,1.0,3.0,5.0,8.0,0.8,1.0,1.0,1.4285714285714286,1.0,1.6,0.25,2.0,0.25,1.5,2.0,1.3333333333333333,0.2857142857142857,0.42857142857142855,-0.19999999999999996,12.499095110389504,12.350887454376544,4.309096029067583,12.566620168383578,2.380252699882476,0.14820765601296204
laliga-2023-2023-10-01-ath-madrid-v-cadiz,2023-10-01,2023,Ath Madrid,Cadiz,3,2,2,0.5,0.0,493.05607419388537,3,4,999,0,1.0,0,999,0,1.0,0,0,0,3.0,1.0,1.0,12.0,4.0,2.0,2.1666666666666665,2.5,0.8333333333333334,2.4,0.8,3.0,1.75,3.0,1.0,2.25,0.75,0.5,0.3333333333333333,-0.16666666666666652,12.33493626402165,12.475447830770602,4.245588315049165,12.548505097991866,2.424159176649579,-0.14051156674895351,1.0,3.0,1.0,5.0,6.0,1.2,1.2857142857142858,0.8571428571428571,1.1428571428571428,1.0,1.2,2.0,0.3333333333333333,1.25,0.5,0.3333333333333333,2.0,0.2857142857142857,0.42857142857142855,-0.08571428571428585,12.499095110389504,12.350887454376544,4.309096029067583,12.566620168383578,2.380252699882476,0.14820765601296204
laliga-2023-2023-10-01-betis-v-valencia,2023-10-01,2023,Betis,Valencia,3,0,2,0.7142857142857143,0.0,539.9261066392522,3,4,999,0,1.0,0,999,0,1.0,0,0,0,1.0,2.0,2.0,5.0,11.0,1.0,1.2857142857142858,1.0,1.7142857142857142,1.0,2.2,1.6666666666666667,1.0,0.6666666666666666,0.3333333333333333,1.25,2.75,0.2857142857142857,0.2857142857142857,-0.2857142857142858,12.33493626402165,12.475447830770602,4.245588315049165,12.548505097991866,2.424159176649579,-0.14051156674895351,1.0,1.0,3.0,6.0,6.0,0.8,1.4285714285714286,1.2857142857142858,1.0,1.2,1.2,1.5,1.3333333333333333,1.25,0.75,1.3333333333333333,1.3333333333333333,0.2857142857142857,0.2857142857142857,-0.6285714285714286,12.499095110389504,12.350887454376544,4.309096029067583,12.566620168383578,2.380252699882476,0.14820765601296204
laliga-2023-2023-10-02-las-palmas-v-celta,2023-10-02,2023,Las Palmas,Celta,2,1,2,0.375,0.0,1682.2042197742667,5,4,999,0,1.0,0,999,0,1.0,0,0,0,1.0,1.0,3.0,1.0,4.0,0.8,0.7142857142857143,0.2857142857142857,0.8571428571428571,0.2,0.8,1.6666666666666667,0.0,0.6666666666666666,0.3333333333333333,0.0,1.25,0.2857142857142857,0.7142857142857143,0.08571428571428574,12.33493626402165,12.475447830770602,4.245588315049165,12.548505097991866,2.424159176649579,-0.14051156674895351,1.0,1.0,3.0,6.0,8.0,0.8,0.7142857142857143,1.0,1.5714285714285714,1.2,1.6,0.25,1.3333333333333333,0.25,1.25,2.0,2.0,0.0,0.42857142857142855,0.08571428571428574,12.499095110389504,12.350887454376544,4.309096029067583,12.566620168383578,2.380252699882476,0.14820765601296204
laliga-2023-2023-10-06-ath-bilbao-v-almeria,2023-10-06,2023,Ath Bilbao,Almeria,3,0,2,0.75,0.0,715.6299005487649,6,5,999,0,1.0,0,999,0,1.0,0,0,0,2.0,2.0,1.0,7.0,5.0,1.6,1.75,1.625,1.125,1.4,1.0,1.75,1.75,2.25,1.5,1.0,0.75,0.5,0.375,-0.1499999999999999,12.33493626402165,12.475447830770602,4.245588315049165,12.548505097991866,2.424159176649579,-0.14051156674895351,0.0,2.0,3.0,9.0,15.0,0.4,0.375,1.375,2.625,1.8,3.0,0.4,0.3333333333333333,1.6,2.6,1.0,2.6666666666666665,0.0,0.125,0.025000000000000022,12.499095110389504,12.350887454376544,4.309096029067583,12.566620168383578,2.380252699882476,0.14820765601296204
laliga-2023-2023-10-07-cadiz-v-girona,2023-10-07,2023,Cadiz,Girona,0,1,0,0.0,0.0,989.5868417366049,6,7,999,0,1.0,0,999,0,1.0,0,0,0,1.0,2.0,2.0,6.0,8.0,1.0,1.125,1.0,1.375,1.2,1.6,2.0,0.25,1.25,0.5,0.75,2.25,0.25,0.375,-0.125,12.33493626402165,12.475447830770602,4.245588315049165,12.548505097991866,2.424159176649579,-0.14051156674895351,4.0,0.0,1.0,12.0,9.0,2.4,2.375,2.25,1.375,2.4,1.8,2.25,2.5,2.25,1.5,2.25,1.25,0.25,0.125,0.02499999999999991,12.499095110389504,12.350887454376544,4.309096029067583,12.566620168383578,2.380252699882476,0.14820765601296204
laliga-2023-2023-10-07-real-madrid-v-osasuna,2023-10-07,2023,Real Madrid,Osasuna,4,0,2,0.75,0.0,311.41801620608675,7,6,999,0,1.0,0,999,0,1.0,0,0,0,4.0,0.0,1.0,10.0,5.0,2.4,2.625,2.0,0.75,2.0,1.0,3.0,2.4,2.0,0.6666666666666666,2.0,0.8,0.5,0.0,-0.2250000000000001,12.33493626402165,12.475447830770602,4.245588315049165,12.548505097991866,2.424159176649579,-0.14051156674895351,1.0,1.0,3.0,5.0,7.0,0.8,1.25,1.125,1.25,1.0,1.4,0.25,2.25,0.25,1.5,2.0,1.0,0.375,0.375,-0.44999999999999996,12.499095110389504,12.350887454376544,4.309096029067583,12.566620168383578,2.380252699882476,0.14820765601296204
laliga-2023-2023-10-07-mallorca-v-valencia,2023-10-07,2023,Mallorca,Valencia,1,1,1,0.5,0.0,258.0155904442096,7,6,999,0,1.0,0,999,0,1.0,0,0,0,1.0,3.0,1.0,8.0,9.0,1.2,0.875,1.375,1.75,1.6,1.8,0.6666666666666666,1.0,0.6666666666666666,1.0,1.8,2.2,0.25,0.25,0.32499999999999996,12.33493626402165,12.475447830770602,4.245588315049165,12.548505097991866,2.424159176649579,-0.14051156674895351,1.0,1.0,3.0,5.0,7.0,0.8,1.25,1.125,1.25,1.0,1.4,1.5,1.0,1.25,0.75,1.0,1.75,0.25,0.375,-0.44999999999999996,12.499095110389504,12.350887454376544,4.309096029067583,12.566620168383578,2.380252699882476,0.14820765601296204
laliga-2023-2023-10-07-sevilla-v-rayo-vallecano,2023-10-07,2023,Sevilla,Rayo Vallecano,2,2,1,0.7857142857142857,0.0,389.6758738843053,8,7,999,0,1.0,0,999,0,1.0,0,0,0,2.0,1.0,2.0,7.0,4.0,1.4,1.0,1.5714285714285714,1.4285714285714286,1.4,0.8,1.5,0.3333333333333333,2.0,1.25,1.0,1.6666666666666667,0.2857142857142857,0.2857142857142857,0.3999999999999999,12.33493626402165,12.475447830770602,4.245588315049165,12.548505097991866,2.424159176649579,-0.14051156674895351,1.0,3.0,1.0,5.0,4.0,1.2,1.5,1.125,1.375,1.0,0.8,1.25,1.75,1.25,2.5,1.0,0.25,0.5,0.375,-0.30000000000000004,12.499095110389504,12.350887454376544,4.309096029067583,12.566620168383578,2.380252699882476,0.14820765601296204
laliga-2023-2023-10-08-villarreal-v-las-palmas,2023-10-08,2023,Villarreal,Las Palmas,1,2,0,0.5,0.0,1927.5048195932598,8,6,999,0,1.0,0,999,0,1.0,0,0,0,1.0,2.0,2.0,5.0,7.0,1.0,1.0,1.25,1.625,1.0,1.4,0.75,1.25,1.75,2.25,0.75,1.0,0.25,0.125,0.0,12.33493626402165,12.475447830770602,4.245588315049165,12.548505097991866,2.424159176649579,-0.14051156674895351,2.0,0.0,3.0,3.0,5.0,1.2,1.0,0.5,0.875,0.6,1.0,2.0,0.0,1.0,0.5,0.0,1.25,0.25,0.625,0.19999999999999996,12.499095110389504,12.350887454376544,4.309096029067583,12.566620168383578,2.380252699882476,0.14820765601296204
laliga-2023-2023-10-08-ath-madrid-v-real-sociedad,2023-10-08,2023,Ath Madrid,Real Sociedad,2,1,2,0.8571428571428571,0.0,345.70247151879346,7,8,999,0,1.0,0,999,0,1.0,0,0,0,4.0,0.0,1.0,15.0,6.0,2.4,2.2857142857142856,2.5714285714285716,1.0,3.0,1.2,3.0,1.75,3.0,1.3333333333333333,2.25,0.75,0.42857142857142855,0.2857142857142857,0.11428571428571432,12.33493626402165,12.475447830770602,4.245588315049165,12.548505097991866,2.424159176649579,-0.14051156674895351,4.0,0.0,1.0,14.0,8.0,2.4,1.875,2.0,1.25,2.8,1.6,2.2,1.3333333333333333,2.8,1.6,0.6666666666666666,0.6666666666666666,0.375,0.125,0.5249999999999999,12.499095110389504,12.350887454376544,4.309096029067583,12.566620168383578,2.380252699882476,0.14820765601296204
laliga-2023-2023-10-08-celta-v-getafe,2023-10-08,2023,Celta,Getafe,2,2,1,0.5,0.0,470.3353974285424,6,8,999,0,1.0,0,999,0,1.0,0,0,0,1.0,1.0,3.0,7.0,9.0,0.8,0.625,1.0,1.625,1.4,1.8,0.25,1.0,0.25,1.25,1.75,2.0,0.0,0.375,0.17500000000000004,12.33493626402165,12.475447830770602,4.245588315049165,12.548505097991866,2.424159176649579,-0.14051156674895351,1.0,2.0,2.0,9.0,10.0,1.0,1.125,1.25,1.625,1.8,2.0,2.0,0.25,1.0,0.5,1.5,2.75,0.375,0.375,-0.125,12.499095110389504,12.350887454376544,4.309096029067583,12.566620168383578,2.380252699882476,0.14820765601296204
laliga-2023-2023-10-08-alaves-v-betis,2023-10-08,2023,Alaves,Betis,1,1,1,0.5833333333333334,0.0,668.854131899639,7,7,999,0,1.0,0,999,0,1.0,0,0,0,1.0,1.0,3.0,2.0,7.0,0.8,0.875,0.75,1.5,0.4,1.4,1.5,0.25,1.25,1.75,0.25,1.25,0.125,0.625,-0.07499999999999996,12.33493626402165,12.475447830770602,4.245588315049165,12.548505097991866,2.424159176649579,-0.14051156674895351,2.0,2.0,1.0,6.0,7.0,1.6,1.5,1.25,1.5,1.2,1.4,2.0,1.0,1.25,0.25,1.25,2.75,0.375,0.25,0.10000000000000009,12.499095110389504,12.350887454376544,4.309096029067583,12.566620168383578,2.380252699882476,0.14820765601296204
laliga-2023-2023-10-08-granada-v-barcelona,2023-10-08,2023,Granada,Barcelona,2,2,1,0.5,0.0,680.3814668341516,7,9,999,0,1.0,0,999,0,1.0,0,0,0,0.0,2.0,3.0,9.0,14.0,0.4,0.625,1.625,2.625,1.8,2.8,1.0,0.25,1.5,2.25,1.75,3.0,0.0,0.25,-0.22499999999999998,12.33493626402165,12.475447830770602,4.245588315049165,12.548505097991866,2.424159176649579,-0.14051156674895351,4.0,1.0,0.0,13.0,5.0,2.6,2.5,2.375,1.0,2.6,1.0,3.0,2.0,2.75,0.5,2.0,1.5,0.5,0.125,0.10000000000000009,12.499095110389504,12.350887454376544,4.309096029067583,12.566620168383578,2.380252699882476,0.14820765601296204
laliga-2023-2023-10-20-osasuna-v-granada,2023-10-20,2023,Osasuna,Granada,2,0,2,0.5,0.0,648.5321774659061,13,12,999,0,1.0,0,999,0,1.0,0,0,0,1.0,1.0,3.0,4.0,9.0,0.8,1.1111111111111112,1.0,1.5555555555555556,0.8,1.8,0.25,1.8,0.25,1.5,1.6,1.6,0.3333333333333333,0.4444444444444444,-0.3111111111111111,12.33493626402165,12.475447830770602,4.245588315049165,12.548505097991866,2.424159176649579,-0.14051156674895351,0.0,3.0,2.0,8.0,11.0,0.6,0.6666666666666666,1.6666666666666667,2.5555555555555554,1.6,2.2,1.0,0.25,1.6,2.2,1.75,3.0,0.0,0.2222222222222222,-0.06666666666666665,12.499095110389504,12.350887454376544,4.309096029067583,12.566620168383578,2.380252699882476,0.14820765601296204
laliga-2023-2023-10-21-real-sociedad-v-mallorca,2023-10-21,2023,Real Sociedad,Mallorca,1,0,2,0.6666666666666666,0.0,563.3188606808416,13,14,999,0,1.0,0,999,0,1.0,0,0,0,3.0,0.0,2.0,10.0,7.0,1.8,1.6666666666666667,1.8888888888888888,1.3333333333333333,2.0,1.4,2.2,1.0,2.8,1.6,0.75,1.0,0.3333333333333333,0.1111111111111111,0.1333333333333333,12.33493626402165,12.475447830770602,4.245588315049165,12.548505097991866,2.424159176649579,-0.14051156674895351,1.0,3.0,1.0,9.0,10.0,1.2,0.8888888888888888,1.3333333333333333,1.6666666666666667,1.8,2.0,0.75,1.0,0.75,1.0,1.8,2.2,0.2222222222222222,0.2222222222222222,0.3111111111111111,12.499095110389504,12.350887454376544,4.309096029067583,12.566620168383578,2.380252699882476,0.14820765601296204
laliga-2023-2023-10-21-getafe-v-betis,2023-10-21,2023,Getafe,Betis,1,1,1,0.2857142857142857,0.0,379.3296978893749,13,13,999,0,1.0,0,999,0,1.0,0,0,0,1.0,3.0,1.0,10.0,10.0,1.2,1.1111111111111112,1.3333333333333333,1.6666666666666667,2.0,2.0,2.0,0.4,1.0,0.5,1.6,2.6,0.3333333333333333,0.3333333333333333,0.0888888888888888,12.33493626402165,12.475447830770602,4.245588315049165,12.548505097991866,2.424159176649579,-0.14051156674895351,1.0,3.0,1.0,6.0,8.0,1.2,1.4444444444444444,1.2222222222222223,1.4444444444444444,1.2,1.6,2.0,1.0,1.25,0.25,1.2,2.4,0.3333333333333333,0.2222222222222222,-0.24444444444444446,12.499095110389504,12.350887454376544,4.309096029067583,12.566620168383578,2.380252699882476,0.14820765601296204
laliga-2023-2023-10-21-sevilla-v-real-madrid,2023-10-21,2023,Sevilla,Real Madrid,1,1,1,0.08333333333333333,0.0,394.25599339659567,14,14,999,0,1.0,0,999,0,1.0,0,0,0,2.0,2.0,1.0,8.0,4.0,1.6,1.0,1.625,1.5,1.6,0.8,1.4,0.3333333333333333,2.0,1.4,1.0,1.6666666666666667,0.25,0.25,0.6000000000000001,12.33493626402165,12.475447830770602,4.245588315049165,12.548505097991866,2.424159176649579,-0.14051156674895351,4.0,0.0,1.0,12.0,4.0,2.4,2.6666666666666665,2.2222222222222223,0.6666666666666666,2.4,0.8,3.0,2.4,2.5,0.5,2.0,0.8,0.5555555555555556,0.0,-0.2666666666666666,12.499095110389504,12.350887454376544,4.309096029067583,12.566620168383578,2.380252699882476,0.14820765601296204
laliga-2023-2023-10-21-celta-v-ath-madrid,2023-10-21,2023,Celta,Ath Madrid,0,3,0,0.3333333333333333,0.0,472.3895555111108,13,13,999,0,1.0,0,999,0,1.0,0,0,0,0.0,2.0,3.0,6.0,9.0,0.4,0.6666666666666666,1.1111111111111112,1.6666666666666667,1.2,1.8,0.4,1.0,0.6,1.4,1.75,2.0,0.0,0.3333333333333333,-0.2666666666666666,12.33493626402165,12.475447830770602,4.245588315049165,12.548505097991866,2.424159176649579,-0.14051156674895351,4.0,0.0,1.0,10.0,7.0,2.4,2.375,2.5,1.0,2.0,1.4,3.0,1.75,2.75,1.25,2.25,0.75,0.375,0.25,0.02499999999999991,12.499095110389504,12.350887454376544,4.309096029067583,12.566620168383578,2.380252699882476,0.14820765601296204
laliga-2023-2023-10-22-las-palmas-v-rayo-vallecano,2023-10-22,2023,Las Palmas,Rayo Vallecano,0,1,0,0.5,0.0,1741.0431009862502,14,15,999,0,1.0,0,999,0,1.0,0,0,0,3.0,0.0,2.0,5.0,5.0,1.8,1.2222222222222223,0.6666666666666666,0.8888888888888888,1.0,1.0,2.0,0.6,1.0,0.5,0.4,1.2,0.2222222222222222,0.5555555555555556,0.5777777777777777,12.33493626402165,12.475447830770602,4.245588315049165,12.548505097991866,2.424159176649579,-0.14051156674895351,1.0,4.0,0.0,7.0,5.0,1.4,1.4444444444444444,1.2222222222222223,1.4444444444444444,1.4,1.0,1.25,1.6,1.25,2.5,1.2,0.6,0.4444444444444444,0.3333333333333333,-0.04444444444444451,12.499095110389504,12.350887454376544,4.309096029067583,12.566620168383578,2.380252699882476,0.14820765601296204
laliga-2023-2023-10-22-girona-v-almeria,2023-10-22,2023,Girona,Almeria,5,2,2,0.75,0.0,729.5658466464716,15,16,999,0,1.0,0,999,0,1.0,0,0,0,4.0,0.0,1.0,12.0,9.0,2.4,2.4444444444444446,2.111111111111111,1.2222222222222223,2.4,1.8,2.25,2.6,2.25,1.5,2.0,1.0,0.3333333333333333,0.1111111111111111,-0.04444444444444473,12.33493626402165,12.475447830770602,4.245588315049165,12.548505097991866,2.424159176649579,-0.14051156674895351,0.0,2.0,3.0,7.0,15.0,0.4,0.3333333333333333,1.2222222222222223,2.6666666666666665,1.4,3.0,0.4,0.25,1.6,2.6,0.75,2.75,0.0,0.2222222222222222,0.06666666666666671,12.499095110389504,12.350887454376544,4.309096029067583,12.566620168383578,2.380252699882476,0.14820765601296204
laliga-2023-2023-10-22-villarreal-v-alaves,2023-10-22,2023,Villarreal,Alaves,1,1,1,0.5,0.0,387.54488649403754,14,14,999,0,1.0,0,999,0,1.0,0,0,0,1.0,2.0,2.0,5.0,6.0,1.0,0.8888888888888888,1.2222222222222223,1.6666666666666667,1.0,1.2,0.6,1.25,1.6,2.2,0.75,1.0,0.2222222222222222,0.1111111111111111,0.11111111111111116,12.33493626402165,12.475447830770602,4.245588315049165,12.548505097991866,2.424159176649579,-0.14051156674895351,0.0,2.0,3.0,2.0,8.0,0.4,0.8888888888888888,0.7777777777777778,1.4444444444444444,0.4,1.6,1.4,0.25,1.2,1.6,0.25,1.25,0.1111111111111111,0.5555555555555556,-0.4888888888888888,12.499095110389504,12.350887454376544,4.309096029067583,12.566620168383578,2.380252699882476,0.14820765601296204
laliga-2023-2023-10-22-barcelona-v-ath-bilbao,2023-10-22,2023,Barcelona,Ath Bilbao,1,0,2,0.9285714285714286,0.0,466.174000872469,14,16,999,0,1.0,0,999,0,1.0,0,0,0,3.0,2.0,0.0,13.0,6.0,2.2,2.3333333333333335,2.3333333333333335,1.1111111111111112,2.6,1.2,3.0,1.8,2.75,0.5,2.0,1.6,0.4444444444444444,0.1111111111111111,-0.1333333333333333,12.33493626402165,12.475447830770602,4.245588315049165,12.548505097991866,2.424159176649579,-0.14051156674895351,3.0,1.0,1.0,10.0,5.0,2.0,1.8888888888888888,1.7777777777777777,1.0,2.0,1.0,2.0,1.75,2.4,1.2,1.0,0.75,0.5555555555555556,0.3333333333333333,0.11111111111111116,12.499095110389504,12.350887454376544,4.309096029067583,12.566620168383578,2.380252699882476,0.14820765601296204
laliga-2023-2023-10-23-valencia-v-cadiz,2023-10-23,2023,Valencia,Cadiz,2,0,2,1.0,0.0,611.9489796481616,16,16,999,0,1.0,0,999,0,1.0,0,0,0,1.0,2.0,2.0,6.0,7.0,1.0,1.2222222222222223,1.1111111111111112,1.2222222222222223,1.2,1.4,1.5,1.0,1.25,0.75,1.0,1.6,0.2222222222222222,0.3333333333333333,-0.22222222222222232,12.33493626402165,12.475447830770602,4.245588315049165,12.548505097991866,2.424159176649579,-0.14051156674895351,0.0,2.0,3.0,3.0,8.0,0.4,1.0,0.8888888888888888,1.3333333333333333,0.6,1.6,1.6,0.25,1.0,0.6,0.75,2.25,0.2222222222222222,0.4444444444444444,-0.6,12.499095110389504,12.350887454376544,4.309096029067583,12.566620168383578,2.380252699882476,0.14820765601296204
laliga-2023-2023-10-27-girona-v-celta,2023-10-27,2023,Girona,Celta,1,0,2,0.5833333333333334,0.0,953.6815245381418,5,6,999,0,1.0,0,999,0,1.0,0,0,0,4.0,0.0,1.0,13.0,9.0,2.4,2.5,2.4,1.3,2.6,1.8,2.4,2.6,2.8,1.6,2.0,1.0,0.3,0.1,-0.10000000000000009,12.33493626402165,12.475447830770602,4.245588315049165,12.548505097991866,2.424159176649579,-0.14051156674895351,0.0,2.0,3.0,6.0,11.0,0.4,0.6,1.0,1.8,1.2,2.2,0.3333333333333333,1.0,0.5,1.6666666666666667,1.75,2.0,0.0,0.4,-0.19999999999999996,12.499095110389504,12.350887454376544,4.309096029067583,12.566620168383578,2.380252699882476,0.14820765601296204
laliga-2023-2023-10-28-almeria-v-las-palmas,2023-10-28,2023,Almeria,Las Palmas,1,2,0,0.5,0.0,1556.2015953949528,6,6,999,0,1.0,0,999,0,1.0,0,0,0,0.0,2.0,3.0,8.0,18.0,0.4,0.3,1.3,2.9,1.6,3.6,0.4,0.2,1.6,2.6,1.0,3.2,0.0,0.2,0.10000000000000003,12.33493626402165,12.475447830770602,4.245588315049165,12.548505097991866,2.424159176649579,-0.14051156674895351,3.0,0.0,2.0,5.0,5.0,1.8,1.1,0.6,0.9,1.0,1.0,1.6,0.6,0.8,0.6,0.4,1.2,0.2,0.6,0.7,12.499095110389504,12.350887454376544,4.309096029067583,12.566620168383578,2.380252699882476,0.14820765601296204
laliga-2023-2023-10-28-barcelona-v-real-madrid,2023-10-28,2023,Barcelona,Real Madrid,1,2,0,0.5,0.0,499.0682158063144,6,7,999,0,1.0,0,999,0,1.0,0,0,0,3.0,2.0,0.0,9.0,6.0,2.2,2.4,2.2,1.0,1.8,1.2,3.0,1.8,2.4,0.4,2.0,1.6,0.5,0.1,-0.19999999999999973,12.33493626402165,12.475447830770602,4.245588315049165,12.548505097991866,2.424159176649579,-0.14051156674895351,3.0,1.0,1.0,11.0,4.0,2.0,2.5,2.1,0.7,2.2,0.8,3.0,2.1666666666666665,2.5,0.5,1.8333333333333333,0.8333333333333334,0.5,0.0,-0.5,12.499095110389504,12.350887454376544,4.309096029067583,12.566620168383578,2.380252699882476,0.14820765601296204
laliga-2023-2023-10-28-mallorca-v-getafe,2023-10-28,2023,Mallorca,Getafe,0,0,1,0.5833333333333334,0.0,546.5249083201032,7,7,999,0,1.0,0,999,0,1.0,0,0,0,0.0,3.0,2.0,8.0,11.0,0.6,0.8,1.2,1.6,1.6,2.2,0.75,0.8333333333333334,0.75,1.0,1.5,2.0,0.2,0.3,-0.20000000000000007,12.33493626402165,12.475447830770602,4.245588315049165,12.548505097991866,2.424159176649579,-0.14051156674895351,0.0,4.0,1.0,8.0,9.0,0.8,1.1,1.3,1.6,1.6,1.8,1.8,0.4,1.0,0.6,1.6,2.6,0.3,0.3,-0.30000000000000004,12.499095110389504,12.350887454376544,4.309096029067583,12.566620168383578,2.380252699882476,0.14820765601296204
laliga-2023-2023-10-28-cadiz-v-sevilla,2023-10-28,2023,Cadiz,Sevilla,2,2,1,0.75,0.0,98.88305847271758,5,7,999,0,1.0,0,999,0,1.0,0,0,0,0.0,2.0,3.0,3.0,7.0,0.4,0.9,0.8,1.4,0.6,1.4,1.6,0.2,1.0,0.6,0.6,2.2,0.2,0.5,-0.5,12.33493626402165,12.475447830770602,4.245588315049165,12.548505097991866,2.424159176649579,-0.14051156674895351,1.0,3.0,1.0,8.0,5.0,1.2,1.0,1.5555555555555556,1.4444444444444444,1.6,1.0,1.3333333333333333,0.3333333333333333,1.8333333333333333,1.3333333333333333,1.0,1.6666666666666667,0.2222222222222222,0.2222222222222222,0.19999999999999996,12.499095110389504,12.350887454376544,4.309096029067583,12.566620168383578,2.380252699882476,0.14820765601296204
laliga-2023-2023-10-29-betis-v-osasuna,2023-10-29,2023,Betis,Osasuna,2,1,2,0.8333333333333334,0.0,705.5950045460971,8,9,999,0,1.0,0,999,0,1.0,0,0,0,1.0,4.0,0.0,7.0,4.0,1.4,1.4,1.2,1.4,1.4,0.8,2.0,1.0,1.25,0.25,1.1666666666666667,2.1666666666666665,0.3,0.2,0.0,12.33493626402165,12.475447830770602,4.245588315049165,12.548505097991866,2.424159176649579,-0.14051156674895351,2.0,1.0,2.0,4.0,6.0,1.4,1.3,1.1,1.4,0.8,1.2,0.8,1.8,0.6,1.2,1.6,1.6,0.4,0.4,0.09999999999999987,12.499095110389504,12.350887454376544,4.309096029067583,12.566620168383578,2.380252699882476,0.14820765601296204
laliga-2023-2023-10-29-rayo-vallecano-v-real-sociedad,2023-10-29,2023,Rayo Vallecano,Real Sociedad,2,2,1,0.6666666666666666,0.0,352.34262041755716,7,8,999,0,1.0,0,999,0,1.0,0,0,0,1.0,4.0,0.0,6.0,5.0,1.4,1.6,1.2,1.3,1.2,1.0,1.25,1.8333333333333333,1.25,2.5,1.1666666666666667,0.5,0.5,0.3,-0.20000000000000018,12.33493626402165,12.475447830770602,4.245588315049165,12.548505097991866,2.424159176649579,-0.14051156674895351,4.0,0.0,1.0,10.0,5.0,2.4,1.8,1.8,1.2,2.0,1.0,2.3333333333333335,1.0,2.5,1.3333333333333333,0.75,1.0,0.4,0.1,0.5999999999999999,12.499095110389504,12.350887454376544,4.309096029067583,12.566620168383578,2.380252699882476,0.14820765601296204
laliga-2023-2023-10-29-ath-bilbao-v-valencia,2023-10-29,2023,Ath Bilbao,Valencia,2,2,1,0.4166666666666667,0.0,472.84856035847474,7,6,999,0,1.0,0,999,0,1.0,0,0,0,2.0,1.0,2.0,7.0,6.0,1.4,1.7,1.6,1.0,1.4,1.2,2.0,1.4,2.4,1.2,0.8,0.8,0.5,0.4,-0.30000000000000004,12.33493626402165,12.475447830770602,4.245588315049165,12.548505097991866,2.424159176649579,-0.14051156674895351,1.0,2.0,2.0,5.0,7.0,1.0,1.4,1.2,1.1,1.0,1.4,1.8,1.0,1.4,0.6,1.0,1.6,0.3,0.3,-0.3999999999999999,12.499095110389504,12.350887454376544,4.309096029067583,12.566620168383578,2.380252699882476,0.14820765601296204
laliga-2023-2023-10-29-ath-madrid-v-alaves,2023-10-29,2023,Ath Madrid,Alaves,2,1,2,0.6666666666666666,0.0,278.7572782834927,8,7,999,0,1.0,0,999,0,1.0,0,0,0,5.0,0.0,0.0,13.0,4.0,3.0,2.4444444444444446,2.5555555555555554,0.8888888888888888,2.6,0.8,3.0,2.0,2.75,1.25,2.4,0.6,0.4444444444444444,0.2222222222222222,0.5555555555555554,12.33493626402165,12.475447830770602,4.245588315049165,12.548505097991866,2.424159176649579,-0.14051156674895351,0.0,3.0,2.0,3.0,7.0,0.6,0.9,0.8,1.4,0.6,1.4,1.4,0.4,1.2,1.6,0.4,1.2,0.1,0.5,-0.30000000000000004,12.499095110389504,12.350887454376544,4.309096029067583,12.566620168383578,2.380252699882476,0.14820765601296204
laliga-2023-2023-10-30-granada-v-villarreal,2023-10-30,2023,Granada,Villarreal,2,3,0,0.0,0.0,433.66615961382155,10,8,999,0,1.0,0,999,0,1.0,0,0,0,0.0,3.0,2.0,6.0,9.0,0.6,0.6,1.5,2.5,1.2,1.8,1.0,0.2,1.6,2.2,1.4,2.8,0.0,0.3,0.0,12.33493626402165,12.475447830770602,4.245588315049165,12.548505097991866,2.424159176649579,-0.14051156674895351,0.0,3.0,2.0,4.0,6.0,0.6,0.9,1.2,1.6,0.8,1.2,0.6666666666666666,1.25,1.5,2.0,0.75,1.0,0.2,0.1,-0.30000000000000004,12.499095110389504,12.350887454376544,4.309096029067583,12.566620168383578,2.380252699882476,0.14820765601296204
laliga-2023-2023-11-03-las-palmas-v-ath-madrid,2023-11-03,2023,Las Palmas,Ath Madrid,2,1,2,0.5,0.0,1748.1863554992588,6,5,999,0,1.0,0,999,0,1.0,0,0,0,3.0,0.0,2.0,6.0,6.0,1.8,1.2727272727272727,0.7272727272727273,0.9090909090909091,1.2,1.2,1.6,1.0,0.8,0.6,0.6666666666666666,1.1666666666666667,0.18181818181818182,0.5454545454545454,0.5272727272727273,12.33493626402165,12.475447830770602,4.245588315049165,12.548505097991866,2.424159176649579,-0.14051156674895351,5.0,0.0,0.0,12.0,4.0,3.0,2.5,2.5,0.9,2.4,0.8,3.0,2.0,2.6,1.2,2.4,0.6,0.4,0.2,0.5,12.499095110389504,12.350887454376544,4.309096029067583,12.566620168383578,2.380252699882476,0.14820765601296204
laliga-2023-2023-11-04-osasuna-v-girona,2023-11-04,2023,Osasuna,Girona,2,4,0,0.3333333333333333,0.0,377.36469466051943,6,8,999,0,1.0,0,999,0,1.0,0,0,0,2.0,0.0,3.0,5.0,8.0,1.2,1.1818181818181819,1.0909090909090908,1.4545454545454546,1.0,1.6,0.8,1.5,0.6,1.2,1.5,1.6666666666666667,0.36363636363636365,0.36363636363636365,0.018181818181818077,12.33493626402165,12.475447830770602,4.245588315049165,12.548505097991866,2.424159176649579,-0.14051156674895351,4.0,0.0,1.0,9.0,6.0,2.4,2.5454545454545454,2.272727272727273,1.1818181818181819,1.8,1.2,2.5,2.6,2.5,1.3333333333333333,2.0,1.0,0.36363636363636365,0.09090909090909091,-0.1454545454545455,12.499095110389504,12.350887454376544,4.309096029067583,12.566620168383578,2.380252699882476,0.14820765601296204
laliga-2023-2023-11-04-betis-v-mallorca,2023-11-04,2023,Betis,Mallorca,2,0,2,0.8333333333333334,0.0,787.3887957067963,6,7,999,0,1.0,0,999,0,1.0,0,0,0,2.0,3.0,0.0,8.0,4.0,1.8,1.5454545454545454,1.2727272727272727,1.3636363636363635,1.6,0.8,2.2,1.0,1.4,0.4,1.1666666666666667,2.1666666666666665,0.2727272727272727,0.18181818181818182,0.25454545454545463,12.33493626402165,12.475447830770602,4.245588315049165,12.548505097991866,2.424159176649579,-0.14051156674895351,0.0,4.0,1.0,5.0,6.0,0.8,0.8181818181818182,1.0909090909090908,1.4545454545454546,1.0,1.2,0.8,0.8333333333333334,0.6,0.8,1.5,2.0,0.2727272727272727,0.36363636363636365,-0.018181818181818188,12.499095110389504,12.350887454376544,4.309096029067583,12.566620168383578,2.380252699882476,0.14820765601296204
laliga-2023-2023-11-04-celta-v-sevilla,2023-11-04,2023,Celta,Sevilla,1,1,1,0.75,0.0,586.5673239379203,8,7,999,0,1.0,0,999,0,1.0,0,0,0,0.0,2.0,3.0,4.0,9.0,0.4,0.5454545454545454,0.9090909090909091,1.7272727272727273,0.8,1.8,0.3333333333333333,0.8,0.5,1.6666666666666667,1.4,1.8,0.0,0.45454545454545453,-0.1454545454545454,12.33493626402165,12.475447830770602,4.245588315049165,12.548505097991866,2.424159176649579,-0.14051156674895351,1.0,3.0,1.0,10.0,7.0,1.2,1.0,1.6,1.5,2.0,1.4,1.3333333333333333,0.5,1.8333333333333333,1.3333333333333333,1.25,1.75,0.2,0.2,0.19999999999999996,12.499095110389504,12.350887454376544,4.309096029067583,12.566620168383578,2.380252699882476,0.14820765601296204
laliga-2023-2023-11-04-real-sociedad-v-barcelona,2023-11-04,2023,Real Sociedad,Barcelona,0,1,0,0.3333333333333333,0.0,398.26320929668896,6,7,999,0,1.0,0,999,0,1.0,0,0,0,3.0,1.0,1.0,8.0,4.0,2.0,1.7272727272727273,1.8181818181818181,1.2727272727272727,1.6,0.8,2.3333333333333335,1.0,2.5,1.3333333333333333,1.0,1.2,0.36363636363636365,0.09090909090909091,0.2727272727272727,12.33493626402165,12.475447830770602,4.245588315049165,12.548505097991866,2.424159176649579,-0.14051156674895351,2.0,2.0,1.0,7.0,6.0,1.6,2.1818181818181817,2.090909090909091,1.0909090909090908,1.4,1.2,2.5,1.8,2.1666666666666665,0.6666666666666666,2.0,1.6,0.45454545454545453,0.09090909090909091,-0.5818181818181816,12.499095110389504,12.350887454376544,4.309096029067583,12.566620168383578,2.380252699882476,0.14820765601296204
laliga-2023-2023-11-05-alaves-v-almeria,2023-11-05,2023,Alaves,Almeria,1,0,2,1.0,0.0,668.3081994647664,7,8,999,0,1.0,0,999,0,1.0,0,0,0,0.0,3.0,2.0,4.0,7.0,0.6,0.8181818181818182,0.8181818181818182,1.4545454545454546,0.8,1.4,1.4,0.3333333333333333,1.2,1.6,0.5,1.3333333333333333,0.09090909090909091,0.45454545454545453,-0.21818181818181825,12.33493626402165,12.475447830770602,4.245588315049165,12.548505097991866,2.424159176649579,-0.14051156674895351,0.0,1.0,4.0,7.0,18.0,0.2,0.2727272727272727,1.2727272727272727,2.8181818181818183,1.4,3.6,0.3333333333333333,0.2,1.5,2.5,1.0,3.2,0.0,0.18181818181818182,-0.0727272727272727,12.499095110389504,12.350887454376544,4.309096029067583,12.566620168383578,2.380252699882476,0.14820765601296204
laliga-2023-2023-11-05-valencia-v-granada,2023-11-05,2023,Valencia,Granada,1,0,2,1.0,0.0,381.0889872934998,7,6,999,0,1.0,0,999,0,1.0,0,0,0,1.0,2.0,2.0,5.0,7.0,1.0,1.3636363636363635,1.2727272727272727,1.1818181818181819,1.0,1.4,1.8,1.0,1.4,0.6,1.1666666666666667,1.6666666666666667,0.2727272727272727,0.2727272727272727,-0.36363636363636354,12.33493626402165,12.475447830770602,4.245588315049165,12.548505097991866,2.424159176649579,-0.14051156674895351,0.0,3.0,2.0,8.0,11.0,0.6,0.5454545454545454,1.5454545454545454,2.5454545454545454,1.6,2.2,0.8333333333333334,0.2,1.6666666666666667,2.3333333333333335,1.4,2.8,0.0,0.2727272727272727,0.054545454545454564,12.499095110389504,12.350887454376544,4.309096029067583,12.566620168383578,2.380252699882476,0.14820765601296204
laliga-2023-2023-11-05-villarreal-v-ath-bilbao,2023-11-05,2023,Villarreal,Ath Bilbao,2,3,0,0.5,0.0,438.4315944355367,6,7,999,0,1.0,0,999,0,1.0,0,0,0,1.0,2.0,2.0,6.0,7.0,1.0,1.0909090909090908,1.3636363636363635,1.6363636363636365,1.2,1.4,0.6666666666666666,1.6,1.5,2.0,1.2,1.2,0.18181818181818182,0.09090909090909091,-0.09090909090909083,12.33493626402165,12.475447830770602,4.245588315049165,12.548505097991866,2.424159176649579,-0.14051156674895351,1.0,2.0,2.0,7.0,8.0,1.0,1.6363636363636365,1.6363636363636365,1.0909090909090908,1.4,1.6,1.8333333333333333,1.4,2.3333333333333335,1.3333333333333333,0.8,0.8,0.45454545454545453,0.36363636363636365,-0.6363636363636365,12.499095110389504,12.350887454376544,4.309096029067583,12.566620168383578,2.380252699882476,0.14820765601296204
laliga-2023-2023-11-05-real-madrid-v-rayo-vallecano,2023-11-05,2023,Real Madrid,Rayo Vallecano,0,0,1,0.7142857142857143,0.0,7.346952001326216,8,7,999,0,1.0,0,999,0,1.0,0,0,0,4.0,1.0,0.0,12.0,2.0,2.6,2.5454545454545454,2.090909090909091,0.7272727272727273,2.4,0.4,3.0,2.2857142857142856,2.5,0.5,1.8571428571428572,0.8571428571428571,0.45454545454545453,0.0,0.054545454545454675,12.33493626402165,12.475447830770602,4.245588315049165,12.548505097991866,2.424159176649579,-0.14051156674895351,1.0,4.0,0.0,7.0,6.0,1.4,1.5454545454545454,1.2727272727272727,1.3636363636363635,1.4,1.2,1.2,1.8333333333333333,1.4,2.4,1.1666666666666667,0.5,0.45454545454545453,0.2727272727272727,-0.1454545454545455,12.499095110389504,12.350887454376544,4.309096029067583,12.566620168383578,2.380252699882476,0.14820765601296204
laliga-2023-2023-11-06-getafe-v-cadiz,2023-11-06,2023,Getafe,Cadiz,1,0,2,0.5,0.0,475.7894872151211,9,9,999,0,1.0,0,999,0,1.0,0,0,0,0.0,5.0,0.0,5.0,5.0,1.0,1.0909090909090908,1.1818181818181819,1.4545454545454546,1.0,1.0,1.8,0.5,1.0,0.6,1.3333333333333333,2.1666666666666665,0.36363636363636365,0.36363636363636365,-0.09090909090909083,12.33493626402165,12.475447830770602,4.245588315049165,12.548505097991866,2.424159176649579,-0.14051156674895351,0.0,2.0,3.0,4.0,8.0,0.4,0.9090909090909091,0.9090909090909091,1.4545454545454546,0.8,1.6,1.5,0.2,1.1666666666666667,0.8333333333333334,0.6,2.2,0.18181818181818182,0.45454545454545453,-0.509090909090909,12.499095110389504,12.350887454376544,4.309096029067583,12.566620168383578,2.380252699882476,0.14820765601296204
laliga-2023-2023-11-10-ath-bilbao-v-celta,2023-11-10,2023,Ath Bilbao,Celta,4,3,2,0.6428571428571429,0.0,487.0823988578239,5,6,999,0,1.0,0,999,0,1.0,0,0,0,2.0,1.0,2.0,8.0,8.0,1.4,1.75,1.75,1.1666666666666667,1.6,1.6,1.8333333333333333,1.6666666666666667,2.3333333333333335,1.3333333333333333,1.1666666666666667,1.0,0.4166666666666667,0.3333333333333333,-0.3500000000000001,12.33493626402165,12.475447830770602,4.245588315049165,12.548505097991866,2.424159176649579,-0.14051156674895351,0.0,2.0,3.0,4.0,9.0,0.4,0.5833333333333334,0.9166666666666666,1.6666666666666667,0.8,1.8,0.42857142857142855,0.8,0.5714285714285714,1.5714285714285714,1.4,1.8,0.0,0.4166666666666667,-0.18333333333333335,12.499095110389504,12.350887454376544,4.309096029067583,12.566620168383578,2.380252699882476,0.14820765601296204
laliga-2023-2023-11-11-rayo-vallecano-v-girona,2023-11-11,2023,Rayo Vallecano,Girona,1,2,0,0.5,0.0,570.2023860017887,6,7,999,0,1.0,0,999,0,1.0,0,0,0,1.0,4.0,0.0,7.0,6.0,1.4,1.5,1.1666666666666667,1.25,1.4,1.2,1.2,1.7142857142857142,1.4,2.4,1.0,0.42857142857142855,0.5,0.3333333333333333,-0.10000000000000009,12.33493626402165,12.475447830770602,4.245588315049165,12.548505097991866,2.424159176649579,-0.14051156674895351,4.0,0.0,1.0,11.0,7.0,2.4,2.5833333333333335,2.4166666666666665,1.25,2.2,1.4,2.5,2.6666666666666665,2.5,1.3333333333333333,2.3333333333333335,1.1666666666666667,0.3333333333333333,0.08333333333333333,-0.18333333333333357,12.499095110389504,12.350887454376544,4.309096029067583,12.566620168383578,2.380252699882476,0.14820765601296204
laliga-2023-2023-11-11-almeria-v-real-sociedad,2023-11-11,2023,Almeria,Real Sociedad,1,3,0,0.25,0.0,719.7316535126719,6,7,999,0,1.0,0,999,0,1.0,0,0,0,0.0,1.0,4.0,6.0,14.0,0.2,0.25,1.1666666666666667,2.6666666666666665,1.2,2.8,0.3333333333333333,0.16666666666666666,1.5,2.5,0.8333333333333334,2.8333333333333335,0.0,0.25,-0.04999999999999999,12.33493626402165,12.475447830770602,4.245588315049165,12.548505097991866,2.424159176649579,-0.14051156674895351,2.0,1.0,2.0,7.0,5.0,1.4,1.5833333333333333,1.6666666666666667,1.25,1.4,1.0,2.0,1.0,2.142857142857143,1.2857142857142858,1.0,1.2,0.3333333333333333,0.16666666666666666,-0.18333333333333335,12.499095110389504,12.350887454376544,4.309096029067583,12.566620168383578,2.380252699882476,0.14820765601296204
laliga-2023-2023-11-11-granada-v-getafe,2023-11-11,2023,Granada,Getafe,1,1,1,0.25,0.0,350.0749493308417,6,5,999,0,1.0,0,999,0,1.0,0,0,0,0.0,2.0,3.0,7.0,11.0,0.4,0.5,1.4166666666666667,2.4166666666666665,1.4,2.2,0.8333333333333334,0.16666666666666666,1.6666666666666667,2.3333333333333335,1.1666666666666667,2.5,0.0,0.3333333333333333,-0.09999999999999998,12.33493626402165,12.475447830770602,4.245588315049165,12.548505097991866,2.424159176649579,-0.14051156674895351,1.0,4.0,0.0,4.0,3.0,1.4,1.25,1.1666666666666667,1.3333333333333333,0.8,0.6,2.0,0.5,1.0,0.5,1.3333333333333333,2.1666666666666665,0.4166666666666667,0.3333333333333333,0.1499999999999999,12.499095110389504,12.350887454376544,4.309096029067583,12.566620168383578,2.380252699882476,0.14820765601296204
laliga-2023-2023-11-11-osasuna-v-las-palmas,2023-11-11,2023,Osasuna,Las Palmas,1,1,1,0.625,0.0,2052.49488272337,7,8,999,0,1.0,0,999,0,1.0,0,0,0,2.0,0.0,3.0,7.0,10.0,1.2,1.0833333333333333,1.1666666666666667,1.6666666666666667,1.4,2.0,0.6666666666666666,1.5,0.8333333333333334,1.6666666666666667,1.5,1.6666666666666667,0.3333333333333333,0.3333333333333333,0.1166666666666667,12.33493626402165,12.475447830770602,4.245588315049165,12.548505097991866,2.424159176649579,-0.14051156674895351,4.0,0.0,1.0,8.0,5.0,2.4,1.4166666666666667,0.8333333333333334,0.9166666666666666,1.6,1.0,1.8333333333333333,1.0,1.0,0.6666666666666666,0.6666666666666666,1.1666666666666667,0.16666666666666666,0.5,0.9833333333333332,12.499095110389504,12.350887454376544,4.309096029067583,12.566620168383578,2.380252699882476,0.14820765601296204
laliga-2023-2023-11-11-real-madrid-v-valencia,2023-11-11,2023,Real Madrid,Valencia,5,1,2,0.75,0.0,302.5444197829563,6,6,999,0,1.0,0,999,0,1.0,0,0,0,3.0,2.0,0.0,10.0,2.0,2.2,2.4166666666666665,1.9166666666666667,0.6666666666666666,2.0,0.4,2.6,2.2857142857142856,2.0,0.4,1.8571428571428572,0.8571428571428571,0.5,0.08333333333333333,-0.21666666666666634,12.33493626402165,12.475447830770602,4.245588315049165,12.548505097991866,2.424159176649579,-0.14051156674895351,2.0,2.0,1.0,6.0,6.0,1.6,1.5,1.25,1.0833333333333333,1.2,1.2,2.0,1.0,1.3333333333333333,0.5,1.1666666666666667,1.6666666666666667,0.3333333333333333,0.25,0.10000000000000009,12.499095110389504,12.350887454376544,4.309096029067583,12.566620168383578,2.380252699882476,0.14820765601296204
laliga-2023-2023-11-12-barcelona-v-alaves,2023-11-12,2023,Barcelona,Alaves,2,1,2,0.8333333333333334,0.0,427.6700354261175,8,7,999,0,1.0,0,999,0,1.0,0,0,0,3.0,1.0,1.0,6.0,4.0,2.0,2.25,2.0,1.0,1.2,0.8,2.5,2.0,2.1666666666666665,0.6666666666666666,1.8333333333333333,1.3333333333333333,0.5,0.08333333333333333,-0.25,12.33493626402165,12.475447830770602,4.245588315049165,12.548505097991866,2.424159176649579,-0.14051156674895351,1.0,2.0,2.0,4.0,6.0,1.0,1.0,0.8333333333333334,1.3333333333333333,0.8,1.2,1.6666666666666667,0.3333333333333333,1.1666666666666667,1.3333333333333333,0.5,1.3333333333333333,0.16666666666666666,0.4166666666666667,0.0,12.499095110389504,12.350887454376544,4.309096029067583,12.566620168383578,2.380252699882476,0.14820765601296204
laliga-2023-2023-11-12-sevilla-v-betis,2023-11-12,2023,Sevilla,Betis,1,1,1,0.4166666666666667,0.0,0.0,8,8,999,0,1.0,0,999,0,1.0,0,0,0,0.0,4.0,1.0,6.0,7.0,0.8,1.0,1.5454545454545454,1.4545454545454546,1.2,1.4,1.3333333333333333,0.6,1.8333333333333333,1.3333333333333333,1.2,1.6,0.18181818181818182,0.18181818181818182,-0.19999999999999996,12.33493626402165,12.475447830770602,4.245588315049165,12.548505097991866,2.424159176649579,-0.14051156674895351,3.0,2.0,0.0,9.0,3.0,2.2,1.6666666666666667,1.3333333333333333,1.25,1.8,0.6,2.3333333333333335,1.0,1.5,0.3333333333333333,1.1666666666666667,2.1666666666666665,0.3333333333333333,0.16666666666666666,0.5333333333333334,12.499095110389504,12.350887454376544,4.309096029067583,12.566620168383578,2.380252699882476,0.14820765601296204
laliga-2023-2023-11-12-ath-madrid-v-villarreal,2023-11-12,2023,Ath Madrid,Villarreal,3,1,2,0.6428571428571429,0.0,301.95351002499086,9,7,999,0,1.0,0,999,0,1.0,0,0,0,4.0,0.0,1.0,11.0,6.0,2.4,2.272727272727273,2.3636363636363638,1.0,2.2,1.2,3.0,1.6666666666666667,2.6,1.2,2.1666666666666665,0.8333333333333334,0.36363636363636365,0.18181818181818182,0.12727272727272698,12.33493626402165,12.475447830770602,4.245588315049165,12.548505097991866,2.424159176649579,-0.14051156674895351,1.0,2.0,2.0,7.0,8.0,1.0,1.0,1.4166666666666667,1.75,1.4,1.6,0.5714285714285714,1.6,1.5714285714285714,2.142857142857143,1.2,1.2,0.16666666666666666,0.08333333333333333,0.0,12.499095110389504,12.350887454376544,4.309096029067583,12.566620168383578,2.380252699882476,0.14820765601296204
laliga-2023-2023-11-24-alaves-v-granada,2023-11-24,2023,Alaves,Granada,3,1,2,0.5,0.0,637.1109076042225,12,13,999,0,1.0,0,999,0,1.0,0,0,0,1.0,2.0,2.0,5.0,6.0,1.0,0.9230769230769231,0.8461538461538461,1.3846153846153846,1.0,1.2,1.6666666666666667,0.2857142857142857,1.1666666666666667,1.3333333333333333,0.5714285714285714,1.4285714285714286,0.15384615384615385,0.38461538461538464,0.07692307692307687,12.33493626402165,12.475447830770602,4.245588315049165,12.548505097991866,2.424159176649579,-0.14051156674895351,0.0,2.0,3.0,5.0,9.0,0.4,0.5384615384615384,1.3846153846153846,2.3076923076923075,1.0,1.8,0.8571428571428571,0.16666666666666666,1.5714285714285714,2.142857142857143,1.1666666666666667,2.5,0.0,0.3076923076923077,-0.1384615384615384,12.499095110389504,12.350887454376544,4.309096029067583,12.566620168383578,2.380252699882476,0.14820765601296204
laliga-2023-2023-11-25-rayo-vallecano-v-barcelona,2023-11-25,2023,Rayo Vallecano,Barcelona,1,1,1,0.14285714285714285,0.0,498.31165744106266,14,13,999,0,1.0,0,999,0,1.0,0,0,0,1.0,3.0,1.0,6.0,6.0,1.2,1.3846153846153846,1.1538461538461537,1.3076923076923077,1.2,1.2,1.0,1.7142857142857142,1.3333333333333333,2.3333333333333335,1.0,0.42857142857142855,0.46153846153846156,0.3076923076923077,-0.18461538461538463,12.33493626402165,12.475447830770602,4.245588315049165,12.548505097991866,2.424159176649579,-0.14051156674895351,3.0,1.0,1.0,7.0,5.0,2.0,2.3076923076923075,2.0,1.0,1.4,1.0,2.5714285714285716,2.0,2.142857142857143,0.7142857142857143,1.8333333333333333,1.3333333333333333,0.46153846153846156,0.07692307692307693,-0.3076923076923075,12.499095110389504,12.350887454376544,4.309096029067583,12.566620168383578,2.380252699882476,0.14820765601296204
laliga-2023-2023-11-25-valencia-v-celta,2023-11-25,2023,Valencia,Celta,0,0,1,0.35714285714285715,0.0,766.2050813784058,14,15,999,0,1.0,0,999,0,1.0,0,0,0,2.0,2.0,1.0,7.0,8.0,1.6,1.3846153846153846,1.2307692307692308,1.3846153846153846,1.4,1.6,2.0,0.8571428571428571,1.3333333333333333,0.5,1.1428571428571428,2.142857142857143,0.3076923076923077,0.23076923076923078,0.2153846153846155,12.33493626402165,12.475447830770602,4.245588315049165,12.548505097991866,2.424159176649579,-0.14051156674895351,0.0,2.0,3.0,6.0,11.0,0.4,0.5384615384615384,1.0769230769230769,1.8461538461538463,1.2,2.2,0.42857142857142855,0.6666666666666666,0.5714285714285714,1.5714285714285714,1.6666666666666667,2.1666666666666665,0.0,0.38461538461538464,-0.1384615384615384,12.499095110389504,12.350887454376544,4.309096029067583,12.566620168383578,2.380252699882476,0.14820765601296204
laliga-2023-2023-11-25-getafe-v-almeria,2023-11-25,2023,Getafe,Almeria,2,1,2,1.0,0.0,400.80677531678174,14,14,999,0,1.0,0,999,0,1.0,0,0,0,1.0,4.0,0.0,5.0,4.0,1.4,1.2307692307692308,1.1538461538461537,1.3076923076923077,1.0,0.8,2.0,0.5714285714285714,1.0,0.5,1.2857142857142858,2.0,0.38461538461538464,0.3076923076923077,0.16923076923076907,12.33493626402165,12.475447830770602,4.245588315049165,12.548505097991866,2.424159176649579,-0.14051156674895351,0.0,0.0,5.0,4.0,14.0,0.0,0.23076923076923078,1.1538461538461537,2.6923076923076925,0.8,2.8,0.2857142857142857,0.16666666666666666,1.4285714285714286,2.5714285714285716,0.8333333333333334,2.8333333333333335,0.0,0.23076923076923078,-0.23076923076923078,12.499095110389504,12.350887454376544,4.309096029067583,12.566620168383578,2.380252699882476,0.14820765601296204
laliga-2023-2023-11-25-ath-madrid-v-mallorca,2023-11-25,2023,Ath Madrid,Mallorca,1,0,2,0.9166666666666666,0.0,538.6573715639815,13,21,999,0,1.0,0,999,0,1.0,0,0,0,4.0,0.0,1.0,11.0,5.0,2.4,2.3333333333333335,2.4166666666666665,1.0,2.2,1.0,3.0,1.6666666666666667,2.6666666666666665,1.1666666666666667,2.1666666666666665,0.8333333333333334,0.3333333333333333,0.16666666666666666,0.06666666666666643,12.33493626402165,12.475447830770602,4.245588315049165,12.548505097991866,2.424159176649579,-0.14051156674895351,0.0,3.0,2.0,3.0,6.0,0.6,0.75,1.0,1.5,0.6,1.2,0.8,0.7142857142857143,0.6,0.8,1.2857142857142858,2.0,0.25,0.4166666666666667,-0.15000000000000002,12.499095110389504,12.350887454376544,4.309096029067583,12.566620168383578,2.380252699882476,0.14820765601296204
laliga-2023-2023-11-26-villarreal-v-osasuna,2023-11-26,2023,Villarreal,Osasuna,3,1,2,0.75,0.0,342.07411911647984,14,15,999,0,1.0,0,999,0,1.0,0,0,0,1.0,1.0,3.0,8.0,11.0,0.8,0.9230769230769231,1.3846153846153846,1.8461538461538463,1.6,2.2,0.5714285714285714,1.3333333333333333,1.5714285714285714,2.142857142857143,1.1666666666666667,1.5,0.15384615384615385,0.07692307692307693,-0.12307692307692308,12.33493626402165,12.475447830770602,4.245588315049165,12.548505097991866,2.424159176649579,-0.14051156674895351,1.0,1.0,3.0,6.0,11.0,0.8,1.0769230769230769,1.1538461538461537,1.6153846153846154,1.2,2.2,0.7142857142857143,1.5,0.8571428571428571,1.5714285714285714,1.5,1.6666666666666667,0.3076923076923077,0.3076923076923077,-0.2769230769230768,12.499095110389504,12.350887454376544,4.309096029067583,12.566620168383578,2.380252699882476,0.14820765601296204
laliga-2023-2023-11-26-real-sociedad-v-sevilla,2023-11-26,2023,Real Sociedad,Sevilla,2,1,2,0.5,0.0,739.794439118782,15,14,999,0,1.0,0,999,0,1.0,0,0,0,2.0,1.0,2.0,7.0,6.0,1.4,1.6923076923076923,1.7692307692307692,1.2307692307692308,1.4,1.2,2.0,1.3333333333333333,2.142857142857143,1.2857142857142858,1.3333333333333333,1.1666666666666667,0.3076923076923077,0.15384615384615385,-0.2923076923076924,12.33493626402165,12.475447830770602,4.245588315049165,12.548505097991866,2.424159176649579,-0.14051156674895351,0.0,5.0,0.0,7.0,7.0,1.0,1.0,1.5,1.4166666666666667,1.4,1.4,1.2857142857142858,0.6,1.7142857142857142,1.2857142857142858,1.2,1.6,0.16666666666666666,0.16666666666666666,0.0,12.499095110389504,12.350887454376544,4.309096029067583,12.566620168383578,2.380252699882476,0.14820765601296204
laliga-2023-2023-11-26-cadiz-v-real-madrid,2023-11-26,2023,Cadiz,Real Madrid,0,3,0,0.0,0.0,491.01412256360186,20,15,999,0,1.0,0,999,0,1.0,0,0,0,0.0,1.0,4.0,4.0,9.0,0.2,0.8333333333333334,0.8333333333333334,1.4166666666666667,0.8,1.8,1.5,0.16666666666666666,1.1666666666666667,0.8333333333333334,0.5,2.0,0.16666666666666666,0.5,-0.6333333333333333,12.33493626402165,12.475447830770602,4.245588315049165,12.548505097991866,2.424159176649579,-0.14051156674895351,3.0,2.0,0.0,12.0,3.0,2.2,2.4615384615384617,2.1538461538461537,0.6923076923076923,2.4,0.6,2.6666666666666665,2.2857142857142856,2.5,0.5,1.8571428571428572,0.8571428571428571,0.46153846153846156,0.07692307692307693,-0.2615384615384615,12.499095110389504,12.350887454376544,4.309096029067583,12.566620168383578,2.380252699882476,0.14820765601296204
laliga-2023-2023-11-26-betis-v-las-palmas,2023-11-26,2023,Betis,Las Palmas,1,0,2,0.75,0.0,1359.3686806165017,14,15,999,0,1.0,0,999,0,1.0,0,0,0,2.0,3.0,0.0,7.0,4.0,1.8,1.6153846153846154,1.3076923076923077,1.2307692307692308,1.4,0.8,2.3333333333333335,1.0,1.5,0.3333333333333333,1.1428571428571428,2.0,0.3076923076923077,0.15384615384615385,0.18461538461538463,12.33493626402165,12.475447830770602,4.245588315049165,12.548505097991866,2.424159176649579,-0.14051156674895351,3.0,1.0,1.0,7.0,5.0,2.0,1.3846153846153846,0.8461538461538461,0.9230769230769231,1.4,1.0,1.8333333333333333,1.0,1.0,0.6666666666666666,0.7142857142857143,1.1428571428571428,0.15384615384615385,0.46153846153846156,0.6153846153846154,12.499095110389504,12.350887454376544,4.309096029067583,12.566620168383578,2.380252699882476,0.14820765601296204
laliga-2023-2023-11-27-girona-v-ath-bilbao,2023-11-27,2023,Girona,Ath Bilbao,1,1,1,0.5,0.0,493.296941623452,16,17,999,0,1.0,0,999,0,1.0,0,0,0,5.0,0.0,0.0,13.0,5.0,3.0,2.6153846153846154,2.3846153846153846,1.2307692307692308,2.6,1.0,2.5,2.7142857142857144,2.5,1.3333333333333333,2.2857142857142856,1.1428571428571428,0.3076923076923077,0.07692307692307693,0.3846153846153846,12.33493626402165,12.475447830770602,4.245588315049165,12.548505097991866,2.424159176649579,-0.14051156674895351,3.0,1.0,1.0,12.0,8.0,2.0,1.8461538461538463,1.9230769230769231,1.3076923076923077,2.4,1.6,2.0,1.6666666666666667,2.5714285714285716,1.5714285714285714,1.1666666666666667,1.0,0.38461538461538464,0.3076923076923077,0.15384615384615374,12.499095110389504,12.350887454376544,4.309096029067583,12.566620168383578,2.380252699882476,0.14820765601296204
laliga-2023-2023-11-29-mallorca-v-cadiz,2023-11-29,2023,Mallorca,Cadiz,1,1,1,0.5,0.0,850.3509318511678,4,3,999,0,1.0,0,999,0,1.0,0,0,0,0.0,2.0,3.0,1.0,5.0,0.4,0.6923076923076923,0.9230769230769231,1.4615384615384615,0.2,1.0,0.8,0.625,0.6,0.8,1.125,1.875,0.23076923076923078,0.46153846153846156,-0.29230769230769227,12.33493626402165,12.475447830770602,4.245588315049165,12.548505097991866,2.424159176649579,-0.14051156674895351,0.0,1.0,4.0,2.0,9.0,0.2,0.7692307692307693,0.7692307692307693,1.5384615384615385,0.4,1.8,1.2857142857142858,0.16666666666666666,1.0,1.1428571428571428,0.5,2.0,0.15384615384615385,0.5384615384615384,-0.5692307692307692,12.499095110389504,12.350887454376544,4.309096029067583,12.566620168383578,2.380252699882476,0.14820765601296204
laliga-2023-2023-12-01-las-palmas-v-getafe,2023-12-01,2023,Las Palmas,Getafe,2,0,2,0.625,0.0,1731.0069519179315,5,6,999,0,1.0,0,999,0,1.0,0,0,0,2.0,1.0,2.0,5.0,5.0,1.4,1.2857142857142858,0.7857142857142857,0.9285714285714286,1.0,1.0,1.8333333333333333,0.875,1.0,0.6666666666666666,0.625,1.125,0.14285714285714285,0.5,0.1142857142857141,12.33493626402165,12.475447830770602,4.245588315049165,12.548505097991866,2.424159176649579,-0.14051156674895351,2.0,3.0,0.0,5.0,3.0,1.8,1.3571428571428572,1.2142857142857142,1.2857142857142858,1.0,0.6,2.142857142857143,0.5714285714285714,1.1428571428571428,0.5714285714285714,1.2857142857142858,2.0,0.35714285714285715,0.2857142857142857,0.44285714285714284,12.499095110389504,12.350887454376544,4.309096029067583,12.566620168383578,2.380252699882476,0.14820765601296204
laliga-2023-2023-12-02-girona-v-valencia,2023-12-02,2023,Girona,Valencia,2,1,2,0.5833333333333334,0.0,387.4286140921075,5,7,999,0,1.0,0,999,0,1.0,0,0,0,4.0,1.0,0.0,13.0,6.0,2.6,2.5,2.2857142857142856,1.2142857142857142,2.6,1.2,2.2857142857142856,2.7142857142857144,2.2857142857142856,1.2857142857142858,2.2857142857142856,1.1428571428571428,0.2857142857142857,0.07142857142857142,0.10000000000000009,12.33493626402165,12.475447830770602,4.245588315049165,12.548505097991866,2.424159176649579,-0.14051156674895351,2.0,2.0,1.0,6.0,7.0,1.6,1.3571428571428572,1.1428571428571428,1.2857142857142858,1.2,1.4,1.8571428571428572,0.8571428571428571,1.1428571428571428,0.42857142857142855,1.1428571428571428,2.142857142857143,0.35714285714285715,0.2857142857142857,0.24285714285714288,12.499095110389504,12.350887454376544,4.309096029067583,12.566620168383578,2.380252699882476,0.14820765601296204
laliga-2023-2023-12-02-ath-bilbao-v-rayo-vallecano,2023-12-02,2023,Ath Bilbao,Rayo Vallecano,4,0,2,0.9166666666666666,0.0,324.81569774099466,5,7,999,0,1.0,0,999,0,1.0,0,0,0,2.0,2.0,1.0,10.0,9.0,1.6,1.7857142857142858,1.8571428571428572,1.2857142857142858,2.0,1.8,2.0,1.5714285714285714,2.5714285714285716,1.5714285714285714,1.1428571428571428,1.0,0.35714285714285715,0.2857142857142857,-0.18571428571428572,12.33493626402165,12.475447830770602,4.245588315049165,12.548505097991866,2.424159176649579,-0.14051156674895351,1.0,3.0,1.0,5.0,5.0,1.2,1.3571428571428572,1.1428571428571428,1.2857142857142858,1.0,1.0,1.0,1.7142857142857142,1.2857142857142858,2.142857142857143,1.0,0.42857142857142855,0.42857142857142855,0.2857142857142857,-0.15714285714285725,12.499095110389504,12.350887454376544,4.309096029067583,12.566620168383578,2.380252699882476,0.14820765601296204
laliga-2023-2023-12-02-real-madrid-v-granada,2023-12-02,2023,Real Madrid,Granada,2,0,2,1.0,0.0,366.1366923294067,6,8,999,0,1.0,0,999,0,1.0,0,0,0,3.0,2.0,0.0,11.0,3.0,2.2,2.5,2.2142857142857144,0.6428571428571429,2.2,0.6,2.6666666666666665,2.375,2.5,0.5,2.0,0.75,0.5,0.07142857142857142,-0.2999999999999998,12.33493626402165,12.475447830770602,4.245588315049165,12.548505097991866,2.424159176649579,-0.14051156674895351,0.0,1.0,4.0,4.0,10.0,0.2,0.5,1.3571428571428572,2.357142857142857,0.8,2.0,0.8571428571428571,0.14285714285714285,1.5714285714285714,2.142857142857143,1.1428571428571428,2.5714285714285716,0.0,0.2857142857142857,-0.3,12.499095110389504,12.350887454376544,4.309096029067583,12.566620168383578,2.380252699882476,0.14820765601296204
laliga-2023-2023-12-02-osasuna-v-real-sociedad,2023-12-02,2023,Osasuna,Real Sociedad,1,1,1,0.5833333333333334,0.0,62.37462492184042,6,6,999,0,1.0,0,999,0,1.0,0,0,0,1.0,1.0,3.0,7.0,10.0,0.8,1.0,1.1428571428571428,1.7142857142857142,1.4,2.0,0.7142857142857143,1.2857142857142858,0.8571428571428571,1.5714285714285714,1.4285714285714286,1.8571428571428572,0.2857142857142857,0.2857142857142857,-0.19999999999999996,12.33493626402165,12.475447830770602,4.245588315049165,12.548505097991866,2.424159176649579,-0.14051156674895351,3.0,1.0,1.0,8.0,5.0,2.0,1.7857142857142858,1.7857142857142858,1.2142857142857142,1.6,1.0,2.125,1.3333333333333333,2.125,1.25,1.3333333333333333,1.1666666666666667,0.2857142857142857,0.14285714285714285,0.2142857142857142,12.499095110389504,12.350887454376544,4.309096029067583,12.566620168383578,2.380252699882476,0.14820765601296204
laliga-2023-2023-12-03-mallorca-v-alaves,2023-12-03,2023,Mallorca,Alaves,0,0,1,0.4166666666666667,0.0,572.5458847204633,4,9,999,0,1.0,0,999,0,1.0,0,0,0,0.0,2.0,3.0,1.0,5.0,0.4,0.7142857142857143,0.9285714285714286,1.4285714285714286,0.2,1.0,0.8333333333333334,0.625,0.6666666666666666,0.8333333333333334,1.125,1.875,0.21428571428571427,0.42857142857142855,-0.3142857142857143,12.33493626402165,12.475447830770602,4.245588315049165,12.548505097991866,2.424159176649579,-0.14051156674895351,2.0,1.0,2.0,7.0,6.0,1.4,1.0714285714285714,1.0,1.3571428571428572,1.4,1.2,1.8571428571428572,0.2857142857142857,1.4285714285714286,1.2857142857142858,0.5714285714285714,1.4285714285714286,0.14285714285714285,0.35714285714285715,0.3285714285714285,12.499095110389504,12.350887454376544,4.309096029067583,12.566620168383578,2.380252699882476,0.14820765601296204
laliga-2023-2023-12-03-almeria-v-betis,2023-12-03,2023,Almeria,Betis,0,0,1,0.25,0.0,317.0694169290417,8,7,999,0,1.0,0,999,0,1.0,0,0,0,0.0,0.0,5.0,5.0,13.0,0.0,0.21428571428571427,1.1428571428571428,2.642857142857143,1.0,2.6,0.2857142857142857,0.14285714285714285,1.4285714285714286,2.5714285714285716,0.8571428571428571,2.7142857142857144,0.0,0.21428571428571427,-0.21428571428571427,12.33493626402165,12.475447830770602,4.245588315049165,12.548505097991866,2.424159176649579,-0.14051156674895351,3.0,2.0,0.0,7.0,3.0,2.2,1.7142857142857142,1.2857142857142858,1.1428571428571428,1.4,0.6,2.4285714285714284,1.0,1.4285714285714286,0.2857142857142857,1.1428571428571428,2.0,0.35714285714285715,0.14285714285714285,0.485714285714286,12.499095110389504,12.350887454376544,4.309096029067583,12.566620168383578,2.380252699882476,0.14820765601296204
laliga-2023-2023-12-03-sevilla-v-villarreal,2023-12-03,2023,Sevilla,Villarreal,1,1,1,0.25,0.0,583.4265952554996,7,7,999,0,1.0,0,999,0,1.0,0,0,0,0.0,4.0,1.0,6.0,7.0,0.8,0.9230769230769231,1.4615384615384615,1.4615384615384615,1.2,1.4,1.2857142857142858,0.5,1.7142857142857142,1.2857142857142858,1.1666666666666667,1.6666666666666667,0.15384615384615385,0.15384615384615385,-0.12307692307692308,12.33493626402165,12.475447830770602,4.245588315049165,12.548505097991866,2.424159176649579,-0.14051156674895351,2.0,1.0,2.0,10.0,10.0,1.4,1.0714285714285714,1.5,1.7857142857142858,2.0,2.0,0.875,1.3333333333333333,1.75,2.0,1.1666666666666667,1.5,0.14285714285714285,0.07142857142857142,0.3285714285714285,12.499095110389504,12.350887454376544,4.309096029067583,12.566620168383578,2.380252699882476,0.14820765601296204
laliga-2023-2023-12-03-barcelona-v-ath-madrid,2023-12-03,2023,Barcelona,Ath Madrid,1,0,2,0.8333333333333334,0.0,492.19577268549097,8,8,999,0,1.0,0,999,0,1.0,0,0,0,3.0,1.0,1.0,6.0,4.0,2.0,2.2142857142857144,1.9285714285714286,1.0,1.2,0.8,2.5714285714285716,1.8571428571428572,2.142857142857143,0.7142857142857143,1.7142857142857142,1.2857142857142858,0.42857142857142855,0.07142857142857142,-0.2142857142857144,12.33493626402165,12.475447830770602,4.245588315049165,12.548505097991866,2.424159176649579,-0.14051156674895351,4.0,0.0,1.0,10.0,4.0,2.4,2.3846153846153846,2.3076923076923075,0.9230769230769231,2.0,0.8,3.0,1.6666666666666667,2.4285714285714284,1.0,2.1666666666666665,0.8333333333333334,0.38461538461538464,0.15384615384615385,0.01538461538461533,12.499095110389504,12.350887454376544,4.309096029067583,12.566620168383578,2.380252699882476,0.14820765601296204
laliga-2023-2023-12-04-celta-v-cadiz,2023-12-04,2023,Celta,Cadiz,1,1,1,0.5,0.0,666.3599378432658,9,5,999,0,1.0,0,999,0,1.0,0,0,0,0.0,2.0,3.0,4.0,9.0,0.4,0.5714285714285714,1.0,1.7142857142857142,0.8,1.8,0.42857142857142855,0.7142857142857143,0.5714285714285714,1.5714285714285714,1.4285714285714286,1.8571428571428572,0.07142857142857142,0.42857142857142855,-0.17142857142857137,12.33493626402165,12.475447830770602,4.245588315049165,12.548505097991866,2.424159176649579,-0.14051156674895351,0.0,2.0,3.0,3.0,9.0,0.4,0.7857142857142857,0.7857142857142857,1.5,0.6,1.8,1.2857142857142858,0.2857142857142857,1.0,1.1428571428571428,0.5714285714285714,1.8571428571428572,0.14285714285714285,0.5,-0.3857142857142857,12.499095110389504,12.350887454376544,4.309096029067583,12.566620168383578,2.380252699882476,0.14820765601296204
laliga-2023-2023-12-08-getafe-v-valencia,2023-12-08,2023,Getafe,Valencia,1,0,2,0.25,0.0,299.5255146224806,7,6,999,0,1.0,0,999,0,1.0,0,0,0,2.0,2.0,1.0,4.0,4.0,1.6,1.2666666666666666,1.1333333333333333,1.3333333333333333,0.8,0.8,2.142857142857143,0.5,1.1428571428571428,0.5714285714285714,1.125,2.0,0.3333333333333333,0.3333333333333333,0.3333333333333335,12.33493626402165,12.475447830770602,4.245588315049165,12.548505097991866,2.424159176649579,-0.14051156674895351,1.0,2.0,2.0,5.0,9.0,1.0,1.2666666666666666,1.1333333333333333,1.3333333333333333,1.0,1.8,1.8571428571428572,0.75,1.1428571428571428,0.42857142857142855,1.125,2.125,0.3333333333333333,0.26666666666666666,-0.2666666666666666,12.499095110389504,12.350887454376544,4.309096029067583,12.566620168383578,2.380252699882476,0.14820765601296204
laliga-2023-2023-12-09-alaves-v-las-palmas,2023-12-09,2023,Alaves,Las Palmas,0,1,0,0.5,0.0,2001.8149560179402,6,8,999,0,1.0,0,999,0,1.0,0,0,0,2.0,1.0,2.0,6.0,5.0,1.4,1.0666666666666667,0.9333333333333333,1.2666666666666666,1.2,1.0,1.8571428571428572,0.375,1.4285714285714286,1.2857142857142858,0.5,1.25,0.2,0.4,0.33333333333333326,12.33493626402165,12.475447830770602,4.245588315049165,12.548505097991866,2.424159176649579,-0.14051156674895351,3.0,1.0,1.0,7.0,4.0,2.0,1.4,0.8666666666666667,0.8666666666666667,1.4,0.8,2.0,0.875,1.1428571428571428,0.5714285714285714,0.625,1.125,0.2,0.4666666666666667,0.6000000000000001,12.499095110389504,12.350887454376544,4.309096029067583,12.566620168383578,2.380252699882476,0.14820765601296204
laliga-2023-2023-12-09-betis-v-real-madrid,2023-12-09,2023,Betis,Real Madrid,1,1,1,0.5,0.0,394.25599339659567,6,7,999,0,1.0,0,999,0,1.0,0,0,0,3.0,2.0,0.0,6.0,2.0,2.2,1.6666666666666667,1.2,1.0666666666666667,1.2,0.4,2.4285714285714284,1.0,1.4285714285714286,0.2857142857142857,1.0,1.75,0.4,0.2,0.5333333333333334,12.33493626402165,12.475447830770602,4.245588315049165,12.548505097991866,2.424159176649579,-0.14051156674895351,4.0,1.0,0.0,12.0,2.0,2.6,2.533333333333333,2.2,0.6,2.4,0.4,2.7142857142857144,2.375,2.4285714285714284,0.42857142857142855,2.0,0.75,0.5333333333333333,0.06666666666666667,0.06666666666666687,12.499095110389504,12.350887454376544,4.309096029067583,12.566620168383578,2.380252699882476,0.14820765601296204
laliga-2023-2023-12-09-villarreal-v-real-sociedad,2023-12-09,2023,Villarreal,Real Sociedad,0,3,0,0.5833333333333334,0.0,404.3535451234156,6,7,999,0,1.0,0,999,0,1.0,0,0,0,2.0,1.0,2.0,10.0,10.0,1.4,1.0666666666666667,1.4666666666666666,1.7333333333333334,2.0,2.0,0.875,1.2857142857142858,1.75,2.0,1.1428571428571428,1.4285714285714286,0.13333333333333333,0.06666666666666667,0.33333333333333326,12.33493626402165,12.475447830770602,4.245588315049165,12.548505097991866,2.424159176649579,-0.14051156674895351,2.0,2.0,1.0,8.0,6.0,1.6,1.7333333333333334,1.7333333333333334,1.2,1.6,1.2,2.125,1.2857142857142858,2.125,1.25,1.2857142857142858,1.1428571428571428,0.26666666666666666,0.13333333333333333,-0.1333333333333333,12.499095110389504,12.350887454376544,4.309096029067583,12.566620168383578,2.380252699882476,0.14820765601296204
laliga-2023-2023-12-09-mallorca-v-sevilla,2023-12-09,2023,Mallorca,Sevilla,1,0,2,0.6666666666666666,0.0,787.3887957067963,6,6,999,0,1.0,0,999,0,1.0,0,0,0,0.0,3.0,2.0,1.0,4.0,0.6,0.7333333333333333,0.8666666666666667,1.3333333333333333,0.2,0.8,0.8571428571428571,0.625,0.5714285714285714,0.7142857142857143,1.125,1.875,0.26666666666666666,0.4666666666666667,-0.1333333333333333,12.33493626402165,12.475447830770602,4.245588315049165,12.548505097991866,2.424159176649579,-0.14051156674895351,0.0,4.0,1.0,6.0,7.0,0.8,0.9285714285714286,1.4285714285714286,1.4285714285714286,1.2,1.4,1.25,0.5,1.625,1.25,1.1666666666666667,1.6666666666666667,0.14285714285714285,0.14285714285714285,-0.12857142857142856,12.499095110389504,12.350887454376544,4.309096029067583,12.566620168383578,2.380252699882476,0.14820765601296204
laliga-2023-2023-12-10-ath-madrid-v-almeria,2023-12-10,2023,Ath Madrid,Almeria,2,1,2,0.75,0.0,412.0965307645389,7,7,999,0,1.0,0,999,0,1.0,0,0,0,3.0,0.0,2.0,7.0,5.0,1.8,2.2142857142857144,2.142857142857143,0.9285714285714286,1.4,1.0,3.0,1.4285714285714286,2.4285714285714284,1.0,1.8571428571428572,0.8571428571428571,0.35714285714285715,0.21428571428571427,-0.41428571428571437,12.33493626402165,12.475447830770602,4.245588315049165,12.548505097991866,2.424159176649579,-0.14051156674895351,0.0,1.0,4.0,3.0,8.0,0.2,0.26666666666666666,1.0666666666666667,2.466666666666667,0.6,1.6,0.375,0.14285714285714285,1.25,2.25,0.8571428571428571,2.7142857142857144,0.06666666666666667,0.26666666666666666,-0.06666666666666665,12.499095110389504,12.350887454376544,4.309096029067583,12.566620168383578,2.380252699882476,0.14820765601296204
laliga-2023-2023-12-10-cadiz-v-osasuna,2023-12-10,2023,Cadiz,Osasuna,1,1,1,0.25,0.0,801.8738728737525,6,8,999,0,1.0,0,999,0,1.0,0,0,0,0.0,3.0,2.0,4.0,8.0,0.6,0.8,0.8,1.4666666666666666,0.8,1.6,1.2857142857142858,0.375,1.0,1.1428571428571428,0.625,1.75,0.13333333333333333,0.4666666666666667,-0.20000000000000007,12.33493626402165,12.475447830770602,4.245588315049165,12.548505097991866,2.424159176649579,-0.14051156674895351,0.0,2.0,3.0,6.0,11.0,0.4,1.0,1.1333333333333333,1.6666666666666667,1.2,2.2,0.75,1.2857142857142858,0.875,1.5,1.4285714285714286,1.8571428571428572,0.26666666666666666,0.26666666666666666,-0.6,12.499095110389504,12.350887454376544,4.309096029067583,12.566620168383578,2.380252699882476,0.14820765601296204
laliga-2023-2023-12-10-barcelona-v-girona,2023-12-10,2023,Barcelona,Girona,2,4,0,0.5,0.0,87.8199411621499,7,8,999,0,1.0,0,999,0,1.0,0,0,0,3.0,1.0,1.0,6.0,4.0,2.0,2.2666666666666666,1.8666666666666667,0.9333333333333333,1.2,0.8,2.625,1.8571428571428572,2.0,0.625,1.7142857142857142,1.2857142857142858,0.4666666666666667,0.06666666666666667,-0.2666666666666666,12.33493626402165,12.475447830770602,4.245588315049165,12.548505097991866,2.424159176649579,-0.14051156674895351,4.0,1.0,0.0,10.0,5.0,2.6,2.533333333333333,2.2666666666666666,1.2,2.0,1.0,2.375,2.7142857142857144,2.25,1.25,2.2857142857142856,1.1428571428571428,0.26666666666666666,0.06666666666666667,0.06666666666666687,12.499095110389504,12.350887454376544,4.309096029067583,12.566620168383578,2.380252699882476,0.14820765601296204
laliga-2023-2023-12-11-granada-v-ath-bilbao,2023-12-11,2023,Granada,Ath Bilbao,1,1,1,0.5,0.0,680.8499828026253,9,9,999,0,1.0,0,999,0,1.0,0,0,0,0.0,1.0,4.0,4.0,10.0,0.2,0.4666666666666667,1.2666666666666666,2.3333333333333335,0.8,2.0,0.8571428571428571,0.125,1.5714285714285714,2.142857142857143,1.0,2.5,0.0,0.3333333333333333,-0.26666666666666666,12.33493626402165,12.475447830770602,4.245588315049165,12.548505097991866,2.424159176649579,-0.14051156674895351,3.0,2.0,0.0,14.0,8.0,2.2,1.8666666666666667,2.0,1.2,2.8,1.6,2.125,1.5714285714285714,2.75,1.375,1.1428571428571428,1.0,0.4,0.26666666666666666,0.3333333333333335,12.499095110389504,12.350887454376544,4.309096029067583,12.566620168383578,2.380252699882476,0.14820765601296204
laliga-2023-2023-12-11-rayo-vallecano-v-celta,2023-12-11,2023,Rayo Vallecano,Celta,0,0,1,0.5833333333333334,0.0,470.2333928897136,9,7,999,0,1.0,0,999,0,1.0,0,0,0,0.0,3.0,2.0,4.0,9.0,0.6,1.2666666666666666,1.0666666666666667,1.4666666666666666,0.8,1.8,1.0,1.5,1.2857142857142858,2.142857142857143,0.875,0.875,0.4,0.3333333333333333,-0.6666666666666666,12.33493626402165,12.475447830770602,4.245588315049165,12.548505097991866,2.424159176649579,-0.14051156674895351,0.0,3.0,2.0,5.0,7.0,0.6,0.6,1.0,1.6666666666666667,1.0,1.4,0.5,0.7142857142857143,0.625,1.5,1.4285714285714286,1.8571428571428572,0.06666666666666667,0.4,0.0,12.499095110389504,12.350887454376544,4.309096029067583,12.566620168383578,2.380252699882476,0.14820765601296204
laliga-2023-2023-12-15-osasuna-v-rayo-vallecano,2023-12-15,2023,Osasuna,Rayo Vallecano,1,0,2,0.5714285714285714,0.0,315.9199232680751,5,4,999,0,1.0,0,999,0,1.0,0,0,0,0.0,3.0,2.0,6.0,10.0,0.6,1.0,1.125,1.625,1.2,2.0,0.75,1.25,0.875,1.5,1.375,1.75,0.25,0.25,-0.4,12.33493626402165,12.475447830770602,4.245588315049165,12.548505097991866,2.424159176649579,-0.14051156674895351,0.0,3.0,2.0,2.0,7.0,0.6,1.25,1.0,1.375,0.4,1.4,1.0,1.5,1.125,1.875,0.875,0.875,0.4375,0.375,-0.65,12.499095110389504,12.350887454376544,4.309096029067583,12.566620168383578,2.380252699882476,0.14820765601296204
laliga-2023-2023-12-16-celta-v-granada,2023-12-16,2023,Celta,Granada,1,0,2,1.0,0.0,713.1684618037192,5,5,999,0,1.0,0,999,0,1.0,0,0,0,0.0,4.0,1.0,5.0,6.0,0.8,0.625,0.9375,1.5625,1.0,1.2,0.5,0.75,0.625,1.5,1.25,1.625,0.125,0.4375,0.17500000000000004,12.33493626402165,12.475447830770602,4.245588315049165,12.548505097991866,2.424159176649579,-0.14051156674895351,0.0,2.0,3.0,3.0,8.0,0.4,0.5,1.25,2.25,0.6,1.6,0.875,0.125,1.5,2.0,1.0,2.5,0.0,0.3125,-0.09999999999999998,12.499095110389504,12.350887454376544,4.309096029067583,12.566620168383578,2.380252699882476,0.14820765601296204
laliga-2023-2023-12-16-ath-bilbao-v-ath-madrid,2023-12-16,2023,Ath Bilbao,Ath Madrid,2,0,2,0.42857142857142855,0.0,318.9219671527912,5,6,999,0,1.0,0,999,0,1.0,0,0,0,3.0,2.0,0.0,13.0,7.0,2.2,1.8125,1.9375,1.1875,2.6,1.4,2.125,1.5,2.75,1.375,1.125,1.0,0.375,0.25,0.3875000000000002,12.33493626402165,12.475447830770602,4.245588315049165,12.548505097991866,2.424159176649579,-0.14051156674895351,3.0,0.0,2.0,7.0,5.0,1.8,2.2666666666666666,2.1333333333333333,0.9333333333333333,1.4,1.0,3.0,1.4285714285714286,2.375,1.0,1.8571428571428572,0.8571428571428571,0.3333333333333333,0.2,-0.46666666666666656,12.499095110389504,12.350887454376544,4.309096029067583,12.566620168383578,2.380252699882476,0.14820765601296204
laliga-2023-2023-12-16-sevilla-v-getafe,2023-12-16,2023,Sevilla,Getafe,0,3,0,0.5833333333333334,0.0,379.3296978893749,7,8,999,0,1.0,0,999,0,1.0,0,0,0,0.0,3.0,2.0,4.0,6.0,0.6,0.8666666666666667,1.3333333333333333,1.4,0.8,1.2,1.25,0.42857142857142855,1.625,1.25,1.0,1.5714285714285714,0.13333333333333333,0.2,-0.2666666666666667,12.33493626402165,12.475447830770602,4.245588315049165,12.548505097991866,2.424159176649579,-0.14051156674895351,3.0,1.0,1.0,5.0,4.0,2.0,1.375,1.125,1.25,1.0,0.8,2.25,0.5,1.125,0.5,1.125,2.0,0.375,0.3125,0.625,12.499095110389504,12.350887454376544,4.309096029067583,12.566620168383578,2.380252699882476,0.14820765601296204
laliga-2023-2023-12-16-valencia-v-barcelona,2023-12-16,2023,Valencia,Barcelona,1,1,1,0.21428571428571427,0.0,299.8128548684505,8,6,999,0,1.0,0,999,0,1.0,0,0,0,1.0,1.0,3.0,3.0,8.0,0.8,1.1875,1.0625,1.3125,0.6,1.6,1.8571428571428572,0.6666666666666666,1.1428571428571428,0.42857142857142855,1.0,2.0,0.3125,0.3125,-0.38749999999999996,12.33493626402165,12.475447830770602,4.245588315049165,12.548505097991866,2.424159176649579,-0.14051156674895351,3.0,1.0,1.0,7.0,6.0,2.0,2.125,1.875,1.125,1.4,1.2,2.3333333333333335,1.8571428571428572,2.0,1.0,1.7142857142857142,1.2857142857142858,0.4375,0.0625,-0.125,12.499095110389504,12.350887454376544,4.309096029067583,12.566620168383578,2.380252699882476,0.14820765601296204
laliga-2023-2023-12-17-almeria-v-mallorca,2023-12-17,2023,Almeria,Mallorca,0,0,1,0.5,0.0,539.6699329856458,7,8,999,0,1.0,0,999,0,1.0,0,0,0,0.0,1.0,4.0,3.0,8.0,0.2,0.25,1.0625,2.4375,0.6,1.6,0.375,0.125,1.25,2.25,0.875,2.625,0.0625,0.25,-0.04999999999999999,12.33493626402165,12.475447830770602,4.245588315049165,12.548505097991866,2.424159176649579,-0.14051156674895351,1.0,2.0,2.0,2.0,4.0,1.0,0.875,0.875,1.25,0.4,0.8,1.125,0.625,0.625,0.625,1.125,1.875,0.3125,0.4375,0.125,12.499095110389504,12.350887454376544,4.309096029067583,12.566620168383578,2.380252699882476,0.14820765601296204
laliga-2023-2023-12-17-real-sociedad-v-betis,2023-12-17,2023,Real Sociedad,Betis,0,0,1,0.42857142857142855,0.0,739.794439118782,8,8,999,0,1.0,0,999,0,1.0,0,0,0,3.0,1.0,1.0,9.0,4.0,2.0,1.8125,1.8125,1.125,1.8,0.8,2.125,1.5,2.125,1.25,1.5,1.0,0.3125,0.125,0.1875,12.33493626402165,12.475447830770602,4.245588315049165,12.548505097991866,2.424159176649579,-0.14051156674895351,2.0,3.0,0.0,5.0,2.0,1.8,1.625,1.1875,1.0625,1.0,0.4,2.25,1.0,1.375,0.375,1.0,1.75,0.375,0.1875,0.17500000000000004,12.499095110389504,12.350887454376544,4.309096029067583,12.566620168383578,2.380252699882476,0.14820765601296204
laliga-2023-2023-12-17-las-palmas-v-cadiz,2023-12-17,2023,Las Palmas,Cadiz,1,1,1,0.5,0.0,1272.2908116318133,8,7,999,0,1.0,0,999,0,1.0,0,0,0,3.0,1.0,1.0,6.0,3.0,2.0,1.5,0.875,0.8125,1.2,0.6,2.0,1.1111111111111112,1.1428571428571428,0.5714285714285714,0.6666666666666666,1.0,0.25,0.4375,0.5,12.33493626402165,12.475447830770602,4.245588315049165,12.548505097991866,2.424159176649579,-0.14051156674895351,0.0,3.0,2.0,3.0,7.0,0.6,0.8125,0.8125,1.4375,0.6,1.4,1.25,0.375,1.0,1.125,0.625,1.75,0.125,0.4375,-0.21250000000000002,12.499095110389504,12.350887454376544,4.309096029067583,12.566620168383578,2.380252699882476,0.14820765601296204
laliga-2023-2023-12-17-real-madrid-v-villarreal,2023-12-17,2023,Real Madrid,Villarreal,4,1,2,0.9166666666666666,0.0,309.67389331564664,8,8,999,0,1.0,0,999,0,1.0,0,0,0,3.0,2.0,0.0,11.0,2.0,2.2,2.4375,2.125,0.625,2.2,0.4,2.7142857142857144,2.2222222222222223,2.4285714285714284,0.42857142857142855,1.8888888888888888,0.7777777777777778,0.5,0.0625,-0.23749999999999982,12.33493626402165,12.475447830770602,4.245588315049165,12.548505097991866,2.424159176649579,-0.14051156674895351,1.0,1.0,3.0,7.0,11.0,0.8,1.0,1.375,1.8125,1.4,2.2,0.7777777777777778,1.2857142857142858,1.5555555555555556,2.111111111111111,1.1428571428571428,1.4285714285714286,0.125,0.125,-0.19999999999999996,12.499095110389504,12.350887454376544,4.309096029067583,12.566620168383578,2.380252699882476,0.14820765601296204
laliga-2023-2023-12-18-girona-v-alaves,2023-12-18,2023,Girona,Alaves,3,0,2,0.6666666666666666,0.0,461.4731302841583,8,9,999,0,1.0,0,999,0,1.0,0,0,0,4.0,1.0,0.0,13.0,7.0,2.6,2.5625,2.375,1.25,2.6,1.4,2.375,2.75,2.25,1.25,2.5,1.25,0.25,0.0625,0.03750000000000009,12.33493626402165,12.475447830770602,4.245588315049165,12.548505097991866,2.424159176649579,-0.14051156674895351,2.0,1.0,2.0,5.0,4.0,1.4,1.0,0.875,1.25,1.0,0.8,1.625,0.375,1.25,1.25,0.5,1.25,0.1875,0.4375,0.3999999999999999,12.499095110389504,12.350887454376544,4.309096029067583,12.566620168383578,2.380252699882476,0.14820765601296204
laliga-2023-2023-12-19-rayo-vallecano-v-valencia,2023-12-19,2023,Rayo Vallecano,Valencia,0,1,0,0.5,0.0,297.8524711943385,4,3,999,0,1.0,0,999,0,1.0,0,0,0,0.0,2.0,3.0,2.0,8.0,0.4,1.1764705882352942,0.9411764705882353,1.3529411764705883,0.4,1.6,1.0,1.3333333333333333,1.125,1.875,0.7777777777777778,0.8888888888888888,0.4117647058823529,0.4117647058823529,-0.7764705882352941,12.33493626402165,12.475447830770602,4.245588315049165,12.548505097991866,2.424159176649579,-0.14051156674895351,0.0,2.0,3.0,3.0,9.0,0.4,1.1764705882352942,1.0588235294117647,1.2941176470588236,0.6,1.8,1.75,0.6666666666666666,1.125,0.5,1.0,2.0,0.29411764705882354,0.29411764705882354,-0.7764705882352941,12.499095110389504,12.350887454376544,4.309096029067583,12.566620168383578,2.380252699882476,0.14820765601296204
laliga-2023-2023-12-19-ath-madrid-v-getafe,2023-12-19,2023,Ath Madrid,Getafe,3,3,1,0.75,0.0,17.339624482251377,3,3,999,0,1.0,0,999,0,1.0,0,0,0,3.0,0.0,2.0,6.0,5.0,1.8,2.125,2.0,1.0,1.2,1.0,3.0,1.25,2.375,1.0,1.625,1.0,0.3125,0.25,-0.32499999999999996,12.33493626402165,12.475447830770602,4.245588315049165,12.548505097991866,2.424159176649579,-0.14051156674895351,3.0,1.0,1.0,7.0,4.0,2.0,1.4705882352941178,1.2352941176470589,1.1764705882352942,1.4,0.8,2.25,0.7777777777777778,1.125,0.5,1.3333333333333333,1.7777777777777777,0.4117647058823529,0.29411764705882354,0.5294117647058822,12.499095110389504,12.350887454376544,4.309096029067583,12.566620168383578,2.380252699882476,0.14820765601296204
laliga-2023-2023-12-19-granada-v-sevilla,2023-12-19,2023,Granada,Sevilla,0,3,0,0.0,0.0,211.42802169317443,3,3,999,0,1.0,0,999,0,1.0,0,0,0,0.0,2.0,3.0,3.0,8.0,0.4,0.47058823529411764,1.1764705882352942,2.176470588235294,0.6,1.6,0.875,0.1111111111111111,1.5,2.0,0.8888888888888888,2.3333333333333335,0.0,0.35294117647058826,-0.07058823529411762,12.33493626402165,12.475447830770602,4.245588315049165,12.548505097991866,2.424159176649579,-0.14051156674895351,0.0,2.0,3.0,3.0,8.0,0.4,0.8125,1.25,1.5,0.6,1.6,1.1111111111111112,0.42857142857142855,1.4444444444444444,1.4444444444444444,1.0,1.5714285714285714,0.125,0.25,-0.4125,12.499095110389504,12.350887454376544,4.309096029067583,12.566620168383578,2.380252699882476,0.14820765601296204
laliga-2023-2023-12-20-villarreal-v-celta,2023-12-20,2023,Villarreal,Celta,3,2,2,0.5833333333333334,0.0,766.1990508700139,3,4,999,0,1.0,0,999,0,1.0,0,0,0,1.0,1.0,3.0,6.0,12.0,0.8,0.9411764705882353,1.3529411764705883,1.9411764705882353,1.2,2.4,0.7777777777777778,1.125,1.5555555555555556,2.111111111111111,1.125,1.75,0.11764705882352941,0.11764705882352941,-0.14117647058823524,12.33493626402165,12.475447830770602,4.245588315049165,12.548505097991866,2.424159176649579,-0.14051156674895351,1.0,3.0,1.0,5.0,5.0,1.2,0.7647058823529411,0.9411764705882353,1.4705882352941178,1.0,1.0,0.7777777777777778,0.75,0.6666666666666666,1.3333333333333333,1.25,1.625,0.17647058823529413,0.4117647058823529,0.43529411764705883,12.499095110389504,12.350887454376544,4.309096029067583,12.566620168383578,2.380252699882476,0.14820765601296204
laliga-2023-2023-12-20-barcelona-v-almeria,2023-12-20,2023,Barcelona,Almeria,3,2,2,1.0,0.0,641.7806556296724,4,3,999,0,1.0,0,999,0,1.0,0,0,0,2.0,2.0,1.0,7.0,7.0,1.6,2.0588235294117645,1.8235294117647058,1.1176470588235294,1.4,1.4,2.3333333333333335,1.75,2.0,1.0,1.625,1.25,0.4117647058823529,0.058823529411764705,-0.4588235294117644,12.33493626402165,12.475447830770602,4.245588315049165,12.548505097991866,2.424159176649579,-0.14051156674895351,0.0,2.0,3.0,3.0,7.0,0.4,0.29411764705882354,1.0,2.2941176470588234,0.6,1.4,0.4444444444444444,0.125,1.1111111111111112,2.0,0.875,2.625,0.11764705882352941,0.29411764705882354,0.10588235294117648,12.499095110389504,12.350887454376544,4.309096029067583,12.566620168383578,2.380252699882476,0.14820765601296204
laliga-2023-2023-12-20-ath-bilbao-v-las-palmas,2023-12-20,2023,Ath Bilbao,Las Palmas,1,0,2,1.0,0.0,2024.3095310857846,4,3,999,0,1.0,0,999,0,1.0,0,0,0,3.0,2.0,0.0,12.0,5.0,2.2,1.8823529411764706,1.9411764705882353,1.1176470588235294,2.4,1.0,2.2222222222222223,1.5,2.6666666666666665,1.2222222222222223,1.125,1.0,0.4117647058823529,0.23529411764705882,0.3176470588235296,12.33493626402165,12.475447830770602,4.245588315049165,12.548505097991866,2.424159176649579,-0.14051156674895351,2.0,2.0,1.0,5.0,3.0,1.6,1.4705882352941178,0.8823529411764706,0.8235294117647058,1.0,0.6,1.875,1.1111111111111112,1.125,0.625,0.6666666666666666,1.0,0.23529411764705882,0.4117647058823529,0.12941176470588234,12.499095110389504,12.350887454376544,4.309096029067583,12.566620168383578,2.380252699882476,0.14820765601296204
laliga-2023-2023-12-21-betis-v-girona,2023-12-21,2023,Betis,Girona,1,1,1,0.5833333333333334,0.0,908.8557335333999,4,3,999,0,1.0,0,999,0,1.0,0,0,0,1.0,4.0,0.0,3.0,2.0,1.4,1.588235294117647,1.1176470588235294,1.0,0.6,0.4,2.25,1.0,1.375,0.375,0.8888888888888888,1.5555555555555556,0.4117647058823529,0.23529411764705882,-0.18823529411764706,12.33493626402165,12.475447830770602,4.245588315049165,12.548505097991866,2.424159176649579,-0.14051156674895351,4.0,1.0,0.0,12.0,5.0,2.6,2.588235294117647,2.411764705882353,1.1764705882352942,2.4,1.0,2.4444444444444446,2.75,2.3333333333333335,1.1111111111111112,2.5,1.25,0.29411764705882354,0.058823529411764705,0.0117647058823529,12.499095110389504,12.350887454376544,4.309096029067583,12.566620168383578,2.380252699882476,0.14820765601296204
laliga-2023-2023-12-21-cadiz-v-real-sociedad,2023-12-21,2023,Cadiz,Real Sociedad,0,0,1,0.25,0.0,837.3731351640757,4,4,999,0,1.0,0,999,0,1.0,0,0,0,0.0,4.0,1.0,4.0,7.0,0.8,0.8235294117647058,0.8235294117647058,1.411764705882353,0.8,1.4,1.25,0.4444444444444444,1.0,1.125,0.6666666666666666,1.6666666666666667,0.11764705882352941,0.4117647058823529,-0.0235294117647058,12.33493626402165,12.475447830770602,4.245588315049165,12.548505097991866,2.424159176649579,-0.14051156674895351,3.0,2.0,0.0,9.0,3.0,2.2,1.7647058823529411,1.7058823529411764,1.0588235294117647,1.8,0.6,2.0,1.5,1.8888888888888888,1.1111111111111112,1.5,1.0,0.35294117647058826,0.17647058823529413,0.43529411764705905,12.499095110389504,12.350887454376544,4.309096029067583,12.566620168383578,2.380252699882476,0.14820765601296204
laliga-2023-2023-12-21-alaves-v-real-madrid,2023-12-21,2023,Alaves,Real Madrid,0,1,0,0.0,0.0,279.18330629488213,3,4,999,0,1.0,0,999,0,1.0,0,0,0,1.0,1.0,3.0,4.0,7.0,0.8,0.9411764705882353,0.8235294117647058,1.3529411764705883,0.8,1.4,1.625,0.3333333333333333,1.25,1.25,0.4444444444444444,1.4444444444444444,0.17647058823529413,0.47058823529411764,-0.14117647058823524,12.33493626402165,12.475447830770602,4.245588315049165,12.548505097991866,2.424159176649579,-0.14051156674895351,4.0,1.0,0.0,15.0,3.0,2.6,2.4705882352941178,2.235294117647059,0.6470588235294118,3.0,0.6,2.75,2.2222222222222223,2.625,0.5,1.8888888888888888,0.7777777777777778,0.47058823529411764,0.058823529411764705,0.12941176470588234,12.499095110389504,12.350887454376544,4.309096029067583,12.566620168383578,2.380252699882476,0.14820765601296204
laliga-2023-2023-12-21-mallorca-v-osasuna,2023-12-21,2023,Mallorca,Osasuna,3,2,2,0.5,0.0,504.4820765819288,4,6,999,0,1.0,0,999,0,1.0,0,0,0,1.0,3.0,1.0,2.0,2.0,1.2,0.8823529411764706,0.8235294117647058,1.1764705882352942,0.4,0.4,1.125,0.6666666666666666,0.625,0.625,1.0,1.6666666666666667,0.35294117647058826,0.47058823529411764,0.3176470588235294,12.33493626402165,12.475447830770602,4.245588315049165,12.548505097991866,2.424159176649579,-0.14051156674895351,1.0,3.0,1.0,5.0,6.0,1.2,1.1176470588235294,1.1176470588235294,1.5294117647058822,1.0,1.2,1.0,1.25,0.8888888888888888,1.3333333333333333,1.375,1.75,0.29411764705882354,0.23529411764705882,0.08235294117647052,12.499095110389504,12.350887454376544,4.309096029067583,12.566620168383578,2.380252699882476,0.14820765601296204
laliga-2023-2023-12-23-ath-madrid-v-sevilla,2023-12-23,2023,Ath Madrid,Sevilla,1,0,2,0.7142857142857143,0.0,396.6545503244278,4,4,999,0,1.0,0,999,0,1.0,0,0,0,2.0,1.0,2.0,6.0,7.0,1.4,2.0588235294117645,2.0588235294117645,1.1176470588235294,1.2,1.4,2.7777777777777777,1.25,2.4444444444444446,1.2222222222222223,1.625,1.0,0.29411764705882354,0.23529411764705882,-0.6588235294117646,12.33493626402165,12.475447830770602,4.245588315049165,12.548505097991866,2.424159176649579,-0.14051156674895351,1.0,1.0,3.0,5.0,7.0,0.8,0.9411764705882353,1.3529411764705883,1.411764705882353,1.0,1.4,1.1111111111111112,0.75,1.4444444444444444,1.4444444444444444,1.25,1.375,0.17647058823529413,0.23529411764705882,-0.14117647058823524,12.499095110389504,12.350887454376544,4.309096029067583,12.566620168383578,2.380252699882476,0.14820765601296204
laliga-2023-2024-01-02-real-sociedad-v-alaves,2024-01-02,2023,Real Sociedad,Alaves,1,1,1,0.3333333333333333,0.0,76.09471311143147,12,12,999,0,1.0,0,999,0,1.0,0,0,0,2.0,3.0,0.0,6.0,2.0,1.8,1.7222222222222223,1.6111111111111112,1.0,1.2,0.4,2.0,1.4444444444444444,1.8888888888888888,1.1111111111111112,1.3333333333333333,0.8888888888888888,0.3888888888888889,0.2222222222222222,0.07777777777777772,12.33493626402165,12.475447830770602,4.245588315049165,12.548505097991866,2.424159176649579,-0.14051156674895351,1.0,1.0,3.0,3.0,6.0,0.8,0.8888888888888888,0.7777777777777778,1.3333333333333333,0.6,1.2,1.4444444444444444,0.3333333333333333,1.1111111111111112,1.2222222222222223,0.4444444444444444,1.4444444444444444,0.16666666666666666,0.5,-0.0888888888888888,12.499095110389504,12.350887454376544,4.309096029067583,12.566620168383578,2.380252699882476,0.14820765601296204
laliga-2023-2024-01-02-valencia-v-villarreal,2024-01-02,2023,Valencia,Villarreal,3,1,2,0.3333333333333333,0.0,57.10537617130791,14,13,999,0,1.0,0,999,0,1.0,0,0,0,1.0,2.0,2.0,3.0,4.0,1.0,1.2777777777777777,1.0555555555555556,1.2222222222222223,0.6,0.8,1.75,0.9,1.125,0.5,1.0,1.8,0.3333333333333333,0.2777777777777778,-0.2777777777777777,12.33493626402165,12.475447830770602,4.245588315049165,12.548505097991866,2.424159176649579,-0.14051156674895351,2.0,1.0,2.0,8.0,11.0,1.4,1.0555555555555556,1.4444444444444444,1.9444444444444444,1.6,2.2,1.0,1.125,1.7,2.1,1.125,1.75,0.1111111111111111,0.1111111111111111,0.34444444444444433,12.499095110389504,12.350887454376544,4.309096029067583,12.566620168383578,2.380252699882476,0.14820765601296204
laliga-2023-2024-01-02-getafe-v-rayo-vallecano,2024-01-02,2023,Getafe,Rayo Vallecano,0,2,0,0.25,0.0,10.377781893936726,14,14,999,0,1.0,0,999,0,1.0,0,0,0,3.0,1.0,1.0,9.0,6.0,2.0,1.4444444444444444,1.3333333333333333,1.2777777777777777,1.8,1.2,2.25,0.8,1.125,0.5,1.5,1.9,0.3888888888888889,0.2777777777777778,0.5555555555555556,12.33493626402165,12.475447830770602,4.245588315049165,12.548505097991866,2.424159176649579,-0.14051156674895351,0.0,2.0,3.0,1.0,7.0,0.4,1.1111111111111112,0.8888888888888888,1.3333333333333333,0.2,1.4,0.8888888888888888,1.3333333333333333,1.0,1.7777777777777777,0.7777777777777778,0.8888888888888888,0.3888888888888889,0.4444444444444444,-0.7111111111111111,12.499095110389504,12.350887454376544,4.309096029067583,12.566620168383578,2.380252699882476,0.14820765601296204
laliga-2023-2024-01-03-granada-v-cadiz,2024-01-03,2023,Granada,Cadiz,2,0,2,0.5,0.0,248.5224673233667,15,13,999,0,1.0,0,999,0,1.0,0,0,0,0.0,1.0,4.0,2.0,10.0,0.2,0.4444444444444444,1.1111111111111112,2.2222222222222223,0.4,2.0,0.7777777777777778,0.1111111111111111,1.3333333333333333,2.111111111111111,0.8888888888888888,2.3333333333333335,0.0,0.3888888888888889,-0.2444444444444444,12.33493626402165,12.475447830770602,4.245588315049165,12.548505097991866,2.424159176649579,-0.14051156674895351,0.0,5.0,0.0,4.0,4.0,1.0,0.8333333333333334,0.7777777777777778,1.3333333333333333,0.8,0.8,1.2222222222222223,0.4444444444444444,0.8888888888888888,1.0,0.6666666666666666,1.6666666666666667,0.16666666666666666,0.4444444444444444,0.16666666666666663,12.499095110389504,12.350887454376544,4.309096029067583,12.566620168383578,2.380252699882476,0.14820765601296204
laliga-2023-2024-01-03-celta-v-betis,2024-01-03,2023,Celta,Betis,2,1,2,0.5833333333333334,0.0,586.5673239379203,14,13,999,0,1.0,0,999,0,1.0,0,0,0,1.0,3.0,1.0,4.0,4.0,1.2,0.7222222222222222,1.0,1.5555555555555556,0.8,0.8,0.7777777777777778,0.6666666666666666,0.6666666666666666,1.3333333333333333,1.3333333333333333,1.7777777777777777,0.16666666666666666,0.3888888888888889,0.47777777777777775,12.33493626402165,12.475447830770602,4.245588315049165,12.548505097991866,2.424159176649579,-0.14051156674895351,1.0,4.0,0.0,3.0,2.0,1.4,1.5555555555555556,1.1111111111111112,1.0,0.6,0.4,2.111111111111111,1.0,1.3333333333333333,0.4444444444444444,0.8888888888888888,1.5555555555555556,0.3888888888888889,0.2222222222222222,-0.15555555555555567,12.499095110389504,12.350887454376544,4.309096029067583,12.566620168383578,2.380252699882476,0.14820765601296204
laliga-2023-2024-01-03-real-madrid-v-mallorca,2024-01-03,2023,Real Madrid,Mallorca,1,0,2,0.75,0.0,546.3638613496987,13,13,999,0,1.0,0,999,0,1.0,0,0,0,4.0,1.0,0.0,11.0,2.0,2.6,2.5,2.1666666666666665,0.6111111111111112,2.2,0.4,2.75,2.3,2.625,0.5,1.8,0.7,0.5,0.05555555555555555,0.10000000000000009,12.33493626402165,12.475447830770602,4.245588315049165,12.548505097991866,2.424159176649579,-0.14051156674895351,2.0,3.0,0.0,5.0,3.0,1.8,1.0,0.9444444444444444,1.2222222222222223,1.0,0.6,1.3333333333333333,0.6666666666666666,0.8888888888888888,0.7777777777777778,1.0,1.6666666666666667,0.3333333333333333,0.4444444444444444,0.8,12.499095110389504,12.350887454376544,4.309096029067583,12.566620168383578,2.380252699882476,0.14820765601296204
laliga-2023-2024-01-03-girona-v-ath-madrid,2024-01-03,2023,Girona,Ath Madrid,4,3,2,0.16666666666666666,0.0,563.7604753188742,13,11,999,0,1.0,0,999,0,1.0,0,0,0,3.0,2.0,0.0,11.0,5.0,2.2,2.5,2.3333333333333335,1.1666666666666667,2.2,1.0,2.4444444444444446,2.5555555555555554,2.3333333333333335,1.1111111111111112,2.3333333333333335,1.2222222222222223,0.2777777777777778,0.05555555555555555,-0.2999999999999998,12.33493626402165,12.475447830770602,4.245588315049165,12.548505097991866,2.424159176649579,-0.14051156674895351,2.0,1.0,2.0,6.0,7.0,1.4,2.111111111111111,2.0,1.0555555555555556,1.2,1.4,2.8,1.25,2.3,1.1,1.625,1.0,0.3333333333333333,0.2222222222222222,-0.7111111111111112,12.499095110389504,12.350887454376544,4.309096029067583,12.566620168383578,2.380252699882476,0.14820765601296204
laliga-2023-2024-01-04-osasuna-v-almeria,2024-01-04,2023,Osasuna,Almeria,1,0,2,1.0,0.0,666.2163935059767,14,15,999,0,1.0,0,999,0,1.0,0,0,0,1.0,2.0,2.0,6.0,8.0,1.0,1.0555555555555556,1.1666666666666667,1.6111111111111112,1.2,1.6,1.0,1.1111111111111112,0.8888888888888888,1.3333333333333333,1.4444444444444444,1.8888888888888888,0.2777777777777778,0.2222222222222222,-0.05555555555555558,12.33493626402165,12.475447830770602,4.245588315049165,12.548505097991866,2.424159176649579,-0.14051156674895351,0.0,2.0,3.0,4.0,7.0,0.4,0.2777777777777778,1.0555555555555556,2.3333333333333335,0.8,1.4,0.4444444444444444,0.1111111111111111,1.1111111111111112,2.0,1.0,2.6666666666666665,0.1111111111111111,0.2777777777777778,0.12222222222222223,12.499095110389504,12.350887454376544,4.309096029067583,12.566620168383578,2.380252699882476,0.14820765601296204
laliga-2023-2024-01-04-sevilla-v-ath-bilbao,2024-01-04,2023,Sevilla,Ath Bilbao,0,2,0,0.35714285714285715,0.0,702.0918503555403,12,15,999,0,1.0,0,999,0,1.0,0,0,0,1.0,1.0,3.0,4.0,6.0,0.8,0.8888888888888888,1.2777777777777777,1.3888888888888888,0.8,1.2,1.1111111111111112,0.6666666666666666,1.4444444444444444,1.4444444444444444,1.1111111111111112,1.3333333333333333,0.16666666666666666,0.2777777777777778,-0.0888888888888888,12.33493626402165,12.475447830770602,4.245588315049165,12.548505097991866,2.424159176649579,-0.14051156674895351,3.0,2.0,0.0,9.0,2.0,2.2,1.9444444444444444,1.8888888888888888,1.0555555555555556,1.8,0.4,2.3,1.5,2.5,1.1,1.125,1.0,0.4444444444444444,0.2222222222222222,0.25555555555555576,12.499095110389504,12.350887454376544,4.309096029067583,12.566620168383578,2.380252699882476,0.14820765601296204
laliga-2023-2024-01-04-las-palmas-v-barcelona,2024-01-04,2023,Las Palmas,Barcelona,1,2,0,0.25,0.0,2174.1902239797873,15,15,999,0,1.0,0,999,0,1.0,0,0,0,2.0,1.0,2.0,4.0,3.0,1.4,1.3888888888888888,0.8333333333333334,0.8333333333333334,0.8,0.6,1.875,1.0,1.125,0.625,0.6,1.0,0.2222222222222222,0.4444444444444444,0.011111111111111072,12.33493626402165,12.475447830770602,4.245588315049165,12.548505097991866,2.424159176649579,-0.14051156674895351,2.0,2.0,1.0,8.0,8.0,1.6,2.111111111111111,1.8888888888888888,1.1666666666666667,1.6,1.6,2.4,1.75,2.1,1.1,1.625,1.25,0.3888888888888889,0.05555555555555555,-0.5111111111111111,12.499095110389504,12.350887454376544,4.309096029067583,12.566620168383578,2.380252699882476,0.14820765601296204
laliga-2023-2024-01-12-sevilla-v-alaves,2024-01-12,2023,Sevilla,Alaves,2,3,0,0.3333333333333333,0.0,668.854131899639,8,10,999,0,1.0,0,999,0,1.0,0,0,0,1.0,0.0,4.0,3.0,7.0,0.6,0.8421052631578947,1.2105263157894737,1.4210526315789473,0.6,1.4,1.0,0.6666666666666666,1.3,1.5,1.1111111111111112,1.3333333333333333,0.15789473684210525,0.3157894736842105,-0.2421052631578947,12.33493626402165,12.475447830770602,4.245588315049165,12.548505097991866,2.424159176649579,-0.14051156674895351,0.0,2.0,3.0,1.0,6.0,0.4,0.8947368421052632,0.7894736842105263,1.3157894736842106,0.2,1.2,1.4444444444444444,0.4,1.1111111111111112,1.2222222222222223,0.5,1.4,0.15789473684210525,0.47368421052631576,-0.49473684210526314,12.499095110389504,12.350887454376544,4.309096029067583,12.566620168383578,2.380252699882476,0.14820765601296204
laliga-2023-2024-01-13-las-palmas-v-villarreal,2024-01-13,2023,Las Palmas,Villarreal,3,0,2,0.5,0.0,1927.5048195932598,9,11,999,0,1.0,0,999,0,1.0,0,0,0,2.0,1.0,2.0,5.0,4.0,1.4,1.3157894736842106,0.8421052631578947,0.8947368421052632,1.0,0.8,1.6666666666666667,1.0,1.1111111111111112,0.7777777777777778,0.6,1.0,0.21052631578947367,0.42105263157894735,0.08421052631578929,12.33493626402165,12.475447830770602,4.245588315049165,12.548505097991866,2.424159176649579,-0.14051156674895351,1.0,1.0,3.0,6.0,13.0,0.8,1.0,1.4210526315789473,2.0,1.2,2.6,1.0,1.0,1.7,2.1,1.1111111111111112,1.8888888888888888,0.10526315789473684,0.10526315789473684,-0.19999999999999996,12.499095110389504,12.350887454376544,4.309096029067583,12.566620168383578,2.380252699882476,0.14820765601296204
laliga-2023-2024-01-13-mallorca-v-celta,2024-01-13,2023,Mallorca,Celta,1,1,1,0.3333333333333333,0.0,998.183816272766,10,10,999,0,1.0,0,999,0,1.0,0,0,0,2.0,2.0,1.0,4.0,3.0,1.6,0.9473684210526315,0.8947368421052632,1.2105263157894737,0.8,0.6,1.3333333333333333,0.6,0.8888888888888888,0.7777777777777778,0.9,1.6,0.3157894736842105,0.47368421052631576,0.6526315789473686,12.33493626402165,12.475447830770602,4.245588315049165,12.548505097991866,2.424159176649579,-0.14051156674895351,2.0,2.0,1.0,6.0,5.0,1.6,0.8421052631578947,1.0526315789473684,1.5263157894736843,1.2,1.0,1.0,0.6666666666666666,0.8,1.3,1.3333333333333333,1.7777777777777777,0.15789473684210525,0.3684210526315789,0.7578947368421054,12.499095110389504,12.350887454376544,4.309096029067583,12.566620168383578,2.380252699882476,0.14820765601296204
laliga-2023-2024-01-13-ath-bilbao-v-real-sociedad,2024-01-13,2023,Ath Bilbao,Real Sociedad,2,1,2,0.5,0.0,79.03093796419422,9,11,999,0,1.0,0,999,0,1.0,0,0,0,4.0,1.0,0.0,10.0,1.0,2.6,2.0,1.894736842105263,1.0,2.0,0.2,2.3,1.6666666666666667,2.5,1.1,1.2222222222222223,0.8888888888888888,0.47368421052631576,0.21052631578947367,0.6000000000000001,12.33493626402165,12.475447830770602,4.245588315049165,12.548505097991866,2.424159176649579,-0.14051156674895351,1.0,4.0,0.0,5.0,2.0,1.4,1.6842105263157894,1.5789473684210527,1.0,1.0,0.4,1.9,1.4444444444444444,1.8,1.1,1.3333333333333333,0.8888888888888888,0.3684210526315789,0.21052631578947367,-0.28421052631578947,12.499095110389504,12.350887454376544,4.309096029067583,12.566620168383578,2.380252699882476,0.14820765601296204
laliga-2023-2024-01-13-betis-v-granada,2024-01-13,2023,Betis,Granada,1,0,2,0.75,0.0,211.42802169317443,10,10,999,0,1.0,0,999,0,1.0,0,0,0,0.0,4.0,1.0,3.0,4.0,0.8,1.4736842105263157,1.105263157894737,1.0526315789473684,0.6,0.8,2.111111111111111,0.9,1.3333333333333333,0.4444444444444444,0.9,1.6,0.3684210526315789,0.21052631578947367,-0.6736842105263157,12.33493626402165,12.475447830770602,4.245588315049165,12.548505097991866,2.424159176649579,-0.14051156674895351,1.0,1.0,3.0,3.0,7.0,0.8,0.5789473684210527,1.1578947368421053,2.1052631578947367,0.6,1.4,1.0,0.1111111111111111,1.4,1.9,0.8888888888888888,2.3333333333333335,0.05263157894736842,0.3684210526315789,0.2210526315789474,12.499095110389504,12.350887454376544,4.309096029067583,12.566620168383578,2.380252699882476,0.14820765601296204
laliga-2023-2024-01-14-almeria-v-girona,2024-01-14,2023,Almeria,Girona,0,0,1,0.25,0.0,729.5658466464716,10,11,999,0,1.0,0,999,0,1.0,0,0,0,0.0,2.0,3.0,3.0,6.0,0.4,0.2631578947368421,1.0,2.263157894736842,0.6,1.2,0.4444444444444444,0.1,1.1111111111111112,2.0,0.9,2.5,0.10526315789473684,0.3157894736842105,0.13684210526315793,12.33493626402165,12.475447830770602,4.245588315049165,12.548505097991866,2.424159176649579,-0.14051156674895351,4.0,1.0,0.0,14.0,7.0,2.6,2.526315789473684,2.4210526315789473,1.263157894736842,2.8,1.4,2.5,2.5555555555555554,2.5,1.3,2.3333333333333335,1.2222222222222223,0.2631578947368421,0.05263157894736842,0.07368421052631602,12.499095110389504,12.350887454376544,4.309096029067583,12.566620168383578,2.380252699882476,0.14820765601296204
laliga-2023-2024-01-14-cadiz-v-valencia,2024-01-14,2023,Cadiz,Valencia,1,4,0,0.0,0.0,611.9489796481616,11,12,999,0,1.0,0,999,0,1.0,0,0,0,0.0,4.0,1.0,3.0,5.0,0.8,0.7894736842105263,0.7368421052631579,1.368421052631579,0.6,1.0,1.2222222222222223,0.4,0.8888888888888888,1.0,0.6,1.7,0.15789473684210525,0.47368421052631576,0.010526315789473717,12.33493626402165,12.475447830770602,4.245588315049165,12.548505097991866,2.424159176649579,-0.14051156674895351,2.0,1.0,2.0,6.0,5.0,1.4,1.368421052631579,1.1578947368421053,1.2105263157894737,1.2,1.0,1.8888888888888888,0.9,1.3333333333333333,0.5555555555555556,1.0,1.8,0.3157894736842105,0.2631578947368421,0.03157894736842093,12.499095110389504,12.350887454376544,4.309096029067583,12.566620168383578,2.380252699882476,0.14820765601296204
laliga-2023-2024-01-19-alaves-v-cadiz,2024-01-19,2023,Alaves,Cadiz,1,0,2,0.5,0.0,766.9662012037677,7,5,999,0,1.0,0,999,0,1.0,0,0,0,1.0,1.0,3.0,4.0,8.0,0.8,1.0,0.9,1.35,0.8,1.6,1.4444444444444444,0.6363636363636364,1.1111111111111112,1.2222222222222223,0.7272727272727273,1.4545454545454546,0.15,0.45,-0.19999999999999996,12.33493626402165,12.475447830770602,4.245588315049165,12.548505097991866,2.424159176649579,-0.14051156674895351,0.0,3.0,2.0,3.0,8.0,0.6,0.75,0.75,1.5,0.6,1.6,1.1,0.4,0.9,1.3,0.6,1.7,0.15,0.45,-0.15000000000000002,12.499095110389504,12.350887454376544,4.309096029067583,12.566620168383578,2.380252699882476,0.14820765601296204
laliga-2023-2024-01-20-rayo-vallecano-v-las-palmas,2024-01-20,2023,Rayo Vallecano,Las Palmas,0,2,0,0.5,0.0,1741.0431009862502,18,7,999,0,1.0,0,999,0,1.0,0,0,0,1.0,1.0,3.0,2.0,6.0,0.8,1.2105263157894737,0.9473684210526315,1.263157894736842,0.4,1.2,0.8888888888888888,1.5,1.0,1.7777777777777777,0.9,0.8,0.42105263157894735,0.42105263157894735,-0.41052631578947363,12.33493626402165,12.475447830770602,4.245588315049165,12.548505097991866,2.424159176649579,-0.14051156674895351,2.0,1.0,2.0,6.0,4.0,1.4,1.4,0.95,0.85,1.2,0.8,1.8,1.0,1.3,0.7,0.6,1.0,0.25,0.4,0.0,12.499095110389504,12.350887454376544,4.309096029067583,12.566620168383578,2.380252699882476,0.14820765601296204
laliga-2023-2024-01-20-villarreal-v-mallorca,2024-01-20,2023,Villarreal,Mallorca,1,1,1,0.8333333333333334,0.0,236.873397912926,7,7,999,0,1.0,0,999,0,1.0,0,0,0,1.0,0.0,4.0,5.0,15.0,0.6,0.95,1.35,2.05,1.0,3.0,1.0,0.9,1.7,2.1,1.0,2.0,0.1,0.15,-0.35,12.33493626402165,12.475447830770602,4.245588315049165,12.548505097991866,2.424159176649579,-0.14051156674895351,2.0,2.0,1.0,5.0,4.0,1.6,0.95,0.9,1.2,1.0,0.8,1.3,0.6,0.9,0.8,0.9,1.6,0.3,0.45,0.6500000000000001,12.499095110389504,12.350887454376544,4.309096029067583,12.566620168383578,2.380252699882476,0.14820765601296204
laliga-2023-2024-01-20-valencia-v-ath-bilbao,2024-01-20,2023,Valencia,Ath Bilbao,1,0,2,0.5833333333333334,0.0,472.84856035847474,6,7,999,0,1.0,0,999,0,1.0,0,0,0,3.0,1.0,1.0,9.0,4.0,2.0,1.45,1.3,1.2,1.8,0.8,1.8888888888888888,1.0909090909090908,1.3333333333333333,0.5555555555555556,1.2727272727272727,1.7272727272727273,0.3,0.25,0.55,12.33493626402165,12.475447830770602,4.245588315049165,12.548505097991866,2.424159176649579,-0.14051156674895351,4.0,1.0,0.0,8.0,2.0,2.6,2.05,1.9,1.0,1.6,0.4,2.3636363636363638,1.6666666666666667,2.4545454545454546,1.0909090909090908,1.2222222222222223,0.8888888888888888,0.45,0.2,0.5500000000000003,12.499095110389504,12.350887454376544,4.309096029067583,12.566620168383578,2.380252699882476,0.14820765601296204
laliga-2023-2024-01-20-celta-v-real-sociedad,2024-01-20,2023,Celta,Real Sociedad,0,1,0,0.5,0.0,565.3485968116221,7,7,999,0,1.0,0,999,0,1.0,0,0,0,2.0,2.0,1.0,6.0,5.0,1.6,0.85,1.05,1.5,1.2,1.0,1.0,0.7,0.8,1.3,1.3,1.7,0.15,0.35,0.7500000000000001,12.33493626402165,12.475447830770602,4.245588315049165,12.548505097991866,2.424159176649579,-0.14051156674895351,1.0,3.0,1.0,5.0,3.0,1.2,1.6,1.55,1.05,1.0,0.6,1.9,1.3,1.8,1.1,1.3,1.0,0.35,0.2,-0.40000000000000013,12.499095110389504,12.350887454376544,4.309096029067583,12.566620168383578,2.380252699882476,0.14820765601296204
laliga-2023-2024-01-21-girona-v-sevilla,2024-01-21,2023,Girona,Sevilla,5,1,2,0.5833333333333334,0.0,908.8557335333999,7,9,999,0,1.0,0,999,0,1.0,0,0,0,3.0,2.0,0.0,12.0,6.0,2.2,2.45,2.3,1.2,2.4,1.2,2.5,2.4,2.5,1.3,2.1,1.1,0.3,0.1,-0.25,12.33493626402165,12.475447830770602,4.245588315049165,12.548505097991866,2.424159176649579,-0.14051156674895351,1.0,0.0,4.0,5.0,9.0,0.6,0.8,1.25,1.5,1.0,1.8,0.9090909090909091,0.6666666666666666,1.3636363636363635,1.6363636363636365,1.1111111111111112,1.3333333333333333,0.15,0.3,-0.20000000000000007,12.499095110389504,12.350887454376544,4.309096029067583,12.566620168383578,2.380252699882476,0.14820765601296204
laliga-2023-2024-01-21-real-madrid-v-almeria,2024-01-21,2023,Real Madrid,Almeria,3,2,2,1.0,0.0,415.73302799403956,18,7,999,0,1.0,0,999,0,1.0,0,0,0,4.0,1.0,0.0,9.0,2.0,2.6,2.526315789473684,2.1052631578947367,0.5789473684210527,1.8,0.4,2.7777777777777777,2.3,2.4444444444444446,0.4444444444444444,1.8,0.7,0.5263157894736842,0.05263157894736842,0.07368421052631602,12.33493626402165,12.475447830770602,4.245588315049165,12.548505097991866,2.424159176649579,-0.14051156674895351,0.0,2.0,3.0,3.0,6.0,0.4,0.3,0.95,2.15,0.6,1.2,0.5,0.1,1.0,1.8,0.9,2.5,0.15,0.35,0.10000000000000003,12.499095110389504,12.350887454376544,4.309096029067583,12.566620168383578,2.380252699882476,0.14820765601296204
laliga-2023-2024-01-21-osasuna-v-getafe,2024-01-21,2023,Osasuna,Getafe,3,2,2,0.5,0.0,326.2701990448406,17,19,999,0,1.0,0,999,0,1.0,0,0,0,2.0,2.0,1.0,6.0,5.0,1.6,1.1578947368421053,1.1578947368421053,1.5263157894736843,1.2,1.0,1.2,1.1111111111111112,0.9,1.2,1.4444444444444444,1.8888888888888888,0.3157894736842105,0.21052631578947367,0.4421052631578948,12.33493626402165,12.475447830770602,4.245588315049165,12.548505097991866,2.424159176649579,-0.14051156674895351,2.0,1.0,2.0,7.0,7.0,1.4,1.368421052631579,1.263157894736842,1.3157894736842106,1.4,1.4,2.0,0.8,1.0,0.6666666666666666,1.5,1.9,0.3684210526315789,0.3157894736842105,0.03157894736842093,12.499095110389504,12.350887454376544,4.309096029067583,12.566620168383578,2.380252699882476,0.14820765601296204
laliga-2023-2024-01-21-betis-v-barcelona,2024-01-21,2023,Betis,Barcelona,2,4,0,0.16666666666666666,0.0,825.2788120519293,8,17,999,0,1.0,0,999,0,1.0,0,0,0,1.0,3.0,1.0,4.0,4.0,1.2,1.55,1.1,1.0,0.8,0.8,2.2,0.9,1.3,0.4,0.9,1.6,0.4,0.2,-0.3500000000000001,12.33493626402165,12.475447830770602,4.245588315049165,12.548505097991866,2.424159176649579,-0.14051156674895351,3.0,1.0,1.0,9.0,8.0,2.0,2.1578947368421053,1.894736842105263,1.1578947368421053,1.8,1.6,2.4,1.8888888888888888,2.1,1.1,1.6666666666666667,1.2222222222222223,0.3684210526315789,0.05263157894736842,-0.1578947368421053,12.499095110389504,12.350887454376544,4.309096029067583,12.566620168383578,2.380252699882476,0.14820765601296204
laliga-2023-2024-01-22-granada-v-ath-madrid,2024-01-22,2023,Granada,Ath Madrid,0,1,0,0.0,0.0,364.2745899873308,9,19,999,0,1.0,0,999,0,1.0,0,0,0,1.0,1.0,3.0,3.0,6.0,0.8,0.55,1.1,2.05,0.6,1.2,1.0,0.1,1.4,1.9,0.8,2.2,0.05,0.4,0.25,12.33493626402165,12.475447830770602,4.245588315049165,12.548505097991866,2.424159176649579,-0.14051156674895351,2.0,1.0,2.0,9.0,10.0,1.4,2.0,2.0526315789473686,1.2105263157894737,1.8,2.0,2.8,1.1111111111111112,2.3,1.1,1.7777777777777777,1.3333333333333333,0.3157894736842105,0.21052631578947367,-0.6000000000000001,12.499095110389504,12.350887454376544,4.309096029067583,12.566620168383578,2.380252699882476,0.14820765601296204
laliga-2023-2024-01-26-almeria-v-alaves,2024-01-26,2023,Almeria,Alaves,0,3,0,0.0,0.0,668.3081994647664,5,7,999,0,1.0,0,999,0,1.0,0,0,0,0.0,2.0,3.0,4.0,7.0,0.4,0.2857142857142857,1.0,2.1904761904761907,0.8,1.4,0.5,0.09090909090909091,1.0,1.8,1.0,2.5454545454545454,0.14285714285714285,0.3333333333333333,0.11428571428571432,12.33493626402165,12.475447830770602,4.245588315049165,12.548505097991866,2.424159176649579,-0.14051156674895351,2.0,1.0,2.0,5.0,7.0,1.4,1.0952380952380953,0.9047619047619048,1.2857142857142858,1.0,1.4,1.6,0.6363636363636364,1.1,1.1,0.7272727272727273,1.4545454545454546,0.19047619047619047,0.42857142857142855,0.30476190476190457,12.499095110389504,12.350887454376544,4.309096029067583,12.566620168383578,2.380252699882476,0.14820765601296204
laliga-2023-2024-01-27-real-sociedad-v-rayo-vallecano,2024-01-27,2023,Real Sociedad,Rayo Vallecano,0,0,1,0.3333333333333333,0.0,352.34262041755716,7,7,999,0,1.0,0,999,0,1.0,0,0,0,1.0,3.0,1.0,3.0,3.0,1.2,1.6666666666666667,1.5238095238095237,1.0,0.6,0.6,1.9,1.4545454545454546,1.8,1.1,1.2727272727272727,0.9090909090909091,0.38095238095238093,0.19047619047619047,-0.4666666666666668,12.33493626402165,12.475447830770602,4.245588315049165,12.548505097991866,2.424159176649579,-0.14051156674895351,1.0,1.0,3.0,2.0,4.0,0.8,1.15,0.9,1.3,0.4,0.8,0.8,1.5,0.9,1.8,0.9,0.8,0.4,0.45,-0.34999999999999987,12.499095110389504,12.350887454376544,4.309096029067583,12.566620168383578,2.380252699882476,0.14820765601296204
laliga-2023-2024-01-27-las-palmas-v-real-madrid,2024-01-27,2023,Las Palmas,Real Madrid,1,2,0,0.125,0.0,1744.4879586594413,7,6,999,0,1.0,0,999,0,1.0,0,0,0,2.0,1.0,2.0,7.0,4.0,1.4,1.4761904761904763,1.0,0.8095238095238095,1.4,0.8,1.8,1.1818181818181819,1.3,0.7,0.7272727272727273,0.9090909090909091,0.2857142857142857,0.38095238095238093,-0.07619047619047636,12.33493626402165,12.475447830770602,4.245588315049165,12.548505097991866,2.424159176649579,-0.14051156674895351,4.0,1.0,0.0,10.0,4.0,2.6,2.55,2.15,0.65,2.0,0.8,2.8,2.3,2.5,0.6,1.8,0.7,0.5,0.05,0.050000000000000266,12.499095110389504,12.350887454376544,4.309096029067583,12.566620168383578,2.380252699882476,0.14820765601296204
laliga-2023-2024-01-27-barcelona-v-villarreal,2024-01-27,2023,Barcelona,Villarreal,3,5,0,0.6666666666666666,0.0,246.9573901431134,6,7,999,0,1.0,0,999,0,1.0,0,0,0,3.0,1.0,1.0,12.0,10.0,2.0,2.2,2.0,1.2,2.4,2.0,2.4,2.0,2.1,1.1,1.9,1.3,0.35,0.05,-0.20000000000000018,12.33493626402165,12.475447830770602,4.245588315049165,12.548505097991866,2.424159176649579,-0.14051156674895351,1.0,1.0,3.0,6.0,13.0,0.8,0.9523809523809523,1.3333333333333333,2.0,1.2,2.6,1.0,0.9,1.6363636363636365,2.0,1.0,2.0,0.09523809523809523,0.14285714285714285,-0.15238095238095228,12.499095110389504,12.350887454376544,4.309096029067583,12.566620168383578,2.380252699882476,0.14820765601296204
laliga-2023-2024-01-27-mallorca-v-betis,2024-01-27,2023,Mallorca,Betis,0,1,0,0.16666666666666666,0.0,787.3887957067963,7,6,999,0,1.0,0,999,0,1.0,0,0,0,1.0,3.0,1.0,5.0,5.0,1.2,0.9523809523809523,0.9047619047619048,1.1904761904761905,1.0,1.0,1.3,0.6363636363636364,0.9,0.8,0.9090909090909091,1.5454545454545454,0.2857142857142857,0.42857142857142855,0.24761904761904763,12.33493626402165,12.475447830770602,4.245588315049165,12.548505097991866,2.424159176649579,-0.14051156674895351,1.0,2.0,2.0,5.0,7.0,1.0,1.4761904761904763,1.1428571428571428,1.1428571428571428,1.0,1.4,2.0,0.9,1.3636363636363635,0.7272727272727273,0.9,1.6,0.38095238095238093,0.19047619047619047,-0.4761904761904763,12.499095110389504,12.350887454376544,4.309096029067583,12.566620168383578,2.380252699882476,0.14820765601296204
laliga-2023-2024-01-28-celta-v-girona,2024-01-28,2023,Celta,Girona,0,1,0,0.4166666666666667,0.0,953.6815245381418,8,7,999,0,1.0,0,999,0,1.0,0,0,0,2.0,1.0,2.0,6.0,6.0,1.4,0.8095238095238095,1.0,1.4761904761904763,1.2,1.2,0.9090909090909091,0.7,0.7272727272727273,1.2727272727272727,1.3,1.7,0.14285714285714285,0.38095238095238093,0.5904761904761904,12.33493626402165,12.475447830770602,4.245588315049165,12.548505097991866,2.424159176649579,-0.14051156674895351,3.0,2.0,0.0,13.0,5.0,2.2,2.4761904761904763,2.4285714285714284,1.1904761904761905,2.6,1.0,2.5454545454545454,2.4,2.727272727272727,1.2727272727272727,2.1,1.1,0.2857142857142857,0.09523809523809523,-0.2761904761904761,12.499095110389504,12.350887454376544,4.309096029067583,12.566620168383578,2.380252699882476,0.14820765601296204
laliga-2023-2024-01-28-cadiz-v-ath-bilbao,2024-01-28,2023,Cadiz,Ath Bilbao,0,0,1,0.25,0.0,800.7217689470564,9,8,999,0,1.0,0,999,0,1.0,0,0,0,0.0,2.0,3.0,2.0,8.0,0.4,0.7142857142857143,0.7142857142857143,1.4761904761904763,0.4,1.6,1.1,0.36363636363636365,0.9,1.3,0.5454545454545454,1.6363636363636365,0.14285714285714285,0.47619047619047616,-0.3142857142857143,12.33493626402165,12.475447830770602,4.245588315049165,12.548505097991866,2.424159176649579,-0.14051156674895351,4.0,0.0,1.0,7.0,2.0,2.4,1.9523809523809523,1.8095238095238095,1.0,1.4,0.4,2.3636363636363638,1.5,2.4545454545454546,1.0909090909090908,1.1,0.9,0.42857142857142855,0.23809523809523808,0.4476190476190476,12.499095110389504,12.350887454376544,4.309096029067583,12.566620168383578,2.380252699882476,0.14820765601296204
laliga-2023-2024-01-28-sevilla-v-osasuna,2024-01-28,2023,Sevilla,Osasuna,1,1,1,0.4166666666666667,0.0,705.5950045460971,7,7,999,0,1.0,0,999,0,1.0,0,0,0,1.0,0.0,4.0,6.0,11.0,0.6,0.7619047619047619,1.2380952380952381,1.6666666666666667,1.2,2.2,0.9090909090909091,0.6,1.3636363636363635,1.6363636363636365,1.1,1.7,0.14285714285714285,0.2857142857142857,-0.16190476190476188,12.33493626402165,12.475447830770602,4.245588315049165,12.548505097991866,2.424159176649579,-0.14051156674895351,3.0,1.0,1.0,8.0,6.0,2.0,1.25,1.25,1.55,1.6,1.2,1.3636363636363635,1.1111111111111112,1.0909090909090908,1.2727272727272727,1.4444444444444444,1.8888888888888888,0.3,0.2,0.75,12.499095110389504,12.350887454376544,4.309096029067583,12.566620168383578,2.380252699882476,0.14820765601296204
laliga-2023-2024-01-28-ath-madrid-v-valencia,2024-01-28,2023,Ath Madrid,Valencia,2,0,2,0.8333333333333334,0.0,294.86048250440695,6,8,999,0,1.0,0,999,0,1.0,0,0,0,2.0,1.0,2.0,8.0,9.0,1.4,2.05,2.0,1.15,1.6,1.8,2.8,1.3,2.3,1.1,1.7,1.2,0.35,0.2,-0.6499999999999999,12.33493626402165,12.475447830770602,4.245588315049165,12.548505097991866,2.424159176649579,-0.14051156674895351,4.0,1.0,0.0,10.0,3.0,2.6,1.5238095238095237,1.2857142857142858,1.1428571428571428,2.0,0.6,2.0,1.0909090909090908,1.3,0.5,1.2727272727272727,1.7272727272727273,0.3333333333333333,0.23809523809523808,1.0761904761904764,12.499095110389504,12.350887454376544,4.309096029067583,12.566620168383578,2.380252699882476,0.14820765601296204
laliga-2023-2024-01-29-getafe-v-granada,2024-01-29,2023,Getafe,Granada,2,0,2,0.75,0.0,350.0749493308417,8,7,999,0,1.0,0,999,0,1.0,0,0,0,2.0,1.0,2.0,9.0,8.0,1.4,1.3,1.3,1.4,1.8,1.6,2.0,0.7272727272727273,1.0,0.6666666666666666,1.5454545454545454,2.0,0.35,0.3,0.09999999999999987,12.33493626402165,12.475447830770602,4.245588315049165,12.548505097991866,2.424159176649579,-0.14051156674895351,1.0,0.0,4.0,2.0,6.0,0.6,0.5238095238095238,1.0476190476190477,2.0,0.4,1.2,0.9090909090909091,0.1,1.2727272727272727,1.8181818181818181,0.8,2.2,0.047619047619047616,0.42857142857142855,0.07619047619047614,12.499095110389504,12.350887454376544,4.309096029067583,12.566620168383578,2.380252699882476,0.14820765601296204
laliga-2023-2024-01-31-barcelona-v-osasuna,2024-01-31,2023,Barcelona,Osasuna,1,0,2,0.8333333333333334,0.0,347.5726504119322,4,3,999,0,1.0,0,999,0,1.0,0,0,0,3.0,1.0,1.0,13.0,11.0,2.0,2.0952380952380953,2.0476190476190474,1.380952380952381,2.6,2.2,2.1818181818181817,2.0,2.1818181818181817,1.4545454545454546,1.9,1.3,0.3333333333333333,0.047619047619047616,-0.09523809523809534,12.33493626402165,12.475447830770602,4.245588315049165,12.548505097991866,2.424159176649579,-0.14051156674895351,3.0,1.0,1.0,8.0,6.0,2.0,1.2380952380952381,1.2380952380952381,1.5238095238095237,1.6,1.2,1.3636363636363635,1.1,1.0909090909090908,1.2727272727272727,1.4,1.8,0.2857142857142857,0.19047619047619047,0.7619047619047619,12.499095110389504,12.350887454376544,4.309096029067583,12.566620168383578,2.380252699882476,0.14820765601296204
laliga-2023-2024-01-31-ath-madrid-v-rayo-vallecano,2024-01-31,2023,Ath Madrid,Rayo Vallecano,2,1,2,0.75,0.0,7.149352263268357,3,4,999,0,1.0,0,999,0,1.0,0,0,0,3.0,1.0,1.0,10.0,7.0,2.0,2.0952380952380953,2.0,1.0952380952380953,2.0,1.4,2.8181818181818183,1.3,2.272727272727273,1.0,1.7,1.2,0.38095238095238093,0.19047619047619047,-0.09523809523809534,12.33493626402165,12.475447830770602,4.245588315049165,12.548505097991866,2.424159176649579,-0.14051156674895351,1.0,1.0,3.0,2.0,4.0,0.8,1.1428571428571428,0.8571428571428571,1.2380952380952381,0.4,0.8,0.8,1.4545454545454546,0.9,1.8,0.8181818181818182,0.7272727272727273,0.42857142857142855,0.47619047619047616,-0.34285714285714275,12.499095110389504,12.350887454376544,4.309096029067583,12.566620168383578,2.380252699882476,0.14820765601296204
laliga-2023-2024-02-01-getafe-v-real-madrid,2024-02-01,2023,Getafe,Real Madrid,0,2,0,0.16666666666666666,0.0,16.272976255040476,3,5,999,0,1.0,0,999,0,1.0,0,0,0,2.0,1.0,2.0,10.0,8.0,1.4,1.380952380952381,1.3333333333333333,1.3333333333333333,2.0,1.6,2.1,0.7272727272727273,1.1,0.6,1.5454545454545454,2.0,0.38095238095238093,0.2857142857142857,0.01904761904761898,12.33493626402165,12.475447830770602,4.245588315049165,12.548505097991866,2.424159176649579,-0.14051156674895351,5.0,0.0,0.0,11.0,4.0,3.0,2.5714285714285716,2.142857142857143,0.6666666666666666,2.2,0.8,2.8,2.3636363636363638,2.5,0.6,1.8181818181818181,0.7272727272727273,0.47619047619047616,0.047619047619047616,0.4285714285714284,12.499095110389504,12.350887454376544,4.309096029067583,12.566620168383578,2.380252699882476,0.14820765601296204
laliga-2023-2024-02-02-ath-bilbao-v-mallorca,2024-02-02,2023,Ath Bilbao,Mallorca,4,0,2,0.5833333333333334,0.0,618.8154377441957,5,6,999,0,1.0,0,999,0,1.0,0,0,0,3.0,1.0,1.0,5.0,2.0,2.0,1.9090909090909092,1.7272727272727273,0.9545454545454546,1.0,0.4,2.3636363636363638,1.4545454545454546,2.4545454545454546,1.0909090909090908,1.0,0.8181818181818182,0.45454545454545453,0.2727272727272727,0.09090909090909083,12.33493626402165,12.475447830770602,4.245588315049165,12.548505097991866,2.424159176649579,-0.14051156674895351,1.0,2.0,2.0,5.0,6.0,1.0,0.9090909090909091,0.8636363636363636,1.1818181818181819,1.0,1.2,1.1818181818181819,0.6363636363636364,0.8181818181818182,0.8181818181818182,0.9090909090909091,1.5454545454545454,0.2727272727272727,0.45454545454545453,0.09090909090909094,12.499095110389504,12.350887454376544,4.309096029067583,12.566620168383578,2.380252699882476,0.14820765601296204
laliga-2023-2024-02-03-valencia-v-almeria,2024-02-03,2023,Valencia,Almeria,2,1,2,0.75,0.0,345.1971000731229,6,8,999,0,1.0,0,999,0,1.0,0,0,0,4.0,0.0,1.0,9.0,4.0,2.4,1.4545454545454546,1.2272727272727273,1.1818181818181819,1.8,0.8,2.0,1.0,1.3,0.5,1.1666666666666667,1.75,0.3181818181818182,0.2727272727272727,0.9454545454545453,12.33493626402165,12.475447830770602,4.245588315049165,12.548505097991866,2.424159176649579,-0.14051156674895351,0.0,1.0,4.0,4.0,10.0,0.2,0.2727272727272727,0.9545454545454546,2.227272727272727,0.8,2.0,0.45454545454545453,0.09090909090909091,0.9090909090909091,1.9090909090909092,1.0,2.5454545454545454,0.13636363636363635,0.36363636363636365,-0.0727272727272727,12.499095110389504,12.350887454376544,4.309096029067583,12.566620168383578,2.380252699882476,0.14820765601296204
laliga-2023-2024-02-03-granada-v-las-palmas,2024-02-03,2023,Granada,Las Palmas,1,1,1,0.25,0.0,1496.9079530313209,5,7,999,0,1.0,0,999,0,1.0,0,0,0,1.0,0.0,4.0,2.0,7.0,0.6,0.5,1.0,2.0,0.4,1.4,0.9090909090909091,0.09090909090909091,1.2727272727272727,1.8181818181818181,0.7272727272727273,2.1818181818181817,0.045454545454545456,0.45454545454545453,0.09999999999999998,12.33493626402165,12.475447830770602,4.245588315049165,12.548505097991866,2.424159176649579,-0.14051156674895351,2.0,0.0,3.0,7.0,5.0,1.2,1.4090909090909092,1.0,0.8636363636363636,1.4,1.0,1.6363636363636365,1.1818181818181819,1.2727272727272727,0.8181818181818182,0.7272727272727273,0.9090909090909091,0.2727272727272727,0.36363636363636365,-0.20909090909090922,12.499095110389504,12.350887454376544,4.309096029067583,12.566620168383578,2.380252699882476,0.14820765601296204
laliga-2023-2024-02-03-alaves-v-barcelona,2024-02-03,2023,Alaves,Barcelona,1,3,0,0.16666666666666666,0.0,427.6700354261175,8,3,999,0,1.0,0,999,0,1.0,0,0,0,3.0,1.0,1.0,8.0,4.0,2.0,1.1818181818181819,1.0,1.2272727272727273,1.6,0.8,1.6,0.8333333333333334,1.1,1.1,0.9166666666666666,1.3333333333333333,0.22727272727272727,0.4090909090909091,0.8181818181818181,12.33493626402165,12.475447830770602,4.245588315049165,12.548505097991866,2.424159176649579,-0.14051156674895351,4.0,0.0,1.0,13.0,10.0,2.4,2.1363636363636362,2.0,1.3181818181818181,2.6,2.0,2.25,2.0,2.0833333333333335,1.3333333333333333,1.9,1.3,0.36363636363636365,0.045454545454545456,0.26363636363636367,12.499095110389504,12.350887454376544,4.309096029067583,12.566620168383578,2.380252699882476,0.14820765601296204
laliga-2023-2024-02-03-girona-v-real-sociedad,2024-02-03,2023,Girona,Real Sociedad,0,0,1,0.4166666666666667,0.0,418.93707768064667,6,7,999,0,1.0,0,999,0,1.0,0,0,0,3.0,2.0,0.0,11.0,5.0,2.2,2.5,2.3636363636363638,1.1363636363636365,2.2,1.0,2.5454545454545454,2.4545454545454546,2.727272727272727,1.2727272727272727,2.0,1.0,0.3181818181818182,0.09090909090909091,-0.2999999999999998,12.33493626402165,12.475447830770602,4.245588315049165,12.548505097991866,2.424159176649579,-0.14051156674895351,1.0,3.0,1.0,3.0,3.0,1.2,1.6363636363636365,1.4545454545454546,0.9545454545454546,0.6,0.6,1.8181818181818181,1.4545454545454546,1.6363636363636365,1.0,1.2727272727272727,0.9090909090909091,0.4090909090909091,0.22727272727272727,-0.4363636363636365,12.499095110389504,12.350887454376544,4.309096029067583,12.566620168383578,2.380252699882476,0.14820765601296204
laliga-2023-2024-02-04-villarreal-v-cadiz,2024-02-04,2023,Villarreal,Cadiz,0,0,1,0.25,0.0,659.2528281030969,8,7,999,0,1.0,0,999,0,1.0,0,0,0,2.0,1.0,2.0,10.0,12.0,1.4,1.0454545454545454,1.5,2.0454545454545454,2.0,2.4,1.0,1.0909090909090908,1.6363636363636365,2.0,1.3636363636363635,2.090909090909091,0.09090909090909091,0.13636363636363635,0.3545454545454545,12.33493626402165,12.475447830770602,4.245588315049165,12.548505097991866,2.424159176649579,-0.14051156674895351,0.0,2.0,3.0,1.0,7.0,0.4,0.7272727272727273,0.6818181818181818,1.4090909090909092,0.2,1.4,1.0909090909090908,0.36363636363636365,0.8181818181818182,1.1818181818181819,0.5454545454545454,1.6363636363636365,0.18181818181818182,0.5,-0.32727272727272727,12.499095110389504,12.350887454376544,4.309096029067583,12.566620168383578,2.380252699882476,0.14820765601296204
laliga-2023-2024-02-04-osasuna-v-celta,2024-02-04,2023,Osasuna,Celta,0,3,0,0.5714285714285714,0.0,585.7167771181677,4,7,999,0,1.0,0,999,0,1.0,0,0,0,2.0,1.0,2.0,7.0,7.0,1.4,1.1818181818181819,1.1818181818181819,1.5,1.4,1.4,1.3636363636363635,1.0,1.0909090909090908,1.2727272727272727,1.2727272727272727,1.7272727272727273,0.2727272727272727,0.22727272727272727,0.21818181818181803,12.33493626402165,12.475447830770602,4.245588315049165,12.548505097991866,2.424159176649579,-0.14051156674895351,1.0,1.0,3.0,5.0,7.0,0.8,0.7727272727272727,0.9545454545454546,1.4545454545454546,1.0,1.4,0.8333333333333334,0.7,0.6666666666666666,1.25,1.3,1.7,0.13636363636363635,0.4090909090909091,0.027272727272727337,12.499095110389504,12.350887454376544,4.309096029067583,12.566620168383578,2.380252699882476,0.14820765601296204
laliga-2023-2024-02-04-betis-v-getafe,2024-02-04,2023,Betis,Getafe,1,1,1,0.7142857142857143,0.0,379.3296978893749,8,3,999,0,1.0,0,999,0,1.0,0,0,0,2.0,1.0,2.0,6.0,7.0,1.4,1.5454545454545454,1.1363636363636365,1.0909090909090908,1.2,1.4,2.0,1.0909090909090908,1.3636363636363635,0.7272727272727273,0.9090909090909091,1.4545454545454546,0.4090909090909091,0.18181818181818182,-0.1454545454545455,12.33493626402165,12.475447830770602,4.245588315049165,12.548505097991866,2.424159176649579,-0.14051156674895351,1.0,1.0,3.0,7.0,10.0,0.8,1.3181818181818181,1.2727272727272727,1.3636363636363635,1.4,2.0,1.9090909090909092,0.7272727272727273,1.0,0.7272727272727273,1.5454545454545454,2.0,0.36363636363636365,0.3181818181818182,-0.5181818181818181,12.499095110389504,12.350887454376544,4.309096029067583,12.566620168383578,2.380252699882476,0.14820765601296204
laliga-2023-2024-02-04-real-madrid-v-ath-madrid,2024-02-04,2023,Real Madrid,Ath Madrid,1,1,1,0.35714285714285715,0.0,7.738693239445262,3,4,999,0,1.0,0,999,0,1.0,0,0,0,5.0,0.0,0.0,9.0,3.0,3.0,2.590909090909091,2.1363636363636362,0.6363636363636364,1.8,0.6,2.8,2.4166666666666665,2.5,0.6,1.8333333333333333,0.6666666666666666,0.5,0.045454545454545456,0.40909090909090917,12.33493626402165,12.475447830770602,4.245588315049165,12.548505097991866,2.424159176649579,-0.14051156674895351,4.0,0.0,1.0,9.0,5.0,2.4,2.1363636363636362,2.0,1.0909090909090908,1.8,1.0,2.8333333333333335,1.3,2.25,1.0,1.7,1.2,0.36363636363636365,0.18181818181818182,0.26363636363636367,12.499095110389504,12.350887454376544,4.309096029067583,12.566620168383578,2.380252699882476,0.14820765601296204
laliga-2023-2024-02-05-rayo-vallecano-v-sevilla,2024-02-05,2023,Rayo Vallecano,Sevilla,1,2,0,0.21428571428571427,0.0,389.6758738843053,5,8,999,0,1.0,0,999,0,1.0,0,0,0,1.0,1.0,3.0,3.0,5.0,0.8,1.0909090909090908,0.8636363636363636,1.2727272727272727,0.6,1.0,0.8,1.3333333333333333,0.9,1.8,0.8333333333333334,0.8333333333333334,0.4090909090909091,0.45454545454545453,-0.2909090909090908,12.33493626402165,12.475447830770602,4.245588315049165,12.548505097991866,2.424159176649579,-0.14051156674895351,0.0,1.0,4.0,4.0,12.0,0.2,0.7727272727272727,1.2272727272727273,1.6363636363636365,0.8,2.4,0.9166666666666666,0.6,1.3333333333333333,1.5833333333333333,1.1,1.7,0.13636363636363635,0.2727272727272727,-0.5727272727272728,12.499095110389504,12.350887454376544,4.309096029067583,12.566620168383578,2.380252699882476,0.14820765601296204
laliga-2023-2024-02-09-cadiz-v-betis,2024-02-09,2023,Cadiz,Betis,0,2,0,0.25,0.0,98.88305847271758,5,5,999,0,1.0,0,999,0,1.0,0,0,0,0.0,2.0,3.0,1.0,7.0,0.4,0.7391304347826086,0.6521739130434783,1.3478260869565217,0.2,1.4,1.0909090909090908,0.4166666666666667,0.8181818181818182,1.1818181818181819,0.5,1.5,0.21739130434782608,0.5217391304347826,-0.3391304347826086,12.33493626402165,12.475447830770602,4.245588315049165,12.548505097991866,2.424159176649579,-0.14051156674895351,2.0,1.0,2.0,6.0,7.0,1.4,1.5217391304347827,1.1304347826086956,1.0869565217391304,1.2,1.4,1.9166666666666667,1.0909090909090908,1.3333333333333333,0.75,0.9090909090909091,1.4545454545454546,0.391304347826087,0.17391304347826086,-0.1217391304347828,12.499095110389504,12.350887454376544,4.309096029067583,12.566620168383578,2.380252699882476,0.14820765601296204
laliga-2023-2024-02-10-alaves-v-villarreal,2024-02-10,2023,Alaves,Villarreal,1,1,1,0.5,0.0,387.54488649403754,7,6,999,0,1.0,0,999,0,1.0,0,0,0,3.0,1.0,1.0,9.0,6.0,2.0,1.1304347826086956,1.0,1.3043478260869565,1.8,1.2,1.4545454545454546,0.8333333333333334,1.0909090909090908,1.2727272727272727,0.9166666666666666,1.3333333333333333,0.21739130434782608,0.391304347826087,0.8695652173913044,12.33493626402165,12.475447830770602,4.245588315049165,12.548505097991866,2.424159176649579,-0.14051156674895351,1.0,2.0,2.0,7.0,10.0,1.0,1.0434782608695652,1.434782608695652,1.9565217391304348,1.4,2.0,1.0,1.0909090909090908,1.5,1.8333333333333333,1.3636363636363635,2.090909090909091,0.13043478260869565,0.17391304347826086,-0.04347826086956519,12.499095110389504,12.350887454376544,4.309096029067583,12.566620168383578,2.380252699882476,0.14820765601296204
laliga-2023-2024-02-10-real-sociedad-v-osasuna,2024-02-10,2023,Real Sociedad,Osasuna,0,1,0,0.4166666666666667,0.0,62.37462492184042,7,6,999,0,1.0,0,999,0,1.0,0,0,0,1.0,3.0,1.0,3.0,3.0,1.2,1.608695652173913,1.391304347826087,0.9130434782608695,0.6,0.6,1.8181818181818181,1.4166666666666667,1.6363636363636365,1.0,1.1666666666666667,0.8333333333333334,0.43478260869565216,0.2608695652173913,-0.4086956521739131,12.33493626402165,12.475447830770602,4.245588315049165,12.548505097991866,2.424159176649579,-0.14051156674895351,2.0,1.0,2.0,5.0,7.0,1.4,1.1304347826086956,1.1304347826086956,1.565217391304348,1.0,1.4,1.25,1.0,1.0,1.4166666666666667,1.2727272727272727,1.7272727272727273,0.2608695652173913,0.2608695652173913,0.26956521739130435,12.499095110389504,12.350887454376544,4.309096029067583,12.566620168383578,2.380252699882476,0.14820765601296204
laliga-2023-2024-02-10-real-madrid-v-girona,2024-02-10,2023,Real Madrid,Girona,4,0,2,0.8333333333333334,0.0,570.2574832021476,6,7,999,0,1.0,0,999,0,1.0,0,0,0,4.0,1.0,0.0,9.0,4.0,2.6,2.5217391304347827,2.0869565217391304,0.6521739130434783,1.8,0.8,2.6363636363636362,2.4166666666666665,2.3636363636363638,0.6363636363636364,1.8333333333333333,0.6666666666666666,0.4782608695652174,0.043478260869565216,0.07826086956521738,12.33493626402165,12.475447830770602,4.245588315049165,12.548505097991866,2.424159176649579,-0.14051156674895351,3.0,2.0,0.0,10.0,4.0,2.2,2.4347826086956523,2.260869565217391,1.0869565217391304,2.0,0.8,2.4166666666666665,2.4545454545454546,2.5,1.1666666666666667,2.0,1.0,0.34782608695652173,0.13043478260869565,-0.23478260869565215,12.499095110389504,12.350887454376544,4.309096029067583,12.566620168383578,2.380252699882476,0.14820765601296204
laliga-2023-2024-02-10-las-palmas-v-valencia,2024-02-10,2023,Las Palmas,Valencia,2,0,2,0.5,0.0,1877.022098441451,7,7,999,0,1.0,0,999,0,1.0,0,0,0,2.0,1.0,2.0,8.0,5.0,1.4,1.391304347826087,1.0,0.8695652173913043,1.6,1.0,1.6363636363636365,1.1666666666666667,1.2727272727272727,0.8181818181818182,0.75,0.9166666666666666,0.2608695652173913,0.34782608695652173,0.008695652173912993,12.33493626402165,12.475447830770602,4.245588315049165,12.548505097991866,2.424159176649579,-0.14051156674895351,4.0,0.0,1.0,10.0,5.0,2.4,1.5217391304347827,1.2608695652173914,1.173913043478261,2.0,1.0,2.090909090909091,1.0,1.3636363636363635,0.5454545454545454,1.1666666666666667,1.75,0.30434782608695654,0.2608695652173913,0.8782608695652172,12.499095110389504,12.350887454376544,4.309096029067583,12.566620168383578,2.380252699882476,0.14820765601296204
laliga-2023-2024-02-11-getafe-v-celta,2024-02-11,2023,Getafe,Celta,3,2,2,0.5,0.0,470.3353974285424,7,7,999,0,1.0,0,999,0,1.0,0,0,0,1.0,1.0,3.0,5.0,8.0,0.8,1.3043478260869565,1.2608695652173914,1.3478260869565217,1.0,1.6,1.9090909090909092,0.75,1.0,0.7272727272727273,1.5,1.9166666666666667,0.34782608695652173,0.30434782608695654,-0.5043478260869565,12.33493626402165,12.475447830770602,4.245588315049165,12.548505097991866,2.424159176649579,-0.14051156674895351,2.0,1.0,2.0,6.0,4.0,1.4,0.8695652173913043,1.0434782608695652,1.391304347826087,1.2,0.8,0.8333333333333334,0.9090909090909091,0.6666666666666666,1.25,1.4545454545454546,1.5454545454545454,0.17391304347826086,0.391304347826087,0.5304347826086956,12.499095110389504,12.350887454376544,4.309096029067583,12.566620168383578,2.380252699882476,0.14820765601296204
laliga-2023-2024-02-11-mallorca-v-rayo-vallecano,2024-02-11,2023,Mallorca,Rayo Vallecano,2,1,2,0.6666666666666666,0.0,542.9189482045625,9,6,999,0,1.0,0,999,0,1.0,0,0,0,0.0,2.0,3.0,2.0,8.0,0.4,0.8695652173913043,0.8260869565217391,1.3043478260869565,0.4,1.6,1.1818181818181819,0.5833333333333334,0.8181818181818182,0.8181818181818182,0.8333333333333334,1.75,0.2608695652173913,0.4782608695652174,-0.4695652173913043,12.33493626402165,12.475447830770602,4.245588315049165,12.548505097991866,2.424159176649579,-0.14051156674895351,1.0,1.0,3.0,4.0,6.0,0.8,1.0434782608695652,0.8695652173913043,1.3043478260869565,0.8,1.2,0.7272727272727273,1.3333333333333333,0.9090909090909091,1.8181818181818181,0.8333333333333334,0.8333333333333334,0.391304347826087,0.43478260869565216,-0.24347826086956514,12.499095110389504,12.350887454376544,4.309096029067583,12.566620168383578,2.380252699882476,0.14820765601296204
laliga-2023-2024-02-11-sevilla-v-ath-madrid,2024-02-11,2023,Sevilla,Ath Madrid,1,0,2,0.2857142857142857,0.0,396.6545503244278,6,7,999,0,1.0,0,999,0,1.0,0,0,0,1.0,1.0,3.0,6.0,12.0,0.8,0.8695652173913043,1.2608695652173914,1.608695652173913,1.2,2.4,0.9166666666666666,0.8181818181818182,1.3333333333333333,1.5833333333333333,1.1818181818181819,1.6363636363636365,0.13043478260869565,0.2608695652173913,-0.06956521739130428,12.33493626402165,12.475447830770602,4.245588315049165,12.548505097991866,2.424159176649579,-0.14051156674895351,3.0,1.0,1.0,9.0,6.0,2.0,2.0869565217391304,1.9565217391304348,1.0869565217391304,1.8,1.2,2.8333333333333335,1.2727272727272727,2.25,1.0,1.6363636363636365,1.1818181818181819,0.34782608695652173,0.17391304347826086,-0.08695652173913038,12.499095110389504,12.350887454376544,4.309096029067583,12.566620168383578,2.380252699882476,0.14820765601296204
laliga-2023-2024-02-11-barcelona-v-granada,2024-02-11,2023,Barcelona,Granada,3,3,1,0.5,0.0,680.3814668341516,8,8,999,0,1.0,0,999,0,1.0,0,0,0,4.0,0.0,1.0,13.0,9.0,2.4,2.1739130434782608,2.0434782608695654,1.3043478260869565,2.6,1.8,2.25,2.090909090909091,2.0833333333333335,1.3333333333333333,2.0,1.2727272727272727,0.34782608695652173,0.043478260869565216,0.22608695652173916,12.33493626402165,12.475447830770602,4.245588315049165,12.548505097991866,2.424159176649579,-0.14051156674895351,1.0,1.0,3.0,3.0,5.0,0.8,0.5217391304347826,1.0,1.9565217391304348,0.6,1.0,0.9166666666666666,0.09090909090909091,1.25,1.75,0.7272727272727273,2.1818181818181817,0.043478260869565216,0.43478260869565216,0.27826086956521745,12.499095110389504,12.350887454376544,4.309096029067583,12.566620168383578,2.380252699882476,0.14820765601296204
laliga-2023-2024-02-12-almeria-v-ath-bilbao,2024-02-12,2023,Almeria,Ath Bilbao,0,0,1,0.25,0.0,715.6299005487649,9,10,999,0,1.0,0,999,0,1.0,0,0,0,0.0,1.0,4.0,3.0,9.0,0.2,0.2608695652173913,0.9565217391304348,2.217391304347826,0.6,1.8,0.45454545454545453,0.08333333333333333,0.9090909090909091,1.9090909090909092,1.0,2.5,0.13043478260869565,0.34782608695652173,-0.060869565217391286,12.33493626402165,12.475447830770602,4.245588315049165,12.548505097991866,2.424159176649579,-0.14051156674895351,3.0,1.0,1.0,8.0,2.0,2.0,1.9565217391304348,1.826086956521739,0.9130434782608695,1.6,0.4,2.4166666666666665,1.4545454545454546,2.5833333333333335,1.0,1.0,0.8181818181818182,0.4782608695652174,0.2608695652173913,0.04347826086956519,12.499095110389504,12.350887454376544,4.309096029067583,12.566620168383578,2.380252699882476,0.14820765601296204
laliga-2023-2024-02-16-villarreal-v-getafe,2024-02-16,2023,Villarreal,Getafe,1,1,1,0.5833333333333334,0.0,309.65151683323484,6,5,999,0,1.0,0,999,0,1.0,0,0,0,1.0,3.0,1.0,7.0,8.0,1.2,1.0416666666666667,1.4166666666666667,1.9166666666666667,1.4,1.6,1.0,1.0833333333333333,1.5,1.8333333333333333,1.3333333333333333,2.0,0.125,0.16666666666666666,0.15833333333333321,12.33493626402165,12.475447830770602,4.245588315049165,12.548505097991866,2.424159176649579,-0.14051156674895351,2.0,1.0,2.0,8.0,8.0,1.4,1.375,1.3333333333333333,1.375,1.6,1.6,2.0,0.75,1.1666666666666667,0.8333333333333334,1.5,1.9166666666666667,0.3333333333333333,0.2916666666666667,0.02499999999999991,12.499095110389504,12.350887454376544,4.309096029067583,12.566620168383578,2.380252699882476,0.14820765601296204
laliga-2023-2024-02-17-ath-madrid-v-las-palmas,2024-02-17,2023,Ath Madrid,Las Palmas,5,0,2,0.5,0.0,1748.1863554992588,6,7,999,0,1.0,0,999,0,1.0,0,0,0,3.0,1.0,1.0,6.0,3.0,2.0,2.0,1.875,1.0833333333333333,1.2,0.6,2.8333333333333335,1.1666666666666667,2.25,1.0,1.5,1.1666666666666667,0.3333333333333333,0.20833333333333334,0.0,12.33493626402165,12.475447830770602,4.245588315049165,12.548505097991866,2.424159176649579,-0.14051156674895351,3.0,1.0,1.0,9.0,3.0,2.0,1.4583333333333333,1.0416666666666667,0.8333333333333334,1.8,0.6,1.75,1.1666666666666667,1.3333333333333333,0.75,0.75,0.9166666666666666,0.2916666666666667,0.3333333333333333,0.5416666666666667,12.499095110389504,12.350887454376544,4.309096029067583,12.566620168383578,2.380252699882476,0.14820765601296204
laliga-2023-2024-02-17-osasuna-v-cadiz,2024-02-17,2023,Osasuna,Cadiz,2,0,2,0.75,0.0,801.8738728737525,7,8,999,0,1.0,0,999,0,1.0,0,0,0,2.0,1.0,2.0,5.0,7.0,1.4,1.2083333333333333,1.125,1.5,1.0,1.4,1.25,1.1666666666666667,1.0,1.4166666666666667,1.25,1.5833333333333333,0.2916666666666667,0.25,0.19166666666666665,12.33493626402165,12.475447830770602,4.245588315049165,12.548505097991866,2.424159176649579,-0.14051156674895351,0.0,2.0,3.0,1.0,7.0,0.4,0.7083333333333334,0.625,1.375,0.2,1.4,1.0,0.4166666666666667,0.75,1.25,0.5,1.5,0.20833333333333334,0.5416666666666666,-0.30833333333333335,12.499095110389504,12.350887454376544,4.309096029067583,12.566620168383578,2.380252699882476,0.14820765601296204
laliga-2023-2024-02-17-celta-v-barcelona,2024-02-17,2023,Celta,Barcelona,1,2,0,0.08333333333333333,0.0,904.5125615519562,6,6,999,0,1.0,0,999,0,1.0,0,0,0,1.0,1.0,3.0,6.0,6.0,0.8,0.8333333333333334,1.0833333333333333,1.4583333333333333,1.2,1.2,0.8333333333333334,0.8333333333333334,0.6666666666666666,1.25,1.5,1.6666666666666667,0.16666666666666666,0.375,-0.033333333333333326,12.33493626402165,12.475447830770602,4.245588315049165,12.548505097991866,2.424159176649579,-0.14051156674895351,3.0,1.0,1.0,14.0,11.0,2.0,2.125,2.0833333333333335,1.375,2.8,2.2,2.1538461538461537,2.090909090909091,2.1538461538461537,1.4615384615384615,2.0,1.2727272727272727,0.3333333333333333,0.041666666666666664,-0.125,12.499095110389504,12.350887454376544,4.309096029067583,12.566620168383578,2.380252699882476,0.14820765601296204
laliga-2023-2024-02-17-valencia-v-sevilla,2024-02-17,2023,Valencia,Sevilla,0,0,1,0.6428571428571429,0.0,539.9261066392522,7,6,999,0,1.0,0,999,0,1.0,0,0,0,3.0,0.0,2.0,7.0,6.0,1.8,1.4583333333333333,1.2083333333333333,1.2083333333333333,1.4,1.2,2.090909090909091,0.9230769230769231,1.3636363636363635,0.5454545454545454,1.0769230769230769,1.7692307692307692,0.2916666666666667,0.2916666666666667,0.3416666666666668,12.33493626402165,12.475447830770602,4.245588315049165,12.548505097991866,2.424159176649579,-0.14051156674895351,2.0,1.0,2.0,7.0,10.0,1.4,0.9583333333333334,1.25,1.5416666666666667,1.4,2.0,1.0769230769230769,0.8181818181818182,1.3076923076923077,1.4615384615384615,1.1818181818181819,1.6363636363636365,0.16666666666666666,0.25,0.44166666666666654,12.499095110389504,12.350887454376544,4.309096029067583,12.566620168383578,2.380252699882476,0.14820765601296204
laliga-2023-2024-02-18-rayo-vallecano-v-real-madrid,2024-02-18,2023,Rayo Vallecano,Real Madrid,1,1,1,0.2857142857142857,0.0,7.346952001326216,7,8,999,0,1.0,0,999,0,1.0,0,0,0,0.0,1.0,4.0,3.0,8.0,0.2,1.0,0.875,1.3333333333333333,0.6,1.6,0.7272727272727273,1.2307692307692308,0.9090909090909091,1.8181818181818181,0.8461538461538461,0.9230769230769231,0.375,0.4166666666666667,-0.8,12.33493626402165,12.475447830770602,4.245588315049165,12.548505097991866,2.424159176649579,-0.14051156674895351,4.0,1.0,0.0,12.0,4.0,2.6,2.5416666666666665,2.1666666666666665,0.625,2.4,0.8,2.6666666666666665,2.4166666666666665,2.5,0.5833333333333334,1.8333333333333333,0.6666666666666666,0.5,0.041666666666666664,0.05833333333333357,12.499095110389504,12.350887454376544,4.309096029067583,12.566620168383578,2.380252699882476,0.14820765601296204
laliga-2023-2024-02-18-granada-v-almeria,2024-02-18,2023,Granada,Almeria,1,1,1,0.5,0.0,107.12986593798789,7,6,999,0,1.0,0,999,0,1.0,0,0,0,0.0,2.0,3.0,4.0,8.0,0.4,0.5416666666666666,1.0833333333333333,2.0,0.8,1.6,0.9166666666666666,0.16666666666666666,1.25,1.75,0.9166666666666666,2.25,0.041666666666666664,0.4166666666666667,-0.1416666666666666,12.33493626402165,12.475447830770602,4.245588315049165,12.548505097991866,2.424159176649579,-0.14051156674895351,0.0,2.0,3.0,3.0,8.0,0.4,0.2916666666666667,0.9166666666666666,2.125,0.6,1.6,0.5,0.08333333333333333,0.8333333333333334,1.75,1.0,2.5,0.16666666666666666,0.375,0.10833333333333334,12.499095110389504,12.350887454376544,4.309096029067583,12.566620168383578,2.380252699882476,0.14820765601296204
laliga-2023-2024-02-18-mallorca-v-real-sociedad,2024-02-18,2023,Mallorca,Real Sociedad,1,2,0,0.3333333333333333,0.0,563.3188606808416,7,8,999,0,1.0,0,999,0,1.0,0,0,0,1.0,2.0,2.0,4.0,8.0,1.0,0.9583333333333334,0.875,1.2916666666666667,0.8,1.6,1.3333333333333333,0.5833333333333334,0.9166666666666666,0.8333333333333334,0.8333333333333334,1.75,0.25,0.4583333333333333,0.04166666666666663,12.33493626402165,12.475447830770602,4.245588315049165,12.548505097991866,2.424159176649579,-0.14051156674895351,1.0,2.0,2.0,2.0,3.0,1.0,1.5416666666666667,1.3333333333333333,0.9166666666666666,0.4,0.6,1.6666666666666667,1.4166666666666667,1.5,1.0,1.1666666666666667,0.8333333333333334,0.4166666666666667,0.2916666666666667,-0.5416666666666667,12.499095110389504,12.350887454376544,4.309096029067583,12.566620168383578,2.380252699882476,0.14820765601296204
laliga-2023-2024-02-18-betis-v-alaves,2024-02-18,2023,Betis,Alaves,0,0,1,0.4166666666666667,0.0,668.854131899639,9,8,999,0,1.0,0,999,0,1.0,0,0,0,3.0,1.0,1.0,7.0,5.0,2.0,1.5833333333333333,1.1666666666666667,1.0416666666666667,1.4,1.0,1.9166666666666667,1.25,1.3333333333333333,0.75,1.0,1.3333333333333333,0.4166666666666667,0.16666666666666666,0.41666666666666674,12.33493626402165,12.475447830770602,4.245588315049165,12.548505097991866,2.424159176649579,-0.14051156674895351,3.0,1.0,1.0,9.0,6.0,2.0,1.125,1.0,1.2916666666666667,1.8,1.2,1.4166666666666667,0.8333333333333334,1.0833333333333333,1.25,0.9166666666666666,1.3333333333333333,0.20833333333333334,0.375,0.875,12.499095110389504,12.350887454376544,4.309096029067583,12.566620168383578,2.380252699882476,0.14820765601296204
laliga-2023-2024-02-19-ath-bilbao-v-girona,2024-02-19,2023,Ath Bilbao,Girona,3,2,2,0.5,0.0,493.296941623452,7,9,999,0,1.0,0,999,0,1.0,0,0,0,2.0,2.0,1.0,6.0,2.0,1.6,1.9166666666666667,1.75,0.875,1.2,0.4,2.4166666666666665,1.4166666666666667,2.5833333333333335,1.0,0.9166666666666666,0.75,0.5,0.2916666666666667,-0.31666666666666665,12.33493626402165,12.475447830770602,4.245588315049165,12.548505097991866,2.424159176649579,-0.14051156674895351,2.0,2.0,1.0,6.0,5.0,1.6,2.3333333333333335,2.1666666666666665,1.2083333333333333,1.2,1.0,2.4166666666666665,2.25,2.5,1.1666666666666667,1.8333333333333333,1.25,0.3333333333333333,0.16666666666666666,-0.7333333333333334,12.499095110389504,12.350887454376544,4.309096029067583,12.566620168383578,2.380252699882476,0.14820765601296204
laliga-2023-2024-02-23-real-sociedad-v-villarreal,2024-02-23,2023,Real Sociedad,Villarreal,1,3,0,0.4166666666666667,0.0,404.3535451234156,5,7,999,0,1.0,0,999,0,1.0,0,0,0,2.0,2.0,1.0,3.0,2.0,1.6,1.6,1.36,0.92,0.6,0.4,1.6666666666666667,1.5384615384615385,1.5,1.0,1.2307692307692308,0.8461538461538461,0.4,0.28,0.0,12.33493626402165,12.475447830770602,4.245588315049165,12.548505097991866,2.424159176649579,-0.14051156674895351,1.0,4.0,0.0,8.0,6.0,1.4,1.04,1.4,1.88,1.6,1.2,1.0,1.0833333333333333,1.4615384615384615,1.7692307692307692,1.3333333333333333,2.0,0.12,0.16,0.3599999999999999,12.499095110389504,12.350887454376544,4.309096029067583,12.566620168383578,2.380252699882476,0.14820765601296204
laliga-2023-2024-02-24-barcelona-v-getafe,2024-02-24,2023,Barcelona,Getafe,4,0,2,0.8333333333333334,0.0,505.3079785831502,7,8,999,0,1.0,0,999,0,1.0,0,0,0,3.0,1.0,1.0,12.0,10.0,2.0,2.16,2.08,1.36,2.4,2.0,2.1538461538461537,2.1666666666666665,2.1538461538461537,1.4615384615384615,2.0,1.25,0.32,0.04,-0.16000000000000014,12.33493626402165,12.475447830770602,4.245588315049165,12.548505097991866,2.424159176649579,-0.14051156674895351,2.0,2.0,1.0,7.0,6.0,1.6,1.36,1.32,1.36,1.4,1.2,2.0,0.7692307692307693,1.1666666666666667,0.8333333333333334,1.4615384615384615,1.8461538461538463,0.32,0.28,0.24,12.499095110389504,12.350887454376544,4.309096029067583,12.566620168383578,2.380252699882476,0.14820765601296204
laliga-2023-2024-02-24-alaves-v-mallorca,2024-02-24,2023,Alaves,Mallorca,1,1,1,0.5833333333333334,0.0,572.5458847204633,6,6,999,0,1.0,0,999,0,1.0,0,0,0,2.0,2.0,1.0,6.0,4.0,1.6,1.12,0.96,1.24,1.2,0.8,1.4166666666666667,0.8461538461538461,1.0833333333333333,1.25,0.8461538461538461,1.2307692307692308,0.24,0.4,0.48,12.33493626402165,12.475447830770602,4.245588315049165,12.548505097991866,2.424159176649579,-0.14051156674895351,1.0,1.0,3.0,4.0,9.0,0.8,0.92,0.88,1.32,0.8,1.8,1.2307692307692308,0.5833333333333334,0.9230769230769231,0.9230769230769231,0.8333333333333334,1.75,0.24,0.44,-0.12,12.499095110389504,12.350887454376544,4.309096029067583,12.566620168383578,2.380252699882476,0.14820765601296204
laliga-2023-2024-02-24-almeria-v-ath-madrid,2024-02-24,2023,Almeria,Ath Madrid,2,2,1,0.25,0.0,412.0965307645389,6,7,999,0,1.0,0,999,0,1.0,0,0,0,0.0,2.0,3.0,4.0,9.0,0.4,0.32,0.92,2.08,0.8,1.8,0.5,0.15384615384615385,0.8333333333333334,1.75,1.0,2.3846153846153846,0.16,0.36,0.08000000000000002,12.33493626402165,12.475447830770602,4.245588315049165,12.548505097991866,2.424159176649579,-0.14051156674895351,3.0,1.0,1.0,10.0,3.0,2.0,2.04,2.0,1.04,2.0,0.6,2.8461538461538463,1.1666666666666667,2.4615384615384617,0.9230769230769231,1.5,1.1666666666666667,0.36,0.2,-0.040000000000000036,12.499095110389504,12.350887454376544,4.309096029067583,12.566620168383578,2.380252699882476,0.14820765601296204
laliga-2023-2024-02-25-cadiz-v-celta,2024-02-25,2023,Cadiz,Celta,2,2,1,0.5,0.0,666.3599378432658,8,8,999,0,1.0,0,999,0,1.0,0,0,0,0.0,2.0,3.0,0.0,5.0,0.4,0.68,0.6,1.4,0.0,1.0,1.0,0.38461538461538464,0.75,1.25,0.46153846153846156,1.5384615384615385,0.2,0.56,-0.28,12.33493626402165,12.475447830770602,4.245588315049165,12.548505097991866,2.424159176649579,-0.14051156674895351,1.0,0.0,4.0,6.0,7.0,0.6,0.8,1.08,1.48,1.2,1.4,0.7692307692307693,0.8333333333333334,0.6923076923076923,1.3076923076923077,1.5,1.6666666666666667,0.16,0.36,-0.20000000000000007,12.499095110389504,12.350887454376544,4.309096029067583,12.566620168383578,2.380252699882476,0.14820765601296204
laliga-2023-2024-02-25-betis-v-ath-bilbao,2024-02-25,2023,Betis,Ath Bilbao,3,1,2,0.3333333333333333,0.0,702.0918503555403,7,6,999,0,1.0,0,999,0,1.0,0,0,0,2.0,2.0,1.0,6.0,5.0,1.6,1.56,1.12,1.0,1.2,1.0,1.8461538461538463,1.25,1.2307692307692308,0.6923076923076923,1.0,1.3333333333333333,0.44,0.2,0.040000000000000036,12.33493626402165,12.475447830770602,4.245588315049165,12.548505097991866,2.424159176649579,-0.14051156674895351,2.0,2.0,1.0,7.0,3.0,1.6,1.96,1.8,0.92,1.4,0.6,2.4615384615384617,1.4166666666666667,2.6153846153846154,1.0769230769230769,0.9166666666666666,0.75,0.48,0.28,-0.3599999999999999,12.499095110389504,12.350887454376544,4.309096029067583,12.566620168383578,2.380252699882476,0.14820765601296204
laliga-2023-2024-02-25-las-palmas-v-osasuna,2024-02-25,2023,Las Palmas,Osasuna,1,1,1,0.375,0.0,2052.49488272337,8,8,999,0,1.0,0,999,0,1.0,0,0,0,2.0,1.0,2.0,6.0,8.0,1.4,1.4,1.0,1.0,1.2,1.6,1.75,1.0769230769230769,1.3333333333333333,0.75,0.6923076923076923,1.2307692307692308,0.28,0.36,0.0,12.33493626402165,12.475447830770602,4.245588315049165,12.548505097991866,2.424159176649579,-0.14051156674895351,2.0,1.0,2.0,4.0,5.0,1.4,1.28,1.16,1.44,0.8,1.0,1.3846153846153846,1.1666666666666667,1.0769230769230769,1.3076923076923077,1.25,1.5833333333333333,0.32,0.24,0.11999999999999988,12.499095110389504,12.350887454376544,4.309096029067583,12.566620168383578,2.380252699882476,0.14820765601296204
laliga-2023-2024-02-25-real-madrid-v-sevilla,2024-02-25,2023,Real Madrid,Sevilla,1,0,2,0.9166666666666666,0.0,394.25599339659567,7,8,999,0,1.0,0,999,0,1.0,0,0,0,3.0,2.0,0.0,10.0,3.0,2.2,2.48,2.12,0.64,2.0,0.6,2.6666666666666665,2.3076923076923075,2.5,0.5833333333333334,1.7692307692307692,0.6923076923076923,0.48,0.04,-0.2799999999999998,12.33493626402165,12.475447830770602,4.245588315049165,12.548505097991866,2.424159176649579,-0.14051156674895351,2.0,2.0,1.0,5.0,7.0,1.6,0.96,1.2,1.48,1.0,1.4,1.0769230769230769,0.8333333333333334,1.3076923076923077,1.4615384615384615,1.0833333333333333,1.5,0.2,0.28,0.6400000000000001,12.499095110389504,12.350887454376544,4.309096029067583,12.566620168383578,2.380252699882476,0.14820765601296204
laliga-2023-2024-02-26-girona-v-rayo-vallecano,2024-02-26,2023,Girona,Rayo Vallecano,3,0,2,0.5,0.0,570.2023860017887,7,8,999,0,1.0,0,999,0,1.0,0,0,0,2.0,1.0,2.0,8.0,8.0,1.4,2.24,2.16,1.28,1.6,1.6,2.4166666666666665,2.076923076923077,2.5,1.1666666666666667,1.8461538461538463,1.3846153846153846,0.32,0.16,-0.8400000000000003,12.33493626402165,12.475447830770602,4.245588315049165,12.548505097991866,2.424159176649579,-0.14051156674895351,0.0,2.0,3.0,4.0,7.0,0.4,1.0,0.88,1.32,0.8,1.4,0.75,1.2307692307692308,0.9166666666666666,1.75,0.8461538461538461,0.9230769230769231,0.36,0.4,-0.6,12.499095110389504,12.350887454376544,4.309096029067583,12.566620168383578,2.380252699882476,0.14820765601296204
laliga-2023-2024-03-01-celta-v-almeria,2024-03-01,2023,Celta,Almeria,1,0,2,1.0,0.0,803.8738349882984,5,6,999,0,1.0,0,999,0,1.0,0,0,0,1.0,1.0,3.0,8.0,8.0,0.8,0.8076923076923077,1.1153846153846154,1.5,1.6,1.6,0.7692307692307693,0.8461538461538461,0.6923076923076923,1.3076923076923077,1.5384615384615385,1.6923076923076923,0.15384615384615385,0.34615384615384615,-0.007692307692307665,12.33493626402165,12.475447830770602,4.245588315049165,12.548505097991866,2.424159176649579,-0.14051156674895351,0.0,3.0,2.0,4.0,8.0,0.6,0.34615384615384615,0.9615384615384616,2.076923076923077,0.8,1.6,0.5384615384615384,0.15384615384615385,0.9230769230769231,1.7692307692307692,1.0,2.3846153846153846,0.15384615384615385,0.34615384615384615,0.25384615384615383,12.499095110389504,12.350887454376544,4.309096029067583,12.566620168383578,2.380252699882476,0.14820765601296204
laliga-2023-2024-03-02-sevilla-v-real-sociedad,2024-03-02,2023,Sevilla,Real Sociedad,3,2,2,0.5,0.0,739.794439118782,6,8,999,0,1.0,0,999,0,1.0,0,0,0,2.0,2.0,1.0,4.0,3.0,1.6,0.9230769230769231,1.1538461538461537,1.4615384615384615,0.8,0.6,1.0769230769230769,0.7692307692307693,1.3076923076923077,1.4615384615384615,1.0,1.4615384615384615,0.19230769230769232,0.3076923076923077,0.676923076923077,12.33493626402165,12.475447830770602,4.245588315049165,12.548505097991866,2.424159176649579,-0.14051156674895351,1.0,2.0,2.0,3.0,5.0,1.0,1.5384615384615385,1.3461538461538463,1.0,0.6,1.0,1.5384615384615385,1.5384615384615385,1.4615384615384615,1.1538461538461537,1.2307692307692308,0.8461538461538461,0.38461538461538464,0.2692307692307692,-0.5384615384615385,12.499095110389504,12.350887454376544,4.309096029067583,12.566620168383578,2.380252699882476,0.14820765601296204
laliga-2023-2024-03-02-rayo-vallecano-v-cadiz,2024-03-02,2023,Rayo Vallecano,Cadiz,1,1,1,0.5,0.0,486.16332581576086,5,6,999,0,1.0,0,999,0,1.0,0,0,0,0.0,1.0,4.0,4.0,10.0,0.2,0.9615384615384616,0.8461538461538461,1.3846153846153846,0.8,2.0,0.75,1.1428571428571428,0.9166666666666666,1.75,0.7857142857142857,1.0714285714285714,0.34615384615384615,0.4230769230769231,-0.7615384615384615,12.33493626402165,12.475447830770602,4.245588315049165,12.548505097991866,2.424159176649579,-0.14051156674895351,0.0,3.0,2.0,2.0,6.0,0.6,0.6923076923076923,0.6538461538461539,1.4230769230769231,0.4,1.2,1.0,0.38461538461538464,0.8461538461538461,1.3076923076923077,0.46153846153846156,1.5384615384615385,0.19230769230769232,0.5384615384615384,-0.09230769230769231,12.499095110389504,12.350887454376544,4.309096029067583,12.566620168383578,2.380252699882476,0.14820765601296204
laliga-2023-2024-03-02-getafe-v-las-palmas,2024-03-02,2023,Getafe,Las Palmas,3,3,1,0.375,0.0,1731.0069519179315,7,6,999,0,1.0,0,999,0,1.0,0,0,0,1.0,2.0,2.0,5.0,10.0,1.0,1.3076923076923077,1.2692307692307692,1.4615384615384615,1.0,2.0,2.0,0.7142857142857143,1.1666666666666667,0.8333333333333334,1.3571428571428572,2.0,0.3076923076923077,0.3076923076923077,-0.3076923076923077,12.33493626402165,12.475447830770602,4.245588315049165,12.548505097991866,2.424159176649579,-0.14051156674895351,1.0,2.0,2.0,5.0,9.0,1.0,1.3846153846153846,1.0,1.0,1.0,1.8,1.6923076923076923,1.0769230769230769,1.3076923076923077,0.7692307692307693,0.6923076923076923,1.2307692307692308,0.2692307692307692,0.34615384615384615,-0.3846153846153846,12.499095110389504,12.350887454376544,4.309096029067583,12.566620168383578,2.380252699882476,0.14820765601296204
laliga-2023-2024-03-02-valencia-v-real-madrid,2024-03-02,2023,Valencia,Real Madrid,2,2,1,0.25,0.0,302.5444197829563,14,6,999,0,1.0,0,999,0,1.0,0,0,0,2.0,1.0,2.0,3.0,5.0,1.4,1.44,1.16,1.16,0.6,1.0,2.0,0.9230769230769231,1.25,0.5,1.0769230769230769,1.7692307692307692,0.32,0.32,-0.040000000000000036,12.33493626402165,12.475447830770602,4.245588315049165,12.548505097991866,2.424159176649579,-0.14051156674895351,3.0,2.0,0.0,9.0,2.0,2.2,2.5,2.076923076923077,0.6153846153846154,1.8,0.4,2.6923076923076925,2.3076923076923075,2.3846153846153846,0.5384615384615384,1.7692307692307692,0.6923076923076923,0.5,0.038461538461538464,-0.2999999999999998,12.499095110389504,12.350887454376544,4.309096029067583,12.566620168383578,2.380252699882476,0.14820765601296204
laliga-2023-2024-03-03-villarreal-v-granada,2024-03-03,2023,Villarreal,Granada,5,1,2,1.0,0.0,433.66615961382155,9,14,999,0,1.0,0,999,0,1.0,0,0,0,2.0,3.0,0.0,10.0,6.0,1.8,1.1153846153846154,1.4615384615384615,1.8461538461538463,2.0,1.2,1.0,1.2307692307692308,1.4615384615384615,1.7692307692307692,1.4615384615384615,1.9230769230769231,0.11538461538461539,0.15384615384615385,0.6846153846153846,12.33493626402165,12.475447830770602,4.245588315049165,12.548505097991866,2.424159176649579,-0.14051156674895351,0.0,3.0,2.0,5.0,8.0,0.6,0.56,1.08,1.96,1.0,1.6,0.9230769230769231,0.16666666666666666,1.2307692307692308,1.6923076923076923,0.9166666666666666,2.25,0.04,0.4,0.039999999999999925,12.499095110389504,12.350887454376544,4.309096029067583,12.566620168383578,2.380252699882476,0.14820765601296204
laliga-2023-2024-03-03-ath-madrid-v-betis,2024-03-03,2023,Ath Madrid,Betis,2,1,2,0.5833333333333334,0.0,396.6545503244278,8,7,999,0,1.0,0,999,0,1.0,0,0,0,2.0,2.0,1.0,10.0,5.0,1.6,2.0,2.0,1.0769230769230769,2.0,1.0,2.8461538461538463,1.1538461538461537,2.4615384615384617,0.9230769230769231,1.5384615384615385,1.2307692307692308,0.34615384615384615,0.19230769230769232,-0.3999999999999999,12.33493626402165,12.475447830770602,4.245588315049165,12.548505097991866,2.424159176649579,-0.14051156674895351,3.0,2.0,0.0,7.0,2.0,2.2,1.6153846153846154,1.1923076923076923,1.0,1.4,0.4,1.9285714285714286,1.25,1.3571428571428572,0.7142857142857143,1.0,1.3333333333333333,0.4230769230769231,0.19230769230769232,0.5846153846153848,12.499095110389504,12.350887454376544,4.309096029067583,12.566620168383578,2.380252699882476,0.14820765601296204
laliga-2023-2024-03-03-mallorca-v-girona,2024-03-03,2023,Mallorca,Girona,1,0,2,0.5,0.0,266.14096704721,8,6,999,0,1.0,0,999,0,1.0,0,0,0,1.0,1.0,3.0,4.0,9.0,0.8,0.9230769230769231,0.8846153846153846,1.3076923076923077,0.8,1.8,1.2307692307692308,0.6153846153846154,0.9230769230769231,0.9230769230769231,0.8461538461538461,1.6923076923076923,0.23076923076923078,0.4230769230769231,-0.12307692307692308,12.33493626402165,12.475447830770602,4.245588315049165,12.548505097991866,2.424159176649579,-0.14051156674895351,2.0,1.0,2.0,6.0,7.0,1.4,2.269230769230769,2.1923076923076925,1.2307692307692308,1.2,1.4,2.4615384615384617,2.076923076923077,2.5384615384615383,1.0769230769230769,1.8461538461538463,1.3846153846153846,0.34615384615384615,0.15384615384615385,-0.8692307692307693,12.499095110389504,12.350887454376544,4.309096029067583,12.566620168383578,2.380252699882476,0.14820765601296204
laliga-2023-2024-03-03-ath-bilbao-v-barcelona,2024-03-03,2023,Ath Bilbao,Barcelona,0,0,1,0.07142857142857142,0.0,466.174000872469,7,8,999,0,1.0,0,999,0,1.0,0,0,0,2.0,2.0,1.0,8.0,5.0,1.6,1.8846153846153846,1.7692307692307692,1.0,1.6,1.0,2.4615384615384617,1.3076923076923077,2.6153846153846154,1.0769230769230769,0.9230769230769231,0.9230769230769231,0.46153846153846156,0.2692307692307692,-0.2846153846153845,12.33493626402165,12.475447830770602,4.245588315049165,12.548505097991866,2.424159176649579,-0.14051156674895351,4.0,1.0,0.0,13.0,5.0,2.6,2.1923076923076925,2.1538461538461537,1.3076923076923077,2.6,1.0,2.2142857142857144,2.1666666666666665,2.2857142857142856,1.3571428571428572,2.0,1.25,0.34615384615384615,0.038461538461538464,0.4076923076923076,12.499095110389504,12.350887454376544,4.309096029067583,12.566620168383578,2.380252699882476,0.14820765601296204
laliga-2023-2024-03-04-osasuna-v-alaves,2024-03-04,2023,Osasuna,Alaves,1,0,2,0.6428571428571429,0.0,84.83905260516632,8,9,999,0,1.0,0,999,0,1.0,0,0,0,2.0,1.0,2.0,4.0,5.0,1.4,1.2692307692307692,1.1538461538461537,1.4230769230769231,0.8,1.0,1.3846153846153846,1.1538461538461537,1.0769230769230769,1.3076923076923077,1.2307692307692308,1.5384615384615385,0.3076923076923077,0.23076923076923078,0.13076923076923075,12.33493626402165,12.475447830770602,4.245588315049165,12.548505097991866,2.424159176649579,-0.14051156674895351,1.0,3.0,1.0,6.0,5.0,1.2,1.1153846153846154,0.9615384615384616,1.2307692307692308,1.2,1.0,1.3846153846153846,0.8461538461538461,1.0769230769230769,1.2307692307692308,0.8461538461538461,1.2307692307692308,0.23076923076923078,0.38461538461538464,0.08461538461538454,12.499095110389504,12.350887454376544,4.309096029067583,12.566620168383578,2.380252699882476,0.14820765601296204
laliga-2023-2024-03-08-barcelona-v-mallorca,2024-03-08,2023,Barcelona,Mallorca,1,0,2,0.9166666666666666,0.0,204.36438304288018,5,5,999,0,1.0,0,999,0,1.0,0,0,0,3.0,2.0,0.0,12.0,5.0,2.2,2.1481481481481484,2.074074074074074,1.2592592592592593,2.4,1.0,2.2142857142857144,2.076923076923077,2.2857142857142856,1.3571428571428572,1.8461538461538463,1.1538461538461537,0.37037037037037035,0.07407407407407407,0.051851851851851816,12.33493626402165,12.475447830770602,4.245588315049165,12.548505097991866,2.424159176649579,-0.14051156674895351,2.0,1.0,2.0,5.0,8.0,1.4,1.0,0.8888888888888888,1.2592592592592593,1.0,1.6,1.3571428571428572,0.6153846153846154,0.9285714285714286,0.8571428571428571,0.8461538461538461,1.6923076923076923,0.25925925925925924,0.4074074074074074,0.3999999999999999,12.499095110389504,12.350887454376544,4.309096029067583,12.566620168383578,2.380252699882476,0.14820765601296204
laliga-2023-2024-03-09-valencia-v-getafe,2024-03-09,2023,Valencia,Getafe,1,0,2,0.75,0.0,299.5255146224806,7,7,999,0,1.0,0,999,0,1.0,0,0,0,1.0,2.0,2.0,4.0,7.0,1.0,1.4230769230769231,1.1923076923076923,1.1923076923076923,0.8,1.4,1.9230769230769231,0.9230769230769231,1.3076923076923077,0.6153846153846154,1.0769230769230769,1.7692307692307692,0.3076923076923077,0.3076923076923077,-0.42307692307692313,12.33493626402165,12.475447830770602,4.245588315049165,12.548505097991866,2.424159176649579,-0.14051156674895351,1.0,3.0,1.0,8.0,11.0,1.2,1.2962962962962963,1.3333333333333333,1.5185185185185186,1.6,2.2,1.9230769230769231,0.7142857142857143,1.3076923076923077,1.0,1.3571428571428572,2.0,0.2962962962962963,0.2962962962962963,-0.09629629629629632,12.499095110389504,12.350887454376544,4.309096029067583,12.566620168383578,2.380252699882476,0.14820765601296204
laliga-2023-2024-03-09-cadiz-v-ath-madrid,2024-03-09,2023,Cadiz,Ath Madrid,2,0,2,0.5,0.0,493.05607419388537,7,6,999,0,1.0,0,999,0,1.0,0,0,0,0.0,3.0,2.0,3.0,7.0,0.6,0.7037037037037037,0.6666666666666666,1.4074074074074074,0.6,1.4,1.0,0.42857142857142855,0.8461538461538461,1.3076923076923077,0.5,1.5,0.18518518518518517,0.5185185185185185,-0.10370370370370374,12.33493626402165,12.475447830770602,4.245588315049165,12.548505097991866,2.424159176649579,-0.14051156674895351,2.0,2.0,1.0,10.0,5.0,1.6,2.037037037037037,2.0,1.0740740740740742,2.0,1.0,2.857142857142857,1.1538461538461537,2.4285714285714284,0.9285714285714286,1.5384615384615385,1.2307692307692308,0.3333333333333333,0.18518518518518517,-0.4370370370370371,12.499095110389504,12.350887454376544,4.309096029067583,12.566620168383578,2.380252699882476,0.14820765601296204
laliga-2023-2024-03-09-granada-v-real-sociedad,2024-03-09,2023,Granada,Real Sociedad,2,3,0,0.0,0.0,696.4755357875945,6,7,999,0,1.0,0,999,0,1.0,0,0,0,0.0,3.0,2.0,6.0,12.0,0.6,0.5384615384615384,1.0769230769230769,2.076923076923077,1.2,2.4,0.9230769230769231,0.15384615384615385,1.2307692307692308,1.6923076923076923,0.9230769230769231,2.4615384615384617,0.038461538461538464,0.38461538461538464,0.06153846153846154,12.33493626402165,12.475447830770602,4.245588315049165,12.548505097991866,2.424159176649579,-0.14051156674895351,1.0,1.0,3.0,5.0,8.0,0.8,1.4814814814814814,1.3703703703703705,1.0740740740740742,1.0,1.6,1.5384615384615385,1.4285714285714286,1.4615384615384615,1.1538461538461537,1.2857142857142858,1.0,0.37037037037037035,0.25925925925925924,-0.6814814814814814,12.499095110389504,12.350887454376544,4.309096029067583,12.566620168383578,2.380252699882476,0.14820765601296204
laliga-2023-2024-03-09-girona-v-osasuna,2024-03-09,2023,Girona,Osasuna,2,0,2,0.6666666666666666,0.0,377.36469466051943,6,5,999,0,1.0,0,999,0,1.0,0,0,0,1.0,1.0,3.0,5.0,8.0,0.8,2.185185185185185,2.111111111111111,1.2222222222222223,1.0,1.6,2.4615384615384617,1.9285714285714286,2.5384615384615383,1.0769230769230769,1.7142857142857142,1.3571428571428572,0.3333333333333333,0.18518518518518517,-1.385185185185185,12.33493626402165,12.475447830770602,4.245588315049165,12.548505097991866,2.424159176649579,-0.14051156674895351,3.0,1.0,1.0,5.0,4.0,2.0,1.3333333333333333,1.1481481481481481,1.3703703703703705,1.0,0.8,1.5,1.1538461538461537,1.0714285714285714,1.2142857142857142,1.2307692307692308,1.5384615384615385,0.3333333333333333,0.2222222222222222,0.6666666666666667,12.499095110389504,12.350887454376544,4.309096029067583,12.566620168383578,2.380252699882476,0.14820765601296204
laliga-2023-2024-03-10-alaves-v-rayo-vallecano,2024-03-10,2023,Alaves,Rayo Vallecano,1,0,2,0.21428571428571427,0.0,285.05148916793826,6,8,999,0,1.0,0,999,0,1.0,0,0,0,0.0,3.0,2.0,3.0,6.0,0.6,1.0740740740740742,0.9259259259259259,1.2222222222222223,0.6,1.2,1.3846153846153846,0.7857142857142857,1.0769230769230769,1.2307692307692308,0.7857142857142857,1.2142857142857142,0.2222222222222222,0.4074074074074074,-0.4740740740740742,12.33493626402165,12.475447830770602,4.245588315049165,12.548505097991866,2.424159176649579,-0.14051156674895351,0.0,2.0,3.0,4.0,9.0,0.4,0.9629629629629629,0.8518518518518519,1.3703703703703705,0.8,1.8,0.7692307692307693,1.1428571428571428,0.9230769230769231,1.6923076923076923,0.7857142857142857,1.0714285714285714,0.3333333333333333,0.4074074074074074,-0.5629629629629629,12.499095110389504,12.350887454376544,4.309096029067583,12.566620168383578,2.380252699882476,0.14820765601296204
laliga-2023-2024-03-10-las-palmas-v-ath-bilbao,2024-03-10,2023,Las Palmas,Ath Bilbao,0,2,0,0.0,0.0,2024.3095310857846,8,7,999,0,1.0,0,999,0,1.0,0,0,0,1.0,3.0,1.0,7.0,10.0,1.2,1.3703703703703705,1.0740740740740742,1.0740740740740742,1.4,2.0,1.6923076923076923,1.0714285714285714,1.3076923076923077,0.7692307692307693,0.8571428571428571,1.3571428571428572,0.25925925925925924,0.3333333333333333,-0.1703703703703705,12.33493626402165,12.475447830770602,4.245588315049165,12.548505097991866,2.424159176649579,-0.14051156674895351,2.0,2.0,1.0,8.0,5.0,1.6,1.8518518518518519,1.7037037037037037,0.9629629629629629,1.6,1.0,2.357142857142857,1.3076923076923077,2.4285714285714284,1.0,0.9230769230769231,0.9230769230769231,0.48148148148148145,0.2962962962962963,-0.25185185185185177,12.499095110389504,12.350887454376544,4.309096029067583,12.566620168383578,2.380252699882476,0.14820765601296204
laliga-2023-2024-03-10-real-madrid-v-celta,2024-03-10,2023,Real Madrid,Celta,4,0,2,0.8333333333333334,0.0,464.8541080530331,8,9,999,0,1.0,0,999,0,1.0,0,0,0,2.0,3.0,0.0,9.0,4.0,1.8,2.4444444444444446,2.074074074074074,0.6666666666666666,1.8,0.8,2.6923076923076925,2.2142857142857144,2.3846153846153846,0.5384615384615384,1.7857142857142858,0.7857142857142857,0.48148148148148145,0.037037037037037035,-0.6444444444444446,12.33493626402165,12.475447830770602,4.245588315049165,12.548505097991866,2.424159176649579,-0.14051156674895351,2.0,1.0,2.0,9.0,7.0,1.4,0.8888888888888888,1.1111111111111112,1.4444444444444444,1.8,1.4,0.9285714285714286,0.8461538461538461,0.7142857142857143,1.2142857142857142,1.5384615384615385,1.6923076923076923,0.18518518518518517,0.3333333333333333,0.5111111111111111,12.499095110389504,12.350887454376544,4.309096029067583,12.566620168383578,2.380252699882476,0.14820765601296204
laliga-2023-2024-03-10-betis-v-villarreal,2024-03-10,2023,Betis,Villarreal,2,3,0,0.6428571428571429,0.0,583.4265952554996,7,7,999,0,1.0,0,999,0,1.0,0,0,0,2.0,2.0,1.0,7.0,4.0,1.6,1.5555555555555556,1.1851851851851851,1.037037037037037,1.4,0.8,1.9285714285714286,1.1538461538461537,1.3571428571428572,0.7142857142857143,1.0,1.3846153846153846,0.4074074074074074,0.18518518518518517,0.04444444444444451,12.33493626402165,12.475447830770602,4.245588315049165,12.548505097991866,2.424159176649579,-0.14051156674895351,2.0,3.0,0.0,10.0,4.0,1.8,1.1851851851851851,1.5925925925925926,1.8148148148148149,2.0,0.8,1.1428571428571428,1.2307692307692308,1.7142857142857142,1.7142857142857142,1.4615384615384615,1.9230769230769231,0.1111111111111111,0.14814814814814814,0.6148148148148149,12.499095110389504,12.350887454376544,4.309096029067583,12.566620168383578,2.380252699882476,0.14820765601296204
laliga-2023-2024-03-11-almeria-v-sevilla,2024-03-11,2023,Almeria,Sevilla,2,2,1,0.25,0.0,317.0694169290417,10,9,999,0,1.0,0,999,0,1.0,0,0,0,0.0,3.0,2.0,4.0,6.0,0.6,0.3333333333333333,0.9259259259259259,2.037037037037037,0.8,1.2,0.5384615384615384,0.14285714285714285,0.9230769230769231,1.7692307692307692,0.9285714285714286,2.2857142857142856,0.14814814814814814,0.37037037037037035,0.26666666666666666,12.33493626402165,12.475447830770602,4.245588315049165,12.548505097991866,2.424159176649579,-0.14051156674895351,3.0,1.0,1.0,6.0,4.0,2.0,1.0,1.2222222222222223,1.4814814814814814,1.2,0.8,1.2142857142857142,0.7692307692307693,1.4285714285714286,1.5,1.0,1.4615384615384615,0.18518518518518517,0.2962962962962963,1.0,12.499095110389504,12.350887454376544,4.309096029067583,12.566620168383578,2.380252699882476,0.14820765601296204
laliga-2023-2024-03-15-real-sociedad-v-cadiz,2024-03-15,2023,Real Sociedad,Cadiz,2,0,2,0.75,0.0,837.3731351640757,6,6,999,0,1.0,0,999,0,1.0,0,0,0,2.0,0.0,3.0,8.0,10.0,1.2,1.5357142857142858,1.4285714285714286,1.1071428571428572,1.6,2.0,1.5384615384615385,1.5333333333333334,1.4615384615384615,1.1538461538461537,1.4,1.0666666666666667,0.35714285714285715,0.25,-0.33571428571428585,12.33493626402165,12.475447830770602,4.245588315049165,12.548505097991866,2.424159176649579,-0.14051156674895351,1.0,2.0,2.0,5.0,7.0,1.0,0.7857142857142857,0.7142857142857143,1.3571428571428572,1.0,1.4,1.1428571428571428,0.42857142857142855,0.9285714285714286,1.2142857142857142,0.5,1.5,0.21428571428571427,0.5,0.2142857142857143,12.499095110389504,12.350887454376544,4.309096029067583,12.566620168383578,2.380252699882476,0.14820765601296204
laliga-2023-2024-03-16-ath-bilbao-v-alaves,2024-03-16,2023,Ath Bilbao,Alaves,2,0,2,0.7142857142857143,0.0,51.43559190820587,6,6,999,0,1.0,0,999,0,1.0,0,0,0,2.0,2.0,1.0,6.0,5.0,1.6,1.8928571428571428,1.7142857142857142,0.9285714285714286,1.2,1.0,2.357142857142857,1.4285714285714286,2.4285714285714284,1.0,1.0,0.8571428571428571,0.5,0.2857142857142857,-0.2928571428571427,12.33493626402165,12.475447830770602,4.245588315049165,12.548505097991866,2.424159176649579,-0.14051156674895351,1.0,3.0,1.0,3.0,3.0,1.2,1.1428571428571428,0.9285714285714286,1.1785714285714286,0.6,0.6,1.5,0.7857142857142857,1.0714285714285714,1.1428571428571428,0.7857142857142857,1.2142857142857142,0.25,0.39285714285714285,0.05714285714285716,12.499095110389504,12.350887454376544,4.309096029067583,12.566620168383578,2.380252699882476,0.14820765601296204
laliga-2023-2024-03-16-osasuna-v-real-madrid,2024-03-16,2023,Osasuna,Real Madrid,2,4,0,0.25,0.0,311.41801620608675,7,6,999,0,1.0,0,999,0,1.0,0,0,0,3.0,1.0,1.0,5.0,3.0,2.0,1.2857142857142858,1.1071428571428572,1.3928571428571428,1.0,0.6,1.5,1.0714285714285714,1.0714285714285714,1.2142857142857142,1.1428571428571428,1.5714285714285714,0.32142857142857145,0.25,0.7142857142857142,12.33493626402165,12.475447830770602,4.245588315049165,12.548505097991866,2.424159176649579,-0.14051156674895351,3.0,2.0,0.0,12.0,3.0,2.2,2.4642857142857144,2.142857142857143,0.6428571428571429,2.4,0.6,2.7142857142857144,2.2142857142857144,2.5,0.5,1.7857142857142858,0.7857142857142857,0.5,0.03571428571428571,-0.26428571428571423,12.499095110389504,12.350887454376544,4.309096029067583,12.566620168383578,2.380252699882476,0.14820765601296204
laliga-2023-2024-03-16-mallorca-v-granada,2024-03-16,2023,Mallorca,Granada,1,0,2,0.5,0.0,606.1854786446766,8,7,999,0,1.0,0,999,0,1.0,0,0,0,2.0,1.0,2.0,5.0,5.0,1.4,0.9642857142857143,0.8571428571428571,1.25,1.0,1.0,1.3571428571428572,0.5714285714285714,0.9285714285714286,0.8571428571428571,0.7857142857142857,1.6428571428571428,0.25,0.42857142857142855,0.4357142857142856,12.33493626402165,12.475447830770602,4.245588315049165,12.548505097991866,2.424159176649579,-0.14051156674895351,0.0,3.0,2.0,8.0,13.0,0.6,0.5185185185185185,1.1111111111111112,2.111111111111111,1.6,2.6,0.8571428571428571,0.15384615384615385,1.2857142857142858,1.7857142857142858,0.9230769230769231,2.4615384615384617,0.037037037037037035,0.37037037037037035,0.08148148148148149,12.499095110389504,12.350887454376544,4.309096029067583,12.566620168383578,2.380252699882476,0.14820765601296204
laliga-2023-2024-03-16-getafe-v-girona,2024-03-16,2023,Getafe,Girona,1,0,2,0.5833333333333334,0.0,577.8817083166299,7,7,999,0,1.0,0,999,0,1.0,0,0,0,1.0,2.0,2.0,7.0,11.0,1.0,1.25,1.2857142857142858,1.5,1.4,2.2,1.9230769230769231,0.6666666666666666,1.3076923076923077,1.0,1.2666666666666666,1.9333333333333333,0.2857142857142857,0.32142857142857145,-0.25,12.33493626402165,12.475447830770602,4.245588315049165,12.548505097991866,2.424159176649579,-0.14051156674895351,2.0,0.0,3.0,7.0,8.0,1.2,2.2142857142857144,2.107142857142857,1.1785714285714286,1.4,1.6,2.5,1.9285714285714286,2.5,1.0,1.7142857142857142,1.3571428571428572,0.35714285714285715,0.17857142857142858,-1.0142857142857145,12.499095110389504,12.350887454376544,4.309096029067583,12.566620168383578,2.380252699882476,0.14820765601296204
laliga-2023-2024-03-17-sevilla-v-celta,2024-03-17,2023,Sevilla,Celta,1,2,0,0.25,0.0,586.5673239379203,6,7,999,0,1.0,0,999,0,1.0,0,0,0,2.0,2.0,1.0,6.0,5.0,1.6,1.0,1.25,1.5,1.2,1.0,1.2142857142857142,0.7857142857142857,1.4285714285714286,1.5,1.0714285714285714,1.5,0.17857142857142858,0.2857142857142857,0.6000000000000001,12.33493626402165,12.475447830770602,4.245588315049165,12.548505097991866,2.424159176649579,-0.14051156674895351,1.0,1.0,3.0,6.0,11.0,0.8,0.8571428571428571,1.0714285714285714,1.5357142857142858,1.2,2.2,0.9285714285714286,0.7857142857142857,0.7142857142857143,1.2142857142857142,1.4285714285714286,1.8571428571428572,0.17857142857142858,0.35714285714285715,-0.05714285714285705,12.499095110389504,12.350887454376544,4.309096029067583,12.566620168383578,2.380252699882476,0.14820765601296204
laliga-2023-2024-03-17-villarreal-v-valencia,2024-03-17,2023,Villarreal,Valencia,1,0,2,0.6666666666666666,0.0,57.10537617130791,7,8,999,0,1.0,0,999,0,1.0,0,0,0,3.0,2.0,0.0,13.0,6.0,2.2,1.25,1.6428571428571428,1.8214285714285714,2.6,1.2,1.1428571428571428,1.3571428571428572,1.7142857142857142,1.7142857142857142,1.5714285714285714,1.9285714285714286,0.10714285714285714,0.14285714285714285,0.9500000000000002,12.33493626402165,12.475447830770602,4.245588315049165,12.548505097991866,2.424159176649579,-0.14051156674895351,2.0,2.0,1.0,5.0,5.0,1.6,1.4814814814814814,1.1851851851851851,1.1481481481481481,1.0,1.0,2.0,0.9230769230769231,1.2857142857142858,0.5714285714285714,1.0769230769230769,1.7692307692307692,0.3333333333333333,0.2962962962962963,0.11851851851851869,12.499095110389504,12.350887454376544,4.309096029067583,12.566620168383578,2.380252699882476,0.14820765601296204
laliga-2023-2024-03-17-las-palmas-v-almeria,2024-03-17,2023,Las Palmas,Almeria,0,1,0,0.5,0.0,1556.2015953949528,7,6,999,0,1.0,0,999,0,1.0,0,0,0,1.0,2.0,2.0,6.0,11.0,1.0,1.3214285714285714,1.0357142857142858,1.1071428571428572,1.2,2.2,1.5714285714285714,1.0714285714285714,1.2142857142857142,0.8571428571428571,0.8571428571428571,1.3571428571428572,0.25,0.35714285714285715,-0.3214285714285714,12.33493626402165,12.475447830770602,4.245588315049165,12.548505097991866,2.424159176649579,-0.14051156674895351,0.0,4.0,1.0,5.0,6.0,0.8,0.35714285714285715,0.9642857142857143,2.0357142857142856,1.0,1.2,0.5714285714285714,0.14285714285714285,1.0,1.7857142857142858,0.9285714285714286,2.2857142857142856,0.14285714285714285,0.35714285714285715,0.4428571428571429,12.499095110389504,12.350887454376544,4.309096029067583,12.566620168383578,2.380252699882476,0.14820765601296204
laliga-2023-2024-03-17-rayo-vallecano-v-betis,2024-03-17,2023,Rayo Vallecano,Betis,2,0,2,0.5,0.0,389.6758738843053,7,7,999,0,1.0,0,999,0,1.0,0,0,0,0.0,2.0,3.0,3.0,8.0,0.4,0.9285714285714286,0.8214285714285714,1.3571428571428572,0.6,1.6,0.7692307692307693,1.0666666666666667,0.9230769230769231,1.6923076923076923,0.7333333333333333,1.0666666666666667,0.32142857142857145,0.42857142857142855,-0.5285714285714286,12.33493626402165,12.475447830770602,4.245588315049165,12.548505097991866,2.424159176649579,-0.14051156674895351,2.0,1.0,2.0,8.0,6.0,1.4,1.5,1.2142857142857142,1.1071428571428572,1.6,1.2,1.8,1.1538461538461537,1.4,0.8666666666666667,1.0,1.3846153846153846,0.39285714285714285,0.17857142857142858,-0.10000000000000009,12.499095110389504,12.350887454376544,4.309096029067583,12.566620168383578,2.380252699882476,0.14820765601296204
laliga-2023-2024-03-17-ath-madrid-v-barcelona,2024-03-17,2023,Ath Madrid,Barcelona,0,3,0,0.16666666666666666,0.0,492.19577268549097,8,9,999,0,1.0,0,999,0,1.0,0,0,0,2.0,1.0,2.0,9.0,6.0,1.4,1.9642857142857142,1.9285714285714286,1.1071428571428572,1.8,1.2,2.857142857142857,1.0714285714285714,2.4285714285714284,0.9285714285714286,1.4285714285714286,1.2857142857142858,0.32142857142857145,0.21428571428571427,-0.5642857142857143,12.33493626402165,12.475447830770602,4.245588315049165,12.548505097991866,2.424159176649579,-0.14051156674895351,3.0,2.0,0.0,10.0,4.0,2.2,2.1785714285714284,2.0357142857142856,1.2142857142857142,2.0,0.8,2.2666666666666666,2.076923076923077,2.2,1.2666666666666666,1.8461538461538463,1.1538461538461537,0.39285714285714285,0.07142857142857142,0.021428571428571797,12.499095110389504,12.350887454376544,4.309096029067583,12.566620168383578,2.380252699882476,0.14820765601296204
laliga-2023-2024-03-29-cadiz-v-granada,2024-03-29,2023,Cadiz,Granada,1,0,2,0.5,0.0,248.5224673233667,14,13,999,0,1.0,0,999,0,1.0,0,0,0,1.0,2.0,2.0,5.0,7.0,1.0,0.7586206896551724,0.6896551724137931,1.3793103448275863,1.0,1.4,1.1428571428571428,0.4,0.9285714285714286,1.2142857142857142,0.4666666666666667,1.5333333333333334,0.20689655172413793,0.5172413793103449,0.24137931034482762,12.33493626402165,12.475447830770602,4.245588315049165,12.548505097991866,2.424159176649579,-0.14051156674895351,0.0,2.0,3.0,7.0,13.0,0.4,0.5,1.0714285714285714,2.0714285714285716,1.4,2.6,0.8571428571428571,0.14285714285714285,1.2857142857142858,1.7857142857142858,0.8571428571428571,2.357142857142857,0.03571428571428571,0.39285714285714285,-0.09999999999999998,12.499095110389504,12.350887454376544,4.309096029067583,12.566620168383578,2.380252699882476,0.14820765601296204
laliga-2023-2024-03-30-getafe-v-sevilla,2024-03-30,2023,Getafe,Sevilla,0,1,0,0.4166666666666667,0.0,379.3296978893749,14,13,999,0,1.0,0,999,0,1.0,0,0,0,1.0,2.0,2.0,5.0,9.0,1.0,1.3103448275862069,1.2758620689655173,1.4482758620689655,1.0,1.8,2.0,0.6666666666666666,1.2857142857142858,0.9285714285714286,1.2666666666666666,1.9333333333333333,0.3103448275862069,0.3103448275862069,-0.31034482758620685,12.33493626402165,12.475447830770602,4.245588315049165,12.548505097991866,2.424159176649579,-0.14051156674895351,1.0,2.0,2.0,6.0,7.0,1.0,0.9655172413793104,1.2413793103448276,1.5172413793103448,1.2,1.4,1.1333333333333333,0.7857142857142857,1.4,1.5333333333333334,1.0714285714285714,1.5,0.1724137931034483,0.27586206896551724,0.03448275862068961,12.499095110389504,12.350887454376544,4.309096029067583,12.566620168383578,2.380252699882476,0.14820765601296204
laliga-2023-2024-03-30-almeria-v-osasuna,2024-03-30,2023,Almeria,Osasuna,0,3,0,0.0,0.0,666.2163935059767,13,14,999,0,1.0,0,999,0,1.0,0,0,0,1.0,3.0,1.0,6.0,6.0,1.2,0.4482758620689655,0.9655172413793104,1.9655172413793103,1.2,1.2,0.5714285714285714,0.3333333333333333,1.0,1.7857142857142858,0.9333333333333333,2.1333333333333333,0.1724137931034483,0.3448275862068966,0.7517241379310344,12.33493626402165,12.475447830770602,4.245588315049165,12.548505097991866,2.424159176649579,-0.14051156674895351,2.0,1.0,2.0,6.0,7.0,1.4,1.2413793103448276,1.1379310344827587,1.4827586206896552,1.2,1.4,1.4,1.0714285714285714,1.1333333333333333,1.4,1.1428571428571428,1.5714285714285714,0.3103448275862069,0.2413793103448276,0.1586206896551723,12.499095110389504,12.350887454376544,4.309096029067583,12.566620168383578,2.380252699882476,0.14820765601296204
laliga-2023-2024-03-30-valencia-v-mallorca,2024-03-30,2023,Valencia,Mallorca,0,0,1,0.5,0.0,258.0155904442096,13,14,999,0,1.0,0,999,0,1.0,0,0,0,1.0,2.0,2.0,3.0,5.0,1.0,1.4285714285714286,1.1428571428571428,1.1428571428571428,0.6,1.0,2.0,0.8571428571428571,1.2857142857142858,0.5714285714285714,1.0,1.7142857142857142,0.32142857142857145,0.32142857142857145,-0.4285714285714286,12.33493626402165,12.475447830770602,4.245588315049165,12.548505097991866,2.424159176649579,-0.14051156674895351,2.0,1.0,2.0,4.0,4.0,1.4,1.0344827586206897,0.8620689655172413,1.206896551724138,0.8,0.8,1.4666666666666666,0.5714285714285714,0.9333333333333333,0.8,0.7857142857142857,1.6428571428571428,0.27586206896551724,0.41379310344827586,0.3655172413793102,12.499095110389504,12.350887454376544,4.309096029067583,12.566620168383578,2.380252699882476,0.14820765601296204
laliga-2023-2024-03-30-barcelona-v-las-palmas,2024-03-30,2023,Barcelona,Las Palmas,1,0,2,0.75,0.0,2174.1902239797873,13,13,999,0,1.0,0,999,0,1.0,0,0,0,4.0,1.0,0.0,10.0,1.0,2.6,2.206896551724138,2.0689655172413794,1.1724137931034482,2.0,0.2,2.2666666666666666,2.142857142857143,2.2,1.2666666666666666,1.9285714285714286,1.0714285714285714,0.41379310344827586,0.06896551724137931,0.3931034482758622,12.33493626402165,12.475447830770602,4.245588315049165,12.548505097991866,2.424159176649579,-0.14051156674895351,0.0,2.0,3.0,4.0,12.0,0.4,1.2758620689655173,1.0,1.103448275862069,0.8,2.4,1.4666666666666666,1.0714285714285714,1.1333333333333333,0.8666666666666667,0.8571428571428571,1.3571428571428572,0.2413793103448276,0.3793103448275862,-0.8758620689655173,12.499095110389504,12.350887454376544,4.309096029067583,12.566620168383578,2.380252699882476,0.14820765601296204
laliga-2023-2024-03-31-alaves-v-real-sociedad,2024-03-31,2023,Alaves,Real Sociedad,0,1,0,0.6666666666666666,0.0,76.09471311143147,15,16,999,0,1.0,0,999,0,1.0,0,0,0,1.0,2.0,2.0,2.0,4.0,1.0,1.103448275862069,0.896551724137931,1.206896551724138,0.4,0.8,1.5,0.7333333333333333,1.0714285714285714,1.1428571428571428,0.7333333333333333,1.2666666666666666,0.2413793103448276,0.41379310344827586,-0.10344827586206895,12.33493626402165,12.475447830770602,4.245588315049165,12.548505097991866,2.424159176649579,-0.14051156674895351,3.0,0.0,2.0,10.0,9.0,1.8,1.5862068965517242,1.4482758620689655,1.0689655172413792,2.0,1.8,1.6428571428571428,1.5333333333333334,1.5,1.0714285714285714,1.4,1.0666666666666667,0.3793103448275862,0.2413793103448276,0.21379310344827585,12.499095110389504,12.350887454376544,4.309096029067583,12.566620168383578,2.380252699882476,0.14820765601296204
laliga-2023-2024-03-31-celta-v-rayo-vallecano,2024-03-31,2023,Celta,Rayo Vallecano,0,0,1,0.4166666666666667,0.0,470.2333928897136,14,14,999,0,1.0,0,999,0,1.0,0,0,0,2.0,1.0,2.0,6.0,9.0,1.4,0.9310344827586207,1.103448275862069,1.5172413793103448,1.2,1.8,0.9285714285714286,0.9333333333333333,0.7142857142857143,1.2142857142857142,1.4666666666666666,1.8,0.1724137931034483,0.3448275862068966,0.46896551724137925,12.33493626402165,12.475447830770602,4.245588315049165,12.548505097991866,2.424159176649579,-0.14051156674895351,1.0,2.0,2.0,4.0,6.0,1.0,1.0,0.8620689655172413,1.3103448275862069,0.8,1.2,0.9285714285714286,1.0666666666666667,1.0,1.5714285714285714,0.7333333333333333,1.0666666666666667,0.3448275862068966,0.41379310344827586,0.0,12.499095110389504,12.350887454376544,4.309096029067583,12.566620168383578,2.380252699882476,0.14820765601296204
laliga-2023-2024-03-31-girona-v-betis,2024-03-31,2023,Girona,Betis,3,2,2,0.4166666666666667,0.0,908.8557335333999,15,14,999,0,1.0,0,999,0,1.0,0,0,0,2.0,0.0,3.0,7.0,5.0,1.2,2.1379310344827585,2.0344827586206895,1.1724137931034482,1.4,1.0,2.5,1.8,2.5,1.0,1.6,1.3333333333333333,0.3448275862068966,0.20689655172413793,-0.9379310344827585,12.33493626402165,12.475447830770602,4.245588315049165,12.548505097991866,2.424159176649579,-0.14051156674895351,1.0,1.0,3.0,6.0,8.0,0.8,1.4482758620689655,1.1724137931034482,1.1379310344827587,1.2,1.6,1.8,1.0714285714285714,1.4,0.8666666666666667,0.9285714285714286,1.4285714285714286,0.3793103448275862,0.20689655172413793,-0.6482758620689655,12.499095110389504,12.350887454376544,4.309096029067583,12.566620168383578,2.380252699882476,0.14820765601296204
laliga-2023-2024-03-31-real-madrid-v-ath-bilbao,2024-03-31,2023,Real Madrid,Ath Bilbao,2,0,2,0.8333333333333334,0.0,318.5003176539524,15,15,999,0,1.0,0,999,0,1.0,0,0,0,3.0,2.0,0.0,12.0,5.0,2.2,2.4827586206896552,2.206896551724138,0.6896551724137931,2.4,1.0,2.7142857142857144,2.2666666666666666,2.5,0.5,1.9333333333333333,0.8666666666666667,0.4827586206896552,0.034482758620689655,-0.28275862068965507,12.33493626402165,12.475447830770602,4.245588315049165,12.548505097991866,2.424159176649579,-0.14051156674895351,3.0,1.0,1.0,8.0,5.0,2.0,1.9310344827586208,1.7241379310344827,0.896551724137931,1.6,1.0,2.4,1.4285714285714286,2.4,0.9333333333333333,1.0,0.8571428571428571,0.5172413793103449,0.27586206896551724,0.06896551724137923,12.499095110389504,12.350887454376544,4.309096029067583,12.566620168383578,2.380252699882476,0.14820765601296204
laliga-2023-2024-04-01-villarreal-v-ath-madrid,2024-04-01,2023,Villarreal,Ath Madrid,1,2,0,0.35714285714285715,0.0,301.95351002499086,15,15,999,0,1.0,0,999,0,1.0,0,0,0,4.0,1.0,0.0,13.0,5.0,2.6,1.3103448275862069,1.6206896551724137,1.7586206896551724,2.6,1.0,1.2666666666666666,1.3571428571428572,1.6666666666666667,1.6,1.5714285714285714,1.9285714285714286,0.13793103448275862,0.13793103448275862,1.2896551724137932,12.33493626402165,12.475447830770602,4.245588315049165,12.548505097991866,2.424159176649579,-0.14051156674895351,2.0,1.0,2.0,9.0,8.0,1.4,1.896551724137931,1.8620689655172413,1.1724137931034482,1.8,1.6,2.6666666666666665,1.0714285714285714,2.2666666666666666,1.0666666666666667,1.4285714285714286,1.2857142857142858,0.3103448275862069,0.2413793103448276,-0.49655172413793114,12.499095110389504,12.350887454376544,4.309096029067583,12.566620168383578,2.380252699882476,0.14820765601296204
laliga-2023-2024-04-04-granada-v-valencia,2024-04-04,2023,Granada,Valencia,0,1,0,0.0,0.0,381.0889872934998,6,5,999,0,1.0,0,999,0,1.0,0,0,0,0.0,1.0,4.0,4.0,11.0,0.2,0.4827586206896552,1.0344827586206897,2.0344827586206895,0.8,2.2,0.8571428571428571,0.13333333333333333,1.2857142857142858,1.7857142857142858,0.8,2.2666666666666666,0.034482758620689655,0.41379310344827586,-0.2827586206896552,12.33493626402165,12.475447830770602,4.245588315049165,12.548505097991866,2.424159176649579,-0.14051156674895351,1.0,3.0,1.0,3.0,3.0,1.2,1.4137931034482758,1.103448275862069,1.103448275862069,0.6,0.6,1.9333333333333333,0.8571428571428571,1.2,0.5333333333333333,1.0,1.7142857142857142,0.3448275862068966,0.3448275862068966,-0.21379310344827585,12.499095110389504,12.350887454376544,4.309096029067583,12.566620168383578,2.380252699882476,0.14820765601296204
laliga-2023-2024-04-12-betis-v-celta,2024-04-12,2023,Betis,Celta,2,1,2,0.4166666666666667,0.0,586.5673239379203,12,12,999,0,1.0,0,999,0,1.0,0,0,0,1.0,0.0,4.0,8.0,11.0,0.6,1.4,1.2,1.2,1.6,2.2,1.8,1.0,1.4,0.8666666666666667,1.0,1.5333333333333334,0.36666666666666664,0.2,-0.7999999999999999,12.33493626402165,12.475447830770602,4.245588315049165,12.548505097991866,2.424159176649579,-0.14051156674895351,2.0,2.0,1.0,5.0,7.0,1.6,0.9333333333333333,1.0666666666666667,1.4666666666666666,1.0,1.4,0.9333333333333333,0.9333333333333333,0.6666666666666666,1.1333333333333333,1.4666666666666666,1.8,0.2,0.36666666666666664,0.6666666666666667,12.499095110389504,12.350887454376544,4.309096029067583,12.566620168383578,2.380252699882476,0.14820765601296204
laliga-2023-2024-04-13-ath-madrid-v-girona,2024-04-13,2023,Ath Madrid,Girona,3,1,2,0.8333333333333334,0.0,563.7604753188742,12,13,999,0,1.0,0,999,0,1.0,0,0,0,2.0,1.0,2.0,6.0,9.0,1.4,1.9333333333333333,1.8666666666666667,1.1666666666666667,1.2,1.8,2.6666666666666665,1.2,2.2666666666666666,1.0666666666666667,1.4666666666666666,1.2666666666666666,0.3,0.23333333333333334,-0.5333333333333334,12.33493626402165,12.475447830770602,4.245588315049165,12.548505097991866,2.424159176649579,-0.14051156674895351,3.0,0.0,2.0,8.0,4.0,1.8,2.1666666666666665,2.066666666666667,1.2,1.6,0.8,2.533333333333333,1.8,2.533333333333333,1.0666666666666667,1.6,1.3333333333333333,0.3333333333333333,0.2,-0.3666666666666665,12.499095110389504,12.350887454376544,4.309096029067583,12.566620168383578,2.380252699882476,0.14820765601296204
laliga-2023-2024-04-13-rayo-vallecano-v-getafe,2024-04-13,2023,Rayo Vallecano,Getafe,0,0,1,0.75,0.0,10.377781893936726,13,14,999,0,1.0,0,999,0,1.0,0,0,0,1.0,2.0,2.0,3.0,5.0,1.0,1.0,0.8333333333333334,1.2666666666666666,0.6,1.0,0.9285714285714286,1.0625,1.0,1.5714285714285714,0.6875,1.0,0.36666666666666664,0.43333333333333335,0.0,12.33493626402165,12.475447830770602,4.245588315049165,12.548505097991866,2.424159176649579,-0.14051156674895351,1.0,1.0,3.0,4.0,9.0,0.8,1.2666666666666666,1.2333333333333334,1.4333333333333333,0.8,1.8,1.8666666666666667,0.6666666666666666,1.2,0.9333333333333333,1.2666666666666666,1.9333333333333333,0.3,0.3333333333333333,-0.46666666666666656,12.499095110389504,12.350887454376544,4.309096029067583,12.566620168383578,2.380252699882476,0.14820765601296204
laliga-2023-2024-04-13-mallorca-v-real-madrid,2024-04-13,2023,Mallorca,Real Madrid,0,1,0,0.25,0.0,546.3638613496987,14,13,999,0,1.0,0,999,0,1.0,0,0,0,2.0,2.0,1.0,3.0,2.0,1.6,1.0333333333333334,0.8333333333333334,1.1666666666666667,0.6,0.4,1.4666666666666666,0.6,0.9333333333333333,0.8,0.7333333333333333,1.5333333333333334,0.3,0.43333333333333335,0.5666666666666667,12.33493626402165,12.475447830770602,4.245588315049165,12.548505097991866,2.424159176649579,-0.14051156674895351,4.0,1.0,0.0,13.0,4.0,2.6,2.5,2.2,0.6666666666666666,2.6,0.8,2.7333333333333334,2.2666666666666666,2.466666666666667,0.4666666666666667,1.9333333333333333,0.8666666666666667,0.5,0.03333333333333333,0.10000000000000009,12.499095110389504,12.350887454376544,4.309096029067583,12.566620168383578,2.380252699882476,0.14820765601296204
laliga-2023-2024-04-13-cadiz-v-barcelona,2024-04-13,2023,Cadiz,Barcelona,0,1,0,0.0,0.0,904.4454716986064,15,14,999,0,1.0,0,999,0,1.0,0,0,0,2.0,2.0,1.0,6.0,5.0,1.6,0.8333333333333334,0.7,1.3333333333333333,1.2,1.0,1.2666666666666666,0.4,0.9333333333333333,1.1333333333333333,0.4666666666666667,1.5333333333333334,0.23333333333333334,0.5,0.7666666666666667,12.33493626402165,12.475447830770602,4.245588315049165,12.548505097991866,2.424159176649579,-0.14051156674895351,4.0,1.0,0.0,9.0,0.0,2.6,2.2333333333333334,2.033333333333333,1.1333333333333333,1.8,0.0,2.3125,2.142857142857143,2.125,1.1875,1.9285714285714286,1.0714285714285714,0.43333333333333335,0.06666666666666667,0.3666666666666667,12.499095110389504,12.350887454376544,4.309096029067583,12.566620168383578,2.380252699882476,0.14820765601296204
laliga-2023-2024-04-14-las-palmas-v-sevilla,2024-04-14,2023,Las Palmas,Sevilla,0,2,0,0.125,0.0,1359.3686806165017,15,15,999,0,1.0,0,999,0,1.0,0,0,0,0.0,2.0,3.0,4.0,8.0,0.4,1.2333333333333334,0.9666666666666667,1.1,0.8,1.6,1.4666666666666666,1.0,1.1333333333333333,0.8666666666666667,0.8,1.3333333333333333,0.23333333333333334,0.4,-0.8333333333333334,12.33493626402165,12.475447830770602,4.245588315049165,12.548505097991866,2.424159176649579,-0.14051156674895351,2.0,1.0,2.0,7.0,7.0,1.4,1.0333333333333334,1.2333333333333334,1.4666666666666666,1.4,1.4,1.1333333333333333,0.9333333333333333,1.4,1.5333333333333334,1.0666666666666667,1.4,0.2,0.26666666666666666,0.3666666666666665,12.499095110389504,12.350887454376544,4.309096029067583,12.566620168383578,2.380252699882476,0.14820765601296204
laliga-2023-2024-04-14-granada-v-alaves,2024-04-14,2023,Granada,Alaves,2,0,2,0.5,0.0,637.1109076042225,10,14,999,0,1.0,0,999,0,1.0,0,0,0,0.0,0.0,5.0,3.0,11.0,0.0,0.4666666666666667,1.0,2.0,0.6,2.2,0.8,0.13333333333333333,1.2,1.7333333333333334,0.8,2.2666666666666666,0.03333333333333333,0.43333333333333335,-0.4666666666666667,12.33493626402165,12.475447830770602,4.245588315049165,12.548505097991866,2.424159176649579,-0.14051156674895351,1.0,1.0,3.0,2.0,5.0,0.8,1.0666666666666667,0.8666666666666667,1.2,0.4,1.0,1.4,0.7333333333333333,1.0,1.1333333333333333,0.7333333333333333,1.2666666666666666,0.23333333333333334,0.43333333333333335,-0.2666666666666666,12.499095110389504,12.350887454376544,4.309096029067583,12.566620168383578,2.380252699882476,0.14820765601296204
laliga-2023-2024-04-14-ath-bilbao-v-villarreal,2024-04-14,2023,Ath Bilbao,Villarreal,1,1,1,0.5,0.0,438.4315944355367,14,13,999,0,1.0,0,999,0,1.0,0,0,0,2.0,1.0,2.0,5.0,5.0,1.4,1.8666666666666667,1.6666666666666667,0.9333333333333333,1.0,1.0,2.4,1.3333333333333333,2.4,0.9333333333333333,0.9333333333333333,0.9333333333333333,0.5,0.3,-0.4666666666666668,12.33493626402165,12.475447830770602,4.245588315049165,12.548505097991866,2.424159176649579,-0.14051156674895351,4.0,0.0,1.0,13.0,6.0,2.4,1.2666666666666666,1.6,1.7666666666666666,2.6,1.2,1.1875,1.3571428571428572,1.625,1.625,1.5714285714285714,1.9285714285714286,0.13333333333333333,0.13333333333333333,1.1333333333333333,12.499095110389504,12.350887454376544,4.309096029067583,12.566620168383578,2.380252699882476,0.14820765601296204
laliga-2023-2024-04-14-real-sociedad-v-almeria,2024-04-14,2023,Real Sociedad,Almeria,2,2,1,0.75,0.0,719.7316535126719,14,15,999,0,1.0,0,999,0,1.0,0,0,0,3.0,0.0,2.0,9.0,8.0,1.8,1.6333333333333333,1.4333333333333333,1.0333333333333334,1.8,1.6,1.6428571428571428,1.625,1.5,1.0714285714285714,1.375,1.0,0.4,0.23333333333333334,0.16666666666666674,12.33493626402165,12.475447830770602,4.245588315049165,12.548505097991866,2.424159176649579,-0.14051156674895351,1.0,2.0,2.0,5.0,8.0,1.0,0.43333333333333335,0.9333333333333333,2.0,1.0,1.6,0.5333333333333333,0.3333333333333333,0.9333333333333333,1.8666666666666667,0.9333333333333333,2.1333333333333333,0.16666666666666666,0.36666666666666664,0.5666666666666667,12.499095110389504,12.350887454376544,4.309096029067583,12.566620168383578,2.380252699882476,0.14820765601296204
laliga-2023-2024-04-15-osasuna-v-valencia,2024-04-15,2023,Osasuna,Valencia,0,1,0,0.5,0.0,384.19801421511994,16,11,999,0,1.0,0,999,0,1.0,0,0,0,2.0,1.0,2.0,7.0,7.0,1.4,1.3,1.2,1.4333333333333333,1.4,1.4,1.4,1.2,1.1333333333333333,1.4,1.2666666666666666,1.4666666666666666,0.3333333333333333,0.23333333333333334,0.09999999999999987,12.33493626402165,12.475447830770602,4.245588315049165,12.548505097991866,2.424159176649579,-0.14051156674895351,2.0,2.0,1.0,4.0,3.0,1.6,1.4666666666666666,1.1,1.0666666666666667,0.8,0.6,1.9333333333333333,1.0,1.2,0.5333333333333333,1.0,1.6,0.36666666666666664,0.3333333333333333,0.13333333333333353,12.499095110389504,12.350887454376544,4.309096029067583,12.566620168383578,2.380252699882476,0.14820765601296204
laliga-2023-2024-04-19-ath-bilbao-v-granada,2024-04-19,2023,Ath Bilbao,Granada,1,1,1,0.5,0.0,680.8499828026253,5,5,999,0,1.0,0,999,0,1.0,0,0,0,2.0,2.0,1.0,5.0,3.0,1.6,1.8387096774193548,1.6451612903225807,0.9354838709677419,1.0,0.6,2.3125,1.3333333333333333,2.3125,0.9375,0.9333333333333333,0.9333333333333333,0.4838709677419355,0.2903225806451613,-0.23870967741935467,12.33493626402165,12.475447830770602,4.245588315049165,12.548505097991866,2.424159176649579,-0.14051156674895351,1.0,0.0,4.0,4.0,6.0,0.6,0.5483870967741935,1.032258064516129,1.935483870967742,0.8,1.2,0.9375,0.13333333333333333,1.25,1.625,0.8,2.2666666666666666,0.06451612903225806,0.41935483870967744,0.05161290322580647,12.499095110389504,12.350887454376544,4.309096029067583,12.566620168383578,2.380252699882476,0.14820765601296204
laliga-2023-2024-04-20-celta-v-las-palmas,2024-04-20,2023,Celta,Las Palmas,4,1,2,0.625,0.0,1682.2042197742667,8,6,999,0,1.0,0,999,0,1.0,0,0,0,2.0,1.0,2.0,4.0,7.0,1.4,0.9032258064516129,1.064516129032258,1.4838709677419355,0.8,1.4,0.9333333333333333,0.875,0.6666666666666666,1.1333333333333333,1.4375,1.8125,0.1935483870967742,0.3548387096774194,0.49677419354838703,12.33493626402165,12.475447830770602,4.245588315049165,12.548505097991866,2.424159176649579,-0.14051156674895351,0.0,1.0,4.0,3.0,9.0,0.2,1.1935483870967742,0.9354838709677419,1.1290322580645162,0.6,1.8,1.375,1.0,1.0625,0.9375,0.8,1.3333333333333333,0.22580645161290322,0.41935483870967744,-0.9935483870967743,12.499095110389504,12.350887454376544,4.309096029067583,12.566620168383578,2.380252699882476,0.14820765601296204
laliga-2023-2024-04-20-rayo-vallecano-v-osasuna,2024-04-20,2023,Rayo Vallecano,Osasuna,2,1,2,0.42857142857142855,0.0,315.9199232680751,7,5,999,0,1.0,0,999,0,1.0,0,0,0,1.0,3.0,1.0,3.0,2.0,1.2,1.0,0.8064516129032258,1.2258064516129032,0.6,0.4,0.9333333333333333,1.0625,0.9333333333333333,1.4666666666666666,0.6875,1.0,0.3870967741935484,0.45161290322580644,0.19999999999999996,12.33493626402165,12.475447830770602,4.245588315049165,12.548505097991866,2.424159176649579,-0.14051156674895351,2.0,0.0,3.0,6.0,7.0,1.2,1.2580645161290323,1.1612903225806452,1.4193548387096775,1.2,1.4,1.3125,1.2,1.0625,1.375,1.2666666666666666,1.4666666666666666,0.3225806451612903,0.25806451612903225,-0.058064516129032295,12.499095110389504,12.350887454376544,4.309096029067583,12.566620168383578,2.380252699882476,0.14820765601296204
laliga-2023-2024-04-20-valencia-v-betis,2024-04-20,2023,Valencia,Betis,1,2,0,0.2857142857142857,0.0,539.9261066392522,5,8,999,0,1.0,0,999,0,1.0,0,0,0,3.0,1.0,1.0,3.0,1.0,2.0,1.5161290322580645,1.096774193548387,1.032258064516129,0.6,0.2,1.9333333333333333,1.125,1.2,0.5333333333333333,1.0,1.5,0.3870967741935484,0.3225806451612903,0.4838709677419355,12.33493626402165,12.475447830770602,4.245588315049165,12.548505097991866,2.424159176649579,-0.14051156674895351,1.0,0.0,4.0,7.0,11.0,0.6,1.4516129032258065,1.2258064516129032,1.1935483870967742,1.4,2.2,1.875,1.0,1.4375,0.875,1.0,1.5333333333333334,0.3548387096774194,0.1935483870967742,-0.8516129032258065,12.499095110389504,12.350887454376544,4.309096029067583,12.566620168383578,2.380252699882476,0.14820765601296204
laliga-2023-2024-04-20-girona-v-cadiz,2024-04-20,2023,Girona,Cadiz,4,1,2,1.0,0.0,989.5868417366049,7,7,999,0,1.0,0,999,0,1.0,0,0,0,2.0,0.0,3.0,6.0,7.0,1.2,2.096774193548387,2.032258064516129,1.2580645161290323,1.2,1.4,2.533333333333333,1.6875,2.533333333333333,1.0666666666666667,1.5625,1.4375,0.3225806451612903,0.1935483870967742,-0.896774193548387,12.33493626402165,12.475447830770602,4.245588315049165,12.548505097991866,2.424159176649579,-0.14051156674895351,2.0,1.0,2.0,4.0,4.0,1.4,0.8064516129032258,0.6774193548387096,1.3225806451612903,0.8,0.8,1.1875,0.4,0.875,1.125,0.4666666666666667,1.5333333333333334,0.22580645161290322,0.5161290322580645,0.5935483870967742,12.499095110389504,12.350887454376544,4.309096029067583,12.566620168383578,2.380252699882476,0.14820765601296204
laliga-2023-2024-04-21-getafe-v-real-sociedad,2024-04-21,2023,Getafe,Real Sociedad,1,1,1,0.5,0.0,362.68976761646644,8,7,999,0,1.0,0,999,0,1.0,0,0,0,1.0,2.0,2.0,4.0,5.0,1.0,1.2580645161290323,1.1935483870967742,1.3870967741935485,0.8,1.0,1.8666666666666667,0.6875,1.2,0.9333333333333333,1.1875,1.8125,0.3225806451612903,0.3548387096774194,-0.25806451612903225,12.33493626402165,12.475447830770602,4.245588315049165,12.548505097991866,2.424159176649579,-0.14051156674895351,3.0,1.0,1.0,10.0,7.0,2.0,1.6129032258064515,1.4516129032258065,1.064516129032258,2.0,1.4,1.6,1.625,1.5333333333333334,1.1333333333333333,1.375,1.0,0.3870967741935484,0.22580645161290322,0.3870967741935485,12.499095110389504,12.350887454376544,4.309096029067583,12.566620168383578,2.380252699882476,0.14820765601296204
laliga-2023-2024-04-21-almeria-v-villarreal,2024-04-21,2023,Almeria,Villarreal,1,2,0,0.0,0.0,401.7530924520303,7,7,999,0,1.0,0,999,0,1.0,0,0,0,1.0,2.0,2.0,5.0,8.0,1.0,0.45161290322580644,0.967741935483871,2.0,1.0,1.6,0.5333333333333333,0.375,0.9333333333333333,1.8666666666666667,1.0,2.125,0.16129032258064516,0.3548387096774194,0.5483870967741935,12.33493626402165,12.475447830770602,4.245588315049165,12.548505097991866,2.424159176649579,-0.14051156674895351,3.0,1.0,1.0,11.0,6.0,2.0,1.2580645161290323,1.5806451612903225,1.7419354838709677,2.2,1.2,1.1875,1.3333333333333333,1.625,1.625,1.5333333333333334,1.8666666666666667,0.12903225806451613,0.12903225806451613,0.7419354838709677,12.499095110389504,12.350887454376544,4.309096029067583,12.566620168383578,2.380252699882476,0.14820765601296204
laliga-2023-2024-04-21-alaves-v-ath-madrid,2024-04-21,2023,Alaves,Ath Madrid,2,0,2,0.3333333333333333,0.0,278.7572782834927,7,8,999,0,1.0,0,999,0,1.0,0,0,0,1.0,0.0,4.0,1.0,6.0,0.6,1.032258064516129,0.8387096774193549,1.2258064516129032,0.2,1.2,1.4,0.6875,1.0,1.1333333333333333,0.6875,1.3125,0.22580645161290322,0.45161290322580644,-0.432258064516129,12.33493626402165,12.475447830770602,4.245588315049165,12.548505097991866,2.424159176649579,-0.14051156674895351,3.0,0.0,2.0,7.0,8.0,1.8,1.967741935483871,1.903225806451613,1.1612903225806452,1.4,1.6,2.6875,1.2,2.3125,1.0625,1.4666666666666666,1.2666666666666666,0.2903225806451613,0.22580645161290322,-0.16774193548387095,12.499095110389504,12.350887454376544,4.309096029067583,12.566620168383578,2.380252699882476,0.14820765601296204
laliga-2023-2024-04-21-real-madrid-v-barcelona,2024-04-21,2023,Real Madrid,Barcelona,3,2,2,0.5,0.0,499.0682158063144,8,8,999,0,1.0,0,999,0,1.0,0,0,0,4.0,1.0,0.0,13.0,4.0,2.6,2.5161290322580645,2.161290322580645,0.6451612903225806,2.6,0.8,2.7333333333333334,2.3125,2.466666666666667,0.4666666666666667,1.875,0.8125,0.5161290322580645,0.03225806451612903,0.08387096774193559,12.33493626402165,12.475447830770602,4.245588315049165,12.548505097991866,2.424159176649579,-0.14051156674895351,4.0,1.0,0.0,6.0,0.0,2.6,2.2580645161290325,2.0,1.096774193548387,1.2,0.0,2.3125,2.2,2.125,1.1875,1.8666666666666667,1.0,0.45161290322580644,0.06451612903225806,0.3419354838709676,12.499095110389504,12.350887454376544,4.309096029067583,12.566620168383578,2.380252699882476,0.14820765601296204
laliga-2023-2024-04-22-sevilla-v-mallorca,2024-04-22,2023,Sevilla,Mallorca,2,1,2,0.3333333333333333,0.0,787.3887957067963,8,9,999,0,1.0,0,999,0,1.0,0,0,0,3.0,1.0,1.0,9.0,6.0,2.0,1.096774193548387,1.2580645161290323,1.4193548387096775,1.8,1.2,1.1333333333333333,1.0625,1.4,1.5333333333333334,1.125,1.3125,0.22580645161290322,0.25806451612903225,0.903225806451613,12.33493626402165,12.475447830770602,4.245588315049165,12.548505097991866,2.424159176649579,-0.14051156674895351,2.0,1.0,2.0,2.0,2.0,1.4,1.0,0.8064516129032258,1.1612903225806452,0.4,0.4,1.375,0.6,0.875,0.8125,0.7333333333333333,1.5333333333333334,0.2903225806451613,0.45161290322580644,0.3999999999999999,12.499095110389504,12.350887454376544,4.309096029067583,12.566620168383578,2.380252699882476,0.14820765601296204
laliga-2023-2024-04-26-real-sociedad-v-real-madrid,2024-04-26,2023,Real Sociedad,Real Madrid,0,1,0,0.0,0.0,347.0032930879048,5,5,999,0,1.0,0,999,0,1.0,0,0,0,3.0,2.0,0.0,9.0,5.0,2.2,1.59375,1.4375,1.0625,1.8,1.0,1.6,1.588235294117647,1.5333333333333334,1.1333333333333333,1.3529411764705883,1.0,0.375,0.21875,0.6062500000000002,12.33493626402165,12.475447830770602,4.245588315049165,12.548505097991866,2.424159176649579,-0.14051156674895351,5.0,0.0,0.0,14.0,4.0,3.0,2.53125,2.1875,0.6875,2.8,0.8,2.75,2.3125,2.5,0.5625,1.875,0.8125,0.5,0.03125,0.46875,12.499095110389504,12.350887454376544,4.309096029067583,12.566620168383578,2.380252699882476,0.14820765601296204
laliga-2023-2024-04-27-las-palmas-v-girona,2024-04-27,2023,Las Palmas,Girona,0,2,0,0.25,0.0,2260.302052877426,7,7,999,0,1.0,0,999,0,1.0,0,0,0,0.0,0.0,5.0,1.0,10.0,0.0,1.15625,0.9375,1.21875,0.2,2.0,1.375,0.9375,1.0625,0.9375,0.8125,1.5,0.21875,0.40625,-1.15625,12.33493626402165,12.475447830770602,4.245588315049165,12.548505097991866,2.424159176649579,-0.14051156674895351,3.0,0.0,2.0,10.0,7.0,1.8,2.125,2.09375,1.25,2.0,1.4,2.5625,1.6875,2.625,1.0625,1.5625,1.4375,0.3125,0.1875,-0.32499999999999996,12.499095110389504,12.350887454376544,4.309096029067583,12.566620168383578,2.380252699882476,0.14820765601296204
laliga-2023-2024-04-27-almeria-v-getafe,2024-04-27,2023,Almeria,Getafe,1,3,0,0.0,0.0,400.80677531678174,6,6,999,0,1.0,0,999,0,1.0,0,0,0,1.0,2.0,2.0,6.0,9.0,1.0,0.4375,0.96875,2.0,1.2,1.8,0.5,0.375,0.9375,1.875,1.0,2.125,0.15625,0.34375,0.5625,12.33493626402165,12.475447830770602,4.245588315049165,12.548505097991866,2.424159176649579,-0.14051156674895351,1.0,2.0,2.0,2.0,3.0,1.0,1.25,1.1875,1.375,0.4,0.6,1.8125,0.6875,1.1875,0.9375,1.1875,1.8125,0.3125,0.34375,-0.25,12.499095110389504,12.350887454376544,4.309096029067583,12.566620168383578,2.380252699882476,0.14820765601296204
laliga-2023-2024-04-27-alaves-v-celta,2024-04-27,2023,Alaves,Celta,3,0,2,0.5,0.0,501.8600458273029,6,7,999,0,1.0,0,999,0,1.0,0,0,0,2.0,0.0,3.0,3.0,5.0,1.2,1.09375,0.875,1.1875,0.6,1.0,1.5,0.6875,1.0625,1.0625,0.6875,1.3125,0.25,0.4375,0.10624999999999996,12.33493626402165,12.475447830770602,4.245588315049165,12.548505097991866,2.424159176649579,-0.14051156674895351,2.0,1.0,2.0,7.0,8.0,1.4,0.96875,1.15625,1.46875,1.4,1.6,1.0625,0.875,0.875,1.125,1.4375,1.8125,0.1875,0.34375,0.4312499999999999,12.499095110389504,12.350887454376544,4.309096029067583,12.566620168383578,2.380252699882476,0.14820765601296204
laliga-2023-2024-04-27-ath-madrid-v-ath-bilbao,2024-04-27,2023,Ath Madrid,Ath Bilbao,3,1,2,0.5714285714285714,0.0,318.9219671527912,6,8,999,0,1.0,0,999,0,1.0,0,0,0,2.0,0.0,3.0,5.0,9.0,1.2,1.90625,1.84375,1.1875,1.0,1.8,2.6875,1.125,2.3125,1.0625,1.375,1.3125,0.28125,0.25,-0.70625,12.33493626402165,12.475447830770602,4.245588315049165,12.548505097991866,2.424159176649579,-0.14051156674895351,2.0,2.0,1.0,6.0,4.0,1.6,1.8125,1.625,0.9375,1.2,0.8,2.235294117647059,1.3333333333333333,2.235294117647059,0.9411764705882353,0.9333333333333333,0.9333333333333333,0.46875,0.28125,-0.2124999999999999,12.499095110389504,12.350887454376544,4.309096029067583,12.566620168383578,2.380252699882476,0.14820765601296204
laliga-2023-2024-04-28-cadiz-v-mallorca,2024-04-28,2023,Cadiz,Mallorca,1,1,1,0.5,0.0,850.3509318511678,8,6,999,0,1.0,0,999,0,1.0,0,0,0,2.0,0.0,3.0,4.0,7.0,1.2,0.78125,0.6875,1.40625,0.8,1.4,1.1875,0.375,0.875,1.125,0.5,1.6875,0.21875,0.5,0.41874999999999996,12.33493626402165,12.475447830770602,4.245588315049165,12.548505097991866,2.424159176649579,-0.14051156674895351,1.0,1.0,3.0,2.0,4.0,0.8,0.96875,0.8125,1.1875,0.4,0.8,1.375,0.5625,0.875,0.8125,0.75,1.5625,0.28125,0.4375,-0.16874999999999996,12.499095110389504,12.350887454376544,4.309096029067583,12.566620168383578,2.380252699882476,0.14820765601296204
laliga-2023-2024-04-28-granada-v-osasuna,2024-04-28,2023,Granada,Osasuna,3,0,2,0.5,0.0,648.5321774659061,9,8,999,0,1.0,0,999,0,1.0,0,0,0,1.0,1.0,3.0,3.0,4.0,0.8,0.5625,1.03125,1.90625,0.6,0.8,0.9375,0.1875,1.25,1.625,0.8125,2.1875,0.0625,0.40625,0.23750000000000004,12.33493626402165,12.475447830770602,4.245588315049165,12.548505097991866,2.424159176649579,-0.14051156674895351,1.0,0.0,4.0,6.0,9.0,0.6,1.21875,1.15625,1.4375,1.2,1.8,1.3125,1.125,1.0625,1.375,1.25,1.5,0.3125,0.25,-0.61875,12.499095110389504,12.350887454376544,4.309096029067583,12.566620168383578,2.380252699882476,0.14820765601296204
laliga-2023-2024-04-28-villarreal-v-rayo-vallecano,2024-04-28,2023,Villarreal,Rayo Vallecano,3,0,2,0.6666666666666666,0.0,306.1113784234836,7,8,999,0,1.0,0,999,0,1.0,0,0,0,3.0,1.0,1.0,8.0,6.0,2.0,1.3125,1.59375,1.71875,1.6,1.2,1.1875,1.4375,1.625,1.625,1.5625,1.8125,0.125,0.125,0.6875,12.33493626402165,12.475447830770602,4.245588315049165,12.548505097991866,2.424159176649579,-0.14051156674895351,2.0,2.0,1.0,4.0,2.0,1.6,1.0625,0.84375,1.21875,0.8,0.4,1.0625,1.0625,1.0,1.4375,0.6875,1.0,0.375,0.4375,0.5375000000000001,12.499095110389504,12.350887454376544,4.309096029067583,12.566620168383578,2.380252699882476,0.14820765601296204
laliga-2023-2024-04-28-betis-v-sevilla,2024-04-28,2023,Betis,Sevilla,1,1,1,0.5833333333333334,0.0,0.0,8,6,999,0,1.0,0,999,0,1.0,0,0,0,2.0,0.0,3.0,8.0,10.0,1.2,1.5,1.25,1.1875,1.6,2.0,1.875,1.125,1.4375,0.875,1.0625,1.5,0.34375,0.1875,-0.30000000000000004,12.33493626402165,12.475447830770602,4.245588315049165,12.548505097991866,2.424159176649579,-0.14051156674895351,3.0,1.0,1.0,8.0,5.0,2.0,1.15625,1.28125,1.40625,1.6,1.0,1.25,1.0625,1.4375,1.5,1.125,1.3125,0.21875,0.25,0.84375,12.499095110389504,12.350887454376544,4.309096029067583,12.566620168383578,2.380252699882476,0.14820765601296204
laliga-2023-2024-04-29-barcelona-v-valencia,2024-04-29,2023,Barcelona,Valencia,4,2,2,0.7857142857142857,0.0,299.8128548684505,8,9,999,0,1.0,0,999,0,1.0,0,0,0,4.0,0.0,1.0,8.0,3.0,2.4,2.1875,2.0,1.15625,1.6,0.6,2.3125,2.0625,2.125,1.1875,1.875,1.125,0.4375,0.0625,0.2124999999999999,12.33493626402165,12.475447830770602,4.245588315049165,12.548505097991866,2.424159176649579,-0.14051156674895351,2.0,1.0,2.0,3.0,3.0,1.4,1.46875,1.09375,1.0625,0.6,0.6,1.8125,1.125,1.1875,0.625,1.0,1.5,0.375,0.3125,-0.06875000000000009,12.499095110389504,12.350887454376544,4.309096029067583,12.566620168383578,2.380252699882476,0.14820765601296204
laliga-2023-2024-05-03-getafe-v-ath-bilbao,2024-05-03,2023,Getafe,Ath Bilbao,0,2,0,0.5,0.0,334.75140847770354,6,6,999,0,1.0,0,999,0,1.0,0,0,0,2.0,2.0,1.0,5.0,3.0,1.6,1.303030303030303,1.2424242424242424,1.3636363636363635,1.0,0.6,1.8125,0.8235294117647058,1.1875,0.9375,1.2941176470588236,1.7647058823529411,0.30303030303030304,0.3333333333333333,0.2969696969696971,12.33493626402165,12.475447830770602,4.245588315049165,12.548505097991866,2.424159176649579,-0.14051156674895351,1.0,2.0,2.0,5.0,7.0,1.0,1.7575757575757576,1.606060606060606,1.0,1.0,1.4,2.235294117647059,1.25,2.235294117647059,0.9411764705882353,0.9375,1.0625,0.45454545454545453,0.2727272727272727,-0.7575757575757576,12.499095110389504,12.350887454376544,4.309096029067583,12.566620168383578,2.380252699882476,0.14820765601296204
laliga-2023-2024-05-04-real-sociedad-v-las-palmas,2024-05-04,2023,Real Sociedad,Las Palmas,2,0,2,0.75,0.0,2076.995858266857,8,7,999,0,1.0,0,999,0,1.0,0,0,0,2.0,2.0,1.0,6.0,4.0,1.6,1.5454545454545454,1.393939393939394,1.0606060606060606,1.2,0.8,1.5,1.588235294117647,1.4375,1.125,1.3529411764705883,1.0,0.36363636363636365,0.24242424242424243,0.054545454545454675,12.33493626402165,12.475447830770602,4.245588315049165,12.548505097991866,2.424159176649579,-0.14051156674895351,0.0,0.0,5.0,1.0,10.0,0.0,1.121212121212121,0.9090909090909091,1.2424242424242424,0.2,2.0,1.2941176470588236,0.9375,1.0,1.0,0.8125,1.5,0.21212121212121213,0.42424242424242425,-1.121212121212121,12.499095110389504,12.350887454376544,4.309096029067583,12.566620168383578,2.380252699882476,0.14820765601296204
laliga-2023-2024-05-04-real-madrid-v-cadiz,2024-05-04,2023,Real Madrid,Cadiz,3,0,2,1.0,0.0,491.01412256360186,8,6,999,0,1.0,0,999,0,1.0,0,0,0,5.0,0.0,0.0,11.0,4.0,3.0,2.5454545454545454,2.1515151515151514,0.6666666666666666,2.2,0.8,2.75,2.3529411764705883,2.5,0.5625,1.8235294117647058,0.7647058823529411,0.5151515151515151,0.030303030303030304,0.4545454545454546,12.33493626402165,12.475447830770602,4.245588315049165,12.548505097991866,2.424159176649579,-0.14051156674895351,1.0,1.0,3.0,3.0,8.0,0.8,0.7878787878787878,0.696969696969697,1.393939393939394,0.6,1.6,1.1764705882352942,0.375,0.8823529411764706,1.1176470588235294,0.5,1.6875,0.21212121212121213,0.48484848484848486,0.0121212121212122,12.499095110389504,12.350887454376544,4.309096029067583,12.566620168383578,2.380252699882476,0.14820765601296204
laliga-2023-2024-05-04-girona-v-barcelona,2024-05-04,2023,Girona,Barcelona,4,2,2,0.5,0.0,87.8199411621499,7,5,999,0,1.0,0,999,0,1.0,0,0,0,3.0,0.0,2.0,10.0,7.0,1.8,2.1515151515151514,2.090909090909091,1.2121212121212122,2.0,1.4,2.5625,1.7647058823529411,2.625,1.0625,1.588235294117647,1.3529411764705883,0.3333333333333333,0.18181818181818182,-0.35151515151515134,12.33493626402165,12.475447830770602,4.245588315049165,12.548505097991866,2.424159176649579,-0.14051156674895351,4.0,0.0,1.0,11.0,5.0,2.4,2.212121212121212,2.0606060606060606,1.1818181818181819,2.2,1.0,2.3529411764705883,2.0625,2.235294117647059,1.2352941176470589,1.875,1.125,0.42424242424242425,0.06060606060606061,0.18787878787878798,12.499095110389504,12.350887454376544,4.309096029067583,12.566620168383578,2.380252699882476,0.14820765601296204
laliga-2023-2024-05-04-mallorca-v-ath-madrid,2024-05-04,2023,Mallorca,Ath Madrid,0,1,0,0.08333333333333333,0.0,538.6573715639815,6,7,999,0,1.0,0,999,0,1.0,0,0,0,1.0,2.0,2.0,3.0,4.0,1.0,0.9696969696969697,0.8181818181818182,1.1818181818181819,0.6,0.8,1.375,0.5882352941176471,0.875,0.8125,0.7647058823529411,1.5294117647058822,0.2727272727272727,0.42424242424242425,0.030303030303030276,12.33493626402165,12.475447830770602,4.245588315049165,12.548505097991866,2.424159176649579,-0.14051156674895351,3.0,0.0,2.0,8.0,8.0,1.8,1.9393939393939394,1.878787878787879,1.1818181818181819,1.6,1.6,2.7058823529411766,1.125,2.3529411764705883,1.0588235294117647,1.375,1.3125,0.2727272727272727,0.24242424242424243,-0.1393939393939394,12.499095110389504,12.350887454376544,4.309096029067583,12.566620168383578,2.380252699882476,0.14820765601296204
laliga-2023-2024-05-05-osasuna-v-betis,2024-05-05,2023,Osasuna,Betis,0,2,0,0.16666666666666666,0.0,705.5950045460971,7,7,999,0,1.0,0,999,0,1.0,0,0,0,1.0,0.0,4.0,6.0,10.0,0.6,1.1818181818181819,1.121212121212121,1.4848484848484849,1.2,2.0,1.3125,1.0588235294117647,1.0625,1.375,1.1764705882352942,1.588235294117647,0.30303030303030304,0.2727272727272727,-0.5818181818181819,12.33493626402165,12.475447830770602,4.245588315049165,12.548505097991866,2.424159176649579,-0.14051156674895351,2.0,1.0,2.0,7.0,8.0,1.4,1.4848484848484849,1.2424242424242424,1.1818181818181819,1.4,1.6,1.8235294117647058,1.125,1.411764705882353,0.8823529411764706,1.0625,1.5,0.3333333333333333,0.18181818181818182,-0.08484848484848495,12.499095110389504,12.350887454376544,4.309096029067583,12.566620168383578,2.380252699882476,0.14820765601296204
laliga-2023-2024-05-05-valencia-v-alaves,2024-05-05,2023,Valencia,Alaves,0,1,0,0.42857142857142855,0.0,421.45291985193836,6,8,999,0,1.0,0,999,0,1.0,0,0,0,2.0,1.0,2.0,5.0,6.0,1.4,1.4242424242424243,1.121212121212121,1.1515151515151516,1.0,1.2,1.8125,1.0588235294117647,1.1875,0.625,1.0588235294117647,1.6470588235294117,0.36363636363636365,0.30303030303030304,-0.0242424242424244,12.33493626402165,12.475447830770602,4.245588315049165,12.548505097991866,2.424159176649579,-0.14051156674895351,2.0,0.0,3.0,5.0,5.0,1.2,1.1515151515151516,0.9393939393939394,1.1515151515151516,1.0,1.0,1.588235294117647,0.6875,1.1764705882352942,1.0,0.6875,1.3125,0.2727272727272727,0.42424242424242425,0.04848484848484835,12.499095110389504,12.350887454376544,4.309096029067583,12.566620168383578,2.380252699882476,0.14820765601296204
laliga-2023-2024-05-05-rayo-vallecano-v-almeria,2024-05-05,2023,Rayo Vallecano,Almeria,0,1,0,0.5,0.0,408.41447146181173,7,8,999,0,1.0,0,999,0,1.0,0,0,0,2.0,2.0,1.0,4.0,4.0,1.6,1.0303030303030303,0.8181818181818182,1.2727272727272727,0.8,0.8,1.0625,1.0,1.0,1.4375,0.6470588235294118,1.1176470588235294,0.36363636363636365,0.45454545454545453,0.5696969696969698,12.33493626402165,12.475447830770602,4.245588315049165,12.548505097991866,2.424159176649579,-0.14051156674895351,1.0,1.0,3.0,5.0,10.0,0.8,0.42424242424242425,0.9696969696969697,2.0303030303030303,1.0,2.0,0.47058823529411764,0.375,0.9411764705882353,1.9411764705882353,1.0,2.125,0.15151515151515152,0.3333333333333333,0.3757575757575758,12.499095110389504,12.350887454376544,4.309096029067583,12.566620168383578,2.380252699882476,0.14820765601296204
laliga-2023-2024-05-05-sevilla-v-granada,2024-05-05,2023,Sevilla,Granada,3,0,2,1.0,0.0,211.42802169317443,7,7,999,0,1.0,0,999,0,1.0,0,0,0,3.0,1.0,1.0,7.0,4.0,2.0,1.1515151515151516,1.2727272727272727,1.393939393939394,1.4,0.8,1.25,1.0588235294117647,1.4375,1.5,1.1176470588235294,1.2941176470588236,0.21212121212121213,0.24242424242424243,0.8484848484848484,12.33493626402165,12.475447830770602,4.245588315049165,12.548505097991866,2.424159176649579,-0.14051156674895351,2.0,1.0,2.0,6.0,3.0,1.4,0.6363636363636364,1.0909090909090908,1.8484848484848484,1.2,0.6,1.0588235294117647,0.1875,1.3529411764705883,1.5294117647058822,0.8125,2.1875,0.09090909090909091,0.3939393939393939,0.7636363636363636,12.499095110389504,12.350887454376544,4.309096029067583,12.566620168383578,2.380252699882476,0.14820765601296204
laliga-2023-2024-05-05-celta-v-villarreal,2024-05-05,2023,Celta,Villarreal,3,2,2,0.4166666666666667,0.0,766.1990508700139,8,7,999,0,1.0,0,999,0,1.0,0,0,0,2.0,1.0,2.0,7.0,7.0,1.4,0.9393939393939394,1.121212121212121,1.5151515151515151,1.4,1.4,1.0625,0.8235294117647058,0.875,1.125,1.3529411764705883,1.8823529411764706,0.18181818181818182,0.36363636363636365,0.46060606060606046,12.33493626402165,12.475447830770602,4.245588315049165,12.548505097991866,2.424159176649579,-0.14051156674895351,3.0,1.0,1.0,8.0,4.0,2.0,1.3636363636363635,1.6363636363636365,1.6666666666666667,1.6,0.8,1.2941176470588236,1.4375,1.7058823529411764,1.5294117647058822,1.5625,1.8125,0.15151515151515152,0.12121212121212122,0.6363636363636365,12.499095110389504,12.350887454376544,4.309096029067583,12.566620168383578,2.380252699882476,0.14820765601296204
laliga-2023-2024-05-10-alaves-v-girona,2024-05-10,2023,Alaves,Girona,2,2,1,0.3333333333333333,0.0,461.4731302841583,5,6,999,0,1.0,0,999,0,1.0,0,0,0,3.0,0.0,2.0,6.0,3.0,1.8,1.2058823529411764,0.9411764705882353,1.1176470588235294,1.2,0.6,1.588235294117647,0.8235294117647058,1.1764705882352942,1.0,0.7058823529411765,1.2352941176470589,0.29411764705882354,0.4117647058823529,0.5941176470588236,12.33493626402165,12.475447830770602,4.245588315049165,12.548505097991866,2.424159176649579,-0.14051156674895351,4.0,0.0,1.0,14.0,8.0,2.4,2.176470588235294,2.1470588235294117,1.2352941176470589,2.8,1.6,2.588235294117647,1.7647058823529411,2.7058823529411766,1.1176470588235294,1.588235294117647,1.3529411764705883,0.3235294117647059,0.17647058823529413,0.22352941176470598,12.499095110389504,12.350887454376544,4.309096029067583,12.566620168383578,2.380252699882476,0.14820765601296204
laliga-2023-2024-05-11-mallorca-v-las-palmas,2024-05-11,2023,Mallorca,Las Palmas,1,0,2,0.875,0.0,2095.787048048695,7,7,999,0,1.0,0,999,0,1.0,0,0,0,0.0,2.0,3.0,2.0,5.0,0.4,0.9411764705882353,0.7941176470588235,1.1764705882352942,0.4,1.0,1.2941176470588236,0.5882352941176471,0.8235294117647058,0.8235294117647058,0.7647058823529411,1.5294117647058822,0.2647058823529412,0.4411764705882353,-0.5411764705882353,12.33493626402165,12.475447830770602,4.245588315049165,12.548505097991866,2.424159176649579,-0.14051156674895351,0.0,0.0,5.0,1.0,11.0,0.0,1.088235294117647,0.8823529411764706,1.2647058823529411,0.2,2.2,1.2941176470588236,0.8823529411764706,1.0,1.0,0.7647058823529411,1.5294117647058822,0.20588235294117646,0.4411764705882353,-1.088235294117647,12.499095110389504,12.350887454376544,4.309096029067583,12.566620168383578,2.380252699882476,0.14820765601296204
laliga-2023-2024-05-11-villarreal-v-sevilla,2024-05-11,2023,Villarreal,Sevilla,3,2,2,0.75,0.0,583.4265952554996,6,6,999,0,1.0,0,999,0,1.0,0,0,0,2.0,1.0,2.0,9.0,7.0,1.4,1.3235294117647058,1.6470588235294117,1.7058823529411764,1.8,1.4,1.2941176470588236,1.3529411764705883,1.7058823529411764,1.5294117647058822,1.588235294117647,1.8823529411764706,0.14705882352941177,0.11764705882352941,0.07647058823529407,12.33493626402165,12.475447830770602,4.245588315049165,12.548505097991866,2.424159176649579,-0.14051156674895351,4.0,1.0,0.0,9.0,2.0,2.6,1.2058823529411764,1.3235294117647058,1.3529411764705883,1.8,0.4,1.3529411764705883,1.0588235294117647,1.5294117647058822,1.411764705882353,1.1176470588235294,1.2941176470588236,0.23529411764705882,0.23529411764705882,1.3941176470588237,12.499095110389504,12.350887454376544,4.309096029067583,12.566620168383578,2.380252699882476,0.14820765601296204
laliga-2023-2024-05-11-granada-v-real-madrid,2024-05-11,2023,Granada,Real Madrid,0,4,0,0.0,0.0,366.1366923294067,6,7,999,0,1.0,0,999,0,1.0,0,0,0,2.0,1.0,2.0,6.0,5.0,1.4,0.6176470588235294,1.0588235294117647,1.8823529411764706,1.2,1.0,1.0588235294117647,0.17647058823529413,1.3529411764705883,1.5294117647058822,0.7647058823529411,2.235294117647059,0.08823529411764706,0.4117647058823529,0.7823529411764705,12.33493626402165,12.475447830770602,4.245588315049165,12.548505097991866,2.424159176649579,-0.14051156674895351,5.0,0.0,0.0,10.0,2.0,3.0,2.5588235294117645,2.176470588235294,0.6470588235294118,2.0,0.4,2.764705882352941,2.3529411764705883,2.5294117647058822,0.5294117647058824,1.8235294117647058,0.7647058823529411,0.5294117647058824,0.029411764705882353,0.4411764705882355,12.499095110389504,12.350887454376544,4.309096029067583,12.566620168383578,2.380252699882476,0.14820765601296204
laliga-2023-2024-05-11-ath-bilbao-v-osasuna,2024-05-11,2023,Ath Bilbao,Osasuna,2,2,1,0.75,0.0,118.61154051368908,8,6,999,0,1.0,0,999,0,1.0,0,0,0,1.0,2.0,2.0,5.0,7.0,1.0,1.7941176470588236,1.6176470588235294,0.9705882352941176,1.0,1.4,2.235294117647059,1.3529411764705883,2.235294117647059,0.9411764705882353,1.0,1.0,0.47058823529411764,0.2647058823529412,-0.7941176470588236,12.33493626402165,12.475447830770602,4.245588315049165,12.548505097991866,2.424159176649579,-0.14051156674895351,1.0,0.0,4.0,4.0,8.0,0.6,1.1470588235294117,1.088235294117647,1.5,0.8,1.6,1.2352941176470589,1.0588235294117647,1.0,1.411764705882353,1.1764705882352942,1.588235294117647,0.29411764705882354,0.29411764705882354,-0.5470588235294117,12.499095110389504,12.350887454376544,4.309096029067583,12.566620168383578,2.380252699882476,0.14820765601296204
laliga-2023-2024-05-12-cadiz-v-getafe,2024-05-12,2023,Cadiz,Getafe,1,0,2,0.5,0.0,475.7894872151211,8,9,999,0,1.0,0,999,0,1.0,0,0,0,1.0,1.0,3.0,3.0,9.0,0.8,0.7647058823529411,0.6764705882352942,1.4411764705882353,0.6,1.8,1.1764705882352942,0.35294117647058826,0.8823529411764706,1.1176470588235294,0.47058823529411764,1.7647058823529411,0.20588235294117646,0.5,0.03529411764705892,12.33493626402165,12.475447830770602,4.245588315049165,12.548505097991866,2.424159176649579,-0.14051156674895351,1.0,2.0,2.0,4.0,5.0,1.0,1.2647058823529411,1.2058823529411764,1.3823529411764706,0.8,1.0,1.7058823529411764,0.8235294117647058,1.1176470588235294,1.0,1.2941176470588236,1.7647058823529411,0.29411764705882354,0.35294117647058826,-0.2647058823529411,12.499095110389504,12.350887454376544,4.309096029067583,12.566620168383578,2.380252699882476,0.14820765601296204
laliga-2023-2024-05-12-ath-madrid-v-celta,2024-05-12,2023,Ath Madrid,Celta,1,0,2,0.6666666666666666,0.0,472.3895555111108,8,7,999,0,1.0,0,999,0,1.0,0,0,0,4.0,0.0,1.0,9.0,5.0,2.4,1.9705882352941178,1.8529411764705883,1.1470588235294117,1.8,1.0,2.7058823529411766,1.2352941176470589,2.3529411764705883,1.0588235294117647,1.3529411764705883,1.2352941176470589,0.29411764705882354,0.23529411764705882,0.42941176470588216,12.33493626402165,12.475447830770602,4.245588315049165,12.548505097991866,2.424159176649579,-0.14051156674895351,2.0,1.0,2.0,8.0,8.0,1.4,1.0,1.1764705882352942,1.5294117647058822,1.6,1.6,1.1764705882352942,0.8235294117647058,1.0,1.1764705882352942,1.3529411764705883,1.8823529411764706,0.17647058823529413,0.35294117647058826,0.3999999999999999,12.499095110389504,12.350887454376544,4.309096029067583,12.566620168383578,2.380252699882476,0.14820765601296204
laliga-2023-2024-05-12-valencia-v-rayo-vallecano,2024-05-12,2023,Valencia,Rayo Vallecano,0,0,1,0.5,0.0,297.8524711943385,7,7,999,0,1.0,0,999,0,1.0,0,0,0,2.0,0.0,3.0,5.0,7.0,1.2,1.3823529411764706,1.088235294117647,1.1470588235294117,1.0,1.4,1.7058823529411764,1.0588235294117647,1.1176470588235294,0.6470588235294118,1.0588235294117647,1.6470588235294117,0.35294117647058826,0.3235294117647059,-0.1823529411764706,12.33493626402165,12.475447830770602,4.245588315049165,12.548505097991866,2.424159176649579,-0.14051156674895351,1.0,2.0,2.0,2.0,5.0,1.0,1.0,0.7941176470588235,1.2647058823529411,0.4,1.0,1.0,1.0,0.9411764705882353,1.411764705882353,0.6470588235294118,1.1176470588235294,0.35294117647058826,0.47058823529411764,0.0,12.499095110389504,12.350887454376544,4.309096029067583,12.566620168383578,2.380252699882476,0.14820765601296204
laliga-2023-2024-05-12-betis-v-almeria,2024-05-12,2023,Betis,Almeria,3,2,2,0.75,0.0,317.0694169290417,7,7,999,0,1.0,0,999,0,1.0,0,0,0,3.0,1.0,1.0,9.0,6.0,2.0,1.5294117647058822,1.2647058823529411,1.1470588235294117,1.8,1.2,1.8235294117647058,1.2352941176470589,1.411764705882353,0.8823529411764706,1.1176470588235294,1.411764705882353,0.35294117647058826,0.17647058823529413,0.47058823529411775,12.33493626402165,12.475447830770602,4.245588315049165,12.548505097991866,2.424159176649579,-0.14051156674895351,1.0,1.0,3.0,5.0,10.0,0.8,0.5,0.9705882352941176,1.9705882352941178,1.0,2.0,0.47058823529411764,0.5294117647058824,0.9411764705882353,1.9411764705882353,1.0,2.0,0.17647058823529413,0.3235294117647059,0.30000000000000004,12.499095110389504,12.350887454376544,4.309096029067583,12.566620168383578,2.380252699882476,0.14820765601296204
laliga-2023-2024-05-13-barcelona-v-real-sociedad,2024-05-13,2023,Barcelona,Real Sociedad,2,0,2,0.6666666666666666,0.0,398.26320929668896,9,9,999,0,1.0,0,999,0,1.0,0,0,0,3.0,0.0,2.0,10.0,9.0,1.8,2.1470588235294117,2.0588235294117645,1.2647058823529411,2.0,1.8,2.3529411764705883,1.9411764705882353,2.235294117647059,1.2352941176470589,1.8823529411764706,1.2941176470588236,0.4117647058823529,0.058823529411764705,-0.34705882352941164,12.33493626402165,12.475447830770602,4.245588315049165,12.548505097991866,2.424159176649579,-0.14051156674895351,2.0,2.0,1.0,6.0,4.0,1.6,1.588235294117647,1.411764705882353,1.0294117647058822,1.2,0.8,1.588235294117647,1.588235294117647,1.4705882352941178,1.0588235294117647,1.3529411764705883,1.0,0.38235294117647056,0.23529411764705882,0.011764705882353121,12.499095110389504,12.350887454376544,4.309096029067583,12.566620168383578,2.380252699882476,0.14820765601296204
laliga-2023-2024-05-14-osasuna-v-mallorca,2024-05-14,2023,Osasuna,Mallorca,1,1,1,0.5,0.0,504.4820765819288,3,3,999,0,1.0,0,999,0,1.0,0,0,0,0.0,1.0,4.0,3.0,10.0,0.2,1.1428571428571428,1.1142857142857143,1.5142857142857142,0.6,2.0,1.2352941176470589,1.0555555555555556,1.0,1.411764705882353,1.2222222222222223,1.6111111111111112,0.2857142857142857,0.2857142857142857,-0.9428571428571428,12.33493626402165,12.475447830770602,4.245588315049165,12.548505097991866,2.424159176649579,-0.14051156674895351,1.0,1.0,3.0,3.0,5.0,0.8,1.0,0.8,1.1428571428571428,0.6,1.0,1.3888888888888888,0.5882352941176471,0.8333333333333334,0.7777777777777778,0.7647058823529411,1.5294117647058822,0.2857142857142857,0.42857142857142855,-0.19999999999999996,12.499095110389504,12.350887454376544,4.309096029067583,12.566620168383578,2.380252699882476,0.14820765601296204
laliga-2023-2024-05-14-real-madrid-v-alaves,2024-05-14,2023,Real Madrid,Alaves,5,0,2,1.0,0.0,279.18330629488213,3,4,999,0,1.0,0,999,0,1.0,0,0,0,5.0,0.0,0.0,12.0,2.0,3.0,2.5714285714285716,2.2285714285714286,0.6285714285714286,2.4,0.4,2.764705882352941,2.388888888888889,2.5294117647058822,0.5294117647058824,1.9444444444444444,0.7222222222222222,0.5428571428571428,0.02857142857142857,0.4285714285714284,12.33493626402165,12.475447830770602,4.245588315049165,12.548505097991866,2.424159176649579,-0.14051156674895351,3.0,1.0,1.0,8.0,4.0,2.0,1.2,0.9714285714285714,1.1428571428571428,1.6,0.8,1.5555555555555556,0.8235294117647058,1.2222222222222223,1.0555555555555556,0.7058823529411765,1.2352941176470589,0.2857142857142857,0.4,0.8,12.499095110389504,12.350887454376544,4.309096029067583,12.566620168383578,2.380252699882476,0.14820765601296204
laliga-2023-2024-05-14-girona-v-villarreal,2024-05-14,2023,Girona,Villarreal,0,1,0,0.4166666666666667,0.0,333.97916287092954,4,3,999,0,1.0,0,999,0,1.0,0,0,0,3.0,1.0,1.0,13.0,8.0,2.0,2.142857142857143,2.142857142857143,1.2571428571428571,2.6,1.6,2.588235294117647,1.7222222222222223,2.7058823529411766,1.1176470588235294,1.6111111111111112,1.3888888888888888,0.3142857142857143,0.17142857142857143,-0.1428571428571428,12.33493626402165,12.475447830770602,4.245588315049165,12.548505097991866,2.424159176649579,-0.14051156674895351,3.0,1.0,1.0,11.0,7.0,2.0,1.3714285714285714,1.6857142857142857,1.7142857142857142,2.2,1.4,1.3888888888888888,1.3529411764705883,1.7777777777777777,1.5555555555555556,1.588235294117647,1.8823529411764706,0.14285714285714285,0.11428571428571428,0.6285714285714286,12.499095110389504,12.350887454376544,4.309096029067583,12.566620168383578,2.380252699882476,0.14820765601296204
laliga-2023-2024-05-15-sevilla-v-cadiz,2024-05-15,2023,Sevilla,Cadiz,0,1,0,0.25,0.0,98.88305847271758,4,3,999,0,1.0,0,999,0,1.0,0,0,0,3.0,1.0,1.0,10.0,5.0,2.0,1.1714285714285715,1.3428571428571427,1.4,2.0,1.0,1.3529411764705883,1.0,1.5294117647058822,1.411764705882353,1.1666666666666667,1.3888888888888888,0.22857142857142856,0.22857142857142856,0.8285714285714285,12.33493626402165,12.475447830770602,4.245588315049165,12.548505097991866,2.424159176649579,-0.14051156674895351,1.0,1.0,3.0,3.0,9.0,0.8,0.8285714285714286,0.6857142857142857,1.4,0.6,1.8,1.2777777777777777,0.35294117647058826,0.8888888888888888,1.0555555555555556,0.47058823529411764,1.7647058823529411,0.22857142857142856,0.4857142857142857,-0.02857142857142858,12.499095110389504,12.350887454376544,4.309096029067583,12.566620168383578,2.380252699882476,0.14820765601296204
laliga-2023-2024-05-15-rayo-vallecano-v-granada,2024-05-15,2023,Rayo Vallecano,Granada,2,1,2,1.0,0.0,359.19724342166523,3,4,999,0,1.0,0,999,0,1.0,0,0,0,1.0,2.0,2.0,2.0,5.0,1.0,1.0,0.7714285714285715,1.2285714285714286,0.4,1.0,1.0,1.0,0.9411764705882353,1.411764705882353,0.6111111111111112,1.0555555555555556,0.37142857142857144,0.4857142857142857,0.0,12.33493626402165,12.475447830770602,4.245588315049165,12.548505097991866,2.424159176649579,-0.14051156674895351,2.0,1.0,2.0,6.0,8.0,1.4,0.6,1.0285714285714285,1.9428571428571428,1.2,1.6,1.0,0.17647058823529413,1.2777777777777777,1.6666666666666667,0.7647058823529411,2.235294117647059,0.08571428571428572,0.42857142857142855,0.7999999999999999,12.499095110389504,12.350887454376544,4.309096029067583,12.566620168383578,2.380252699882476,0.14820765601296204
laliga-2023-2024-05-15-celta-v-ath-bilbao,2024-05-15,2023,Celta,Ath Bilbao,2,1,2,0.35714285714285715,0.0,487.0823988578239,3,4,999,0,1.0,0,999,0,1.0,0,0,0,2.0,0.0,3.0,8.0,9.0,1.2,0.9714285714285714,1.1428571428571428,1.5142857142857142,1.6,1.8,1.1764705882352942,0.7777777777777778,1.0,1.1764705882352942,1.2777777777777777,1.8333333333333333,0.17142857142857143,0.37142857142857144,0.22857142857142854,12.33493626402165,12.475447830770602,4.245588315049165,12.548505097991866,2.424159176649579,-0.14051156674895351,1.0,3.0,1.0,7.0,7.0,1.2,1.7714285714285714,1.6285714285714286,1.0,1.4,1.4,2.1666666666666665,1.3529411764705883,2.2222222222222223,1.0,1.0,1.0,0.45714285714285713,0.2571428571428571,-0.5714285714285714,12.499095110389504,12.350887454376544,4.309096029067583,12.566620168383578,2.380252699882476,0.14820765601296204
laliga-2023-2024-05-15-getafe-v-ath-madrid,2024-05-15,2023,Getafe,Ath Madrid,0,3,0,0.25,0.0,17.339624482251377,3,3,999,0,1.0,0,999,0,1.0,0,0,0,1.0,2.0,2.0,4.0,5.0,1.0,1.2285714285714286,1.1714285714285715,1.3714285714285714,0.8,1.0,1.7058823529411764,0.7777777777777778,1.1176470588235294,1.0,1.2222222222222223,1.7222222222222223,0.2857142857142857,0.37142857142857144,-0.22857142857142865,12.33493626402165,12.475447830770602,4.245588315049165,12.548505097991866,2.424159176649579,-0.14051156674895351,4.0,0.0,1.0,8.0,4.0,2.4,2.0,1.8285714285714285,1.1142857142857143,1.6,0.8,2.7222222222222223,1.2352941176470589,2.2777777777777777,1.0,1.3529411764705883,1.2352941176470589,0.3142857142857143,0.22857142857142856,0.3999999999999999,12.499095110389504,12.350887454376544,4.309096029067583,12.566620168383578,2.380252699882476,0.14820765601296204
laliga-2023-2024-05-16-real-sociedad-v-valencia,2024-05-16,2023,Real Sociedad,Valencia,1,0,2,0.6428571428571429,0.0,445.8294239934526,3,4,999,0,1.0,0,999,0,1.0,0,0,0,1.0,2.0,2.0,5.0,6.0,1.0,1.542857142857143,1.3714285714285714,1.0571428571428572,1.0,1.2,1.588235294117647,1.5,1.4705882352941178,1.0588235294117647,1.2777777777777777,1.0555555555555556,0.37142857142857144,0.2571428571428571,-0.5428571428571429,12.33493626402165,12.475447830770602,4.245588315049165,12.548505097991866,2.424159176649579,-0.14051156674895351,1.0,1.0,3.0,4.0,7.0,0.8,1.3714285714285714,1.0571428571428572,1.1142857142857143,0.8,1.4,1.6666666666666667,1.0588235294117647,1.0555555555555556,0.6111111111111112,1.0588235294117647,1.6470588235294117,0.37142857142857144,0.34285714285714286,-0.5714285714285714,12.499095110389504,12.350887454376544,4.309096029067583,12.566620168383578,2.380252699882476,0.14820765601296204
laliga-2023-2024-05-16-las-palmas-v-betis,2024-05-16,2023,Las Palmas,Betis,2,2,1,0.25,0.0,1359.3686806165017,5,4,999,0,1.0,0,999,0,1.0,0,0,0,0.0,0.0,5.0,1.0,11.0,0.0,1.0571428571428572,0.8571428571428571,1.2571428571428571,0.2,2.2,1.2941176470588236,0.8333333333333334,1.0,1.0,0.7222222222222222,1.5,0.2,0.45714285714285713,-1.0571428571428572,12.33493626402165,12.475447830770602,4.245588315049165,12.548505097991866,2.424159176649579,-0.14051156674895351,4.0,1.0,0.0,10.0,5.0,2.6,1.5714285714285714,1.3142857142857143,1.1714285714285715,2.0,1.0,1.8888888888888888,1.2352941176470589,1.5,0.9444444444444444,1.1176470588235294,1.411764705882353,0.34285714285714286,0.17142857142857143,1.0285714285714287,12.499095110389504,12.350887454376544,4.309096029067583,12.566620168383578,2.380252699882476,0.14820765601296204
laliga-2023-2024-05-16-almeria-v-barcelona,2024-05-16,2023,Almeria,Barcelona,0,2,0,0.0,0.0,641.7806556296724,4,3,999,0,1.0,0,999,0,1.0,0,0,0,1.0,1.0,3.0,7.0,10.0,0.8,0.4857142857142857,1.0,2.0,1.4,2.0,0.47058823529411764,0.5,0.9411764705882353,1.9411764705882353,1.0555555555555556,2.0555555555555554,0.17142857142857143,0.3142857142857143,0.31428571428571433,12.33493626402165,12.475447830770602,4.245588315049165,12.548505097991866,2.424159176649579,-0.14051156674895351,3.0,0.0,2.0,11.0,9.0,1.8,2.1714285714285713,2.057142857142857,1.2285714285714286,2.2,1.8,2.388888888888889,1.9411764705882353,2.2222222222222223,1.1666666666666667,1.8823529411764706,1.2941176470588236,0.42857142857142855,0.05714285714285714,-0.3714285714285712,12.499095110389504,12.350887454376544,4.309096029067583,12.566620168383578,2.380252699882476,0.14820765601296204
laliga-2023-2024-05-18-alaves-v-getafe,2024-05-18,2023,Alaves,Getafe,1,0,2,0.35714285714285715,0.0,295.24865506627265,4,3,999,0,1.0,0,999,0,1.0,0,0,0,3.0,1.0,1.0,8.0,7.0,2.0,1.1666666666666667,0.9444444444444444,1.25,1.6,1.4,1.5555555555555556,0.7777777777777778,1.2222222222222223,1.0555555555555556,0.6666666666666666,1.4444444444444444,0.2777777777777778,0.4166666666666667,0.8333333333333333,12.33493626402165,12.475447830770602,4.245588315049165,12.548505097991866,2.424159176649579,-0.14051156674895351,1.0,1.0,3.0,4.0,8.0,0.8,1.1944444444444444,1.1388888888888888,1.4166666666666667,0.8,1.6,1.6111111111111112,0.7777777777777778,1.0555555555555556,1.1111111111111112,1.2222222222222223,1.7222222222222223,0.2777777777777778,0.3888888888888889,-0.3944444444444444,12.499095110389504,12.350887454376544,4.309096029067583,12.566620168383578,2.380252699882476,0.14820765601296204
laliga-2023-2024-05-19-barcelona-v-rayo-vallecano,2024-05-19,2023,Barcelona,Rayo Vallecano,3,0,2,0.8571428571428571,0.0,498.31165744106266,3,4,999,0,1.0,0,999,0,1.0,0,0,0,3.0,0.0,2.0,12.0,9.0,1.8,2.1944444444444446,2.0555555555555554,1.1944444444444444,2.4,1.8,2.388888888888889,2.0,2.2222222222222223,1.1666666666666667,1.8888888888888888,1.2222222222222223,0.4444444444444444,0.05555555555555555,-0.3944444444444446,12.33493626402165,12.475447830770602,4.245588315049165,12.548505097991866,2.424159176649579,-0.14051156674895351,2.0,1.0,2.0,4.0,6.0,1.4,1.0555555555555556,0.8055555555555556,1.2222222222222223,0.8,1.2,1.1111111111111112,1.0,1.0,1.3888888888888888,0.6111111111111112,1.0555555555555556,0.3611111111111111,0.4722222222222222,0.34444444444444433,12.499095110389504,12.350887454376544,4.309096029067583,12.566620168383578,2.380252699882476,0.14820765601296204
laliga-2023-2024-05-19-granada-v-celta,2024-05-19,2023,Granada,Celta,1,2,0,0.0,0.0,713.1684618037192,4,4,999,0,1.0,0,999,0,1.0,0,0,0,1.0,1.0,3.0,5.0,10.0,0.8,0.5833333333333334,1.0277777777777777,1.9444444444444444,1.0,2.0,1.0,0.16666666666666666,1.2777777777777777,1.6666666666666667,0.7777777777777778,2.2222222222222223,0.08333333333333333,0.4166666666666667,0.21666666666666667,12.33493626402165,12.475447830770602,4.245588315049165,12.548505097991866,2.424159176649579,-0.14051156674895351,3.0,0.0,2.0,9.0,8.0,1.8,1.0277777777777777,1.1666666666666667,1.5,1.8,1.6,1.2777777777777777,0.7777777777777778,1.0555555555555556,1.1666666666666667,1.2777777777777777,1.8333333333333333,0.16666666666666666,0.3611111111111111,0.7722222222222224,12.499095110389504,12.350887454376544,4.309096029067583,12.566620168383578,2.380252699882476,0.14820765601296204
laliga-2023-2024-05-19-ath-bilbao-v-sevilla,2024-05-19,2023,Ath Bilbao,Sevilla,2,0,2,0.6428571428571429,0.0,702.0918503555403,4,4,999,0,1.0,0,999,0,1.0,0,0,0,1.0,2.0,2.0,7.0,8.0,1.0,1.7222222222222223,1.6111111111111112,1.0277777777777777,1.4,1.6,2.1666666666666665,1.2777777777777777,2.2222222222222223,1.0,1.0,1.0555555555555556,0.4444444444444444,0.25,-0.7222222222222223,12.33493626402165,12.475447830770602,4.245588315049165,12.548505097991866,2.424159176649579,-0.14051156674895351,2.0,1.0,2.0,8.0,6.0,1.4,1.1388888888888888,1.3055555555555556,1.3888888888888888,1.6,1.2,1.2777777777777777,1.0,1.4444444444444444,1.3888888888888888,1.1666666666666667,1.3888888888888888,0.2222222222222222,0.25,0.26111111111111107,12.499095110389504,12.350887454376544,4.309096029067583,12.566620168383578,2.380252699882476,0.14820765601296204
laliga-2023-2024-05-19-mallorca-v-almeria,2024-05-19,2023,Mallorca,Almeria,2,2,1,0.5,0.0,539.6699329856458,5,3,999,0,1.0,0,999,0,1.0,0,0,0,1.0,2.0,2.0,4.0,5.0,1.0,1.0,0.8055555555555556,1.1388888888888888,0.8,1.0,1.3888888888888888,0.6111111111111112,0.8333333333333334,0.7777777777777778,0.7777777777777778,1.5,0.2777777777777778,0.4166666666666667,0.0,12.33493626402165,12.475447830770602,4.245588315049165,12.548505097991866,2.424159176649579,-0.14051156674895351,1.0,0.0,4.0,5.0,10.0,0.6,0.4722222222222222,0.9722222222222222,2.0,1.0,2.0,0.4444444444444444,0.5,0.8888888888888888,1.9444444444444444,1.0555555555555556,2.0555555555555554,0.16666666666666666,0.3333333333333333,0.12777777777777777,12.499095110389504,12.350887454376544,4.309096029067583,12.566620168383578,2.380252699882476,0.14820765601296204
laliga-2023-2024-05-19-valencia-v-girona,2024-05-19,2023,Valencia,Girona,1,3,0,0.4166666666666667,0.0,387.4286140921075,3,5,999,0,1.0,0,999,0,1.0,0,0,0,0.0,1.0,4.0,3.0,8.0,0.2,1.3333333333333333,1.0277777777777777,1.1111111111111112,0.6,1.6,1.6666666666666667,1.0,1.0555555555555556,0.6111111111111112,1.0,1.6111111111111112,0.3611111111111111,0.3611111111111111,-1.1333333333333333,12.33493626402165,12.475447830770602,4.245588315049165,12.548505097991866,2.424159176649579,-0.14051156674895351,3.0,1.0,1.0,12.0,6.0,2.0,2.0833333333333335,2.0833333333333335,1.25,2.4,1.2,2.4444444444444446,1.7222222222222223,2.5555555555555554,1.1111111111111112,1.6111111111111112,1.3888888888888888,0.3055555555555556,0.19444444444444445,-0.08333333333333348,12.499095110389504,12.350887454376544,4.309096029067583,12.566620168383578,2.380252699882476,0.14820765601296204
laliga-2023-2024-05-19-betis-v-real-sociedad,2024-05-19,2023,Betis,Real Sociedad,0,2,0,0.5714285714285714,0.0,739.794439118782,3,3,999,0,1.0,0,999,0,1.0,0,0,0,3.0,2.0,0.0,10.0,6.0,2.2,1.5555555555555556,1.3333333333333333,1.1944444444444444,2.0,1.2,1.8888888888888888,1.2222222222222223,1.5,0.9444444444444444,1.1666666666666667,1.4444444444444444,0.3333333333333333,0.16666666666666666,0.6444444444444446,12.33493626402165,12.475447830770602,4.245588315049165,12.548505097991866,2.424159176649579,-0.14051156674895351,2.0,1.0,2.0,4.0,4.0,1.4,1.5833333333333333,1.3611111111111112,1.0277777777777777,0.8,0.8,1.6666666666666667,1.5,1.4444444444444444,1.0,1.2777777777777777,1.0555555555555556,0.3888888888888889,0.25,-0.18333333333333335,12.499095110389504,12.350887454376544,4.309096029067583,12.566620168383578,2.380252699882476,0.14820765601296204
laliga-2023-2024-05-19-villarreal-v-real-madrid,2024-05-19,2023,Villarreal,Real Madrid,4,4,1,0.08333333333333333,0.0,309.67389331564664,5,5,999,0,1.0,0,999,0,1.0,0,0,0,4.0,0.0,1.0,11.0,6.0,2.4,1.4166666666666667,1.6666666666666667,1.6666666666666667,2.2,1.2,1.3888888888888888,1.4444444444444444,1.7777777777777777,1.5555555555555556,1.5555555555555556,1.7777777777777777,0.16666666666666666,0.1111111111111111,0.9833333333333332,12.33493626402165,12.475447830770602,4.245588315049165,12.548505097991866,2.424159176649579,-0.14051156674895351,5.0,0.0,0.0,16.0,2.0,3.0,2.5833333333333335,2.3055555555555554,0.6111111111111112,3.2,0.4,2.7777777777777777,2.388888888888889,2.6666666666666665,0.5,1.9444444444444444,0.7222222222222222,0.5555555555555556,0.027777777777777776,0.4166666666666665,12.499095110389504,12.350887454376544,4.309096029067583,12.566620168383578,2.380252699882476,0.14820765601296204
laliga-2023-2024-05-19-cadiz-v-las-palmas,2024-05-19,2023,Cadiz,Las Palmas,0,0,1,0.5,0.0,1272.2908116318133,4,3,999,0,1.0,0,999,0,1.0,0,0,0,2.0,1.0,2.0,4.0,8.0,1.4,0.8888888888888888,0.6944444444444444,1.3611111111111112,0.8,1.6,1.2777777777777777,0.5,0.8888888888888888,1.0555555555555556,0.5,1.6666666666666667,0.25,0.4722222222222222,0.5111111111111111,12.33493626402165,12.475447830770602,4.245588315049165,12.548505097991866,2.424159176649579,-0.14051156674895351,0.0,1.0,4.0,3.0,11.0,0.2,1.0555555555555556,0.8888888888888888,1.2777777777777777,0.6,2.2,1.2777777777777777,0.8333333333333334,1.0555555555555556,1.0555555555555556,0.7222222222222222,1.5,0.19444444444444445,0.4444444444444444,-0.8555555555555556,12.499095110389504,12.350887454376544,4.309096029067583,12.566620168383578,2.380252699882476,0.14820765601296204
laliga-2023-2024-05-19-ath-madrid-v-osasuna,2024-05-19,2023,Ath Madrid,Osasuna,1,4,0,0.7142857142857143,0.0,308.9531646022417,4,5,999,0,1.0,0,999,0,1.0,0,0,0,4.0,0.0,1.0,8.0,3.0,2.4,2.0277777777777777,1.8611111111111112,1.0833333333333333,1.6,0.6,2.7222222222222223,1.3333333333333333,2.2777777777777777,1.0,1.4444444444444444,1.1666666666666667,0.3333333333333333,0.2222222222222222,0.37222222222222223,12.33493626402165,12.475447830770602,4.245588315049165,12.548505097991866,2.424159176649579,-0.14051156674895351,0.0,2.0,3.0,4.0,10.0,0.4,1.1388888888888888,1.1111111111111112,1.5,0.8,2.0,1.2222222222222223,1.0555555555555556,1.0,1.3888888888888888,1.2222222222222223,1.6111111111111112,0.2777777777777778,0.2777777777777778,-0.7388888888888888,12.499095110389504,12.350887454376544,4.309096029067583,12.566620168383578,2.380252699882476,0.14820765601296204
laliga-2023-2024-05-24-girona-v-granada,2024-05-24,2023,Girona,Granada,7,0,2,1.0,0.0,767.6260150275315,5,5,999,0,1.0,0,999,0,1.0,0,0,0,3.0,1.0,1.0,11.0,6.0,2.0,2.108108108108108,2.108108108108108,1.2432432432432432,2.2,1.2,2.4444444444444446,1.7894736842105263,2.5555555555555554,1.1111111111111112,1.6842105263157894,1.368421052631579,0.2972972972972973,0.1891891891891892,-0.10810810810810789,12.33493626402165,12.475447830770602,4.245588315049165,12.548505097991866,2.424159176649579,-0.14051156674895351,1.0,0.0,4.0,5.0,11.0,0.6,0.5675675675675675,1.027027027027027,1.945945945945946,1.0,2.2,0.9473684210526315,0.16666666666666666,1.263157894736842,1.6842105263157894,0.7777777777777778,2.2222222222222223,0.08108108108108109,0.40540540540540543,0.032432432432432434,12.499095110389504,12.350887454376544,4.309096029067583,12.566620168383578,2.380252699882476,0.14820765601296204
laliga-2023-2024-05-25-osasuna-v-villarreal,2024-05-25,2023,Osasuna,Villarreal,1,1,1,0.25,0.0,342.07411911647984,6,6,999,0,1.0,0,999,0,1.0,0,0,0,1.0,2.0,2.0,7.0,9.0,1.0,1.1891891891891893,1.1891891891891893,1.4864864864864864,1.4,1.8,1.2222222222222223,1.1578947368421053,1.0,1.3888888888888888,1.368421052631579,1.5789473684210527,0.2702702702702703,0.2702702702702703,-0.18918918918918926,12.33493626402165,12.475447830770602,4.245588315049165,12.548505097991866,2.424159176649579,-0.14051156674895351,3.0,1.0,1.0,13.0,9.0,2.0,1.4054054054054055,1.7297297297297298,1.7297297297297298,2.6,1.8,1.368421052631579,1.4444444444444444,1.894736842105263,1.6842105263157894,1.5555555555555556,1.7777777777777777,0.16216216216216217,0.10810810810810811,0.5945945945945945,12.499095110389504,12.350887454376544,4.309096029067583,12.566620168383578,2.380252699882476,0.14820765601296204
laliga-2023-2024-05-25-real-sociedad-v-ath-madrid,2024-05-25,2023,Real Sociedad,Ath Madrid,0,2,0,0.14285714285714285,0.0,345.70247151879346,6,6,999,0,1.0,0,999,0,1.0,0,0,0,3.0,0.0,2.0,5.0,3.0,1.8,1.6216216216216217,1.3783783783783783,1.0,1.0,0.6,1.6666666666666667,1.5789473684210527,1.4444444444444444,1.0,1.3157894736842106,1.0,0.40540540540540543,0.24324324324324326,0.17837837837837833,12.33493626402165,12.475447830770602,4.245588315049165,12.548505097991866,2.424159176649579,-0.14051156674895351,4.0,0.0,1.0,9.0,5.0,2.4,1.972972972972973,1.837837837837838,1.162162162162162,1.8,1.0,2.5789473684210527,1.3333333333333333,2.210526315789474,1.1578947368421053,1.4444444444444444,1.1666666666666667,0.32432432432432434,0.21621621621621623,0.4270270270270269,12.499095110389504,12.350887454376544,4.309096029067583,12.566620168383578,2.380252699882476,0.14820765601296204
laliga-2023-2024-05-25-almeria-v-cadiz,2024-05-25,2023,Almeria,Cadiz,6,1,2,0.75,0.0,341.9981498347914,6,6,999,0,1.0,0,999,0,1.0,0,0,0,1.0,1.0,3.0,6.0,10.0,0.8,0.4864864864864865,1.0,2.0,1.2,2.0,0.4444444444444444,0.5263157894736842,0.8888888888888888,1.9444444444444444,1.105263157894737,2.0526315789473686,0.16216216216216217,0.32432432432432434,0.31351351351351353,12.33493626402165,12.475447830770602,4.245588315049165,12.548505097991866,2.424159176649579,-0.14051156674895351,2.0,2.0,1.0,3.0,4.0,1.6,0.8918918918918919,0.6756756756756757,1.3243243243243243,0.6,0.8,1.263157894736842,0.5,0.8421052631578947,1.0,0.5,1.6666666666666667,0.2702702702702703,0.4864864864864865,0.7081081081081082,12.499095110389504,12.350887454376544,4.309096029067583,12.566620168383578,2.380252699882476,0.14820765601296204
laliga-2023-2024-05-25-rayo-vallecano-v-ath-bilbao,2024-05-25,2023,Rayo Vallecano,Ath Bilbao,0,1,0,0.08333333333333333,0.0,324.81569774099466,6,6,999,0,1.0,0,999,0,1.0,0,0,0,1.0,1.0,3.0,2.0,8.0,0.8,1.027027027027027,0.7837837837837838,1.2702702702702702,0.4,1.6,1.1111111111111112,0.9473684210526315,1.0,1.3888888888888888,0.5789473684210527,1.1578947368421053,0.35135135135135137,0.4864864864864865,-0.22702702702702693,12.33493626402165,12.475447830770602,4.245588315049165,12.548505097991866,2.424159176649579,-0.14051156674895351,2.0,1.0,2.0,8.0,7.0,1.4,1.7567567567567568,1.6216216216216217,1.0,1.6,1.4,2.210526315789474,1.2777777777777777,2.210526315789474,0.9473684210526315,1.0,1.0555555555555556,0.4594594594594595,0.24324324324324326,-0.3567567567567569,12.499095110389504,12.350887454376544,4.309096029067583,12.566620168383578,2.380252699882476,0.14820765601296204
laliga-2023-2024-05-25-real-madrid-v-betis,2024-05-25,2023,Real Madrid,Betis,0,0,1,0.5,0.0,394.25599339659567,6,6,999,0,1.0,0,999,0,1.0,0,0,0,4.0,1.0,0.0,17.0,4.0,2.6,2.5405405405405403,2.3513513513513513,0.7027027027027027,3.4,0.8,2.7777777777777777,2.3157894736842106,2.6666666666666665,0.5,2.0526315789473686,0.8947368421052632,0.5405405405405406,0.02702702702702703,0.05945945945945974,12.33493626402165,12.475447830770602,4.245588315049165,12.548505097991866,2.424159176649579,-0.14051156674895351,2.0,2.0,1.0,8.0,7.0,1.6,1.5135135135135136,1.2972972972972974,1.2162162162162162,1.6,1.4,1.7894736842105263,1.2222222222222223,1.4210526315789473,1.0,1.1666666666666667,1.4444444444444444,0.32432432432432434,0.1891891891891892,0.08648648648648649,12.499095110389504,12.350887454376544,4.309096029067583,12.566620168383578,2.380252699882476,0.14820765601296204
laliga-2023-2024-05-26-getafe-v-mallorca,2024-05-26,2023,Getafe,Mallorca,1,2,0,0.4166666666666667,0.0,546.5249083201032,8,7,999,0,1.0,0,999,0,1.0,0,0,0,1.0,0.0,4.0,3.0,8.0,0.6,1.162162162162162,1.1081081081081081,1.4054054054054055,0.6,1.6,1.6111111111111112,0.7368421052631579,1.0555555555555556,1.1111111111111112,1.1578947368421053,1.6842105263157894,0.2702702702702703,0.40540540540540543,-0.5621621621621621,12.33493626402165,12.475447830770602,4.245588315049165,12.548505097991866,2.424159176649579,-0.14051156674895351,1.0,3.0,1.0,5.0,5.0,1.2,1.0,0.8378378378378378,1.162162162162162,1.0,1.0,1.368421052631579,0.6111111111111112,0.8947368421052632,0.8421052631578947,0.7777777777777778,1.5,0.2702702702702703,0.40540540540540543,0.19999999999999996,12.499095110389504,12.350887454376544,4.309096029067583,12.566620168383578,2.380252699882476,0.14820765601296204
laliga-2023-2024-05-26-las-palmas-v-alaves,2024-05-26,2023,Las Palmas,Alaves,1,1,1,0.5,0.0,2001.8149560179402,7,8,999,0,1.0,0,999,0,1.0,0,0,0,0.0,2.0,3.0,2.0,7.0,0.4,1.054054054054054,0.8648648648648649,1.2432432432432432,0.4,1.4,1.2777777777777777,0.8421052631578947,1.0555555555555556,1.0555555555555556,0.6842105263157895,1.4210526315789473,0.21621621621621623,0.4594594594594595,-0.6540540540540539,12.33493626402165,12.475447830770602,4.245588315049165,12.548505097991866,2.424159176649579,-0.14051156674895351,3.0,1.0,1.0,7.0,7.0,2.0,1.2162162162162162,0.9459459459459459,1.2162162162162162,1.4,1.4,1.631578947368421,0.7777777777777778,1.2105263157894737,1.0,0.6666666666666666,1.4444444444444444,0.2972972972972973,0.40540540540540543,0.7837837837837838,12.499095110389504,12.350887454376544,4.309096029067583,12.566620168383578,2.380252699882476,0.14820765601296204
laliga-2023-2024-05-26-celta-v-valencia,2024-05-26,2023,Celta,Valencia,2,2,1,0.6428571428571429,0.0,766.2050813784058,7,7,999,0,1.0,0,999,0,1.0,0,0,0,3.0,0.0,2.0,7.0,8.0,1.8,1.0810810810810811,1.1891891891891893,1.4864864864864864,1.4,1.6,1.2777777777777777,0.8947368421052632,1.0555555555555556,1.1666666666666667,1.3157894736842106,1.7894736842105263,0.16216216216216217,0.35135135135135137,0.7189189189189189,12.33493626402165,12.475447830770602,4.245588315049165,12.548505097991866,2.424159176649579,-0.14051156674895351,0.0,1.0,4.0,3.0,9.0,0.2,1.2972972972972974,1.027027027027027,1.162162162162162,0.6,1.8,1.5789473684210527,1.0,1.0526315789473684,0.7368421052631579,1.0,1.6111111111111112,0.35135135135135137,0.35135135135135137,-1.0972972972972974,12.499095110389504,12.350887454376544,4.309096029067583,12.566620168383578,2.380252699882476,0.14820765601296204
laliga-2023-2024-05-26-sevilla-v-barcelona,2024-05-26,2023,Sevilla,Barcelona,1,2,0,0.14285714285714285,0.0,825.2788120519293,7,7,999,0,1.0,0,999,0,1.0,0,0,0,1.0,1.0,3.0,6.0,7.0,0.8,1.1081081081081081,1.2702702702702702,1.4054054054054055,1.2,1.4,1.2777777777777777,0.9473684210526315,1.4444444444444444,1.3888888888888888,1.105263157894737,1.4210526315789473,0.21621621621621623,0.2702702702702703,-0.30810810810810807,12.33493626402165,12.475447830770602,4.245588315049165,12.548505097991866,2.424159176649579,-0.14051156674895351,4.0,0.0,1.0,13.0,6.0,2.4,2.2162162162162162,2.081081081081081,1.162162162162162,2.6,1.2,2.4210526315789473,2.0,2.263157894736842,1.105263157894737,1.8888888888888888,1.2222222222222223,0.4594594594594595,0.05405405405405406,0.18378378378378368,12.499095110389504,12.350887454376544,4.309096029067583,12.566620168383578,2.380252699882476,0.14820765601296204
laliga-2024-2024-08-15-ath-bilbao-v-getafe,2024-08-15,2024,Ath Bilbao,Getafe,1,1,1,0.5,0.0,334.75140847770354,30,30,999,0,1.0,0,999,0,1.0,0,0,0,3.0,1.0,1.0,8.0,4.0,2.0,1.7894736842105263,1.605263157894737,0.9736842105263158,1.6,0.8,2.210526315789474,1.368421052631579,2.210526315789474,0.9473684210526315,1.0,1.0,0.47368421052631576,0.23684210526315788,0.21052631578947367,12.33493626402165,12.475447830770602,4.245588315049165,12.548505097991866,2.424159176649579,-0.14051156674895351,0.0,0.0,5.0,1.0,9.0,0.0,1.131578947368421,1.105263157894737,1.4210526315789473,0.2,1.8,1.5263157894736843,0.7368421052631579,1.0526315789473684,1.1578947368421053,1.1578947368421053,1.6842105263157894,0.2631578947368421,0.39473684210526316,-1.131578947368421,12.499095110389504,12.350887454376544,4.309096029067583,12.566620168383578,2.380252699882476,0.14820765601296204
laliga-2024-2024-08-15-betis-v-girona,2024-08-15,2024,Betis,Girona,1,1,1,0.5833333333333334,0.0,908.8557335333999,30,30,999,0,1.0,0,999,0,1.0,0,0,0,2.0,2.0,1.0,7.0,6.0,1.6,1.5,1.263157894736842,1.1842105263157894,1.4,1.2,1.7894736842105263,1.2105263157894737,1.4210526315789473,1.0,1.105263157894737,1.368421052631579,0.34210526315789475,0.21052631578947367,0.10000000000000009,12.33493626402165,12.475447830770602,4.245588315049165,12.548505097991866,2.424159176649579,-0.14051156674895351,3.0,1.0,1.0,16.0,6.0,2.0,2.1315789473684212,2.236842105263158,1.2105263157894737,3.2,1.2,2.473684210526316,1.7894736842105263,2.789473684210526,1.0526315789473684,1.6842105263157894,1.368421052631579,0.3157894736842105,0.18421052631578946,-0.13157894736842124,12.499095110389504,12.350887454376544,4.309096029067583,12.566620168383578,2.380252699882476,0.14820765601296204
laliga-2024-2024-08-16-celta-v-alaves,2024-08-16,2024,Celta,Alaves,2,1,2,0.5,0.0,501.8600458273029,30,30,999,0,1.0,0,999,0,1.0,0,0,0,3.0,1.0,1.0,9.0,7.0,2.0,1.0789473684210527,1.2105263157894737,1.5,1.8,1.4,1.263157894736842,0.8947368421052632,1.105263157894737,1.2105263157894737,1.3157894736842106,1.7894736842105263,0.15789473684210525,0.34210526315789475,0.9210526315789473,12.33493626402165,12.475447830770602,4.245588315049165,12.548505097991866,2.424159176649579,-0.14051156674895351,2.0,2.0,1.0,5.0,8.0,1.6,1.2105263157894737,0.9473684210526315,1.2105263157894737,1.0,1.6,1.631578947368421,0.7894736842105263,1.2105263157894737,1.0,0.6842105263157895,1.4210526315789473,0.2894736842105263,0.39473684210526316,0.3894736842105264,12.499095110389504,12.350887454376544,4.309096029067583,12.566620168383578,2.380252699882476,0.14820765601296204
laliga-2024-2024-08-16-las-palmas-v-sevilla,2024-08-16,2024,Las Palmas,Sevilla,2,2,1,0.125,0.0,1359.3686806165017,30,30,999,0,1.0,0,999,0,1.0,0,0,0,0.0,3.0,2.0,3.0,6.0,0.6,1.0526315789473684,0.868421052631579,1.236842105263158,0.6,1.2,1.263157894736842,0.8421052631578947,1.0526315789473684,1.0526315789473684,0.6842105263157895,1.4210526315789473,0.21052631578947367,0.4473684210526316,-0.4526315789473684,12.33493626402165,12.475447830770602,4.245588315049165,12.548505097991866,2.424159176649579,-0.14051156674895351,1.0,0.0,4.0,6.0,8.0,0.6,1.0789473684210527,1.263157894736842,1.4210526315789473,1.2,1.6,1.2105263157894737,0.9473684210526315,1.4210526315789473,1.4210526315789473,1.105263157894737,1.4210526315789473,0.21052631578947367,0.2631578947368421,-0.4789473684210527,12.499095110389504,12.350887454376544,4.309096029067583,12.566620168383578,2.380252699882476,0.14820765601296204
laliga-2024-2024-08-17-osasuna-v-leganes,2024-08-17,2024,Osasuna,Leganes,1,1,1,0.5,0.0,326.6959330587248,30,7,999,0,1.0,0,999,0,1.0,0,0,0,1.0,3.0,1.0,8.0,7.0,1.2,1.1842105263157894,1.1842105263157894,1.4736842105263157,1.6,1.4,1.2105263157894737,1.1578947368421053,1.0,1.368421052631579,1.368421052631579,1.5789473684210527,0.2631578947368421,0.2631578947368421,0.015789473684210575,12.33493626402165,12.475447830770602,4.245588315049165,12.548505097991866,2.424159176649579,-0.14051156674895351,1.8500837520938023,1.2822445561139029,1.747068676716918,6.6373534338358455,6.4296482412060305,1.3993718592964823,1.3895985426256614,1.3346394865919546,1.3036436161426783,1.3557649357900614,1.3134282523729761,1.6381571374904527,1.1271992793151304,1.4870193915504757,1.1561185555726858,1.1711504535967514,1.4597491443972885,0.2830086336552403,0.2733225273316839,0.009773316670820877,12.499095110389504,12.350887454376544,4.309096029067583,12.566620168383578,2.380252699882476,0.14820765601296204
laliga-2024-2024-08-17-valencia-v-barcelona,2024-08-17,2024,Valencia,Barcelona,1,2,0,0.21428571428571427,0.0,299.8128548684505,30,30,999,0,1.0,0,999,0,1.0,0,0,0,0.0,2.0,3.0,3.0,7.0,0.4,1.2894736842105263,1.0526315789473684,1.1842105263157894,0.6,1.4,1.5789473684210527,1.0,1.0526315789473684,0.7368421052631579,1.0526315789473684,1.631578947368421,0.34210526315789475,0.34210526315789475,-0.8894736842105263,12.33493626402165,12.475447830770602,4.245588315049165,12.548505097991866,2.424159176649579,-0.14051156674895351,4.0,0.0,1.0,11.0,5.0,2.4,2.236842105263158,2.0789473684210527,1.1578947368421053,2.2,1.0,2.4210526315789473,2.0526315789473686,2.263157894736842,1.105263157894737,1.894736842105263,1.2105263157894737,0.4473684210526316,0.05263157894736842,0.16315789473684195,12.499095110389504,12.350887454376544,4.309096029067583,12.566620168383578,2.380252699882476,0.14820765601296204
laliga-2024-2024-08-18-real-sociedad-v-rayo-vallecano,2024-08-18,2024,Real Sociedad,Rayo Vallecano,1,2,0,0.3333333333333333,0.0,352.34262041755716,30,30,999,0,1.0,0,999,0,1.0,0,0,0,3.0,0.0,2.0,5.0,4.0,1.8,1.5789473684210527,1.3421052631578947,1.0263157894736843,1.0,0.8,1.5789473684210527,1.5789473684210527,1.368421052631579,1.0526315789473684,1.3157894736842106,1.0,0.39473684210526316,0.2631578947368421,0.2210526315789474,12.33493626402165,12.475447830770602,4.245588315049165,12.548505097991866,2.424159176649579,-0.14051156674895351,1.0,1.0,3.0,2.0,6.0,0.8,1.0,0.7631578947368421,1.263157894736842,0.4,1.2,1.0526315789473684,0.9473684210526315,0.9473684210526315,1.368421052631579,0.5789473684210527,1.1578947368421053,0.34210526315789475,0.5,-0.19999999999999996,12.499095110389504,12.350887454376544,4.309096029067583,12.566620168383578,2.380252699882476,0.14820765601296204
laliga-2024-2024-08-18-mallorca-v-real-madrid,2024-08-18,2024,Mallorca,Real Madrid,1,1,1,0.25,0.0,546.3638613496987,30,30,999,0,1.0,0,999,0,1.0,0,0,0,2.0,2.0,1.0,6.0,5.0,1.6,1.0526315789473684,0.868421052631579,1.1578947368421053,1.2,1.0,1.368421052631579,0.7368421052631579,0.8947368421052632,0.8421052631578947,0.8421052631578947,1.4736842105263157,0.2631578947368421,0.39473684210526316,0.5473684210526317,12.33493626402165,12.475447830770602,4.245588315049165,12.548505097991866,2.424159176649579,-0.14051156674895351,3.0,2.0,0.0,16.0,4.0,2.2,2.5,2.289473684210526,0.6842105263157895,3.2,0.8,2.6842105263157894,2.3157894736842106,2.526315789473684,0.47368421052631576,2.0526315789473686,0.8947368421052632,0.5526315789473685,0.05263157894736842,-0.2999999999999998,12.499095110389504,12.350887454376544,4.309096029067583,12.566620168383578,2.380252699882476,0.14820765601296204
laliga-2024-2024-08-19-valladolid-v-espanyol,2024-08-19,2024,Valladolid,Espanyol,1,0,2,0.5,0.0,567.4882863336543,7,7,999,0,1.0,0,999,0,1.0,0,0,0,1.7757322175732217,1.2694560669456068,1.8326359832635983,6.399163179916318,6.506276150627615,1.3449372384937237,1.3727487515203125,1.3208213528921546,1.310049052463817,1.302510460251046,1.3337935843793585,1.627753660480792,1.1256424534731093,1.4729020240988069,1.1551121185075417,1.1713575931878786,1.4615771636054276,0.2788926847530572,0.2781942472123016,-0.027811513026588585,12.33493626402165,12.475447830770602,4.245588315049165,12.548505097991866,2.424159176649579,-0.14051156674895351,1.8500837520938023,1.2822445561139029,1.747068676716918,6.6373534338358455,6.4296482412060305,1.3993718592964823,1.3895985426256614,1.3346394865919546,1.3036436161426783,1.3557649357900614,1.3134282523729761,1.6381571374904527,1.1271992793151304,1.4870193915504757,1.1561185555726858,1.1711504535967514,1.4597491443972885,0.2830086336552403,0.2733225273316839,0.009773316670820877,12.499095110389504,12.350887454376544,4.309096029067583,12.566620168383578,2.380252699882476,0.14820765601296204
laliga-2024-2024-08-19-villarreal-v-ath-madrid,2024-08-19,2024,Villarreal,Ath Madrid,2,2,1,0.35714285714285715,0.0,301.95351002499086,30,30,999,0,1.0,0,999,0,1.0,0,0,0,2.0,2.0,1.0,11.0,10.0,1.6,1.394736842105263,1.7105263157894737,1.7105263157894737,2.2,2.0,1.368421052631579,1.4210526315789473,1.894736842105263,1.6842105263157894,1.5263157894736843,1.736842105263158,0.15789473684210525,0.10526315789473684,0.20526315789473704,12.33493626402165,12.475447830770602,4.245588315049165,12.548505097991866,2.424159176649579,-0.14051156674895351,4.0,0.0,1.0,8.0,4.0,2.4,2.0,1.8421052631578947,1.131578947368421,1.6,0.8,2.5789473684210527,1.4210526315789473,2.210526315789474,1.1578947368421053,1.4736842105263157,1.105263157894737,0.34210526315789475,0.21052631578947367,0.3999999999999999,12.499095110389504,12.350887454376544,4.309096029067583,12.566620168383578,2.380252699882476,0.14820765601296204
laliga-2024-2024-08-23-celta-v-valencia,2024-08-23,2024,Celta,Valencia,3,1,2,0.6428571428571429,0.0,766.2050813784058,7,6,999,0,1.0,0,999,0,1.0,0,0,0,3.0,1.0,1.0,8.0,6.0,2.0,1.1282051282051282,1.2307692307692308,1.4871794871794872,1.6,1.2,1.35,0.8947368421052632,1.15,1.2,1.3157894736842106,1.7894736842105263,0.15384615384615385,0.3333333333333333,0.8717948717948718,12.33493626402165,12.475447830770602,4.245588315049165,12.548505097991866,2.424159176649579,-0.14051156674895351,0.0,2.0,3.0,4.0,8.0,0.4,1.2564102564102564,1.0512820512820513,1.205128205128205,0.8,1.6,1.5,1.0,1.05,0.8,1.0526315789473684,1.631578947368421,0.3333333333333333,0.3333333333333333,-0.8564102564102564,12.499095110389504,12.350887454376544,4.309096029067583,12.566620168383578,2.380252699882476,0.14820765601296204
laliga-2024-2024-08-23-sevilla-v-villarreal,2024-08-23,2024,Sevilla,Villarreal,1,2,0,0.25,0.0,583.4265952554996,7,4,999,0,1.0,0,999,0,1.0,0,0,0,0.0,1.0,4.0,5.0,10.0,0.2,1.0769230769230769,1.2820512820512822,1.435897435897436,1.0,2.0,1.2105263157894737,0.95,1.4210526315789473,1.4210526315789473,1.15,1.45,0.20512820512820512,0.2564102564102564,-0.8769230769230769,12.33493626402165,12.475447830770602,4.245588315049165,12.548505097991866,2.424159176649579,-0.14051156674895351,2.0,3.0,0.0,11.0,9.0,1.8,1.3846153846153846,1.7179487179487178,1.7179487179487178,2.2,1.8,1.35,1.4210526315789473,1.9,1.7,1.5263157894736843,1.736842105263158,0.15384615384615385,0.10256410256410256,0.41538461538461546,12.499095110389504,12.350887454376544,4.309096029067583,12.566620168383578,2.380252699882476,0.14820765601296204
laliga-2024-2024-08-24-osasuna-v-mallorca,2024-08-24,2024,Osasuna,Mallorca,1,0,2,0.5,0.0,504.4820765819288,7,6,999,0,1.0,0,999,0,1.0,0,0,0,1.0,4.0,0.0,9.0,6.0,1.4,1.1794871794871795,1.1794871794871795,1.4615384615384615,1.8,1.2,1.2,1.1578947368421053,1.0,1.35,1.368421052631579,1.5789473684210527,0.2564102564102564,0.2564102564102564,0.2205128205128204,12.33493626402165,12.475447830770602,4.245588315049165,12.548505097991866,2.424159176649579,-0.14051156674895351,2.0,3.0,0.0,7.0,5.0,1.8,1.0512820512820513,0.8717948717948718,1.1538461538461537,1.4,1.0,1.35,0.7368421052631579,0.9,0.85,0.8421052631578947,1.4736842105263157,0.2564102564102564,0.38461538461538464,0.7487179487179487,12.499095110389504,12.350887454376544,4.309096029067583,12.566620168383578,2.380252699882476,0.14820765601296204
laliga-2024-2024-08-24-barcelona-v-ath-bilbao,2024-08-24,2024,Barcelona,Ath Bilbao,2,1,2,0.9285714285714286,0.0,466.174000872469,7,9,999,0,1.0,0,999,0,1.0,0,0,0,5.0,0.0,0.0,11.0,2.0,3.0,2.2564102564102564,2.076923076923077,1.1538461538461537,2.2,0.4,2.4210526315789473,2.1,2.263157894736842,1.105263157894737,1.9,1.2,0.4358974358974359,0.05128205128205128,0.7435897435897436,12.33493626402165,12.475447830770602,4.245588315049165,12.548505097991866,2.424159176649579,-0.14051156674895351,2.0,2.0,1.0,7.0,5.0,1.6,1.7692307692307692,1.5897435897435896,0.9743589743589743,1.4,1.0,2.15,1.368421052631579,2.15,0.95,1.0,1.0,0.46153846153846156,0.23076923076923078,-0.16923076923076907,12.499095110389504,12.350887454376544,4.309096029067583,12.566620168383578,2.380252699882476,0.14820765601296204
laliga-2024-2024-08-24-espanyol-v-real-sociedad,2024-08-24,2024,Espanyol,Real Sociedad,0,1,0,0.2,0.0,397.4372214183198,5,6,999,0,1.0,0,999,0,1.0,0,0,0,0.0,0.0,1.0,0.0,1.0,0.0,0.0,0.0,1.0,0.0,1.0,0.0,0.0,0.0,1.0,0.0,1.0,0.0,1.0,0.0,12.33493626402165,12.475447830770602,4.245588315049165,12.548505097991866,2.424159176649579,-0.14051156674895351,2.0,0.0,3.0,4.0,6.0,1.2,1.5384615384615385,1.3333333333333333,1.0512820512820513,0.8,1.2,1.5,1.5789473684210527,1.35,1.1,1.3157894736842106,1.0,0.38461538461538464,0.2564102564102564,-0.3384615384615386,12.499095110389504,12.350887454376544,4.309096029067583,12.566620168383578,2.380252699882476,0.14820765601296204
laliga-2024-2024-08-24-getafe-v-rayo-vallecano,2024-08-24,2024,Getafe,Rayo Vallecano,0,0,1,0.25,0.0,10.377781893936726,9,6,999,0,1.0,0,999,0,1.0,0,0,0,0.0,1.0,4.0,2.0,8.0,0.2,1.1282051282051282,1.1025641025641026,1.4102564102564104,0.4,1.6,1.5263157894736843,0.75,1.0526315789473684,1.1578947368421053,1.15,1.65,0.2564102564102564,0.38461538461538464,-0.9282051282051282,12.33493626402165,12.475447830770602,4.245588315049165,12.548505097991866,2.424159176649579,-0.14051156674895351,2.0,1.0,2.0,4.0,6.0,1.4,1.0512820512820513,0.7948717948717948,1.2564102564102564,0.8,1.2,1.0526315789473684,1.05,0.9473684210526315,1.368421052631579,0.65,1.15,0.3333333333333333,0.48717948717948717,0.3487179487179486,12.499095110389504,12.350887454376544,4.309096029067583,12.566620168383578,2.380252699882476,0.14820765601296204
laliga-2024-2024-08-25-ath-madrid-v-girona,2024-08-25,2024,Ath Madrid,Girona,3,0,2,0.8333333333333334,0.0,563.7604753188742,6,10,999,0,1.0,0,999,0,1.0,0,0,0,3.0,1.0,1.0,9.0,6.0,2.0,1.9743589743589745,1.8461538461538463,1.1538461538461537,1.8,1.2,2.5789473684210527,1.4,2.210526315789474,1.1578947368421053,1.5,1.15,0.3333333333333333,0.20512820512820512,0.02564102564102555,12.33493626402165,12.475447830770602,4.245588315049165,12.548505097991866,2.424159176649579,-0.14051156674895351,2.0,2.0,1.0,13.0,5.0,1.6,2.1025641025641026,2.2051282051282053,1.205128205128205,2.6,1.0,2.473684210526316,1.75,2.789473684210526,1.0526315789473684,1.65,1.35,0.3076923076923077,0.1794871794871795,-0.5025641025641026,12.499095110389504,12.350887454376544,4.309096029067583,12.566620168383578,2.380252699882476,0.14820765601296204
laliga-2024-2024-08-25-leganes-v-las-palmas,2024-08-25,2024,Leganes,Las Palmas,2,1,2,1.0,0.0,1729.719225852088,8,9,999,0,1.0,0,999,0,1.0,0,0,0,0.0,1.0,0.0,1.0,1.0,1.0,1.0,1.0,1.0,1.0,1.0,1.0,1.0,1.0,1.0,1.0,1.0,0.0,0.0,0.0,12.33493626402165,12.475447830770602,4.245588315049165,12.548505097991866,2.424159176649579,-0.14051156674895351,0.0,4.0,1.0,5.0,6.0,0.8,1.0512820512820513,0.8974358974358975,1.2564102564102564,1.0,1.2,1.25,0.8421052631578947,1.1,1.1,0.6842105263157895,1.4210526315789473,0.20512820512820512,0.4358974358974359,-0.2512820512820513,12.499095110389504,12.350887454376544,4.309096029067583,12.566620168383578,2.380252699882476,0.14820765601296204
laliga-2024-2024-08-25-real-madrid-v-valladolid,2024-08-25,2024,Real Madrid,Valladolid,3,0,2,1.0,0.0,158.52088211197747,7,6,999,0,1.0,0,999,0,1.0,0,0,0,2.0,3.0,0.0,14.0,5.0,1.8,2.4615384615384617,2.2564102564102564,0.6923076923076923,2.8,1.0,2.6842105263157894,2.25,2.526315789473684,0.47368421052631576,2.0,0.9,0.5384615384615384,0.05128205128205128,-0.6615384615384616,12.33493626402165,12.475447830770602,4.245588315049165,12.548505097991866,2.424159176649579,-0.14051156674895351,1.0,0.0,0.0,1.0,0.0,3.0,3.0,1.0,0.0,1.0,0.0,3.0,3.0,1.0,0.0,1.0,0.0,1.0,0.0,0.0,12.499095110389504,12.350887454376544,4.309096029067583,12.566620168383578,2.380252699882476,0.14820765601296204
laliga-2024-2024-08-25-alaves-v-betis,2024-08-25,2024,Alaves,Betis,0,0,1,0.5833333333333334,0.0,668.854131899639,9,10,999,0,1.0,0,999,0,1.0,0,0,0,1.0,2.0,2.0,5.0,10.0,1.0,1.1794871794871795,0.9487179487179487,1.2307692307692308,1.0,2.0,1.631578947368421,0.75,1.2105263157894737,1.0,0.7,1.45,0.28205128205128205,0.38461538461538464,-0.17948717948717952,12.33493626402165,12.475447830770602,4.245588315049165,12.548505097991866,2.424159176649579,-0.14051156674895351,1.0,3.0,1.0,6.0,7.0,1.2,1.4871794871794872,1.2564102564102564,1.1794871794871795,1.2,1.4,1.75,1.2105263157894737,1.4,1.0,1.105263157894737,1.368421052631579,0.3333333333333333,0.20512820512820512,-0.28717948717948727,12.499095110389504,12.350887454376544,4.309096029067583,12.566620168383578,2.380252699882476,0.14820765601296204
laliga-2024-2024-08-26-villarreal-v-celta,2024-08-26,2024,Villarreal,Celta,4,3,2,0.5833333333333334,0.0,766.1990508700139,3,3,999,0,1.0,0,999,0,1.0,0,0,0,2.0,3.0,0.0,10.0,8.0,1.8,1.425,1.725,1.7,2.0,1.6,1.35,1.5,1.9,1.7,1.55,1.7,0.15,0.1,0.375,12.33493626402165,12.475447830770602,4.245588315049165,12.548505097991866,2.424159176649579,-0.14051156674895351,4.0,1.0,0.0,11.0,6.0,2.6,1.175,1.275,1.475,2.2,1.2,1.4285714285714286,0.8947368421052632,1.2380952380952381,1.1904761904761905,1.3157894736842106,1.7894736842105263,0.15,0.325,1.425,12.499095110389504,12.350887454376544,4.309096029067583,12.566620168383578,2.380252699882476,0.14820765601296204
laliga-2024-2024-08-27-mallorca-v-sevilla,2024-08-27,2024,Mallorca,Sevilla,0,0,1,0.6666666666666666,0.0,787.3887957067963,3,4,999,0,1.0,0,999,0,1.0,0,0,0,1.0,3.0,1.0,6.0,6.0,1.2,1.025,0.85,1.15,1.2,1.2,1.35,0.7,0.9,0.85,0.8,1.45,0.25,0.4,0.17500000000000004,12.33493626402165,12.475447830770602,4.245588315049165,12.548505097991866,2.424159176649579,-0.14051156674895351,0.0,1.0,4.0,4.0,9.0,0.2,1.05,1.275,1.45,0.8,1.8,1.15,0.95,1.4,1.45,1.15,1.45,0.2,0.25,-0.8500000000000001,12.499095110389504,12.350887454376544,4.309096029067583,12.566620168383578,2.380252699882476,0.14820765601296204
laliga-2024-2024-08-27-rayo-vallecano-v-barcelona,2024-08-27,2024,Rayo Vallecano,Barcelona,1,2,0,0.14285714285714285,0.0,498.31165744106266,3,3,999,0,1.0,0,999,0,1.0,0,0,0,2.0,1.0,2.0,4.0,6.0,1.4,1.05,0.775,1.225,0.8,1.2,1.0526315789473684,1.0476190476190477,0.9473684210526315,1.368421052631579,0.6190476190476191,1.0952380952380953,0.35,0.5,0.34999999999999987,12.33493626402165,12.475447830770602,4.245588315049165,12.548505097991866,2.424159176649579,-0.14051156674895351,5.0,0.0,0.0,11.0,3.0,3.0,2.275,2.075,1.15,2.2,0.6,2.45,2.1,2.25,1.1,1.9,1.2,0.425,0.05,0.7250000000000001,12.499095110389504,12.350887454376544,4.309096029067583,12.566620168383578,2.380252699882476,0.14820765601296204
laliga-2024-2024-08-28-ath-bilbao-v-valencia,2024-08-28,2024,Ath Bilbao,Valencia,1,0,2,0.4166666666666667,0.0,472.84856035847474,4,5,999,0,1.0,0,999,0,1.0,0,0,0,2.0,1.0,2.0,6.0,5.0,1.4,1.725,1.575,1.0,1.2,1.0,2.15,1.3,2.15,0.95,1.0,1.05,0.45,0.225,-0.3250000000000002,12.33493626402165,12.475447830770602,4.245588315049165,12.548505097991866,2.424159176649579,-0.14051156674895351,0.0,1.0,4.0,5.0,11.0,0.2,1.225,1.05,1.25,1.0,2.2,1.5,0.95,1.05,0.8,1.05,1.7,0.325,0.325,-1.0250000000000001,12.499095110389504,12.350887454376544,4.309096029067583,12.566620168383578,2.380252699882476,0.14820765601296204
laliga-2024-2024-08-28-valladolid-v-leganes,2024-08-28,2024,Valladolid,Leganes,0,0,1,0.25,0.0,167.07359563697202,3,3,999,0,1.0,0,999,0,1.0,0,0,0,1.0,0.0,1.0,1.0,3.0,1.5,1.5,0.5,1.5,0.5,1.5,3.0,0.0,1.0,0.0,0.0,3.0,0.5,0.5,0.0,12.33493626402165,12.475447830770602,4.245588315049165,12.548505097991866,2.424159176649579,-0.14051156674895351,1.0,1.0,0.0,3.0,2.0,2.0,2.0,1.5,1.0,1.5,1.0,3.0,1.0,2.0,1.0,1.0,1.0,0.0,0.0,0.0,12.499095110389504,12.350887454376544,4.309096029067583,12.566620168383578,2.380252699882476,0.14820765601296204
laliga-2024-2024-08-28-ath-madrid-v-espanyol,2024-08-28,2024,Ath Madrid,Espanyol,0,0,1,0.5,0.0,487.45884892574276,3,4,999,0,1.0,0,999,0,1.0,0,0,0,3.0,1.0,1.0,11.0,6.0,2.0,2.0,1.875,1.125,2.2,1.2,2.6,1.4,2.25,1.1,1.5,1.15,0.35,0.2,0.0,12.33493626402165,12.475447830770602,4.245588315049165,12.548505097991866,2.424159176649579,-0.14051156674895351,0.0,0.0,2.0,0.0,2.0,0.0,0.0,0.0,1.0,0.0,1.0,0.0,0.0,0.0,1.0,0.0,1.0,0.0,1.0,0.0,12.499095110389504,12.350887454376544,4.309096029067583,12.566620168383578,2.380252699882476,0.14820765601296204
laliga-2024-2024-08-28-real-sociedad-v-alaves,2024-08-28,2024,Real Sociedad,Alaves,1,2,0,0.3333333333333333,0.0,76.09471311143147,4,3,999,0,1.0,0,999,0,1.0,0,0,0,3.0,0.0,2.0,5.0,4.0,1.8,1.575,1.325,1.025,1.0,0.8,1.5,1.65,1.35,1.1,1.3,0.95,0.4,0.25,0.2250000000000001,12.33493626402165,12.475447830770602,4.245588315049165,12.548505097991866,2.424159176649579,-0.14051156674895351,1.0,2.0,2.0,3.0,8.0,1.0,1.175,0.925,1.2,0.6,1.6,1.6,0.75,1.15,0.95,0.7,1.45,0.3,0.4,-0.17500000000000004,12.499095110389504,12.350887454376544,4.309096029067583,12.566620168383578,2.380252699882476,0.14820765601296204
laliga-2024-2024-08-29-girona-v-osasuna,2024-08-29,2024,Girona,Osasuna,4,0,2,0.6666666666666666,0.0,377.36469466051943,4,5,999,0,1.0,0,999,0,1.0,0,0,0,2.0,1.0,2.0,11.0,6.0,1.4,2.05,2.15,1.25,2.2,1.2,2.473684210526316,1.6666666666666667,2.789473684210526,1.0526315789473684,1.5714285714285714,1.4285714285714286,0.3,0.2,-0.6499999999999999,12.33493626402165,12.475447830770602,4.245588315049165,12.548505097991866,2.424159176649579,-0.14051156674895351,2.0,3.0,0.0,8.0,4.0,1.8,1.225,1.175,1.425,1.6,0.8,1.2857142857142858,1.1578947368421053,1.0,1.2857142857142858,1.368421052631579,1.5789473684210527,0.275,0.25,0.575,12.499095110389504,12.350887454376544,4.309096029067583,12.566620168383578,2.380252699882476,0.14820765601296204
laliga-2024-2024-08-29-las-palmas-v-real-madrid,2024-08-29,2024,Las Palmas,Real Madrid,1,1,1,0.125,0.0,1744.4879586594413,4,4,999,0,1.0,0,999,0,1.0,0,0,0,0.0,4.0,1.0,6.0,7.0,0.8,1.025,0.9,1.275,1.2,1.4,1.25,0.8,1.1,1.1,0.7,1.45,0.2,0.425,-0.22499999999999987,12.33493626402165,12.475447830770602,4.245588315049165,12.548505097991866,2.424159176649579,-0.14051156674895351,2.0,3.0,0.0,13.0,5.0,1.8,2.475,2.275,0.675,2.6,1.0,2.7,2.25,2.55,0.45,2.0,0.9,0.55,0.05,-0.675,12.499095110389504,12.350887454376544,4.309096029067583,12.566620168383578,2.380252699882476,0.14820765601296204
laliga-2024-2024-08-31-barcelona-v-valladolid,2024-08-31,2024,Barcelona,Valladolid,7,0,2,1.0,0.0,571.0617547850223,4,3,999,0,1.0,0,999,0,1.0,0,0,0,5.0,0.0,0.0,11.0,4.0,3.0,2.292682926829268,2.073170731707317,1.146341463414634,2.2,0.8,2.45,2.142857142857143,2.25,1.1,1.9047619047619047,1.1904761904761905,0.4146341463414634,0.04878048780487805,0.7073170731707319,12.33493626402165,12.475447830770602,4.245588315049165,12.548505097991866,2.424159176649579,-0.14051156674895351,1.0,1.0,1.0,1.0,3.0,1.3333333333333333,1.3333333333333333,0.3333333333333333,1.0,0.3333333333333333,1.0,2.0,0.0,0.5,0.0,0.0,3.0,0.6666666666666666,0.6666666666666666,0.0,12.499095110389504,12.350887454376544,4.309096029067583,12.566620168383578,2.380252699882476,0.14820765601296204
laliga-2024-2024-08-31-ath-bilbao-v-ath-madrid,2024-08-31,2024,Ath Bilbao,Ath Madrid,0,1,0,0.42857142857142855,0.0,318.9219671527912,3,3,999,0,1.0,0,999,0,1.0,0,0,0,3.0,1.0,1.0,6.0,3.0,2.0,1.7560975609756098,1.5609756097560976,0.975609756097561,1.2,0.6,2.1904761904761907,1.3,2.0952380952380953,0.9047619047619048,1.0,1.05,0.4634146341463415,0.21951219512195122,0.24390243902439024,12.33493626402165,12.475447830770602,4.245588315049165,12.548505097991866,2.424159176649579,-0.14051156674895351,2.0,2.0,1.0,8.0,6.0,1.6,1.975609756097561,1.829268292682927,1.0975609756097562,1.6,1.2,2.5238095238095237,1.4,2.142857142857143,1.0476190476190477,1.5,1.15,0.36585365853658536,0.21951219512195122,-0.37560975609756087,12.499095110389504,12.350887454376544,4.309096029067583,12.566620168383578,2.380252699882476,0.14820765601296204
laliga-2024-2024-08-31-espanyol-v-rayo-vallecano,2024-08-31,2024,Espanyol,Rayo Vallecano,2,1,2,0.6,0.0,493.54718483989615,3,4,999,0,1.0,0,999,0,1.0,0,0,0,0.0,1.0,2.0,0.0,2.0,0.3333333333333333,0.3333333333333333,0.0,0.6666666666666666,0.0,0.6666666666666666,0.0,0.5,0.0,1.0,0.0,0.5,0.3333333333333333,1.0,0.0,12.33493626402165,12.475447830770602,4.245588315049165,12.548505097991866,2.424159176649579,-0.14051156674895351,1.0,1.0,3.0,3.0,7.0,0.8,1.024390243902439,0.7804878048780488,1.2439024390243902,0.6,1.4,1.0,1.0476190476190477,0.95,1.4,0.6190476190476191,1.0952380952380953,0.34146341463414637,0.4878048780487805,-0.224390243902439,12.499095110389504,12.350887454376544,4.309096029067583,12.566620168383578,2.380252699882476,0.14820765601296204
laliga-2024-2024-08-31-valencia-v-villarreal,2024-08-31,2024,Valencia,Villarreal,1,1,1,0.3333333333333333,0.0,57.10537617130791,3,5,999,0,1.0,0,999,0,1.0,0,0,0,0.0,1.0,4.0,5.0,11.0,0.2,1.1951219512195121,1.024390243902439,1.2439024390243902,1.0,2.2,1.5,0.9047619047619048,1.05,0.8,1.0,1.6666666666666667,0.3170731707317073,0.34146341463414637,-0.9951219512195122,12.33493626402165,12.475447830770602,4.245588315049165,12.548505097991866,2.424159176649579,-0.14051156674895351,2.0,3.0,0.0,13.0,11.0,1.8,1.4634146341463414,1.7804878048780488,1.7317073170731707,2.6,2.2,1.4285714285714286,1.5,2.0,1.7619047619047619,1.55,1.7,0.14634146341463414,0.0975609756097561,0.3365853658536586,12.499095110389504,12.350887454376544,4.309096029067583,12.566620168383578,2.380252699882476,0.14820765601296204
laliga-2024-2024-08-31-leganes-v-mallorca,2024-08-31,2024,Leganes,Mallorca,0,1,0,0.25,0.0,551.1547339550194,3,4,999,0,1.0,0,999,0,1.0,0,0,0,1.0,2.0,0.0,3.0,2.0,1.6666666666666667,1.6666666666666667,1.0,0.6666666666666666,1.0,0.6666666666666666,3.0,1.0,2.0,1.0,0.5,0.5,0.3333333333333333,0.3333333333333333,0.0,12.33493626402165,12.475447830770602,4.245588315049165,12.548505097991866,2.424159176649579,-0.14051156674895351,1.0,3.0,1.0,5.0,5.0,1.2,1.024390243902439,0.8292682926829268,1.1219512195121952,1.0,1.0,1.3333333333333333,0.7,0.8571428571428571,0.8095238095238095,0.8,1.45,0.2682926829268293,0.4146341463414634,0.1756097560975609,12.499095110389504,12.350887454376544,4.309096029067583,12.566620168383578,2.380252699882476,0.14820765601296204
laliga-2024-2024-09-01-getafe-v-real-sociedad,2024-09-01,2024,Getafe,Real Sociedad,0,0,1,0.5,0.0,362.68976761646644,8,4,999,0,1.0,0,999,0,1.0,0,0,0,0.0,2.0,3.0,2.0,7.0,0.4,1.125,1.075,1.375,0.4,1.4,1.5,0.75,1.0,1.1,1.15,1.65,0.275,0.4,-0.725,12.33493626402165,12.475447830770602,4.245588315049165,12.548505097991866,2.424159176649579,-0.14051156674895351,2.0,0.0,3.0,5.0,6.0,1.2,1.5365853658536586,1.3170731707317074,1.048780487804878,1.0,1.2,1.4285714285714286,1.65,1.3333333333333333,1.1428571428571428,1.3,0.95,0.3902439024390244,0.24390243902439024,-0.3365853658536586,12.499095110389504,12.350887454376544,4.309096029067583,12.566620168383578,2.380252699882476,0.14820765601296204
laliga-2024-2024-09-01-alaves-v-las-palmas,2024-09-01,2024,Alaves,Las Palmas,2,0,2,0.5,0.0,2001.8149560179402,4,3,999,0,1.0,0,999,0,1.0,0,0,0,2.0,2.0,1.0,5.0,4.0,1.6,1.2195121951219512,0.9512195121951219,1.1951219512195121,1.0,0.8,1.6,0.8571428571428571,1.15,0.95,0.7619047619047619,1.4285714285714286,0.2926829268292683,0.3902439024390244,0.3804878048780489,12.33493626402165,12.475447830770602,4.245588315049165,12.548505097991866,2.424159176649579,-0.14051156674895351,0.0,4.0,1.0,5.0,6.0,0.8,1.024390243902439,0.9024390243902439,1.2682926829268293,1.0,1.2,1.2380952380952381,0.8,1.0952380952380953,1.0952380952380953,0.7,1.45,0.1951219512195122,0.4146341463414634,-0.224390243902439,12.499095110389504,12.350887454376544,4.309096029067583,12.566620168383578,2.380252699882476,0.14820765601296204
laliga-2024-2024-09-01-real-madrid-v-betis,2024-09-01,2024,Real Madrid,Betis,2,0,2,0.5,0.0,394.25599339659567,3,7,999,0,1.0,0,999,0,1.0,0,0,0,1.0,4.0,0.0,9.0,6.0,1.4,2.4390243902439024,2.2439024390243905,0.6829268292682927,1.8,1.2,2.7,2.1904761904761907,2.55,0.45,1.9523809523809523,0.9047619047619048,0.5365853658536586,0.04878048780487805,-1.0390243902439025,12.33493626402165,12.475447830770602,4.245588315049165,12.548505097991866,2.424159176649579,-0.14051156674895351,0.0,4.0,1.0,3.0,5.0,0.8,1.475,1.225,1.15,0.6,1.0,1.75,1.2,1.4,1.0,1.05,1.3,0.35,0.225,-0.675,12.499095110389504,12.350887454376544,4.309096029067583,12.566620168383578,2.380252699882476,0.14820765601296204
laliga-2024-2024-09-01-sevilla-v-girona,2024-09-01,2024,Sevilla,Girona,0,2,0,0.4166666666666667,0.0,908.8557335333999,5,3,999,0,1.0,0,999,0,1.0,0,0,0,0.0,2.0,3.0,4.0,8.0,0.4,1.048780487804878,1.2439024390243902,1.4146341463414633,0.8,1.6,1.15,0.9523809523809523,1.4,1.45,1.0952380952380953,1.380952380952381,0.21951219512195122,0.2682926829268293,-0.6487804878048781,12.33493626402165,12.475447830770602,4.245588315049165,12.548505097991866,2.424159176649579,-0.14051156674895351,3.0,1.0,1.0,15.0,5.0,2.0,2.073170731707317,2.1951219512195124,1.2195121951219512,3.0,1.0,2.5,1.6666666666666667,2.85,1.0,1.5714285714285714,1.4285714285714286,0.3170731707317073,0.1951219512195122,-0.07317073170731714,12.499095110389504,12.350887454376544,4.309096029067583,12.566620168383578,2.380252699882476,0.14820765601296204
laliga-2024-2024-09-01-osasuna-v-celta,2024-09-01,2024,Osasuna,Celta,3,2,2,0.5714285714285714,0.0,585.7167771181677,3,6,999,0,1.0,0,999,0,1.0,0,0,0,2.0,2.0,1.0,7.0,7.0,1.6,1.1951219512195121,1.146341463414634,1.4878048780487805,1.4,1.4,1.2857142857142858,1.1,1.0,1.2857142857142858,1.3,1.7,0.2682926829268293,0.2682926829268293,0.40487804878048794,12.33493626402165,12.475447830770602,4.245588315049165,12.548505097991866,2.424159176649579,-0.14051156674895351,3.0,1.0,1.0,12.0,9.0,2.0,1.146341463414634,1.3170731707317074,1.5365853658536586,2.4,1.8,1.4285714285714286,0.85,1.2380952380952381,1.1904761904761905,1.4,1.9,0.14634146341463414,0.3170731707317073,0.853658536585366,12.499095110389504,12.350887454376544,4.309096029067583,12.566620168383578,2.380252699882476,0.14820765601296204
laliga-2024-2024-09-13-betis-v-leganes,2024-09-13,2024,Betis,Leganes,2,0,2,1.0,0.0,378.9361793197723,12,13,999,0,1.0,0,999,0,1.0,0,0,0,0.0,3.0,2.0,1.0,5.0,0.6,1.4390243902439024,1.1951219512195121,1.170731707317073,0.2,1.0,1.75,1.1428571428571428,1.4,1.0,1.0,1.3333333333333333,0.34146341463414637,0.24390243902439024,-0.8390243902439024,12.33493626402165,12.475447830770602,4.245588315049165,12.548505097991866,2.424159176649579,-0.14051156674895351,1.0,2.0,1.0,3.0,3.0,1.25,1.25,0.75,0.75,0.75,0.75,1.5,1.0,1.0,1.0,0.5,0.5,0.25,0.5,0.0,12.499095110389504,12.350887454376544,4.309096029067583,12.566620168383578,2.380252699882476,0.14820765601296204
laliga-2024-2024-09-14-mallorca-v-villarreal,2024-09-14,2024,Mallorca,Villarreal,1,2,0,0.16666666666666666,0.0,236.873397912926,14,14,999,0,1.0,0,999,0,1.0,0,0,0,2.0,2.0,1.0,4.0,3.0,1.6,1.0714285714285714,0.8333333333333334,1.0952380952380953,0.8,0.6,1.3333333333333333,0.8095238095238095,0.8571428571428571,0.8095238095238095,0.8095238095238095,1.380952380952381,0.2857142857142857,0.40476190476190477,0.5285714285714287,12.33493626402165,12.475447830770602,4.245588315049165,12.548505097991866,2.424159176649579,-0.14051156674895351,2.0,3.0,0.0,10.0,8.0,1.8,1.4523809523809523,1.7619047619047619,1.7142857142857142,2.0,1.6,1.4285714285714286,1.4761904761904763,2.0,1.7619047619047619,1.5238095238095237,1.6666666666666667,0.14285714285714285,0.09523809523809523,0.3476190476190477,12.499095110389504,12.350887454376544,4.309096029067583,12.566620168383578,2.380252699882476,0.14820765601296204
laliga-2024-2024-09-14-espanyol-v-alaves,2024-09-14,2024,Espanyol,Alaves,3,2,2,0.5,0.0,425.8463908501317,14,13,999,0,1.0,0,999,0,1.0,0,0,0,1.0,1.0,2.0,2.0,3.0,1.0,1.0,0.5,0.75,0.5,0.75,1.5,0.5,1.0,1.0,0.0,0.5,0.25,0.75,0.0,12.33493626402165,12.475447830770602,4.245588315049165,12.548505097991866,2.424159176649579,-0.14051156674895351,2.0,2.0,1.0,6.0,4.0,1.6,1.2619047619047619,0.9761904761904762,1.1666666666666667,1.2,0.8,1.6666666666666667,0.8571428571428571,1.1904761904761905,0.9047619047619048,0.7619047619047619,1.4285714285714286,0.30952380952380953,0.38095238095238093,0.3380952380952382,12.499095110389504,12.350887454376544,4.309096029067583,12.566620168383578,2.380252699882476,0.14820765601296204
laliga-2024-2024-09-14-sevilla-v-getafe,2024-09-14,2024,Sevilla,Getafe,1,0,2,0.5833333333333334,0.0,379.3296978893749,13,13,999,0,1.0,0,999,0,1.0,0,0,0,0.0,2.0,3.0,4.0,8.0,0.4,1.0238095238095237,1.2142857142857142,1.4285714285714286,0.8,1.6,1.0952380952380953,0.9523809523809523,1.3333333333333333,1.4761904761904763,1.0952380952380953,1.380952380952381,0.21428571428571427,0.2857142857142857,-0.6238095238095237,12.33493626402165,12.475447830770602,4.245588315049165,12.548505097991866,2.424159176649579,-0.14051156674895351,0.0,3.0,2.0,2.0,4.0,0.6,1.1219512195121952,1.048780487804878,1.3414634146341464,0.4,0.8,1.4761904761904763,0.75,0.9523809523809523,1.0476190476190477,1.15,1.65,0.2926829268292683,0.4146341463414634,-0.5219512195121953,12.499095110389504,12.350887454376544,4.309096029067583,12.566620168383578,2.380252699882476,0.14820765601296204
laliga-2024-2024-09-14-real-sociedad-v-real-madrid,2024-09-14,2024,Real Sociedad,Real Madrid,0,2,0,0.0,0.0,347.0032930879048,13,13,999,0,1.0,0,999,0,1.0,0,0,0,1.0,1.0,3.0,3.0,6.0,0.8,1.5238095238095237,1.2857142857142858,1.0238095238095237,0.6,1.2,1.4285714285714286,1.619047619047619,1.3333333333333333,1.1428571428571428,1.2380952380952381,0.9047619047619048,0.40476190476190477,0.2619047619047619,-0.7238095238095237,12.33493626402165,12.475447830770602,4.245588315049165,12.548505097991866,2.424159176649579,-0.14051156674895351,2.0,3.0,0.0,7.0,2.0,1.8,2.4523809523809526,2.238095238095238,0.6666666666666666,1.4,0.4,2.7142857142857144,2.1904761904761907,2.5238095238095237,0.42857142857142855,1.9523809523809523,0.9047619047619048,0.5476190476190477,0.047619047619047616,-0.6523809523809525,12.499095110389504,12.350887454376544,4.309096029067583,12.566620168383578,2.380252699882476,0.14820765601296204
laliga-2024-2024-09-15-celta-v-valladolid,2024-09-15,2024,Celta,Valladolid,3,1,2,1.0,0.0,337.76588767457145,14,15,999,0,1.0,0,999,0,1.0,0,0,0,2.0,1.0,2.0,12.0,11.0,1.4,1.119047619047619,1.3333333333333333,1.5714285714285714,2.4,2.2,1.4285714285714286,0.8095238095238095,1.2380952380952381,1.1904761904761905,1.4285714285714286,1.9523809523809523,0.14285714285714285,0.30952380952380953,0.28095238095238084,12.33493626402165,12.475447830770602,4.245588315049165,12.548505097991866,2.424159176649579,-0.14051156674895351,1.0,1.0,2.0,1.0,10.0,1.0,1.0,0.25,2.5,0.25,2.5,2.0,0.0,0.5,0.0,0.0,5.0,0.5,0.75,0.0,12.499095110389504,12.350887454376544,4.309096029067583,12.566620168383578,2.380252699882476,0.14820765601296204
laliga-2024-2024-09-15-girona-v-barcelona,2024-09-15,2024,Girona,Barcelona,1,4,0,0.5,0.0,87.8199411621499,14,15,999,0,1.0,0,999,0,1.0,0,0,0,3.0,1.0,1.0,14.0,4.0,2.0,2.0952380952380953,2.1904761904761907,1.1904761904761905,2.8,0.8,2.5,1.7272727272727273,2.85,1.0,1.5909090909090908,1.3636363636363635,0.3333333333333333,0.19047619047619047,-0.09523809523809534,12.33493626402165,12.475447830770602,4.245588315049165,12.548505097991866,2.424159176649579,-0.14051156674895351,5.0,0.0,0.0,15.0,4.0,3.0,2.3095238095238093,2.1904761904761907,1.119047619047619,3.0,0.8,2.4761904761904763,2.142857142857143,2.4761904761904763,1.0476190476190477,1.9047619047619047,1.1904761904761905,0.42857142857142855,0.047619047619047616,0.6904761904761907,12.499095110389504,12.350887454376544,4.309096029067583,12.566620168383578,2.380252699882476,0.14820765601296204
laliga-2024-2024-09-15-las-palmas-v-ath-bilbao,2024-09-15,2024,Las Palmas,Ath Bilbao,2,3,0,0.0,0.0,2024.3095310857846,14,15,999,0,1.0,0,999,0,1.0,0,0,0,0.0,3.0,2.0,5.0,8.0,0.6,1.0,0.8809523809523809,1.2857142857142858,1.0,1.6,1.2380952380952381,0.7619047619047619,1.0952380952380953,1.0952380952380953,0.6666666666666666,1.4761904761904763,0.19047619047619047,0.42857142857142855,-0.4,12.33493626402165,12.475447830770602,4.245588315049165,12.548505097991866,2.424159176649579,-0.14051156674895351,2.0,1.0,2.0,4.0,4.0,1.4,1.7142857142857142,1.5238095238095237,0.9761904761904762,0.8,0.8,2.090909090909091,1.3,2.0,0.9090909090909091,1.0,1.05,0.4523809523809524,0.23809523809523808,-0.3142857142857143,12.499095110389504,12.350887454376544,4.309096029067583,12.566620168383578,2.380252699882476,0.14820765601296204
laliga-2024-2024-09-15-ath-madrid-v-valencia,2024-09-15,2024,Ath Madrid,Valencia,3,0,2,0.8333333333333334,0.0,294.86048250440695,15,15,999,0,1.0,0,999,0,1.0,0,0,0,3.0,2.0,0.0,8.0,2.0,2.2,2.0,1.8095238095238095,1.0714285714285714,1.6,0.4,2.5238095238095237,1.4761904761904763,2.142857142857143,1.0476190476190477,1.4761904761904763,1.0952380952380953,0.38095238095238093,0.21428571428571427,0.20000000000000018,12.33493626402165,12.475447830770602,4.245588315049165,12.548505097991866,2.424159176649579,-0.14051156674895351,0.0,2.0,3.0,5.0,9.0,0.4,1.1904761904761905,1.0238095238095237,1.2380952380952381,1.0,1.8,1.4761904761904763,0.9047619047619048,1.0476190476190477,0.8095238095238095,1.0,1.6666666666666667,0.30952380952380953,0.3333333333333333,-0.7904761904761904,12.499095110389504,12.350887454376544,4.309096029067583,12.566620168383578,2.380252699882476,0.14820765601296204
laliga-2024-2024-09-16-rayo-vallecano-v-osasuna,2024-09-16,2024,Rayo Vallecano,Osasuna,3,1,2,0.42857142857142855,0.0,315.9199232680751,16,15,999,0,1.0,0,999,0,1.0,0,0,0,1.0,1.0,3.0,4.0,6.0,0.8,1.0,0.7857142857142857,1.2619047619047619,0.8,1.2,1.0,1.0,0.95,1.4,0.6363636363636364,1.1363636363636365,0.3333333333333333,0.47619047619047616,-0.19999999999999996,12.33493626402165,12.475447830770602,4.245588315049165,12.548505097991866,2.424159176649579,-0.14051156674895351,2.0,2.0,1.0,6.0,8.0,1.6,1.2380952380952381,1.1904761904761905,1.5,1.2,1.6,1.3636363636363635,1.1,1.0909090909090908,1.3181818181818181,1.3,1.7,0.2619047619047619,0.2619047619047619,0.36190476190476195,12.499095110389504,12.350887454376544,4.309096029067583,12.566620168383578,2.380252699882476,0.14820765601296204
laliga-2024-2024-09-17-mallorca-v-real-sociedad,2024-09-17,2024,Mallorca,Real Sociedad,1,0,2,0.3333333333333333,0.0,563.3188606808416,3,3,999,0,1.0,0,999,0,1.0,0,0,0,1.0,2.0,2.0,3.0,4.0,1.0,1.0465116279069768,0.8372093023255814,1.1162790697674418,0.6,0.8,1.2727272727272727,0.8095238095238095,0.8636363636363636,0.8636363636363636,0.8095238095238095,1.380952380952381,0.27906976744186046,0.3953488372093023,-0.04651162790697683,12.33493626402165,12.475447830770602,4.245588315049165,12.548505097991866,2.424159176649579,-0.14051156674895351,1.0,1.0,3.0,3.0,6.0,0.8,1.4883720930232558,1.255813953488372,1.0465116279069768,0.6,1.2,1.3636363636363635,1.619047619047619,1.2727272727272727,1.1818181818181819,1.2380952380952381,0.9047619047619048,0.3953488372093023,0.27906976744186046,-0.6883720930232557,12.499095110389504,12.350887454376544,4.309096029067583,12.566620168383578,2.380252699882476,0.14820765601296204
laliga-2024-2024-09-18-betis-v-getafe,2024-09-18,2024,Betis,Getafe,2,1,2,0.7142857142857143,0.0,379.3296978893749,5,4,999,0,1.0,0,999,0,1.0,0,0,0,1.0,3.0,1.0,3.0,3.0,1.2,1.4761904761904763,1.2142857142857142,1.1428571428571428,0.6,0.6,1.8095238095238095,1.1428571428571428,1.4285714285714286,0.9523809523809523,1.0,1.3333333333333333,0.35714285714285715,0.23809523809523808,-0.2761904761904763,12.33493626402165,12.475447830770602,4.245588315049165,12.548505097991866,2.424159176649579,-0.14051156674895351,0.0,3.0,2.0,2.0,4.0,0.6,1.0952380952380953,1.0238095238095237,1.3333333333333333,0.4,0.8,1.4761904761904763,0.7142857142857143,0.9523809523809523,1.0476190476190477,1.0952380952380953,1.619047619047619,0.2857142857142857,0.42857142857142855,-0.49523809523809537,12.499095110389504,12.350887454376544,4.309096029067583,12.566620168383578,2.380252699882476,0.14820765601296204
laliga-2024-2024-09-19-leganes-v-ath-bilbao,2024-09-19,2024,Leganes,Ath Bilbao,0,2,0,0.25,0.0,333.41442835741225,6,4,999,0,1.0,0,999,0,1.0,0,0,0,1.0,2.0,2.0,3.0,5.0,1.0,1.0,0.6,1.0,0.6,1.0,1.5,0.6666666666666666,1.0,1.0,0.3333333333333333,1.0,0.2,0.6,0.0,12.33493626402165,12.475447830770602,4.245588315049165,12.548505097991866,2.424159176649579,-0.14051156674895351,2.0,1.0,2.0,6.0,6.0,1.4,1.744186046511628,1.558139534883721,1.0,1.2,1.2,2.090909090909091,1.380952380952381,2.0,0.9090909090909091,1.0952380952380953,1.0952380952380953,0.4418604651162791,0.23255813953488372,-0.344186046511628,12.499095110389504,12.350887454376544,4.309096029067583,12.566620168383578,2.380252699882476,0.14820765601296204
laliga-2024-2024-09-20-alaves-v-sevilla,2024-09-20,2024,Alaves,Sevilla,2,1,2,0.6666666666666666,0.0,668.854131899639,6,6,999,0,1.0,0,999,0,1.0,0,0,0,2.0,1.0,2.0,7.0,6.0,1.4,1.2325581395348837,1.0,1.2093023255813953,1.4,1.2,1.6666666666666667,0.8181818181818182,1.1904761904761905,0.9047619047619048,0.8181818181818182,1.5,0.3023255813953488,0.37209302325581395,0.16744186046511622,12.33493626402165,12.475447830770602,4.245588315049165,12.548505097991866,2.424159176649579,-0.14051156674895351,1.0,2.0,2.0,4.0,6.0,1.0,1.069767441860465,1.2093023255813953,1.3953488372093024,0.8,1.2,1.1818181818181819,0.9523809523809523,1.3181818181818181,1.4090909090909092,1.0952380952380953,1.380952380952381,0.23255813953488372,0.27906976744186046,-0.06976744186046502,12.499095110389504,12.350887454376544,4.309096029067583,12.566620168383578,2.380252699882476,0.14820765601296204
laliga-2024-2024-09-21-valladolid-v-real-sociedad,2024-09-21,2024,Valladolid,Real Sociedad,0,0,1,0.25,0.0,291.59908801236895,6,4,999,0,1.0,0,999,0,1.0,0,0,0,1.0,1.0,3.0,2.0,13.0,0.8,0.8,0.4,2.6,0.4,2.6,2.0,0.0,0.5,0.0,0.3333333333333333,4.333333333333333,0.4,0.6,0.0,12.33493626402165,12.475447830770602,4.245588315049165,12.548505097991866,2.424159176649579,-0.14051156674895351,1.0,1.0,3.0,2.0,5.0,0.8,1.4545454545454546,1.2272727272727273,1.0454545454545454,0.4,1.0,1.3636363636363635,1.5454545454545454,1.2727272727272727,1.1818181818181819,1.1818181818181819,0.9090909090909091,0.38636363636363635,0.29545454545454547,-0.6545454545454545,12.499095110389504,12.350887454376544,4.309096029067583,12.566620168383578,2.380252699882476,0.14820765601296204
laliga-2024-2024-09-21-osasuna-v-las-palmas,2024-09-21,2024,Osasuna,Las Palmas,2,1,2,0.625,0.0,2052.49488272337,5,6,999,0,1.0,0,999,0,1.0,0,0,0,2.0,1.0,2.0,6.0,10.0,1.4,1.2093023255813953,1.186046511627907,1.5348837209302326,1.2,2.0,1.3636363636363635,1.0476190476190477,1.0909090909090908,1.3181818181818181,1.2857142857142858,1.7619047619047619,0.2558139534883721,0.2558139534883721,0.19069767441860463,12.33493626402165,12.475447830770602,4.245588315049165,12.548505097991866,2.424159176649579,-0.14051156674895351,0.0,2.0,3.0,6.0,10.0,0.4,0.9767441860465116,0.9069767441860465,1.3255813953488371,1.2,2.0,1.1818181818181819,0.7619047619047619,1.1363636363636365,1.1818181818181819,0.6666666666666666,1.4761904761904763,0.18604651162790697,0.4186046511627907,-0.5767441860465116,12.499095110389504,12.350887454376544,4.309096029067583,12.566620168383578,2.380252699882476,0.14820765601296204
laliga-2024-2024-09-21-valencia-v-girona,2024-09-21,2024,Valencia,Girona,2,0,2,0.4166666666666667,0.0,387.4286140921075,6,6,999,0,1.0,0,999,0,1.0,0,0,0,0.0,1.0,4.0,3.0,10.0,0.2,1.1627906976744187,1.0,1.2790697674418605,0.6,2.0,1.4761904761904763,0.8636363636363636,1.0476190476190477,0.8095238095238095,0.9545454545454546,1.7272727272727273,0.3023255813953488,0.3488372093023256,-0.9627906976744187,12.33493626402165,12.475447830770602,4.245588315049165,12.548505097991866,2.424159176649579,-0.14051156674895351,2.0,1.0,2.0,8.0,8.0,1.4,2.046511627906977,2.1627906976744184,1.255813953488372,1.6,1.6,2.380952380952381,1.7272727272727273,2.761904761904762,1.1428571428571428,1.5909090909090908,1.3636363636363635,0.32558139534883723,0.18604651162790697,-0.6465116279069769,12.499095110389504,12.350887454376544,4.309096029067583,12.566620168383578,2.380252699882476,0.14820765601296204
laliga-2024-2024-09-21-real-madrid-v-espanyol,2024-09-21,2024,Real Madrid,Espanyol,4,1,2,0.8,0.0,494.3576417774644,7,7,999,0,1.0,0,999,0,1.0,0,0,0,3.0,2.0,0.0,9.0,2.0,2.2,2.4651162790697674,2.2325581395348837,0.6511627906976745,1.8,0.4,2.7142857142857144,2.227272727272727,2.5238095238095237,0.42857142857142855,1.9545454545454546,0.8636363636363636,0.5581395348837209,0.046511627906976744,-0.2651162790697672,12.33493626402165,12.475447830770602,4.245588315049165,12.548505097991866,2.424159176649579,-0.14051156674895351,2.0,1.0,2.0,5.0,5.0,1.4,1.4,1.0,1.0,1.0,1.0,2.0,0.5,1.6666666666666667,1.3333333333333333,0.0,0.5,0.2,0.6,0.0,12.499095110389504,12.350887454376544,4.309096029067583,12.566620168383578,2.380252699882476,0.14820765601296204
laliga-2024-2024-09-22-getafe-v-leganes,2024-09-22,2024,Getafe,Leganes,1,1,1,0.25,0.0,4.937829142322468,4,3,999,0,1.0,0,999,0,1.0,0,0,0,0.0,3.0,2.0,2.0,4.0,0.6,1.069767441860465,1.0232558139534884,1.3488372093023255,0.4,0.8,1.4761904761904763,0.6818181818181818,0.9523809523809523,1.0476190476190477,1.0909090909090908,1.6363636363636365,0.27906976744186046,0.4186046511627907,-0.46976744186046504,12.33493626402165,12.475447830770602,4.245588315049165,12.548505097991866,2.424159176649579,-0.14051156674895351,1.0,1.0,3.0,2.0,6.0,0.8,0.8333333333333334,0.5,1.1666666666666667,0.4,1.2,1.0,0.6666666666666666,0.6666666666666666,1.3333333333333333,0.3333333333333333,1.0,0.16666666666666666,0.6666666666666666,-0.033333333333333326,12.499095110389504,12.350887454376544,4.309096029067583,12.566620168383578,2.380252699882476,0.14820765601296204
laliga-2024-2024-09-22-ath-bilbao-v-celta,2024-09-22,2024,Ath Bilbao,Celta,3,1,2,0.6428571428571429,0.0,487.0823988578239,3,7,999,0,1.0,0,999,0,1.0,0,0,0,3.0,0.0,2.0,7.0,5.0,1.8,1.7727272727272727,1.5681818181818181,0.9772727272727273,1.4,1.0,2.090909090909091,1.4545454545454546,2.0,0.9090909090909091,1.1363636363636365,1.0454545454545454,0.45454545454545453,0.22727272727272727,0.027272727272727337,12.33493626402165,12.475447830770602,4.245588315049165,12.548505097991866,2.424159176649579,-0.14051156674895351,3.0,0.0,2.0,13.0,10.0,1.8,1.1627906976744187,1.372093023255814,1.558139534883721,2.6,2.0,1.5,0.8095238095238095,1.3181818181818181,1.1818181818181819,1.4285714285714286,1.9523809523809523,0.13953488372093023,0.3023255813953488,0.6372093023255814,12.499095110389504,12.350887454376544,4.309096029067583,12.566620168383578,2.380252699882476,0.14820765601296204
laliga-2024-2024-09-22-villarreal-v-barcelona,2024-09-22,2024,Villarreal,Barcelona,1,5,0,0.3333333333333333,0.0,246.9573901431134,8,7,999,0,1.0,0,999,0,1.0,0,0,0,3.0,2.0,0.0,11.0,8.0,2.2,1.4883720930232558,1.7674418604651163,1.697674418604651,2.2,1.6,1.4285714285714286,1.5454545454545454,2.0,1.7619047619047619,1.5454545454545454,1.6363636363636365,0.13953488372093023,0.09302325581395349,0.7116279069767444,12.33493626402165,12.475447830770602,4.245588315049165,12.548505097991866,2.424159176649579,-0.14051156674895351,5.0,0.0,0.0,17.0,4.0,3.0,2.3255813953488373,2.2325581395348837,1.1162790697674418,3.4,0.8,2.4761904761904763,2.1818181818181817,2.4761904761904763,1.0476190476190477,2.0,1.1818181818181819,0.4186046511627907,0.046511627906976744,0.6744186046511627,12.499095110389504,12.350887454376544,4.309096029067583,12.566620168383578,2.380252699882476,0.14820765601296204
laliga-2024-2024-09-22-rayo-vallecano-v-ath-madrid,2024-09-22,2024,Rayo Vallecano,Ath Madrid,1,1,1,0.25,0.0,7.149352263268357,6,7,999,0,1.0,0,999,0,1.0,0,0,0,2.0,1.0,2.0,7.0,6.0,1.4,1.0465116279069768,0.8372093023255814,1.255813953488372,1.4,1.2,1.0952380952380953,1.0,1.0476190476190477,1.380952380952381,0.6363636363636364,1.1363636363636365,0.32558139534883723,0.46511627906976744,0.3534883720930231,12.33493626402165,12.475447830770602,4.245588315049165,12.548505097991866,2.424159176649579,-0.14051156674895351,3.0,2.0,0.0,9.0,2.0,2.2,2.0232558139534884,1.8372093023255813,1.0465116279069768,1.8,0.4,2.5454545454545454,1.4761904761904763,2.1818181818181817,1.0,1.4761904761904763,1.0952380952380953,0.3953488372093023,0.20930232558139536,0.17674418604651176,12.499095110389504,12.350887454376544,4.309096029067583,12.566620168383578,2.380252699882476,0.14820765601296204
laliga-2024-2024-09-23-betis-v-mallorca,2024-09-23,2024,Betis,Mallorca,1,2,0,0.8333333333333334,0.0,787.3887957067963,5,6,999,0,1.0,0,999,0,1.0,0,0,0,2.0,2.0,1.0,5.0,4.0,1.6,1.5116279069767442,1.2325581395348837,1.1395348837209303,1.0,0.8,1.8636363636363635,1.1428571428571428,1.4545454545454546,0.9545454545454546,1.0,1.3333333333333333,0.3488372093023256,0.23255813953488372,0.08837209302325588,12.33493626402165,12.475447830770602,4.245588315049165,12.548505097991866,2.424159176649579,-0.14051156674895351,2.0,1.0,2.0,3.0,3.0,1.4,1.0909090909090908,0.8409090909090909,1.0909090909090908,0.6,0.6,1.3478260869565217,0.8095238095238095,0.8695652173913043,0.8260869565217391,0.8095238095238095,1.380952380952381,0.29545454545454547,0.38636363636363635,0.3090909090909091,12.499095110389504,12.350887454376544,4.309096029067583,12.566620168383578,2.380252699882476,0.14820765601296204
laliga-2024-2024-09-24-valencia-v-osasuna,2024-09-24,2024,Valencia,Osasuna,0,0,1,0.5,0.0,384.19801421511994,3,3,999,0,1.0,0,999,0,1.0,0,0,0,1.0,1.0,3.0,4.0,8.0,0.8,1.2045454545454546,1.0227272727272727,1.25,0.8,1.6,1.5454545454545454,0.8636363636363636,1.0909090909090908,0.7727272727272727,0.9545454545454546,1.7272727272727273,0.3181818181818182,0.3409090909090909,-0.40454545454545454,12.33493626402165,12.475447830770602,4.245588315049165,12.548505097991866,2.424159176649579,-0.14051156674895351,3.0,0.0,2.0,7.0,10.0,1.8,1.25,1.2045454545454546,1.5227272727272727,1.4,2.0,1.434782608695652,1.0476190476190477,1.1304347826086956,1.3043478260869565,1.2857142857142858,1.7619047619047619,0.25,0.25,0.55,12.499095110389504,12.350887454376544,4.309096029067583,12.566620168383578,2.380252699882476,0.14820765601296204
laliga-2024-2024-09-24-sevilla-v-valladolid,2024-09-24,2024,Sevilla,Valladolid,2,1,2,1.0,0.0,485.39958641597144,4,3,999,0,1.0,0,999,0,1.0,0,0,0,1.0,1.0,3.0,3.0,6.0,0.8,1.0454545454545454,1.2045454545454546,1.4090909090909092,0.6,1.2,1.1818181818181819,0.9090909090909091,1.3181818181818181,1.4090909090909092,1.0909090909090908,1.4090909090909092,0.22727272727272727,0.2727272727272727,-0.24545454545454537,12.33493626402165,12.475447830770602,4.245588315049165,12.548505097991866,2.424159176649579,-0.14051156674895351,0.0,2.0,3.0,1.0,13.0,0.4,0.8333333333333334,0.3333333333333333,2.1666666666666665,0.2,2.6,1.6666666666666667,0.0,0.3333333333333333,0.0,0.3333333333333333,4.333333333333333,0.5,0.6666666666666666,-0.43333333333333335,12.499095110389504,12.350887454376544,4.309096029067583,12.566620168383578,2.380252699882476,0.14820765601296204
laliga-2024-2024-09-24-real-madrid-v-alaves,2024-09-24,2024,Real Madrid,Alaves,3,2,2,1.0,0.0,279.18330629488213,3,4,999,0,1.0,0,999,0,1.0,0,0,0,4.0,1.0,0.0,12.0,2.0,2.6,2.477272727272727,2.272727272727273,0.6590909090909091,2.4,0.4,2.727272727272727,2.227272727272727,2.590909090909091,0.45454545454545453,1.9545454545454546,0.8636363636363636,0.5454545454545454,0.045454545454545456,0.12272727272727302,12.33493626402165,12.475447830770602,4.245588315049165,12.548505097991866,2.424159176649579,-0.14051156674895351,3.0,1.0,1.0,8.0,5.0,2.0,1.2727272727272727,1.0227272727272727,1.2045454545454546,1.6,1.0,1.7272727272727273,0.8181818181818182,1.2272727272727273,0.9090909090909091,0.8181818181818182,1.5,0.29545454545454547,0.36363636363636365,0.7272727272727273,12.499095110389504,12.350887454376544,4.309096029067583,12.566620168383578,2.380252699882476,0.14820765601296204
laliga-2024-2024-09-25-girona-v-rayo-vallecano,2024-09-25,2024,Girona,Rayo Vallecano,0,0,1,0.5,0.0,570.2023860017887,4,3,999,0,1.0,0,999,0,1.0,0,0,0,2.0,0.0,3.0,7.0,9.0,1.2,2.0,2.1136363636363638,1.2727272727272727,1.4,1.8,2.380952380952381,1.6521739130434783,2.761904761904762,1.1428571428571428,1.5217391304347827,1.391304347826087,0.3181818181818182,0.20454545454545456,-0.8,12.33493626402165,12.475447830770602,4.245588315049165,12.548505097991866,2.424159176649579,-0.14051156674895351,1.0,2.0,2.0,6.0,6.0,1.0,1.0454545454545454,0.8409090909090909,1.25,1.2,1.2,1.0909090909090908,1.0,1.0454545454545454,1.3636363636363635,0.6363636363636364,1.1363636363636365,0.3181818181818182,0.45454545454545453,-0.045454545454545414,12.499095110389504,12.350887454376544,4.309096029067583,12.566620168383578,2.380252699882476,0.14820765601296204
laliga-2024-2024-09-25-barcelona-v-getafe,2024-09-25,2024,Barcelona,Getafe,1,0,2,0.8333333333333334,0.0,505.3079785831502,3,3,999,0,1.0,0,999,0,1.0,0,0,0,5.0,0.0,0.0,20.0,4.0,3.0,2.340909090909091,2.2954545454545454,1.1136363636363635,4.0,0.8,2.4761904761904763,2.217391304347826,2.4761904761904763,1.0476190476190477,2.130434782608696,1.173913043478261,0.4090909090909091,0.045454545454545456,0.6590909090909092,12.33493626402165,12.475447830770602,4.245588315049165,12.548505097991866,2.424159176649579,-0.14051156674895351,0.0,3.0,2.0,2.0,4.0,0.6,1.0681818181818181,1.0227272727272727,1.3409090909090908,0.4,0.8,1.4545454545454546,0.6818181818181818,0.9545454545454546,1.0454545454545454,1.0909090909090908,1.6363636363636365,0.2727272727272727,0.4090909090909091,-0.46818181818181814,12.499095110389504,12.350887454376544,4.309096029067583,12.566620168383578,2.380252699882476,0.14820765601296204
laliga-2024-2024-09-26-espanyol-v-villarreal,2024-09-26,2024,Espanyol,Villarreal,1,2,0,0.0,0.0,241.03429357682708,5,4,999,0,1.0,0,999,0,1.0,0,0,0,2.0,1.0,2.0,6.0,8.0,1.4,1.1666666666666667,1.0,1.5,1.2,1.6,2.0,0.3333333333333333,1.6666666666666667,1.3333333333333333,0.3333333333333333,1.6666666666666667,0.16666666666666666,0.5,0.23333333333333317,12.33493626402165,12.475447830770602,4.245588315049165,12.548505097991866,2.424159176649579,-0.14051156674895351,3.0,1.0,1.0,10.0,11.0,2.0,1.4545454545454546,1.75,1.7727272727272727,2.0,2.2,1.3636363636363635,1.5454545454545454,1.9545454545454546,1.9090909090909092,1.5454545454545454,1.6363636363636365,0.13636363636363635,0.09090909090909091,0.5454545454545454,12.499095110389504,12.350887454376544,4.309096029067583,12.566620168383578,2.380252699882476,0.14820765601296204
laliga-2024-2024-09-26-celta-v-ath-madrid,2024-09-26,2024,Celta,Ath Madrid,0,1,0,0.3333333333333333,0.0,472.3895555111108,4,4,999,0,1.0,0,999,0,1.0,0,0,0,2.0,0.0,3.0,12.0,12.0,1.2,1.1363636363636365,1.3636363636363635,1.5909090909090908,2.4,2.4,1.5,0.7727272727272727,1.3181818181818181,1.1818181818181819,1.4090909090909092,2.0,0.13636363636363635,0.29545454545454547,0.06363636363636349,12.33493626402165,12.475447830770602,4.245588315049165,12.548505097991866,2.424159176649579,-0.14051156674895351,3.0,2.0,0.0,8.0,1.0,2.2,2.0,1.8181818181818181,1.0454545454545454,1.6,0.2,2.5454545454545454,1.4545454545454546,2.1818181818181817,1.0,1.4545454545454546,1.0909090909090908,0.38636363636363635,0.20454545454545456,0.20000000000000018,12.499095110389504,12.350887454376544,4.309096029067583,12.566620168383578,2.380252699882476,0.14820765601296204
laliga-2024-2024-09-26-las-palmas-v-betis,2024-09-26,2024,Las Palmas,Betis,1,1,1,0.25,0.0,1359.3686806165017,5,3,999,0,1.0,0,999,0,1.0,0,0,0,0.0,1.0,4.0,5.0,10.0,0.2,0.9545454545454546,0.9090909090909091,1.3409090909090908,1.0,2.0,1.1818181818181819,0.7272727272727273,1.1363636363636365,1.1818181818181819,0.6818181818181818,1.5,0.18181818181818182,0.4090909090909091,-0.7545454545454546,12.33493626402165,12.475447830770602,4.245588315049165,12.548505097991866,2.424159176649579,-0.14051156674895351,2.0,1.0,2.0,5.0,5.0,1.4,1.4772727272727273,1.2272727272727273,1.1590909090909092,1.0,1.0,1.7826086956521738,1.1428571428571428,1.434782608695652,1.0,1.0,1.3333333333333333,0.3409090909090909,0.22727272727272727,-0.07727272727272738,12.499095110389504,12.350887454376544,4.309096029067583,12.566620168383578,2.380252699882476,0.14820765601296204
laliga-2024-2024-09-27-valladolid-v-mallorca,2024-09-27,2024,Valladolid,Mallorca,1,2,0,0.0,0.0,661.4967696597531,3,4,999,0,1.0,0,999,0,1.0,0,0,0,0.0,2.0,3.0,2.0,12.0,0.4,0.7142857142857143,0.42857142857142855,2.142857142857143,0.4,2.4,1.6666666666666667,0.0,0.3333333333333333,0.0,0.5,3.75,0.42857142857142855,0.5714285714285714,-0.3142857142857143,12.33493626402165,12.475447830770602,4.245588315049165,12.548505097991866,2.424159176649579,-0.14051156674895351,3.0,1.0,1.0,5.0,3.0,2.0,1.1333333333333333,0.8666666666666667,1.0888888888888888,1.0,0.6,1.3478260869565217,0.9090909090909091,0.8695652173913043,0.8260869565217391,0.8636363636363636,1.3636363636363635,0.28888888888888886,0.37777777777777777,0.8666666666666667,12.499095110389504,12.350887454376544,4.309096029067583,12.566620168383578,2.380252699882476,0.14820765601296204
laliga-2024-2024-09-28-getafe-v-alaves,2024-09-28,2024,Getafe,Alaves,2,0,2,0.6428571428571429,0.0,295.24865506627265,3,4,999,0,1.0,0,999,0,1.0,0,0,0,0.0,2.0,3.0,2.0,5.0,0.4,1.0444444444444445,1.0,1.3333333333333333,0.4,1.0,1.4545454545454546,0.6521739130434783,0.9545454545454546,1.0454545454545454,1.0434782608695652,1.608695652173913,0.26666666666666666,0.4222222222222222,-0.6444444444444445,12.33493626402165,12.475447830770602,4.245588315049165,12.548505097991866,2.424159176649579,-0.14051156674895351,3.0,0.0,2.0,10.0,8.0,1.8,1.2444444444444445,1.0444444444444445,1.2444444444444445,2.0,1.6,1.7272727272727273,0.782608695652174,1.2272727272727273,0.9090909090909091,0.8695652173913043,1.565217391304348,0.28888888888888886,0.35555555555555557,0.5555555555555556,12.499095110389504,12.350887454376544,4.309096029067583,12.566620168383578,2.380252699882476,0.14820765601296204
laliga-2024-2024-09-28-rayo-vallecano-v-leganes,2024-09-28,2024,Rayo Vallecano,Leganes,1,1,1,0.75,0.0,11.524409722084755,3,6,999,0,1.0,0,999,0,1.0,0,0,0,1.0,2.0,2.0,6.0,6.0,1.0,1.0444444444444445,0.8222222222222222,1.2222222222222223,1.2,1.2,1.0909090909090908,1.0,1.0454545454545454,1.3636363636363635,0.6086956521739131,1.0869565217391304,0.3333333333333333,0.4666666666666667,-0.04444444444444451,12.33493626402165,12.475447830770602,4.245588315049165,12.548505097991866,2.424159176649579,-0.14051156674895351,0.0,2.0,3.0,1.0,6.0,0.4,0.8571428571428571,0.5714285714285714,1.1428571428571428,0.2,1.2,1.0,0.75,0.6666666666666666,1.3333333333333333,0.5,1.0,0.14285714285714285,0.5714285714285714,-0.4571428571428571,12.499095110389504,12.350887454376544,4.309096029067583,12.566620168383578,2.380252699882476,0.14820765601296204
laliga-2024-2024-09-28-real-sociedad-v-valencia,2024-09-28,2024,Real Sociedad,Valencia,3,0,2,0.6428571428571429,0.0,445.8294239934526,7,4,999,0,1.0,0,999,0,1.0,0,0,0,0.0,2.0,3.0,1.0,5.0,0.4,1.4444444444444444,1.2,1.0222222222222221,0.2,1.0,1.3636363636363635,1.5217391304347827,1.2727272727272727,1.1818181818181819,1.1304347826086956,0.8695652173913043,0.4,0.3111111111111111,-1.0444444444444443,12.33493626402165,12.475447830770602,4.245588315049165,12.548505097991866,2.424159176649579,-0.14051156674895351,1.0,2.0,2.0,3.0,5.0,1.0,1.2,1.0,1.2222222222222223,0.6,1.0,1.5217391304347827,0.8636363636363636,1.0434782608695652,0.7391304347826086,0.9545454545454546,1.7272727272727273,0.3333333333333333,0.35555555555555557,-0.19999999999999996,12.499095110389504,12.350887454376544,4.309096029067583,12.566620168383578,2.380252699882476,0.14820765601296204
laliga-2024-2024-09-28-osasuna-v-barcelona,2024-09-28,2024,Osasuna,Barcelona,4,2,2,0.16666666666666666,0.0,347.5726504119322,4,3,999,0,1.0,0,999,0,1.0,0,0,0,2.0,1.0,2.0,6.0,10.0,1.4,1.2444444444444445,1.1777777777777778,1.488888888888889,1.2,2.0,1.434782608695652,1.0454545454545454,1.1304347826086956,1.3043478260869565,1.2272727272727273,1.6818181818181819,0.26666666666666666,0.26666666666666666,0.15555555555555545,12.33493626402165,12.475447830770602,4.245588315049165,12.548505097991866,2.424159176649579,-0.14051156674895351,5.0,0.0,0.0,19.0,3.0,3.0,2.3555555555555556,2.2666666666666666,1.0888888888888888,3.8,0.6,2.5,2.217391304347826,2.409090909090909,1.0,2.130434782608696,1.173913043478261,0.4222222222222222,0.044444444444444446,0.6444444444444444,12.499095110389504,12.350887454376544,4.309096029067583,12.566620168383578,2.380252699882476,0.14820765601296204
laliga-2024-2024-09-29-celta-v-girona,2024-09-29,2024,Celta,Girona,1,1,1,0.4166666666666667,0.0,953.6815245381418,3,4,999,0,1.0,0,999,0,1.0,0,0,0,1.0,0.0,4.0,9.0,12.0,0.6,1.1111111111111112,1.3333333333333333,1.5777777777777777,1.8,2.4,1.434782608695652,0.7727272727272727,1.2608695652173914,1.173913043478261,1.4090909090909092,2.0,0.13333333333333333,0.3111111111111111,-0.5111111111111112,12.33493626402165,12.475447830770602,4.245588315049165,12.548505097991866,2.424159176649579,-0.14051156674895351,2.0,1.0,2.0,7.0,6.0,1.4,1.9777777777777779,2.066666666666667,1.2444444444444445,1.4,1.2,2.3181818181818183,1.6521739130434783,2.6363636363636362,1.0909090909090908,1.5217391304347827,1.391304347826087,0.3333333333333333,0.2222222222222222,-0.577777777777778,12.499095110389504,12.350887454376544,4.309096029067583,12.566620168383578,2.380252699882476,0.14820765601296204
laliga-2024-2024-09-29-ath-bilbao-v-sevilla,2024-09-29,2024,Ath Bilbao,Sevilla,1,1,1,0.6428571428571429,0.0,702.0918503555403,7,5,999,0,1.0,0,999,0,1.0,0,0,0,4.0,0.0,1.0,9.0,4.0,2.4,1.8,1.6,0.9777777777777777,1.8,0.8,2.130434782608696,1.4545454545454546,2.0434782608695654,0.9130434782608695,1.1363636363636365,1.0454545454545454,0.4444444444444444,0.2222222222222222,0.5999999999999999,12.33493626402165,12.475447830770602,4.245588315049165,12.548505097991866,2.424159176649579,-0.14051156674895351,2.0,1.0,2.0,4.0,5.0,1.4,1.0888888888888888,1.2222222222222223,1.4,0.8,1.0,1.2608695652173914,0.9090909090909091,1.3478260869565217,1.391304347826087,1.0909090909090908,1.4090909090909092,0.2222222222222222,0.26666666666666666,0.3111111111111111,12.499095110389504,12.350887454376544,4.309096029067583,12.566620168383578,2.380252699882476,0.14820765601296204
laliga-2024-2024-09-29-betis-v-espanyol,2024-09-29,2024,Betis,Espanyol,1,0,2,0.875,0.0,819.5876816472664,3,3,999,0,1.0,0,999,0,1.0,0,0,0,2.0,1.0,2.0,6.0,6.0,1.4,1.4666666666666666,1.2222222222222223,1.1555555555555554,1.2,1.2,1.7826086956521738,1.1363636363636365,1.434782608695652,1.0,1.0,1.3181818181818181,0.3333333333333333,0.2222222222222222,-0.06666666666666665,12.33493626402165,12.475447830770602,4.245588315049165,12.548505097991866,2.424159176649579,-0.14051156674895351,2.0,1.0,2.0,7.0,9.0,1.4,1.0,1.0,1.5714285714285714,1.4,1.8,1.5,0.3333333333333333,1.5,1.5,0.3333333333333333,1.6666666666666667,0.14285714285714285,0.42857142857142855,0.3999999999999999,12.499095110389504,12.350887454376544,4.309096029067583,12.566620168383578,2.380252699882476,0.14820765601296204
laliga-2024-2024-09-29-ath-madrid-v-real-madrid,2024-09-29,2024,Ath Madrid,Real Madrid,1,1,1,0.6428571428571429,0.0,7.738693239445262,3,5,999,0,1.0,0,999,0,1.0,0,0,0,3.0,2.0,0.0,6.0,1.0,2.2,2.022222222222222,1.8,1.0222222222222221,1.2,0.2,2.5454545454545454,1.5217391304347827,2.1818181818181817,1.0,1.434782608695652,1.0434782608695652,0.4,0.2,0.17777777777777803,12.33493626402165,12.475447830770602,4.245588315049165,12.548505097991866,2.424159176649579,-0.14051156674895351,4.0,1.0,0.0,12.0,4.0,2.6,2.488888888888889,2.2888888888888888,0.6888888888888889,2.4,0.8,2.739130434782609,2.227272727272727,2.608695652173913,0.5217391304347826,1.9545454545454546,0.8636363636363636,0.5333333333333333,0.044444444444444446,0.11111111111111116,12.499095110389504,12.350887454376544,4.309096029067583,12.566620168383578,2.380252699882476,0.14820765601296204
laliga-2024-2024-09-30-villarreal-v-las-palmas,2024-09-30,2024,Villarreal,Las Palmas,3,1,2,0.5,0.0,1927.5048195932598,4,4,999,0,1.0,0,999,0,1.0,0,0,0,3.0,1.0,1.0,10.0,11.0,2.0,1.488888888888889,1.7555555555555555,1.7555555555555555,2.0,2.2,1.3636363636363635,1.608695652173913,1.9545454545454546,1.9090909090909092,1.565217391304348,1.608695652173913,0.13333333333333333,0.08888888888888889,0.5111111111111111,12.33493626402165,12.475447830770602,4.245588315049165,12.548505097991866,2.424159176649579,-0.14051156674895351,0.0,2.0,3.0,5.0,9.0,0.4,0.9555555555555556,0.9111111111111111,1.3333333333333333,1.0,1.8,1.173913043478261,0.7272727272727273,1.1304347826086956,1.173913043478261,0.6818181818181818,1.5,0.17777777777777778,0.4,-0.5555555555555556,12.499095110389504,12.350887454376544,4.309096029067583,12.566620168383578,2.380252699882476,0.14820765601296204
laliga-2024-2024-10-04-leganes-v-valencia,2024-10-04,2024,Leganes,Valencia,0,0,1,0.25,0.0,304.3917453323691,6,6,999,0,1.0,0,999,0,1.0,0,0,0,0.0,2.0,3.0,2.0,7.0,0.4,0.875,0.625,1.125,0.4,1.4,1.0,0.8,0.6666666666666666,1.3333333333333333,0.6,1.0,0.125,0.5,-0.475,12.33493626402165,12.475447830770602,4.245588315049165,12.548505097991866,2.424159176649579,-0.14051156674895351,1.0,2.0,2.0,3.0,7.0,1.0,1.173913043478261,0.9782608695652174,1.2608695652173914,0.6,1.4,1.5217391304347827,0.8260869565217391,1.0434782608695652,0.7391304347826086,0.9130434782608695,1.7826086956521738,0.32608695652173914,0.3695652173913043,-0.17391304347826098,12.499095110389504,12.350887454376544,4.309096029067583,12.566620168383578,2.380252699882476,0.14820765601296204
laliga-2024-2024-10-05-espanyol-v-mallorca,2024-10-05,2024,Espanyol,Mallorca,2,1,2,0.5,0.0,200.9300799560004,6,8,999,0,1.0,0,999,0,1.0,0,0,0,2.0,0.0,3.0,7.0,10.0,1.2,0.875,0.875,1.5,1.4,2.0,1.5,0.25,1.5,1.5,0.25,1.5,0.125,0.5,0.32499999999999996,12.33493626402165,12.475447830770602,4.245588315049165,12.548505097991866,2.424159176649579,-0.14051156674895351,4.0,0.0,1.0,7.0,4.0,2.4,1.173913043478261,0.8913043478260869,1.0869565217391304,1.4,0.8,1.3478260869565217,1.0,0.8695652173913043,0.8260869565217391,0.9130434782608695,1.3478260869565217,0.2826086956521739,0.3695652173913043,1.226086956521739,12.499095110389504,12.350887454376544,4.309096029067583,12.566620168383578,2.380252699882476,0.14820765601296204
laliga-2024-2024-10-05-getafe-v-osasuna,2024-10-05,2024,Getafe,Osasuna,1,1,1,0.5,0.0,326.2701990448406,7,7,999,0,1.0,0,999,0,1.0,0,0,0,1.0,1.0,3.0,4.0,5.0,0.8,1.0869565217391304,1.0217391304347827,1.3043478260869565,0.8,1.0,1.5217391304347827,0.6521739130434783,1.0,1.0,1.0434782608695652,1.608695652173913,0.2826086956521739,0.41304347826086957,-0.28695652173913033,12.33493626402165,12.475447830770602,4.245588315049165,12.548505097991866,2.424159176649579,-0.14051156674895351,3.0,1.0,1.0,10.0,8.0,2.0,1.2826086956521738,1.2391304347826086,1.5,2.0,1.6,1.5,1.0454545454545454,1.25,1.3333333333333333,1.2272727272727273,1.6818181818181819,0.2608695652173913,0.2608695652173913,0.7173913043478262,12.499095110389504,12.350887454376544,4.309096029067583,12.566620168383578,2.380252699882476,0.14820765601296204
laliga-2024-2024-10-05-las-palmas-v-celta,2024-10-05,2024,Las Palmas,Celta,0,1,0,0.375,0.0,1682.2042197742667,5,6,999,0,1.0,0,999,0,1.0,0,0,0,0.0,1.0,4.0,5.0,11.0,0.2,0.9347826086956522,0.9130434782608695,1.3695652173913044,1.0,2.2,1.173913043478261,0.6956521739130435,1.1304347826086956,1.173913043478261,0.6956521739130435,1.565217391304348,0.17391304347826086,0.391304347826087,-0.7347826086956522,12.33493626402165,12.475447830770602,4.245588315049165,12.548505097991866,2.424159176649579,-0.14051156674895351,1.0,1.0,3.0,7.0,9.0,0.8,1.108695652173913,1.326086956521739,1.565217391304348,1.4,1.8,1.4166666666666667,0.7727272727272727,1.25,1.1666666666666667,1.4090909090909092,2.0,0.13043478260869565,0.30434782608695654,-0.30869565217391304,12.499095110389504,12.350887454376544,4.309096029067583,12.566620168383578,2.380252699882476,0.14820765601296204
laliga-2024-2024-10-05-valladolid-v-rayo-vallecano,2024-10-05,2024,Valladolid,Rayo Vallecano,1,2,0,0.0,0.0,165.6921172712807,8,7,999,0,1.0,0,999,0,1.0,0,0,0,0.0,1.0,4.0,3.0,14.0,0.2,0.625,0.5,2.125,0.6,2.8,1.25,0.0,0.5,0.5,0.5,3.75,0.375,0.5,-0.425,12.33493626402165,12.475447830770602,4.245588315049165,12.548505097991866,2.424159176649579,-0.14051156674895351,1.0,3.0,1.0,6.0,5.0,1.2,1.0434782608695652,0.8260869565217391,1.2173913043478262,1.2,1.0,1.0869565217391304,1.0,1.0434782608695652,1.3478260869565217,0.6086956521739131,1.0869565217391304,0.32608695652173914,0.45652173913043476,0.15652173913043477,12.499095110389504,12.350887454376544,4.309096029067583,12.566620168383578,2.380252699882476,0.14820765601296204
laliga-2024-2024-10-05-real-madrid-v-villarreal,2024-10-05,2024,Real Madrid,Villarreal,2,0,2,0.9166666666666666,0.0,309.67389331564664,6,5,999,0,1.0,0,999,0,1.0,0,0,0,4.0,1.0,0.0,12.0,4.0,2.6,2.4565217391304346,2.260869565217391,0.6956521739130435,2.4,0.8,2.739130434782609,2.1739130434782608,2.608695652173913,0.5217391304347826,1.9130434782608696,0.8695652173913043,0.5217391304347826,0.043478260869565216,0.1434782608695655,12.33493626402165,12.475447830770602,4.245588315049165,12.548505097991866,2.424159176649579,-0.14051156674895351,3.0,1.0,1.0,9.0,9.0,2.0,1.5217391304347827,1.7826086956521738,1.7391304347826086,1.8,1.8,1.434782608695652,1.608695652173913,2.0,1.8695652173913044,1.565217391304348,1.608695652173913,0.13043478260869565,0.08695652173913043,0.4782608695652173,12.499095110389504,12.350887454376544,4.309096029067583,12.566620168383578,2.380252699882476,0.14820765601296204
laliga-2024-2024-10-06-girona-v-ath-bilbao,2024-10-06,2024,Girona,Ath Bilbao,2,1,2,0.5,0.0,493.296941623452,7,7,999,0,1.0,0,999,0,1.0,0,0,0,1.0,2.0,2.0,4.0,7.0,1.0,1.9565217391304348,2.0434782608695654,1.2391304347826086,0.8,1.4,2.3181818181818183,1.625,2.6363636363636362,1.0909090909090908,1.5,1.375,0.32608695652173914,0.21739130434782608,-0.9565217391304348,12.33493626402165,12.475447830770602,4.245588315049165,12.548505097991866,2.424159176649579,-0.14051156674895351,3.0,1.0,1.0,9.0,5.0,2.0,1.7826086956521738,1.5869565217391304,0.9782608695652174,1.8,1.0,2.0833333333333335,1.4545454545454546,2.0,0.9166666666666666,1.1363636363636365,1.0454545454545454,0.43478260869565216,0.21739130434782608,0.21739130434782616,12.499095110389504,12.350887454376544,4.309096029067583,12.566620168383578,2.380252699882476,0.14820765601296204
laliga-2024-2024-10-06-alaves-v-barcelona,2024-10-06,2024,Alaves,Barcelona,0,3,0,0.16666666666666666,0.0,427.6700354261175,8,8,999,0,1.0,0,999,0,1.0,0,0,0,2.0,0.0,3.0,8.0,9.0,1.2,1.2173913043478262,1.0217391304347827,1.2608695652173914,1.6,1.8,1.7272727272727273,0.75,1.2272727272727273,0.9090909090909091,0.8333333333333334,1.5833333333333333,0.2826086956521739,0.3695652173913043,-0.01739130434782621,12.33493626402165,12.475447830770602,4.245588315049165,12.548505097991866,2.424159176649579,-0.14051156674895351,4.0,0.0,1.0,19.0,6.0,2.4,2.3043478260869565,2.260869565217391,1.1521739130434783,3.8,1.2,2.5,2.125,2.409090909090909,1.0,2.125,1.2916666666666667,0.41304347826086957,0.043478260869565216,0.09565217391304337,12.499095110389504,12.350887454376544,4.309096029067583,12.566620168383578,2.380252699882476,0.14820765601296204
laliga-2024-2024-10-06-sevilla-v-betis,2024-10-06,2024,Sevilla,Betis,1,0,2,0.4166666666666667,0.0,0.0,7,7,999,0,1.0,0,999,0,1.0,0,0,0,2.0,1.0,2.0,5.0,6.0,1.4,1.0869565217391304,1.2173913043478262,1.391304347826087,1.0,1.2,1.2608695652173914,0.9130434782608695,1.3478260869565217,1.391304347826087,1.0869565217391304,1.391304347826087,0.21739130434782608,0.2608695652173913,0.31304347826086953,12.33493626402165,12.475447830770602,4.245588315049165,12.548505097991866,2.424159176649579,-0.14051156674895351,3.0,1.0,1.0,7.0,4.0,2.0,1.5,1.2173913043478262,1.1304347826086956,1.4,0.8,1.8333333333333333,1.1363636363636365,1.4166666666666667,0.9583333333333334,1.0,1.3181818181818181,0.34782608695652173,0.21739130434782608,0.5,12.499095110389504,12.350887454376544,4.309096029067583,12.566620168383578,2.380252699882476,0.14820765601296204
laliga-2024-2024-10-06-real-sociedad-v-ath-madrid,2024-10-06,2024,Real Sociedad,Ath Madrid,1,1,1,0.14285714285714285,0.0,345.70247151879346,8,7,999,0,1.0,0,999,0,1.0,0,0,0,1.0,2.0,2.0,3.0,3.0,1.0,1.4782608695652173,1.2391304347826086,1.0,0.6,0.6,1.434782608695652,1.5217391304347827,1.3478260869565217,1.1304347826086956,1.1304347826086956,0.8695652173913043,0.41304347826086957,0.30434782608695654,-0.4782608695652173,12.33493626402165,12.475447830770602,4.245588315049165,12.548505097991866,2.424159176649579,-0.14051156674895351,3.0,2.0,0.0,7.0,2.0,2.2,2.0,1.7826086956521738,1.0217391304347827,1.4,0.4,2.4782608695652173,1.5217391304347827,2.130434782608696,1.0,1.434782608695652,1.0434782608695652,0.391304347826087,0.1956521739130435,0.20000000000000018,12.499095110389504,12.350887454376544,4.309096029067583,12.566620168383578,2.380252699882476,0.14820765601296204
laliga-2024-2024-10-18-alaves-v-valladolid,2024-10-18,2024,Alaves,Valladolid,2,3,0,0.5,0.0,215.64981190445428,12,13,999,0,1.0,0,999,0,1.0,0,0,0,1.0,0.0,4.0,6.0,12.0,0.6,1.1914893617021276,1.0,1.297872340425532,1.2,2.4,1.6521739130434783,0.75,1.173913043478261,1.0,0.8333333333333334,1.5833333333333333,0.2765957446808511,0.3829787234042553,-0.5914893617021276,12.33493626402165,12.475447830770602,4.245588315049165,12.548505097991866,2.424159176649579,-0.14051156674895351,0.0,1.0,4.0,4.0,9.0,0.2,0.5555555555555556,0.5555555555555556,2.111111111111111,0.8,1.8,1.0,0.0,0.6,0.8,0.5,3.75,0.3333333333333333,0.4444444444444444,-0.35555555555555557,12.499095110389504,12.350887454376544,4.309096029067583,12.566620168383578,2.380252699882476,0.14820765601296204
laliga-2024-2024-10-19-ath-bilbao-v-espanyol,2024-10-19,2024,Ath Bilbao,Espanyol,4,1,2,0.375,0.0,464.7887002243856,13,14,999,0,1.0,0,999,0,1.0,0,0,0,3.0,1.0,1.0,10.0,6.0,2.0,1.7446808510638299,1.574468085106383,1.0,2.0,1.2,2.0833333333333335,1.391304347826087,2.0,0.9166666666666666,1.1304347826086956,1.0869565217391304,0.425531914893617,0.2127659574468085,0.25531914893617014,12.33493626402165,12.475447830770602,4.245588315049165,12.548505097991866,2.424159176649579,-0.14051156674895351,2.0,0.0,3.0,7.0,10.0,1.2,1.1111111111111112,1.0,1.4444444444444444,1.4,2.0,1.8,0.25,1.6,1.4,0.25,1.5,0.1111111111111111,0.4444444444444444,0.0888888888888888,12.499095110389504,12.350887454376544,4.309096029067583,12.566620168383578,2.380252699882476,0.14820765601296204
laliga-2024-2024-10-19-osasuna-v-betis,2024-10-19,2024,Osasuna,Betis,1,2,0,0.16666666666666666,0.0,705.5950045460971,14,13,999,0,1.0,0,999,0,1.0,0,0,0,2.0,2.0,1.0,8.0,7.0,1.6,1.2765957446808511,1.2340425531914894,1.4893617021276595,1.6,1.4,1.5,1.0434782608695652,1.25,1.3333333333333333,1.2173913043478262,1.6521739130434783,0.2553191489361702,0.2553191489361702,0.32340425531914896,12.33493626402165,12.475447830770602,4.245588315049165,12.548505097991866,2.424159176649579,-0.14051156674895351,2.0,1.0,2.0,5.0,5.0,1.4,1.4680851063829787,1.1914893617021276,1.127659574468085,1.0,1.0,1.8333333333333333,1.0869565217391304,1.4166666666666667,0.9583333333333334,0.9565217391304348,1.3043478260869565,0.3404255319148936,0.23404255319148937,-0.06808510638297882,12.499095110389504,12.350887454376544,4.309096029067583,12.566620168383578,2.380252699882476,0.14820765601296204
laliga-2024-2024-10-19-girona-v-real-sociedad,2024-10-19,2024,Girona,Real Sociedad,0,1,0,0.4166666666666667,0.0,418.93707768064667,13,13,999,0,1.0,0,999,0,1.0,0,0,0,1.0,2.0,2.0,4.0,8.0,1.0,1.9787234042553192,2.0425531914893615,1.2340425531914894,0.8,1.6,2.347826086956522,1.625,2.608695652173913,1.0869565217391304,1.5,1.375,0.3191489361702128,0.2127659574468085,-0.9787234042553192,12.33493626402165,12.475447830770602,4.245588315049165,12.548505097991866,2.424159176649579,-0.14051156674895351,1.0,2.0,2.0,4.0,4.0,1.0,1.4680851063829787,1.2340425531914894,1.0,0.8,0.8,1.4166666666666667,1.5217391304347827,1.3333333333333333,1.125,1.1304347826086956,0.8695652173913043,0.40425531914893614,0.2978723404255319,-0.46808510638297873,12.499095110389504,12.350887454376544,4.309096029067583,12.566620168383578,2.380252699882476,0.14820765601296204
laliga-2024-2024-10-19-celta-v-real-madrid,2024-10-19,2024,Celta,Real Madrid,1,2,0,0.16666666666666666,0.0,464.8541080530331,14,14,999,0,1.0,0,999,0,1.0,0,0,0,2.0,1.0,2.0,6.0,6.0,1.4,1.148936170212766,1.3191489361702127,1.5319148936170213,1.2,1.2,1.4166666666666667,0.8695652173913043,1.25,1.1666666666666667,1.391304347826087,1.9130434782608696,0.14893617021276595,0.2978723404255319,0.25106382978723385,12.33493626402165,12.475447830770602,4.245588315049165,12.548505097991866,2.424159176649579,-0.14051156674895351,4.0,1.0,0.0,12.0,4.0,2.6,2.4680851063829787,2.25531914893617,0.6808510638297872,2.4,0.8,2.75,2.1739130434782608,2.5833333333333335,0.5,1.9130434782608696,0.8695652173913043,0.5319148936170213,0.0425531914893617,0.13191489361702136,12.499095110389504,12.350887454376544,4.309096029067583,12.566620168383578,2.380252699882476,0.14820765601296204
laliga-2024-2024-10-20-mallorca-v-rayo-vallecano,2024-10-20,2024,Mallorca,Rayo Vallecano,1,0,2,0.6666666666666666,0.0,542.9189482045625,15,15,999,0,1.0,0,999,0,1.0,0,0,0,3.0,0.0,2.0,7.0,6.0,1.8,1.148936170212766,0.8936170212765957,1.1063829787234043,1.4,1.2,1.3478260869565217,0.9583333333333334,0.8695652173913043,0.8260869565217391,0.9166666666666666,1.375,0.2765957446808511,0.3617021276595745,0.651063829787234,12.33493626402165,12.475447830770602,4.245588315049165,12.548505097991866,2.424159176649579,-0.14051156674895351,2.0,3.0,0.0,7.0,4.0,1.8,1.0851063829787233,0.851063829787234,1.2127659574468086,1.4,0.8,1.0869565217391304,1.0833333333333333,1.0434782608695652,1.3478260869565217,0.6666666666666666,1.0833333333333333,0.3191489361702128,0.44680851063829785,0.7148936170212767,12.499095110389504,12.350887454376544,4.309096029067583,12.566620168383578,2.380252699882476,0.14820765601296204
laliga-2024-2024-10-20-ath-madrid-v-leganes,2024-10-20,2024,Ath Madrid,Leganes,3,1,2,0.5,0.0,18.627507116827008,14,16,999,0,1.0,0,999,0,1.0,0,0,0,2.0,3.0,0.0,7.0,3.0,1.8,1.9787234042553192,1.7659574468085106,1.0212765957446808,1.4,0.6,2.4782608695652173,1.5,2.130434782608696,1.0,1.4166666666666667,1.0416666666666667,0.3829787234042553,0.19148936170212766,-0.17872340425531918,12.33493626402165,12.475447830770602,4.245588315049165,12.548505097991866,2.424159176649579,-0.14051156674895351,0.0,3.0,2.0,2.0,6.0,0.6,0.8888888888888888,0.5555555555555556,1.0,0.4,1.2,1.0,0.8,0.5,1.0,0.6,1.0,0.2222222222222222,0.5555555555555556,-0.28888888888888886,12.499095110389504,12.350887454376544,4.309096029067583,12.566620168383578,2.380252699882476,0.14820765601296204
laliga-2024-2024-10-20-villarreal-v-getafe,2024-10-20,2024,Villarreal,Getafe,1,1,1,0.5833333333333334,0.0,309.65151683323484,15,15,999,0,1.0,0,999,0,1.0,0,0,0,3.0,0.0,2.0,8.0,10.0,1.8,1.4893617021276595,1.7446808510638299,1.7446808510638299,1.6,2.0,1.434782608695652,1.5416666666666667,2.0,1.8695652173913044,1.5,1.625,0.1276595744680851,0.10638297872340426,0.31063829787234054,12.33493626402165,12.475447830770602,4.245588315049165,12.548505097991866,2.424159176649579,-0.14051156674895351,1.0,2.0,2.0,5.0,5.0,1.0,1.0851063829787233,1.0212765957446808,1.297872340425532,1.0,1.0,1.5,0.6521739130434783,1.0,1.0,1.0434782608695652,1.608695652173913,0.2765957446808511,0.40425531914893614,-0.0851063829787233,12.499095110389504,12.350887454376544,4.309096029067583,12.566620168383578,2.380252699882476,0.14820765601296204
laliga-2024-2024-10-20-barcelona-v-sevilla,2024-10-20,2024,Barcelona,Sevilla,5,1,2,0.8571428571428571,0.0,825.2788120519293,14,14,999,0,1.0,0,999,0,1.0,0,0,0,4.0,0.0,1.0,15.0,6.0,2.4,2.3191489361702127,2.276595744680851,1.127659574468085,3.0,1.2,2.5,2.16,2.409090909090909,1.0,2.16,1.24,0.425531914893617,0.0425531914893617,0.08085106382978724,12.33493626402165,12.475447830770602,4.245588315049165,12.548505097991866,2.424159176649579,-0.14051156674895351,3.0,1.0,1.0,6.0,4.0,2.0,1.127659574468085,1.2127659574468086,1.3617021276595744,1.2,0.8,1.3333333333333333,0.9130434782608695,1.3333333333333333,1.3333333333333333,1.0869565217391304,1.391304347826087,0.23404255319148937,0.2553191489361702,0.8723404255319149,12.499095110389504,12.350887454376544,4.309096029067583,12.566620168383578,2.380252699882476,0.14820765601296204
laliga-2024-2024-10-21-valencia-v-las-palmas,2024-10-21,2024,Valencia,Las Palmas,2,3,0,0.5,0.0,1877.022098441451,17,16,999,0,1.0,0,999,0,1.0,0,0,0,1.0,2.0,2.0,2.0,6.0,1.0,1.1702127659574468,0.9574468085106383,1.2340425531914894,0.4,1.2,1.5217391304347827,0.8333333333333334,1.0434782608695652,0.7391304347826086,0.875,1.7083333333333333,0.3404255319148936,0.3829787234042553,-0.17021276595744683,12.33493626402165,12.475447830770602,4.245588315049165,12.548505097991866,2.424159176649579,-0.14051156674895351,0.0,1.0,4.0,5.0,10.0,0.2,0.9148936170212766,0.8936170212765957,1.3617021276595744,1.0,2.0,1.125,0.6956521739130435,1.0833333333333333,1.1666666666666667,0.6956521739130435,1.565217391304348,0.1702127659574468,0.40425531914893614,-0.7148936170212765,12.499095110389504,12.350887454376544,4.309096029067583,12.566620168383578,2.380252699882476,0.14820765601296204
laliga-2024-2024-10-25-espanyol-v-sevilla,2024-10-25,2024,Espanyol,Sevilla,0,2,0,0.4,0.0,819.5876816472664,6,5,999,0,1.0,0,999,0,1.0,0,0,0,1.0,0.0,4.0,5.0,12.0,0.6,1.0,1.0,1.7,1.0,2.4,1.8,0.2,1.6,1.4,0.4,2.0,0.1,0.4,-0.4,12.33493626402165,12.475447830770602,4.245588315049165,12.548505097991866,2.424159176649579,-0.14051156674895351,2.0,1.0,2.0,6.0,9.0,1.4,1.1041666666666667,1.2083333333333333,1.4375,1.2,1.8,1.3333333333333333,0.875,1.3333333333333333,1.3333333333333333,1.0833333333333333,1.5416666666666667,0.22916666666666666,0.25,0.29583333333333317,12.499095110389504,12.350887454376544,4.309096029067583,12.566620168383578,2.380252699882476,0.14820765601296204
laliga-2024-2024-10-26-valladolid-v-villarreal,2024-10-26,2024,Valladolid,Villarreal,1,2,0,0.0,0.0,432.750715206588,8,6,999,0,1.0,0,999,0,1.0,0,0,0,1.0,1.0,3.0,6.0,8.0,0.8,0.8,0.8,2.1,1.2,1.6,1.0,0.6,0.6,0.8,1.0,3.4,0.3,0.4,0.0,12.33493626402165,12.475447830770602,4.245588315049165,12.548505097991866,2.424159176649579,-0.14051156674895351,2.0,1.0,2.0,7.0,10.0,1.4,1.4791666666666667,1.7291666666666667,1.7291666666666667,1.4,2.0,1.4166666666666667,1.5416666666666667,1.9583333333333333,1.8333333333333333,1.5,1.625,0.125,0.10416666666666667,-0.07916666666666683,12.499095110389504,12.350887454376544,4.309096029067583,12.566620168383578,2.380252699882476,0.14820765601296204
laliga-2024-2024-10-26-rayo-vallecano-v-alaves,2024-10-26,2024,Rayo Vallecano,Alaves,1,0,2,0.7857142857142857,0.0,285.05148916793826,6,8,999,0,1.0,0,999,0,1.0,0,0,0,1.0,3.0,1.0,4.0,4.0,1.2,1.0625,0.8333333333333334,1.2083333333333333,0.8,0.8,1.0869565217391304,1.04,1.0434782608695652,1.3478260869565217,0.64,1.08,0.3125,0.4583333333333333,0.13749999999999996,12.33493626402165,12.475447830770602,4.245588315049165,12.548505097991866,2.424159176649579,-0.14051156674895351,1.0,0.0,4.0,6.0,12.0,0.6,1.1666666666666667,1.0208333333333333,1.3333333333333333,1.2,2.4,1.5833333333333333,0.75,1.2083333333333333,1.0833333333333333,0.8333333333333334,1.5833333333333333,0.2708333333333333,0.375,-0.5666666666666668,12.499095110389504,12.350887454376544,4.309096029067583,12.566620168383578,2.380252699882476,0.14820765601296204
laliga-2024-2024-10-26-las-palmas-v-girona,2024-10-26,2024,Las Palmas,Girona,1,0,2,0.25,0.0,2260.302052877426,5,7,999,0,1.0,0,999,0,1.0,0,0,0,1.0,1.0,3.0,6.0,9.0,0.8,0.9583333333333334,0.9375,1.375,1.2,1.8,1.125,0.7916666666666666,1.0833333333333333,1.1666666666666667,0.7916666666666666,1.5833333333333333,0.16666666666666666,0.3958333333333333,-0.15833333333333333,12.33493626402165,12.475447830770602,4.245588315049165,12.548505097991866,2.424159176649579,-0.14051156674895351,1.0,2.0,2.0,3.0,5.0,1.0,1.9375,2.0,1.2291666666666667,0.6,1.0,2.25,1.625,2.5,1.0833333333333333,1.5,1.375,0.3125,0.22916666666666666,-0.9375,12.499095110389504,12.350887454376544,4.309096029067583,12.566620168383578,2.380252699882476,0.14820765601296204
laliga-2024-2024-10-26-real-madrid-v-barcelona,2024-10-26,2024,Real Madrid,Barcelona,0,4,0,0.5,0.0,499.0682158063144,7,6,999,0,1.0,0,999,0,1.0,0,0,0,4.0,1.0,0.0,12.0,5.0,2.6,2.4791666666666665,2.25,0.6875,2.4,1.0,2.75,2.2083333333333335,2.5833333333333335,0.5,1.9166666666666667,0.875,0.5208333333333334,0.041666666666666664,0.12083333333333357,12.33493626402165,12.475447830770602,4.245588315049165,12.548505097991866,2.424159176649579,-0.14051156674895351,4.0,0.0,1.0,16.0,6.0,2.4,2.3333333333333335,2.3333333333333335,1.125,3.2,1.2,2.5217391304347827,2.16,2.5217391304347827,1.0,2.16,1.24,0.4166666666666667,0.041666666666666664,0.06666666666666643,12.499095110389504,12.350887454376544,4.309096029067583,12.566620168383578,2.380252699882476,0.14820765601296204
laliga-2024-2024-10-27-leganes-v-celta,2024-10-27,2024,Leganes,Celta,3,0,2,0.5,0.0,465.39952143928986,7,8,999,0,1.0,0,999,0,1.0,0,0,0,0.0,3.0,2.0,3.0,7.0,0.6,0.8,0.6,1.2,0.6,1.4,1.0,0.6666666666666666,0.5,1.0,0.6666666666666666,1.3333333333333333,0.2,0.5,-0.20000000000000007,12.33493626402165,12.475447830770602,4.245588315049165,12.548505097991866,2.424159176649579,-0.14051156674895351,1.0,1.0,3.0,4.0,7.0,0.8,1.125,1.3125,1.5416666666666667,0.8,1.4,1.36,0.8695652173913043,1.24,1.2,1.391304347826087,1.9130434782608696,0.14583333333333334,0.2916666666666667,-0.32499999999999996,12.499095110389504,12.350887454376544,4.309096029067583,12.566620168383578,2.380252699882476,0.14820765601296204
laliga-2024-2024-10-27-getafe-v-valencia,2024-10-27,2024,Getafe,Valencia,1,1,1,0.25,0.0,299.5255146224806,7,6,999,0,1.0,0,999,0,1.0,0,0,0,1.0,3.0,1.0,5.0,4.0,1.2,1.0833333333333333,1.0208333333333333,1.2916666666666667,1.0,0.8,1.5,0.6666666666666666,1.0,1.0,1.0416666666666667,1.5833333333333333,0.2708333333333333,0.3958333333333333,0.1166666666666667,12.33493626402165,12.475447830770602,4.245588315049165,12.548505097991866,2.424159176649579,-0.14051156674895351,1.0,2.0,2.0,4.0,6.0,1.0,1.1458333333333333,0.9791666666666666,1.2708333333333333,0.8,1.2,1.4583333333333333,0.8333333333333334,1.0833333333333333,0.8333333333333334,0.875,1.7083333333333333,0.3333333333333333,0.375,-0.14583333333333326,12.499095110389504,12.350887454376544,4.309096029067583,12.566620168383578,2.380252699882476,0.14820765601296204
laliga-2024-2024-10-27-betis-v-ath-madrid,2024-10-27,2024,Betis,Ath Madrid,1,0,2,0.4166666666666667,0.0,396.6545503244278,8,7,999,0,1.0,0,999,0,1.0,0,0,0,2.0,1.0,2.0,5.0,5.0,1.4,1.5,1.2083333333333333,1.125,1.0,1.0,1.8333333333333333,1.1666666666666667,1.4166666666666667,0.9583333333333334,1.0,1.2916666666666667,0.3333333333333333,0.22916666666666666,-0.10000000000000009,12.33493626402165,12.475447830770602,4.245588315049165,12.548505097991866,2.424159176649579,-0.14051156674895351,2.0,3.0,0.0,7.0,4.0,1.8,2.0,1.7916666666666667,1.0208333333333333,1.4,0.8,2.5,1.5,2.1666666666666665,1.0,1.4166666666666667,1.0416666666666667,0.375,0.1875,-0.19999999999999996,12.499095110389504,12.350887454376544,4.309096029067583,12.566620168383578,2.380252699882476,0.14820765601296204
laliga-2024-2024-10-27-real-sociedad-v-osasuna,2024-10-27,2024,Real Sociedad,Osasuna,0,2,0,0.4166666666666667,0.0,62.37462492184042,8,8,999,0,1.0,0,999,0,1.0,0,0,0,2.0,2.0,1.0,5.0,2.0,1.6,1.5,1.2291666666666667,0.9791666666666666,1.0,0.4,1.4166666666666667,1.5833333333333333,1.3333333333333333,1.125,1.125,0.8333333333333334,0.4166666666666667,0.2916666666666667,0.10000000000000009,12.33493626402165,12.475447830770602,4.245588315049165,12.548505097991866,2.424159176649579,-0.14051156674895351,2.0,2.0,1.0,8.0,6.0,1.6,1.25,1.2291666666666667,1.5,1.6,1.2,1.44,1.0434782608695652,1.24,1.36,1.2173913043478262,1.6521739130434783,0.25,0.25,0.3500000000000001,12.499095110389504,12.350887454376544,4.309096029067583,12.566620168383578,2.380252699882476,0.14820765601296204
laliga-2024-2024-10-28-mallorca-v-ath-bilbao,2024-10-28,2024,Mallorca,Ath Bilbao,0,0,1,0.4166666666666667,0.0,618.8154377441957,8,9,999,0,1.0,0,999,0,1.0,0,0,0,4.0,0.0,1.0,7.0,4.0,2.4,1.1875,0.8958333333333334,1.0833333333333333,1.4,0.8,1.4166666666666667,0.9583333333333334,0.875,0.7916666666666666,0.9166666666666666,1.375,0.2916666666666667,0.3541666666666667,1.2125,12.33493626402165,12.475447830770602,4.245588315049165,12.548505097991866,2.424159176649579,-0.14051156674895351,3.0,1.0,1.0,11.0,5.0,2.0,1.7708333333333333,1.625,1.0,2.2,1.0,2.12,1.391304347826087,2.08,0.92,1.1304347826086956,1.0869565217391304,0.4166666666666667,0.20833333333333334,0.22916666666666674,12.499095110389504,12.350887454376544,4.309096029067583,12.566620168383578,2.380252699882476,0.14820765601296204
laliga-2024-2024-11-01-alaves-v-mallorca,2024-11-01,2024,Alaves,Mallorca,1,0,2,0.5833333333333334,0.0,572.5458847204633,6,4,999,0,1.0,0,999,0,1.0,0,0,0,0.0,0.0,5.0,4.0,12.0,0.0,1.1428571428571428,1.0,1.3265306122448979,0.8,2.4,1.5833333333333333,0.72,1.2083333333333333,1.0833333333333333,0.8,1.56,0.2653061224489796,0.3877551020408163,-1.1428571428571428,12.33493626402165,12.475447830770602,4.245588315049165,12.548505097991866,2.424159176649579,-0.14051156674895351,3.0,1.0,1.0,6.0,4.0,2.0,1.183673469387755,0.8775510204081632,1.0612244897959184,1.2,0.8,1.4,0.9583333333333334,0.84,0.76,0.9166666666666666,1.375,0.30612244897959184,0.3673469387755102,0.8163265306122449,12.499095110389504,12.350887454376544,4.309096029067583,12.566620168383578,2.380252699882476,0.14820765601296204
laliga-2024-2024-11-02-osasuna-v-valladolid,2024-11-02,2024,Osasuna,Valladolid,1,0,2,1.0,0.0,285.0996657911075,6,7,999,0,1.0,0,999,0,1.0,0,0,0,2.0,2.0,1.0,8.0,5.0,1.6,1.2857142857142858,1.2448979591836735,1.469387755102041,1.6,1.0,1.44,1.125,1.24,1.36,1.25,1.5833333333333333,0.2653061224489796,0.24489795918367346,0.3142857142857143,12.33493626402165,12.475447830770602,4.245588315049165,12.548505097991866,2.424159176649579,-0.14051156674895351,1.0,0.0,4.0,7.0,10.0,0.6,0.7272727272727273,0.8181818181818182,2.090909090909091,1.4,2.0,0.8333333333333334,0.6,0.6666666666666666,1.0,1.0,3.4,0.2727272727272727,0.36363636363636365,-0.12727272727272732,12.499095110389504,12.350887454376544,4.309096029067583,12.566620168383578,2.380252699882476,0.14820765601296204
laliga-2024-2024-11-02-girona-v-leganes,2024-11-02,2024,Girona,Leganes,4,3,2,0.75,0.0,581.2184774508437,7,6,999,0,1.0,0,999,0,1.0,0,0,0,1.0,2.0,2.0,3.0,4.0,1.0,1.8979591836734695,1.9591836734693877,1.2244897959183674,0.6,0.8,2.25,1.56,2.5,1.0833333333333333,1.44,1.36,0.30612244897959184,0.24489795918367346,-0.8979591836734695,12.33493626402165,12.475447830770602,4.245588315049165,12.548505097991866,2.424159176649579,-0.14051156674895351,1.0,3.0,1.0,6.0,5.0,1.2,1.0,0.8181818181818182,1.0909090909090908,1.2,1.0,1.4,0.6666666666666666,1.0,0.8,0.6666666666666666,1.3333333333333333,0.2727272727272727,0.45454545454545453,0.19999999999999996,12.499095110389504,12.350887454376544,4.309096029067583,12.566620168383578,2.380252699882476,0.14820765601296204
laliga-2024-2024-11-03-ath-madrid-v-las-palmas,2024-11-03,2024,Ath Madrid,Las Palmas,2,0,2,0.5,0.0,1748.1863554992588,7,8,999,0,1.0,0,999,0,1.0,0,0,0,2.0,2.0,1.0,6.0,4.0,1.6,1.9591836734693877,1.7551020408163265,1.0204081632653061,1.2,0.8,2.5,1.44,2.1666666666666665,1.0,1.36,1.04,0.3673469387755102,0.20408163265306123,-0.3591836734693876,12.33493626402165,12.475447830770602,4.245588315049165,12.548505097991866,2.424159176649579,-0.14051156674895351,2.0,1.0,2.0,6.0,7.0,1.4,1.0,0.9387755102040817,1.346938775510204,1.2,1.4,1.2,0.7916666666666666,1.08,1.12,0.7916666666666666,1.5833333333333333,0.1836734693877551,0.3877551020408163,0.3999999999999999,12.499095110389504,12.350887454376544,4.309096029067583,12.566620168383578,2.380252699882476,0.14820765601296204
laliga-2024-2024-11-03-barcelona-v-espanyol,2024-11-03,2024,Barcelona,Espanyol,3,1,2,1.0,0.0,5.985655151837929,8,9,999,0,1.0,0,999,0,1.0,0,0,0,4.0,0.0,1.0,15.0,5.0,2.4,2.3469387755102042,2.36734693877551,1.1020408163265305,3.0,1.0,2.5217391304347827,2.1923076923076925,2.5217391304347827,1.0,2.230769230769231,1.1923076923076923,0.42857142857142855,0.04081632653061224,0.053061224489795666,12.33493626402165,12.475447830770602,4.245588315049165,12.548505097991866,2.424159176649579,-0.14051156674895351,1.0,0.0,4.0,4.0,10.0,0.6,0.9090909090909091,0.9090909090909091,1.7272727272727273,0.8,2.0,1.5,0.2,1.3333333333333333,1.5,0.4,2.0,0.09090909090909091,0.45454545454545453,-0.3090909090909091,12.499095110389504,12.350887454376544,4.309096029067583,12.566620168383578,2.380252699882476,0.14820765601296204
laliga-2024-2024-11-03-sevilla-v-real-sociedad,2024-11-03,2024,Sevilla,Real Sociedad,0,2,0,0.5,0.0,739.794439118782,9,7,999,0,1.0,0,999,0,1.0,0,0,0,3.0,1.0,1.0,7.0,7.0,2.0,1.1428571428571428,1.2244897959183674,1.4081632653061225,1.4,1.4,1.3333333333333333,0.96,1.3333333333333333,1.3333333333333333,1.12,1.48,0.24489795918367346,0.24489795918367346,0.8571428571428572,12.33493626402165,12.475447830770602,4.245588315049165,12.548505097991866,2.424159176649579,-0.14051156674895351,2.0,2.0,1.0,5.0,3.0,1.6,1.469387755102041,1.2040816326530612,1.0,1.0,0.6,1.36,1.5833333333333333,1.28,1.16,1.125,0.8333333333333334,0.40816326530612246,0.30612244897959184,0.1306122448979592,12.499095110389504,12.350887454376544,4.309096029067583,12.566620168383578,2.380252699882476,0.14820765601296204
laliga-2024-2024-11-03-ath-bilbao-v-betis,2024-11-03,2024,Ath Bilbao,Betis,1,1,1,0.6666666666666666,0.0,702.0918503555403,6,7,999,0,1.0,0,999,0,1.0,0,0,0,2.0,2.0,1.0,9.0,5.0,1.6,1.7551020408163265,1.5918367346938775,0.9795918367346939,1.8,1.0,2.12,1.375,2.08,0.92,1.0833333333333333,1.0416666666666667,0.42857142857142855,0.22448979591836735,-0.1551020408163264,12.33493626402165,12.475447830770602,4.245588315049165,12.548505097991866,2.424159176649579,-0.14051156674895351,3.0,1.0,1.0,5.0,3.0,2.0,1.530612244897959,1.2040816326530612,1.1020408163265305,1.0,0.6,1.88,1.1666666666666667,1.4,0.92,1.0,1.2916666666666667,0.3469387755102041,0.22448979591836735,0.4693877551020409,12.499095110389504,12.350887454376544,4.309096029067583,12.566620168383578,2.380252699882476,0.14820765601296204
laliga-2024-2024-11-04-celta-v-getafe,2024-11-04,2024,Celta,Getafe,1,0,2,0.5,0.0,470.3353974285424,8,8,999,0,1.0,0,999,0,1.0,0,0,0,1.0,1.0,3.0,3.0,7.0,0.8,1.1020408163265305,1.2857142857142858,1.5714285714285714,0.6,1.4,1.36,0.8333333333333334,1.24,1.2,1.3333333333333333,1.9583333333333333,0.14285714285714285,0.30612244897959184,-0.30204081632653046,12.33493626402165,12.475447830770602,4.245588315049165,12.548505097991866,2.424159176649579,-0.14051156674895351,1.0,3.0,1.0,5.0,4.0,1.2,1.0816326530612246,1.0204081632653061,1.2857142857142858,1.0,0.8,1.48,0.6666666666666666,1.0,1.0,1.0416666666666667,1.5833333333333333,0.2653061224489796,0.3877551020408163,0.11836734693877538,12.499095110389504,12.350887454376544,4.309096029067583,12.566620168383578,2.380252699882476,0.14820765601296204
laliga-2024-2024-11-08-rayo-vallecano-v-las-palmas,2024-11-08,2024,Rayo Vallecano,Las Palmas,1,3,0,0.5,0.0,1741.0431009862502,13,5,999,0,1.0,0,999,0,1.0,0,0,0,2.0,2.0,1.0,4.0,3.0,1.6,1.1020408163265305,0.8367346938775511,1.183673469387755,0.8,0.6,1.1666666666666667,1.04,1.0416666666666667,1.2916666666666667,0.64,1.08,0.32653061224489793,0.4489795918367347,0.4979591836734696,12.33493626402165,12.475447830770602,4.245588315049165,12.548505097991866,2.424159176649579,-0.14051156674895351,2.0,0.0,3.0,5.0,8.0,1.2,0.98,0.92,1.36,1.0,1.6,1.2,0.76,1.08,1.12,0.76,1.6,0.18,0.4,0.21999999999999997,12.499095110389504,12.350887454376544,4.309096029067583,12.566620168383578,2.380252699882476,0.14820765601296204
laliga-2024-2024-11-09-real-madrid-v-osasuna,2024-11-09,2024,Real Madrid,Osasuna,4,0,2,0.75,0.0,311.41801620608675,14,7,999,0,1.0,0,999,0,1.0,0,0,0,3.0,1.0,1.0,8.0,8.0,2.0,2.4285714285714284,2.204081632653061,0.7551020408163265,1.6,1.6,2.64,2.2083333333333335,2.48,0.64,1.9166666666666667,0.875,0.5102040816326531,0.061224489795918366,-0.4285714285714284,12.33493626402165,12.475447830770602,4.245588315049165,12.548505097991866,2.424159176649579,-0.14051156674895351,3.0,1.0,1.0,9.0,5.0,2.0,1.32,1.24,1.44,1.8,1.0,1.5,1.125,1.2307692307692308,1.3076923076923077,1.25,1.5833333333333333,0.28,0.24,0.6799999999999999,12.499095110389504,12.350887454376544,4.309096029067583,12.566620168383578,2.380252699882476,0.14820765601296204
laliga-2024-2024-11-09-villarreal-v-alaves,2024-11-09,2024,Villarreal,Alaves,3,0,2,0.5,0.0,387.54488649403754,14,8,999,0,1.0,0,999,0,1.0,0,0,0,3.0,1.0,1.0,8.0,6.0,2.0,1.510204081632653,1.7346938775510203,1.7142857142857142,1.6,1.2,1.4166666666666667,1.6,1.9583333333333333,1.8333333333333333,1.52,1.6,0.12244897959183673,0.10204081632653061,0.48979591836734704,12.33493626402165,12.475447830770602,4.245588315049165,12.548505097991866,2.424159176649579,-0.14051156674895351,1.0,0.0,4.0,3.0,9.0,0.6,1.18,1.0,1.3,0.6,1.8,1.64,0.72,1.2,1.04,0.8,1.56,0.28,0.38,-0.58,12.499095110389504,12.350887454376544,4.309096029067583,12.566620168383578,2.380252699882476,0.14820765601296204
laliga-2024-2024-11-09-leganes-v-sevilla,2024-11-09,2024,Leganes,Sevilla,1,0,2,0.75,0.0,378.9361793197723,7,6,999,0,1.0,0,999,0,1.0,0,0,0,1.0,2.0,2.0,8.0,8.0,1.0,0.9166666666666666,1.0,1.3333333333333333,1.6,1.6,1.4,0.5714285714285714,1.0,0.8,1.0,1.7142857142857142,0.25,0.4166666666666667,0.08333333333333337,12.33493626402165,12.475447830770602,4.245588315049165,12.548505097991866,2.424159176649579,-0.14051156674895351,2.0,1.0,2.0,5.0,8.0,1.4,1.12,1.2,1.42,1.0,1.6,1.28,0.96,1.28,1.36,1.12,1.48,0.24,0.26,0.2799999999999998,12.499095110389504,12.350887454376544,4.309096029067583,12.566620168383578,2.380252699882476,0.14820765601296204
laliga-2024-2024-11-10-betis-v-celta,2024-11-10,2024,Betis,Celta,2,2,1,0.4166666666666667,0.0,586.5673239379203,7,6,999,0,1.0,0,999,0,1.0,0,0,0,3.0,1.0,1.0,5.0,3.0,2.0,1.52,1.2,1.1,1.0,0.6,1.88,1.16,1.4,0.92,1.0,1.28,0.34,0.22,0.48,12.33493626402165,12.475447830770602,4.245588315049165,12.548505097991866,2.424159176649579,-0.14051156674895351,2.0,1.0,2.0,4.0,6.0,1.4,1.14,1.28,1.54,0.8,1.2,1.4230769230769231,0.8333333333333334,1.2307692307692308,1.1538461538461537,1.3333333333333333,1.9583333333333333,0.16,0.3,0.26,12.499095110389504,12.350887454376544,4.309096029067583,12.566620168383578,2.380252699882476,0.14820765601296204
laliga-2024-2024-11-10-mallorca-v-ath-madrid,2024-11-10,2024,Mallorca,Ath Madrid,0,1,0,0.08333333333333333,0.0,538.6573715639815,9,7,999,0,1.0,0,999,0,1.0,0,0,0,2.0,1.0,2.0,4.0,4.0,1.4,1.16,0.86,1.06,0.8,0.8,1.4,0.92,0.84,0.76,0.88,1.36,0.3,0.38,0.24,12.33493626402165,12.475447830770602,4.245588315049165,12.548505097991866,2.424159176649579,-0.14051156674895351,2.0,2.0,1.0,7.0,4.0,1.6,1.98,1.76,1.0,1.4,0.8,2.52,1.44,2.16,0.96,1.36,1.04,0.38,0.2,-0.3799999999999999,12.499095110389504,12.350887454376544,4.309096029067583,12.566620168383578,2.380252699882476,0.14820765601296204
laliga-2024-2024-11-10-getafe-v-girona,2024-11-10,2024,Getafe,Girona,0,1,0,0.5833333333333334,0.0,577.8817083166299,6,8,999,0,1.0,0,999,0,1.0,0,0,0,1.0,3.0,1.0,5.0,4.0,1.2,1.06,1.0,1.28,1.0,0.8,1.48,0.64,1.0,1.0,1.0,1.56,0.26,0.4,0.1399999999999999,12.33493626402165,12.475447830770602,4.245588315049165,12.548505097991866,2.424159176649579,-0.14051156674895351,2.0,1.0,2.0,7.0,7.0,1.4,1.92,2.0,1.26,1.4,1.4,2.28,1.56,2.56,1.16,1.44,1.36,0.3,0.24,-0.52,12.499095110389504,12.350887454376544,4.309096029067583,12.566620168383578,2.380252699882476,0.14820765601296204
laliga-2024-2024-11-10-valladolid-v-ath-bilbao,2024-11-10,2024,Valladolid,Ath Bilbao,1,1,1,0.25,0.0,231.96891235633987,8,7,999,0,1.0,0,999,0,1.0,0,0,0,1.0,0.0,4.0,6.0,9.0,0.6,0.6666666666666666,0.75,2.0,1.2,1.8,0.8333333333333334,0.5,0.6666666666666666,1.0,0.8333333333333334,3.0,0.25,0.4166666666666667,-0.06666666666666665,12.33493626402165,12.475447830770602,4.245588315049165,12.548505097991866,2.424159176649579,-0.14051156674895351,1.0,3.0,1.0,7.0,5.0,1.2,1.74,1.58,0.98,1.4,1.0,2.076923076923077,1.375,2.0384615384615383,0.9230769230769231,1.0833333333333333,1.0416666666666667,0.42,0.22,-0.54,12.499095110389504,12.350887454376544,4.309096029067583,12.566620168383578,2.380252699882476,0.14820765601296204
laliga-2024-2024-11-10-real-sociedad-v-barcelona,2024-11-10,2024,Real Sociedad,Barcelona,1,0,2,0.3333333333333333,0.0,398.26320929668896,7,7,999,0,1.0,0,999,0,1.0,0,0,0,3.0,1.0,1.0,7.0,3.0,2.0,1.5,1.22,0.98,1.4,0.6,1.36,1.64,1.28,1.16,1.16,0.8,0.42,0.3,0.5,12.33493626402165,12.475447830770602,4.245588315049165,12.548505097991866,2.424159176649579,-0.14051156674895351,4.0,0.0,1.0,17.0,6.0,2.4,2.36,2.38,1.1,3.4,1.2,2.5416666666666665,2.1923076923076925,2.5416666666666665,1.0,2.230769230769231,1.1923076923076923,0.42,0.04,0.040000000000000036,12.499095110389504,12.350887454376544,4.309096029067583,12.566620168383578,2.380252699882476,0.14820765601296204
laliga-2024-2024-11-22-getafe-v-valladolid,2024-11-22,2024,Getafe,Valladolid,2,0,2,1.0,0.0,171.15966811801084,12,12,999,0,1.0,0,999,0,1.0,0,0,0,0.0,3.0,2.0,3.0,5.0,0.6,1.0392156862745099,0.9803921568627451,1.2745098039215685,0.6,1.0,1.4230769230769231,0.64,0.9615384615384616,1.0,1.0,1.56,0.2549019607843137,0.4117647058823529,-0.4392156862745099,12.33493626402165,12.475447830770602,4.245588315049165,12.548505097991866,2.424159176649579,-0.14051156674895351,1.0,1.0,3.0,6.0,8.0,0.8,0.6923076923076923,0.7692307692307693,1.9230769230769231,1.2,1.6,0.8571428571428571,0.5,0.7142857142857143,1.0,0.8333333333333334,3.0,0.23076923076923078,0.38461538461538464,0.10769230769230775,12.499095110389504,12.350887454376544,4.309096029067583,12.566620168383578,2.380252699882476,0.14820765601296204
laliga-2024-2024-11-23-celta-v-barcelona,2024-11-23,2024,Celta,Barcelona,2,2,1,0.08333333333333333,0.0,904.5125615519562,13,13,999,0,1.0,0,999,0,1.0,0,0,0,2.0,1.0,2.0,5.0,7.0,1.4,1.1372549019607843,1.2941176470588236,1.5490196078431373,1.0,1.4,1.4230769230769231,0.84,1.2307692307692308,1.1538461538461537,1.36,1.96,0.1568627450980392,0.29411764705882354,0.26274509803921564,12.33493626402165,12.475447830770602,4.245588315049165,12.548505097991866,2.424159176649579,-0.14051156674895351,4.0,0.0,1.0,15.0,3.0,2.4,2.3137254901960786,2.3333333333333335,1.0980392156862746,3.0,0.6,2.5416666666666665,2.111111111111111,2.5416666666666665,1.0,2.1481481481481484,1.1851851851851851,0.4117647058823529,0.058823529411764705,0.08627450980392126,12.499095110389504,12.350887454376544,4.309096029067583,12.566620168383578,2.380252699882476,0.14820765601296204
laliga-2024-2024-11-23-ath-madrid-v-alaves,2024-11-23,2024,Ath Madrid,Alaves,2,1,2,0.6666666666666666,0.0,278.7572782834927,13,14,999,0,1.0,0,999,0,1.0,0,0,0,3.0,1.0,1.0,7.0,3.0,2.0,2.0,1.7450980392156863,0.9803921568627451,1.4,0.6,2.52,1.5,2.16,0.96,1.3461538461538463,1.0,0.39215686274509803,0.19607843137254902,0.0,12.33493626402165,12.475447830770602,4.245588315049165,12.548505097991866,2.424159176649579,-0.14051156674895351,1.0,0.0,4.0,3.0,10.0,0.6,1.1568627450980393,0.9803921568627451,1.3333333333333333,0.6,2.0,1.64,0.6923076923076923,1.2,1.04,0.7692307692307693,1.6153846153846154,0.27450980392156865,0.39215686274509803,-0.5568627450980393,12.499095110389504,12.350887454376544,4.309096029067583,12.566620168383578,2.380252699882476,0.14820765601296204
laliga-2024-2024-11-23-valencia-v-betis,2024-11-23,2024,Valencia,Betis,4,2,2,0.2857142857142857,0.0,539.9261066392522,27,13,999,0,1.0,0,999,0,1.0,0,0,0,0.0,3.0,2.0,3.0,7.0,0.6,1.1428571428571428,0.9795918367346939,1.2653061224489797,0.6,1.4,1.4583333333333333,0.84,1.0833333333333333,0.8333333333333334,0.88,1.68,0.32653061224489793,0.3673469387755102,-0.5428571428571428,12.33493626402165,12.475447830770602,4.245588315049165,12.548505097991866,2.424159176649579,-0.14051156674895351,2.0,2.0,1.0,6.0,5.0,1.6,1.5098039215686274,1.2156862745098038,1.1176470588235294,1.2,1.0,1.8461538461538463,1.16,1.4230769230769231,0.9615384615384616,1.0,1.28,0.3333333333333333,0.21568627450980393,0.09019607843137267,12.499095110389504,12.350887454376544,4.309096029067583,12.566620168383578,2.380252699882476,0.14820765601296204
laliga-2024-2024-11-23-girona-v-espanyol,2024-11-23,2024,Girona,Espanyol,4,1,2,0.75,0.0,93.8050406612064,13,20,999,0,1.0,0,999,0,1.0,0,0,0,3.0,0.0,2.0,7.0,6.0,1.8,1.9411764705882353,1.9803921568627452,1.2352941176470589,1.4,1.2,2.28,1.6153846153846154,2.56,1.16,1.4230769230769231,1.3076923076923077,0.3137254901960784,0.23529411764705882,-0.14117647058823524,12.33493626402165,12.475447830770602,4.245588315049165,12.548505097991866,2.424159176649579,-0.14051156674895351,1.0,0.0,4.0,4.0,11.0,0.6,0.8333333333333334,0.9166666666666666,1.8333333333333333,0.8,2.2,1.5,0.16666666666666666,1.3333333333333333,1.5,0.5,2.1666666666666665,0.08333333333333333,0.4166666666666667,-0.2333333333333334,12.499095110389504,12.350887454376544,4.309096029067583,12.566620168383578,2.380252699882476,0.14820765601296204
laliga-2024-2024-11-23-las-palmas-v-mallorca,2024-11-23,2024,Las Palmas,Mallorca,2,3,0,0.125,0.0,2095.787048048695,15,13,999,0,1.0,0,999,0,1.0,0,0,0,3.0,0.0,2.0,7.0,6.0,1.8,1.0196078431372548,0.9607843137254902,1.3529411764705883,1.4,1.2,1.2,0.8461538461538461,1.08,1.12,0.8461538461538461,1.5769230769230769,0.17647058823529413,0.39215686274509803,0.7803921568627452,12.33493626402165,12.475447830770602,4.245588315049165,12.548505097991866,2.424159176649579,-0.14051156674895351,1.0,1.0,3.0,2.0,4.0,0.8,1.1372549019607843,0.8431372549019608,1.0588235294117647,0.4,0.8,1.3461538461538463,0.92,0.8076923076923077,0.7692307692307693,0.88,1.36,0.29411764705882354,0.39215686274509803,-0.3372549019607842,12.499095110389504,12.350887454376544,4.309096029067583,12.566620168383578,2.380252699882476,0.14820765601296204
laliga-2024-2024-11-24-osasuna-v-villarreal,2024-11-24,2024,Osasuna,Villarreal,2,2,1,0.25,0.0,342.07411911647984,15,15,999,0,1.0,0,999,0,1.0,0,0,0,2.0,1.0,2.0,5.0,7.0,1.4,1.2941176470588236,1.2156862745098038,1.4901960784313726,1.0,1.4,1.5,1.08,1.2307692307692308,1.3076923076923077,1.2,1.68,0.27450980392156865,0.2549019607843137,0.10588235294117632,12.33493626402165,12.475447830770602,4.245588315049165,12.548505097991866,2.424159176649579,-0.14051156674895351,3.0,1.0,1.0,9.0,5.0,2.0,1.54,1.76,1.68,1.8,1.0,1.48,1.6,2.0,1.76,1.52,1.6,0.14,0.1,0.45999999999999996,12.499095110389504,12.350887454376544,4.309096029067583,12.566620168383578,2.380252699882476,0.14820765601296204
laliga-2024-2024-11-24-sevilla-v-rayo-vallecano,2024-11-24,2024,Sevilla,Rayo Vallecano,1,0,2,0.7857142857142857,0.0,389.6758738843053,15,16,999,0,1.0,0,999,0,1.0,0,0,0,2.0,0.0,3.0,4.0,8.0,1.2,1.0980392156862746,1.1764705882352942,1.411764705882353,0.8,1.6,1.28,0.9230769230769231,1.28,1.36,1.0769230769230769,1.4615384615384615,0.23529411764705882,0.27450980392156865,0.10196078431372535,12.33493626402165,12.475447830770602,4.245588315049165,12.548505097991866,2.424159176649579,-0.14051156674895351,2.0,1.0,2.0,5.0,6.0,1.4,1.08,0.84,1.22,1.0,1.2,1.12,1.04,1.04,1.36,0.64,1.08,0.32,0.44,0.31999999999999984,12.499095110389504,12.350887454376544,4.309096029067583,12.566620168383578,2.380252699882476,0.14820765601296204
laliga-2024-2024-11-24-leganes-v-real-madrid,2024-11-24,2024,Leganes,Real Madrid,0,3,0,0.0,0.0,15.389293353112125,15,15,999,0,1.0,0,999,0,1.0,0,0,0,2.0,1.0,2.0,8.0,7.0,1.4,1.0769230769230769,1.0,1.2307692307692308,1.6,1.4,1.6666666666666667,0.5714285714285714,1.0,0.6666666666666666,1.0,1.7142857142857142,0.3076923076923077,0.38461538461538464,0.32307692307692304,12.33493626402165,12.475447830770602,4.245588315049165,12.548505097991866,2.424159176649579,-0.14051156674895351,3.0,1.0,1.0,9.0,6.0,2.0,2.44,2.24,0.74,1.8,1.2,2.6538461538461537,2.2083333333333335,2.5384615384615383,0.6153846153846154,1.9166666666666667,0.875,0.52,0.06,-0.43999999999999995,12.499095110389504,12.350887454376544,4.309096029067583,12.566620168383578,2.380252699882476,0.14820765601296204
laliga-2024-2024-11-24-ath-bilbao-v-real-sociedad,2024-11-24,2024,Ath Bilbao,Real Sociedad,1,0,2,0.5,0.0,79.03093796419422,14,14,999,0,1.0,0,999,0,1.0,0,0,0,1.0,3.0,1.0,7.0,5.0,1.2,1.7254901960784315,1.5686274509803921,0.9803921568627451,1.4,1.0,2.076923076923077,1.36,2.0384615384615383,0.9230769230769231,1.08,1.04,0.4117647058823529,0.21568627450980393,-0.5254901960784315,12.33493626402165,12.475447830770602,4.245588315049165,12.548505097991866,2.424159176649579,-0.14051156674895351,3.0,1.0,1.0,5.0,3.0,2.0,1.5294117647058822,1.2156862745098038,0.9607843137254902,1.0,0.6,1.4230769230769231,1.64,1.2692307692307692,1.1153846153846154,1.16,0.8,0.43137254901960786,0.29411764705882354,0.47058823529411775,12.499095110389504,12.350887454376544,4.309096029067583,12.566620168383578,2.380252699882476,0.14820765601296204
laliga-2024-2024-11-29-mallorca-v-valencia,2024-11-29,2024,Mallorca,Valencia,2,1,2,0.5,0.0,258.0155904442096,6,6,999,0,1.0,0,999,0,1.0,0,0,0,2.0,1.0,2.0,4.0,4.0,1.4,1.1730769230769231,0.8846153846153846,1.0769230769230769,0.8,0.8,1.3461538461538463,1.0,0.8076923076923077,0.7692307692307693,0.9615384615384616,1.3846153846153846,0.28846153846153844,0.38461538461538464,0.22692307692307678,12.33493626402165,12.475447830770602,4.245588315049165,12.548505097991866,2.424159176649579,-0.14051156674895351,1.0,2.0,2.0,7.0,9.0,1.0,1.18,1.04,1.28,1.4,1.8,1.52,0.84,1.2,0.88,0.88,1.68,0.32,0.36,-0.17999999999999994,12.499095110389504,12.350887454376544,4.309096029067583,12.566620168383578,2.380252699882476,0.14820765601296204
laliga-2024-2024-11-30-barcelona-v-las-palmas,2024-11-30,2024,Barcelona,Las Palmas,1,2,0,0.75,0.0,2174.1902239797873,7,7,999,0,1.0,0,999,0,1.0,0,0,0,3.0,1.0,1.0,14.0,5.0,2.0,2.2884615384615383,2.326923076923077,1.1153846153846154,2.8,1.0,2.5416666666666665,2.0714285714285716,2.5416666666666665,1.0,2.142857142857143,1.2142857142857142,0.40384615384615385,0.057692307692307696,-0.2884615384615383,12.33493626402165,12.475447830770602,4.245588315049165,12.548505097991866,2.424159176649579,-0.14051156674895351,3.0,0.0,2.0,9.0,8.0,1.8,1.0,0.9807692307692307,1.3846153846153846,1.8,1.6,1.1538461538461537,0.8461538461538461,1.1153846153846154,1.1923076923076923,0.8461538461538461,1.5769230769230769,0.17307692307692307,0.38461538461538464,0.8,12.499095110389504,12.350887454376544,4.309096029067583,12.566620168383578,2.380252699882476,0.14820765601296204
laliga-2024-2024-11-30-alaves-v-leganes,2024-11-30,2024,Alaves,Leganes,1,1,1,0.5,0.0,294.42217722281333,7,6,999,0,1.0,0,999,0,1.0,0,0,0,1.0,0.0,4.0,4.0,9.0,0.6,1.1346153846153846,0.9807692307692307,1.3461538461538463,0.8,1.8,1.64,0.6666666666666666,1.2,1.04,0.7777777777777778,1.6296296296296295,0.2692307692307692,0.38461538461538464,-0.5346153846153846,12.33493626402165,12.475447830770602,4.245588315049165,12.548505097991866,2.424159176649579,-0.14051156674895351,2.0,0.0,3.0,8.0,10.0,1.2,1.0,0.9285714285714286,1.3571428571428572,1.6,2.0,1.4285714285714286,0.5714285714285714,0.8571428571428571,1.0,1.0,1.7142857142857142,0.2857142857142857,0.42857142857142855,0.19999999999999996,12.499095110389504,12.350887454376544,4.309096029067583,12.566620168383578,2.380252699882476,0.14820765601296204
laliga-2024-2024-11-30-espanyol-v-celta,2024-11-30,2024,Espanyol,Celta,3,1,2,0.875,0.0,901.3020458671548,7,7,999,0,1.0,0,999,0,1.0,0,0,0,1.0,0.0,4.0,5.0,14.0,0.6,0.7692307692307693,0.9230769230769231,2.0,1.0,2.8,1.5,0.14285714285714285,1.3333333333333333,1.5,0.5714285714285714,2.4285714285714284,0.07692307692307693,0.38461538461538464,-0.1692307692307693,12.33493626402165,12.475447830770602,4.245588315049165,12.548505097991866,2.424159176649579,-0.14051156674895351,1.0,2.0,2.0,6.0,9.0,1.0,1.1346153846153846,1.3076923076923077,1.5576923076923077,1.2,1.8,1.4074074074074074,0.84,1.2592592592592593,1.1851851851851851,1.36,1.96,0.15384615384615385,0.28846153846153844,-0.13461538461538458,12.499095110389504,12.350887454376544,4.309096029067583,12.566620168383578,2.380252699882476,0.14820765601296204
laliga-2024-2024-11-30-valladolid-v-ath-madrid,2024-11-30,2024,Valladolid,Ath Madrid,0,5,0,0.0,0.0,164.20596729601007,8,7,999,0,1.0,0,999,0,1.0,0,0,0,1.0,1.0,3.0,5.0,8.0,0.8,0.6428571428571429,0.7142857142857143,1.9285714285714286,1.0,1.6,0.8571428571428571,0.42857142857142855,0.7142857142857143,1.0,0.7142857142857143,2.857142857142857,0.21428571428571427,0.42857142857142855,0.15714285714285714,12.33493626402165,12.475447830770602,4.245588315049165,12.548505097991866,2.424159176649579,-0.14051156674895351,4.0,0.0,1.0,8.0,3.0,2.4,2.019230769230769,1.75,0.9807692307692307,1.6,0.6,2.5384615384615383,1.5,2.1538461538461537,0.9615384615384616,1.3461538461538463,1.0,0.38461538461538464,0.19230769230769232,0.38076923076923075,12.499095110389504,12.350887454376544,4.309096029067583,12.566620168383578,2.380252699882476,0.14820765601296204
laliga-2024-2024-12-01-villarreal-v-girona,2024-12-01,2024,Villarreal,Girona,2,2,1,0.5833333333333334,0.0,333.97916287092954,7,8,999,0,1.0,0,999,0,1.0,0,0,0,2.0,2.0,1.0,8.0,6.0,1.6,1.5294117647058822,1.7647058823529411,1.6862745098039216,1.6,1.2,1.48,1.5769230769230769,2.0,1.76,1.5384615384615385,1.6153846153846154,0.13725490196078433,0.09803921568627451,0.07058823529411784,12.33493626402165,12.475447830770602,4.245588315049165,12.548505097991866,2.424159176649579,-0.14051156674895351,3.0,0.0,2.0,9.0,6.0,1.8,1.9615384615384615,2.019230769230769,1.2307692307692308,1.8,1.2,2.3076923076923075,1.6153846153846154,2.6153846153846154,1.1538461538461537,1.4230769230769231,1.3076923076923077,0.3076923076923077,0.23076923076923078,-0.1615384615384614,12.499095110389504,12.350887454376544,4.309096029067583,12.566620168383578,2.380252699882476,0.14820765601296204
laliga-2024-2024-12-01-real-madrid-v-getafe,2024-12-01,2024,Real Madrid,Getafe,2,0,2,0.8333333333333334,0.0,16.272976255040476,7,9,999,0,1.0,0,999,0,1.0,0,0,0,4.0,0.0,1.0,11.0,5.0,2.4,2.450980392156863,2.2549019607843137,0.7254901960784313,2.2,1.0,2.6538461538461537,2.24,2.5384615384615383,0.6153846153846154,1.96,0.84,0.5294117647058824,0.058823529411764705,-0.05098039215686301,12.33493626402165,12.475447830770602,4.245588315049165,12.548505097991866,2.424159176649579,-0.14051156674895351,1.0,2.0,2.0,4.0,4.0,1.0,1.0769230769230769,1.0,1.25,0.8,0.8,1.4814814814814814,0.64,1.0,0.9629629629629629,1.0,1.56,0.2692307692307692,0.40384615384615385,-0.07692307692307687,12.499095110389504,12.350887454376544,4.309096029067583,12.566620168383578,2.380252699882476,0.14820765601296204
laliga-2024-2024-12-01-rayo-vallecano-v-ath-bilbao,2024-12-01,2024,Rayo Vallecano,Ath Bilbao,1,2,0,0.08333333333333333,0.0,324.81569774099466,7,7,999,0,1.0,0,999,0,1.0,0,0,0,2.0,0.0,3.0,4.0,6.0,1.2,1.0588235294117647,0.8235294117647058,1.2156862745098038,0.8,1.2,1.12,1.0,1.04,1.36,0.6153846153846154,1.0769230769230769,0.3137254901960784,0.45098039215686275,0.14117647058823524,12.33493626402165,12.475447830770602,4.245588315049165,12.548505097991866,2.424159176649579,-0.14051156674895351,2.0,3.0,0.0,7.0,3.0,1.8,1.75,1.5576923076923077,0.9615384615384616,1.4,0.6,2.111111111111111,1.36,2.0,0.8888888888888888,1.08,1.04,0.4230769230769231,0.21153846153846154,0.050000000000000044,12.499095110389504,12.350887454376544,4.309096029067583,12.566620168383578,2.380252699882476,0.14820765601296204
laliga-2024-2024-12-01-real-sociedad-v-betis,2024-12-01,2024,Real Sociedad,Betis,2,0,2,0.42857142857142855,0.0,739.794439118782,7,8,999,0,1.0,0,999,0,1.0,0,0,0,3.0,0.0,2.0,4.0,3.0,1.8,1.5,1.1923076923076923,0.9615384615384616,0.8,0.6,1.4230769230769231,1.5769230769230769,1.2692307692307692,1.1153846153846154,1.1153846153846154,0.8076923076923077,0.4230769230769231,0.3076923076923077,0.30000000000000004,12.33493626402165,12.475447830770602,4.245588315049165,12.548505097991866,2.424159176649579,-0.14051156674895351,2.0,2.0,1.0,8.0,8.0,1.6,1.4807692307692308,1.2307692307692308,1.1730769230769231,1.6,1.6,1.8461538461538463,1.1153846153846154,1.4230769230769231,0.9615384615384616,1.0384615384615385,1.3846153846153846,0.3269230769230769,0.21153846153846154,0.11923076923076925,12.499095110389504,12.350887454376544,4.309096029067583,12.566620168383578,2.380252699882476,0.14820765601296204
laliga-2024-2024-12-02-sevilla-v-osasuna,2024-12-02,2024,Sevilla,Osasuna,1,1,1,0.4166666666666667,0.0,705.5950045460971,8,8,999,0,1.0,0,999,0,1.0,0,0,0,2.0,0.0,3.0,4.0,8.0,1.2,1.1346153846153846,1.1730769230769231,1.3846153846153846,0.8,1.6,1.3461538461538463,0.9230769230769231,1.2692307692307692,1.3076923076923077,1.0769230769230769,1.4615384615384615,0.25,0.2692307692307692,0.06538461538461537,12.33493626402165,12.475447830770602,4.245588315049165,12.548505097991866,2.424159176649579,-0.14051156674895351,2.0,1.0,2.0,6.0,8.0,1.4,1.2884615384615385,1.2307692307692308,1.5,1.2,1.6,1.4814814814814814,1.08,1.2592592592592593,1.3333333333333333,1.2,1.68,0.2692307692307692,0.25,0.11153846153846136,12.499095110389504,12.350887454376544,4.309096029067583,12.566620168383578,2.380252699882476,0.14820765601296204
laliga-2024-2024-12-03-mallorca-v-barcelona,2024-12-03,2024,Mallorca,Barcelona,1,5,0,0.08333333333333333,0.0,204.36438304288018,4,3,999,0,1.0,0,999,0,1.0,0,0,0,2.0,1.0,2.0,5.0,5.0,1.4,1.2075471698113207,0.9056603773584906,1.0754716981132075,1.0,1.0,1.4074074074074074,1.0,0.8518518518518519,0.7777777777777778,0.9615384615384616,1.3846153846153846,0.2830188679245283,0.37735849056603776,0.1924528301886792,12.33493626402165,12.475447830770602,4.245588315049165,12.548505097991866,2.424159176649579,-0.14051156674895351,2.0,1.0,2.0,10.0,6.0,1.4,2.2452830188679247,2.30188679245283,1.1320754716981132,2.0,1.2,2.44,2.0714285714285716,2.48,1.04,2.142857142857143,1.2142857142857142,0.39622641509433965,0.05660377358490566,-0.8452830188679248,12.499095110389504,12.350887454376544,4.309096029067583,12.566620168383578,2.380252699882476,0.14820765601296204
laliga-2024-2024-12-04-ath-bilbao-v-real-madrid,2024-12-04,2024,Ath Bilbao,Real Madrid,2,1,2,0.16666666666666666,0.0,318.5003176539524,3,3,999,0,1.0,0,999,0,1.0,0,0,0,2.0,3.0,0.0,5.0,3.0,1.8,1.7735849056603774,1.5660377358490567,0.9622641509433962,1.0,0.6,2.111111111111111,1.4230769230769231,2.0,0.8888888888888888,1.1153846153846154,1.0384615384615385,0.41509433962264153,0.20754716981132076,0.026415094339622636,12.33493626402165,12.475447830770602,4.245588315049165,12.548505097991866,2.424159176649579,-0.14051156674895351,4.0,0.0,1.0,11.0,5.0,2.4,2.4615384615384617,2.25,0.7115384615384616,2.2,1.0,2.6666666666666665,2.24,2.5185185185185186,0.5925925925925926,1.96,0.84,0.5384615384615384,0.057692307692307696,-0.061538461538461764,12.499095110389504,12.350887454376544,4.309096029067583,12.566620168383578,2.380252699882476,0.14820765601296204
laliga-2024-2024-12-06-celta-v-mallorca,2024-12-06,2024,Celta,Mallorca,2,0,2,0.6666666666666666,0.0,998.183816272766,6,3,999,0,1.0,0,999,0,1.0,0,0,0,1.0,2.0,2.0,6.0,10.0,1.0,1.1132075471698113,1.3018867924528301,1.5849056603773586,1.2,2.0,1.4074074074074074,0.8076923076923077,1.2592592592592593,1.1851851851851851,1.3461538461538463,2.0,0.1509433962264151,0.2830188679245283,-0.1132075471698113,12.33493626402165,12.475447830770602,4.245588315049165,12.548505097991866,2.424159176649579,-0.14051156674895351,2.0,0.0,3.0,6.0,10.0,1.2,1.1851851851851851,0.9074074074074074,1.1481481481481481,1.2,2.0,1.3571428571428572,1.0,0.8571428571428571,0.9285714285714286,0.9615384615384616,1.3846153846153846,0.2777777777777778,0.37037037037037035,0.014814814814814836,12.499095110389504,12.350887454376544,4.309096029067583,12.566620168383578,2.380252699882476,0.14820765601296204
laliga-2024-2024-12-07-las-palmas-v-valladolid,2024-12-07,2024,Las Palmas,Valladolid,2,1,2,0.75,0.0,1792.4881770540476,7,7,999,0,1.0,0,999,0,1.0,0,0,0,3.0,0.0,2.0,8.0,7.0,1.8,1.0377358490566038,1.0,1.3773584905660377,1.6,1.4,1.1538461538461537,0.9259259259259259,1.1153846153846154,1.1923076923076923,0.8888888888888888,1.5555555555555556,0.16981132075471697,0.37735849056603776,0.7622641509433963,12.33493626402165,12.475447830770602,4.245588315049165,12.548505097991866,2.424159176649579,-0.14051156674895351,0.0,1.0,4.0,2.0,11.0,0.2,0.6,0.6666666666666666,2.1333333333333333,0.4,2.2,0.75,0.42857142857142855,0.625,1.5,0.7142857142857143,2.857142857142857,0.2,0.4666666666666667,-0.39999999999999997,12.499095110389504,12.350887454376544,4.309096029067583,12.566620168383578,2.380252699882476,0.14820765601296204
laliga-2024-2024-12-07-betis-v-barcelona,2024-12-07,2024,Betis,Barcelona,2,2,1,0.16666666666666666,0.0,825.2788120519293,6,4,999,0,1.0,0,999,0,1.0,0,0,0,1.0,2.0,2.0,6.0,9.0,1.0,1.4528301886792452,1.2075471698113207,1.1886792452830188,1.2,1.8,1.8461538461538463,1.0740740740740742,1.4230769230769231,0.9615384615384616,1.0,1.4074074074074074,0.32075471698113206,0.22641509433962265,-0.4528301886792452,12.33493626402165,12.475447830770602,4.245588315049165,12.548505097991866,2.424159176649579,-0.14051156674895351,2.0,1.0,2.0,11.0,7.0,1.4,2.259259259259259,2.3518518518518516,1.1296296296296295,2.2,1.4,2.44,2.103448275862069,2.48,1.04,2.2413793103448274,1.206896551724138,0.3888888888888889,0.05555555555555555,-0.8592592592592592,12.499095110389504,12.350887454376544,4.309096029067583,12.566620168383578,2.380252699882476,0.14820765601296204
laliga-2024-2024-12-07-valencia-v-rayo-vallecano,2024-12-07,2024,Valencia,Rayo Vallecano,0,1,0,0.5,0.0,297.8524711943385,8,6,999,0,1.0,0,999,0,1.0,0,0,0,1.0,2.0,2.0,8.0,8.0,1.0,1.1568627450980393,1.0392156862745099,1.2941176470588236,1.6,1.6,1.52,0.8076923076923077,1.2,0.88,0.8846153846153846,1.6923076923076923,0.3137254901960784,0.35294117647058826,-0.15686274509803932,12.33493626402165,12.475447830770602,4.245588315049165,12.548505097991866,2.424159176649579,-0.14051156674895351,1.0,0.0,4.0,3.0,7.0,0.6,1.0384615384615385,0.8269230769230769,1.2307692307692308,0.6,1.4,1.0769230769230769,1.0,1.0384615384615385,1.3846153846153846,0.6153846153846154,1.0769230769230769,0.3076923076923077,0.4423076923076923,-0.43846153846153857,12.499095110389504,12.350887454376544,4.309096029067583,12.566620168383578,2.380252699882476,0.14820765601296204
laliga-2024-2024-12-07-girona-v-real-madrid,2024-12-07,2024,Girona,Real Madrid,0,3,0,0.16666666666666666,0.0,570.2574832021476,6,3,999,0,1.0,0,999,0,1.0,0,0,0,3.0,1.0,1.0,11.0,7.0,2.0,1.9433962264150944,2.018867924528302,1.2452830188679245,2.2,1.4,2.3076923076923075,1.5925925925925926,2.6153846153846154,1.1538461538461537,1.4444444444444444,1.3333333333333333,0.3018867924528302,0.22641509433962265,0.05660377358490565,12.33493626402165,12.475447830770602,4.245588315049165,12.548505097991866,2.424159176649579,-0.14051156674895351,3.0,0.0,2.0,10.0,6.0,1.8,2.4150943396226414,2.2264150943396226,0.7358490566037735,2.0,1.2,2.6666666666666665,2.1538461538461537,2.5185185185185186,0.5925925925925926,1.9230769230769231,0.8846153846153846,0.5283018867924528,0.05660377358490566,-0.6150943396226414,12.499095110389504,12.350887454376544,4.309096029067583,12.566620168383578,2.380252699882476,0.14820765601296204
laliga-2024-2024-12-08-leganes-v-real-sociedad,2024-12-08,2024,Leganes,Real Sociedad,0,3,0,0.0,0.0,362.3846839943588,8,7,999,0,1.0,0,999,0,1.0,0,0,0,2.0,1.0,2.0,8.0,8.0,1.4,1.0,0.9333333333333333,1.3333333333333333,1.6,1.6,1.4285714285714286,0.625,0.8571428571428571,1.0,1.0,1.625,0.26666666666666666,0.4,0.3999999999999999,12.33493626402165,12.475447830770602,4.245588315049165,12.548505097991866,2.424159176649579,-0.14051156674895351,3.0,0.0,2.0,5.0,3.0,1.8,1.528301886792453,1.2075471698113207,0.9433962264150944,1.0,0.6,1.4814814814814814,1.5769230769230769,1.2962962962962963,1.0740740740740742,1.1153846153846154,0.8076923076923077,0.4339622641509434,0.3018867924528302,0.2716981132075471,12.499095110389504,12.350887454376544,4.309096029067583,12.566620168383578,2.380252699882476,0.14820765601296204
laliga-2024-2024-12-08-ath-bilbao-v-villarreal,2024-12-08,2024,Ath Bilbao,Villarreal,2,0,2,0.5,0.0,438.4315944355367,4,7,999,0,1.0,0,999,0,1.0,0,0,0,3.0,2.0,0.0,7.0,4.0,2.2,1.7962962962962963,1.5740740740740742,0.9629629629629629,1.4,0.8,2.142857142857143,1.4230769230769231,2.0,0.8928571428571429,1.1153846153846154,1.0384615384615385,0.4074074074074074,0.2037037037037037,0.4037037037037039,12.33493626402165,12.475447830770602,4.245588315049165,12.548505097991866,2.424159176649579,-0.14051156674895351,2.0,3.0,0.0,10.0,6.0,1.8,1.5192307692307692,1.7692307692307692,1.6923076923076923,2.0,1.2,1.4615384615384615,1.5769230769230769,2.0,1.7692307692307692,1.5384615384615385,1.6153846153846154,0.1346153846153846,0.09615384615384616,0.2807692307692309,12.499095110389504,12.350887454376544,4.309096029067583,12.566620168383578,2.380252699882476,0.14820765601296204
laliga-2024-2024-12-08-osasuna-v-alaves,2024-12-08,2024,Osasuna,Alaves,2,2,1,0.6428571428571429,0.0,84.83905260516632,6,8,999,0,1.0,0,999,0,1.0,0,0,0,2.0,2.0,1.0,6.0,7.0,1.6,1.2830188679245282,1.2264150943396226,1.490566037735849,1.2,1.4,1.4814814814814814,1.0769230769230769,1.2592592592592593,1.3333333333333333,1.1923076923076923,1.6538461538461537,0.2641509433962264,0.24528301886792453,0.31698113207547185,12.33493626402165,12.475447830770602,4.245588315049165,12.548505097991866,2.424159176649579,-0.14051156674895351,1.0,1.0,3.0,3.0,7.0,0.8,1.1320754716981132,0.9811320754716981,1.3396226415094339,0.6,1.4,1.6153846153846154,0.6666666666666666,1.1923076923076923,1.0384615384615385,0.7777777777777778,1.6296296296296295,0.2641509433962264,0.37735849056603776,-0.33207547169811313,12.499095110389504,12.350887454376544,4.309096029067583,12.566620168383578,2.380252699882476,0.14820765601296204
laliga-2024-2024-12-08-ath-madrid-v-sevilla,2024-12-08,2024,Ath Madrid,Sevilla,4,3,2,0.7142857142857143,0.0,396.6545503244278,8,6,999,0,1.0,0,999,0,1.0,0,0,0,4.0,0.0,1.0,10.0,2.0,2.4,2.0377358490566038,1.8113207547169812,0.9622641509433962,2.0,0.4,2.5384615384615383,1.5555555555555556,2.1538461538461537,0.9615384615384616,1.4814814814814814,0.9629629629629629,0.39622641509433965,0.18867924528301888,0.36226415094339615,12.33493626402165,12.475447830770602,4.245588315049165,12.548505097991866,2.424159176649579,-0.14051156674895351,2.0,1.0,2.0,4.0,4.0,1.4,1.1320754716981132,1.169811320754717,1.3773584905660377,0.8,0.8,1.3333333333333333,0.9230769230769231,1.2592592592592593,1.2962962962962963,1.0769230769230769,1.4615384615384615,0.24528301886792453,0.2641509433962264,0.26792452830188673,12.499095110389504,12.350887454376544,4.309096029067583,12.566620168383578,2.380252699882476,0.14820765601296204
laliga-2024-2024-12-09-getafe-v-espanyol,2024-12-09,2024,Getafe,Espanyol,1,0,2,0.5,0.0,500.48822405474954,8,9,999,0,1.0,0,999,0,1.0,0,0,0,1.0,1.0,3.0,3.0,5.0,0.8,1.0566037735849056,0.9811320754716981,1.2641509433962264,0.6,1.0,1.4814814814814814,0.6153846153846154,1.0,0.9629629629629629,0.9615384615384616,1.5769230769230769,0.2641509433962264,0.41509433962264153,-0.2566037735849056,12.33493626402165,12.475447830770602,4.245588315049165,12.548505097991866,2.424159176649579,-0.14051156674895351,1.0,0.0,4.0,6.0,14.0,0.6,0.9285714285714286,1.0714285714285714,1.9285714285714286,1.2,2.8,1.7142857142857142,0.14285714285714285,1.5714285714285714,1.4285714285714286,0.5714285714285714,2.4285714285714284,0.07142857142857142,0.35714285714285715,-0.3285714285714286,12.499095110389504,12.350887454376544,4.309096029067583,12.566620168383578,2.380252699882476,0.14820765601296204
laliga-2024-2024-12-13-valladolid-v-valencia,2024-12-13,2024,Valladolid,Valencia,1,0,2,0.5,0.0,439.691019521557,6,6,999,0,1.0,0,999,0,1.0,0,0,0,0.0,1.0,4.0,2.0,11.0,0.2,0.5625,0.6875,2.125,0.4,2.2,0.75,0.375,0.625,1.5,0.75,2.75,0.1875,0.4375,-0.3625,12.33493626402165,12.475447830770602,4.245588315049165,12.548505097991866,2.424159176649579,-0.14051156674895351,1.0,1.0,3.0,8.0,9.0,0.8,1.1346153846153846,1.0192307692307692,1.2884615384615385,1.6,1.8,1.4615384615384615,0.8076923076923077,1.1538461538461537,0.8846153846153846,0.8846153846153846,1.6923076923076923,0.3076923076923077,0.36538461538461536,-0.33461538461538454,12.499095110389504,12.350887454376544,4.309096029067583,12.566620168383578,2.380252699882476,0.14820765601296204
laliga-2024-2024-12-14-espanyol-v-osasuna,2024-12-14,2024,Espanyol,Osasuna,0,0,1,0.7,0.0,346.1772743456447,5,6,999,0,1.0,0,999,0,1.0,0,0,0,1.0,0.0,4.0,5.0,11.0,0.6,0.8666666666666667,1.0,1.8666666666666667,1.0,2.2,1.7142857142857142,0.125,1.5714285714285714,1.4285714285714286,0.5,2.25,0.06666666666666667,0.4,-0.2666666666666667,12.33493626402165,12.475447830770602,4.245588315049165,12.548505097991866,2.424159176649579,-0.14051156674895351,1.0,3.0,1.0,6.0,9.0,1.2,1.2777777777777777,1.2407407407407407,1.5,1.2,1.8,1.4642857142857142,1.0769230769230769,1.2857142857142858,1.3571428571428572,1.1923076923076923,1.6538461538461537,0.25925925925925924,0.24074074074074073,-0.07777777777777772,12.499095110389504,12.350887454376544,4.309096029067583,12.566620168383578,2.380252699882476,0.14820765601296204
laliga-2024-2024-12-14-mallorca-v-girona,2024-12-14,2024,Mallorca,Girona,2,1,2,0.5,0.0,266.14096704721,8,7,999,0,1.0,0,999,0,1.0,0,0,0,2.0,0.0,3.0,6.0,11.0,1.2,1.1636363636363636,0.8909090909090909,1.1636363636363636,1.2,2.2,1.3571428571428572,0.9629629629629629,0.8571428571428571,0.9285714285714286,0.9259259259259259,1.4074074074074074,0.2727272727272727,0.38181818181818183,0.036363636363636376,12.33493626402165,12.475447830770602,4.245588315049165,12.548505097991866,2.424159176649579,-0.14051156674895351,3.0,1.0,1.0,11.0,9.0,2.0,1.9074074074074074,1.9814814814814814,1.2777777777777777,2.2,1.8,2.2222222222222223,1.5925925925925926,2.5185185185185186,1.2222222222222223,1.4444444444444444,1.3333333333333333,0.2962962962962963,0.24074074074074073,0.09259259259259256,12.499095110389504,12.350887454376544,4.309096029067583,12.566620168383578,2.380252699882476,0.14820765601296204
laliga-2024-2024-12-14-sevilla-v-celta,2024-12-14,2024,Sevilla,Celta,1,0,2,0.25,0.0,586.5673239379203,6,8,999,0,1.0,0,999,0,1.0,0,0,0,1.0,1.0,3.0,5.0,8.0,0.8,1.1111111111111112,1.2037037037037037,1.4259259259259258,1.0,1.6,1.3333333333333333,0.8888888888888888,1.2592592592592593,1.2962962962962963,1.1481481481481481,1.5555555555555556,0.24074074074074073,0.25925925925925924,-0.3111111111111111,12.33493626402165,12.475447830770602,4.245588315049165,12.548505097991866,2.424159176649579,-0.14051156674895351,2.0,2.0,1.0,8.0,7.0,1.6,1.1481481481481481,1.3148148148148149,1.5555555555555556,1.6,1.4,1.4642857142857142,0.8076923076923077,1.2857142857142858,1.1428571428571428,1.3461538461538463,2.0,0.16666666666666666,0.2777777777777778,0.45185185185185195,12.499095110389504,12.350887454376544,4.309096029067583,12.566620168383578,2.380252699882476,0.14820765601296204
laliga-2024-2024-12-14-rayo-vallecano-v-real-madrid,2024-12-14,2024,Rayo Vallecano,Real Madrid,3,3,1,0.2857142857142857,0.0,7.346952001326216,7,7,999,0,1.0,0,999,0,1.0,0,0,0,2.0,0.0,3.0,4.0,6.0,1.2,1.0754716981132075,0.8301886792452831,1.2075471698113207,0.8,1.2,1.0769230769230769,1.0740740740740742,1.0384615384615385,1.3846153846153846,0.6296296296296297,1.037037037037037,0.32075471698113206,0.4339622641509434,0.12452830188679243,12.33493626402165,12.475447830770602,4.245588315049165,12.548505097991866,2.424159176649579,-0.14051156674895351,4.0,0.0,1.0,13.0,2.0,2.4,2.425925925925926,2.240740740740741,0.7222222222222222,2.6,0.4,2.6666666666666665,2.185185185185185,2.5185185185185186,0.5925925925925926,1.962962962962963,0.8518518518518519,0.5370370370370371,0.05555555555555555,-0.02592592592592613,12.499095110389504,12.350887454376544,4.309096029067583,12.566620168383578,2.380252699882476,0.14820765601296204
laliga-2024-2024-12-15-ath-madrid-v-getafe,2024-12-15,2024,Ath Madrid,Getafe,1,0,2,0.75,0.0,17.339624482251377,7,6,999,0,1.0,0,999,0,1.0,0,0,0,5.0,0.0,0.0,14.0,4.0,3.0,2.0555555555555554,1.8518518518518519,1.0,2.8,0.8,2.5555555555555554,1.5555555555555556,2.2222222222222223,1.037037037037037,1.4814814814814814,0.9629629629629629,0.3888888888888889,0.18518518518518517,0.9444444444444446,12.33493626402165,12.475447830770602,4.245588315049165,12.548505097991866,2.424159176649579,-0.14051156674895351,2.0,0.0,3.0,3.0,4.0,1.2,1.0925925925925926,0.9814814814814815,1.2407407407407407,0.6,0.8,1.5357142857142858,0.6153846153846154,1.0,0.9285714285714286,0.9615384615384616,1.5769230769230769,0.2777777777777778,0.4074074074074074,0.1074074074074074,12.499095110389504,12.350887454376544,4.309096029067583,12.566620168383578,2.380252699882476,0.14820765601296204
laliga-2024-2024-12-15-alaves-v-ath-bilbao,2024-12-15,2024,Alaves,Ath Bilbao,1,1,1,0.2857142857142857,0.0,51.43559190820587,7,7,999,0,1.0,0,999,0,1.0,0,0,0,1.0,2.0,2.0,5.0,8.0,1.0,1.1296296296296295,1.0,1.3518518518518519,1.0,1.6,1.6153846153846154,0.6785714285714286,1.1923076923076923,1.0384615384615385,0.8214285714285714,1.6428571428571428,0.25925925925925924,0.37037037037037035,-0.12962962962962954,12.33493626402165,12.475447830770602,4.245588315049165,12.548505097991866,2.424159176649579,-0.14051156674895351,4.0,1.0,0.0,8.0,3.0,2.6,1.8181818181818181,1.5818181818181818,0.9454545454545454,1.6,0.6,2.1724137931034484,1.4230769230769231,2.0,0.8620689655172413,1.1153846153846154,1.0384615384615385,0.41818181818181815,0.2,0.781818181818182,12.499095110389504,12.350887454376544,4.309096029067583,12.566620168383578,2.380252699882476,0.14820765601296204
laliga-2024-2024-12-15-villarreal-v-betis,2024-12-15,2024,Villarreal,Betis,1,2,0,0.35714285714285715,0.0,583.4265952554996,7,8,999,0,1.0,0,999,0,1.0,0,0,0,2.0,2.0,1.0,9.0,7.0,1.6,1.490566037735849,1.7358490566037736,1.6981132075471699,1.8,1.4,1.4615384615384615,1.5185185185185186,2.0,1.7692307692307692,1.4814814814814814,1.6296296296296295,0.1320754716981132,0.11320754716981132,0.10943396226415114,12.33493626402165,12.475447830770602,4.245588315049165,12.548505097991866,2.424159176649579,-0.14051156674895351,0.0,3.0,2.0,7.0,11.0,0.6,1.4444444444444444,1.2222222222222223,1.2037037037037037,1.4,2.2,1.8148148148148149,1.0740740740740742,1.4444444444444444,1.0,1.0,1.4074074074074074,0.3148148148148148,0.2222222222222222,-0.8444444444444444,12.499095110389504,12.350887454376544,4.309096029067583,12.566620168383578,2.380252699882476,0.14820765601296204
laliga-2024-2024-12-15-real-sociedad-v-las-palmas,2024-12-15,2024,Real Sociedad,Las Palmas,0,0,1,0.75,0.0,2076.995858266857,7,8,999,0,1.0,0,999,0,1.0,0,0,0,4.0,0.0,1.0,8.0,1.0,2.4,1.5555555555555556,1.2407407407407407,0.9259259259259259,1.6,0.2,1.4814814814814814,1.6296296296296295,1.2962962962962963,1.0740740740740742,1.1851851851851851,0.7777777777777778,0.4444444444444444,0.2962962962962963,0.8444444444444443,12.33493626402165,12.475447830770602,4.245588315049165,12.548505097991866,2.424159176649579,-0.14051156674895351,3.0,0.0,2.0,9.0,8.0,1.8,1.0740740740740742,1.0185185185185186,1.3703703703703705,1.8,1.6,1.2222222222222223,0.9259259259259259,1.1481481481481481,1.1851851851851851,0.8888888888888888,1.5555555555555556,0.16666666666666666,0.37037037037037035,0.7259259259259259,12.499095110389504,12.350887454376544,4.309096029067583,12.566620168383578,2.380252699882476,0.14820765601296204
laliga-2024-2024-12-15-barcelona-v-leganes,2024-12-15,2024,Barcelona,Leganes,0,1,0,0.5,0.0,508.9643233154306,8,7,999,0,1.0,0,999,0,1.0,0,0,0,1.0,2.0,2.0,10.0,8.0,1.0,2.2363636363636363,2.3454545454545452,1.1454545454545455,2.0,1.6,2.44,2.066666666666667,2.48,1.04,2.2333333333333334,1.2333333333333334,0.38181818181818183,0.05454545454545454,-1.2363636363636363,12.33493626402165,12.475447830770602,4.245588315049165,12.548505097991866,2.424159176649579,-0.14051156674895351,1.0,1.0,3.0,5.0,11.0,0.8,0.9375,0.875,1.4375,1.0,2.2,1.25,0.625,0.75,1.25,1.0,1.625,0.25,0.4375,-0.13749999999999996,12.499095110389504,12.350887454376544,4.309096029067583,12.566620168383578,2.380252699882476,0.14820765601296204
laliga-2024-2024-12-18-villarreal-v-rayo-vallecano,2024-12-18,2024,Villarreal,Rayo Vallecano,1,1,1,0.6666666666666666,0.0,306.1113784234836,3,4,999,0,1.0,0,999,0,1.0,0,0,0,1.0,2.0,2.0,8.0,8.0,1.0,1.462962962962963,1.7222222222222223,1.7037037037037037,1.6,1.6,1.4074074074074074,1.5185185185185186,1.962962962962963,1.7777777777777777,1.4814814814814814,1.6296296296296295,0.12962962962962962,0.1111111111111111,-0.462962962962963,12.33493626402165,12.475447830770602,4.245588315049165,12.548505097991866,2.424159176649579,-0.14051156674895351,1.0,1.0,3.0,6.0,9.0,0.8,1.0740740740740742,0.8703703703703703,1.2407407407407407,1.2,1.8,1.0740740740740742,1.0740740740740742,1.1111111111111112,1.4444444444444444,0.6296296296296297,1.037037037037037,0.3148148148148148,0.42592592592592593,-0.27407407407407414,12.499095110389504,12.350887454376544,4.309096029067583,12.566620168383578,2.380252699882476,0.14820765601296204
laliga-2024-2024-12-18-espanyol-v-valencia,2024-12-18,2024,Espanyol,Valencia,1,1,1,0.375,0.0,293.83949171694553,4,5,999,0,1.0,0,999,0,1.0,0,0,0,1.0,1.0,3.0,5.0,9.0,0.8,0.875,0.9375,1.75,1.0,1.8,1.625,0.125,1.375,1.25,0.5,2.25,0.125,0.4375,-0.07499999999999996,12.33493626402165,12.475447830770602,4.245588315049165,12.548505097991866,2.424159176649579,-0.14051156674895351,1.0,1.0,3.0,6.0,7.0,0.8,1.1132075471698113,1.0,1.2830188679245282,1.2,1.4,1.4615384615384615,0.7777777777777778,1.1538461538461537,0.8846153846153846,0.8518518518518519,1.6666666666666667,0.3018867924528302,0.37735849056603776,-0.31320754716981125,12.499095110389504,12.350887454376544,4.309096029067583,12.566620168383578,2.380252699882476,0.14820765601296204
laliga-2024-2024-12-20-girona-v-valladolid,2024-12-20,2024,Girona,Valladolid,3,0,2,1.0,0.0,626.8114621612584,6,7,999,0,1.0,0,999,0,1.0,0,0,0,2.0,1.0,2.0,8.0,8.0,1.4,1.8727272727272728,1.9636363636363636,1.290909090909091,1.6,1.6,2.2222222222222223,1.5357142857142858,2.5185185185185186,1.2222222222222223,1.4285714285714286,1.3571428571428572,0.2909090909090909,0.23636363636363636,-0.4727272727272729,12.33493626402165,12.475447830770602,4.245588315049165,12.548505097991866,2.424159176649579,-0.14051156674895351,1.0,1.0,3.0,3.0,10.0,0.8,0.7058823529411765,0.7058823529411765,2.0,0.6,2.0,1.0,0.375,0.6666666666666666,1.3333333333333333,0.75,2.75,0.23529411764705882,0.4117647058823529,0.09411764705882353,12.499095110389504,12.350887454376544,4.309096029067583,12.566620168383578,2.380252699882476,0.14820765601296204
laliga-2024-2024-12-21-getafe-v-mallorca,2024-12-21,2024,Getafe,Mallorca,0,1,0,0.4166666666666667,0.0,546.5249083201032,6,7,999,0,1.0,0,999,0,1.0,0,0,0,2.0,0.0,3.0,3.0,4.0,1.2,1.0727272727272728,0.9636363636363636,1.2363636363636363,0.6,0.8,1.5357142857142858,0.5925925925925926,1.0,0.9285714285714286,0.9259259259259259,1.5555555555555556,0.2727272727272727,0.41818181818181815,0.1272727272727272,12.33493626402165,12.475447830770602,4.245588315049165,12.548505097991866,2.424159176649579,-0.14051156674895351,3.0,0.0,2.0,8.0,11.0,1.8,1.1964285714285714,0.9107142857142857,1.1607142857142858,1.6,2.2,1.4137931034482758,0.9629629629629629,0.896551724137931,0.9310344827586207,0.9259259259259259,1.4074074074074074,0.26785714285714285,0.375,0.6035714285714286,12.499095110389504,12.350887454376544,4.309096029067583,12.566620168383578,2.380252699882476,0.14820765601296204
laliga-2024-2024-12-21-celta-v-real-sociedad,2024-12-21,2024,Celta,Real Sociedad,2,0,2,0.5,0.0,565.3485968116221,7,6,999,0,1.0,0,999,0,1.0,0,0,0,1.0,2.0,2.0,7.0,8.0,1.0,1.1272727272727272,1.290909090909091,1.5454545454545454,1.4,1.6,1.4642857142857142,0.7777777777777778,1.2857142857142858,1.1428571428571428,1.2962962962962963,1.962962962962963,0.16363636363636364,0.2909090909090909,-0.1272727272727272,12.33493626402165,12.475447830770602,4.245588315049165,12.548505097991866,2.424159176649579,-0.14051156674895351,3.0,1.0,1.0,6.0,1.0,2.0,1.5454545454545454,1.2181818181818183,0.9090909090909091,1.2,0.2,1.4642857142857142,1.6296296296296295,1.25,1.0357142857142858,1.1851851851851851,0.7777777777777778,0.45454545454545453,0.3090909090909091,0.4545454545454546,12.499095110389504,12.350887454376544,4.309096029067583,12.566620168383578,2.380252699882476,0.14820765601296204
laliga-2024-2024-12-21-osasuna-v-ath-bilbao,2024-12-21,2024,Osasuna,Ath Bilbao,1,2,0,0.25,0.0,118.61154051368908,7,6,999,0,1.0,0,999,0,1.0,0,0,0,0.0,4.0,1.0,5.0,9.0,0.8,1.2727272727272727,1.2181818181818183,1.4727272727272727,1.0,1.8,1.4642857142857142,1.0740740740740742,1.2857142857142858,1.3571428571428572,1.1481481481481481,1.5925925925925926,0.2727272727272727,0.2545454545454545,-0.47272727272727266,12.33493626402165,12.475447830770602,4.245588315049165,12.548505097991866,2.424159176649579,-0.14051156674895351,4.0,1.0,0.0,8.0,3.0,2.6,1.8035714285714286,1.5714285714285714,0.9464285714285714,1.6,0.6,2.1724137931034484,1.4074074074074074,2.0,0.8620689655172413,1.1111111111111112,1.037037037037037,0.4107142857142857,0.19642857142857142,0.7964285714285715,12.499095110389504,12.350887454376544,4.309096029067583,12.566620168383578,2.380252699882476,0.14820765601296204
laliga-2024-2024-12-21-barcelona-v-ath-madrid,2024-12-21,2024,Barcelona,Ath Madrid,1,2,0,0.8333333333333334,0.0,492.19577268549097,6,6,999,0,1.0,0,999,0,1.0,0,0,0,1.0,2.0,2.0,10.0,8.0,1.0,2.1964285714285716,2.3035714285714284,1.1428571428571428,2.0,1.6,2.3461538461538463,2.066666666666667,2.3846153846153846,1.0384615384615385,2.2333333333333334,1.2333333333333334,0.375,0.07142857142857142,-1.1964285714285716,12.33493626402165,12.475447830770602,4.245588315049165,12.548505097991866,2.424159176649579,-0.14051156674895351,5.0,0.0,0.0,13.0,4.0,3.0,2.0727272727272728,1.8363636363636364,0.9818181818181818,2.6,0.8,2.5714285714285716,1.5555555555555556,2.1785714285714284,1.0,1.4814814814814814,0.9629629629629629,0.4,0.18181818181818182,0.9272727272727272,12.499095110389504,12.350887454376544,4.309096029067583,12.566620168383578,2.380252699882476,0.14820765601296204
laliga-2024-2024-12-22-valencia-v-alaves,2024-12-22,2024,Valencia,Alaves,2,2,1,0.42857142857142855,0.0,421.45291985193836,4,7,999,0,1.0,0,999,0,1.0,0,0,0,1.0,1.0,3.0,6.0,7.0,0.8,1.1111111111111112,1.0,1.2777777777777777,1.2,1.4,1.4615384615384615,0.7857142857142857,1.1538461538461537,0.8846153846153846,0.8571428571428571,1.6428571428571428,0.2962962962962963,0.37037037037037035,-0.3111111111111111,12.33493626402165,12.475447830770602,4.245588315049165,12.548505097991866,2.424159176649579,-0.14051156674895351,0.0,3.0,2.0,5.0,9.0,0.6,1.1272727272727272,1.0,1.3454545454545455,1.0,1.8,1.5925925925925926,0.6785714285714286,1.1851851851851851,1.037037037037037,0.8214285714285714,1.6428571428571428,0.2545454545454545,0.36363636363636365,-0.5272727272727272,12.499095110389504,12.350887454376544,4.309096029067583,12.566620168383578,2.380252699882476,0.14820765601296204
laliga-2024-2024-12-22-real-madrid-v-sevilla,2024-12-22,2024,Real Madrid,Sevilla,4,2,2,0.9166666666666666,0.0,394.25599339659567,8,8,999,0,1.0,0,999,0,1.0,0,0,0,3.0,1.0,1.0,12.0,5.0,2.0,2.4,2.2545454545454544,0.7636363636363637,2.4,1.0,2.6666666666666665,2.142857142857143,2.5185185185185186,0.5925925925925926,2.0,0.9285714285714286,0.5272727272727272,0.05454545454545454,-0.3999999999999999,12.33493626402165,12.475447830770602,4.245588315049165,12.548505097991866,2.424159176649579,-0.14051156674895351,2.0,1.0,2.0,6.0,6.0,1.4,1.1454545454545455,1.2,1.4,1.2,1.2,1.3928571428571428,0.8888888888888888,1.25,1.25,1.1481481481481481,1.5555555555555556,0.2545454545454545,0.2545454545454545,0.2545454545454544,12.499095110389504,12.350887454376544,4.309096029067583,12.566620168383578,2.380252699882476,0.14820765601296204
laliga-2024-2024-12-22-las-palmas-v-espanyol,2024-12-22,2024,Las Palmas,Espanyol,1,0,2,0.5,0.0,2168.3094598938533,7,4,999,0,1.0,0,999,0,1.0,0,0,0,3.0,1.0,1.0,9.0,6.0,2.0,1.0727272727272728,1.0,1.3454545454545455,1.8,1.2,1.2222222222222223,0.9285714285714286,1.1481481481481481,1.1851851851851851,0.8571428571428571,1.5,0.18181818181818182,0.38181818181818183,0.9272727272727272,12.33493626402165,12.475447830770602,4.245588315049165,12.548505097991866,2.424159176649579,-0.14051156674895351,1.0,2.0,2.0,5.0,7.0,1.0,0.8823529411764706,0.9411764705882353,1.7058823529411764,1.0,1.4,1.5555555555555556,0.125,1.3333333333333333,1.2222222222222223,0.5,2.25,0.11764705882352941,0.4117647058823529,0.11764705882352944,12.499095110389504,12.350887454376544,4.309096029067583,12.566620168383578,2.380252699882476,0.14820765601296204
laliga-2024-2024-12-22-leganes-v-villarreal,2024-12-22,2024,Leganes,Villarreal,2,5,0,0.0,0.0,314.28314928249824,7,4,999,0,1.0,0,999,0,1.0,0,0,0,2.0,1.0,2.0,3.0,7.0,1.4,1.0588235294117647,0.8823529411764706,1.3529411764705883,0.6,1.4,1.25,0.8888888888888888,0.75,1.25,1.0,1.4444444444444444,0.29411764705882354,0.4117647058823529,0.3411764705882352,12.33493626402165,12.475447830770602,4.245588315049165,12.548505097991866,2.424159176649579,-0.14051156674895351,0.0,3.0,2.0,6.0,9.0,0.6,1.4545454545454546,1.709090909090909,1.690909090909091,1.2,1.8,1.3928571428571428,1.5185185185185186,1.9285714285714286,1.75,1.4814814814814814,1.6296296296296295,0.12727272727272726,0.10909090909090909,-0.8545454545454546,12.499095110389504,12.350887454376544,4.309096029067583,12.566620168383578,2.380252699882476,0.14820765601296204
laliga-2024-2024-12-22-betis-v-rayo-vallecano,2024-12-22,2024,Betis,Rayo Vallecano,1,1,1,0.5,0.0,389.6758738843053,7,4,999,0,1.0,0,999,0,1.0,0,0,0,1.0,2.0,2.0,8.0,11.0,1.0,1.4727272727272727,1.2363636363636363,1.2,1.6,2.2,1.8148148148148149,1.1428571428571428,1.4444444444444444,1.0,1.0357142857142858,1.3928571428571428,0.3090909090909091,0.21818181818181817,-0.47272727272727266,12.33493626402165,12.475447830770602,4.245588315049165,12.548505097991866,2.424159176649579,-0.14051156674895351,1.0,2.0,2.0,6.0,7.0,1.0,1.0727272727272728,0.8727272727272727,1.2363636363636363,1.2,1.4,1.0740740740740742,1.0714285714285714,1.1111111111111112,1.4444444444444444,0.6428571428571429,1.0357142857142858,0.3090909090909091,0.41818181818181815,-0.07272727272727275,12.499095110389504,12.350887454376544,4.309096029067583,12.566620168383578,2.380252699882476,0.14820765601296204
laliga-2024-2025-01-03-valencia-v-real-madrid,2025-01-03,2024,Valencia,Real Madrid,1,2,0,0.25,0.0,302.5444197829563,12,12,999,0,1.0,0,999,0,1.0,0,0,0,0.0,2.0,3.0,4.0,7.0,0.4,1.1090909090909091,1.018181818181818,1.290909090909091,0.8,1.4,1.4444444444444444,0.7857142857142857,1.1851851851851851,0.9259259259259259,0.8571428571428571,1.6428571428571428,0.2909090909090909,0.36363636363636365,-0.7090909090909091,12.33493626402165,12.475447830770602,4.245588315049165,12.548505097991866,2.424159176649579,-0.14051156674895351,3.0,1.0,1.0,13.0,7.0,2.0,2.4107142857142856,2.2857142857142856,0.7857142857142857,2.6,1.4,2.6785714285714284,2.142857142857143,2.5714285714285716,0.6428571428571429,2.0,0.9285714285714286,0.5178571428571429,0.05357142857142857,-0.4107142857142856,12.499095110389504,12.350887454376544,4.309096029067583,12.566620168383578,2.380252699882476,0.14820765601296204
laliga-2024-2025-01-10-rayo-vallecano-v-celta,2025-01-10,2024,Rayo Vallecano,Celta,2,1,2,0.5833333333333334,0.0,470.2333928897136,19,20,999,0,1.0,0,999,0,1.0,0,0,0,1.0,3.0,1.0,7.0,7.0,1.2,1.0714285714285714,0.875,1.2321428571428572,1.4,1.4,1.0740740740740742,1.0689655172413792,1.1111111111111112,1.4444444444444444,0.6551724137931034,1.0344827586206897,0.30357142857142855,0.4107142857142857,0.12857142857142856,12.33493626402165,12.475447830770602,4.245588315049165,12.548505097991866,2.424159176649579,-0.14051156674895351,2.0,1.0,2.0,7.0,6.0,1.4,1.1607142857142858,1.3035714285714286,1.5178571428571428,1.4,1.2,1.5172413793103448,0.7777777777777778,1.3103448275862069,1.103448275862069,1.2962962962962963,1.962962962962963,0.17857142857142858,0.2857142857142857,0.2392857142857141,12.499095110389504,12.350887454376544,4.309096029067583,12.566620168383578,2.380252699882476,0.14820765601296204
laliga-2024-2025-01-11-alaves-v-girona,2025-01-11,2024,Alaves,Girona,0,1,0,0.3333333333333333,0.0,461.4731302841583,20,22,999,0,1.0,0,999,0,1.0,0,0,0,0.0,4.0,1.0,7.0,8.0,0.8,1.125,1.0178571428571428,1.3571428571428572,1.4,1.6,1.5925925925925926,0.6896551724137931,1.1851851851851851,1.037037037037037,0.8620689655172413,1.6551724137931034,0.25,0.35714285714285715,-0.32499999999999996,12.33493626402165,12.475447830770602,4.245588315049165,12.548505097991866,2.424159176649579,-0.14051156674895351,2.0,1.0,2.0,10.0,8.0,1.4,1.8928571428571428,1.9821428571428572,1.2678571428571428,2.0,1.6,2.25,1.5357142857142858,2.5357142857142856,1.1785714285714286,1.4285714285714286,1.3571428571428572,0.30357142857142855,0.23214285714285715,-0.4928571428571429,12.499095110389504,12.350887454376544,4.309096029067583,12.566620168383578,2.380252699882476,0.14820765601296204
laliga-2024-2025-01-11-valladolid-v-betis,2025-01-11,2024,Valladolid,Betis,1,0,2,0.5,0.0,485.39958641597144,22,20,999,0,1.0,0,999,0,1.0,0,0,0,1.0,0.0,4.0,2.0,12.0,0.6,0.6666666666666666,0.6666666666666666,2.0555555555555554,0.4,2.4,1.0,0.3333333333333333,0.6666666666666666,1.3333333333333333,0.6666666666666666,2.7777777777777777,0.2222222222222222,0.4444444444444444,-0.06666666666666665,12.33493626402165,12.475447830770602,4.245588315049165,12.548505097991866,2.424159176649579,-0.14051156674895351,1.0,2.0,2.0,7.0,10.0,1.0,1.4642857142857142,1.2321428571428572,1.1964285714285714,1.4,2.0,1.7857142857142858,1.1428571428571428,1.4285714285714286,1.0,1.0357142857142858,1.3928571428571428,0.30357142857142855,0.21428571428571427,-0.4642857142857142,12.499095110389504,12.350887454376544,4.309096029067583,12.566620168383578,2.380252699882476,0.14820765601296204
laliga-2024-2025-01-11-espanyol-v-leganes,2025-01-11,2024,Espanyol,Leganes,1,1,1,0.25,0.0,504.16794317554127,20,20,999,0,1.0,0,999,0,1.0,0,0,0,1.0,2.0,2.0,4.0,4.0,1.0,0.8333333333333334,0.8888888888888888,1.6666666666666667,0.8,0.8,1.5555555555555556,0.1111111111111111,1.3333333333333333,1.2222222222222223,0.4444444444444444,2.111111111111111,0.1111111111111111,0.4444444444444444,0.16666666666666663,12.33493626402165,12.475447830770602,4.245588315049165,12.548505097991866,2.424159176649579,-0.14051156674895351,1.0,1.0,3.0,4.0,12.0,0.8,1.0,0.9444444444444444,1.5555555555555556,0.8,2.4,1.1111111111111112,0.8888888888888888,0.8888888888888888,1.6666666666666667,1.0,1.4444444444444444,0.2777777777777778,0.3888888888888889,-0.19999999999999996,12.499095110389504,12.350887454376544,4.309096029067583,12.566620168383578,2.380252699882476,0.14820765601296204
laliga-2024-2025-01-11-sevilla-v-valencia,2025-01-11,2024,Sevilla,Valencia,1,1,1,0.35714285714285715,0.0,539.9261066392522,20,8,999,0,1.0,0,999,0,1.0,0,0,0,2.0,1.0,2.0,8.0,9.0,1.4,1.125,1.2142857142857142,1.4464285714285714,1.6,1.8,1.3928571428571428,0.8571428571428571,1.25,1.25,1.1785714285714286,1.6428571428571428,0.25,0.25,0.2749999999999999,12.33493626402165,12.475447830770602,4.245588315049165,12.548505097991866,2.424159176649579,-0.14051156674895351,0.0,2.0,3.0,4.0,7.0,0.4,1.0892857142857142,1.0178571428571428,1.3035714285714286,0.8,1.4,1.3928571428571428,0.7857142857142857,1.1785714285714286,0.9642857142857143,0.8571428571428571,1.6428571428571428,0.2857142857142857,0.35714285714285715,-0.6892857142857142,12.499095110389504,12.350887454376544,4.309096029067583,12.566620168383578,2.380252699882476,0.14820765601296204
laliga-2024-2025-01-12-las-palmas-v-getafe,2025-01-12,2024,Las Palmas,Getafe,1,2,0,0.625,0.0,1731.0069519179315,21,22,999,0,1.0,0,999,0,1.0,0,0,0,3.0,1.0,1.0,7.0,5.0,2.0,1.1071428571428572,1.0,1.3214285714285714,1.4,1.0,1.2857142857142858,0.9285714285714286,1.1428571428571428,1.1428571428571428,0.8571428571428571,1.5,0.19642857142857142,0.375,0.8928571428571428,12.33493626402165,12.475447830770602,4.245588315049165,12.548505097991866,2.424159176649579,-0.14051156674895351,2.0,0.0,3.0,3.0,4.0,1.2,1.0535714285714286,0.9464285714285714,1.2321428571428572,0.6,0.8,1.4827586206896552,0.5925925925925926,0.9655172413793104,0.9310344827586207,0.9259259259259259,1.5555555555555556,0.26785714285714285,0.42857142857142855,0.14642857142857135,12.499095110389504,12.350887454376544,4.309096029067583,12.566620168383578,2.380252699882476,0.14820765601296204
laliga-2024-2025-01-12-ath-madrid-v-osasuna,2025-01-12,2024,Ath Madrid,Osasuna,1,0,2,0.7142857142857143,0.0,308.9531646022417,22,22,999,0,1.0,0,999,0,1.0,0,0,0,5.0,0.0,0.0,14.0,5.0,3.0,2.0892857142857144,1.8392857142857142,0.9821428571428571,2.8,1.0,2.5714285714285716,1.6071428571428572,2.1785714285714284,1.0,1.5,0.9642857142857143,0.39285714285714285,0.17857142857142858,0.9107142857142856,12.33493626402165,12.475447830770602,4.245588315049165,12.548505097991866,2.424159176649579,-0.14051156674895351,0.0,4.0,1.0,6.0,7.0,0.8,1.25,1.2142857142857142,1.4821428571428572,1.2,1.4,1.4137931034482758,1.0740740740740742,1.2758620689655173,1.3793103448275863,1.1481481481481481,1.5925925925925926,0.26785714285714285,0.25,-0.44999999999999996,12.499095110389504,12.350887454376544,4.309096029067583,12.566620168383578,2.380252699882476,0.14820765601296204
laliga-2024-2025-01-13-real-sociedad-v-villarreal,2025-01-13,2024,Real Sociedad,Villarreal,1,0,2,0.4166666666666667,0.0,404.3535451234156,23,22,999,0,1.0,0,999,0,1.0,0,0,0,2.0,1.0,2.0,5.0,3.0,1.4,1.5178571428571428,1.1964285714285714,0.9285714285714286,1.0,0.6,1.4642857142857142,1.5714285714285714,1.25,1.0357142857142858,1.1428571428571428,0.8214285714285714,0.44642857142857145,0.32142857142857145,-0.11785714285714288,12.33493626402165,12.475447830770602,4.245588315049165,12.548505097991866,2.424159176649579,-0.14051156674895351,1.0,2.0,2.0,9.0,9.0,1.0,1.4821428571428572,1.7678571428571428,1.6964285714285714,1.8,1.8,1.3928571428571428,1.5714285714285714,1.9285714285714286,1.75,1.6071428571428572,1.6428571428571428,0.125,0.10714285714285714,-0.4821428571428572,12.499095110389504,12.350887454376544,4.309096029067583,12.566620168383578,2.380252699882476,0.14820765601296204
laliga-2024-2025-01-17-espanyol-v-valladolid,2025-01-17,2024,Espanyol,Valladolid,2,1,2,0.5,0.0,567.4882863336543,6,6,999,0,1.0,0,999,0,1.0,0,0,0,0.0,3.0,2.0,2.0,4.0,0.6,0.8421052631578947,0.8947368421052632,1.631578947368421,0.4,0.8,1.5,0.1111111111111111,1.3,1.2,0.4444444444444444,2.111111111111111,0.10526315789473684,0.42105263157894735,-0.2421052631578947,12.33493626402165,12.475447830770602,4.245588315049165,12.548505097991866,2.424159176649579,-0.14051156674895351,2.0,0.0,3.0,3.0,10.0,1.2,0.7894736842105263,0.6842105263157895,1.9473684210526316,0.6,2.0,1.2,0.3333333333333333,0.7,1.2,0.6666666666666666,2.7777777777777777,0.2631578947368421,0.42105263157894735,0.41052631578947363,12.499095110389504,12.350887454376544,4.309096029067583,12.566620168383578,2.380252699882476,0.14820765601296204
laliga-2024-2025-01-18-girona-v-sevilla,2025-01-18,2024,Girona,Sevilla,1,2,0,0.5833333333333334,0.0,908.8557335333999,7,7,999,0,1.0,0,999,0,1.0,0,0,0,2.0,1.0,2.0,7.0,7.0,1.4,1.912280701754386,1.9649122807017543,1.2456140350877194,1.4,1.4,2.25,1.5862068965517242,2.5357142857142856,1.1785714285714286,1.4137931034482758,1.3103448275862069,0.3157894736842105,0.22807017543859648,-0.512280701754386,12.33493626402165,12.475447830770602,4.245588315049165,12.548505097991866,2.424159176649579,-0.14051156674895351,1.0,2.0,2.0,8.0,10.0,1.0,1.1228070175438596,1.2105263157894737,1.4385964912280702,1.6,2.0,1.3793103448275863,0.8571428571428571,1.2413793103448276,1.2413793103448276,1.1785714285714286,1.6428571428571428,0.24561403508771928,0.24561403508771928,-0.12280701754385959,12.499095110389504,12.350887454376544,4.309096029067583,12.566620168383578,2.380252699882476,0.14820765601296204
laliga-2024-2025-01-18-leganes-v-ath-madrid,2025-01-18,2024,Leganes,Ath Madrid,1,0,2,0.5,0.0,18.627507116827008,7,6,999,0,1.0,0,999,0,1.0,0,0,0,1.0,2.0,2.0,5.0,10.0,1.0,1.0,0.9473684210526315,1.5263157894736843,1.0,2.0,1.1111111111111112,0.9,0.8888888888888888,1.6666666666666667,1.0,1.4,0.2631578947368421,0.3684210526315789,0.0,12.33493626402165,12.475447830770602,4.245588315049165,12.548505097991866,2.424159176649579,-0.14051156674895351,5.0,0.0,0.0,13.0,4.0,3.0,2.1052631578947367,1.8245614035087718,0.9649122807017544,2.6,0.8,2.586206896551724,1.6071428571428572,2.1379310344827585,0.9655172413793104,1.5,0.9642857142857143,0.40350877192982454,0.17543859649122806,0.8947368421052633,12.499095110389504,12.350887454376544,4.309096029067583,12.566620168383578,2.380252699882476,0.14820765601296204
laliga-2024-2025-01-18-betis-v-alaves,2025-01-18,2024,Betis,Alaves,1,3,0,0.4166666666666667,0.0,668.854131899639,7,7,999,0,1.0,0,999,0,1.0,0,0,0,1.0,2.0,2.0,5.0,7.0,1.0,1.4385964912280702,1.2105263157894737,1.1929824561403508,1.0,1.4,1.7857142857142858,1.103448275862069,1.4285714285714286,1.0,1.0,1.3793103448275863,0.2982456140350877,0.22807017543859648,-0.4385964912280702,12.33493626402165,12.475447830770602,4.245588315049165,12.548505097991866,2.424159176649579,-0.14051156674895351,0.0,4.0,1.0,6.0,7.0,0.8,1.105263157894737,1.0,1.3508771929824561,1.2,1.4,1.5357142857142858,0.6896551724137931,1.1428571428571428,1.0357142857142858,0.8620689655172413,1.6551724137931034,0.24561403508771928,0.3684210526315789,-0.3052631578947369,12.499095110389504,12.350887454376544,4.309096029067583,12.566620168383578,2.380252699882476,0.14820765601296204
laliga-2024-2025-01-18-getafe-v-barcelona,2025-01-18,2024,Getafe,Barcelona,1,1,1,0.16666666666666666,0.0,505.3079785831502,6,28,999,0,1.0,0,999,0,1.0,0,0,0,2.0,0.0,3.0,3.0,5.0,1.2,1.087719298245614,0.9649122807017544,1.2280701754385965,0.6,1.0,1.4827586206896552,0.6785714285714286,0.9655172413793104,0.9310344827586207,0.9642857142857143,1.5357142857142858,0.2631578947368421,0.42105263157894735,0.11228070175438587,12.33493626402165,12.475447830770602,4.245588315049165,12.548505097991866,2.424159176649579,-0.14051156674895351,1.0,1.0,3.0,9.0,8.0,0.8,2.1578947368421053,2.280701754385965,1.1578947368421053,1.8,1.6,2.259259259259259,2.066666666666667,2.3333333333333335,1.0740740740740742,2.2333333333333334,1.2333333333333334,0.3684210526315789,0.07017543859649122,-1.3578947368421053,12.499095110389504,12.350887454376544,4.309096029067583,12.566620168383578,2.380252699882476,0.14820765601296204
laliga-2024-2025-01-19-celta-v-ath-bilbao,2025-01-19,2024,Celta,Ath Bilbao,1,2,0,0.35714285714285715,0.0,487.0823988578239,9,29,999,0,1.0,0,999,0,1.0,0,0,0,2.0,0.0,3.0,6.0,6.0,1.2,1.1403508771929824,1.2982456140350878,1.5263157894736843,1.2,1.2,1.5172413793103448,0.75,1.3103448275862069,1.103448275862069,1.2857142857142858,1.9642857142857142,0.17543859649122806,0.2807017543859649,0.05964912280701751,12.33493626402165,12.475447830770602,4.245588315049165,12.548505097991866,2.424159176649579,-0.14051156674895351,4.0,1.0,0.0,9.0,4.0,2.6,1.8245614035087718,1.5789473684210527,0.9473684210526315,1.8,0.8,2.1724137931034484,1.4642857142857142,2.0,0.8620689655172413,1.1428571428571428,1.0357142857142858,0.40350877192982454,0.19298245614035087,0.7754385964912283,12.499095110389504,12.350887454376544,4.309096029067583,12.566620168383578,2.380252699882476,0.14820765601296204
laliga-2024-2025-01-19-real-madrid-v-las-palmas,2025-01-19,2024,Real Madrid,Las Palmas,4,1,2,0.875,0.0,1744.4879586594413,16,7,999,0,1.0,0,999,0,1.0,0,0,0,3.0,1.0,1.0,13.0,8.0,2.0,2.4210526315789473,2.280701754385965,0.7894736842105263,2.6,1.6,2.6785714285714284,2.1724137931034484,2.5714285714285716,0.6428571428571429,2.0,0.9310344827586207,0.5087719298245614,0.05263157894736842,-0.42105263157894735,12.33493626402165,12.475447830770602,4.245588315049165,12.548505097991866,2.424159176649579,-0.14051156674895351,3.0,1.0,1.0,6.0,4.0,2.0,1.087719298245614,1.0,1.3333333333333333,1.2,0.8,1.2413793103448276,0.9285714285714286,1.1379310344827587,1.1724137931034482,0.8571428571428571,1.5,0.19298245614035087,0.3684210526315789,0.9122807017543859,12.499095110389504,12.350887454376544,4.309096029067583,12.566620168383578,2.380252699882476,0.14820765601296204
laliga-2024-2025-01-19-osasuna-v-rayo-vallecano,2025-01-19,2024,Osasuna,Rayo Vallecano,1,1,1,0.5714285714285714,0.0,315.9199232680751,7,9,999,0,1.0,0,999,0,1.0,0,0,0,0.0,3.0,2.0,4.0,6.0,0.6,1.2280701754385965,1.1929824561403508,1.4736842105263157,0.8,1.2,1.4137931034482758,1.0357142857142858,1.2758620689655173,1.3793103448275863,1.1071428571428572,1.5714285714285714,0.2631578947368421,0.2631578947368421,-0.6280701754385966,12.33493626402165,12.475447830770602,4.245588315049165,12.548505097991866,2.424159176649579,-0.14051156674895351,2.0,3.0,0.0,8.0,6.0,1.8,1.105263157894737,0.8947368421052632,1.2280701754385965,1.6,1.2,1.1428571428571428,1.0689655172413792,1.1428571428571428,1.4285714285714286,0.6551724137931034,1.0344827586206897,0.2982456140350877,0.40350877192982454,0.6947368421052631,12.499095110389504,12.350887454376544,4.309096029067583,12.566620168383578,2.380252699882476,0.14820765601296204
laliga-2024-2025-01-19-valencia-v-real-sociedad,2025-01-19,2024,Valencia,Real Sociedad,1,0,2,0.35714285714285715,0.0,445.8294239934526,8,6,999,0,1.0,0,999,0,1.0,0,0,0,0.0,3.0,2.0,5.0,7.0,0.6,1.087719298245614,1.0175438596491229,1.2982456140350878,1.0,1.4,1.3928571428571428,0.7931034482758621,1.1785714285714286,0.9642857142857143,0.8620689655172413,1.6206896551724137,0.2807017543859649,0.3508771929824561,-0.4877192982456141,12.33493626402165,12.475447830770602,4.245588315049165,12.548505097991866,2.424159176649579,-0.14051156674895351,3.0,1.0,1.0,6.0,2.0,2.0,1.543859649122807,1.1929824561403508,0.9122807017543859,1.2,0.4,1.5172413793103448,1.5714285714285714,1.2413793103448276,1.0,1.1428571428571428,0.8214285714285714,0.45614035087719296,0.3157894736842105,0.45614035087719307,12.499095110389504,12.350887454376544,4.309096029067583,12.566620168383578,2.380252699882476,0.14820765601296204
laliga-2024-2025-01-20-villarreal-v-mallorca,2025-01-20,2024,Villarreal,Mallorca,4,0,2,0.8333333333333334,0.0,236.873397912926,7,30,999,0,1.0,0,999,0,1.0,0,0,0,1.0,1.0,3.0,7.0,8.0,0.8,1.456140350877193,1.736842105263158,1.6842105263157894,1.4,1.6,1.3928571428571428,1.5172413793103448,1.9285714285714286,1.75,1.5517241379310345,1.6206896551724137,0.12280701754385964,0.12280701754385964,-0.656140350877193,12.33493626402165,12.475447830770602,4.245588315049165,12.548505097991866,2.424159176649579,-0.14051156674895351,3.0,0.0,2.0,6.0,9.0,1.8,1.2280701754385965,0.9122807017543859,1.1403508771929824,1.2,1.8,1.4137931034482758,1.0357142857142858,0.896551724137931,0.9310344827586207,0.9285714285714286,1.3571428571428572,0.2807017543859649,0.3684210526315789,0.5719298245614035,12.499095110389504,12.350887454376544,4.309096029067583,12.566620168383578,2.380252699882476,0.14820765601296204
laliga-2024-2025-01-24-las-palmas-v-osasuna,2025-01-24,2024,Las Palmas,Osasuna,1,1,1,0.375,0.0,2052.49488272337,5,5,999,0,1.0,0,999,0,1.0,0,0,0,2.0,1.0,2.0,5.0,7.0,1.4,1.0689655172413792,1.0,1.3793103448275863,1.0,1.4,1.2413793103448276,0.896551724137931,1.1379310344827587,1.1724137931034482,0.8620689655172413,1.5862068965517242,0.1896551724137931,0.3620689655172414,0.3310344827586207,12.33493626402165,12.475447830770602,4.245588315049165,12.548505097991866,2.424159176649579,-0.14051156674895351,0.0,3.0,2.0,4.0,6.0,0.6,1.2241379310344827,1.1896551724137931,1.4655172413793103,0.8,1.2,1.4,1.0357142857142858,1.2666666666666666,1.3666666666666667,1.1071428571428572,1.5714285714285714,0.25862068965517243,0.25862068965517243,-0.6241379310344827,12.499095110389504,12.350887454376544,4.309096029067583,12.566620168383578,2.380252699882476,0.14820765601296204
laliga-2024-2025-01-25-mallorca-v-betis,2025-01-25,2024,Mallorca,Betis,0,1,0,0.16666666666666666,0.0,787.3887957067963,5,7,999,0,1.0,0,999,0,1.0,0,0,0,2.0,0.0,3.0,4.0,12.0,1.2,1.206896551724138,0.896551724137931,1.1896551724137931,0.8,2.4,1.4137931034482758,1.0,0.896551724137931,0.9310344827586207,0.896551724137931,1.4482758620689655,0.27586206896551724,0.3793103448275862,-0.006896551724137945,12.33493626402165,12.475447830770602,4.245588315049165,12.548505097991866,2.424159176649579,-0.14051156674895351,1.0,2.0,2.0,6.0,8.0,1.0,1.4137931034482758,1.206896551724138,1.2241379310344827,1.2,1.6,1.7241379310344827,1.103448275862069,1.4137931034482758,1.0689655172413792,1.0,1.3793103448275863,0.29310344827586204,0.22413793103448276,-0.4137931034482758,12.499095110389504,12.350887454376544,4.309096029067583,12.566620168383578,2.380252699882476,0.14820765601296204
laliga-2024-2025-01-25-ath-madrid-v-villarreal,2025-01-25,2024,Ath Madrid,Villarreal,1,1,1,0.6428571428571429,0.0,301.95351002499086,7,5,999,0,1.0,0,999,0,1.0,0,0,0,4.0,0.0,1.0,8.0,5.0,2.4,2.0689655172413794,1.793103448275862,0.9655172413793104,1.6,1.0,2.586206896551724,1.5517241379310345,2.1379310344827585,0.9655172413793104,1.4482758620689655,0.9655172413793104,0.39655172413793105,0.1896551724137931,0.33103448275862046,12.33493626402165,12.475447830770602,4.245588315049165,12.548505097991866,2.424159176649579,-0.14051156674895351,2.0,1.0,2.0,11.0,6.0,1.4,1.4827586206896552,1.7758620689655173,1.6551724137931034,2.2,1.2,1.4482758620689655,1.5172413793103448,2.0,1.6896551724137931,1.5517241379310345,1.6206896551724137,0.13793103448275862,0.1206896551724138,-0.08275862068965534,12.499095110389504,12.350887454376544,4.309096029067583,12.566620168383578,2.380252699882476,0.14820765601296204
laliga-2024-2025-01-25-sevilla-v-espanyol,2025-01-25,2024,Sevilla,Espanyol,1,1,1,0.6,0.0,819.5876816472664,7,8,999,0,1.0,0,999,0,1.0,0,0,0,2.0,1.0,2.0,9.0,10.0,1.4,1.1551724137931034,1.2241379310344827,1.4310344827586208,1.8,2.0,1.3793103448275863,0.9310344827586207,1.2413793103448276,1.2413793103448276,1.206896551724138,1.6206896551724137,0.2413793103448276,0.2413793103448276,0.24482758620689649,12.33493626402165,12.475447830770602,4.245588315049165,12.548505097991866,2.424159176649579,-0.14051156674895351,1.0,3.0,1.0,4.0,4.0,1.2,0.95,0.95,1.6,0.8,0.8,1.6363636363636365,0.1111111111111111,1.3636363636363635,1.1818181818181819,0.4444444444444444,2.111111111111111,0.1,0.4,0.25,12.499095110389504,12.350887454376544,4.309096029067583,12.566620168383578,2.380252699882476,0.14820765601296204
laliga-2024-2025-01-25-valladolid-v-real-madrid,2025-01-25,2024,Valladolid,Real Madrid,0,3,0,0.0,0.0,158.52088211197747,8,6,999,0,1.0,0,999,0,1.0,0,0,0,2.0,0.0,3.0,4.0,7.0,1.2,0.75,0.7,1.95,0.8,1.4,1.2,0.3,0.7,1.2,0.7,2.7,0.25,0.4,0.44999999999999996,12.33493626402165,12.475447830770602,4.245588315049165,12.548505097991866,2.424159176649579,-0.14051156674895351,4.0,1.0,0.0,16.0,7.0,2.6,2.4310344827586206,2.310344827586207,0.7931034482758621,3.2,1.4,2.689655172413793,2.1724137931034484,2.6206896551724137,0.6551724137931034,2.0,0.9310344827586207,0.5,0.05172413793103448,0.16896551724137954,12.499095110389504,12.350887454376544,4.309096029067583,12.566620168383578,2.380252699882476,0.14820765601296204
laliga-2024-2025-01-26-rayo-vallecano-v-girona,2025-01-26,2024,Rayo Vallecano,Girona,2,1,2,0.5,0.0,570.2023860017887,7,8,999,0,1.0,0,999,0,1.0,0,0,0,1.0,4.0,0.0,8.0,7.0,1.4,1.103448275862069,0.896551724137931,1.2241379310344827,1.6,1.4,1.1428571428571428,1.0666666666666667,1.1428571428571428,1.4285714285714286,0.6666666666666666,1.0333333333333334,0.29310344827586204,0.39655172413793105,0.29655172413793096,12.33493626402165,12.475447830770602,4.245588315049165,12.548505097991866,2.424159176649579,-0.14051156674895351,2.0,0.0,3.0,6.0,7.0,1.2,1.8793103448275863,1.9482758620689655,1.2586206896551724,1.2,1.4,2.1724137931034484,1.5862068965517242,2.4827586206896552,1.206896551724138,1.4137931034482758,1.3103448275862069,0.3103448275862069,0.22413793103448276,-0.6793103448275863,12.499095110389504,12.350887454376544,4.309096029067583,12.566620168383578,2.380252699882476,0.14820765601296204
laliga-2024-2025-01-26-real-sociedad-v-getafe,2025-01-26,2024,Real Sociedad,Getafe,0,3,0,0.5,0.0,362.68976761646644,7,8,999,0,1.0,0,999,0,1.0,0,0,0,2.0,1.0,2.0,4.0,3.0,1.4,1.5172413793103448,1.1724137931034482,0.9137931034482759,0.8,0.6,1.5172413793103448,1.5172413793103448,1.2413793103448276,1.0,1.103448275862069,0.8275862068965517,0.4482758620689655,0.3275862068965517,-0.11724137931034484,12.33493626402165,12.475447830770602,4.245588315049165,12.548505097991866,2.424159176649579,-0.14051156674895351,2.0,1.0,2.0,4.0,4.0,1.4,1.0862068965517242,0.9655172413793104,1.2241379310344827,0.8,0.8,1.4666666666666666,0.6785714285714286,0.9666666666666667,0.9333333333333333,0.9642857142857143,1.5357142857142858,0.25862068965517243,0.41379310344827586,0.3137931034482757,12.499095110389504,12.350887454376544,4.309096029067583,12.566620168383578,2.380252699882476,0.14820765601296204
laliga-2024-2025-01-26-ath-bilbao-v-leganes,2025-01-26,2024,Ath Bilbao,Leganes,0,0,1,0.75,0.0,333.41442835741225,7,8,999,0,1.0,0,999,0,1.0,0,0,0,4.0,1.0,0.0,9.0,4.0,2.6,1.8448275862068966,1.5862068965517242,0.9482758620689655,1.8,0.8,2.1724137931034484,1.5172413793103448,2.0,0.8620689655172413,1.1724137931034482,1.0344827586206897,0.39655172413793105,0.1896551724137931,0.7551724137931035,12.33493626402165,12.475447830770602,4.245588315049165,12.548505097991866,2.424159176649579,-0.14051156674895351,2.0,1.0,2.0,5.0,9.0,1.4,1.1,0.95,1.45,1.0,1.8,1.3,0.9,0.9,1.5,1.0,1.4,0.3,0.35,0.2999999999999998,12.499095110389504,12.350887454376544,4.309096029067583,12.566620168383578,2.380252699882476,0.14820765601296204
laliga-2024-2025-01-26-barcelona-v-valencia,2025-01-26,2024,Barcelona,Valencia,7,1,2,0.7857142857142857,0.0,299.8128548684505,8,7,999,0,1.0,0,999,0,1.0,0,0,0,1.0,2.0,2.0,9.0,7.0,1.0,2.1379310344827585,2.2586206896551726,1.1551724137931034,1.8,1.4,2.259259259259259,2.032258064516129,2.3333333333333335,1.0740740740740742,2.193548387096774,1.2258064516129032,0.3620689655172414,0.06896551724137931,-1.1379310344827585,12.33493626402165,12.475447830770602,4.245588315049165,12.548505097991866,2.424159176649579,-0.14051156674895351,1.0,3.0,1.0,6.0,6.0,1.2,1.1206896551724137,1.0172413793103448,1.2758620689655173,1.2,1.2,1.4482758620689655,0.7931034482758621,1.1724137931034482,0.9310344827586207,0.8620689655172413,1.6206896551724137,0.29310344827586204,0.3448275862068966,0.07931034482758625,12.499095110389504,12.350887454376544,4.309096029067583,12.566620168383578,2.380252699882476,0.14820765601296204
laliga-2024-2025-01-27-alaves-v-celta,2025-01-27,2024,Alaves,Celta,1,1,1,0.5,0.0,501.8600458273029,9,8,999,0,1.0,0,999,0,1.0,0,0,0,1.0,3.0,1.0,8.0,7.0,1.2,1.1379310344827587,1.0344827586206897,1.3448275862068966,1.6,1.4,1.5357142857142858,0.7666666666666667,1.1428571428571428,1.0357142857142858,0.9333333333333333,1.6333333333333333,0.2413793103448276,0.3620689655172414,0.06206896551724128,12.33493626402165,12.475447830770602,4.245588315049165,12.548505097991866,2.424159176649579,-0.14051156674895351,2.0,0.0,3.0,6.0,5.0,1.2,1.1206896551724137,1.293103448275862,1.5344827586206897,1.2,1.0,1.4666666666666666,0.75,1.3,1.1333333333333333,1.2857142857142858,1.9642857142857142,0.1724137931034483,0.27586206896551724,0.07931034482758625,12.499095110389504,12.350887454376544,4.309096029067583,12.566620168383578,2.380252699882476,0.14820765601296204
laliga-2024-2025-01-31-leganes-v-rayo-vallecano,2025-01-31,2024,Leganes,Rayo Vallecano,0,1,0,0.25,0.0,11.524409722084755,5,5,999,0,1.0,0,999,0,1.0,0,0,0,2.0,2.0,1.0,5.0,6.0,1.6,1.0952380952380953,0.9047619047619048,1.380952380952381,1.0,1.2,1.3,0.9090909090909091,0.9,1.5,0.9090909090909091,1.2727272727272727,0.3333333333333333,0.38095238095238093,0.5047619047619047,12.33493626402165,12.475447830770602,4.245588315049165,12.548505097991866,2.424159176649579,-0.14051156674895351,2.0,3.0,0.0,7.0,5.0,1.8,1.1355932203389831,0.9152542372881356,1.2203389830508475,1.4,1.0,1.206896551724138,1.0666666666666667,1.1724137931034482,1.4137931034482758,0.6666666666666666,1.0333333333333334,0.288135593220339,0.3898305084745763,0.6644067796610169,12.499095110389504,12.350887454376544,4.309096029067583,12.566620168383578,2.380252699882476,0.14820765601296204
laliga-2024-2025-02-01-getafe-v-sevilla,2025-02-01,2024,Getafe,Sevilla,0,0,1,0.4166666666666667,0.0,379.3296978893749,6,7,999,0,1.0,0,999,0,1.0,0,0,0,2.0,1.0,2.0,6.0,4.0,1.4,1.11864406779661,1.0,1.2033898305084745,1.2,0.8,1.4666666666666666,0.7586206896551724,0.9666666666666667,0.9333333333333333,1.0344827586206897,1.4827586206896552,0.2711864406779661,0.4067796610169492,0.28135593220338984,12.33493626402165,12.475447830770602,4.245588315049165,12.548505097991866,2.424159176649579,-0.14051156674895351,2.0,2.0,1.0,7.0,7.0,1.6,1.152542372881356,1.2203389830508475,1.423728813559322,1.4,1.4,1.3666666666666667,0.9310344827586207,1.2333333333333334,1.2333333333333334,1.206896551724138,1.6206896551724137,0.23728813559322035,0.23728813559322035,0.4474576271186441,12.499095110389504,12.350887454376544,4.309096029067583,12.566620168383578,2.380252699882476,0.14820765601296204
laliga-2024-2025-02-01-villarreal-v-valladolid,2025-02-01,2024,Villarreal,Valladolid,5,1,2,1.0,0.0,432.750715206588,7,7,999,0,1.0,0,999,0,1.0,0,0,0,2.0,2.0,1.0,11.0,5.0,1.6,1.4745762711864407,1.7627118644067796,1.6440677966101696,2.2,1.0,1.4482758620689655,1.5,2.0,1.6896551724137931,1.5333333333333334,1.6,0.13559322033898305,0.11864406779661017,0.12542372881355934,12.33493626402165,12.475447830770602,4.245588315049165,12.548505097991866,2.424159176649579,-0.14051156674895351,2.0,0.0,3.0,3.0,8.0,1.2,0.7142857142857143,0.6666666666666666,2.0,0.6,1.6,1.0909090909090908,0.3,0.6363636363636364,1.3636363636363635,0.7,2.7,0.23809523809523808,0.42857142857142855,0.48571428571428565,12.499095110389504,12.350887454376544,4.309096029067583,12.566620168383578,2.380252699882476,0.14820765601296204
laliga-2024-2025-02-01-ath-madrid-v-mallorca,2025-02-01,2024,Ath Madrid,Mallorca,2,0,2,0.9166666666666666,0.0,538.6573715639815,7,7,999,0,1.0,0,999,0,1.0,0,0,0,3.0,1.0,1.0,5.0,3.0,2.0,2.0508474576271185,1.7796610169491525,0.9661016949152542,1.0,0.6,2.533333333333333,1.5517241379310345,2.1,0.9666666666666667,1.4482758620689655,0.9655172413793104,0.3898305084745763,0.1864406779661017,-0.05084745762711851,12.33493626402165,12.475447830770602,4.245588315049165,12.548505097991866,2.424159176649579,-0.14051156674895351,2.0,0.0,3.0,3.0,8.0,1.2,1.1864406779661016,0.8813559322033898,1.1864406779661016,0.6,1.6,1.3666666666666667,1.0,0.8666666666666667,0.9333333333333333,0.896551724137931,1.4482758620689655,0.2711864406779661,0.3898305084745763,0.013559322033898313,12.499095110389504,12.350887454376544,4.309096029067583,12.566620168383578,2.380252699882476,0.14820765601296204
laliga-2024-2025-02-01-espanyol-v-real-madrid,2025-02-01,2024,Espanyol,Real Madrid,1,0,2,0.2,0.0,494.3576417774644,7,7,999,0,1.0,0,999,0,1.0,0,0,0,1.0,3.0,1.0,5.0,5.0,1.2,0.9523809523809523,0.9523809523809523,1.5714285714285714,1.0,1.0,1.6363636363636365,0.2,1.3636363636363635,1.1818181818181819,0.5,2.0,0.09523809523809523,0.38095238095238093,0.24761904761904763,12.33493626402165,12.475447830770602,4.245588315049165,12.548505097991866,2.424159176649579,-0.14051156674895351,4.0,1.0,0.0,16.0,7.0,2.6,2.440677966101695,2.3220338983050848,0.7796610169491526,3.2,1.4,2.689655172413793,2.2,2.6206896551724137,0.6551724137931034,2.033333333333333,0.9,0.5084745762711864,0.05084745762711865,0.15932203389830502,12.499095110389504,12.350887454376544,4.309096029067583,12.566620168383578,2.380252699882476,0.14820765601296204
laliga-2024-2025-02-02-barcelona-v-alaves,2025-02-02,2024,Barcelona,Alaves,1,0,2,0.8333333333333334,0.0,427.6700354261175,7,6,999,0,1.0,0,999,0,1.0,0,0,0,1.0,2.0,2.0,11.0,7.0,1.0,2.152542372881356,2.3389830508474576,1.152542372881356,2.2,1.4,2.2857142857142856,2.032258064516129,2.5,1.0714285714285714,2.193548387096774,1.2258064516129032,0.3559322033898305,0.06779661016949153,-1.152542372881356,12.33493626402165,12.475447830770602,4.245588315049165,12.548505097991866,2.424159176649579,-0.14051156674895351,1.0,3.0,1.0,7.0,6.0,1.2,1.1355932203389831,1.0338983050847457,1.3389830508474576,1.4,1.2,1.5172413793103448,0.7666666666666667,1.1379310344827587,1.0344827586206897,0.9333333333333333,1.6333333333333333,0.23728813559322035,0.3559322033898305,0.06440677966101682,12.499095110389504,12.350887454376544,4.309096029067583,12.566620168383578,2.380252699882476,0.14820765601296204
laliga-2024-2025-02-02-valencia-v-celta,2025-02-02,2024,Valencia,Celta,2,1,2,0.35714285714285715,0.0,766.2050813784058,7,6,999,0,1.0,0,999,0,1.0,0,0,0,1.0,2.0,2.0,6.0,12.0,1.0,1.1016949152542372,1.0169491525423728,1.3728813559322033,1.2,2.4,1.4482758620689655,0.7666666666666667,1.1724137931034482,0.9310344827586207,0.8666666666666667,1.8,0.288135593220339,0.3389830508474576,-0.10169491525423724,12.33493626402165,12.475447830770602,4.245588315049165,12.548505097991866,2.424159176649579,-0.14051156674895351,1.0,1.0,3.0,5.0,6.0,0.8,1.11864406779661,1.2881355932203389,1.5254237288135593,1.0,1.2,1.4666666666666666,0.7586206896551724,1.3,1.1333333333333333,1.2758620689655173,1.9310344827586208,0.1694915254237288,0.2711864406779661,-0.31864406779661003,12.499095110389504,12.350887454376544,4.309096029067583,12.566620168383578,2.380252699882476,0.14820765601296204
laliga-2024-2025-02-02-osasuna-v-real-sociedad,2025-02-02,2024,Osasuna,Real Sociedad,2,1,2,0.5833333333333334,0.0,62.37462492184042,9,7,999,0,1.0,0,999,0,1.0,0,0,0,0.0,3.0,2.0,3.0,5.0,0.6,1.2203389830508475,1.1864406779661016,1.4576271186440677,0.6,1.0,1.4,1.0344827586206897,1.2666666666666666,1.3666666666666667,1.103448275862069,1.5517241379310345,0.2542372881355932,0.2542372881355932,-0.6203389830508476,12.33493626402165,12.475447830770602,4.245588315049165,12.548505097991866,2.424159176649579,-0.14051156674895351,1.0,1.0,3.0,1.0,6.0,0.8,1.4915254237288136,1.152542372881356,0.9491525423728814,0.2,1.2,1.4666666666666666,1.5172413793103448,1.2,1.0666666666666667,1.103448275862069,0.8275862068965517,0.4406779661016949,0.3389830508474576,-0.6915254237288135,12.499095110389504,12.350887454376544,4.309096029067583,12.566620168383578,2.380252699882476,0.14820765601296204
laliga-2024-2025-02-02-betis-v-ath-bilbao,2025-02-02,2024,Betis,Ath Bilbao,2,2,1,0.3333333333333333,0.0,702.0918503555403,8,7,999,0,1.0,0,999,0,1.0,0,0,0,2.0,1.0,2.0,5.0,6.0,1.4,1.4406779661016949,1.2033898305084745,1.2033898305084745,1.0,1.2,1.7241379310344827,1.1666666666666667,1.4137931034482758,1.0689655172413792,1.0,1.3333333333333333,0.3050847457627119,0.22033898305084745,-0.04067796610169494,12.33493626402165,12.475447830770602,4.245588315049165,12.548505097991866,2.424159176649579,-0.14051156674895351,3.0,2.0,0.0,7.0,3.0,2.2,1.8305084745762712,1.5593220338983051,0.9322033898305084,1.4,0.6,2.1333333333333333,1.5172413793103448,1.9333333333333333,0.8333333333333334,1.1724137931034482,1.0344827586206897,0.4067796610169492,0.2033898305084746,0.369491525423729,12.499095110389504,12.350887454376544,4.309096029067583,12.566620168383578,2.380252699882476,0.14820765601296204
laliga-2024-2025-02-03-girona-v-las-palmas,2025-02-03,2024,Girona,Las Palmas,2,1,2,0.75,0.0,2260.302052877426,8,10,999,0,1.0,0,999,0,1.0,0,0,0,2.0,0.0,3.0,7.0,6.0,1.2,1.847457627118644,1.9322033898305084,1.271186440677966,1.4,1.2,2.1724137931034484,1.5333333333333334,2.4827586206896552,1.206896551724138,1.4,1.3333333333333333,0.3050847457627119,0.22033898305084745,-0.6474576271186441,12.33493626402165,12.475447830770602,4.245588315049165,12.548505097991866,2.424159176649579,-0.14051156674895351,1.0,2.0,2.0,4.0,7.0,1.0,1.0677966101694916,1.0,1.3728813559322033,0.8,1.4,1.2333333333333334,0.896551724137931,1.1333333333333333,1.1666666666666667,0.8620689655172413,1.5862068965517242,0.1864406779661017,0.3559322033898305,-0.06779661016949157,12.499095110389504,12.350887454376544,4.309096029067583,12.566620168383578,2.380252699882476,0.14820765601296204
laliga-2024-2025-02-07-rayo-vallecano-v-valladolid,2025-02-07,2024,Rayo Vallecano,Valladolid,1,0,2,1.0,0.0,165.6921172712807,7,6,999,0,1.0,0,999,0,1.0,0,0,0,3.0,2.0,0.0,7.0,4.0,2.2,1.1666666666666667,0.9166666666666666,1.2,1.4,0.8,1.206896551724138,1.1290322580645162,1.1724137931034482,1.4137931034482758,0.6774193548387096,1.0,0.3,0.38333333333333336,1.0333333333333334,12.33493626402165,12.475447830770602,4.245588315049165,12.548505097991866,2.424159176649579,-0.14051156674895351,1.0,0.0,4.0,3.0,13.0,0.6,0.6818181818181818,0.6818181818181818,2.1363636363636362,0.6,2.6,1.0909090909090908,0.2727272727272727,0.6363636363636364,1.3636363636363635,0.7272727272727273,2.909090909090909,0.22727272727272727,0.4090909090909091,-0.08181818181818179,12.499095110389504,12.350887454376544,4.309096029067583,12.566620168383578,2.380252699882476,0.14820765601296204
laliga-2024-2025-02-08-celta-v-betis,2025-02-08,2024,Celta,Betis,3,2,2,0.5833333333333334,0.0,586.5673239379203,6,6,999,0,1.0,0,999,0,1.0,0,0,0,1.0,1.0,3.0,6.0,7.0,0.8,1.1,1.2833333333333334,1.5333333333333334,1.2,1.4,1.4666666666666666,0.7333333333333333,1.3,1.1333333333333333,1.2666666666666666,1.9333333333333333,0.16666666666666666,0.26666666666666666,-0.30000000000000004,12.33493626402165,12.475447830770602,4.245588315049165,12.548505097991866,2.424159176649579,-0.14051156674895351,1.0,2.0,2.0,5.0,7.0,1.0,1.4333333333333333,1.2166666666666666,1.2166666666666666,1.0,1.4,1.7,1.1666666666666667,1.4333333333333333,1.1,1.0,1.3333333333333333,0.3,0.21666666666666667,-0.43333333333333335,12.499095110389504,12.350887454376544,4.309096029067583,12.566620168383578,2.380252699882476,0.14820765601296204
laliga-2024-2025-02-08-ath-bilbao-v-girona,2025-02-08,2024,Ath Bilbao,Girona,3,0,2,0.5,0.0,493.296941623452,6,5,999,0,1.0,0,999,0,1.0,0,0,0,2.0,3.0,0.0,7.0,5.0,1.8,1.8166666666666667,1.5666666666666667,0.95,1.4,1.0,2.1333333333333333,1.5,1.9333333333333333,0.8333333333333334,1.2,1.0666666666666667,0.4,0.2,-0.016666666666666607,12.33493626402165,12.475447830770602,4.245588315049165,12.548505097991866,2.424159176649579,-0.14051156674895351,3.0,0.0,2.0,8.0,5.0,1.8,1.8666666666666667,1.9333333333333333,1.2666666666666666,1.6,1.0,2.2,1.5333333333333334,2.466666666666667,1.2,1.4,1.3333333333333333,0.3,0.21666666666666667,-0.06666666666666665,12.499095110389504,12.350887454376544,4.309096029067583,12.566620168383578,2.380252699882476,0.14820765601296204
laliga-2024-2025-02-08-las-palmas-v-villarreal,2025-02-08,2024,Las Palmas,Villarreal,1,2,0,0.5,0.0,1927.5048195932598,5,7,999,0,1.0,0,999,0,1.0,0,0,0,1.0,1.0,3.0,5.0,9.0,0.8,1.05,1.0,1.3833333333333333,1.0,1.8,1.2333333333333334,0.8666666666666667,1.1333333333333333,1.1666666666666667,0.8666666666666667,1.6,0.18333333333333332,0.35,-0.25,12.33493626402165,12.475447830770602,4.245588315049165,12.548505097991866,2.424159176649579,-0.14051156674895351,3.0,1.0,1.0,15.0,5.0,2.0,1.5,1.8166666666666667,1.6333333333333333,3.0,1.0,1.5,1.5,2.1,1.6666666666666667,1.5333333333333334,1.6,0.13333333333333333,0.11666666666666667,0.5,12.499095110389504,12.350887454376544,4.309096029067583,12.566620168383578,2.380252699882476,0.14820765601296204
laliga-2024-2025-02-08-real-madrid-v-ath-madrid,2025-02-08,2024,Real Madrid,Ath Madrid,1,1,1,0.35714285714285715,0.0,7.738693239445262,7,7,999,0,1.0,0,999,0,1.0,0,0,0,4.0,0.0,1.0,13.0,5.0,2.4,2.4,2.283333333333333,0.7833333333333333,2.6,1.0,2.689655172413793,2.129032258064516,2.6206896551724137,0.6551724137931034,1.967741935483871,0.9032258064516129,0.5,0.06666666666666667,0.0,12.33493626402165,12.475447830770602,4.245588315049165,12.548505097991866,2.424159176649579,-0.14051156674895351,3.0,1.0,1.0,6.0,3.0,2.0,2.066666666666667,1.7833333333333334,0.95,1.2,0.6,2.5483870967741935,1.5517241379310345,2.096774193548387,0.9354838709677419,1.4482758620689655,0.9655172413793104,0.4,0.18333333333333332,-0.06666666666666687,12.499095110389504,12.350887454376544,4.309096029067583,12.566620168383578,2.380252699882476,0.14820765601296204
laliga-2024-2025-02-09-alaves-v-getafe,2025-02-09,2024,Alaves,Getafe,0,1,0,0.35714285714285715,0.0,295.24865506627265,7,8,999,0,1.0,0,999,0,1.0,0,0,0,1.0,2.0,2.0,6.0,6.0,1.0,1.1166666666666667,1.0166666666666666,1.3333333333333333,1.2,1.2,1.5172413793103448,0.7419354838709677,1.1379310344827587,1.0344827586206897,0.9032258064516129,1.6129032258064515,0.23333333333333334,0.36666666666666664,-0.1166666666666667,12.33493626402165,12.475447830770602,4.245588315049165,12.548505097991866,2.424159176649579,-0.14051156674895351,2.0,2.0,1.0,6.0,3.0,1.6,1.1166666666666667,0.9833333333333333,1.1833333333333333,1.2,0.6,1.4516129032258065,0.7586206896551724,0.9354838709677419,0.9032258064516129,1.0344827586206897,1.4827586206896552,0.2833333333333333,0.4166666666666667,0.4833333333333334,12.499095110389504,12.350887454376544,4.309096029067583,12.566620168383578,2.380252699882476,0.14820765601296204
laliga-2024-2025-02-09-valencia-v-leganes,2025-02-09,2024,Valencia,Leganes,2,0,2,0.75,0.0,304.3917453323691,7,9,999,0,1.0,0,999,0,1.0,0,0,0,2.0,1.0,2.0,6.0,11.0,1.4,1.1333333333333333,1.0333333333333334,1.3666666666666667,1.2,2.2,1.5,0.7666666666666667,1.2,0.9333333333333333,0.8666666666666667,1.8,0.2833333333333333,0.3333333333333333,0.2666666666666666,12.33493626402165,12.475447830770602,4.245588315049165,12.548505097991866,2.424159176649579,-0.14051156674895351,1.0,2.0,2.0,4.0,7.0,1.0,1.0454545454545454,0.8636363636363636,1.3636363636363635,0.8,1.4,1.1818181818181819,0.9090909090909091,0.8181818181818182,1.4545454545454546,0.9090909090909091,1.2727272727272727,0.3181818181818182,0.4090909090909091,-0.045454545454545414,12.499095110389504,12.350887454376544,4.309096029067583,12.566620168383578,2.380252699882476,0.14820765601296204
laliga-2024-2025-02-09-real-sociedad-v-espanyol,2025-02-09,2024,Real Sociedad,Espanyol,2,1,2,0.8,0.0,397.4372214183198,7,8,999,0,1.0,0,999,0,1.0,0,0,0,1.0,0.0,4.0,2.0,8.0,0.6,1.4666666666666666,1.15,0.9666666666666667,0.4,1.6,1.4666666666666666,1.4666666666666666,1.2,1.0666666666666667,1.1,0.8666666666666667,0.43333333333333335,0.3333333333333333,-0.8666666666666666,12.33493626402165,12.475447830770602,4.245588315049165,12.548505097991866,2.424159176649579,-0.14051156674895351,2.0,2.0,1.0,5.0,4.0,1.6,1.0454545454545454,0.9545454545454546,1.5,1.0,0.8,1.75,0.2,1.3333333333333333,1.0833333333333333,0.5,2.0,0.13636363636363635,0.36363636363636365,0.5545454545454547,12.499095110389504,12.350887454376544,4.309096029067583,12.566620168383578,2.380252699882476,0.14820765601296204
laliga-2024-2025-02-09-sevilla-v-barcelona,2025-02-09,2024,Sevilla,Barcelona,1,4,0,0.14285714285714285,0.0,825.2788120519293,8,7,999,0,1.0,0,999,0,1.0,0,0,0,1.0,3.0,1.0,6.0,7.0,1.2,1.15,1.2,1.4,1.2,1.4,1.3666666666666667,0.9333333333333333,1.2333333333333334,1.2333333333333334,1.1666666666666667,1.5666666666666667,0.25,0.25,0.050000000000000044,12.33493626402165,12.475447830770602,4.245588315049165,12.548505097991866,2.424159176649579,-0.14051156674895351,2.0,1.0,2.0,10.0,5.0,1.4,2.1666666666666665,2.316666666666667,1.1333333333333333,2.0,1.0,2.310344827586207,2.032258064516129,2.4482758620689653,1.0344827586206897,2.193548387096774,1.2258064516129032,0.36666666666666664,0.06666666666666667,-0.7666666666666666,12.499095110389504,12.350887454376544,4.309096029067583,12.566620168383578,2.380252699882476,0.14820765601296204
laliga-2024-2025-02-10-mallorca-v-osasuna,2025-02-10,2024,Mallorca,Osasuna,1,1,1,0.5,0.0,504.4820765819288,9,8,999,0,1.0,0,999,0,1.0,0,0,0,2.0,0.0,3.0,3.0,8.0,1.2,1.1666666666666667,0.8666666666666667,1.2,0.6,1.6,1.3666666666666667,0.9666666666666667,0.8666666666666667,0.9333333333333333,0.8666666666666667,1.4666666666666666,0.26666666666666666,0.4,0.033333333333333215,12.33493626402165,12.475447830770602,4.245588315049165,12.548505097991866,2.424159176649579,-0.14051156674895351,1.0,2.0,2.0,5.0,6.0,1.0,1.25,1.2,1.45,1.0,1.2,1.4516129032258065,1.0344827586206897,1.2903225806451613,1.3548387096774193,1.103448275862069,1.5517241379310345,0.25,0.25,-0.25,12.499095110389504,12.350887454376544,4.309096029067583,12.566620168383578,2.380252699882476,0.14820765601296204
laliga-2024-2025-02-14-girona-v-getafe,2025-02-14,2024,Girona,Getafe,1,2,0,0.4166666666666667,0.0,577.8817083166299,6,5,999,0,1.0,0,999,0,1.0,0,0,0,2.0,0.0,3.0,5.0,8.0,1.2,1.8360655737704918,1.901639344262295,1.2950819672131149,1.0,1.6,2.2,1.4838709677419355,2.466666666666667,1.2,1.3548387096774193,1.3870967741935485,0.29508196721311475,0.22950819672131148,-0.6360655737704919,12.33493626402165,12.475447830770602,4.245588315049165,12.548505097991866,2.424159176649579,-0.14051156674895351,3.0,2.0,0.0,7.0,2.0,2.2,1.1475409836065573,0.9836065573770492,1.1639344262295082,1.4,0.4,1.4516129032258065,0.8333333333333334,0.9354838709677419,0.9032258064516129,1.0333333333333334,1.4333333333333333,0.29508196721311475,0.4098360655737705,1.0524590163934429,12.499095110389504,12.350887454376544,4.309096029067583,12.566620168383578,2.380252699882476,0.14820765601296204
laliga-2024-2025-02-15-leganes-v-alaves,2025-02-15,2024,Leganes,Alaves,3,3,1,0.5,0.0,294.42217722281333,6,6,999,0,1.0,0,999,0,1.0,0,0,0,1.0,2.0,2.0,2.0,4.0,1.0,1.0,0.8260869565217391,1.391304347826087,0.4,0.8,1.1818181818181819,0.8333333333333334,0.8181818181818182,1.4545454545454546,0.8333333333333334,1.3333333333333333,0.30434782608695654,0.43478260869565216,0.0,12.33493626402165,12.475447830770602,4.245588315049165,12.548505097991866,2.424159176649579,-0.14051156674895351,1.0,1.0,3.0,4.0,5.0,0.8,1.098360655737705,1.0,1.3278688524590163,0.8,1.0,1.4666666666666666,0.7419354838709677,1.1,1.0333333333333334,0.9032258064516129,1.6129032258064515,0.22950819672131148,0.3770491803278688,-0.298360655737705,12.499095110389504,12.350887454376544,4.309096029067583,12.566620168383578,2.380252699882476,0.14820765601296204
laliga-2024-2025-02-15-osasuna-v-real-madrid,2025-02-15,2024,Osasuna,Real Madrid,1,1,1,0.25,0.0,311.41801620608675,5,7,999,0,1.0,0,999,0,1.0,0,0,0,1.0,3.0,1.0,5.0,5.0,1.2,1.2459016393442623,1.1967213114754098,1.4426229508196722,1.0,1.0,1.4516129032258065,1.0333333333333334,1.2903225806451613,1.3548387096774193,1.1,1.5333333333333334,0.2459016393442623,0.2459016393442623,-0.04590163934426239,12.33493626402165,12.475447830770602,4.245588315049165,12.548505097991866,2.424159176649579,-0.14051156674895351,3.0,1.0,1.0,10.0,4.0,2.0,2.377049180327869,2.262295081967213,0.7868852459016393,2.0,0.8,2.6333333333333333,2.129032258064516,2.566666666666667,0.6666666666666666,1.967741935483871,0.9032258064516129,0.4918032786885246,0.06557377049180328,-0.37704918032786905,12.499095110389504,12.350887454376544,4.309096029067583,12.566620168383578,2.380252699882476,0.14820765601296204
laliga-2024-2025-02-15-ath-madrid-v-celta,2025-02-15,2024,Ath Madrid,Celta,1,1,1,0.6666666666666666,0.0,472.3895555111108,7,7,999,0,1.0,0,999,0,1.0,0,0,0,2.0,2.0,1.0,5.0,3.0,1.6,2.0491803278688523,1.7704918032786885,0.9508196721311475,1.0,0.6,2.5483870967741935,1.5333333333333334,2.096774193548387,0.9354838709677419,1.4333333333333333,0.9666666666666667,0.39344262295081966,0.18032786885245902,-0.4491803278688522,12.33493626402165,12.475447830770602,4.245588315049165,12.548505097991866,2.424159176649579,-0.14051156674895351,1.0,1.0,3.0,7.0,9.0,0.8,1.1311475409836065,1.3114754098360655,1.540983606557377,1.4,1.8,1.5161290322580645,0.7333333333333333,1.3548387096774193,1.1612903225806452,1.2666666666666666,1.9333333333333333,0.16393442622950818,0.26229508196721313,-0.33114754098360644,12.499095110389504,12.350887454376544,4.309096029067583,12.566620168383578,2.380252699882476,0.14820765601296204
laliga-2024-2025-02-15-villarreal-v-valencia,2025-02-15,2024,Villarreal,Valencia,1,1,1,0.6666666666666666,0.0,57.10537617130791,7,6,999,0,1.0,0,999,0,1.0,0,0,0,3.0,1.0,1.0,12.0,4.0,2.0,1.5245901639344261,1.819672131147541,1.6229508196721312,2.4,0.8,1.5,1.5483870967741935,2.1,1.6666666666666667,1.5483870967741935,1.5806451612903225,0.13114754098360656,0.11475409836065574,0.47540983606557385,12.33493626402165,12.475447830770602,4.245588315049165,12.548505097991866,2.424159176649579,-0.14051156674895351,3.0,1.0,1.0,7.0,9.0,2.0,1.1639344262295082,1.0491803278688525,1.3442622950819672,1.4,1.8,1.5483870967741935,0.7666666666666667,1.2258064516129032,0.9032258064516129,0.8666666666666667,1.8,0.29508196721311475,0.32786885245901637,0.8360655737704918,12.499095110389504,12.350887454376544,4.309096029067583,12.566620168383578,2.380252699882476,0.14820765601296204
laliga-2024-2025-02-16-espanyol-v-ath-bilbao,2025-02-16,2024,Espanyol,Ath Bilbao,1,1,1,0.625,0.0,464.7887002243856,7,8,999,0,1.0,0,999,0,1.0,0,0,0,2.0,2.0,1.0,6.0,5.0,1.6,1.0,0.9565217391304348,1.5217391304347827,1.2,1.0,1.75,0.18181818181818182,1.3333333333333333,1.0833333333333333,0.5454545454545454,2.0,0.13043478260869565,0.34782608695652173,0.6000000000000001,12.33493626402165,12.475447830770602,4.245588315049165,12.548505097991866,2.424159176649579,-0.14051156674895351,3.0,2.0,0.0,9.0,4.0,2.2,1.8360655737704918,1.5901639344262295,0.9344262295081968,1.8,0.8,2.161290322580645,1.5,1.967741935483871,0.8064516129032258,1.2,1.0666666666666667,0.4098360655737705,0.19672131147540983,0.36393442622950833,12.499095110389504,12.350887454376544,4.309096029067583,12.566620168383578,2.380252699882476,0.14820765601296204
laliga-2024-2025-02-16-valladolid-v-sevilla,2025-02-16,2024,Valladolid,Sevilla,0,4,0,0.0,0.0,485.39958641597144,9,7,999,0,1.0,0,999,0,1.0,0,0,0,1.0,0.0,4.0,3.0,11.0,0.6,0.6521739130434783,0.6521739130434783,2.0869565217391304,0.6,2.2,1.0909090909090908,0.25,0.6363636363636364,1.3636363636363635,0.6666666666666666,2.75,0.21739130434782608,0.43478260869565216,-0.05217391304347829,12.33493626402165,12.475447830770602,4.245588315049165,12.548505097991866,2.424159176649579,-0.14051156674895351,1.0,3.0,1.0,5.0,7.0,1.2,1.1311475409836065,1.1967213114754098,1.4426229508196722,1.0,1.4,1.3225806451612903,0.9333333333333333,1.2258064516129032,1.3225806451612903,1.1666666666666667,1.5666666666666667,0.2459016393442623,0.2459016393442623,0.06885245901639347,12.499095110389504,12.350887454376544,4.309096029067583,12.566620168383578,2.380252699882476,0.14820765601296204
laliga-2024-2025-02-16-mallorca-v-las-palmas,2025-02-16,2024,Mallorca,Las Palmas,3,1,2,0.875,0.0,2095.787048048695,6,8,999,0,1.0,0,999,0,1.0,0,0,0,1.0,1.0,3.0,2.0,8.0,0.8,1.1639344262295082,0.8688524590163934,1.1967213114754098,0.4,1.6,1.3548387096774193,0.9666666666666667,0.8709677419354839,0.9354838709677419,0.8666666666666667,1.4666666666666666,0.26229508196721313,0.39344262295081966,-0.3639344262295081,12.33493626402165,12.475447830770602,4.245588315049165,12.548505097991866,2.424159176649579,-0.14051156674895351,0.0,1.0,4.0,5.0,11.0,0.2,1.0327868852459017,1.0,1.3934426229508197,1.0,2.2,1.1935483870967742,0.8666666666666667,1.1290322580645162,1.1935483870967742,0.8666666666666667,1.6,0.18032786885245902,0.3442622950819672,-0.8327868852459017,12.499095110389504,12.350887454376544,4.309096029067583,12.566620168383578,2.380252699882476,0.14820765601296204
laliga-2024-2025-02-16-betis-v-real-sociedad,2025-02-16,2024,Betis,Real Sociedad,3,0,2,0.5714285714285714,0.0,739.794439118782,8,7,999,0,1.0,0,999,0,1.0,0,0,0,1.0,1.0,3.0,6.0,9.0,0.8,1.4098360655737705,1.2295081967213115,1.2459016393442623,1.2,1.8,1.7,1.1290322580645162,1.4333333333333333,1.1,1.032258064516129,1.3870967741935485,0.29508196721311475,0.21311475409836064,-0.6098360655737705,12.33493626402165,12.475447830770602,4.245588315049165,12.548505097991866,2.424159176649579,-0.14051156674895351,2.0,0.0,3.0,4.0,7.0,1.2,1.4918032786885247,1.1639344262295082,0.9672131147540983,0.8,1.4,1.5161290322580645,1.4666666666666666,1.2258064516129032,1.064516129032258,1.1,0.8666666666666667,0.4262295081967213,0.32786885245901637,-0.29180327868852474,12.499095110389504,12.350887454376544,4.309096029067583,12.566620168383578,2.380252699882476,0.14820765601296204
laliga-2024-2025-02-17-barcelona-v-rayo-vallecano,2025-02-17,2024,Barcelona,Rayo Vallecano,1,0,2,0.8571428571428571,0.0,498.31165744106266,8,10,999,0,1.0,0,999,0,1.0,0,0,0,3.0,1.0,1.0,14.0,5.0,2.0,2.180327868852459,2.3442622950819674,1.1311475409836065,2.8,1.0,2.310344827586207,2.0625,2.4482758620689653,1.0344827586206897,2.25,1.21875,0.36065573770491804,0.06557377049180328,-0.180327868852459,12.33493626402165,12.475447830770602,4.245588315049165,12.548505097991866,2.424159176649579,-0.14051156674895351,4.0,1.0,0.0,7.0,3.0,2.6,1.1967213114754098,0.9180327868852459,1.180327868852459,1.4,0.6,1.2666666666666666,1.1290322580645162,1.1666666666666667,1.3666666666666667,0.6774193548387096,1.0,0.3114754098360656,0.3770491803278688,1.4032786885245903,12.499095110389504,12.350887454376544,4.309096029067583,12.566620168383578,2.380252699882476,0.14820765601296204
laliga-2024-2025-02-21-celta-v-osasuna,2025-02-21,2024,Celta,Osasuna,1,0,2,0.42857142857142855,0.0,585.7167771181677,6,6,999,0,1.0,0,999,0,1.0,0,0,0,1.0,2.0,2.0,7.0,8.0,1.0,1.1290322580645162,1.3064516129032258,1.532258064516129,1.4,1.6,1.5161290322580645,0.7419354838709677,1.3548387096774193,1.1612903225806452,1.2580645161290323,1.903225806451613,0.16129032258064516,0.25806451612903225,-0.12903225806451624,12.33493626402165,12.475447830770602,4.245588315049165,12.548505097991866,2.424159176649579,-0.14051156674895351,1.0,4.0,0.0,6.0,5.0,1.4,1.2419354838709677,1.1935483870967742,1.435483870967742,1.2,1.0,1.4375,1.0333333333333334,1.28125,1.34375,1.1,1.5333333333333334,0.24193548387096775,0.24193548387096775,0.15806451612903216,12.499095110389504,12.350887454376544,4.309096029067583,12.566620168383578,2.380252699882476,0.14820765601296204
laliga-2024-2025-02-22-alaves-v-espanyol,2025-02-22,2024,Alaves,Espanyol,0,1,0,0.5,0.0,425.8463908501317,7,6,999,0,1.0,0,999,0,1.0,0,0,0,1.0,2.0,2.0,7.0,7.0,1.0,1.096774193548387,1.032258064516129,1.3548387096774193,1.4,1.4,1.4666666666666666,0.75,1.1,1.0333333333333334,0.96875,1.65625,0.22580645161290322,0.3709677419354839,-0.09677419354838701,12.33493626402165,12.475447830770602,4.245588315049165,12.548505097991866,2.424159176649579,-0.14051156674895351,2.0,2.0,1.0,6.0,5.0,1.6,1.0,0.9583333333333334,1.5,1.2,1.0,1.6923076923076923,0.18181818181818182,1.3076923076923077,1.0769230769230769,0.5454545454545454,2.0,0.125,0.3333333333333333,0.6000000000000001,12.499095110389504,12.350887454376544,4.309096029067583,12.566620168383578,2.380252699882476,0.14820765601296204
laliga-2024-2025-02-22-rayo-vallecano-v-villarreal,2025-02-22,2024,Rayo Vallecano,Villarreal,0,1,0,0.3333333333333333,0.0,306.1113784234836,5,7,999,0,1.0,0,999,0,1.0,0,0,0,3.0,1.0,1.0,5.0,3.0,2.0,1.1774193548387097,0.9032258064516129,1.1774193548387097,1.0,0.6,1.2666666666666666,1.09375,1.1666666666666667,1.3666666666666667,0.65625,1.0,0.3064516129032258,0.3870967741935484,0.8225806451612903,12.33493626402165,12.475447830770602,4.245588315049165,12.548505097991866,2.424159176649579,-0.14051156674895351,3.0,2.0,0.0,13.0,4.0,2.2,1.5161290322580645,1.8064516129032258,1.6129032258064515,2.6,0.8,1.4838709677419355,1.5483870967741935,2.064516129032258,1.6451612903225807,1.5483870967741935,1.5806451612903225,0.12903225806451613,0.11290322580645161,0.6838709677419357,12.499095110389504,12.350887454376544,4.309096029067583,12.566620168383578,2.380252699882476,0.14820765601296204
laliga-2024-2025-02-22-valencia-v-ath-madrid,2025-02-22,2024,Valencia,Ath Madrid,0,3,0,0.16666666666666666,0.0,294.86048250440695,7,7,999,0,1.0,0,999,0,1.0,0,0,0,3.0,1.0,1.0,7.0,9.0,2.0,1.1612903225806452,1.0483870967741935,1.3387096774193548,1.4,1.8,1.5483870967741935,0.7741935483870968,1.2258064516129032,0.9032258064516129,0.8709677419354839,1.7741935483870968,0.2903225806451613,0.3225806451612903,0.8387096774193548,12.33493626402165,12.475447830770602,4.245588315049165,12.548505097991866,2.424159176649579,-0.14051156674895351,1.0,3.0,1.0,5.0,4.0,1.2,2.032258064516129,1.7580645161290323,0.9516129032258065,1.0,0.8,2.5,1.5333333333333334,2.0625,0.9375,1.4333333333333333,0.9666666666666667,0.3870967741935484,0.1774193548387097,-0.832258064516129,12.499095110389504,12.350887454376544,4.309096029067583,12.566620168383578,2.380252699882476,0.14820765601296204
laliga-2024-2025-02-22-las-palmas-v-barcelona,2025-02-22,2024,Las Palmas,Barcelona,0,2,0,0.25,0.0,2174.1902239797873,6,5,999,0,1.0,0,999,0,1.0,0,0,0,0.0,1.0,4.0,5.0,12.0,0.2,1.0161290322580645,1.0,1.4193548387096775,1.0,2.4,1.1935483870967742,0.8387096774193549,1.1290322580645162,1.1935483870967742,0.8709677419354839,1.6451612903225807,0.1774193548387097,0.3387096774193548,-0.8161290322580645,12.33493626402165,12.475447830770602,4.245588315049165,12.548505097991866,2.424159176649579,-0.14051156674895351,4.0,1.0,0.0,14.0,3.0,2.6,2.193548387096774,2.3225806451612905,1.1129032258064515,2.8,0.6,2.3333333333333335,2.0625,2.4,1.0,2.25,1.21875,0.3709677419354839,0.06451612903225806,0.40645161290322607,12.499095110389504,12.350887454376544,4.309096029067583,12.566620168383578,2.380252699882476,0.14820765601296204
laliga-2024-2025-02-23-ath-bilbao-v-valladolid,2025-02-23,2024,Ath Bilbao,Valladolid,7,1,2,0.75,0.0,231.96891235633987,7,7,999,0,1.0,0,999,0,1.0,0,0,0,2.0,3.0,0.0,8.0,4.0,1.8,1.8225806451612903,1.5806451612903225,0.9354838709677419,1.6,0.8,2.161290322580645,1.4838709677419355,1.967741935483871,0.8064516129032258,1.1935483870967742,1.064516129032258,0.4032258064516129,0.1935483870967742,-0.022580645161290214,12.33493626402165,12.475447830770602,4.245588315049165,12.548505097991866,2.424159176649579,-0.14051156674895351,0.0,0.0,5.0,2.0,15.0,0.0,0.625,0.625,2.1666666666666665,0.4,3.0,1.0,0.25,0.5833333333333334,1.5833333333333333,0.6666666666666666,2.75,0.20833333333333334,0.4583333333333333,-0.625,12.499095110389504,12.350887454376544,4.309096029067583,12.566620168383578,2.380252699882476,0.14820765601296204
laliga-2024-2025-02-23-real-madrid-v-girona,2025-02-23,2024,Real Madrid,Girona,2,0,2,0.8333333333333334,0.0,570.2574832021476,8,9,999,0,1.0,0,999,0,1.0,0,0,0,2.0,2.0,1.0,9.0,4.0,1.6,2.3548387096774195,2.2419354838709675,0.7903225806451613,1.8,0.8,2.6333333333333333,2.09375,2.566666666666667,0.6666666666666666,1.9375,0.90625,0.4838709677419355,0.06451612903225806,-0.7548387096774194,12.33493626402165,12.475447830770602,4.245588315049165,12.548505097991866,2.424159176649579,-0.14051156674895351,1.0,0.0,4.0,5.0,10.0,0.6,1.8064516129032258,1.8870967741935485,1.3064516129032258,1.0,2.0,2.129032258064516,1.4838709677419355,2.4193548387096775,1.2258064516129032,1.3548387096774193,1.3870967741935485,0.2903225806451613,0.22580645161290322,-1.206451612903226,12.499095110389504,12.350887454376544,4.309096029067583,12.566620168383578,2.380252699882476,0.14820765601296204
laliga-2024-2025-02-23-getafe-v-betis,2025-02-23,2024,Getafe,Betis,1,2,0,0.2857142857142857,0.0,379.3296978893749,9,7,999,0,1.0,0,999,0,1.0,0,0,0,3.0,2.0,0.0,7.0,2.0,2.2,1.1774193548387097,1.0,1.1612903225806452,1.4,0.4,1.4516129032258065,0.9032258064516129,0.9354838709677419,0.9032258064516129,1.064516129032258,1.4193548387096775,0.2903225806451613,0.4032258064516129,1.0225806451612904,12.33493626402165,12.475447830770602,4.245588315049165,12.548505097991866,2.424159176649579,-0.14051156674895351,2.0,1.0,2.0,9.0,8.0,1.4,1.435483870967742,1.2580645161290323,1.2258064516129032,1.8,1.6,1.7419354838709677,1.1290322580645162,1.4838709677419355,1.064516129032258,1.032258064516129,1.3870967741935485,0.3064516129032258,0.20967741935483872,-0.03548387096774208,12.499095110389504,12.350887454376544,4.309096029067583,12.566620168383578,2.380252699882476,0.14820765601296204
laliga-2024-2025-02-23-real-sociedad-v-leganes,2025-02-23,2024,Real Sociedad,Leganes,3,0,2,1.0,0.0,362.3846839943588,7,8,999,0,1.0,0,999,0,1.0,0,0,0,1.0,0.0,4.0,3.0,10.0,0.6,1.467741935483871,1.1451612903225807,1.0,0.6,2.0,1.5161290322580645,1.4193548387096775,1.2258064516129032,1.064516129032258,1.064516129032258,0.9354838709677419,0.41935483870967744,0.3387096774193548,-0.867741935483871,12.33493626402165,12.475447830770602,4.245588315049165,12.548505097991866,2.424159176649579,-0.14051156674895351,1.0,2.0,2.0,4.0,6.0,1.0,1.0,0.9166666666666666,1.4583333333333333,0.8,1.2,1.1666666666666667,0.8333333333333334,1.0,1.5833333333333333,0.8333333333333334,1.3333333333333333,0.2916666666666667,0.4166666666666667,0.0,12.499095110389504,12.350887454376544,4.309096029067583,12.566620168383578,2.380252699882476,0.14820765601296204
laliga-2024-2025-02-24-sevilla-v-mallorca,2025-02-24,2024,Sevilla,Mallorca,1,1,1,0.3333333333333333,0.0,787.3887957067963,8,8,999,0,1.0,0,999,0,1.0,0,0,0,2.0,2.0,1.0,8.0,6.0,1.6,1.1612903225806452,1.2419354838709677,1.4193548387096775,1.6,1.2,1.3225806451612903,1.0,1.2258064516129032,1.3225806451612903,1.2580645161290323,1.5161290322580645,0.25806451612903225,0.24193548387096775,0.43870967741935485,12.33493626402165,12.475447830770602,4.245588315049165,12.548505097991866,2.424159176649579,-0.14051156674895351,1.0,1.0,3.0,4.0,9.0,0.8,1.1935483870967742,0.9032258064516129,1.1935483870967742,0.8,1.8,1.40625,0.9666666666666667,0.9375,0.9375,0.8666666666666667,1.4666666666666666,0.25806451612903225,0.3870967741935484,-0.3935483870967742,12.499095110389504,12.350887454376544,4.309096029067583,12.566620168383578,2.380252699882476,0.14820765601296204
laliga-2024-2025-02-28-valladolid-v-las-palmas,2025-02-28,2024,Valladolid,Las Palmas,1,1,1,0.25,0.0,1792.4881770540476,5,6,999,0,1.0,0,999,0,1.0,0,0,0,0.0,0.0,5.0,2.0,20.0,0.0,0.6,0.64,2.36,0.4,4.0,1.0,0.23076923076923078,0.5833333333333334,1.5833333333333333,0.6923076923076923,3.076923076923077,0.2,0.44,-0.6,12.33493626402165,12.475447830770602,4.245588315049165,12.548505097991866,2.424159176649579,-0.14051156674895351,0.0,1.0,4.0,4.0,10.0,0.2,1.0,0.9841269841269841,1.4285714285714286,0.8,2.0,1.15625,0.8387096774193549,1.09375,1.21875,0.8709677419354839,1.6451612903225807,0.1746031746031746,0.3492063492063492,-0.8,12.499095110389504,12.350887454376544,4.309096029067583,12.566620168383578,2.380252699882476,0.14820765601296204
laliga-2024-2025-03-01-girona-v-celta,2025-03-01,2024,Girona,Celta,2,2,1,0.5833333333333334,0.0,953.6815245381418,6,8,999,0,1.0,0,999,0,1.0,0,0,0,1.0,0.0,4.0,4.0,10.0,0.6,1.7777777777777777,1.8571428571428572,1.3174603174603174,0.8,2.0,2.129032258064516,1.4375,2.4193548387096775,1.2258064516129032,1.3125,1.40625,0.2857142857142857,0.23809523809523808,-1.1777777777777776,12.33493626402165,12.475447830770602,4.245588315049165,12.548505097991866,2.424159176649579,-0.14051156674895351,2.0,2.0,1.0,7.0,6.0,1.6,1.1587301587301588,1.3015873015873016,1.507936507936508,1.4,1.2,1.5625,0.7419354838709677,1.34375,1.125,1.2580645161290323,1.903225806451613,0.1746031746031746,0.25396825396825395,0.44126984126984126,12.499095110389504,12.350887454376544,4.309096029067583,12.566620168383578,2.380252699882476,0.14820765601296204
laliga-2024-2025-03-01-rayo-vallecano-v-sevilla,2025-03-01,2024,Rayo Vallecano,Sevilla,1,1,1,0.21428571428571427,0.0,389.6758738843053,7,5,999,0,1.0,0,999,0,1.0,0,0,0,3.0,0.0,2.0,4.0,3.0,1.8,1.1587301587301588,0.8888888888888888,1.1746031746031746,0.8,0.6,1.2258064516129032,1.09375,1.1290322580645162,1.3548387096774193,0.65625,1.0,0.30158730158730157,0.3968253968253968,0.6412698412698412,12.33493626402165,12.475447830770602,4.245588315049165,12.548505097991866,2.424159176649579,-0.14051156674895351,1.0,3.0,1.0,7.0,6.0,1.2,1.1587301587301588,1.2380952380952381,1.4126984126984128,1.4,1.2,1.3125,1.0,1.21875,1.3125,1.2580645161290323,1.5161290322580645,0.25396825396825395,0.23809523809523808,0.04126984126984112,12.499095110389504,12.350887454376544,4.309096029067583,12.566620168383578,2.380252699882476,0.14820765601296204
laliga-2024-2025-03-01-betis-v-real-madrid,2025-03-01,2024,Betis,Real Madrid,2,1,2,0.5,0.0,394.25599339659567,6,6,999,0,1.0,0,999,0,1.0,0,0,0,3.0,1.0,1.0,10.0,6.0,2.0,1.4603174603174602,1.2698412698412698,1.2222222222222223,2.0,1.2,1.7419354838709677,1.1875,1.4838709677419355,1.064516129032258,1.0625,1.375,0.30158730158730157,0.20634920634920634,0.5396825396825398,12.33493626402165,12.475447830770602,4.245588315049165,12.548505097991866,2.424159176649579,-0.14051156674895351,2.0,2.0,1.0,7.0,3.0,1.6,2.365079365079365,2.238095238095238,0.7777777777777778,1.4,0.6,2.6451612903225805,2.09375,2.5483870967741935,0.6451612903225806,1.9375,0.90625,0.49206349206349204,0.06349206349206349,-0.765079365079365,12.499095110389504,12.350887454376544,4.309096029067583,12.566620168383578,2.380252699882476,0.14820765601296204
laliga-2024-2025-03-01-ath-madrid-v-ath-bilbao,2025-03-01,2024,Ath Madrid,Ath Bilbao,1,0,2,0.5714285714285714,0.0,318.9219671527912,7,6,999,0,1.0,0,999,0,1.0,0,0,0,2.0,3.0,0.0,8.0,3.0,1.8,2.0476190476190474,1.7777777777777777,0.9365079365079365,1.6,0.6,2.5,1.5806451612903225,2.0625,0.9375,1.4838709677419355,0.9354838709677419,0.3968253968253968,0.1746031746031746,-0.2476190476190474,12.33493626402165,12.475447830770602,4.245588315049165,12.548505097991866,2.424159176649579,-0.14051156674895351,2.0,3.0,0.0,13.0,4.0,1.8,1.8412698412698412,1.6666666666666667,0.9365079365079365,2.6,0.8,2.1875,1.4838709677419355,2.125,0.8125,1.1935483870967742,1.064516129032258,0.3968253968253968,0.19047619047619047,-0.04126984126984112,12.499095110389504,12.350887454376544,4.309096029067583,12.566620168383578,2.380252699882476,0.14820765601296204
laliga-2024-2025-03-02-leganes-v-getafe,2025-03-02,2024,Leganes,Getafe,1,0,2,0.75,0.0,4.937829142322468,7,7,999,0,1.0,0,999,0,1.0,0,0,0,0.0,2.0,3.0,3.0,9.0,0.4,0.96,0.88,1.52,0.6,1.8,1.1666666666666667,0.7692307692307693,1.0,1.5833333333333333,0.7692307692307693,1.4615384615384615,0.28,0.44,-0.5599999999999999,12.33493626402165,12.475447830770602,4.245588315049165,12.548505097991866,2.424159176649579,-0.14051156674895351,3.0,1.0,1.0,7.0,3.0,2.0,1.1587301587301588,1.0,1.1746031746031746,1.4,0.6,1.40625,0.9032258064516129,0.9375,0.9375,1.064516129032258,1.4193548387096775,0.2857142857142857,0.3968253968253968,0.8412698412698412,12.499095110389504,12.350887454376544,4.309096029067583,12.566620168383578,2.380252699882476,0.14820765601296204
laliga-2024-2025-03-02-barcelona-v-real-sociedad,2025-03-02,2024,Barcelona,Real Sociedad,4,0,2,0.6666666666666666,0.0,398.26320929668896,8,7,999,0,1.0,0,999,0,1.0,0,0,0,5.0,0.0,0.0,15.0,2.0,3.0,2.2063492063492065,2.3174603174603177,1.0952380952380953,3.0,0.4,2.3333333333333335,2.090909090909091,2.4,1.0,2.242424242424242,1.1818181818181819,0.38095238095238093,0.06349206349206349,0.7936507936507935,12.33493626402165,12.475447830770602,4.245588315049165,12.548505097991866,2.424159176649579,-0.14051156674895351,2.0,0.0,3.0,6.0,9.0,1.2,1.492063492063492,1.1746031746031746,0.9841269841269841,1.2,1.8,1.5625,1.4193548387096775,1.28125,1.03125,1.064516129032258,0.9354838709677419,0.42857142857142855,0.3333333333333333,-0.29206349206349214,12.499095110389504,12.350887454376544,4.309096029067583,12.566620168383578,2.380252699882476,0.14820765601296204
laliga-2024-2025-03-02-mallorca-v-alaves,2025-03-02,2024,Mallorca,Alaves,1,1,1,0.4166666666666667,0.0,572.5458847204633,6,8,999,0,1.0,0,999,0,1.0,0,0,0,1.0,2.0,2.0,5.0,6.0,1.0,1.1904761904761905,0.9047619047619048,1.1904761904761905,1.0,1.2,1.40625,0.967741935483871,0.9375,0.9375,0.8709677419354839,1.4516129032258065,0.25396825396825395,0.38095238095238093,-0.19047619047619047,12.33493626402165,12.475447830770602,4.245588315049165,12.548505097991866,2.424159176649579,-0.14051156674895351,0.0,2.0,3.0,4.0,7.0,0.4,1.0793650793650793,1.0158730158730158,1.3492063492063493,0.8,1.4,1.4193548387096775,0.75,1.064516129032258,1.032258064516129,0.96875,1.65625,0.2222222222222222,0.38095238095238093,-0.6793650793650793,12.499095110389504,12.350887454376544,4.309096029067583,12.566620168383578,2.380252699882476,0.14820765601296204
laliga-2024-2025-03-02-osasuna-v-valencia,2025-03-02,2024,Osasuna,Valencia,3,3,1,0.5,0.0,384.19801421511994,9,8,999,0,1.0,0,999,0,1.0,0,0,0,1.0,3.0,1.0,5.0,5.0,1.2,1.2222222222222223,1.1746031746031746,1.4285714285714286,1.0,1.0,1.4375,1.0,1.28125,1.34375,1.064516129032258,1.5161290322580645,0.23809523809523808,0.25396825396825395,-0.022222222222222365,12.33493626402165,12.475447830770602,4.245588315049165,12.548505097991866,2.424159176649579,-0.14051156674895351,2.0,1.0,2.0,6.0,12.0,1.4,1.1428571428571428,1.0317460317460319,1.3650793650793651,1.2,2.4,1.5,0.7741935483870968,1.1875,0.96875,0.8709677419354839,1.7741935483870968,0.2857142857142857,0.3333333333333333,0.2571428571428571,12.499095110389504,12.350887454376544,4.309096029067583,12.566620168383578,2.380252699882476,0.14820765601296204
laliga-2024-2025-03-08-alaves-v-villarreal,2025-03-08,2024,Alaves,Villarreal,1,0,2,0.5,0.0,387.54488649403754,6,14,999,0,1.0,0,999,0,1.0,0,0,0,0.0,2.0,3.0,4.0,7.0,0.4,1.078125,1.015625,1.34375,0.8,1.4,1.4193548387096775,0.7575757575757576,1.064516129032258,1.032258064516129,0.9696969696969697,1.6363636363636365,0.21875,0.375,-0.678125,12.33493626402165,12.475447830770602,4.245588315049165,12.548505097991866,2.424159176649579,-0.14051156674895351,3.0,2.0,0.0,10.0,4.0,2.2,1.5396825396825398,1.7936507936507937,1.5873015873015872,2.0,0.8,1.4838709677419355,1.59375,2.064516129032258,1.6451612903225807,1.53125,1.53125,0.14285714285714285,0.1111111111111111,0.6603174603174604,12.499095110389504,12.350887454376544,4.309096029067583,12.566620168383578,2.380252699882476,0.14820765601296204
laliga-2024-2025-03-08-valencia-v-valladolid,2025-03-08,2024,Valencia,Valladolid,2,1,2,0.5,0.0,439.691019521557,6,8,999,0,1.0,0,999,0,1.0,0,0,0,2.0,2.0,1.0,8.0,8.0,1.6,1.140625,1.0625,1.390625,1.6,1.6,1.5,0.78125,1.1875,0.96875,0.9375,1.8125,0.28125,0.328125,0.4593750000000001,12.33493626402165,12.475447830770602,4.245588315049165,12.548505097991866,2.424159176649579,-0.14051156674895351,0.0,1.0,4.0,3.0,18.0,0.2,0.6153846153846154,0.6538461538461539,2.3076923076923075,0.6,3.6,1.0,0.23076923076923078,0.6153846153846154,1.5384615384615385,0.6923076923076923,3.076923076923077,0.19230769230769232,0.4230769230769231,-0.4153846153846154,12.499095110389504,12.350887454376544,4.309096029067583,12.566620168383578,2.380252699882476,0.14820765601296204
laliga-2024-2025-03-08-celta-v-leganes,2025-03-08,2024,Celta,Leganes,2,1,2,0.5,0.0,465.39952143928986,7,6,999,0,1.0,0,999,0,1.0,0,0,0,2.0,2.0,1.0,8.0,7.0,1.6,1.15625,1.3125,1.515625,1.6,1.4,1.5625,0.75,1.34375,1.125,1.28125,1.90625,0.171875,0.25,0.4437500000000001,12.33493626402165,12.475447830770602,4.245588315049165,12.548505097991866,2.424159176649579,-0.14051156674895351,1.0,1.0,3.0,4.0,9.0,0.8,1.0384615384615385,0.8846153846153846,1.4615384615384615,0.8,1.8,1.3076923076923077,0.7692307692307693,1.0,1.4615384615384615,0.7692307692307693,1.4615384615384615,0.3076923076923077,0.4230769230769231,-0.2384615384615385,12.499095110389504,12.350887454376544,4.309096029067583,12.566620168383578,2.380252699882476,0.14820765601296204
laliga-2024-2025-03-09-getafe-v-ath-madrid,2025-03-09,2024,Getafe,Ath Madrid,2,1,2,0.25,0.0,17.339624482251377,7,8,999,0,1.0,0,999,0,1.0,0,0,0,2.0,1.0,2.0,4.0,4.0,1.4,1.140625,0.984375,1.171875,0.8,0.8,1.40625,0.875,0.9375,0.9375,1.03125,1.40625,0.28125,0.40625,0.2593749999999999,12.33493626402165,12.475447830770602,4.245588315049165,12.548505097991866,2.424159176649579,-0.14051156674895351,3.0,2.0,0.0,8.0,2.0,2.2,2.0625,1.765625,0.921875,1.6,0.4,2.515151515151515,1.5806451612903225,2.0303030303030303,0.9090909090909091,1.4838709677419355,0.9354838709677419,0.40625,0.171875,0.13750000000000018,12.499095110389504,12.350887454376544,4.309096029067583,12.566620168383578,2.380252699882476,0.14820765601296204
laliga-2024-2025-03-09-real-madrid-v-rayo-vallecano,2025-03-09,2024,Real Madrid,Rayo Vallecano,2,1,2,0.7142857142857143,0.0,7.346952001326216,8,8,999,0,1.0,0,999,0,1.0,0,0,0,1.0,2.0,2.0,5.0,5.0,1.0,2.328125,2.21875,0.796875,1.0,1.0,2.6451612903225805,2.0303030303030303,2.5483870967741935,0.6451612903225806,1.9090909090909092,0.9393939393939394,0.484375,0.0625,-1.328125,12.33493626402165,12.475447830770602,4.245588315049165,12.548505097991866,2.424159176649579,-0.14051156674895351,2.0,1.0,2.0,3.0,3.0,1.4,1.15625,0.890625,1.171875,0.6,0.6,1.21875,1.09375,1.125,1.34375,0.65625,1.0,0.296875,0.390625,0.2437499999999999,12.499095110389504,12.350887454376544,4.309096029067583,12.566620168383578,2.380252699882476,0.14820765601296204
laliga-2024-2025-03-09-ath-bilbao-v-mallorca,2025-03-09,2024,Ath Bilbao,Mallorca,1,1,1,0.5833333333333334,0.0,618.8154377441957,8,7,999,0,1.0,0,999,0,1.0,0,0,0,2.0,2.0,1.0,13.0,5.0,1.6,1.8125,1.640625,0.9375,2.6,1.0,2.1875,1.4375,2.125,0.8125,1.15625,1.0625,0.390625,0.203125,-0.2124999999999999,12.33493626402165,12.475447830770602,4.245588315049165,12.548505097991866,2.424159176649579,-0.14051156674895351,1.0,3.0,1.0,6.0,6.0,1.2,1.1875,0.90625,1.1875,1.2,1.2,1.393939393939394,0.967741935483871,0.9393939393939394,0.9393939393939394,0.8709677419354839,1.4516129032258065,0.25,0.375,0.012499999999999956,12.499095110389504,12.350887454376544,4.309096029067583,12.566620168383578,2.380252699882476,0.14820765601296204
laliga-2024-2025-03-09-betis-v-las-palmas,2025-03-09,2024,Betis,Las Palmas,1,0,2,0.75,0.0,1359.3686806165017,8,9,999,0,1.0,0,999,0,1.0,0,0,0,3.0,1.0,1.0,11.0,7.0,2.0,1.484375,1.28125,1.21875,2.2,1.4,1.78125,1.1875,1.5,1.0625,1.0625,1.375,0.296875,0.203125,0.515625,12.33493626402165,12.475447830770602,4.245588315049165,12.548505097991866,2.424159176649579,-0.14051156674895351,0.0,1.0,4.0,4.0,10.0,0.2,1.0,0.984375,1.421875,0.8,2.0,1.15625,0.84375,1.09375,1.21875,0.875,1.625,0.171875,0.34375,-0.8,12.499095110389504,12.350887454376544,4.309096029067583,12.566620168383578,2.380252699882476,0.14820765601296204
laliga-2024-2025-03-09-real-sociedad-v-sevilla,2025-03-09,2024,Real Sociedad,Sevilla,0,1,0,0.5,0.0,739.794439118782,7,8,999,0,1.0,0,999,0,1.0,0,0,0,2.0,0.0,3.0,6.0,10.0,1.2,1.46875,1.15625,1.03125,1.2,2.0,1.5625,1.375,1.28125,1.03125,1.03125,1.03125,0.421875,0.34375,-0.26875000000000004,12.33493626402165,12.475447830770602,4.245588315049165,12.548505097991866,2.424159176649579,-0.14051156674895351,1.0,3.0,1.0,7.0,6.0,1.2,1.15625,1.234375,1.40625,1.4,1.2,1.3125,1.0,1.21875,1.3125,1.25,1.5,0.25,0.234375,0.043749999999999956,12.499095110389504,12.350887454376544,4.309096029067583,12.566620168383578,2.380252699882476,0.14820765601296204
laliga-2024-2025-03-10-espanyol-v-girona,2025-03-10,2024,Espanyol,Girona,1,1,1,0.25,0.0,93.8050406612064,16,9,999,0,1.0,0,999,0,1.0,0,0,0,2.0,2.0,1.0,5.0,4.0,1.6,1.08,0.96,1.44,1.0,0.8,1.6923076923076923,0.4166666666666667,1.3076923076923077,1.0769230769230769,0.5833333333333334,1.8333333333333333,0.16,0.32,0.52,12.33493626402165,12.475447830770602,4.245588315049165,12.548505097991866,2.424159176649579,-0.14051156674895351,1.0,1.0,3.0,5.0,10.0,0.8,1.765625,1.859375,1.328125,1.0,2.0,2.09375,1.4375,2.40625,1.25,1.3125,1.40625,0.28125,0.234375,-0.965625,12.499095110389504,12.350887454376544,4.309096029067583,12.566620168383578,2.380252699882476,0.14820765601296204
laliga-2024-2025-03-14-las-palmas-v-alaves,2025-03-14,2024,Las Palmas,Alaves,2,2,1,0.5,0.0,2001.8149560179402,5,6,999,0,1.0,0,999,0,1.0,0,0,0,0.0,1.0,4.0,3.0,9.0,0.2,0.9846153846153847,0.9692307692307692,1.4153846153846155,0.6,1.8,1.15625,0.8181818181818182,1.09375,1.21875,0.8484848484848485,1.606060606060606,0.16923076923076924,0.35384615384615387,-0.7846153846153847,12.33493626402165,12.475447830770602,4.245588315049165,12.548505097991866,2.424159176649579,-0.14051156674895351,1.0,2.0,2.0,5.0,6.0,1.0,1.1076923076923078,1.0153846153846153,1.323076923076923,1.0,1.2,1.46875,0.7575757575757576,1.0625,1.0,0.9696969696969697,1.6363636363636365,0.23076923076923078,0.36923076923076925,-0.10769230769230775,12.499095110389504,12.350887454376544,4.309096029067583,12.566620168383578,2.380252699882476,0.14820765601296204
laliga-2024-2025-03-15-valladolid-v-celta,2025-03-15,2024,Valladolid,Celta,0,1,0,0.0,0.0,337.76588767457145,7,7,999,0,1.0,0,999,0,1.0,0,0,0,0.0,1.0,4.0,3.0,15.0,0.2,0.5925925925925926,0.6666666666666666,2.2962962962962963,0.6,3.0,1.0,0.21428571428571427,0.6153846153846154,1.5384615384615385,0.7142857142857143,3.0,0.18518518518518517,0.4074074074074074,-0.39259259259259255,12.33493626402165,12.475447830770602,4.245588315049165,12.548505097991866,2.424159176649579,-0.14051156674895351,3.0,2.0,0.0,9.0,6.0,2.2,1.1846153846153846,1.323076923076923,1.5076923076923077,1.8,1.2,1.606060606060606,0.75,1.3636363636363635,1.121212121212121,1.28125,1.90625,0.16923076923076924,0.24615384615384617,1.0153846153846156,12.499095110389504,12.350887454376544,4.309096029067583,12.566620168383578,2.380252699882476,0.14820765601296204
laliga-2024-2025-03-15-mallorca-v-espanyol,2025-03-15,2024,Mallorca,Espanyol,2,1,2,0.5,0.0,200.9300799560004,6,5,999,0,1.0,0,999,0,1.0,0,0,0,1.0,4.0,0.0,7.0,5.0,1.4,1.1846153846153846,0.9076923076923077,1.1846153846153846,1.4,1.0,1.393939393939394,0.96875,0.9393939393939394,0.9393939393939394,0.875,1.4375,0.24615384615384617,0.36923076923076925,0.21538461538461529,12.33493626402165,12.475447830770602,4.245588315049165,12.548505097991866,2.424159176649579,-0.14051156674895351,2.0,2.0,1.0,5.0,4.0,1.6,1.0769230769230769,0.9615384615384616,1.4230769230769231,1.0,0.8,1.6428571428571428,0.4166666666666667,1.2857142857142858,1.0714285714285714,0.5833333333333334,1.8333333333333333,0.15384615384615385,0.3076923076923077,0.5230769230769232,12.499095110389504,12.350887454376544,4.309096029067583,12.566620168383578,2.380252699882476,0.14820765601296204
laliga-2024-2025-03-15-villarreal-v-real-madrid,2025-03-15,2024,Villarreal,Real Madrid,1,2,0,0.08333333333333333,0.0,309.67389331564664,7,6,999,0,1.0,0,999,0,1.0,0,0,0,3.0,1.0,1.0,9.0,4.0,2.0,1.515625,1.765625,1.578125,1.8,0.8,1.4838709677419355,1.5454545454545454,2.064516129032258,1.6451612903225807,1.4848484848484849,1.5151515151515151,0.140625,0.125,0.484375,12.33493626402165,12.475447830770602,4.245588315049165,12.548505097991866,2.424159176649579,-0.14051156674895351,2.0,2.0,1.0,7.0,5.0,1.6,2.3384615384615386,2.2153846153846155,0.8,1.4,1.0,2.65625,2.0303030303030303,2.53125,0.65625,1.9090909090909092,0.9393939393939394,0.47692307692307695,0.06153846153846154,-0.7384615384615385,12.499095110389504,12.350887454376544,4.309096029067583,12.566620168383578,2.380252699882476,0.14820765601296204
laliga-2024-2025-03-15-girona-v-valencia,2025-03-15,2024,Girona,Valencia,1,1,1,0.5833333333333334,0.0,387.4286140921075,5,7,999,0,1.0,0,999,0,1.0,0,0,0,0.0,2.0,3.0,4.0,10.0,0.4,1.7538461538461538,1.8461538461538463,1.323076923076923,0.8,2.0,2.09375,1.4242424242424243,2.40625,1.25,1.303030303030303,1.393939393939394,0.27692307692307694,0.23076923076923078,-1.353846153846154,12.33493626402165,12.475447830770602,4.245588315049165,12.548505097991866,2.424159176649579,-0.14051156674895351,2.0,2.0,1.0,8.0,8.0,1.6,1.1692307692307693,1.0769230769230769,1.3846153846153846,1.6,1.6,1.5454545454545454,0.78125,1.2121212121212122,0.9696969696969697,0.9375,1.8125,0.27692307692307694,0.3230769230769231,0.4307692307692308,12.499095110389504,12.350887454376544,4.309096029067583,12.566620168383578,2.380252699882476,0.14820765601296204
laliga-2024-2025-03-16-leganes-v-betis,2025-03-16,2024,Leganes,Betis,2,3,0,0.0,0.0,378.9361793197723,8,7,999,0,1.0,0,999,0,1.0,0,0,0,1.0,1.0,3.0,5.0,10.0,0.8,1.0,0.8888888888888888,1.4814814814814814,1.0,2.0,1.3076923076923077,0.7142857142857143,1.0,1.4615384615384615,0.7857142857142857,1.5,0.2962962962962963,0.4074074074074074,-0.19999999999999996,12.33493626402165,12.475447830770602,4.245588315049165,12.548505097991866,2.424159176649579,-0.14051156674895351,4.0,0.0,1.0,10.0,5.0,2.4,1.5076923076923077,1.2769230769230768,1.2,2.0,1.0,1.8181818181818181,1.1875,1.4848484848484849,1.0303030303030303,1.0625,1.375,0.3076923076923077,0.2,0.8923076923076922,12.499095110389504,12.350887454376544,4.309096029067583,12.566620168383578,2.380252699882476,0.14820765601296204
laliga-2024-2025-03-16-osasuna-v-getafe,2025-03-16,2024,Osasuna,Getafe,1,2,0,0.5,0.0,326.2701990448406,14,7,999,0,1.0,0,999,0,1.0,0,0,0,1.0,3.0,1.0,7.0,7.0,1.2,1.21875,1.203125,1.453125,1.4,1.4,1.4242424242424243,1.0,1.3333333333333333,1.393939393939394,1.064516129032258,1.5161290322580645,0.234375,0.25,-0.018750000000000044,12.33493626402165,12.475447830770602,4.245588315049165,12.548505097991866,2.424159176649579,-0.14051156674895351,3.0,0.0,2.0,6.0,5.0,1.8,1.1692307692307693,1.0,1.1692307692307693,1.2,1.0,1.4545454545454546,0.875,0.9696969696969697,0.9393939393939394,1.03125,1.40625,0.27692307692307694,0.4,0.6307692307692307,12.499095110389504,12.350887454376544,4.309096029067583,12.566620168383578,2.380252699882476,0.14820765601296204
laliga-2024-2025-03-16-ath-madrid-v-barcelona,2025-03-16,2024,Ath Madrid,Barcelona,2,4,0,0.16666666666666666,0.0,492.19577268549097,7,14,999,0,1.0,0,999,0,1.0,0,0,0,2.0,2.0,1.0,7.0,4.0,1.6,2.0307692307692307,1.7538461538461538,0.9384615384615385,1.4,0.8,2.515151515151515,1.53125,2.0303030303030303,0.9090909090909091,1.46875,0.96875,0.4,0.16923076923076924,-0.43076923076923057,12.33493626402165,12.475447830770602,4.245588315049165,12.548505097991866,2.424159176649579,-0.14051156674895351,5.0,0.0,0.0,12.0,1.0,3.0,2.21875,2.34375,1.078125,2.4,0.2,2.3548387096774195,2.090909090909091,2.4516129032258065,0.967741935483871,2.242424242424242,1.1818181818181819,0.390625,0.0625,0.78125,12.499095110389504,12.350887454376544,4.309096029067583,12.566620168383578,2.380252699882476,0.14820765601296204
laliga-2024-2025-03-16-rayo-vallecano-v-real-sociedad,2025-03-16,2024,Rayo Vallecano,Real Sociedad,2,2,1,0.6666666666666666,0.0,352.34262041755716,7,7,999,0,1.0,0,999,0,1.0,0,0,0,1.0,1.0,3.0,3.0,5.0,0.8,1.1384615384615384,0.8923076923076924,1.1846153846153846,0.6,1.0,1.21875,1.0606060606060606,1.125,1.34375,0.6666666666666666,1.0303030303030303,0.2923076923076923,0.38461538461538464,-0.33846153846153837,12.33493626402165,12.475447830770602,4.245588315049165,12.548505097991866,2.424159176649579,-0.14051156674895351,2.0,0.0,3.0,5.0,9.0,1.2,1.4461538461538461,1.1384615384615384,1.0307692307692307,1.0,1.8,1.5151515151515151,1.375,1.2424242424242424,1.0303030303030303,1.03125,1.03125,0.4153846153846154,0.35384615384615387,-0.24615384615384617,12.499095110389504,12.350887454376544,4.309096029067583,12.566620168383578,2.380252699882476,0.14820765601296204
laliga-2024-2025-03-16-sevilla-v-ath-bilbao,2025-03-16,2024,Sevilla,Ath Bilbao,0,1,0,0.35714285714285715,0.0,702.0918503555403,7,7,999,0,1.0,0,999,0,1.0,0,0,0,2.0,2.0,1.0,8.0,6.0,1.6,1.1846153846153846,1.2307692307692308,1.3846153846153846,1.6,1.2,1.3125,1.0606060606060606,1.21875,1.3125,1.2424242424242424,1.4545454545454546,0.26153846153846155,0.23076923076923078,0.41538461538461546,12.33493626402165,12.475447830770602,4.245588315049165,12.548505097991866,2.424159176649579,-0.14051156674895351,2.0,2.0,1.0,12.0,4.0,1.6,1.8,1.6307692307692307,0.9384615384615385,2.4,0.8,2.1515151515151514,1.4375,2.090909090909091,0.8181818181818182,1.15625,1.0625,0.38461538461538464,0.2,-0.19999999999999996,12.499095110389504,12.350887454376544,4.309096029067583,12.566620168383578,2.380252699882476,0.14820765601296204
laliga-2024-2025-03-27-barcelona-v-osasuna,2025-03-27,2024,Barcelona,Osasuna,3,0,2,0.8333333333333334,0.0,347.5726504119322,11,11,999,0,1.0,0,999,0,1.0,0,0,0,5.0,0.0,0.0,15.0,3.0,3.0,2.230769230769231,2.3692307692307693,1.0923076923076922,3.0,0.6,2.3548387096774195,2.1176470588235294,2.4516129032258065,0.967741935483871,2.2941176470588234,1.2058823529411764,0.38461538461538464,0.06153846153846154,0.7692307692307692,12.33493626402165,12.475447830770602,4.245588315049165,12.548505097991866,2.424159176649579,-0.14051156674895351,0.0,3.0,2.0,6.0,8.0,0.6,1.2,1.2,1.4615384615384615,1.2,1.6,1.3823529411764706,1.0,1.3235294117647058,1.411764705882353,1.064516129032258,1.5161290322580645,0.23076923076923078,0.24615384615384617,-0.6,12.499095110389504,12.350887454376544,4.309096029067583,12.566620168383578,2.380252699882476,0.14820765601296204
laliga-2024-2025-03-29-real-sociedad-v-valladolid,2025-03-29,2024,Real Sociedad,Valladolid,2,1,2,0.75,0.0,291.59908801236895,13,14,999,0,1.0,0,999,0,1.0,0,0,0,1.0,1.0,3.0,5.0,10.0,0.8,1.4393939393939394,1.1515151515151516,1.0454545454545454,1.0,2.0,1.5151515151515151,1.3636363636363635,1.2424242424242424,1.0303030303030303,1.0606060606060606,1.0606060606060606,0.4090909090909091,0.3484848484848485,-0.6393939393939394,12.33493626402165,12.475447830770602,4.245588315049165,12.548505097991866,2.424159176649579,-0.14051156674895351,0.0,1.0,4.0,3.0,15.0,0.2,0.5714285714285714,0.6428571428571429,2.25,0.6,3.0,0.9285714285714286,0.21428571428571427,0.5714285714285714,1.5,0.7142857142857143,3.0,0.17857142857142858,0.42857142857142855,-0.3714285714285714,12.499095110389504,12.350887454376544,4.309096029067583,12.566620168383578,2.380252699882476,0.14820765601296204
laliga-2024-2025-03-29-espanyol-v-ath-madrid,2025-03-29,2024,Espanyol,Ath Madrid,1,1,1,0.5,0.0,487.45884892574276,14,13,999,0,1.0,0,999,0,1.0,0,0,0,1.0,2.0,2.0,5.0,6.0,1.0,1.037037037037037,0.9629629629629629,1.4444444444444444,1.0,1.2,1.6428571428571428,0.38461538461538464,1.2857142857142858,1.0714285714285714,0.6153846153846154,1.8461538461538463,0.14814814814814814,0.2962962962962963,-0.03703703703703698,12.33493626402165,12.475447830770602,4.245588315049165,12.548505097991866,2.424159176649579,-0.14051156674895351,2.0,1.0,2.0,8.0,7.0,1.4,2.0,1.7575757575757576,0.9848484848484849,1.6,1.4,2.4411764705882355,1.53125,2.0294117647058822,1.0,1.46875,0.96875,0.3939393939393939,0.16666666666666666,-0.6000000000000001,12.499095110389504,12.350887454376544,4.309096029067583,12.566620168383578,2.380252699882476,0.14820765601296204
laliga-2024-2025-03-29-alaves-v-rayo-vallecano,2025-03-29,2024,Alaves,Rayo Vallecano,0,2,0,0.21428571428571427,0.0,285.05148916793826,15,13,999,0,1.0,0,999,0,1.0,0,0,0,1.0,3.0,1.0,7.0,7.0,1.2,1.106060606060606,1.0303030303030303,1.3333333333333333,1.4,1.4,1.46875,0.7647058823529411,1.0625,1.0,1.0,1.6470588235294117,0.22727272727272727,0.36363636363636365,0.09393939393939399,12.33493626402165,12.475447830770602,4.245588315049165,12.548505097991866,2.424159176649579,-0.14051156674895351,0.0,2.0,3.0,4.0,7.0,0.4,1.1363636363636365,0.9090909090909091,1.196969696969697,0.8,1.4,1.2121212121212122,1.0606060606060606,1.1515151515151516,1.3636363636363635,0.6666666666666666,1.0303030303030303,0.2878787878787879,0.3787878787878788,-0.7363636363636364,12.499095110389504,12.350887454376544,4.309096029067583,12.566620168383578,2.380252699882476,0.14820765601296204
laliga-2024-2025-03-29-real-madrid-v-leganes,2025-03-29,2024,Real Madrid,Leganes,3,2,2,1.0,0.0,15.389293353112125,14,13,999,0,1.0,0,999,0,1.0,0,0,0,3.0,1.0,1.0,8.0,5.0,2.0,2.3484848484848486,2.212121212121212,0.803030303030303,1.6,1.0,2.65625,2.0588235294117645,2.53125,0.65625,1.911764705882353,0.9411764705882353,0.4696969696969697,0.06060606060606061,-0.3484848484848486,12.33493626402165,12.475447830770602,4.245588315049165,12.548505097991866,2.424159176649579,-0.14051156674895351,1.0,1.0,3.0,7.0,11.0,0.8,0.9642857142857143,0.9285714285714286,1.5357142857142858,1.4,2.2,1.2142857142857142,0.7142857142857143,1.0714285714285714,1.5714285714285714,0.7857142857142857,1.5,0.2857142857142857,0.39285714285714285,-0.16428571428571426,12.499095110389504,12.350887454376544,4.309096029067583,12.566620168383578,2.380252699882476,0.14820765601296204
laliga-2024-2025-03-30-getafe-v-villarreal,2025-03-30,2024,Getafe,Villarreal,1,2,0,0.4166666666666667,0.0,309.65151683323484,14,15,999,0,1.0,0,999,0,1.0,0,0,0,3.0,0.0,2.0,7.0,6.0,1.8,1.196969696969697,1.0151515151515151,1.1666666666666667,1.4,1.2,1.4545454545454546,0.9393939393939394,0.9696969696969697,0.9393939393939394,1.0606060606060606,1.393939393939394,0.2727272727272727,0.3939393939393939,0.603030303030303,12.33493626402165,12.475447830770602,4.245588315049165,12.548505097991866,2.424159176649579,-0.14051156674895351,2.0,1.0,2.0,5.0,5.0,1.4,1.4923076923076923,1.7538461538461538,1.5846153846153845,1.0,1.0,1.4375,1.5454545454545454,2.03125,1.65625,1.4848484848484849,1.5151515151515151,0.13846153846153847,0.12307692307692308,-0.09230769230769242,12.499095110389504,12.350887454376544,4.309096029067583,12.566620168383578,2.380252699882476,0.14820765601296204
laliga-2024-2025-03-30-barcelona-v-girona,2025-03-30,2024,Barcelona,Girona,4,1,2,0.5,0.0,87.8199411621499,3,15,999,0,1.0,0,999,0,1.0,0,0,0,5.0,0.0,0.0,14.0,2.0,3.0,2.242424242424242,2.378787878787879,1.0757575757575757,2.8,0.4,2.375,2.1176470588235294,2.46875,0.9375,2.2941176470588234,1.2058823529411764,0.3939393939393939,0.06060606060606061,0.7575757575757578,12.33493626402165,12.475447830770602,4.245588315049165,12.548505097991866,2.424159176649579,-0.14051156674895351,0.0,3.0,2.0,5.0,8.0,0.6,1.7424242424242424,1.8333333333333333,1.3181818181818181,1.0,1.6,2.0606060606060606,1.4242424242424243,2.3636363636363638,1.2424242424242424,1.303030303030303,1.393939393939394,0.2727272727272727,0.22727272727272727,-1.1424242424242426,12.499095110389504,12.350887454376544,4.309096029067583,12.566620168383578,2.380252699882476,0.14820765601296204
laliga-2024-2025-03-30-ath-bilbao-v-osasuna,2025-03-30,2024,Ath Bilbao,Osasuna,0,0,1,0.75,0.0,118.61154051368908,14,3,999,0,1.0,0,999,0,1.0,0,0,0,2.0,2.0,1.0,10.0,4.0,1.6,1.8181818181818181,1.621212121212121,0.9242424242424242,2.0,0.8,2.1515151515151514,1.4848484848484849,2.090909090909091,0.8181818181818182,1.1515151515151516,1.0303030303030303,0.3939393939393939,0.19696969696969696,-0.21818181818181803,12.33493626402165,12.475447830770602,4.245588315049165,12.548505097991866,2.424159176649579,-0.14051156674895351,0.0,2.0,3.0,5.0,10.0,0.4,1.1818181818181819,1.1818181818181819,1.4848484848484849,1.0,2.0,1.3823529411764706,0.96875,1.3235294117647058,1.411764705882353,1.03125,1.5625,0.22727272727272727,0.25757575757575757,-0.7818181818181819,12.499095110389504,12.350887454376544,4.309096029067583,12.566620168383578,2.380252699882476,0.14820765601296204
laliga-2024-2025-03-30-valencia-v-mallorca,2025-03-30,2024,Valencia,Mallorca,1,0,2,0.5,0.0,258.0155904442096,15,15,999,0,1.0,0,999,0,1.0,0,0,0,1.0,3.0,1.0,7.0,9.0,1.2,1.1666666666666667,1.0757575757575757,1.378787878787879,1.4,1.8,1.5454545454545454,0.7878787878787878,1.2121212121212122,0.9696969696969697,0.9393939393939394,1.7878787878787878,0.2727272727272727,0.3181818181818182,0.033333333333333215,12.33493626402165,12.475447830770602,4.245588315049165,12.548505097991866,2.424159176649579,-0.14051156674895351,2.0,3.0,0.0,8.0,5.0,1.8,1.2121212121212122,0.9242424242424242,1.1818181818181819,1.6,1.0,1.4411764705882353,0.96875,0.9705882352941176,0.9411764705882353,0.875,1.4375,0.24242424242424243,0.36363636363636365,0.5878787878787879,12.499095110389504,12.350887454376544,4.309096029067583,12.566620168383578,2.380252699882476,0.14820765601296204
laliga-2024-2025-03-30-betis-v-sevilla,2025-03-30,2024,Betis,Sevilla,2,1,2,0.5833333333333334,0.0,0.0,14,14,999,0,1.0,0,999,0,1.0,0,0,0,5.0,0.0,0.0,11.0,4.0,3.0,1.5303030303030303,1.303030303030303,1.2121212121212122,2.2,0.8,1.8181818181818181,1.2424242424242424,1.4848484848484849,1.0303030303030303,1.121212121212121,1.393939393939394,0.30303030303030304,0.19696969696969696,1.4696969696969697,12.33493626402165,12.475447830770602,4.245588315049165,12.548505097991866,2.424159176649579,-0.14051156674895351,2.0,2.0,1.0,7.0,3.0,1.6,1.1666666666666667,1.2121212121212122,1.378787878787879,1.4,0.6,1.2727272727272727,1.0606060606060606,1.1818181818181819,1.303030303030303,1.2424242424242424,1.4545454545454546,0.25757575757575757,0.24242424242424243,0.43333333333333335,12.499095110389504,12.350887454376544,4.309096029067583,12.566620168383578,2.380252699882476,0.14820765601296204
laliga-2024-2025-03-31-celta-v-las-palmas,2025-03-31,2024,Celta,Las Palmas,1,1,1,0.625,0.0,1682.2042197742667,16,17,999,0,1.0,0,999,0,1.0,0,0,0,3.0,2.0,0.0,7.0,4.0,2.2,1.2121212121212122,1.3181818181818181,1.4848484848484849,1.4,0.8,1.606060606060606,0.8181818181818182,1.3636363636363635,1.121212121212121,1.2727272727272727,1.8484848484848484,0.18181818181818182,0.24242424242424243,0.987878787878788,12.33493626402165,12.475447830770602,4.245588315049165,12.548505097991866,2.424159176649579,-0.14051156674895351,0.0,2.0,3.0,4.0,9.0,0.4,0.9848484848484849,0.9848484848484849,1.4242424242424243,0.8,1.8,1.1515151515151516,0.8181818181818182,1.121212121212121,1.2424242424242424,0.8484848484848485,1.606060606060606,0.16666666666666666,0.3484848484848485,-0.5848484848484848,12.499095110389504,12.350887454376544,4.309096029067583,12.566620168383578,2.380252699882476,0.14820765601296204
laliga-2024-2025-04-04-rayo-vallecano-v-espanyol,2025-04-04,2024,Rayo Vallecano,Espanyol,0,4,0,0.4,0.0,493.54718483989615,6,6,999,0,1.0,0,999,0,1.0,0,0,0,1.0,2.0,2.0,6.0,6.0,1.0,1.164179104477612,0.9253731343283582,1.1791044776119404,1.2,1.2,1.2121212121212122,1.1176470588235294,1.1515151515151516,1.3636363636363635,0.7058823529411765,1.0,0.29850746268656714,0.373134328358209,-0.16417910447761197,12.33493626402165,12.475447830770602,4.245588315049165,12.548505097991866,2.424159176649579,-0.14051156674895351,1.0,3.0,1.0,5.0,5.0,1.2,1.0357142857142858,0.9642857142857143,1.4285714285714286,1.0,1.0,1.6,0.38461538461538464,1.2666666666666666,1.0666666666666667,0.6153846153846154,1.8461538461538463,0.14285714285714285,0.2857142857142857,0.16428571428571415,12.499095110389504,12.350887454376544,4.309096029067583,12.566620168383578,2.380252699882476,0.14820765601296204
laliga-2024-2025-04-05-girona-v-alaves,2025-04-05,2024,Girona,Alaves,0,1,0,0.6666666666666666,0.0,461.4731302841583,6,7,999,0,1.0,0,999,0,1.0,0,0,0,0.0,3.0,2.0,5.0,10.0,0.6,1.7164179104477613,1.8208955223880596,1.3582089552238805,1.0,2.0,2.0606060606060606,1.3823529411764706,2.3636363636363638,1.2424242424242424,1.2941176470588236,1.4705882352941178,0.26865671641791045,0.22388059701492538,-1.1164179104477614,12.33493626402165,12.475447830770602,4.245588315049165,12.548505097991866,2.424159176649579,-0.14051156674895351,1.0,2.0,2.0,4.0,6.0,1.0,1.0895522388059702,1.0149253731343284,1.3432835820895523,0.8,1.2,1.4242424242424243,0.7647058823529411,1.0303030303030303,1.0303030303030303,1.0,1.6470588235294117,0.22388059701492538,0.373134328358209,-0.08955223880597019,12.499095110389504,12.350887454376544,4.309096029067583,12.566620168383578,2.380252699882476,0.14820765601296204
laliga-2024-2025-04-05-real-madrid-v-valencia,2025-04-05,2024,Real Madrid,Valencia,1,2,0,0.75,0.0,302.5444197829563,7,6,999,0,1.0,0,999,0,1.0,0,0,0,4.0,0.0,1.0,10.0,6.0,2.4,2.3582089552238807,2.2238805970149254,0.8208955223880597,2.0,1.2,2.6666666666666665,2.0588235294117645,2.5454545454545454,0.696969696969697,1.911764705882353,0.9411764705882353,0.4626865671641791,0.05970149253731343,0.04179104477611917,12.33493626402165,12.475447830770602,4.245588315049165,12.548505097991866,2.424159176649579,-0.14051156674895351,2.0,2.0,1.0,7.0,8.0,1.6,1.1940298507462686,1.0746268656716418,1.3582089552238805,1.4,1.6,1.588235294117647,0.7878787878787878,1.2058823529411764,0.9411764705882353,0.9393939393939394,1.7878787878787878,0.2835820895522388,0.31343283582089554,0.40597014925373154,12.499095110389504,12.350887454376544,4.309096029067583,12.566620168383578,2.380252699882476,0.14820765601296204
laliga-2024-2025-04-05-mallorca-v-celta,2025-04-05,2024,Mallorca,Celta,1,2,0,0.3333333333333333,0.0,998.183816272766,6,5,999,0,1.0,0,999,0,1.0,0,0,0,1.0,3.0,1.0,5.0,5.0,1.2,1.1940298507462686,0.9104477611940298,1.1791044776119404,1.0,1.0,1.4411764705882353,0.9393939393939394,0.9705882352941176,0.9411764705882353,0.8484848484848485,1.4242424242424243,0.23880597014925373,0.373134328358209,0.005970149253731405,12.33493626402165,12.475447830770602,4.245588315049165,12.548505097991866,2.424159176649579,-0.14051156674895351,3.0,2.0,0.0,7.0,4.0,2.2,1.208955223880597,1.3134328358208955,1.4776119402985075,1.4,0.8,1.588235294117647,0.8181818181818182,1.3529411764705883,1.1176470588235294,1.2727272727272727,1.8484848484848484,0.1791044776119403,0.23880597014925373,0.9910447761194032,12.499095110389504,12.350887454376544,4.309096029067583,12.566620168383578,2.380252699882476,0.14820765601296204
laliga-2024-2025-04-05-barcelona-v-betis,2025-04-05,2024,Barcelona,Betis,1,1,1,0.8333333333333334,0.0,825.2788120519293,6,6,999,0,1.0,0,999,0,1.0,0,0,0,5.0,0.0,0.0,17.0,3.0,3.0,2.253731343283582,2.4029850746268657,1.0746268656716418,3.4,0.6,2.393939393939394,2.1176470588235294,2.515151515151515,0.9393939393939394,2.2941176470588234,1.2058823529411764,0.3880597014925373,0.05970149253731343,0.7462686567164178,12.33493626402165,12.475447830770602,4.245588315049165,12.548505097991866,2.424159176649579,-0.14051156674895351,5.0,0.0,0.0,10.0,5.0,3.0,1.5522388059701493,1.3134328358208955,1.208955223880597,2.0,1.0,1.8529411764705883,1.2424242424242424,1.5,1.0294117647058822,1.121212121212121,1.393939393939394,0.29850746268656714,0.19402985074626866,1.4477611940298507,12.499095110389504,12.350887454376544,4.309096029067583,12.566620168383578,2.380252699882476,0.14820765601296204
laliga-2024-2025-04-06-sevilla-v-ath-madrid,2025-04-06,2024,Sevilla,Ath Madrid,1,2,0,0.2857142857142857,0.0,396.6545503244278,7,8,999,0,1.0,0,999,0,1.0,0,0,0,1.0,2.0,2.0,4.0,5.0,1.0,1.1492537313432836,1.208955223880597,1.3880597014925373,0.8,1.0,1.2727272727272727,1.0294117647058822,1.1818181818181819,1.303030303030303,1.2352941176470589,1.4705882352941178,0.2537313432835821,0.23880597014925373,-0.14925373134328357,12.33493626402165,12.475447830770602,4.245588315049165,12.548505097991866,2.424159176649579,-0.14051156674895351,2.0,1.0,2.0,8.0,7.0,1.4,1.9850746268656716,1.7462686567164178,0.9850746268656716,1.6,1.4,2.4411764705882355,1.5151515151515151,2.0294117647058822,1.0,1.4545454545454546,0.9696969696969697,0.3880597014925373,0.16417910447761194,-0.5850746268656717,12.499095110389504,12.350887454376544,4.309096029067583,12.566620168383578,2.380252699882476,0.14820765601296204
laliga-2024-2025-04-06-valladolid-v-getafe,2025-04-06,2024,Valladolid,Getafe,0,4,0,0.0,0.0,171.15966811801084,8,7,999,0,1.0,0,999,0,1.0,0,0,0,0.0,1.0,4.0,4.0,13.0,0.2,0.5517241379310345,0.6551724137931034,2.2413793103448274,0.8,2.6,0.9285714285714286,0.2,0.5714285714285714,1.5,0.7333333333333333,2.933333333333333,0.1724137931034483,0.41379310344827586,-0.35172413793103446,12.33493626402165,12.475447830770602,4.245588315049165,12.548505097991866,2.424159176649579,-0.14051156674895351,2.0,0.0,3.0,6.0,7.0,1.2,1.1791044776119404,1.0149253731343284,1.1791044776119404,1.2,1.4,1.411764705882353,0.9393939393939394,0.9705882352941176,0.9705882352941176,1.0606060606060606,1.393939393939394,0.26865671641791045,0.3880597014925373,0.020895522388059584,12.499095110389504,12.350887454376544,4.309096029067583,12.566620168383578,2.380252699882476,0.14820765601296204
laliga-2024-2025-04-06-las-palmas-v-real-sociedad,2025-04-06,2024,Las Palmas,Real Sociedad,1,3,0,0.25,0.0,2076.995858266857,6,8,999,0,1.0,0,999,0,1.0,0,0,0,0.0,3.0,2.0,4.0,7.0,0.6,0.9850746268656716,0.9850746268656716,1.4179104477611941,0.8,1.4,1.1515151515151516,0.8235294117647058,1.121212121212121,1.2424242424242424,0.8529411764705882,1.588235294117647,0.16417910447761194,0.34328358208955223,-0.3850746268656716,12.33493626402165,12.475447830770602,4.245588315049165,12.548505097991866,2.424159176649579,-0.14051156674895351,2.0,1.0,2.0,7.0,8.0,1.4,1.462686567164179,1.164179104477612,1.044776119402985,1.4,1.6,1.5588235294117647,1.3636363636363635,1.2647058823529411,1.0294117647058822,1.0606060606060606,1.0606060606060606,0.40298507462686567,0.34328358208955223,-0.0626865671641792,12.499095110389504,12.350887454376544,4.309096029067583,12.566620168383578,2.380252699882476,0.14820765601296204
laliga-2024-2025-04-06-villarreal-v-ath-bilbao,2025-04-06,2024,Villarreal,Ath Bilbao,0,0,1,0.5,0.0,438.4315944355367,7,7,999,0,1.0,0,999,0,1.0,0,0,0,2.0,1.0,2.0,5.0,5.0,1.4,1.5151515151515151,1.7575757575757576,1.5757575757575757,1.0,1.0,1.4375,1.588235294117647,2.03125,1.65625,1.5,1.5,0.13636363636363635,0.12121212121212122,-0.11515151515151523,12.33493626402165,12.475447830770602,4.245588315049165,12.548505097991866,2.424159176649579,-0.14051156674895351,2.0,2.0,1.0,9.0,3.0,1.6,1.8059701492537314,1.5970149253731343,0.9104477611940298,1.8,0.6,2.1176470588235294,1.4848484848484849,2.0294117647058822,0.7941176470588235,1.1515151515151516,1.0303030303030303,0.40298507462686567,0.208955223880597,-0.20597014925373136,12.499095110389504,12.350887454376544,4.309096029067583,12.566620168383578,2.380252699882476,0.14820765601296204
laliga-2024-2025-04-07-leganes-v-osasuna,2025-04-07,2024,Leganes,Osasuna,1,1,1,0.5,0.0,326.6959330587248,9,8,999,0,1.0,0,999,0,1.0,0,0,0,1.0,0.0,4.0,6.0,11.0,0.6,0.9310344827586207,0.9655172413793104,1.5862068965517242,1.2,2.2,1.2142857142857142,0.6666666666666666,1.0714285714285714,1.5714285714285714,0.8666666666666667,1.6,0.27586206896551724,0.3793103448275862,-0.3310344827586207,12.33493626402165,12.475447830770602,4.245588315049165,12.548505097991866,2.424159176649579,-0.14051156674895351,0.0,2.0,3.0,4.0,9.0,0.4,1.1791044776119404,1.164179104477612,1.462686567164179,0.8,1.8,1.3823529411764706,0.9696969696969697,1.3235294117647058,1.411764705882353,1.0,1.5151515151515151,0.23880597014925373,0.26865671641791045,-0.7791044776119403,12.499095110389504,12.350887454376544,4.309096029067583,12.566620168383578,2.380252699882476,0.14820765601296204
laliga-2024-2025-04-11-valencia-v-sevilla,2025-04-11,2024,Valencia,Sevilla,1,0,2,0.6428571428571429,0.0,539.9261066392522,6,5,999,0,1.0,0,999,0,1.0,0,0,0,3.0,2.0,0.0,9.0,6.0,2.2,1.2205882352941178,1.088235294117647,1.3529411764705883,1.8,1.2,1.588235294117647,0.8529411764705882,1.2058823529411764,0.9411764705882353,0.9705882352941176,1.7647058823529411,0.27941176470588236,0.3088235294117647,0.9794117647058824,12.33493626402165,12.475447830770602,4.245588315049165,12.548505097991866,2.424159176649579,-0.14051156674895351,1.0,1.0,3.0,4.0,6.0,0.8,1.1323529411764706,1.2058823529411764,1.3970588235294117,0.8,1.2,1.2352941176470589,1.0294117647058822,1.1764705882352942,1.3235294117647058,1.2352941176470589,1.4705882352941178,0.25,0.23529411764705882,-0.3323529411764705,12.499095110389504,12.350887454376544,4.309096029067583,12.566620168383578,2.380252699882476,0.14820765601296204
laliga-2024-2025-04-12-real-sociedad-v-mallorca,2025-04-12,2024,Real Sociedad,Mallorca,0,2,0,0.6666666666666666,0.0,563.3188606808416,6,7,999,0,1.0,0,999,0,1.0,0,0,0,2.0,1.0,2.0,7.0,9.0,1.4,1.4852941176470589,1.1911764705882353,1.0441176470588236,1.4,1.8,1.5588235294117647,1.411764705882353,1.2647058823529411,1.0294117647058822,1.1176470588235294,1.0588235294117647,0.39705882352941174,0.3382352941176471,-0.08529411764705896,12.33493626402165,12.475447830770602,4.245588315049165,12.548505097991866,2.424159176649579,-0.14051156674895351,1.0,2.0,2.0,5.0,6.0,1.0,1.1764705882352942,0.9117647058823529,1.1911764705882353,1.0,1.2,1.4,0.9393939393939394,0.9714285714285714,0.9714285714285714,0.8484848484848485,1.4242424242424243,0.23529411764705882,0.36764705882352944,-0.17647058823529416,12.499095110389504,12.350887454376544,4.309096029067583,12.566620168383578,2.380252699882476,0.14820765601296204
laliga-2024-2025-04-12-getafe-v-las-palmas,2025-04-12,2024,Getafe,Las Palmas,1,3,0,0.375,0.0,1731.0069519179315,6,6,999,0,1.0,0,999,0,1.0,0,0,0,3.0,0.0,2.0,9.0,5.0,1.8,1.2058823529411764,1.0588235294117647,1.161764705882353,1.8,1.0,1.411764705882353,1.0,0.9705882352941176,0.9705882352941176,1.1470588235294117,1.3529411764705883,0.27941176470588236,0.38235294117647056,0.5941176470588236,12.33493626402165,12.475447830770602,4.245588315049165,12.548505097991866,2.424159176649579,-0.14051156674895351,0.0,3.0,2.0,5.0,8.0,0.6,0.9705882352941176,0.9852941176470589,1.4411764705882353,1.0,1.6,1.1176470588235294,0.8235294117647058,1.1176470588235294,1.2941176470588236,0.8529411764705882,1.588235294117647,0.16176470588235295,0.3382352941176471,-0.37058823529411766,12.499095110389504,12.350887454376544,4.309096029067583,12.566620168383578,2.380252699882476,0.14820765601296204
laliga-2024-2025-04-12-celta-v-espanyol,2025-04-12,2024,Celta,Espanyol,0,2,0,0.125,0.0,901.3020458671548,7,8,999,0,1.0,0,999,0,1.0,0,0,0,3.0,2.0,0.0,8.0,5.0,2.2,1.2352941176470589,1.3235294117647058,1.4705882352941178,1.6,1.0,1.588235294117647,0.8823529411764706,1.3529411764705883,1.1176470588235294,1.2941176470588236,1.8235294117647058,0.17647058823529413,0.23529411764705882,0.9647058823529413,12.33493626402165,12.475447830770602,4.245588315049165,12.548505097991866,2.424159176649579,-0.14051156674895351,2.0,2.0,1.0,8.0,4.0,1.6,1.103448275862069,1.0689655172413792,1.3793103448275863,1.6,0.8,1.6,0.5714285714285714,1.2666666666666666,1.0666666666666667,0.8571428571428571,1.7142857142857142,0.1724137931034483,0.27586206896551724,0.49655172413793114,12.499095110389504,12.350887454376544,4.309096029067583,12.566620168383578,2.380252699882476,0.14820765601296204
laliga-2024-2025-04-12-leganes-v-barcelona,2025-04-12,2024,Leganes,Barcelona,0,1,0,0.5,0.0,508.9643233154306,5,7,999,0,1.0,0,999,0,1.0,0,0,0,1.0,1.0,3.0,7.0,9.0,0.8,0.9333333333333333,0.9666666666666667,1.5666666666666667,1.4,1.8,1.2,0.6666666666666666,1.0666666666666667,1.5333333333333334,0.8666666666666667,1.6,0.26666666666666666,0.36666666666666664,-0.1333333333333333,12.33493626402165,12.475447830770602,4.245588315049165,12.548505097991866,2.424159176649579,-0.14051156674895351,4.0,1.0,0.0,16.0,4.0,2.6,2.235294117647059,2.3823529411764706,1.0735294117647058,3.2,0.8,2.3529411764705883,2.1176470588235294,2.4705882352941178,0.9411764705882353,2.2941176470588234,1.2058823529411764,0.38235294117647056,0.058823529411764705,0.3647058823529412,12.499095110389504,12.350887454376544,4.309096029067583,12.566620168383578,2.380252699882476,0.14820765601296204
laliga-2024-2025-04-13-osasuna-v-girona,2025-04-13,2024,Osasuna,Girona,2,1,2,0.3333333333333333,0.0,377.36469466051943,6,8,999,0,1.0,0,999,0,1.0,0,0,0,0.0,3.0,2.0,5.0,9.0,0.6,1.1764705882352942,1.161764705882353,1.4558823529411764,1.0,1.8,1.3823529411764706,0.9705882352941176,1.3235294117647058,1.411764705882353,1.0,1.5,0.23529411764705882,0.2647058823529412,-0.5764705882352942,12.33493626402165,12.475447830770602,4.245588315049165,12.548505097991866,2.424159176649579,-0.14051156674895351,0.0,3.0,2.0,5.0,9.0,0.6,1.6911764705882353,1.7941176470588236,1.3529411764705883,1.0,1.8,2.0,1.3823529411764706,2.2941176470588234,1.2352941176470589,1.2941176470588236,1.4705882352941178,0.2647058823529412,0.23529411764705882,-1.0911764705882354,12.499095110389504,12.350887454376544,4.309096029067583,12.566620168383578,2.380252699882476,0.14820765601296204
laliga-2024-2025-04-13-alaves-v-real-madrid,2025-04-13,2024,Alaves,Real Madrid,0,1,0,0.0,0.0,279.18330629488213,8,8,999,0,1.0,0,999,0,1.0,0,0,0,2.0,2.0,1.0,5.0,5.0,1.6,1.1176470588235294,1.0147058823529411,1.3235294117647058,1.0,1.0,1.4242424242424243,0.8285714285714286,1.0303030303030303,1.0303030303030303,1.0,1.6,0.23529411764705882,0.36764705882352944,0.48235294117647065,12.33493626402165,12.475447830770602,4.245588315049165,12.548505097991866,2.424159176649579,-0.14051156674895351,3.0,0.0,2.0,9.0,8.0,1.8,2.323529411764706,2.2058823529411766,0.8382352941176471,1.8,1.6,2.588235294117647,2.0588235294117645,2.5,0.7352941176470589,1.911764705882353,0.9411764705882353,0.45588235294117646,0.058823529411764705,-0.523529411764706,12.499095110389504,12.350887454376544,4.309096029067583,12.566620168383578,2.380252699882476,0.14820765601296204
laliga-2024-2025-04-13-betis-v-villarreal,2025-04-13,2024,Betis,Villarreal,1,2,0,0.6428571428571429,0.0,583.4265952554996,8,7,999,0,1.0,0,999,0,1.0,0,0,0,4.0,1.0,0.0,9.0,5.0,2.6,1.5441176470588236,1.3088235294117647,1.2058823529411764,1.8,1.0,1.8529411764705883,1.2352941176470589,1.5,1.0294117647058822,1.1176470588235294,1.3823529411764706,0.29411764705882354,0.19117647058823528,1.0558823529411765,12.33493626402165,12.475447830770602,4.245588315049165,12.548505097991866,2.424159176649579,-0.14051156674895351,2.0,1.0,2.0,4.0,4.0,1.4,1.507462686567164,1.7313432835820894,1.5522388059701493,0.8,0.8,1.4242424242424243,1.588235294117647,1.9696969696969697,1.606060606060606,1.5,1.5,0.14925373134328357,0.13432835820895522,-0.10746268656716418,12.499095110389504,12.350887454376544,4.309096029067583,12.566620168383578,2.380252699882476,0.14820765601296204
laliga-2024-2025-04-13-ath-bilbao-v-rayo-vallecano,2025-04-13,2024,Ath Bilbao,Rayo Vallecano,3,1,2,0.9166666666666666,0.0,324.81569774099466,7,9,999,0,1.0,0,999,0,1.0,0,0,0,1.0,3.0,1.0,2.0,2.0,1.2,1.7941176470588236,1.5735294117647058,0.8970588235294118,0.4,0.4,2.1176470588235294,1.4705882352941178,2.0294117647058822,0.7941176470588235,1.1176470588235294,1.0,0.4117647058823529,0.22058823529411764,-0.5941176470588236,12.33493626402165,12.475447830770602,4.245588315049165,12.548505097991866,2.424159176649579,-0.14051156674895351,1.0,2.0,2.0,6.0,9.0,1.0,1.1470588235294117,0.9117647058823529,1.2205882352941178,1.2,1.8,1.1764705882352942,1.1176470588235294,1.1176470588235294,1.4411764705882353,0.7058823529411765,1.0,0.29411764705882354,0.38235294117647056,-0.1470588235294117,12.499095110389504,12.350887454376544,4.309096029067583,12.566620168383578,2.380252699882476,0.14820765601296204
laliga-2024-2025-04-14-ath-madrid-v-valladolid,2025-04-14,2024,Ath Madrid,Valladolid,4,2,2,1.0,0.0,164.20596729601007,8,8,999,0,1.0,0,999,0,1.0,0,0,0,2.0,1.0,2.0,7.0,8.0,1.4,2.0,1.75,0.9852941176470589,1.4,1.6,2.4411764705882355,1.5588235294117647,2.0294117647058822,1.0,1.4705882352941178,0.9705882352941176,0.38235294117647056,0.16176470588235295,-0.6000000000000001,12.33493626402165,12.475447830770602,4.245588315049165,12.548505097991866,2.424159176649579,-0.14051156674895351,0.0,1.0,4.0,3.0,10.0,0.2,0.5333333333333333,0.6333333333333333,2.3,0.6,2.0,0.8666666666666667,0.2,0.5333333333333333,1.6666666666666667,0.7333333333333333,2.933333333333333,0.16666666666666666,0.43333333333333335,-0.3333333333333333,12.499095110389504,12.350887454376544,4.309096029067583,12.566620168383578,2.380252699882476,0.14820765601296204
laliga-2024-2025-04-18-espanyol-v-getafe,2025-04-18,2024,Espanyol,Getafe,1,0,2,0.5,0.0,500.48822405474954,6,6,999,0,1.0,0,999,0,1.0,0,0,0,2.0,2.0,1.0,9.0,4.0,1.6,1.1666666666666667,1.1,1.3333333333333333,1.8,0.8,1.6,0.7333333333333333,1.2666666666666666,1.0666666666666667,0.9333333333333333,1.6,0.2,0.26666666666666666,0.43333333333333335,12.33493626402165,12.475447830770602,4.245588315049165,12.548505097991866,2.424159176649579,-0.14051156674895351,3.0,0.0,2.0,10.0,7.0,1.8,1.1884057971014492,1.0579710144927537,1.1884057971014492,2.0,1.4,1.3714285714285714,1.0,0.9714285714285714,1.0285714285714285,1.1470588235294117,1.3529411764705883,0.2753623188405797,0.37681159420289856,0.6115942028985508,12.499095110389504,12.350887454376544,4.309096029067583,12.566620168383578,2.380252699882476,0.14820765601296204
laliga-2024-2025-04-19-rayo-vallecano-v-valencia,2025-04-19,2024,Rayo Vallecano,Valencia,1,1,1,0.5,0.0,297.8524711943385,6,8,999,0,1.0,0,999,0,1.0,0,0,0,1.0,1.0,3.0,6.0,11.0,0.8,1.1304347826086956,0.9130434782608695,1.2463768115942029,1.2,2.2,1.1764705882352942,1.0857142857142856,1.1176470588235294,1.4411764705882353,0.7142857142857143,1.0571428571428572,0.2898550724637681,0.37681159420289856,-0.3304347826086955,12.33493626402165,12.475447830770602,4.245588315049165,12.548505097991866,2.424159176649579,-0.14051156674895351,4.0,1.0,0.0,7.0,3.0,2.6,1.2463768115942029,1.0869565217391304,1.3333333333333333,1.4,0.6,1.6285714285714286,0.8529411764705882,1.2,0.9142857142857143,0.9705882352941176,1.7647058823529411,0.2898550724637681,0.30434782608695654,1.3536231884057972,12.499095110389504,12.350887454376544,4.309096029067583,12.566620168383578,2.380252699882476,0.14820765601296204
laliga-2024-2025-04-19-barcelona-v-celta,2025-04-19,2024,Barcelona,Celta,4,3,2,0.9166666666666666,0.0,904.5125615519562,7,7,999,0,1.0,0,999,0,1.0,0,0,0,4.0,1.0,0.0,13.0,4.0,2.6,2.246376811594203,2.36231884057971,1.0579710144927537,2.6,0.8,2.3529411764705883,2.142857142857143,2.4705882352941178,0.9411764705882353,2.257142857142857,1.1714285714285715,0.391304347826087,0.057971014492753624,0.353623188405797,12.33493626402165,12.475447830770602,4.245588315049165,12.548505097991866,2.424159176649579,-0.14051156674895351,3.0,1.0,1.0,6.0,5.0,2.0,1.2173913043478262,1.3043478260869565,1.4782608695652173,1.2,1.0,1.542857142857143,0.8823529411764706,1.3142857142857143,1.1428571428571428,1.2941176470588236,1.8235294117647058,0.17391304347826086,0.2463768115942029,0.7826086956521738,12.499095110389504,12.350887454376544,4.309096029067583,12.566620168383578,2.380252699882476,0.14820765601296204
laliga-2024-2025-04-19-mallorca-v-leganes,2025-04-19,2024,Mallorca,Leganes,0,0,1,0.75,0.0,551.1547339550194,7,7,999,0,1.0,0,999,0,1.0,0,0,0,2.0,1.0,2.0,6.0,5.0,1.4,1.2028985507246377,0.927536231884058,1.173913043478261,1.2,1.0,1.4,1.0,0.9714285714285714,0.9714285714285714,0.8823529411764706,1.3823529411764706,0.2463768115942029,0.36231884057971014,0.19710144927536222,12.33493626402165,12.475447830770602,4.245588315049165,12.548505097991866,2.424159176649579,-0.14051156674895351,0.0,1.0,4.0,6.0,10.0,0.2,0.9032258064516129,0.9354838709677419,1.5483870967741935,1.2,2.0,1.125,0.6666666666666666,1.0,1.5,0.8666666666666667,1.6,0.25806451612903225,0.3870967741935484,-0.7032258064516128,12.499095110389504,12.350887454376544,4.309096029067583,12.566620168383578,2.380252699882476,0.14820765601296204
laliga-2024-2025-04-19-las-palmas-v-ath-madrid,2025-04-19,2024,Las Palmas,Ath Madrid,1,0,2,0.5,0.0,1748.1863554992588,7,5,999,0,1.0,0,999,0,1.0,0,0,0,1.0,2.0,2.0,7.0,8.0,1.0,1.0,1.0144927536231885,1.434782608695652,1.4,1.6,1.1176470588235294,0.8857142857142857,1.1176470588235294,1.2941176470588236,0.9142857142857143,1.5714285714285714,0.15942028985507245,0.3333333333333333,0.0,12.33493626402165,12.475447830770602,4.245588315049165,12.548505097991866,2.424159176649579,-0.14051156674895351,2.0,1.0,2.0,10.0,10.0,1.4,2.0144927536231885,1.7826086956521738,1.0,2.0,2.0,2.4571428571428573,1.5588235294117647,2.085714285714286,1.0285714285714285,1.4705882352941178,0.9705882352941176,0.37681159420289856,0.15942028985507245,-0.6144927536231886,12.499095110389504,12.350887454376544,4.309096029067583,12.566620168383578,2.380252699882476,0.14820765601296204
laliga-2024-2025-04-20-valladolid-v-osasuna,2025-04-20,2024,Valladolid,Osasuna,2,3,0,0.0,0.0,285.0996657911075,6,7,999,0,1.0,0,999,0,1.0,0,0,0,0.0,0.0,5.0,4.0,13.0,0.0,0.5161290322580645,0.6774193548387096,2.3548387096774195,0.8,2.6,0.8666666666666667,0.1875,0.5333333333333333,1.6666666666666667,0.8125,3.0,0.16129032258064516,0.41935483870967744,-0.5161290322580645,12.33493626402165,12.475447830770602,4.245588315049165,12.548505097991866,2.424159176649579,-0.14051156674895351,1.0,2.0,2.0,4.0,7.0,1.0,1.2028985507246377,1.173913043478261,1.4492753623188406,0.8,1.4,1.4285714285714286,0.9705882352941176,1.3428571428571427,1.4,1.0,1.5,0.2318840579710145,0.2608695652173913,-0.2028985507246377,12.499095110389504,12.350887454376544,4.309096029067583,12.566620168383578,2.380252699882476,0.14820765601296204
laliga-2024-2025-04-20-villarreal-v-real-sociedad,2025-04-20,2024,Villarreal,Real Sociedad,2,2,1,0.5833333333333334,0.0,404.3535451234156,7,8,999,0,1.0,0,999,0,1.0,0,0,0,2.0,1.0,2.0,5.0,5.0,1.4,1.5294117647058822,1.7352941176470589,1.5441176470588236,1.0,1.0,1.4242424242424243,1.6285714285714286,1.9696969696969697,1.606060606060606,1.5142857142857142,1.4857142857142858,0.14705882352941177,0.1323529411764706,-0.12941176470588234,12.33493626402165,12.475447830770602,4.245588315049165,12.548505097991866,2.424159176649579,-0.14051156674895351,2.0,1.0,2.0,7.0,7.0,1.4,1.463768115942029,1.173913043478261,1.0579710144927537,1.4,1.4,1.5142857142857142,1.411764705882353,1.2285714285714286,1.0571428571428572,1.1176470588235294,1.0588235294117647,0.391304347826087,0.34782608695652173,-0.06376811594202914,12.499095110389504,12.350887454376544,4.309096029067583,12.566620168383578,2.380252699882476,0.14820765601296204
laliga-2024-2025-04-20-sevilla-v-alaves,2025-04-20,2024,Sevilla,Alaves,1,1,1,0.3333333333333333,0.0,668.854131899639,9,7,999,0,1.0,0,999,0,1.0,0,0,0,1.0,0.0,4.0,3.0,6.0,0.6,1.1159420289855073,1.1884057971014492,1.391304347826087,0.6,1.2,1.2352941176470589,1.0,1.1764705882352942,1.3235294117647058,1.2,1.457142857142857,0.2463768115942029,0.2463768115942029,-0.5159420289855073,12.33493626402165,12.475447830770602,4.245588315049165,12.548505097991866,2.424159176649579,-0.14051156674895351,2.0,1.0,2.0,4.0,5.0,1.4,1.1014492753623188,1.0,1.318840579710145,0.8,1.0,1.3823529411764706,0.8285714285714286,1.0,1.0294117647058822,1.0,1.6,0.2318840579710145,0.37681159420289856,0.29855072463768106,12.499095110389504,12.350887454376544,4.309096029067583,12.566620168383578,2.380252699882476,0.14820765601296204
laliga-2024-2025-04-20-real-madrid-v-ath-bilbao,2025-04-20,2024,Real Madrid,Ath Bilbao,1,0,2,0.8333333333333334,0.0,318.5003176539524,7,7,999,0,1.0,0,999,0,1.0,0,0,0,4.0,0.0,1.0,9.0,6.0,2.4,2.3333333333333335,2.1884057971014492,0.8260869565217391,1.8,1.2,2.588235294117647,2.085714285714286,2.5,0.7352941176470589,1.8857142857142857,0.9142857142857143,0.463768115942029,0.057971014492753624,0.06666666666666643,12.33493626402165,12.475447830770602,4.245588315049165,12.548505097991866,2.424159176649579,-0.14051156674895351,2.0,3.0,0.0,5.0,2.0,1.8,1.8115942028985508,1.5942028985507246,0.8985507246376812,1.0,0.4,2.142857142857143,1.4705882352941178,2.057142857142857,0.8,1.1176470588235294,1.0,0.4057971014492754,0.21739130434782608,-0.011594202898550732,12.499095110389504,12.350887454376544,4.309096029067583,12.566620168383578,2.380252699882476,0.14820765601296204
laliga-2024-2025-04-21-girona-v-betis,2025-04-21,2024,Girona,Betis,1,3,0,0.4166666666666667,0.0,908.8557335333999,8,8,999,0,1.0,0,999,0,1.0,0,0,0,0.0,2.0,3.0,4.0,9.0,0.4,1.6666666666666667,1.7826086956521738,1.3623188405797102,0.8,1.8,2.0,1.3428571428571427,2.2941176470588234,1.2352941176470589,1.2857142857142858,1.4857142857142858,0.2608695652173913,0.2318840579710145,-1.2666666666666666,12.33493626402165,12.475447830770602,4.245588315049165,12.548505097991866,2.424159176649579,-0.14051156674895351,3.0,1.0,1.0,8.0,6.0,2.0,1.5217391304347827,1.3043478260869565,1.2173913043478262,1.6,1.2,1.8,1.2352941176470589,1.4857142857142858,1.0571428571428572,1.1176470588235294,1.3823529411764706,0.2898550724637681,0.18840579710144928,0.4782608695652173,12.499095110389504,12.350887454376544,4.309096029067583,12.566620168383578,2.380252699882476,0.14820765601296204
laliga-2024-2025-04-22-valencia-v-espanyol,2025-04-22,2024,Valencia,Espanyol,1,1,1,0.625,0.0,293.83949171694553,3,4,999,0,1.0,0,999,0,1.0,0,0,0,3.0,2.0,0.0,6.0,3.0,2.2,1.2428571428571429,1.0857142857142856,1.3285714285714285,1.2,0.6,1.6285714285714286,0.8571428571428571,1.2,0.9142857142857143,0.9714285714285714,1.7428571428571429,0.2857142857142857,0.3,0.9571428571428573,12.33493626402165,12.475447830770602,4.245588315049165,12.548505097991866,2.424159176649579,-0.14051156674895351,3.0,1.0,1.0,9.0,3.0,2.0,1.2258064516129032,1.096774193548387,1.2903225806451613,1.8,0.6,1.6875,0.7333333333333333,1.25,1.0,0.9333333333333333,1.6,0.22580645161290322,0.25806451612903225,0.7741935483870968,12.499095110389504,12.350887454376544,4.309096029067583,12.566620168383578,2.380252699882476,0.14820765601296204
laliga-2024-2025-04-22-barcelona-v-mallorca,2025-04-22,2024,Barcelona,Mallorca,1,0,2,0.9166666666666666,0.0,204.36438304288018,3,3,999,0,1.0,0,999,0,1.0,0,0,0,4.0,1.0,0.0,13.0,5.0,2.6,2.257142857142857,2.3857142857142857,1.0857142857142856,2.6,1.0,2.3714285714285714,2.142857142857143,2.5142857142857142,1.0,2.257142857142857,1.1714285714285715,0.38571428571428573,0.05714285714285714,0.34285714285714297,12.33493626402165,12.475447830770602,4.245588315049165,12.548505097991866,2.424159176649579,-0.14051156674895351,2.0,1.0,2.0,5.0,4.0,1.4,1.2,0.9142857142857143,1.1571428571428573,1.0,0.8,1.3888888888888888,1.0,0.9444444444444444,0.9444444444444444,0.8823529411764706,1.3823529411764706,0.2571428571428571,0.37142857142857144,0.19999999999999996,12.499095110389504,12.350887454376544,4.309096029067583,12.566620168383578,2.380252699882476,0.14820765601296204
laliga-2024-2025-04-23-ath-bilbao-v-las-palmas,2025-04-23,2024,Ath Bilbao,Las Palmas,1,0,2,1.0,0.0,2024.3095310857846,3,4,999,0,1.0,0,999,0,1.0,0,0,0,2.0,2.0,1.0,4.0,2.0,1.6,1.7857142857142858,1.5714285714285714,0.9,0.8,0.4,2.142857142857143,1.4285714285714286,2.057142857142857,0.8,1.0857142857142856,1.0,0.4,0.22857142857142856,-0.18571428571428572,12.33493626402165,12.475447830770602,4.245588315049165,12.548505097991866,2.424159176649579,-0.14051156674895351,2.0,2.0,1.0,8.0,7.0,1.6,1.0285714285714285,1.0142857142857142,1.4142857142857144,1.6,1.4,1.1714285714285715,0.8857142857142857,1.1142857142857143,1.2571428571428571,0.9142857142857143,1.5714285714285714,0.17142857142857143,0.32857142857142857,0.5714285714285716,12.499095110389504,12.350887454376544,4.309096029067583,12.566620168383578,2.380252699882476,0.14820765601296204
laliga-2024-2025-04-23-celta-v-villarreal,2025-04-23,2024,Celta,Villarreal,3,0,2,0.4166666666666667,0.0,766.1990508700139,4,3,999,0,1.0,0,999,0,1.0,0,0,0,2.0,1.0,2.0,7.0,8.0,1.4,1.2,1.3285714285714285,1.5142857142857142,1.4,1.6,1.542857142857143,0.8571428571428571,1.3142857142857143,1.1428571428571428,1.3428571428571427,1.8857142857142857,0.17142857142857143,0.24285714285714285,0.19999999999999996,12.33493626402165,12.475447830770602,4.245588315049165,12.548505097991866,2.424159176649579,-0.14051156674895351,2.0,2.0,1.0,7.0,6.0,1.6,1.5217391304347827,1.7391304347826086,1.5507246376811594,1.4,1.2,1.411764705882353,1.6285714285714286,1.9705882352941178,1.6176470588235294,1.5142857142857142,1.4857142857142858,0.14492753623188406,0.13043478260869565,0.07826086956521738,12.499095110389504,12.350887454376544,4.309096029067583,12.566620168383578,2.380252699882476,0.14820765601296204
laliga-2024-2025-04-23-alaves-v-real-sociedad,2025-04-23,2024,Alaves,Real Sociedad,1,0,2,0.6666666666666666,0.0,76.09471311143147,3,3,999,0,1.0,0,999,0,1.0,0,0,0,1.0,2.0,2.0,4.0,6.0,1.0,1.1,1.0,1.3142857142857143,0.8,1.2,1.3823529411764706,0.8333333333333334,1.0,1.0294117647058822,1.0,1.5833333333333333,0.22857142857142856,0.37142857142857144,-0.10000000000000009,12.33493626402165,12.475447830770602,4.245588315049165,12.548505097991866,2.424159176649579,-0.14051156674895351,2.0,2.0,1.0,9.0,8.0,1.6,1.457142857142857,1.1857142857142857,1.0714285714285714,1.8,1.6,1.5142857142857142,1.4,1.2285714285714286,1.0571428571428572,1.1428571428571428,1.0857142857142856,0.38571428571428573,0.34285714285714286,0.14285714285714302,12.499095110389504,12.350887454376544,4.309096029067583,12.566620168383578,2.380252699882476,0.14820765601296204
laliga-2024-2025-04-23-getafe-v-real-madrid,2025-04-23,2024,Getafe,Real Madrid,0,1,0,0.16666666666666666,0.0,16.272976255040476,5,3,999,0,1.0,0,999,0,1.0,0,0,0,2.0,0.0,3.0,8.0,7.0,1.2,1.1714285714285715,1.042857142857143,1.1857142857142857,1.6,1.4,1.3714285714285714,0.9714285714285714,0.9714285714285714,1.0285714285714285,1.1142857142857143,1.3428571428571427,0.2714285714285714,0.38571428571428573,0.02857142857142847,12.33493626402165,12.475447830770602,4.245588315049165,12.548505097991866,2.424159176649579,-0.14051156674895351,4.0,0.0,1.0,8.0,5.0,2.4,2.342857142857143,2.1714285714285713,0.8142857142857143,1.6,1.0,2.6,2.085714285714286,2.4571428571428573,0.7142857142857143,1.8857142857142857,0.9142857142857143,0.4714285714285714,0.05714285714285714,0.05714285714285694,12.499095110389504,12.350887454376544,4.309096029067583,12.566620168383578,2.380252699882476,0.14820765601296204
laliga-2024-2025-04-24-leganes-v-girona,2025-04-24,2024,Leganes,Girona,1,1,1,0.25,0.0,581.2184774508437,5,3,999,0,1.0,0,999,0,1.0,0,0,0,0.0,2.0,3.0,5.0,8.0,0.4,0.90625,0.90625,1.5,1.0,1.6,1.125,0.6875,1.0,1.5,0.8125,1.5,0.28125,0.40625,-0.50625,12.33493626402165,12.475447830770602,4.245588315049165,12.548505097991866,2.424159176649579,-0.14051156674895351,0.0,1.0,4.0,4.0,11.0,0.2,1.6428571428571428,1.7714285714285714,1.3857142857142857,0.8,2.2,1.9428571428571428,1.3428571428571427,2.257142857142857,1.2857142857142858,1.2857142857142858,1.4857142857142858,0.2571428571428571,0.22857142857142856,-1.4428571428571428,12.499095110389504,12.350887454376544,4.309096029067583,12.566620168383578,2.380252699882476,0.14820765601296204
laliga-2024-2025-04-24-osasuna-v-sevilla,2025-04-24,2024,Osasuna,Sevilla,1,0,2,0.5833333333333334,0.0,705.5950045460971,4,4,999,0,1.0,0,999,0,1.0,0,0,0,2.0,2.0,1.0,6.0,7.0,1.6,1.2285714285714286,1.2,1.457142857142857,1.2,1.4,1.4285714285714286,1.0285714285714285,1.3428571428571427,1.4,1.0571428571428572,1.5142857142857142,0.22857142857142856,0.2571428571428571,0.37142857142857144,12.33493626402165,12.475447830770602,4.245588315049165,12.548505097991866,2.424159176649579,-0.14051156674895351,0.0,1.0,4.0,3.0,7.0,0.2,1.1142857142857143,1.1857142857142857,1.3857142857142857,0.6,1.4,1.2285714285714286,1.0,1.1714285714285715,1.3142857142857143,1.2,1.457142857142857,0.24285714285714285,0.24285714285714285,-0.9142857142857144,12.499095110389504,12.350887454376544,4.309096029067583,12.566620168383578,2.380252699882476,0.14820765601296204
laliga-2024-2025-04-24-ath-madrid-v-rayo-vallecano,2025-04-24,2024,Ath Madrid,Rayo Vallecano,3,0,2,0.75,0.0,7.149352263268357,5,5,999,0,1.0,0,999,0,1.0,0,0,0,2.0,1.0,2.0,9.0,9.0,1.4,1.9857142857142858,1.7571428571428571,1.0,1.8,1.8,2.4571428571428573,1.5142857142857142,2.085714285714286,1.0285714285714285,1.4285714285714286,0.9714285714285714,0.37142857142857144,0.17142857142857143,-0.5857142857142859,12.33493626402165,12.475447830770602,4.245588315049165,12.548505097991866,2.424159176649579,-0.14051156674895351,1.0,2.0,2.0,6.0,10.0,1.0,1.1285714285714286,0.9142857142857143,1.2428571428571429,1.2,2.0,1.1714285714285715,1.0857142857142856,1.1142857142857143,1.4285714285714286,0.7142857142857143,1.0571428571428572,0.2857142857142857,0.37142857142857144,-0.12857142857142856,12.499095110389504,12.350887454376544,4.309096029067583,12.566620168383578,2.380252699882476,0.14820765601296204
laliga-2024-2025-04-24-betis-v-valladolid,2025-04-24,2024,Betis,Valladolid,5,1,2,0.5,0.0,485.39958641597144,3,4,999,0,1.0,0,999,0,1.0,0,0,0,3.0,1.0,1.0,10.0,7.0,2.0,1.542857142857143,1.3285714285714285,1.2142857142857142,2.0,1.4,1.8,1.2857142857142858,1.4857142857142858,1.0571428571428572,1.1714285714285715,1.3714285714285714,0.2857142857142857,0.18571428571428572,0.4571428571428571,12.33493626402165,12.475447830770602,4.245588315049165,12.548505097991866,2.424159176649579,-0.14051156674895351,0.0,0.0,5.0,5.0,14.0,0.0,0.5,0.71875,2.375,1.0,2.8,0.8125,0.1875,0.625,1.75,0.8125,3.0,0.15625,0.40625,-0.5,12.499095110389504,12.350887454376544,4.309096029067583,12.566620168383578,2.380252699882476,0.14820765601296204
laliga-2024-2025-04-27-villarreal-v-espanyol,2025-04-27,2024,Villarreal,Espanyol,1,0,2,1.0,0.0,241.03429357682708,4,5,999,0,1.0,0,999,0,1.0,0,0,0,2.0,2.0,1.0,6.0,7.0,1.6,1.5,1.7142857142857142,1.5714285714285714,1.2,1.4,1.411764705882353,1.5833333333333333,1.9705882352941178,1.6176470588235294,1.4722222222222223,1.5277777777777777,0.14285714285714285,0.14285714285714285,0.10000000000000009,12.33493626402165,12.475447830770602,4.245588315049165,12.548505097991866,2.424159176649579,-0.14051156674895351,3.0,2.0,0.0,9.0,2.0,2.2,1.21875,1.09375,1.28125,1.8,0.4,1.6875,0.75,1.25,1.0,0.9375,1.5625,0.21875,0.25,0.9812500000000002,12.499095110389504,12.350887454376544,4.309096029067583,12.566620168383578,2.380252699882476,0.14820765601296204
laliga-2024-2025-05-02-rayo-vallecano-v-getafe,2025-05-02,2024,Rayo Vallecano,Getafe,1,0,2,0.75,0.0,10.377781893936726,8,9,999,0,1.0,0,999,0,1.0,0,0,0,1.0,1.0,3.0,4.0,11.0,0.8,1.1126760563380282,0.9014084507042254,1.267605633802817,0.8,2.2,1.1714285714285715,1.0555555555555556,1.1142857142857143,1.4285714285714286,0.6944444444444444,1.1111111111111112,0.28169014084507044,0.38028169014084506,-0.3126760563380282,12.33493626402165,12.475447830770602,4.245588315049165,12.548505097991866,2.424159176649579,-0.14051156674895351,1.0,0.0,4.0,6.0,7.0,0.6,1.1549295774647887,1.028169014084507,1.1830985915492958,1.2,1.4,1.3333333333333333,0.9714285714285714,0.9444444444444444,1.0277777777777777,1.1142857142857143,1.3428571428571427,0.2676056338028169,0.39436619718309857,-0.5549295774647888,12.499095110389504,12.350887454376544,4.309096029067583,12.566620168383578,2.380252699882476,0.14820765601296204
laliga-2024-2025-05-03-alaves-v-ath-madrid,2025-05-03,2024,Alaves,Ath Madrid,0,0,1,0.3333333333333333,0.0,278.7572782834927,10,9,999,0,1.0,0,999,0,1.0,0,0,0,2.0,1.0,2.0,3.0,4.0,1.4,1.1267605633802817,1.0,1.295774647887324,0.6,0.8,1.4285714285714286,0.8333333333333334,1.0,1.0,1.0,1.5833333333333333,0.23943661971830985,0.36619718309859156,0.27323943661971817,12.33493626402165,12.475447830770602,4.245588315049165,12.548505097991866,2.424159176649579,-0.14051156674895351,3.0,1.0,1.0,10.0,5.0,2.0,2.0,1.7746478873239437,0.9859154929577465,2.0,1.0,2.4722222222222223,1.5142857142857142,2.111111111111111,1.0,1.4285714285714286,0.9714285714285714,0.38028169014084506,0.16901408450704225,0.0,12.499095110389504,12.350887454376544,4.309096029067583,12.566620168383578,2.380252699882476,0.14820765601296204
laliga-2024-2025-05-03-villarreal-v-osasuna,2025-05-03,2024,Villarreal,Osasuna,4,2,2,0.75,0.0,342.07411911647984,6,9,999,0,1.0,0,999,0,1.0,0,0,0,2.0,2.0,1.0,5.0,6.0,1.6,1.5211267605633803,1.704225352112676,1.5492957746478873,1.0,1.2,1.457142857142857,1.5833333333333333,1.9428571428571428,1.5714285714285714,1.4722222222222223,1.5277777777777777,0.15492957746478872,0.14084507042253522,0.07887323943661984,12.33493626402165,12.475447830770602,4.245588315049165,12.548505097991866,2.424159176649579,-0.14051156674895351,3.0,2.0,0.0,7.0,4.0,2.2,1.2535211267605635,1.1971830985915493,1.4366197183098592,1.4,0.8,1.4722222222222223,1.0285714285714285,1.3333333333333333,1.3611111111111112,1.0571428571428572,1.5142857142857142,0.23943661971830985,0.2535211267605634,0.9464788732394367,12.499095110389504,12.350887454376544,4.309096029067583,12.566620168383578,2.380252699882476,0.14820765601296204
laliga-2024-2025-05-03-las-palmas-v-valencia,2025-05-03,2024,Las Palmas,Valencia,2,3,0,0.5,0.0,1877.022098441451,10,11,999,0,1.0,0,999,0,1.0,0,0,0,2.0,1.0,2.0,6.0,6.0,1.4,1.0140845070422535,1.0,1.408450704225352,1.2,1.2,1.1714285714285715,0.8611111111111112,1.1142857142857143,1.2571428571428571,0.8888888888888888,1.5555555555555556,0.16901408450704225,0.3380281690140845,0.3859154929577464,12.33493626402165,12.475447830770602,4.245588315049165,12.548505097991866,2.424159176649579,-0.14051156674895351,3.0,2.0,0.0,6.0,3.0,2.2,1.2394366197183098,1.0845070422535212,1.323943661971831,1.2,0.6,1.6111111111111112,0.8571428571428571,1.1944444444444444,0.9166666666666666,0.9714285714285714,1.7428571428571429,0.28169014084507044,0.29577464788732394,0.9605633802816904,12.499095110389504,12.350887454376544,4.309096029067583,12.566620168383578,2.380252699882476,0.14820765601296204
laliga-2024-2025-05-03-valladolid-v-barcelona,2025-05-03,2024,Valladolid,Barcelona,1,2,0,0.0,0.0,571.0617547850223,9,11,999,0,1.0,0,999,0,1.0,0,0,0,0.0,0.0,5.0,6.0,18.0,0.0,0.48484848484848486,0.7272727272727273,2.4545454545454546,1.2,3.6,0.8125,0.17647058823529413,0.625,1.75,0.8235294117647058,3.1176470588235294,0.15151515151515152,0.3939393939393939,-0.48484848484848486,12.33493626402165,12.475447830770602,4.245588315049165,12.548505097991866,2.424159176649579,-0.14051156674895351,4.0,1.0,0.0,11.0,5.0,2.6,2.267605633802817,2.3661971830985915,1.0704225352112675,2.2,1.0,2.388888888888889,2.142857142857143,2.4722222222222223,0.9722222222222222,2.257142857142857,1.1714285714285715,0.39436619718309857,0.056338028169014086,0.3323943661971831,12.499095110389504,12.350887454376544,4.309096029067583,12.566620168383578,2.380252699882476,0.14820765601296204
laliga-2024-2025-05-04-real-madrid-v-celta,2025-05-04,2024,Real Madrid,Celta,3,2,2,0.8333333333333334,0.0,464.8541080530331,11,11,999,0,1.0,0,999,0,1.0,0,0,0,4.0,0.0,1.0,7.0,4.0,2.4,2.352112676056338,2.1549295774647885,0.8028169014084507,1.4,0.8,2.6,2.111111111111111,2.4571428571428573,0.7142857142857143,1.8611111111111112,0.8888888888888888,0.4788732394366197,0.056338028169014086,0.04788732394366191,12.33493626402165,12.475447830770602,4.245588315049165,12.548505097991866,2.424159176649579,-0.14051156674895351,2.0,1.0,2.0,9.0,8.0,1.4,1.2253521126760563,1.352112676056338,1.4929577464788732,1.8,1.6,1.5833333333333333,0.8571428571428571,1.3611111111111112,1.1111111111111112,1.3428571428571427,1.8857142857142857,0.18309859154929578,0.23943661971830985,0.17464788732394365,12.499095110389504,12.350887454376544,4.309096029067583,12.566620168383578,2.380252699882476,0.14820765601296204
laliga-2024-2025-05-04-sevilla-v-leganes,2025-05-04,2024,Sevilla,Leganes,2,2,1,0.25,0.0,378.9361793197723,10,10,999,0,1.0,0,999,0,1.0,0,0,0,0.0,1.0,4.0,3.0,7.0,0.2,1.0985915492957747,1.1690140845070423,1.380281690140845,0.6,1.4,1.2285714285714286,0.9722222222222222,1.1714285714285715,1.3142857142857143,1.1666666666666667,1.4444444444444444,0.23943661971830985,0.2535211267605634,-0.8985915492957748,12.33493626402165,12.475447830770602,4.245588315049165,12.548505097991866,2.424159176649579,-0.14051156674895351,0.0,3.0,2.0,4.0,6.0,0.6,0.9090909090909091,0.9090909090909091,1.4848484848484849,0.8,1.2,1.1176470588235294,0.6875,1.0,1.4705882352941178,0.8125,1.5,0.2727272727272727,0.3939393939393939,-0.3090909090909091,12.499095110389504,12.350887454376544,4.309096029067583,12.566620168383578,2.380252699882476,0.14820765601296204
laliga-2024-2025-05-04-espanyol-v-betis,2025-05-04,2024,Espanyol,Betis,1,2,0,0.125,0.0,819.5876816472664,7,10,999,0,1.0,0,999,0,1.0,0,0,0,3.0,1.0,1.0,8.0,2.0,2.0,1.1818181818181819,1.0606060606060606,1.2727272727272727,1.6,0.4,1.6875,0.7058823529411765,1.25,1.0,0.8823529411764706,1.5294117647058822,0.21212121212121213,0.2727272727272727,0.8181818181818181,12.33493626402165,12.475447830770602,4.245588315049165,12.548505097991866,2.424159176649579,-0.14051156674895351,3.0,1.0,1.0,12.0,6.0,2.0,1.5633802816901408,1.380281690140845,1.2112676056338028,2.4,1.2,1.8333333333333333,1.2857142857142858,1.5833333333333333,1.0555555555555556,1.1714285714285715,1.3714285714285714,0.28169014084507044,0.18309859154929578,0.43661971830985924,12.499095110389504,12.350887454376544,4.309096029067583,12.566620168383578,2.380252699882476,0.14820765601296204
laliga-2024-2025-05-04-real-sociedad-v-ath-bilbao,2025-05-04,2024,Real Sociedad,Ath Bilbao,0,0,1,0.5,0.0,79.03093796419422,11,11,999,0,1.0,0,999,0,1.0,0,0,0,2.0,1.0,2.0,7.0,7.0,1.4,1.4366197183098592,1.1690140845070423,1.0704225352112675,1.4,1.4,1.5142857142857142,1.3611111111111112,1.2285714285714286,1.0571428571428572,1.1111111111111112,1.0833333333333333,0.38028169014084506,0.352112676056338,-0.03661971830985933,12.33493626402165,12.475447830770602,4.245588315049165,12.548505097991866,2.424159176649579,-0.14051156674895351,2.0,2.0,1.0,4.0,2.0,1.6,1.8028169014084507,1.5633802816901408,0.8873239436619719,0.8,0.4,2.1666666666666665,1.4285714285714286,2.0277777777777777,0.7777777777777778,1.0857142857142856,1.0,0.4084507042253521,0.22535211267605634,-0.20281690140845066,12.499095110389504,12.350887454376544,4.309096029067583,12.566620168383578,2.380252699882476,0.14820765601296204
laliga-2024-2025-05-05-girona-v-mallorca,2025-05-05,2024,Girona,Mallorca,1,0,2,0.5,0.0,266.14096704721,11,13,999,0,1.0,0,999,0,1.0,0,0,0,0.0,1.0,4.0,4.0,11.0,0.2,1.6338028169014085,1.7605633802816902,1.380281690140845,0.8,2.2,1.9428571428571428,1.3333333333333333,2.257142857142857,1.2857142857142858,1.2777777777777777,1.4722222222222223,0.2535211267605634,0.22535211267605634,-1.4338028169014085,12.33493626402165,12.475447830770602,4.245588315049165,12.548505097991866,2.424159176649579,-0.14051156674895351,1.0,1.0,3.0,3.0,4.0,0.8,1.1830985915492958,0.9014084507042254,1.1549295774647887,0.6,0.8,1.3888888888888888,0.9714285714285714,0.9444444444444444,0.9444444444444444,0.8571428571428571,1.3714285714285714,0.2535211267605634,0.38028169014084506,-0.3830985915492957,12.499095110389504,12.350887454376544,4.309096029067583,12.566620168383578,2.380252699882476,0.14820765601296204
laliga-2024-2025-05-09-las-palmas-v-rayo-vallecano,2025-05-09,2024,Las Palmas,Rayo Vallecano,0,1,0,0.5,0.0,1741.0431009862502,6,7,999,0,1.0,0,999,0,1.0,0,0,0,2.0,0.0,3.0,7.0,8.0,1.2,1.0,1.0138888888888888,1.4305555555555556,1.4,1.6,1.1388888888888888,0.8611111111111112,1.1388888888888888,1.3055555555555556,0.8888888888888888,1.5555555555555556,0.16666666666666666,0.3333333333333333,0.19999999999999996,12.33493626402165,12.475447830770602,4.245588315049165,12.548505097991866,2.424159176649579,-0.14051156674895351,1.0,1.0,3.0,3.0,11.0,0.8,1.1388888888888888,0.9027777777777778,1.25,0.6,2.2,1.2222222222222223,1.0555555555555556,1.1111111111111112,1.3888888888888888,0.6944444444444444,1.1111111111111112,0.2916666666666667,0.375,-0.3388888888888888,12.499095110389504,12.350887454376544,4.309096029067583,12.566620168383578,2.380252699882476,0.14820765601296204
laliga-2024-2025-05-10-valencia-v-getafe,2025-05-10,2024,Valencia,Getafe,3,0,2,0.75,0.0,299.5255146224806,7,8,999,0,1.0,0,999,0,1.0,0,0,0,3.0,2.0,0.0,8.0,5.0,2.2,1.2638888888888888,1.1111111111111112,1.3333333333333333,1.6,1.0,1.6111111111111112,0.9166666666666666,1.1944444444444444,0.9166666666666666,1.0277777777777777,1.75,0.2777777777777778,0.2916666666666667,0.9361111111111113,12.33493626402165,12.475447830770602,4.245588315049165,12.548505097991866,2.424159176649579,-0.14051156674895351,1.0,0.0,4.0,5.0,6.0,0.6,1.1388888888888888,1.0138888888888888,1.1805555555555556,1.0,1.2,1.3333333333333333,0.9444444444444444,0.9444444444444444,1.0277777777777777,1.0833333333333333,1.3333333333333333,0.2638888888888889,0.4027777777777778,-0.5388888888888889,12.499095110389504,12.350887454376544,4.309096029067583,12.566620168383578,2.380252699882476,0.14820765601296204
laliga-2024-2025-05-10-celta-v-sevilla,2025-05-10,2024,Celta,Sevilla,3,2,2,0.75,0.0,586.5673239379203,6,6,999,0,1.0,0,999,0,1.0,0,0,0,2.0,0.0,3.0,10.0,10.0,1.2,1.2083333333333333,1.3611111111111112,1.5138888888888888,2.0,2.0,1.5833333333333333,0.8333333333333334,1.3611111111111112,1.1111111111111112,1.3611111111111112,1.9166666666666667,0.18055555555555555,0.2361111111111111,-0.008333333333333304,12.33493626402165,12.475447830770602,4.245588315049165,12.548505097991866,2.424159176649579,-0.14051156674895351,0.0,2.0,3.0,4.0,7.0,0.4,1.0972222222222223,1.1805555555555556,1.3888888888888888,0.8,1.4,1.2222222222222223,0.9722222222222222,1.1944444444444444,1.3333333333333333,1.1666666666666667,1.4444444444444444,0.2361111111111111,0.25,-0.6972222222222223,12.499095110389504,12.350887454376544,4.309096029067583,12.566620168383578,2.380252699882476,0.14820765601296204
laliga-2024-2025-05-10-girona-v-villarreal,2025-05-10,2024,Girona,Villarreal,0,1,0,0.4166666666666667,0.0,333.97916287092954,5,7,999,0,1.0,0,999,0,1.0,0,0,0,1.0,1.0,3.0,4.0,7.0,0.8,1.6527777777777777,1.75,1.3611111111111112,0.8,1.4,1.9722222222222223,1.3333333333333333,2.2222222222222223,1.25,1.2777777777777777,1.4722222222222223,0.2638888888888889,0.2222222222222222,-0.8527777777777776,12.33493626402165,12.475447830770602,4.245588315049165,12.548505097991866,2.424159176649579,-0.14051156674895351,3.0,1.0,1.0,9.0,8.0,2.0,1.5416666666666667,1.7361111111111112,1.5555555555555556,1.8,1.6,1.5,1.5833333333333333,2.0,1.5833333333333333,1.4722222222222223,1.5277777777777777,0.1527777777777778,0.1388888888888889,0.45833333333333326,12.499095110389504,12.350887454376544,4.309096029067583,12.566620168383578,2.380252699882476,0.14820765601296204
laliga-2024-2025-05-10-mallorca-v-valladolid,2025-05-10,2024,Mallorca,Valladolid,2,1,2,1.0,0.0,661.4967696597531,5,7,999,0,1.0,0,999,0,1.0,0,0,0,1.0,1.0,3.0,3.0,4.0,0.8,1.1666666666666667,0.8888888888888888,1.1527777777777777,0.6,0.8,1.3888888888888888,0.9444444444444444,0.9444444444444444,0.9444444444444444,0.8333333333333334,1.3611111111111112,0.25,0.3888888888888889,-0.3666666666666667,12.33493626402165,12.475447830770602,4.245588315049165,12.548505097991866,2.424159176649579,-0.14051156674895351,0.0,0.0,5.0,6.0,18.0,0.0,0.47058823529411764,0.7352941176470589,2.4411764705882355,1.2,3.6,0.7647058823529411,0.17647058823529413,0.6470588235294118,1.7647058823529411,0.8235294117647058,3.1176470588235294,0.14705882352941177,0.38235294117647056,-0.47058823529411764,12.499095110389504,12.350887454376544,4.309096029067583,12.566620168383578,2.380252699882476,0.14820765601296204
laliga-2024-2025-05-10-ath-madrid-v-real-sociedad,2025-05-10,2024,Ath Madrid,Real Sociedad,4,0,2,0.8571428571428571,0.0,345.70247151879346,7,6,999,0,1.0,0,999,0,1.0,0,0,0,3.0,1.0,1.0,9.0,4.0,2.0,1.9861111111111112,1.75,0.9722222222222222,1.8,0.8,2.4722222222222223,1.5,2.111111111111111,1.0,1.3888888888888888,0.9444444444444444,0.3888888888888889,0.18055555555555555,0.01388888888888884,12.33493626402165,12.475447830770602,4.245588315049165,12.548505097991866,2.424159176649579,-0.14051156674895351,1.0,2.0,2.0,5.0,6.0,1.0,1.4305555555555556,1.1527777777777777,1.0555555555555556,1.0,1.2,1.5,1.3611111111111112,1.1944444444444444,1.0277777777777777,1.1111111111111112,1.0833333333333333,0.3888888888888889,0.3611111111111111,-0.4305555555555556,12.499095110389504,12.350887454376544,4.309096029067583,12.566620168383578,2.380252699882476,0.14820765601296204
laliga-2024-2025-05-11-leganes-v-espanyol,2025-05-11,2024,Leganes,Espanyol,3,2,2,0.75,0.0,504.16794317554127,7,7,999,0,1.0,0,999,0,1.0,0,0,0,0.0,4.0,1.0,4.0,5.0,0.8,0.9117647058823529,0.9411764705882353,1.5,0.8,1.0,1.1176470588235294,0.7058823529411765,1.0,1.4705882352941178,0.8823529411764706,1.5294117647058822,0.2647058823529412,0.38235294117647056,-0.11176470588235288,12.33493626402165,12.475447830770602,4.245588315049165,12.548505097991866,2.424159176649579,-0.14051156674895351,2.0,1.0,2.0,5.0,4.0,1.4,1.1470588235294117,1.0588235294117647,1.2941176470588236,1.0,0.8,1.588235294117647,0.7058823529411765,1.2352941176470589,1.0588235294117647,0.8823529411764706,1.5294117647058822,0.20588235294117646,0.2647058823529412,0.2529411764705882,12.499095110389504,12.350887454376544,4.309096029067583,12.566620168383578,2.380252699882476,0.14820765601296204
laliga-2024-2025-05-11-barcelona-v-real-madrid,2025-05-11,2024,Barcelona,Real Madrid,4,3,2,0.5,0.0,499.0682158063144,8,7,999,0,1.0,0,999,0,1.0,0,0,0,4.0,1.0,0.0,9.0,5.0,2.6,2.2777777777777777,2.361111111111111,1.0694444444444444,1.8,1.0,2.388888888888889,2.1666666666666665,2.4722222222222223,0.9722222222222222,2.25,1.1666666666666667,0.3888888888888889,0.05555555555555555,0.3222222222222224,12.33493626402165,12.475447830770602,4.245588315049165,12.548505097991866,2.424159176649579,-0.14051156674895351,4.0,0.0,1.0,7.0,4.0,2.4,2.361111111111111,2.1666666666666665,0.8194444444444444,1.4,0.8,2.611111111111111,2.111111111111111,2.4722222222222223,0.75,1.8611111111111112,0.8888888888888888,0.4722222222222222,0.05555555555555555,0.03888888888888875,12.499095110389504,12.350887454376544,4.309096029067583,12.566620168383578,2.380252699882476,0.14820765601296204
laliga-2024-2025-05-11-ath-bilbao-v-alaves,2025-05-11,2024,Ath Bilbao,Alaves,1,0,2,0.7142857142857143,0.0,51.43559190820587,7,8,999,0,1.0,0,999,0,1.0,0,0,0,2.0,2.0,1.0,4.0,2.0,1.6,1.7916666666666667,1.5416666666666667,0.875,0.8,0.4,2.1666666666666665,1.4166666666666667,2.0277777777777777,0.7777777777777778,1.0555555555555556,0.9722222222222222,0.4166666666666667,0.2361111111111111,-0.19166666666666665,12.33493626402165,12.475447830770602,4.245588315049165,12.548505097991866,2.424159176649579,-0.14051156674895351,2.0,2.0,1.0,3.0,2.0,1.6,1.125,0.9861111111111112,1.2777777777777777,0.6,0.4,1.4166666666666667,0.8333333333333334,0.9722222222222222,0.9722222222222222,1.0,1.5833333333333333,0.25,0.375,0.4750000000000001,12.499095110389504,12.350887454376544,4.309096029067583,12.566620168383578,2.380252699882476,0.14820765601296204
laliga-2024-2025-05-11-betis-v-osasuna,2025-05-11,2024,Betis,Osasuna,1,1,1,0.8333333333333334,0.0,705.5950045460971,7,8,999,0,1.0,0,999,0,1.0,0,0,0,3.0,1.0,1.0,12.0,6.0,2.0,1.5833333333333333,1.3888888888888888,1.2083333333333333,2.4,1.2,1.8333333333333333,1.3333333333333333,1.5833333333333333,1.0555555555555556,1.1944444444444444,1.3611111111111112,0.2777777777777778,0.18055555555555555,0.41666666666666674,12.33493626402165,12.475447830770602,4.245588315049165,12.548505097991866,2.424159176649579,-0.14051156674895351,3.0,1.0,1.0,9.0,8.0,2.0,1.2361111111111112,1.2083333333333333,1.4722222222222223,1.8,1.6,1.4722222222222223,1.0,1.3333333333333333,1.3611111111111112,1.0833333333333333,1.5833333333333333,0.2361111111111111,0.25,0.7638888888888888,12.499095110389504,12.350887454376544,4.309096029067583,12.566620168383578,2.380252699882476,0.14820765601296204
laliga-2024-2025-05-13-valladolid-v-girona,2025-05-13,2024,Valladolid,Girona,0,1,0,0.0,0.0,626.8114621612584,3,3,999,0,1.0,0,999,0,1.0,0,0,0,0.0,0.0,5.0,7.0,16.0,0.0,0.45714285714285713,0.7428571428571429,2.4285714285714284,1.4,3.2,0.7647058823529411,0.16666666666666666,0.6470588235294118,1.7647058823529411,0.8333333333333334,3.0555555555555554,0.14285714285714285,0.37142857142857144,-0.45714285714285713,12.33493626402165,12.475447830770602,4.245588315049165,12.548505097991866,2.424159176649579,-0.14051156674895351,1.0,1.0,3.0,4.0,7.0,0.8,1.63013698630137,1.726027397260274,1.356164383561644,0.8,1.4,1.9189189189189189,1.3333333333333333,2.1621621621621623,1.2432432432432432,1.2777777777777777,1.4722222222222223,0.2602739726027397,0.2328767123287671,-0.8301369863013699,12.499095110389504,12.350887454376544,4.309096029067583,12.566620168383578,2.380252699882476,0.14820765601296204
laliga-2024-2025-05-13-real-sociedad-v-celta,2025-05-13,2024,Real Sociedad,Celta,0,1,0,0.5,0.0,565.3485968116221,3,3,999,0,1.0,0,999,0,1.0,0,0,0,0.0,2.0,3.0,2.0,9.0,0.4,1.4109589041095891,1.1369863013698631,1.095890410958904,0.4,1.8,1.5,1.3243243243243243,1.1944444444444444,1.0277777777777777,1.0810810810810811,1.162162162162162,0.3835616438356164,0.3698630136986301,-1.010958904109589,12.33493626402165,12.475447830770602,4.245588315049165,12.548505097991866,2.424159176649579,-0.14051156674895351,2.0,0.0,3.0,11.0,11.0,1.2,1.2328767123287672,1.3835616438356164,1.5205479452054795,2.2,2.2,1.6216216216216217,0.8333333333333334,1.4054054054054055,1.135135135135135,1.3611111111111112,1.9166666666666667,0.1780821917808219,0.2328767123287671,-0.03287671232876721,12.499095110389504,12.350887454376544,4.309096029067583,12.566620168383578,2.380252699882476,0.14820765601296204
laliga-2024-2025-05-13-sevilla-v-las-palmas,2025-05-13,2024,Sevilla,Las Palmas,1,0,2,0.875,0.0,1359.3686806165017,3,4,999,0,1.0,0,999,0,1.0,0,0,0,0.0,2.0,3.0,5.0,8.0,0.4,1.082191780821918,1.1917808219178083,1.4109589041095891,1.0,1.6,1.2222222222222223,0.9459459459459459,1.1944444444444444,1.3333333333333333,1.1891891891891893,1.4864864864864864,0.2328767123287671,0.2465753424657534,-0.6821917808219179,12.33493626402165,12.475447830770602,4.245588315049165,12.548505097991866,2.424159176649579,-0.14051156674895351,2.0,0.0,3.0,6.0,6.0,1.2,0.9863013698630136,1.0,1.4246575342465753,1.2,1.2,1.1081081081081081,0.8611111111111112,1.1081081081081081,1.2972972972972974,0.8888888888888888,1.5555555555555556,0.1643835616438356,0.3424657534246575,0.2136986301369863,12.499095110389504,12.350887454376544,4.309096029067583,12.566620168383578,2.380252699882476,0.14820765601296204
laliga-2024-2025-05-14-villarreal-v-leganes,2025-05-14,2024,Villarreal,Leganes,3,0,2,1.0,0.0,314.28314928249824,4,3,999,0,1.0,0,999,0,1.0,0,0,0,3.0,1.0,1.0,8.0,7.0,2.0,1.5616438356164384,1.726027397260274,1.5342465753424657,1.6,1.4,1.5,1.6216216216216217,2.0,1.5833333333333333,1.4594594594594594,1.4864864864864864,0.1643835616438356,0.136986301369863,0.4383561643835616,12.33493626402165,12.475447830770602,4.245588315049165,12.548505097991866,2.424159176649579,-0.14051156674895351,1.0,3.0,1.0,6.0,6.0,1.2,0.9714285714285714,1.0,1.5142857142857142,1.2,1.2,1.2222222222222223,0.7058823529411765,1.1111111111111112,1.5,0.8823529411764706,1.5294117647058822,0.2571428571428571,0.37142857142857144,0.22857142857142854,12.499095110389504,12.350887454376544,4.309096029067583,12.566620168383578,2.380252699882476,0.14820765601296204
laliga-2024-2025-05-14-alaves-v-valencia,2025-05-14,2024,Alaves,Valencia,1,0,2,0.5714285714285714,0.0,421.45291985193836,3,4,999,0,1.0,0,999,0,1.0,0,0,0,1.0,2.0,2.0,2.0,3.0,1.0,1.1095890410958904,0.9726027397260274,1.273972602739726,0.4,0.6,1.4166666666666667,0.8108108108108109,0.9722222222222222,0.9722222222222222,0.972972972972973,1.5675675675675675,0.2465753424657534,0.3835616438356164,-0.1095890410958904,12.33493626402165,12.475447830770602,4.245588315049165,12.548505097991866,2.424159176649579,-0.14051156674895351,3.0,2.0,0.0,9.0,4.0,2.2,1.2876712328767124,1.1369863013698631,1.3150684931506849,1.8,0.8,1.6486486486486487,0.9166666666666666,1.2432432432432432,0.8918918918918919,1.0277777777777777,1.75,0.2876712328767123,0.2876712328767123,0.9123287671232878,12.499095110389504,12.350887454376544,4.309096029067583,12.566620168383578,2.380252699882476,0.14820765601296204
laliga-2024-2025-05-14-real-madrid-v-mallorca,2025-05-14,2024,Real Madrid,Mallorca,2,1,2,0.75,0.0,546.3638613496987,3,4,999,0,1.0,0,999,0,1.0,0,0,0,4.0,0.0,1.0,9.0,6.0,2.4,2.328767123287671,2.1780821917808217,0.863013698630137,1.8,1.2,2.611111111111111,2.054054054054054,2.4722222222222223,0.75,1.8918918918918919,0.972972972972973,0.4657534246575342,0.0547945205479452,0.0712328767123287,12.33493626402165,12.475447830770602,4.245588315049165,12.548505097991866,2.424159176649579,-0.14051156674895351,2.0,1.0,2.0,4.0,3.0,1.4,1.1917808219178083,0.9041095890410958,1.1506849315068493,0.8,0.6,1.4324324324324325,0.9444444444444444,0.972972972972973,0.9459459459459459,0.8333333333333334,1.3611111111111112,0.2465753424657534,0.3835616438356164,0.2082191780821916,12.499095110389504,12.350887454376544,4.309096029067583,12.566620168383578,2.380252699882476,0.14820765601296204
laliga-2024-2025-05-15-osasuna-v-ath-madrid,2025-05-15,2024,Osasuna,Ath Madrid,2,0,2,0.2857142857142857,0.0,308.9531646022417,4,5,999,0,1.0,0,999,0,1.0,0,0,0,3.0,1.0,1.0,9.0,8.0,2.0,1.2328767123287672,1.2054794520547945,1.4657534246575343,1.8,1.6,1.4722222222222223,1.0,1.3333333333333333,1.3611111111111112,1.0810810810810811,1.5675675675675675,0.2328767123287671,0.2465753424657534,0.7671232876712328,12.33493626402165,12.475447830770602,4.245588315049165,12.548505097991866,2.424159176649579,-0.14051156674895351,3.0,1.0,1.0,11.0,3.0,2.0,2.0,1.7808219178082192,0.958904109589041,2.2,0.6,2.4864864864864864,1.5,2.1621621621621623,0.972972972972973,1.3888888888888888,0.9444444444444444,0.3972602739726027,0.1780821917808219,0.0,12.499095110389504,12.350887454376544,4.309096029067583,12.566620168383578,2.380252699882476,0.14820765601296204
laliga-2024-2025-05-15-rayo-vallecano-v-betis,2025-05-15,2024,Rayo Vallecano,Betis,2,2,1,0.5,0.0,389.6758738843053,6,4,999,0,1.0,0,999,0,1.0,0,0,0,2.0,1.0,2.0,4.0,7.0,1.4,1.1643835616438356,0.9041095890410958,1.2328767123287672,0.8,1.4,1.2222222222222223,1.1081081081081081,1.1111111111111112,1.3888888888888888,0.7027027027027027,1.0810810810810811,0.3013698630136986,0.3698630136986301,0.2356164383561643,12.33493626402165,12.475447830770602,4.245588315049165,12.548505097991866,2.424159176649579,-0.14051156674895351,3.0,1.0,1.0,12.0,6.0,2.0,1.5753424657534247,1.3835616438356164,1.2054794520547945,2.4,1.2,1.8108108108108107,1.3333333333333333,1.5675675675675675,1.054054054054054,1.1944444444444444,1.3611111111111112,0.273972602739726,0.1780821917808219,0.42465753424657526,12.499095110389504,12.350887454376544,4.309096029067583,12.566620168383578,2.380252699882476,0.14820765601296204
laliga-2024-2025-05-15-espanyol-v-barcelona,2025-05-15,2024,Espanyol,Barcelona,0,2,0,0.0,0.0,5.985655151837929,4,4,999,0,1.0,0,999,0,1.0,0,0,0,1.0,1.0,3.0,5.0,7.0,0.8,1.1142857142857143,1.0857142857142856,1.3428571428571427,1.0,1.4,1.588235294117647,0.6666666666666666,1.2352941176470589,1.0588235294117647,0.9444444444444444,1.6111111111111112,0.2,0.2571428571428571,-0.3142857142857143,12.33493626402165,12.475447830770602,4.245588315049165,12.548505097991866,2.424159176649579,-0.14051156674895351,5.0,0.0,0.0,12.0,7.0,3.0,2.287671232876712,2.3835616438356166,1.095890410958904,2.4,1.4,2.4054054054054053,2.1666666666666665,2.5135135135135136,1.027027027027027,2.25,1.1666666666666667,0.3835616438356164,0.0547945205479452,0.7123287671232879,12.499095110389504,12.350887454376544,4.309096029067583,12.566620168383578,2.380252699882476,0.14820765601296204
laliga-2024-2025-05-15-getafe-v-ath-bilbao,2025-05-15,2024,Getafe,Ath Bilbao,0,2,0,0.5,0.0,334.75140847770354,5,4,999,0,1.0,0,999,0,1.0,0,0,0,0.0,0.0,5.0,1.0,9.0,0.0,1.1232876712328768,1.0,1.2054794520547945,0.2,1.8,1.3333333333333333,0.918918918918919,0.9444444444444444,1.0277777777777777,1.054054054054054,1.3783783783783783,0.2602739726027397,0.410958904109589,-1.1232876712328768,12.33493626402165,12.475447830770602,4.245588315049165,12.548505097991866,2.424159176649579,-0.14051156674895351,3.0,1.0,1.0,5.0,2.0,2.0,1.8082191780821917,1.5342465753424657,0.863013698630137,1.0,0.4,2.189189189189189,1.4166666666666667,2.0,0.7567567567567568,1.0555555555555556,0.9722222222222222,0.4246575342465753,0.2328767123287671,0.19178082191780832,12.499095110389504,12.350887454376544,4.309096029067583,12.566620168383578,2.380252699882476,0.14820765601296204
laliga-2024-2025-05-18-barcelona-v-villarreal,2025-05-18,2024,Barcelona,Villarreal,2,3,0,0.6666666666666666,0.0,246.9573901431134,3,4,999,0,1.0,0,999,0,1.0,0,0,0,5.0,0.0,0.0,13.0,7.0,3.0,2.2972972972972974,2.3783783783783785,1.0810810810810811,2.6,1.4,2.4054054054054053,2.189189189189189,2.5135135135135136,1.027027027027027,2.2432432432432434,1.135135135135135,0.3918918918918919,0.05405405405405406,0.7027027027027026,12.33493626402165,12.475447830770602,4.245588315049165,12.548505097991866,2.424159176649579,-0.14051156674895351,4.0,0.0,1.0,9.0,5.0,2.4,1.5810810810810811,1.7432432432432432,1.5135135135135136,1.8,1.0,1.5405405405405406,1.6216216216216217,2.027027027027027,1.5405405405405406,1.4594594594594594,1.4864864864864864,0.17567567567567569,0.13513513513513514,0.8189189189189188,12.499095110389504,12.350887454376544,4.309096029067583,12.566620168383578,2.380252699882476,0.14820765601296204
laliga-2024-2025-05-18-ath-madrid-v-betis,2025-05-18,2024,Ath Madrid,Betis,4,1,2,0.5833333333333334,0.0,396.6545503244278,3,3,999,0,1.0,0,999,0,1.0,0,0,0,2.0,1.0,2.0,7.0,3.0,1.4,1.972972972972973,1.7567567567567568,0.972972972972973,1.4,0.6,2.4864864864864864,1.4594594594594594,2.1621621621621623,0.972972972972973,1.3513513513513513,0.972972972972973,0.3918918918918919,0.1891891891891892,-0.5729729729729731,12.33493626402165,12.475447830770602,4.245588315049165,12.548505097991866,2.424159176649579,-0.14051156674895351,3.0,2.0,0.0,13.0,6.0,2.2,1.5675675675675675,1.3918918918918919,1.2162162162162162,2.6,1.2,1.8108108108108107,1.3243243243243243,1.5675675675675675,1.054054054054054,1.2162162162162162,1.3783783783783783,0.2702702702702703,0.17567567567567569,0.6324324324324326,12.499095110389504,12.350887454376544,4.309096029067583,12.566620168383578,2.380252699882476,0.14820765601296204
laliga-2024-2025-05-18-valencia-v-ath-bilbao,2025-05-18,2024,Valencia,Ath Bilbao,0,1,0,0.5833333333333334,0.0,472.84856035847474,4,3,999,0,1.0,0,999,0,1.0,0,0,0,2.0,2.0,1.0,8.0,5.0,1.6,1.2702702702702702,1.1216216216216217,1.3108108108108107,1.6,1.0,1.6486486486486487,0.8918918918918919,1.2432432432432432,0.8918918918918919,1.0,1.7297297297297298,0.28378378378378377,0.2972972972972973,0.3297297297297299,12.33493626402165,12.475447830770602,4.245588315049165,12.548505097991866,2.424159176649579,-0.14051156674895351,3.0,1.0,1.0,4.0,1.0,2.0,1.8243243243243243,1.5405405405405406,0.8513513513513513,0.8,0.2,2.189189189189189,1.4594594594594594,2.0,0.7567567567567568,1.0810810810810811,0.9459459459459459,0.43243243243243246,0.22972972972972974,0.17567567567567566,12.499095110389504,12.350887454376544,4.309096029067583,12.566620168383578,2.380252699882476,0.14820765601296204
laliga-2024-2025-05-18-las-palmas-v-leganes,2025-05-18,2024,Las Palmas,Leganes,0,1,0,0.0,0.0,1729.719225852088,5,4,999,0,1.0,0,999,0,1.0,0,0,0,1.0,0.0,4.0,3.0,6.0,0.6,0.972972972972973,0.9864864864864865,1.4189189189189189,0.6,1.2,1.1081081081081081,0.8378378378378378,1.1081081081081081,1.2972972972972974,0.8648648648648649,1.5405405405405406,0.16216216216216217,0.35135135135135137,-0.37297297297297305,12.33493626402165,12.475447830770602,4.245588315049165,12.548505097991866,2.424159176649579,-0.14051156674895351,1.0,3.0,1.0,6.0,8.0,1.2,0.9444444444444444,0.9722222222222222,1.5555555555555556,1.2,1.6,1.2222222222222223,0.6666666666666666,1.1111111111111112,1.5,0.8333333333333334,1.6111111111111112,0.25,0.3888888888888889,0.25555555555555554,12.499095110389504,12.350887454376544,4.309096029067583,12.566620168383578,2.380252699882476,0.14820765601296204
laliga-2024-2025-05-18-sevilla-v-real-madrid,2025-05-18,2024,Sevilla,Real Madrid,0,2,0,0.08333333333333333,0.0,394.25599339659567,5,4,999,0,1.0,0,999,0,1.0,0,0,0,1.0,2.0,2.0,6.0,7.0,1.0,1.1081081081081081,1.1891891891891893,1.3918918918918919,1.2,1.4,1.2702702702702702,0.9459459459459459,1.1891891891891893,1.2972972972972974,1.1891891891891893,1.4864864864864864,0.24324324324324326,0.24324324324324326,-0.10810810810810811,12.33493626402165,12.475447830770602,4.245588315049165,12.548505097991866,2.424159176649579,-0.14051156674895351,4.0,0.0,1.0,10.0,7.0,2.4,2.3378378378378377,2.175675675675676,0.8648648648648649,2.0,1.4,2.6216216216216215,2.054054054054054,2.4594594594594597,0.7567567567567568,1.8918918918918919,0.972972972972973,0.4594594594594595,0.05405405405405406,0.06216216216216219,12.499095110389504,12.350887454376544,4.309096029067583,12.566620168383578,2.380252699882476,0.14820765601296204
laliga-2024-2025-05-18-celta-v-rayo-vallecano,2025-05-18,2024,Celta,Rayo Vallecano,1,2,0,0.4166666666666667,0.0,470.2333928897136,5,3,999,0,1.0,0,999,0,1.0,0,0,0,3.0,0.0,2.0,12.0,9.0,1.8,1.2567567567567568,1.3783783783783783,1.5,2.4,1.8,1.6216216216216217,0.8918918918918919,1.4054054054054055,1.135135135135135,1.3513513513513513,1.864864864864865,0.1891891891891892,0.22972972972972974,0.5432432432432432,12.33493626402165,12.475447830770602,4.245588315049165,12.548505097991866,2.424159176649579,-0.14051156674895351,2.0,2.0,1.0,5.0,6.0,1.6,1.162162162162162,0.918918918918919,1.2432432432432432,1.0,1.2,1.2162162162162162,1.1081081081081081,1.135135135135135,1.4054054054054055,0.7027027027027027,1.0810810810810811,0.2972972972972973,0.36486486486486486,0.43783783783783803,12.499095110389504,12.350887454376544,4.309096029067583,12.566620168383578,2.380252699882476,0.14820765601296204
laliga-2024-2025-05-18-real-sociedad-v-girona,2025-05-18,2024,Real Sociedad,Girona,3,2,2,0.5833333333333334,0.0,418.93707768064667,5,5,999,0,1.0,0,999,0,1.0,0,0,0,0.0,2.0,3.0,2.0,8.0,0.4,1.3918918918918919,1.1216216216216217,1.0945945945945945,0.4,1.6,1.4594594594594594,1.3243243243243243,1.162162162162162,1.027027027027027,1.0810810810810811,1.162162162162162,0.3783783783783784,0.3783783783783784,-0.9918918918918919,12.33493626402165,12.475447830770602,4.245588315049165,12.548505097991866,2.424159176649579,-0.14051156674895351,2.0,1.0,2.0,4.0,5.0,1.4,1.6486486486486487,1.7162162162162162,1.337837837837838,0.8,1.0,1.9189189189189189,1.3783783783783783,2.1621621621621623,1.2432432432432432,1.2702702702702702,1.4324324324324325,0.2702702702702703,0.22972972972972974,-0.24864864864864877,12.499095110389504,12.350887454376544,4.309096029067583,12.566620168383578,2.380252699882476,0.14820765601296204
laliga-2024-2025-05-18-valladolid-v-alaves,2025-05-18,2024,Valladolid,Alaves,0,1,0,0.5,0.0,215.64981190445428,5,4,999,0,1.0,0,999,0,1.0,0,0,0,0.0,0.0,5.0,5.0,13.0,0.0,0.4444444444444444,0.7222222222222222,2.388888888888889,1.0,2.6,0.7222222222222222,0.16666666666666666,0.6111111111111112,1.7222222222222223,0.8333333333333334,3.0555555555555554,0.1388888888888889,0.3888888888888889,-0.4444444444444444,12.33493626402165,12.475447830770602,4.245588315049165,12.548505097991866,2.424159176649579,-0.14051156674895351,2.0,2.0,1.0,3.0,2.0,1.6,1.135135135135135,0.972972972972973,1.2567567567567568,0.6,0.4,1.4594594594594594,0.8108108108108109,0.972972972972973,0.9459459459459459,0.972972972972973,1.5675675675675675,0.25675675675675674,0.3783783783783784,0.464864864864865,12.499095110389504,12.350887454376544,4.309096029067583,12.566620168383578,2.380252699882476,0.14820765601296204
laliga-2024-2025-05-18-osasuna-v-espanyol,2025-05-18,2024,Osasuna,Espanyol,2,0,2,0.3,0.0,346.1772743456447,3,3,999,0,1.0,0,999,0,1.0,0,0,0,3.0,1.0,1.0,9.0,7.0,2.0,1.2567567567567568,1.2162162162162162,1.445945945945946,1.8,1.4,1.5135135135135136,1.0,1.3513513513513513,1.3243243243243243,1.0810810810810811,1.5675675675675675,0.24324324324324326,0.24324324324324326,0.7432432432432432,12.33493626402165,12.475447830770602,4.245588315049165,12.548505097991866,2.424159176649579,-0.14051156674895351,0.0,1.0,4.0,4.0,9.0,0.2,1.0833333333333333,1.0555555555555556,1.3611111111111112,0.8,1.8,1.5,0.6666666666666666,1.1666666666666667,1.1111111111111112,0.9444444444444444,1.6111111111111112,0.19444444444444445,0.2777777777777778,-0.8833333333333333,12.499095110389504,12.350887454376544,4.309096029067583,12.566620168383578,2.380252699882476,0.14820765601296204
laliga-2024-2025-05-18-mallorca-v-getafe,2025-05-18,2024,Mallorca,Getafe,1,2,0,0.5833333333333334,0.0,546.5249083201032,4,3,999,0,1.0,0,999,0,1.0,0,0,0,1.0,1.0,3.0,3.0,5.0,0.8,1.1756756756756757,0.9054054054054054,1.162162162162162,0.6,1.0,1.4324324324324325,0.918918918918919,0.972972972972973,0.9459459459459459,0.8378378378378378,1.3783783783783783,0.24324324324324326,0.3783783783783784,-0.3756756756756756,12.33493626402165,12.475447830770602,4.245588315049165,12.548505097991866,2.424159176649579,-0.14051156674895351,0.0,0.0,5.0,0.0,8.0,0.0,1.1081081081081081,0.9864864864864865,1.2162162162162162,0.0,1.6,1.2972972972972974,0.918918918918919,0.918918918918919,1.054054054054054,1.054054054054054,1.3783783783783783,0.25675675675675674,0.4189189189189189,-1.1081081081081081,12.499095110389504,12.350887454376544,4.309096029067583,12.566620168383578,2.380252699882476,0.14820765601296204
laliga-2024-2025-05-23-betis-v-valencia,2025-05-23,2024,Betis,Valencia,1,1,1,0.7142857142857143,0.0,539.9261066392522,5,5,999,0,1.0,0,999,0,1.0,0,0,0,2.0,2.0,1.0,11.0,9.0,1.6,1.5466666666666666,1.3866666666666667,1.2533333333333334,2.2,1.8,1.8108108108108107,1.2894736842105263,1.5675675675675675,1.054054054054054,1.2105263157894737,1.4473684210526316,0.26666666666666666,0.17333333333333334,0.053333333333333455,12.33493626402165,12.475447830770602,4.245588315049165,12.548505097991866,2.424159176649579,-0.14051156674895351,2.0,1.0,2.0,7.0,5.0,1.4,1.2533333333333334,1.1066666666666667,1.3066666666666666,1.4,1.0,1.605263157894737,0.8918918918918919,1.2105263157894737,0.8947368421052632,1.0,1.7297297297297298,0.28,0.30666666666666664,0.1466666666666665,12.499095110389504,12.350887454376544,4.309096029067583,12.566620168383578,2.380252699882476,0.14820765601296204
laliga-2024-2025-05-24-real-madrid-v-real-sociedad,2025-05-24,2024,Real Madrid,Real Sociedad,2,0,2,1.0,0.0,347.0032930879048,6,6,999,0,1.0,0,999,0,1.0,0,0,0,4.0,0.0,1.0,11.0,7.0,2.4,2.3466666666666667,2.1733333333333333,0.8533333333333334,2.2,1.4,2.6216216216216215,2.0789473684210527,2.4594594594594597,0.7567567567567568,1.894736842105263,0.9473684210526315,0.4666666666666667,0.05333333333333334,0.05333333333333323,12.33493626402165,12.475447830770602,4.245588315049165,12.548505097991866,2.424159176649579,-0.14051156674895351,1.0,1.0,3.0,3.0,8.0,0.8,1.4133333333333333,1.1466666666666667,1.1066666666666667,0.6,1.6,1.5,1.3243243243243243,1.2105263157894737,1.0526315789473684,1.0810810810810811,1.162162162162162,0.37333333333333335,0.37333333333333335,-0.6133333333333333,12.499095110389504,12.350887454376544,4.309096029067583,12.566620168383578,2.380252699882476,0.14820765601296204
laliga-2024-2025-05-24-leganes-v-valladolid,2025-05-24,2024,Leganes,Valladolid,3,0,2,0.75,0.0,167.07359563697202,6,6,999,0,1.0,0,999,0,1.0,0,0,0,2.0,2.0,1.0,7.0,8.0,1.6,1.0,0.972972972972973,1.5135135135135136,1.4,1.6,1.2222222222222223,0.7894736842105263,1.1111111111111112,1.5,0.8421052631578947,1.5263157894736843,0.2702702702702703,0.3783783783783784,0.6000000000000001,12.33493626402165,12.475447830770602,4.245588315049165,12.548505097991866,2.424159176649579,-0.14051156674895351,0.0,0.0,5.0,3.0,11.0,0.0,0.43243243243243246,0.7027027027027027,2.3513513513513513,0.6,2.2,0.6842105263157895,0.16666666666666666,0.5789473684210527,1.6842105263157894,0.8333333333333334,3.0555555555555554,0.13513513513513514,0.40540540540540543,-0.43243243243243246,12.499095110389504,12.350887454376544,4.309096029067583,12.566620168383578,2.380252699882476,0.14820765601296204
laliga-2024-2025-05-24-espanyol-v-las-palmas,2025-05-24,2024,Espanyol,Las Palmas,2,0,2,0.5,0.0,2168.3094598938533,6,6,999,0,1.0,0,999,0,1.0,0,0,0,0.0,0.0,5.0,3.0,10.0,0.0,1.054054054054054,1.027027027027027,1.3783783783783783,0.6,2.0,1.5,0.631578947368421,1.1666666666666667,1.1111111111111112,0.8947368421052632,1.631578947368421,0.1891891891891892,0.2972972972972973,-1.054054054054054,12.33493626402165,12.475447830770602,4.245588315049165,12.548505097991866,2.424159176649579,-0.14051156674895351,0.0,0.0,5.0,2.0,7.0,0.0,0.96,0.9733333333333334,1.4133333333333333,0.4,1.4,1.0789473684210527,0.8378378378378378,1.0789473684210527,1.2894736842105263,0.8648648648648649,1.5405405405405406,0.16,0.36,-0.96,12.499095110389504,12.350887454376544,4.309096029067583,12.566620168383578,2.380252699882476,0.14820765601296204
laliga-2024-2025-05-24-alaves-v-osasuna,2025-05-24,2024,Alaves,Osasuna,1,1,1,0.35714285714285715,0.0,84.83905260516632,6,6,999,0,1.0,0,999,0,1.0,0,0,0,3.0,1.0,1.0,3.0,1.0,2.0,1.16,0.9733333333333334,1.24,0.6,0.2,1.4594594594594594,0.868421052631579,0.972972972972973,0.9459459459459459,0.9736842105263158,1.5263157894736843,0.26666666666666666,0.37333333333333335,0.8400000000000001,12.33493626402165,12.475447830770602,4.245588315049165,12.548505097991866,2.424159176649579,-0.14051156674895351,3.0,1.0,1.0,8.0,5.0,2.0,1.28,1.2266666666666666,1.4266666666666667,1.6,1.0,1.5526315789473684,1.0,1.368421052631579,1.2894736842105263,1.0810810810810811,1.5675675675675675,0.25333333333333335,0.24,0.72,12.499095110389504,12.350887454376544,4.309096029067583,12.566620168383578,2.380252699882476,0.14820765601296204
laliga-2024-2025-05-24-getafe-v-celta,2025-05-24,2024,Getafe,Celta,1,2,0,0.5,0.0,470.3353974285424,6,6,999,0,1.0,0,999,0,1.0,0,0,0,1.0,0.0,4.0,2.0,8.0,0.6,1.1333333333333333,1.0,1.2133333333333334,0.4,1.6,1.2972972972972974,0.9736842105263158,0.918918918918919,1.054054054054054,1.0789473684210527,1.368421052631579,0.25333333333333335,0.41333333333333333,-0.5333333333333333,12.33493626402165,12.475447830770602,4.245588315049165,12.548505097991866,2.424159176649579,-0.14051156674895351,3.0,0.0,2.0,10.0,7.0,1.8,1.24,1.3733333333333333,1.5066666666666666,2.0,1.4,1.5789473684210527,0.8918918918918919,1.394736842105263,1.1578947368421053,1.3513513513513513,1.864864864864865,0.18666666666666668,0.22666666666666666,0.56,12.499095110389504,12.350887454376544,4.309096029067583,12.566620168383578,2.380252699882476,0.14820765601296204
laliga-2024-2025-05-24-rayo-vallecano-v-mallorca,2025-05-24,2024,Rayo Vallecano,Mallorca,0,0,1,0.3333333333333333,0.0,542.9189482045625,6,6,999,0,1.0,0,999,0,1.0,0,0,0,3.0,1.0,1.0,6.0,6.0,2.0,1.1866666666666668,0.9333333333333333,1.24,1.2,1.2,1.2162162162162162,1.1578947368421053,1.135135135135135,1.4054054054054055,0.7368421052631579,1.0789473684210527,0.29333333333333333,0.36,0.8133333333333332,12.33493626402165,12.475447830770602,4.245588315049165,12.548505097991866,2.424159176649579,-0.14051156674895351,1.0,0.0,4.0,4.0,7.0,0.6,1.16,0.9066666666666666,1.1733333333333333,0.8,1.4,1.394736842105263,0.918918918918919,0.9736842105263158,0.9736842105263158,0.8378378378378378,1.3783783783783783,0.24,0.37333333333333335,-0.5599999999999999,12.499095110389504,12.350887454376544,4.309096029067583,12.566620168383578,2.380252699882476,0.14820765601296204
laliga-2024-2025-05-25-girona-v-ath-madrid,2025-05-25,2024,Girona,Ath Madrid,0,4,0,0.16666666666666666,0.0,563.7604753188742,7,7,999,0,1.0,0,999,0,1.0,0,0,0,2.0,1.0,2.0,5.0,5.0,1.4,1.6266666666666667,1.72,1.36,1.0,1.0,1.9189189189189189,1.3421052631578947,2.1621621621621623,1.2432432432432432,1.2894736842105263,1.4736842105263157,0.26666666666666666,0.22666666666666666,-0.2266666666666668,12.33493626402165,12.475447830770602,4.245588315049165,12.548505097991866,2.424159176649579,-0.14051156674895351,3.0,1.0,1.0,11.0,3.0,2.0,1.9866666666666666,1.7866666666666666,0.9733333333333334,2.2,0.6,2.5,1.4594594594594594,2.210526315789474,0.9736842105263158,1.3513513513513513,0.972972972972973,0.38666666666666666,0.18666666666666668,0.01333333333333342,12.499095110389504,12.350887454376544,4.309096029067583,12.566620168383578,2.380252699882476,0.14820765601296204
laliga-2024-2025-05-25-villarreal-v-sevilla,2025-05-25,2024,Villarreal,Sevilla,4,2,2,0.75,0.0,583.4265952554996,7,7,999,0,1.0,0,999,0,1.0,0,0,0,5.0,0.0,0.0,12.0,4.0,3.0,1.6,1.76,1.52,2.4,0.8,1.5405405405405406,1.6578947368421053,2.027027027027027,1.5405405405405406,1.5,1.5,0.17333333333333334,0.13333333333333333,1.4,12.33493626402165,12.475447830770602,4.245588315049165,12.548505097991866,2.424159176649579,-0.14051156674895351,1.0,1.0,3.0,5.0,8.0,0.8,1.0933333333333333,1.1733333333333333,1.4,1.0,1.6,1.236842105263158,0.9459459459459459,1.1578947368421053,1.3157894736842106,1.1891891891891893,1.4864864864864864,0.24,0.25333333333333335,-0.2933333333333332,12.499095110389504,12.350887454376544,4.309096029067583,12.566620168383578,2.380252699882476,0.14820765601296204
laliga-2024-2025-05-25-ath-bilbao-v-barcelona,2025-05-25,2024,Ath Bilbao,Barcelona,0,3,0,0.07142857142857142,0.0,466.174000872469,7,7,999,0,1.0,0,999,0,1.0,0,0,0,4.0,1.0,0.0,5.0,0.0,2.6,1.84,1.5333333333333334,0.84,1.0,0.0,2.189189189189189,1.5,2.0,0.7567567567567568,1.0789473684210527,0.9210526315789473,0.44,0.22666666666666666,0.76,12.33493626402165,12.475447830770602,4.245588315049165,12.548505097991866,2.424159176649579,-0.14051156674895351,4.0,0.0,1.0,11.0,7.0,2.4,2.2666666666666666,2.3733333333333335,1.1066666666666667,2.2,1.4,2.3421052631578947,2.189189189189189,2.5,1.0789473684210527,2.2432432432432434,1.135135135135135,0.38666666666666666,0.05333333333333334,0.1333333333333333,12.499095110389504,12.350887454376544,4.309096029067583,12.566620168383578,2.380252699882476,0.14820765601296204
laliga-2025-2025-08-15-girona-v-rayo-vallecano,2025-08-15,2025,Girona,Rayo Vallecano,1,3,0,0.5,0.0,570.2023860017887,30,30,999,0,1.0,0,999,0,1.0,0,0,0,2.0,0.0,3.0,4.0,8.0,1.2,1.605263157894737,1.6973684210526316,1.394736842105263,0.8,1.6,1.868421052631579,1.3421052631578947,2.1052631578947367,1.3157894736842106,1.2894736842105263,1.4736842105263157,0.2631578947368421,0.23684210526315788,-0.405263157894737,12.33493626402165,12.475447830770602,4.245588315049165,12.548505097991866,2.424159176649579,-0.14051156674895351,3.0,2.0,0.0,6.0,3.0,2.2,1.1842105263157894,0.9210526315789473,1.2236842105263157,1.2,0.6,1.2105263157894737,1.1578947368421053,1.105263157894737,1.368421052631579,0.7368421052631579,1.0789473684210527,0.3026315789473684,0.3684210526315789,1.0157894736842108,12.499095110389504,12.350887454376544,4.309096029067583,12.566620168383578,2.380252699882476,0.14820765601296204
laliga-2025-2025-08-15-villarreal-v-oviedo,2025-08-15,2025,Villarreal,Oviedo,2,0,2,0.75,0.0,610.5359780845966,30,7,999,0,1.0,0,999,0,1.0,0,0,0,5.0,0.0,0.0,15.0,6.0,3.0,1.618421052631579,1.7894736842105263,1.5263157894736843,3.0,1.2,1.5789473684210527,1.6578947368421053,2.0789473684210527,1.5526315789473684,1.5,1.5,0.17105263157894737,0.13157894736842105,1.381578947368421,12.33493626402165,12.475447830770602,4.245588315049165,12.548505097991866,2.424159176649579,-0.14051156674895351,1.8500837520938023,1.2822445561139029,1.747068676716918,6.6373534338358455,6.4296482412060305,1.3993718592964823,1.3895985426256614,1.3346394865919546,1.3036436161426783,1.3557649357900614,1.3134282523729761,1.6381571374904527,1.1271992793151304,1.4870193915504757,1.1561185555726858,1.1711504535967514,1.4597491443972885,0.2830086336552403,0.2733225273316839,0.009773316670820877,12.499095110389504,12.350887454376544,4.309096029067583,12.566620168383578,2.380252699882476,0.14820765601296204
laliga-2025-2025-08-16-mallorca-v-barcelona,2025-08-16,2025,Mallorca,Barcelona,0,3,0,0.08333333333333333,0.0,204.36438304288018,30,30,999,0,1.0,0,999,0,1.0,0,0,0,1.0,1.0,3.0,4.0,6.0,0.8,1.1578947368421053,0.8947368421052632,1.1578947368421053,0.8,1.2,1.394736842105263,0.9210526315789473,0.9736842105263158,0.9736842105263158,0.8157894736842105,1.3421052631578947,0.25,0.3815789473684211,-0.35789473684210527,12.33493626402165,12.475447830770602,4.245588315049165,12.548505097991866,2.424159176649579,-0.14051156674895351,4.0,0.0,1.0,13.0,7.0,2.4,2.276315789473684,2.3815789473684212,1.0921052631578947,2.6,1.4,2.3421052631578947,2.210526315789474,2.5,1.0789473684210527,2.263157894736842,1.105263157894737,0.39473684210526316,0.05263157894736842,0.12368421052631584,12.499095110389504,12.350887454376544,4.309096029067583,12.566620168383578,2.380252699882476,0.14820765601296204
laliga-2025-2025-08-16-alaves-v-levante,2025-08-16,2025,Alaves,Levante,2,1,2,0.5,0.0,421.45291985193836,30,7,999,0,1.0,0,999,0,1.0,0,0,0,2.0,2.0,1.0,3.0,2.0,1.6,1.1578947368421053,0.9736842105263158,1.236842105263158,0.6,0.4,1.4473684210526316,0.868421052631579,0.9736842105263158,0.9473684210526315,0.9736842105263158,1.5263157894736843,0.2631578947368421,0.3684210526315789,0.4421052631578948,12.33493626402165,12.475447830770602,4.245588315049165,12.548505097991866,2.424159176649579,-0.14051156674895351,1.8500837520938023,1.2822445561139029,1.747068676716918,6.6373534338358455,6.4296482412060305,1.3993718592964823,1.3895985426256614,1.3346394865919546,1.3036436161426783,1.3557649357900614,1.3134282523729761,1.6381571374904527,1.1271992793151304,1.4870193915504757,1.1561185555726858,1.1711504535967514,1.4597491443972885,0.2830086336552403,0.2733225273316839,0.009773316670820877,12.499095110389504,12.350887454376544,4.309096029067583,12.566620168383578,2.380252699882476,0.14820765601296204
laliga-2025-2025-08-16-valencia-v-real-sociedad,2025-08-16,2025,Valencia,Real Sociedad,1,1,1,0.35714285714285715,0.0,445.8294239934526,30,30,999,0,1.0,0,999,0,1.0,0,0,0,2.0,1.0,2.0,7.0,5.0,1.4,1.25,1.105263157894737,1.3026315789473684,1.4,1.0,1.605263157894737,0.8947368421052632,1.2105263157894737,0.8947368421052632,1.0,1.7105263157894737,0.27631578947368424,0.3026315789473684,0.1499999999999999,12.33493626402165,12.475447830770602,4.245588315049165,12.548505097991866,2.424159176649579,-0.14051156674895351,1.0,1.0,3.0,3.0,9.0,0.8,1.394736842105263,1.131578947368421,1.118421052631579,0.6,1.8,1.5,1.2894736842105263,1.2105263157894737,1.0526315789473684,1.0526315789473684,1.1842105263157894,0.3684210526315789,0.3815789473684211,-0.594736842105263,12.499095110389504,12.350887454376544,4.309096029067583,12.566620168383578,2.380252699882476,0.14820765601296204
laliga-2025-2025-08-17-celta-v-getafe,2025-08-17,2025,Celta,Getafe,0,2,0,0.5,0.0,470.3353974285424,30,30,999,0,1.0,0,999,0,1.0,0,0,0,3.0,0.0,2.0,9.0,8.0,1.8,1.263157894736842,1.381578947368421,1.5,1.8,1.6,1.5789473684210527,0.9473684210526315,1.394736842105263,1.1578947368421053,1.368421052631579,1.8421052631578947,0.18421052631578946,0.2236842105263158,0.536842105263158,12.33493626402165,12.475447830770602,4.245588315049165,12.548505097991866,2.424159176649579,-0.14051156674895351,1.0,0.0,4.0,3.0,9.0,0.6,1.118421052631579,1.0,1.2236842105263157,0.6,1.8,1.263157894736842,0.9736842105263158,0.9210526315789473,1.0789473684210527,1.0789473684210527,1.368421052631579,0.25,0.40789473684210525,-0.518421052631579,12.499095110389504,12.350887454376544,4.309096029067583,12.566620168383578,2.380252699882476,0.14820765601296204
laliga-2025-2025-08-17-ath-bilbao-v-sevilla,2025-08-17,2025,Ath Bilbao,Sevilla,3,2,2,0.6428571428571429,0.0,702.0918503555403,30,30,999,0,1.0,0,999,0,1.0,0,0,0,3.0,1.0,1.0,4.0,3.0,2.0,1.8157894736842106,1.513157894736842,0.868421052631579,0.8,0.6,2.1315789473684212,1.5,1.9473684210526316,0.8157894736842105,1.0789473684210527,0.9210526315789473,0.4342105263157895,0.23684210526315788,0.18421052631578938,12.33493626402165,12.475447830770602,4.245588315049165,12.548505097991866,2.424159176649579,-0.14051156674895351,1.0,1.0,3.0,7.0,11.0,0.8,1.0789473684210527,1.1842105263157894,1.4342105263157894,1.4,2.2,1.236842105263158,0.9210526315789473,1.1578947368421053,1.3157894736842106,1.2105263157894737,1.5526315789473684,0.23684210526315788,0.25,-0.2789473684210526,12.499095110389504,12.350887454376544,4.309096029067583,12.566620168383578,2.380252699882476,0.14820765601296204
laliga-2025-2025-08-17-espanyol-v-ath-madrid,2025-08-17,2025,Espanyol,Ath Madrid,2,1,2,0.5,0.0,487.45884892574276,30,30,999,0,1.0,0,999,0,1.0,0,0,0,1.0,0.0,4.0,5.0,9.0,0.6,1.105263157894737,1.0526315789473684,1.3421052631578947,1.0,1.8,1.5789473684210527,0.631578947368421,1.2105263157894737,1.0526315789473684,0.8947368421052632,1.631578947368421,0.21052631578947367,0.2894736842105263,-0.505263157894737,12.33493626402165,12.475447830770602,4.245588315049165,12.548505097991866,2.424159176649579,-0.14051156674895351,3.0,1.0,1.0,12.0,3.0,2.0,2.0,1.8157894736842106,0.9605263157894737,2.4,0.6,2.5,1.5,2.210526315789474,0.9736842105263158,1.4210526315789473,0.9473684210526315,0.39473684210526316,0.18421052631578946,0.0,12.499095110389504,12.350887454376544,4.309096029067583,12.566620168383578,2.380252699882476,0.14820765601296204
laliga-2025-2025-08-18-elche-v-betis,2025-08-18,2025,Elche,Betis,1,1,1,0.25,0.0,473.39284905662055,7,30,999,0,1.0,0,999,0,1.0,0,0,0,1.7757322175732217,1.2694560669456068,1.8326359832635983,6.399163179916318,6.506276150627615,1.3449372384937237,1.3727487515203125,1.3208213528921546,1.310049052463817,1.302510460251046,1.3337935843793585,1.627753660480792,1.1256424534731093,1.4729020240988069,1.1551121185075417,1.1713575931878786,1.4615771636054276,0.2788926847530572,0.2781942472123016,-0.027811513026588585,12.33493626402165,12.475447830770602,4.245588315049165,12.548505097991866,2.424159176649579,-0.14051156674895351,1.0,3.0,1.0,7.0,9.0,1.2,1.5394736842105263,1.381578947368421,1.25,1.4,1.8,1.7894736842105263,1.2894736842105263,1.5526315789473684,1.0526315789473684,1.2105263157894737,1.4473684210526316,0.2631578947368421,0.17105263157894737,-0.33947368421052637,12.499095110389504,12.350887454376544,4.309096029067583,12.566620168383578,2.380252699882476,0.14820765601296204
laliga-2025-2025-08-19-real-madrid-v-osasuna,2025-08-19,2025,Real Madrid,Osasuna,1,0,2,0.75,0.0,311.41801620608675,30,30,999,0,1.0,0,999,0,1.0,0,0,0,4.0,0.0,1.0,12.0,7.0,2.4,2.3552631578947367,2.1710526315789473,0.8421052631578947,2.4,1.4,2.6315789473684212,2.0789473684210527,2.4473684210526314,0.7368421052631579,1.894736842105263,0.9473684210526315,0.47368421052631576,0.05263157894736842,0.044736842105263186,12.33493626402165,12.475447830770602,4.245588315049165,12.548505097991866,2.424159176649579,-0.14051156674895351,2.0,2.0,1.0,8.0,6.0,1.6,1.2763157894736843,1.2236842105263157,1.4210526315789473,1.6,1.2,1.5526315789473684,1.0,1.368421052631579,1.2894736842105263,1.0789473684210527,1.5526315789473684,0.25,0.23684210526315788,0.3236842105263158,12.499095110389504,12.350887454376544,4.309096029067583,12.566620168383578,2.380252699882476,0.14820765601296204
laliga-2025-2025-08-22-betis-v-alaves,2025-08-22,2025,Betis,Alaves,1,0,2,0.4166666666666667,0.0,668.854131899639,4,6,999,0,1.0,0,999,0,1.0,0,0,0,0.0,4.0,1.0,6.0,9.0,0.8,1.5324675324675325,1.3766233766233766,1.2467532467532467,1.2,1.8,1.7894736842105263,1.2820512820512822,1.5526315789473684,1.0526315789473684,1.205128205128205,1.435897435897436,0.2597402597402597,0.16883116883116883,-0.7324675324675325,12.0,6.0,4.0,13.0,1.0,6.0,3.0,1.0,1.0,5.0,3.0,2.0,1.1818181818181819,0.987012987012987,1.2337662337662338,1.0,0.6,1.4871794871794872,0.868421052631579,1.0,0.9487179487179487,0.9736842105263158,1.5263157894736843,0.2597402597402597,0.36363636363636365,0.8181818181818181,15.0,7.0,4.0,15.0,0.0,8.0
laliga-2025-2025-08-23-mallorca-v-celta,2025-08-23,2025,Mallorca,Celta,1,1,1,0.3333333333333333,0.0,998.183816272766,7,6,999,0,1.0,0,999,0,1.0,0,0,0,1.0,1.0,3.0,4.0,8.0,0.8,1.1428571428571428,0.8831168831168831,1.1818181818181819,0.8,1.6,1.358974358974359,0.9210526315789473,0.9487179487179487,1.0256410256410255,0.8157894736842105,1.3421052631578947,0.24675324675324675,0.38961038961038963,-0.34285714285714275,4.0,24.0,1.0,8.0,8.0,-20.0,3.0,0.0,2.0,7.0,7.0,1.8,1.2467532467532467,1.3636363636363635,1.5064935064935066,1.4,1.4,1.5384615384615385,0.9473684210526315,1.358974358974359,1.1794871794871795,1.368421052631579,1.8421052631578947,0.18181818181818182,0.23376623376623376,0.5532467532467533,11.0,10.0,3.0,15.0,3.0,1.0
laliga-2025-2025-08-23-ath-madrid-v-elche,2025-08-23,2025,Ath Madrid,Elche,1,1,1,0.25,0.0,346.8492246038713,6,5,999,0,1.0,0,999,0,1.0,0,0,0,3.0,0.0,2.0,13.0,5.0,1.8,1.974025974025974,1.8051948051948052,0.974025974025974,2.6,1.0,2.5,1.4615384615384615,2.210526315789474,0.9736842105263158,1.4102564102564104,0.9743589743589743,0.38961038961038963,0.18181818181818182,-0.17402597402597397,15.0,10.0,4.0,11.0,3.0,5.0,0.0,1.0,0.0,1.0,1.0,1.0,1.0,1.0,1.0,1.0,1.0,1.0,1.0,1.0,1.0,1.0,1.0,0.0,0.0,0.0,6.0,12.0,2.0,14.0,0.0,-6.0
laliga-2025-2025-08-23-levante-v-barcelona,2025-08-23,2025,Levante,Barcelona,2,3,0,0.0,0.0,299.8128548684505,7,7,999,0,1.0,0,999,0,1.0,0,0,0,0.0,0.0,1.0,1.0,2.0,0.0,0.0,1.0,2.0,1.0,2.0,0.0,0.0,1.0,2.0,1.0,2.0,0.0,0.0,0.0,7.0,15.0,3.0,13.0,1.0,-8.0,4.0,0.0,1.0,14.0,6.0,2.4,2.2857142857142856,2.3896103896103895,1.077922077922078,2.8,1.2,2.3421052631578947,2.230769230769231,2.5,1.0789473684210527,2.282051282051282,1.0769230769230769,0.4025974025974026,0.05194805194805195,0.11428571428571432,24.0,4.0,8.0,17.0,1.0,20.0
laliga-2025-2025-08-24-osasuna-v-valencia,2025-08-24,2025,Osasuna,Valencia,1,0,2,0.5,0.0,384.19801421511994,5,8,999,0,1.0,0,999,0,1.0,0,0,0,2.0,2.0,1.0,6.0,3.0,1.6,1.2597402597402598,1.2077922077922079,1.4155844155844155,1.2,0.6,1.5526315789473684,0.9743589743589743,1.368421052631579,1.2894736842105263,1.0512820512820513,1.5384615384615385,0.24675324675324675,0.24675324675324675,0.34025974025974026,2.0,18.0,0.0,12.0,2.0,-16.0,1.0,2.0,2.0,5.0,4.0,1.0,1.2467532467532467,1.103896103896104,1.2987012987012987,1.0,0.8,1.5897435897435896,0.8947368421052632,1.205128205128205,0.8974358974358975,1.0,1.7105263157894737,0.2727272727272727,0.2987012987012987,-0.24675324675324672,18.0,13.0,2.0,5.0,1.0,5.0
laliga-2025-2025-08-24-real-sociedad-v-espanyol,2025-08-24,2025,Real Sociedad,Espanyol,2,2,1,0.8,0.0,397.4372214183198,8,7,999,0,1.0,0,999,0,1.0,0,0,0,1.0,1.0,3.0,4.0,10.0,0.8,1.3896103896103895,1.12987012987013,1.1168831168831168,0.8,2.0,1.5,1.2820512820512822,1.2105263157894737,1.0526315789473684,1.0512820512820513,1.1794871794871795,0.36363636363636365,0.37662337662337664,-0.5896103896103895,13.0,18.0,3.0,11.0,2.0,-5.0,2.0,0.0,3.0,6.0,8.0,1.2,1.1538461538461537,1.0769230769230769,1.3333333333333333,1.2,1.6,1.65,0.631578947368421,1.25,1.05,0.8947368421052632,1.631578947368421,0.20512820512820512,0.28205128205128205,0.04615384615384621,10.0,15.0,5.0,14.0,3.0,-5.0
laliga-2025-2025-08-24-villarreal-v-girona,2025-08-24,2025,Villarreal,Girona,5,0,2,0.5833333333333334,0.0,333.97916287092954,9,9,999,0,1.0,0,999,0,1.0,0,0,0,5.0,0.0,0.0,13.0,4.0,3.0,1.6363636363636365,1.7922077922077921,1.5064935064935066,2.6,0.8,1.6153846153846154,1.6578947368421053,2.076923076923077,1.5128205128205128,1.5,1.5,0.18181818181818182,0.12987012987012986,1.3636363636363635,25.0,5.0,10.0,10.0,1.0,20.0,1.0,0.0,4.0,4.0,11.0,0.6,1.5844155844155845,1.6883116883116882,1.4155844155844155,0.8,2.2,1.8205128205128205,1.3421052631578947,2.076923076923077,1.358974358974359,1.2894736842105263,1.4736842105263157,0.2597402597402597,0.23376623376623376,-0.9844155844155845,7.0,16.0,2.0,8.0,2.0,-9.0
laliga-2025-2025-08-24-oviedo-v-real-madrid,2025-08-24,2025,Oviedo,Real Madrid,0,3,0,0.0,0.0,369.8793787821121,9,5,999,0,1.0,0,999,0,1.0,0,0,0,0.0,0.0,1.0,0.0,2.0,0.0,0.0,0.0,2.0,0.0,2.0,0.0,0.0,0.0,2.0,0.0,2.0,0.0,1.0,0.0,5.0,25.0,4.0,8.0,4.0,-20.0,4.0,0.0,1.0,10.0,5.0,2.4,2.3636363636363638,2.155844155844156,0.8311688311688312,2.0,1.0,2.641025641025641,2.0789473684210527,2.41025641025641,0.717948717948718,1.894736842105263,0.9473684210526315,0.4805194805194805,0.05194805194805195,0.036363636363636154,18.0,2.0,5.0,10.0,1.0,16.0
laliga-2025-2025-08-25-ath-bilbao-v-rayo-vallecano,2025-08-25,2025,Ath Bilbao,Rayo Vallecano,1,0,2,0.9166666666666666,0.0,324.81569774099466,8,10,999,0,1.0,0,999,0,1.0,0,0,0,4.0,0.0,1.0,7.0,5.0,2.4,1.8311688311688312,1.5324675324675325,0.8831168831168831,1.4,1.0,2.1538461538461537,1.5,1.9743589743589745,0.8461538461538461,1.0789473684210527,0.9210526315789473,0.42857142857142855,0.23376623376623376,0.5688311688311687,14.0,12.0,3.0,8.0,0.0,2.0,3.0,2.0,0.0,8.0,4.0,2.2,1.2077922077922079,0.948051948051948,1.2207792207792207,1.6,0.8,1.2105263157894737,1.205128205128205,1.105263157894737,1.368421052631579,0.7948717948717948,1.0769230769230769,0.2987012987012987,0.36363636363636365,0.9922077922077923,16.0,7.0,5.0,17.0,1.0,9.0
laliga-2025-2025-08-25-sevilla-v-getafe,2025-08-25,2025,Sevilla,Getafe,1,2,0,0.5833333333333334,0.0,379.3296978893749,8,8,999,0,1.0,0,999,0,1.0,0,0,0,1.0,0.0,4.0,7.0,12.0,0.6,1.0649350649350648,1.1948051948051948,1.4545454545454546,1.4,2.4,1.236842105263158,0.8974358974358975,1.1578947368421053,1.3157894736842106,1.2307692307692308,1.5897435897435896,0.23376623376623376,0.24675324675324675,-0.46493506493506487,12.0,14.0,6.0,12.0,2.0,-2.0,2.0,0.0,3.0,5.0,8.0,1.2,1.1428571428571428,1.0129870129870129,1.2077922077922079,1.0,1.6,1.263157894736842,1.0256410256410255,0.9210526315789473,1.0789473684210527,1.1025641025641026,1.3333333333333333,0.2597402597402597,0.4025974025974026,0.05714285714285716,10.0,11.0,3.0,17.0,2.0,-1.0
laliga-2025-2025-08-27-celta-v-betis,2025-08-27,2025,Celta,Betis,1,1,1,0.5833333333333334,0.0,586.5673239379203,4,5,999,0,1.0,0,999,0,1.0,0,0,0,2.0,1.0,2.0,5.0,6.0,1.4,1.2435897435897436,1.358974358974359,1.5,1.0,1.2,1.5384615384615385,0.9487179487179487,1.358974358974359,1.1794871794871795,1.358974358974359,1.8205128205128205,0.1794871794871795,0.23076923076923078,0.1564102564102563,9.5,11.0,2.5,13.5,3.0,-1.5,1.0,3.0,1.0,6.0,8.0,1.2,1.5512820512820513,1.3717948717948718,1.2307692307692308,1.2,1.6,1.8205128205128205,1.2820512820512822,1.5384615384615385,1.0256410256410255,1.205128205128205,1.435897435897436,0.2692307692307692,0.16666666666666666,-0.35128205128205137,14.0,8.5,4.5,11.5,1.5,5.5
laliga-2025-2025-08-29-elche-v-levante,2025-08-29,2025,Elche,Levante,2,0,2,0.5,0.0,136.98506564717985,6,6,999,0,1.0,0,999,0,1.0,0,0,0,0.0,2.0,0.0,2.0,2.0,1.0,1.0,1.0,1.0,1.0,1.0,1.0,1.0,1.0,1.0,1.0,1.0,0.0,0.0,0.0,6.0,12.5,2.0,10.5,1.5,-6.5,0.0,0.0,2.0,3.0,5.0,0.0,0.0,1.5,2.5,1.5,2.5,0.0,0.0,2.0,3.0,1.0,2.0,0.0,0.0,0.0,7.5,20.5,4.0,11.5,2.0,-13.0
laliga-2025-2025-08-29-valencia-v-getafe,2025-08-29,2025,Valencia,Getafe,3,0,2,0.75,0.0,299.5255146224806,5,4,999,0,1.0,0,999,0,1.0,0,0,0,0.0,2.0,3.0,2.0,5.0,0.4,1.2307692307692308,1.0897435897435896,1.294871794871795,0.4,1.0,1.5897435897435896,0.8717948717948718,1.205128205128205,0.8974358974358975,0.9743589743589743,1.6923076923076923,0.2692307692307692,0.3076923076923077,-0.8307692307692308,11.0,14.5,1.5,9.0,2.0,-3.5,3.0,0.0,2.0,7.0,6.0,1.8,1.1666666666666667,1.0256410256410255,1.205128205128205,1.4,1.2,1.263157894736842,1.075,0.9210526315789473,1.0789473684210527,1.125,1.325,0.2564102564102564,0.3974358974358974,0.6333333333333333,9.5,11.5,4.5,20.5,2.0,-2.0
laliga-2025-2025-08-30-alaves-v-ath-madrid,2025-08-30,2025,Alaves,Ath Madrid,1,1,1,0.3333333333333333,0.0,278.7572782834927,8,7,999,0,1.0,0,999,0,1.0,0,0,0,3.0,1.0,1.0,5.0,3.0,2.0,1.1666666666666667,0.9743589743589743,1.2307692307692308,1.0,0.6,1.4871794871794872,0.8461538461538461,1.0,0.9487179487179487,0.9487179487179487,1.5128205128205128,0.2564102564102564,0.3717948717948718,0.8333333333333333,13.0,11.5,4.5,16.0,1.5,1.5,2.0,1.0,2.0,10.0,6.0,1.4,1.9615384615384615,1.794871794871795,0.9743589743589743,2.0,1.2,2.4615384615384617,1.4615384615384615,2.1794871794871793,0.9743589743589743,1.4102564102564104,0.9743589743589743,0.38461538461538464,0.1794871794871795,-0.5615384615384615,14.0,8.0,5.0,12.5,1.5,6.0
laliga-2025-2025-08-30-oviedo-v-real-sociedad,2025-08-30,2025,Oviedo,Real Sociedad,1,0,2,0.75,0.0,314.2742971082209,6,6,999,0,1.0,0,999,0,1.0,0,0,0,0.0,0.0,2.0,0.0,5.0,0.0,0.0,0.0,2.5,0.0,2.5,0.0,0.0,0.0,3.0,0.0,2.0,0.0,1.0,0.0,5.5,25.5,3.5,8.0,3.0,-20.0,1.0,2.0,2.0,6.0,8.0,1.0,1.3846153846153846,1.141025641025641,1.1282051282051282,1.2,1.6,1.4871794871794872,1.2820512820512822,1.2307692307692308,1.0769230769230769,1.0512820512820513,1.1794871794871795,0.358974358974359,0.3717948717948718,-0.3846153846153846,14.0,16.0,5.0,13.5,2.0,-2.0
laliga-2025-2025-08-30-girona-v-sevilla,2025-08-30,2025,Girona,Sevilla,0,2,0,0.5833333333333334,0.0,908.8557335333999,6,5,999,0,1.0,0,999,0,1.0,0,0,0,1.0,0.0,4.0,4.0,15.0,0.6,1.564102564102564,1.6666666666666667,1.4615384615384615,0.8,3.0,1.8205128205128205,1.3076923076923077,2.076923076923077,1.358974358974359,1.2564102564102564,1.564102564102564,0.2564102564102564,0.24358974358974358,-0.9641025641025641,6.0,17.5,2.0,8.5,2.0,-11.5,1.0,0.0,4.0,6.0,11.0,0.6,1.0512820512820513,1.1923076923076923,1.4615384615384615,1.2,2.2,1.205128205128205,0.8974358974358975,1.1538461538461537,1.3333333333333333,1.2307692307692308,1.5897435897435896,0.23076923076923078,0.24358974358974358,-0.45128205128205134,12.0,11.5,4.5,11.0,2.0,0.5
laliga-2025-2025-08-30-real-madrid-v-mallorca,2025-08-30,2025,Real Madrid,Mallorca,2,1,2,0.75,0.0,546.3638613496987,6,7,999,0,1.0,0,999,0,1.0,0,0,0,5.0,0.0,0.0,10.0,1.0,3.0,2.371794871794872,2.1666666666666665,0.8205128205128205,2.0,0.2,2.641025641025641,2.1025641025641026,2.41025641025641,0.717948717948718,1.9230769230769231,0.9230769230769231,0.48717948717948717,0.05128205128205128,0.6282051282051282,22.0,4.0,7.5,8.5,1.0,18.0,0.0,2.0,3.0,3.0,8.0,0.4,1.141025641025641,0.8846153846153846,1.1794871794871795,0.6,1.6,1.35,0.9210526315789473,0.95,1.025,0.8157894736842105,1.3421052631578947,0.24358974358974358,0.38461538461538464,-0.741025641025641,8.0,16.0,2.5,10.0,5.5,-8.0
laliga-2025-2025-08-31-celta-v-villarreal,2025-08-31,2025,Celta,Villarreal,1,1,1,0.4166666666666667,0.0,766.1990508700139,4,7,999,0,1.0,0,999,0,1.0,0,0,0,1.0,2.0,2.0,5.0,7.0,1.0,1.240506329113924,1.3544303797468353,1.4936708860759493,1.0,1.4,1.525,0.9487179487179487,1.35,1.175,1.358974358974359,1.8205128205128205,0.17721518987341772,0.22784810126582278,-0.240506329113924,11.0,9.666666666666666,3.3333333333333335,13.333333333333334,2.3333333333333335,1.333333333333334,5.0,0.0,0.0,17.0,4.0,3.0,1.6538461538461537,1.8333333333333333,1.4871794871794872,3.4,0.8,1.65,1.6578947368421053,2.15,1.475,1.5,1.5,0.19230769230769232,0.1282051282051282,1.3461538461538463,22.0,5.0,8.5,9.0,1.0,17.0
laliga-2025-2025-08-31-betis-v-ath-bilbao,2025-08-31,2025,Betis,Ath Bilbao,1,2,0,0.3333333333333333,0.0,702.0918503555403,4,6,999,0,1.0,0,999,0,1.0,0,0,0,1.0,3.0,1.0,5.0,7.0,1.2,1.5443037974683544,1.3670886075949367,1.2278481012658229,1.0,1.4,1.8205128205128205,1.275,1.5384615384615385,1.0256410256410255,1.2,1.425,0.26582278481012656,0.16455696202531644,-0.3443037974683545,11.666666666666666,10.333333333333334,3.6666666666666665,11.333333333333334,1.6666666666666667,1.3333333333333321,4.0,0.0,1.0,7.0,5.0,2.4,1.8461538461538463,1.5256410256410255,0.8717948717948718,1.4,1.0,2.175,1.5,1.95,0.825,1.0789473684210527,0.9210526315789473,0.4358974358974359,0.23076923076923078,0.5538461538461537,12.5,9.0,3.5,10.5,0.0,3.5
laliga-2025-2025-08-31-espanyol-v-osasuna,2025-08-31,2025,Espanyol,Osasuna,1,0,2,0.7,0.0,346.1772743456447,7,7,999,0,1.0,0,999,0,1.0,0,0,0,2.0,1.0,2.0,6.0,7.0,1.4,1.15,1.1,1.35,1.2,1.4,1.65,0.65,1.25,1.05,0.95,1.65,0.2,0.275,0.25,12.0,15.0,4.0,16.0,2.5,-3.0,3.0,1.0,1.0,6.0,2.0,2.0,1.2820512820512822,1.205128205128205,1.3974358974358974,1.2,0.4,1.5897435897435896,0.9743589743589743,1.358974358974359,1.2564102564102564,1.0512820512820513,1.5384615384615385,0.2564102564102564,0.24358974358974358,0.7179487179487178,9.0,11.0,2.0,13.0,2.0,-2.0
laliga-2025-2025-08-31-rayo-vallecano-v-barcelona,2025-08-31,2025,Rayo Vallecano,Barcelona,1,1,1,0.14285714285714285,0.0,498.31165744106266,6,8,999,0,1.0,0,999,0,1.0,0,0,0,2.0,2.0,1.0,7.0,5.0,1.6,1.1923076923076923,0.9358974358974359,1.2179487179487178,1.4,1.0,1.2105263157894737,1.175,1.105263157894737,1.368421052631579,0.775,1.075,0.2948717948717949,0.3717948717948718,0.4076923076923078,11.0,9.0,3.0,15.0,2.5,2.0,4.0,0.0,1.0,13.0,5.0,2.4,2.2948717948717947,2.3974358974358974,1.0897435897435896,2.6,1.0,2.3421052631578947,2.25,2.5,1.0789473684210527,2.3,1.1,0.3974358974358974,0.05128205128205128,0.1051282051282052,25.0,6.0,9.0,12.5,1.0,19.0
laliga-2025-2025-09-12-sevilla-v-elche,2025-09-12,2025,Sevilla,Elche,2,2,1,0.5,0.0,473.39284905662055,13,14,999,0,1.0,0,999,0,1.0,0,0,0,1.0,0.0,4.0,7.0,11.0,0.6,1.0759493670886076,1.2025316455696202,1.4430379746835442,1.4,2.2,1.205128205128205,0.95,1.1538461538461537,1.3333333333333333,1.25,1.55,0.24050632911392406,0.24050632911392406,-0.4759493670886076,12.333333333333334,14.333333333333334,4.333333333333333,12.0,2.0,-2.0,1.0,2.0,0.0,4.0,2.0,1.6666666666666667,1.6666666666666667,1.3333333333333333,0.6666666666666666,1.3333333333333333,0.6666666666666666,2.0,1.0,1.5,0.5,1.0,1.0,0.3333333333333333,0.0,0.0,9.333333333333334,12.0,3.0,11.666666666666666,1.3333333333333333,-2.666666666666666
laliga-2025-2025-09-13-getafe-v-oviedo,2025-09-13,2025,Getafe,Oviedo,2,0,2,0.75,0.0,383.1437939970989,15,14,999,0,1.0,0,999,0,1.0,0,0,0,3.0,0.0,2.0,7.0,7.0,1.8,1.1518987341772151,1.0126582278481013,1.2278481012658229,1.4,1.4,1.263157894736842,1.048780487804878,0.9210526315789473,1.0789473684210527,1.0975609756097562,1.3658536585365855,0.25316455696202533,0.4050632911392405,0.6481012658227849,10.0,10.0,3.3333333333333335,16.0,1.3333333333333333,0.0,1.0,0.0,2.0,1.0,5.0,1.0,1.0,0.3333333333333333,1.6666666666666667,0.3333333333333333,1.6666666666666667,1.5,0.0,0.5,1.5,0.0,2.0,0.3333333333333333,0.6666666666666666,0.0,6.333333333333333,23.0,2.6666666666666665,7.666666666666667,2.6666666666666665,-16.666666666666668
laliga-2025-2025-09-13-real-sociedad-v-real-madrid,2025-09-13,2025,Real Sociedad,Real Madrid,1,2,0,0.0,0.0,347.0032930879048,14,14,999,0,1.0,0,999,0,1.0,0,0,0,1.0,2.0,2.0,6.0,8.0,1.0,1.3670886075949367,1.1265822784810127,1.1265822784810127,1.2,1.6,1.4871794871794872,1.25,1.2307692307692308,1.0769230769230769,1.025,1.175,0.35443037974683544,0.379746835443038,-0.36708860759493667,15.333333333333334,13.333333333333334,5.333333333333333,15.0,1.6666666666666667,2.0,5.0,0.0,0.0,10.0,1.0,3.0,2.3797468354430378,2.1645569620253164,0.8227848101265823,2.0,0.2,2.65,2.1025641025641026,2.4,0.725,1.9230769230769231,0.9230769230769231,0.4810126582278481,0.05063291139240506,0.6202531645569622,20.333333333333332,5.666666666666667,7.333333333333333,9.666666666666666,1.3333333333333333,14.666666666666664
laliga-2025-2025-09-13-ath-bilbao-v-alaves,2025-09-13,2025,Ath Bilbao,Alaves,0,1,0,0.7142857142857143,0.0,51.43559190820587,13,14,999,0,1.0,0,999,0,1.0,0,0,0,4.0,0.0,1.0,7.0,6.0,2.4,1.860759493670886,1.5316455696202531,0.8734177215189873,1.4,1.2,2.175,1.5384615384615385,1.95,0.825,1.1025641025641026,0.9230769230769231,0.43037974683544306,0.22784810126582278,0.5392405063291139,13.333333333333334,9.0,4.333333333333333,12.333333333333334,2.0,4.333333333333334,2.0,2.0,1.0,5.0,4.0,1.6,1.1645569620253164,0.9746835443037974,1.2278481012658229,1.0,0.8,1.475,0.8461538461538461,1.0,0.95,0.9487179487179487,1.5128205128205128,0.25316455696202533,0.3670886075949367,0.43544303797468364,10.333333333333334,12.666666666666666,3.6666666666666665,14.0,1.6666666666666667,-2.333333333333332
laliga-2025-2025-09-13-ath-madrid-v-villarreal,2025-09-13,2025,Ath Madrid,Villarreal,2,0,2,0.6428571428571429,0.0,301.95351002499086,14,13,999,0,1.0,0,999,0,1.0,0,0,0,2.0,2.0,1.0,11.0,5.0,1.6,1.9493670886075949,1.7848101265822784,0.9746835443037974,2.2,1.0,2.4615384615384617,1.45,2.1794871794871793,0.9743589743589743,1.4,0.975,0.379746835443038,0.17721518987341772,-0.3493670886075948,14.333333333333334,7.0,5.333333333333333,14.0,2.0,7.333333333333334,4.0,1.0,0.0,15.0,5.0,2.6,1.6455696202531647,1.8227848101265822,1.481012658227848,3.0,1.0,1.65,1.641025641025641,2.15,1.475,1.4871794871794872,1.4871794871794872,0.189873417721519,0.12658227848101267,0.9544303797468354,17.333333333333332,6.666666666666667,6.666666666666667,8.666666666666666,1.0,10.666666666666664
laliga-2025-2025-09-14-osasuna-v-rayo-vallecano,2025-09-14,2025,Osasuna,Rayo Vallecano,2,0,2,0.5714285714285714,0.0,315.9199232680751,14,14,999,0,1.0,0,999,0,1.0,0,0,0,2.0,1.0,2.0,4.0,3.0,1.4,1.2658227848101267,1.1898734177215189,1.3924050632911393,0.8,0.6,1.5897435897435896,0.95,1.358974358974359,1.2564102564102564,1.025,1.525,0.25316455696202533,0.25316455696202533,0.13417721518987324,9.333333333333334,10.666666666666666,2.3333333333333335,13.333333333333334,2.3333333333333335,-1.3333333333333321,2.0,2.0,1.0,6.0,4.0,1.6,1.1898734177215189,0.9367088607594937,1.2151898734177216,1.2,0.8,1.205128205128205,1.175,1.1025641025641026,1.358974358974359,0.775,1.075,0.2911392405063291,0.3670886075949367,0.4101265822784812,11.333333333333334,10.0,4.0,15.333333333333334,3.0,1.333333333333334
laliga-2025-2025-09-14-celta-v-girona,2025-09-14,2025,Celta,Girona,1,1,1,0.4166666666666667,0.0,953.6815245381418,14,15,999,0,1.0,0,999,0,1.0,0,0,0,1.0,3.0,1.0,5.0,6.0,1.2,1.2375,1.35,1.4875,1.0,1.2,1.5121951219512195,0.9487179487179487,1.3414634146341464,1.170731707317073,1.358974358974359,1.8205128205128205,0.175,0.225,-0.03750000000000009,10.75,9.25,3.0,12.75,2.0,1.5,0.0,0.0,5.0,3.0,17.0,0.0,1.5443037974683544,1.6455696202531647,1.4683544303797469,0.6,3.4,1.775,1.3076923076923077,2.025,1.375,1.2564102564102564,1.564102564102564,0.25316455696202533,0.25316455696202533,-1.5443037974683544,10.666666666666666,16.0,3.0,7.333333333333333,1.3333333333333333,-5.333333333333334
laliga-2025-2025-09-14-levante-v-betis,2025-09-14,2025,Levante,Betis,2,2,1,0.5,0.0,539.9261066392522,16,14,999,0,1.0,0,999,0,1.0,0,0,0,0.0,0.0,3.0,3.0,7.0,0.0,0.0,1.0,2.3333333333333335,1.0,2.3333333333333335,0.0,0.0,2.0,3.0,0.5,2.0,0.0,0.3333333333333333,0.0,8.666666666666666,19.0,3.0,13.333333333333334,2.0,-10.333333333333334,1.0,3.0,1.0,5.0,5.0,1.2,1.525,1.3625,1.2375,1.0,1.0,1.775,1.275,1.525,1.05,1.2,1.425,0.2625,0.1625,-0.32499999999999996,11.0,11.5,3.25,10.75,1.5,-0.5
laliga-2025-2025-09-14-barcelona-v-valencia,2025-09-14,2025,Barcelona,Valencia,6,0,2,0.7857142857142857,0.0,299.8128548684505,14,16,999,0,1.0,0,999,0,1.0,0,0,0,3.0,1.0,1.0,12.0,6.0,2.0,2.278481012658228,2.3797468354430378,1.0886075949367089,2.4,1.2,2.3421052631578947,2.2195121951219514,2.5,1.0789473684210527,2.268292682926829,1.0975609756097562,0.3924050632911392,0.05063291139240506,-0.278481012658228,20.666666666666668,8.0,7.0,11.0,1.0,12.666666666666668,1.0,2.0,2.0,5.0,4.0,1.0,1.2531645569620253,1.1139240506329113,1.2784810126582278,1.0,0.8,1.625,0.8717948717948718,1.25,0.875,0.9743589743589743,1.6923076923076923,0.27848101265822783,0.3037974683544304,-0.25316455696202533,9.666666666666666,13.333333333333334,2.3333333333333335,12.0,2.0,-3.666666666666668
laliga-2025-2025-09-15-espanyol-v-mallorca,2025-09-15,2025,Espanyol,Mallorca,3,2,2,0.5,0.0,200.9300799560004,15,16,999,0,1.0,0,999,0,1.0,0,0,0,3.0,1.0,1.0,7.0,5.0,2.0,1.1951219512195121,1.0975609756097562,1.3170731707317074,1.4,1.0,1.7142857142857142,0.65,1.2380952380952381,1.0,0.95,1.65,0.21951219512195122,0.2682926829268293,0.8048780487804879,11.333333333333334,13.333333333333334,4.0,15.0,2.3333333333333335,-2.0,0.0,2.0,3.0,3.0,8.0,0.4,1.1265822784810127,0.8860759493670886,1.1898734177215189,0.6,1.6,1.35,0.8974358974358975,0.95,1.025,0.8205128205128205,1.358974358974359,0.24050632911392406,0.379746835443038,-0.7265822784810126,8.333333333333334,16.333333333333332,3.3333333333333335,9.0,3.6666666666666665,-7.999999999999998
laliga-2025-2025-09-19-betis-v-real-sociedad,2025-09-19,2025,Betis,Real Sociedad,3,1,2,0.5714285714285714,0.0,739.794439118782,5,6,999,0,1.0,0,999,0,1.0,0,0,0,1.0,3.0,1.0,6.0,6.0,1.2,1.5185185185185186,1.3703703703703705,1.2469135802469136,1.2,1.2,1.775,1.2682926829268293,1.525,1.05,1.2195121951219512,1.4390243902439024,0.25925925925925924,0.16049382716049382,-0.31851851851851865,14.4,10.2,4.4,10.8,1.6,4.200000000000001,0.0,2.0,3.0,4.0,8.0,0.4,1.35,1.125,1.1375,0.8,1.6,1.45,1.25,1.225,1.1,1.025,1.175,0.35,0.375,-0.9500000000000001,17.25,14.0,5.0,15.5,1.75,3.25
laliga-2025-2025-09-20-villarreal-v-osasuna,2025-09-20,2025,Villarreal,Osasuna,2,1,2,0.75,0.0,342.07411911647984,7,6,999,0,1.0,0,999,0,1.0,0,0,0,3.0,1.0,1.0,12.0,5.0,2.0,1.625,1.8,1.4875,2.4,1.0,1.65,1.6,2.15,1.475,1.45,1.5,0.1875,0.1375,0.375,15.0,7.0,5.25,10.25,1.75,8.0,2.0,1.0,2.0,4.0,3.0,1.4,1.2875,1.2,1.375,0.8,0.6,1.625,0.95,1.375,1.225,1.025,1.525,0.2625,0.25,0.11249999999999982,9.25,12.75,3.5,13.25,2.5,-3.5
laliga-2025-2025-09-20-valencia-v-ath-bilbao,2025-09-20,2025,Valencia,Ath Bilbao,2,0,2,0.5833333333333334,0.0,472.84856035847474,6,7,999,0,1.0,0,999,0,1.0,0,0,0,1.0,2.0,2.0,5.0,9.0,1.0,1.2375,1.1,1.3375,1.0,1.8,1.625,0.85,1.25,0.875,0.95,1.8,0.275,0.3125,-0.23750000000000004,7.75,16.0,2.0,11.0,1.75,-8.25,3.0,0.0,2.0,6.0,7.0,1.8,1.8375,1.5125,0.875,1.2,1.4,2.1219512195121952,1.5384615384615385,1.9024390243902438,0.8292682926829268,1.1025641025641026,0.9230769230769231,0.425,0.2375,-0.03749999999999987,13.0,7.75,4.0,13.5,2.5,5.25
laliga-2025-2025-09-20-real-madrid-v-espanyol,2025-09-20,2025,Real Madrid,Espanyol,2,0,2,0.8,0.0,494.3576417774644,7,5,999,0,1.0,0,999,0,1.0,0,0,0,5.0,0.0,0.0,10.0,2.0,3.0,2.3875,2.1625,0.825,2.0,0.4,2.65,2.125,2.4,0.725,1.925,0.925,0.475,0.05,0.6124999999999998,19.25,10.0,7.0,9.0,1.75,9.25,4.0,1.0,0.0,10.0,5.0,2.6,1.2380952380952381,1.1428571428571428,1.3333333333333333,2.0,1.0,1.7727272727272727,0.65,1.3181818181818181,1.0454545454545454,0.95,1.65,0.21428571428571427,0.2619047619047619,1.361904761904762,10.75,16.0,3.75,13.5,2.75,-5.25
laliga-2025-2025-09-20-alaves-v-sevilla,2025-09-20,2025,Alaves,Sevilla,1,2,0,0.6666666666666666,0.0,668.854131899639,7,8,999,0,1.0,0,999,0,1.0,0,0,0,2.0,2.0,1.0,5.0,4.0,1.6,1.1875,0.975,1.2125,1.0,0.8,1.475,0.9,1.0,0.95,0.95,1.475,0.2625,0.3625,0.4125000000000001,8.75,12.5,3.25,15.75,2.0,-3.75,1.0,1.0,3.0,9.0,11.0,0.8,1.075,1.2125,1.45,1.8,2.2,1.2,0.95,1.175,1.35,1.25,1.55,0.2375,0.2375,-0.2749999999999999,11.0,12.0,4.0,14.75,2.5,-1.0
laliga-2025-2025-09-20-girona-v-levante,2025-09-20,2025,Girona,Levante,0,4,0,0.25,0.0,387.4286140921075,6,6,999,0,1.0,0,999,0,1.0,0,0,0,0.0,1.0,4.0,2.0,15.0,0.2,1.5375,1.6375,1.4625,0.4,3.0,1.775,1.3,2.025,1.375,1.25,1.55,0.25,0.25,-1.3375000000000001,11.25,17.25,4.25,7.75,1.75,-6.0,0.0,1.0,3.0,5.0,9.0,0.25,0.25,1.25,2.25,1.25,2.25,0.5,0.0,2.0,2.5,0.5,2.0,0.0,0.25,0.0,7.75,21.25,2.75,14.0,2.25,-13.5
laliga-2025-2025-09-21-rayo-vallecano-v-celta,2025-09-21,2025,Rayo Vallecano,Celta,1,1,1,0.5833333333333334,0.0,470.2333928897136,7,7,999,0,1.0,0,999,0,1.0,0,0,0,1.0,2.0,2.0,4.0,5.0,1.0,1.175,0.925,1.225,0.8,1.0,1.205128205128205,1.146341463414634,1.1025641025641026,1.358974358974359,0.7560975609756098,1.0975609756097562,0.2875,0.375,-0.17500000000000004,13.25,9.75,4.5,13.25,2.75,3.5,0.0,4.0,1.0,4.0,6.0,0.8,1.2345679012345678,1.345679012345679,1.4814814814814814,0.8,1.2,1.5,0.9487179487179487,1.3333333333333333,1.1666666666666667,1.358974358974359,1.8205128205128205,0.1728395061728395,0.2222222222222222,-0.4345679012345678,12.8,10.0,3.8,11.6,1.6,2.8000000000000007
laliga-2025-2025-09-21-mallorca-v-ath-madrid,2025-09-21,2025,Mallorca,Ath Madrid,1,1,1,0.08333333333333333,0.0,538.6573715639815,6,8,999,0,1.0,0,999,0,1.0,0,0,0,0.0,2.0,3.0,4.0,9.0,0.4,1.1125,0.9,1.2125,0.8,1.8,1.35,0.875,0.95,1.025,0.85,1.4,0.2375,0.375,-0.7125,12.25,14.5,5.0,10.75,3.0,-2.25,2.0,2.0,1.0,9.0,4.0,1.6,1.9625,1.7875,0.9625,1.8,0.8,2.475,1.45,2.175,0.95,1.4,0.975,0.3875,0.175,-0.3624999999999998,12.75,7.25,4.75,13.5,2.0,5.5
laliga-2025-2025-09-21-elche-v-oviedo,2025-09-21,2025,Elche,Oviedo,1,0,2,1.0,0.0,713.2798594782089,9,8,999,0,1.0,0,999,0,1.0,0,0,0,1.0,3.0,0.0,6.0,4.0,1.5,1.5,1.5,1.0,1.5,1.0,2.0,1.0,1.5,0.5,1.5,1.5,0.25,0.0,0.0,8.25,10.75,2.75,13.5,1.75,-2.5,1.0,0.0,3.0,1.0,7.0,0.75,0.75,0.25,1.75,0.25,1.75,1.5,0.0,0.5,1.5,0.0,2.0,0.25,0.75,0.0,6.0,19.75,2.25,10.25,3.75,-13.75
laliga-2025-2025-09-21-barcelona-v-getafe,2025-09-21,2025,Barcelona,Getafe,3,0,2,0.8333333333333334,0.0,505.3079785831502,7,8,999,0,1.0,0,999,0,1.0,0,0,0,4.0,1.0,0.0,16.0,3.0,2.6,2.2875,2.425,1.075,3.2,0.6,2.358974358974359,2.2195121951219514,2.58974358974359,1.0512820512820513,2.268292682926829,1.0975609756097562,0.4,0.05,0.3125,21.5,6.5,7.75,10.5,0.75,15.0,3.0,0.0,2.0,7.0,6.0,1.8,1.175,1.025,1.2125,1.4,1.2,1.3076923076923077,1.048780487804878,0.9487179487179487,1.0512820512820513,1.0975609756097562,1.3658536585365855,0.2625,0.4,0.625,10.0,8.75,3.25,15.0,1.5,1.25
laliga-2025-2025-09-23-ath-bilbao-v-girona,2025-09-23,2025,Ath Bilbao,Girona,1,1,1,0.5,0.0,493.296941623452,3,3,999,0,1.0,0,999,0,1.0,0,0,0,3.0,0.0,2.0,6.0,6.0,1.8,1.8148148148148149,1.4938271604938271,0.8888888888888888,1.2,1.2,2.1219512195121952,1.5,1.9024390243902438,0.8292682926829268,1.075,0.95,0.41975308641975306,0.24691358024691357,-0.014814814814814836,12.6,8.8,4.2,12.0,2.6,3.799999999999999,0.0,1.0,4.0,2.0,15.0,0.2,1.5185185185185186,1.617283950617284,1.4938271604938271,0.4,3.0,1.7317073170731707,1.3,1.975609756097561,1.4390243902439024,1.25,1.55,0.24691358024691357,0.25925925925925924,-1.3185185185185186,10.4,16.6,3.6,8.4,3.0,-6.200000000000001
laliga-2025-2025-09-23-espanyol-v-valencia,2025-09-23,2025,Espanyol,Valencia,2,2,1,0.375,0.0,293.83949171694553,3,3,999,0,1.0,0,999,0,1.0,0,0,0,3.0,1.0,1.0,8.0,7.0,2.0,1.2093023255813953,1.1162790697674418,1.3488372093023255,1.6,1.4,1.7727272727272727,0.6190476190476191,1.3181818181818181,1.0454545454545454,0.9047619047619048,1.6666666666666667,0.20930232558139536,0.27906976744186046,0.7906976744186047,10.2,16.0,3.2,14.8,2.2,-5.800000000000001,2.0,1.0,2.0,6.0,8.0,1.4,1.2592592592592593,1.1111111111111112,1.3209876543209877,1.2,1.6,1.6585365853658536,0.85,1.2682926829268293,0.8536585365853658,0.95,1.8,0.2839506172839506,0.30864197530864196,0.1407407407407406,8.8,15.0,2.6,11.4,1.6,-6.199999999999999
laliga-2025-2025-09-23-levante-v-real-madrid,2025-09-23,2025,Levante,Real Madrid,1,4,0,0.0,0.0,302.5444197829563,3,3,999,0,1.0,0,999,0,1.0,0,0,0,1.0,1.0,3.0,9.0,9.0,0.8,0.8,1.8,1.8,1.8,1.8,0.5,1.0,2.0,2.5,1.6666666666666667,1.3333333333333333,0.2,0.2,0.0,9.0,18.4,3.6,14.6,2.4,-9.399999999999999,5.0,0.0,0.0,10.0,2.0,3.0,2.3950617283950617,2.1604938271604937,0.8148148148148148,2.0,0.4,2.658536585365854,2.125,2.3902439024390243,0.7073170731707317,1.925,0.925,0.48148148148148145,0.04938271604938271,0.6049382716049383,18.6,9.6,6.6,9.2,1.8,9.000000000000002
laliga-2025-2025-09-23-sevilla-v-villarreal,2025-09-23,2025,Sevilla,Villarreal,1,2,0,0.25,0.0,583.4265952554996,3,3,999,0,1.0,0,999,0,1.0,0,0,0,2.0,1.0,2.0,9.0,8.0,1.4,1.0987654320987654,1.2222222222222223,1.4444444444444444,1.8,1.6,1.2,1.0,1.175,1.35,1.2682926829268293,1.5365853658536586,0.2345679012345679,0.2345679012345679,0.3012345679012345,10.6,11.2,3.8,15.6,3.4,-0.5999999999999996,3.0,1.0,1.0,10.0,4.0,2.0,1.6419753086419753,1.8024691358024691,1.4814814814814814,2.0,0.8,1.6829268292682926,1.6,2.1463414634146343,1.4634146341463414,1.45,1.5,0.18518518518518517,0.13580246913580246,0.3580246913580247,17.2,6.8,5.8,10.2,1.8,10.399999999999999
laliga-2025-2025-09-24-getafe-v-alaves,2025-09-24,2025,Getafe,Alaves,1,1,1,0.6428571428571429,0.0,295.24865506627265,3,4,999,0,1.0,0,999,0,1.0,0,0,0,3.0,0.0,2.0,6.0,7.0,1.8,1.1604938271604939,1.0123456790123457,1.2345679012345678,1.2,1.4,1.3076923076923077,1.0238095238095237,0.9487179487179487,1.0512820512820513,1.0714285714285714,1.4047619047619047,0.25925925925925924,0.4074074074074074,0.6395061728395062,8.6,10.2,3.0,15.0,2.0,-1.5999999999999996,2.0,1.0,2.0,5.0,5.0,1.4,1.1728395061728396,0.9753086419753086,1.2222222222222223,1.0,1.0,1.4390243902439024,0.9,1.0,0.975609756097561,0.95,1.475,0.25925925925925924,0.35802469135802467,0.2271604938271603,8.6,11.8,3.6,16.6,1.8,-3.200000000000001
laliga-2025-2025-09-24-ath-madrid-v-rayo-vallecano,2025-09-24,2025,Ath Madrid,Rayo Vallecano,3,2,2,0.75,0.0,7.149352263268357,3,3,999,0,1.0,0,999,0,1.0,0,0,0,1.0,3.0,1.0,6.0,5.0,1.2,1.9506172839506173,1.7777777777777777,0.9629629629629629,1.2,1.0,2.475,1.4390243902439024,2.175,0.95,1.3902439024390243,0.975609756097561,0.38271604938271603,0.1728395061728395,-0.7506172839506173,12.6,7.4,5.2,12.0,2.0,5.199999999999999,1.0,2.0,2.0,5.0,6.0,1.0,1.1728395061728396,0.9259259259259259,1.2222222222222223,1.0,1.2,1.2,1.146341463414634,1.1,1.35,0.7560975609756098,1.0975609756097562,0.2839506172839506,0.37037037037037035,-0.1728395061728396,13.6,9.6,4.6,12.2,2.4,4.0
laliga-2025-2025-09-24-real-sociedad-v-mallorca,2025-09-24,2025,Real Sociedad,Mallorca,1,0,2,0.6666666666666666,0.0,563.3188606808416,5,3,999,0,1.0,0,999,0,1.0,0,0,0,0.0,2.0,3.0,5.0,9.0,0.4,1.3333333333333333,1.123456790123457,1.1604938271604939,1.0,1.8,1.45,1.2195121951219512,1.225,1.1,1.024390243902439,1.2195121951219512,0.345679012345679,0.37037037037037035,-0.9333333333333332,16.0,15.4,5.0,16.4,2.8,0.5999999999999996,0.0,2.0,3.0,5.0,10.0,0.4,1.1111111111111112,0.9012345679012346,1.2098765432098766,1.0,2.0,1.3414634146341464,0.875,0.9512195121951219,1.024390243902439,0.85,1.4,0.2345679012345679,0.37037037037037035,-0.7111111111111111,11.4,14.0,4.6,11.4,2.4,-2.5999999999999996
laliga-2025-2025-09-25-osasuna-v-elche,2025-09-25,2025,Osasuna,Elche,1,1,1,0.5,0.0,509.6957235664294,5,4,999,0,1.0,0,999,0,1.0,0,0,0,2.0,0.0,3.0,4.0,4.0,1.2,1.271604938271605,1.1975308641975309,1.382716049382716,0.8,0.8,1.625,0.926829268292683,1.375,1.225,1.024390243902439,1.5365853658536586,0.25925925925925924,0.24691358024691357,-0.07160493827160508,8.6,15.4,3.4,12.8,3.0,-6.800000000000001,2.0,3.0,0.0,7.0,4.0,1.8,1.8,1.4,0.8,1.4,0.8,2.3333333333333335,1.0,1.3333333333333333,0.3333333333333333,1.5,1.5,0.4,0.0,0.0,9.6,11.0,3.2,12.6,1.8,-1.4000000000000004
laliga-2025-2025-09-25-oviedo-v-barcelona,2025-09-25,2025,Oviedo,Barcelona,1,3,0,0.0,0.0,691.1213606060528,4,4,999,0,1.0,0,999,0,1.0,0,0,0,1.0,0.0,4.0,1.0,8.0,0.6,0.6,0.2,1.6,0.2,1.6,1.5,0.0,0.5,1.5,0.0,1.6666666666666667,0.2,0.8,0.0,7.2,18.8,2.6,11.8,3.4,-11.600000000000001,4.0,1.0,0.0,16.0,3.0,2.6,2.2962962962962963,2.432098765432099,1.0617283950617284,3.2,0.6,2.375,2.2195121951219514,2.6,1.025,2.268292682926829,1.0975609756097562,0.4074074074074074,0.04938271604938271,0.3037037037037038,20.4,5.8,7.6,10.2,1.0,14.599999999999998
laliga-2025-2025-09-26-girona-v-espanyol,2025-09-26,2025,Girona,Espanyol,0,0,1,0.75,0.0,93.8050406612064,3,3,999,0,1.0,0,999,0,1.0,0,0,0,0.0,2.0,3.0,2.0,13.0,0.4,1.5121951219512195,1.6097560975609757,1.4878048780487805,0.4,2.6,1.7317073170731707,1.2926829268292683,1.975609756097561,1.4390243902439024,1.2439024390243902,1.5365853658536586,0.24390243902439024,0.25609756097560976,-1.1121951219512196,9.666666666666666,16.666666666666668,3.5,9.5,2.8333333333333335,-7.000000000000002,2.0,2.0,1.0,8.0,8.0,1.6,1.2045454545454546,1.1363636363636365,1.3636363636363635,1.6,1.6,1.7391304347826086,0.6190476190476191,1.3478260869565217,1.0869565217391304,0.9047619047619048,1.6666666666666667,0.20454545454545456,0.2727272727272727,0.3954545454545455,12.0,14.166666666666666,4.333333333333333,13.833333333333334,2.0,-2.166666666666666
laliga-2025-2025-09-27-getafe-v-levante,2025-09-27,2025,Getafe,Levante,1,1,1,0.25,0.0,299.5255146224806,3,4,999,0,1.0,0,999,0,1.0,0,0,0,2.0,1.0,2.0,5.0,8.0,1.4,1.1585365853658536,1.0121951219512195,1.2317073170731707,1.0,1.6,1.3,1.0238095238095237,0.95,1.05,1.0714285714285714,1.4047619047619047,0.25609756097560976,0.4024390243902439,0.24146341463414633,8.333333333333334,10.166666666666666,2.6666666666666665,14.833333333333334,2.0,-1.8333333333333321,1.0,1.0,3.0,9.0,11.0,0.8,0.6666666666666666,1.6666666666666667,2.1666666666666665,1.8,2.2,0.3333333333333333,1.0,1.6666666666666667,3.0,1.6666666666666667,1.3333333333333333,0.16666666666666666,0.16666666666666666,0.13333333333333341,9.333333333333334,19.333333333333332,3.3333333333333335,15.0,2.1666666666666665,-9.999999999999998
laliga-2025-2025-09-27-ath-madrid-v-real-madrid,2025-09-27,2025,Ath Madrid,Real Madrid,5,2,2,0.6428571428571429,0.0,7.738693239445262,3,4,999,0,1.0,0,999,0,1.0,0,0,0,2.0,3.0,0.0,8.0,5.0,1.8,1.9634146341463414,1.7926829268292683,0.975609756097561,1.6,1.0,2.4878048780487805,1.4390243902439024,2.1951219512195124,0.975609756097561,1.3902439024390243,0.975609756097561,0.3780487804878049,0.17073170731707318,-0.1634146341463414,13.833333333333334,7.666666666666667,5.666666666666667,11.0,2.1666666666666665,6.166666666666667,5.0,0.0,0.0,13.0,3.0,3.0,2.402439024390244,2.182926829268293,0.8170731707317073,2.6,0.6,2.658536585365854,2.1463414634146343,2.3902439024390243,0.7073170731707317,1.975609756097561,0.926829268292683,0.47560975609756095,0.04878048780487805,0.5975609756097562,19.5,9.833333333333334,7.166666666666667,9.166666666666666,1.6666666666666667,9.666666666666666
laliga-2025-2025-09-27-mallorca-v-alaves,2025-09-27,2025,Mallorca,Alaves,1,0,2,0.4166666666666667,0.0,572.5458847204633,3,3,999,0,1.0,0,999,0,1.0,0,0,0,0.0,2.0,3.0,5.0,8.0,0.4,1.0975609756097562,0.8902439024390244,1.2073170731707317,1.0,1.6,1.3414634146341464,0.8536585365853658,0.9512195121951219,1.024390243902439,0.8292682926829268,1.3902439024390243,0.23170731707317074,0.3780487804878049,-0.6975609756097562,10.666666666666666,14.5,4.333333333333333,12.0,2.3333333333333335,-3.833333333333334,1.0,2.0,2.0,4.0,5.0,1.0,1.170731707317073,0.975609756097561,1.2195121951219512,0.8,1.0,1.4390243902439024,0.9024390243902439,1.0,0.975609756097561,0.9512195121951219,1.4634146341463414,0.25609756097560976,0.35365853658536583,-0.1707317073170731,8.833333333333334,11.0,3.6666666666666665,17.166666666666668,2.0,-2.166666666666666
laliga-2025-2025-09-27-villarreal-v-ath-bilbao,2025-09-27,2025,Villarreal,Ath Bilbao,1,0,2,0.5,0.0,438.4315944355367,4,4,999,0,1.0,0,999,0,1.0,0,0,0,3.0,1.0,1.0,10.0,5.0,2.0,1.6585365853658536,1.8048780487804879,1.475609756097561,2.0,1.0,1.6829268292682926,1.6341463414634145,2.1463414634146343,1.4634146341463414,1.4634146341463414,1.4878048780487805,0.18292682926829268,0.13414634146341464,0.3414634146341464,16.333333333333332,8.333333333333334,5.666666666666667,10.833333333333334,2.0,7.999999999999998,2.0,1.0,2.0,4.0,5.0,1.4,1.8048780487804879,1.4878048780487805,0.8902439024390244,0.8,1.0,2.0952380952380953,1.5,1.880952380952381,0.8333333333333334,1.075,0.95,0.4146341463414634,0.24390243902439024,-0.40487804878048794,13.333333333333334,8.333333333333334,4.333333333333333,13.166666666666666,2.1666666666666665,5.0
laliga-2025-2025-09-28-rayo-vallecano-v-sevilla,2025-09-28,2025,Rayo Vallecano,Sevilla,0,1,0,0.21428571428571427,0.0,389.6758738843053,4,5,999,0,1.0,0,999,0,1.0,0,0,0,0.0,2.0,3.0,4.0,8.0,0.4,1.1585365853658536,0.9390243902439024,1.2439024390243902,0.8,1.6,1.2,1.119047619047619,1.1,1.35,0.7857142857142857,1.1428571428571428,0.2804878048780488,0.36585365853658536,-0.7585365853658536,12.833333333333334,11.333333333333334,4.333333333333333,12.166666666666666,2.6666666666666665,1.5,2.0,1.0,2.0,8.0,7.0,1.4,1.0853658536585367,1.2195121951219512,1.451219512195122,1.6,1.4,1.170731707317073,1.0,1.170731707317073,1.3658536585365855,1.2682926829268293,1.5365853658536586,0.23170731707317074,0.23170731707317074,0.31463414634146325,11.5,11.333333333333334,3.5,15.833333333333334,3.1666666666666665,0.16666666666666607
laliga-2025-2025-09-28-elche-v-celta,2025-09-28,2025,Elche,Celta,2,1,2,0.5,0.0,810.7257739864532,3,7,999,0,1.0,0,999,0,1.0,0,0,0,2.0,3.0,0.0,7.0,4.0,1.8,1.6666666666666667,1.3333333333333333,0.8333333333333334,1.4,0.8,2.3333333333333335,1.0,1.3333333333333333,0.3333333333333333,1.3333333333333333,1.3333333333333333,0.3333333333333333,0.0,0.1333333333333333,10.0,10.666666666666666,3.3333333333333335,12.666666666666666,1.8333333333333333,-0.6666666666666661,0.0,5.0,0.0,5.0,5.0,1.0,1.2317073170731707,1.3414634146341464,1.475609756097561,1.0,1.0,1.5,0.95,1.3333333333333333,1.1666666666666667,1.35,1.8,0.17073170731707318,0.21951219512195122,-0.23170731707317072,12.166666666666666,10.833333333333334,4.0,11.333333333333334,1.5,1.3333333333333321
laliga-2025-2025-09-28-barcelona-v-real-sociedad,2025-09-28,2025,Barcelona,Real Sociedad,2,1,2,0.6666666666666666,0.0,398.26320929668896,3,4,999,0,1.0,0,999,0,1.0,0,0,0,4.0,1.0,0.0,16.0,4.0,2.6,2.3048780487804876,2.4390243902439024,1.0609756097560976,3.2,0.8,2.375,2.238095238095238,2.6,1.025,2.2857142857142856,1.0952380952380953,0.4024390243902439,0.04878048780487805,0.29512195121951246,20.666666666666668,6.0,8.0,9.5,0.8333333333333334,14.666666666666668,1.0,1.0,3.0,5.0,8.0,0.8,1.353658536585366,1.1219512195121952,1.146341463414634,1.0,1.6,1.4878048780487805,1.2195121951219512,1.2195121951219512,1.0731707317073171,1.024390243902439,1.2195121951219512,0.35365853658536583,0.36585365853658536,-0.5536585365853659,16.166666666666668,14.0,4.833333333333333,15.833333333333334,2.6666666666666665,2.166666666666668
laliga-2025-2025-09-28-betis-v-osasuna,2025-09-28,2025,Betis,Osasuna,2,0,2,0.8333333333333334,0.0,705.5950045460971,9,3,999,0,1.0,0,999,0,1.0,0,0,0,2.0,2.0,1.0,8.0,6.0,1.6,1.5365853658536586,1.3902439024390243,1.2439024390243902,1.6,1.2,1.8048780487804879,1.2682926829268293,1.5609756097560976,1.048780487804878,1.2195121951219512,1.4390243902439024,0.25609756097560976,0.15853658536585366,0.06341463414634152,15.5,10.333333333333334,4.666666666666667,10.166666666666666,1.8333333333333333,5.166666666666666,2.0,1.0,2.0,5.0,4.0,1.4,1.2682926829268293,1.1951219512195121,1.3780487804878048,1.0,0.8,1.6097560975609757,0.926829268292683,1.3658536585365855,1.2195121951219512,1.024390243902439,1.5365853658536586,0.25609756097560976,0.24390243902439024,0.13170731707317063,8.666666666666666,14.833333333333334,3.1666666666666665,13.833333333333334,2.8333333333333335,-6.166666666666668
laliga-2025-2025-09-30-valencia-v-oviedo,2025-09-30,2025,Valencia,Oviedo,1,2,0,0.0,0.0,628.8770972217068,7,5,999,0,1.0,0,999,0,1.0,0,0,0,2.0,1.0,2.0,7.0,9.0,1.4,1.2560975609756098,1.1219512195121952,1.329268292682927,1.4,1.8,1.6585365853658536,0.8536585365853658,1.2682926829268293,0.8536585365853658,0.975609756097561,1.8048780487804879,0.2804878048780488,0.3048780487804878,0.14390243902439015,8.166666666666666,16.0,2.5,11.0,2.0,-7.833333333333334,1.0,0.0,4.0,2.0,9.0,0.6,0.5,0.3333333333333333,1.8333333333333333,0.4,1.8,1.0,0.0,0.6666666666666666,2.0,0.0,1.6666666666666667,0.16666666666666666,0.6666666666666666,0.09999999999999998,7.166666666666667,19.333333333333332,2.6666666666666665,11.5,3.0,-12.166666666666664
laliga-2025-2025-10-03-osasuna-v-getafe,2025-10-03,2025,Osasuna,Getafe,2,1,2,0.5,0.0,326.2701990448406,5,6,999,0,1.0,0,999,0,1.0,0,0,0,1.0,1.0,3.0,4.0,6.0,0.8,1.2530120481927711,1.180722891566265,1.3855421686746987,0.8,1.2,1.6097560975609757,0.9047619047619048,1.3658536585365855,1.2195121951219512,1.0,1.5476190476190477,0.25301204819277107,0.25301204819277107,-0.4530120481927711,9.142857142857142,14.428571428571429,2.857142857142857,12.857142857142858,2.5714285714285716,-5.2857142857142865,1.0,2.0,2.0,4.0,8.0,1.0,1.1566265060240963,1.0120481927710843,1.2289156626506024,0.8,1.6,1.2926829268292683,1.0238095238095237,0.9512195121951219,1.048780487804878,1.0714285714285714,1.4047619047619047,0.25301204819277107,0.39759036144578314,-0.15662650602409633,8.714285714285714,10.285714285714286,2.857142857142857,14.857142857142858,2.2857142857142856,-1.571428571428573
laliga-2025-2025-10-04-oviedo-v-levante,2025-10-04,2025,Oviedo,Levante,0,2,0,0.0,0.0,628.8770972217068,4,7,999,0,1.0,0,999,0,1.0,0,0,0,2.0,0.0,3.0,4.0,7.0,1.2,0.8571428571428571,0.5714285714285714,1.7142857142857142,0.8,1.4,1.0,0.75,0.6666666666666666,2.0,0.5,1.5,0.14285714285714285,0.5714285714285714,0.34285714285714286,7.571428571428571,18.857142857142858,2.857142857142857,11.571428571428571,3.4285714285714284,-11.285714285714286,1.0,2.0,2.0,8.0,9.0,1.0,0.7142857142857143,1.5714285714285714,2.0,1.6,1.8,0.3333333333333333,1.0,1.6666666666666667,3.0,1.5,1.25,0.14285714285714285,0.14285714285714285,0.2857142857142857,9.571428571428571,18.142857142857142,3.2857142857142856,15.142857142857142,2.2857142857142856,-8.571428571428571
laliga-2025-2025-10-04-girona-v-valencia,2025-10-04,2025,Girona,Valencia,2,1,2,0.5833333333333334,0.0,387.4286140921075,8,4,999,0,1.0,0,999,0,1.0,0,0,0,0.0,3.0,2.0,2.0,8.0,0.6,1.5060240963855422,1.5903614457831325,1.4698795180722892,0.4,1.6,1.7142857142857142,1.2926829268292683,1.9285714285714286,1.4047619047619047,1.2439024390243902,1.5365853658536586,0.25301204819277107,0.26506024096385544,-0.9060240963855423,10.0,17.142857142857142,3.4285714285714284,9.428571428571429,2.4285714285714284,-7.142857142857142,2.0,1.0,2.0,8.0,10.0,1.4,1.2409638554216869,1.1204819277108433,1.3373493975903614,1.6,2.0,1.619047619047619,0.8536585365853658,1.2619047619047619,0.8809523809523809,0.975609756097561,1.8048780487804879,0.27710843373493976,0.30120481927710846,0.15903614457831305,9.285714285714286,15.142857142857142,2.857142857142857,11.428571428571429,1.8571428571428572,-5.857142857142856
laliga-2025-2025-10-04-ath-bilbao-v-mallorca,2025-10-04,2025,Ath Bilbao,Mallorca,2,1,2,0.5833333333333334,0.0,618.8154377441957,7,7,999,0,1.0,0,999,0,1.0,0,0,0,1.0,1.0,3.0,3.0,6.0,0.8,1.783132530120482,1.4698795180722892,0.891566265060241,0.6,1.2,2.0952380952380953,1.4634146341463414,1.880952380952381,0.8333333333333334,1.048780487804878,0.9512195121951219,0.40963855421686746,0.25301204819277107,-0.9831325301204819,13.714285714285714,9.142857142857142,4.285714285714286,12.857142857142858,1.8571428571428572,4.571428571428571,1.0,1.0,3.0,5.0,7.0,0.8,1.1204819277108433,0.891566265060241,1.1927710843373494,1.0,1.4,1.380952380952381,0.8536585365853658,0.9523809523809523,1.0,0.8292682926829268,1.3902439024390243,0.24096385542168675,0.37349397590361444,-0.3204819277108433,10.857142857142858,14.142857142857142,4.142857142857143,12.285714285714286,2.2857142857142856,-3.2857142857142847
laliga-2025-2025-10-04-real-madrid-v-villarreal,2025-10-04,2025,Real Madrid,Villarreal,3,1,2,0.9166666666666666,0.0,309.67389331564664,7,7,999,0,1.0,0,999,0,1.0,0,0,0,4.0,0.0,1.0,12.0,8.0,2.4,2.3734939759036147,2.180722891566265,0.8674698795180723,2.4,1.6,2.658536585365854,2.0952380952380953,2.3902439024390243,0.7073170731707317,1.9761904761904763,1.0238095238095237,0.46987951807228917,0.04819277108433735,0.02650602409638525,17.571428571428573,10.285714285714286,6.428571428571429,9.857142857142858,2.0,7.2857142857142865,3.0,1.0,1.0,6.0,5.0,2.0,1.6746987951807228,1.7951807228915662,1.4578313253012047,1.2,1.0,1.7142857142857142,1.6341463414634145,2.119047619047619,1.4285714285714286,1.4634146341463414,1.4878048780487805,0.1927710843373494,0.13253012048192772,0.32530120481927716,16.0,9.428571428571429,5.571428571428571,11.142857142857142,2.0,6.571428571428571
laliga-2025-2025-10-05-alaves-v-elche,2025-10-05,2025,Alaves,Elche,3,1,2,0.75,0.0,535.7036504095581,8,7,999,0,1.0,0,999,0,1.0,0,0,0,1.0,2.0,2.0,4.0,5.0,1.0,1.1566265060240963,0.963855421686747,1.216867469879518,0.8,1.0,1.4390243902439024,0.8809523809523809,1.0,0.975609756097561,0.9285714285714286,1.4523809523809523,0.25301204819277107,0.3614457831325301,-0.15662650602409633,9.285714285714286,11.142857142857142,3.5714285714285716,17.285714285714285,2.142857142857143,-1.8571428571428559,3.0,2.0,0.0,8.0,4.0,2.2,1.8571428571428572,1.4285714285714286,0.8571428571428571,1.6,0.8,2.5,1.0,1.5,0.5,1.3333333333333333,1.3333333333333333,0.2857142857142857,0.0,0.34285714285714297,11.0,10.285714285714286,4.0,12.571428571428571,2.0,0.7142857142857135
laliga-2025-2025-10-05-sevilla-v-barcelona,2025-10-05,2025,Sevilla,Barcelona,4,1,2,0.14285714285714285,0.0,825.2788120519293,7,7,999,0,1.0,0,999,0,1.0,0,0,0,3.0,1.0,1.0,8.0,5.0,2.0,1.108433734939759,1.216867469879518,1.4337349397590362,1.6,1.0,1.170731707317073,1.0476190476190477,1.170731707317073,1.3658536585365855,1.2619047619047619,1.5,0.24096385542168675,0.2289156626506024,0.891566265060241,10.428571428571429,12.285714285714286,3.142857142857143,15.714285714285714,3.0,-1.8571428571428577,4.0,1.0,0.0,15.0,3.0,2.6,2.3132530120481927,2.433734939759036,1.0602409638554218,3.0,0.6,2.3902439024390243,2.238095238095238,2.5853658536585367,1.024390243902439,2.2857142857142856,1.0952380952380953,0.39759036144578314,0.04819277108433735,0.2867469879518074,20.857142857142858,6.142857142857143,8.571428571428571,9.0,0.8571428571428571,14.714285714285715
laliga-2025-2025-10-05-espanyol-v-betis,2025-10-05,2025,Espanyol,Betis,1,2,0,0.125,0.0,819.5876816472664,9,7,999,0,1.0,0,999,0,1.0,0,0,0,2.0,2.0,1.0,6.0,6.0,1.6,1.2,1.1111111111111112,1.3333333333333333,1.2,1.2,1.7391304347826086,0.6363636363636364,1.3478260869565217,1.0869565217391304,0.8636363636363636,1.5909090909090908,0.2222222222222222,0.28888888888888886,0.40000000000000013,13.142857142857142,13.857142857142858,4.428571428571429,13.428571428571429,1.8571428571428572,-0.7142857142857153,2.0,2.0,1.0,9.0,6.0,1.6,1.5542168674698795,1.3975903614457832,1.2289156626506024,1.8,1.2,1.8333333333333333,1.2682926829268293,1.5714285714285714,1.0238095238095237,1.2195121951219512,1.4390243902439024,0.26506024096385544,0.1566265060240964,0.04578313253012056,15.0,10.571428571428571,4.857142857142857,9.571428571428571,1.5714285714285714,4.428571428571429
laliga-2025-2025-10-05-real-sociedad-v-rayo-vallecano,2025-10-05,2025,Real Sociedad,Rayo Vallecano,0,1,0,0.3333333333333333,0.0,352.34262041755716,7,7,999,0,1.0,0,999,0,1.0,0,0,0,1.0,0.0,4.0,4.0,8.0,0.6,1.3373493975903614,1.1204819277108433,1.1566265060240963,0.8,1.6,1.4878048780487805,1.1904761904761905,1.2195121951219512,1.0731707317073171,1.0238095238095237,1.2380952380952381,0.3493975903614458,0.3614457831325301,-0.7373493975903614,14.857142857142858,15.142857142857142,4.428571428571429,15.285714285714286,2.5714285714285716,-0.2857142857142847,0.0,2.0,3.0,4.0,8.0,0.4,1.144578313253012,0.927710843373494,1.2409638554216869,0.8,1.6,1.170731707317073,1.119047619047619,1.0731707317073171,1.3414634146341464,0.7857142857142857,1.1428571428571428,0.27710843373493976,0.37349397590361444,-0.744578313253012,13.571428571428571,10.285714285714286,4.571428571428571,12.142857142857142,3.0,3.2857142857142847
laliga-2025-2025-10-05-celta-v-ath-madrid,2025-10-05,2025,Celta,Ath Madrid,1,1,1,0.3333333333333333,0.0,472.3895555111108,7,8,999,0,1.0,0,999,0,1.0,0,0,0,0.0,4.0,1.0,5.0,6.0,0.8,1.216867469879518,1.3373493975903614,1.4819277108433735,1.0,1.2,1.5,0.926829268292683,1.3333333333333333,1.1666666666666667,1.3414634146341464,1.8048780487804879,0.1686746987951807,0.21686746987951808,-0.41686746987951806,11.571428571428571,11.714285714285714,3.7142857142857144,12.571428571428571,1.7142857142857142,-0.14285714285714235,3.0,2.0,0.0,12.0,6.0,2.2,1.9759036144578312,1.8313253012048192,0.9879518072289156,2.4,1.2,2.5,1.4390243902439024,2.261904761904762,1.0,1.3902439024390243,0.975609756097561,0.37349397590361444,0.1686746987951807,0.22409638554216893,13.714285714285714,7.428571428571429,5.857142857142857,11.857142857142858,2.5714285714285716,6.285714285714285
laliga-2025-2025-10-17-oviedo-v-espanyol,2025-10-17,2025,Oviedo,Espanyol,0,2,0,0.25,0.0,689.0135927744466,13,12,999,0,1.0,0,999,0,1.0,0,0,0,1.0,0.0,4.0,3.0,9.0,0.6,0.75,0.5,1.75,0.6,1.8,0.75,0.75,0.5,2.0,0.5,1.5,0.125,0.625,-0.15000000000000002,8.25,18.25,2.75,11.375,3.25,-10.0,1.0,2.0,2.0,6.0,8.0,1.0,1.173913043478261,1.108695652173913,1.3478260869565217,1.2,1.6,1.6666666666666667,0.6363636363636364,1.3333333333333333,1.125,0.8636363636363636,1.5909090909090908,0.21739130434782608,0.2826086956521739,-0.17391304347826098,13.25,13.625,4.5,13.75,1.875,-0.375
laliga-2025-2025-10-18-sevilla-v-mallorca,2025-10-18,2025,Sevilla,Mallorca,1,3,0,0.3333333333333333,0.0,787.3887957067963,13,14,999,0,1.0,0,999,0,1.0,0,0,0,3.0,1.0,1.0,10.0,6.0,2.0,1.130952380952381,1.25,1.4285714285714286,2.0,1.2,1.2142857142857142,1.0476190476190477,1.2380952380952381,1.3571428571428572,1.2619047619047619,1.5,0.23809523809523808,0.2261904761904762,0.8690476190476191,10.75,12.875,3.375,16.0,3.5,-2.125,1.0,1.0,3.0,5.0,7.0,0.8,1.1071428571428572,0.8928571428571429,1.2023809523809523,1.0,1.4,1.380952380952381,0.8333333333333334,0.9523809523809523,1.0,0.8333333333333334,1.4047619047619047,0.23809523809523808,0.36904761904761907,-0.30714285714285716,10.375,14.625,3.875,12.375,3.0,-4.25
laliga-2025-2025-10-18-barcelona-v-girona,2025-10-18,2025,Barcelona,Girona,2,1,2,0.5,0.0,87.8199411621499,13,14,999,0,1.0,0,999,0,1.0,0,0,0,4.0,0.0,1.0,15.0,6.0,2.4,2.2857142857142856,2.4166666666666665,1.0952380952380953,3.0,1.2,2.3902439024390243,2.186046511627907,2.5853658536585367,1.024390243902439,2.255813953488372,1.1627906976744187,0.39285714285714285,0.047619047619047616,0.11428571428571432,20.375,7.0,8.5,9.0,1.375,13.375,1.0,3.0,1.0,4.0,7.0,1.2,1.5238095238095237,1.5952380952380953,1.4642857142857142,0.8,1.4,1.744186046511628,1.2926829268292683,1.930232558139535,1.3953488372093024,1.2439024390243902,1.5365853658536586,0.25,0.2619047619047619,-0.32380952380952377,9.25,17.375,3.5,9.875,3.25,-8.125
laliga-2025-2025-10-18-villarreal-v-betis,2025-10-18,2025,Villarreal,Betis,2,2,1,0.35714285714285715,0.0,583.4265952554996,14,13,999,0,1.0,0,999,0,1.0,0,0,0,3.0,0.0,2.0,6.0,7.0,1.8,1.6547619047619047,1.7857142857142858,1.4761904761904763,1.2,1.4,1.7142857142857142,1.5952380952380953,2.119047619047619,1.4285714285714286,1.4523809523809523,1.5238095238095237,0.19047619047619047,0.13095238095238096,0.1452380952380954,15.125,11.5,5.125,11.5,2.5,3.625,3.0,1.0,1.0,10.0,6.0,2.0,1.5714285714285714,1.4047619047619047,1.2261904761904763,2.0,1.2,1.8333333333333333,1.3095238095238095,1.5714285714285714,1.0238095238095237,1.2380952380952381,1.4285714285714286,0.2619047619047619,0.15476190476190477,0.4285714285714286,14.625,11.0,4.625,8.875,2.125,3.625
laliga-2025-2025-10-18-ath-madrid-v-osasuna,2025-10-18,2025,Ath Madrid,Osasuna,1,0,2,0.7142857142857143,0.0,308.9531646022417,13,15,999,0,1.0,0,999,0,1.0,0,0,0,3.0,2.0,0.0,12.0,6.0,2.2,1.9642857142857142,1.8214285714285714,0.9880952380952381,2.4,1.2,2.5,1.4285714285714286,2.261904761904762,1.0,1.380952380952381,0.9761904761904762,0.36904761904761907,0.16666666666666666,0.235714285714286,12.75,8.75,5.25,11.625,2.875,4.0,2.0,1.0,2.0,6.0,6.0,1.4,1.2738095238095237,1.1904761904761905,1.380952380952381,1.2,1.2,1.6428571428571428,0.9047619047619048,1.380952380952381,1.2142857142857142,1.0,1.5476190476190477,0.25,0.25,0.1261904761904762,8.875,13.375,2.875,12.625,2.375,-4.5
laliga-2025-2025-10-19-elche-v-ath-bilbao,2025-10-19,2025,Elche,Ath Bilbao,0,0,1,0.3333333333333333,0.0,586.8148237968896,14,15,999,0,1.0,0,999,0,1.0,0,0,0,2.0,2.0,1.0,7.0,7.0,1.6,1.625,1.375,1.125,1.4,1.4,2.5,0.75,1.5,0.5,1.25,1.75,0.25,0.0,-0.02499999999999991,10.375,12.125,3.875,12.125,2.125,-1.75,1.0,1.0,3.0,3.0,6.0,0.8,1.7976190476190477,1.4761904761904763,0.8928571428571429,0.6,1.2,2.116279069767442,1.4634146341463414,1.8837209302325582,0.8372093023255814,1.048780487804878,0.9512195121951219,0.40476190476190477,0.25,-0.9976190476190476,14.25,8.875,4.375,13.25,2.25,5.375
laliga-2025-2025-10-19-celta-v-real-sociedad,2025-10-19,2025,Celta,Real Sociedad,1,1,1,0.5,0.0,565.3485968116221,14,14,999,0,1.0,0,999,0,1.0,0,0,0,0.0,4.0,1.0,5.0,6.0,0.8,1.2142857142857142,1.3333333333333333,1.4761904761904763,1.0,1.2,1.4883720930232558,0.926829268292683,1.3255813953488371,1.1627906976744187,1.3414634146341464,1.8048780487804879,0.16666666666666666,0.21428571428571427,-0.41428571428571415,12.375,11.0,3.75,11.875,1.625,1.375,1.0,0.0,4.0,4.0,8.0,0.6,1.3214285714285714,1.1071428571428572,1.1547619047619047,0.8,1.6,1.4523809523809523,1.1904761904761905,1.1904761904761905,1.0714285714285714,1.0238095238095237,1.2380952380952381,0.34523809523809523,0.36904761904761907,-0.7214285714285714,14.25,14.125,4.25,15.0,2.375,0.125
laliga-2025-2025-10-19-levante-v-rayo-vallecano,2025-10-19,2025,Levante,Rayo Vallecano,0,3,0,0.25,0.0,297.8524711943385,15,14,999,0,1.0,0,999,0,1.0,0,0,0,2.0,2.0,1.0,10.0,7.0,1.6,1.0,1.625,1.75,2.0,1.4,0.3333333333333333,1.4,1.6666666666666667,3.0,1.6,1.0,0.25,0.125,0.6000000000000001,10.125,17.5,3.5,14.5,2.25,-7.375,1.0,1.0,3.0,4.0,7.0,0.8,1.1666666666666667,0.9285714285714286,1.2261904761904763,0.8,1.4,1.170731707317073,1.1627906976744187,1.0731707317073171,1.3414634146341464,0.7906976744186046,1.1162790697674418,0.2857142857142857,0.36904761904761907,-0.3666666666666667,12.75,10.25,4.25,13.25,2.875,2.5
laliga-2025-2025-10-19-getafe-v-real-madrid,2025-10-19,2025,Getafe,Real Madrid,0,1,0,0.16666666666666666,0.0,16.272976255040476,16,15,999,0,1.0,0,999,0,1.0,0,0,0,1.0,2.0,2.0,5.0,7.0,1.0,1.1428571428571428,1.0119047619047619,1.2380952380952381,1.0,1.4,1.2926829268292683,1.0,0.9512195121951219,1.048780487804878,1.069767441860465,1.4186046511627908,0.25,0.39285714285714285,-0.1428571428571428,8.375,9.875,2.75,14.75,2.5,-1.5,4.0,0.0,1.0,13.0,8.0,2.4,2.380952380952381,2.1904761904761907,0.8690476190476191,2.6,1.6,2.6666666666666665,2.0952380952380953,2.4047619047619047,0.7142857142857143,1.9761904761904763,1.0238095238095237,0.4642857142857143,0.047619047619047616,0.01904761904761898,18.625,10.125,6.5,9.75,2.0,8.5
laliga-2025-2025-10-20-alaves-v-valencia,2025-10-20,2025,Alaves,Valencia,0,0,1,0.5714285714285714,0.0,421.45291985193836,15,16,999,0,1.0,0,999,0,1.0,0,0,0,2.0,1.0,2.0,6.0,5.0,1.4,1.1785714285714286,0.9880952380952381,1.2142857142857142,1.2,1.0,1.4761904761904763,0.8809523809523809,1.0476190476190477,0.9761904761904762,0.9285714285714286,1.4523809523809523,0.25,0.35714285714285715,0.2214285714285713,11.25,10.5,3.75,16.75,2.25,0.75,1.0,1.0,3.0,6.0,12.0,0.8,1.2261904761904763,1.119047619047619,1.3452380952380953,1.2,2.4,1.619047619047619,0.8333333333333334,1.2619047619047619,0.8809523809523809,0.9761904761904762,1.8095238095238095,0.27380952380952384,0.2976190476190476,-0.42619047619047623,10.5,13.75,3.25,11.5,1.75,-3.25
laliga-2025-2025-10-24-real-sociedad-v-sevilla,2025-10-24,2025,Real Sociedad,Sevilla,2,1,2,0.5,0.0,739.794439118782,5,6,999,0,1.0,0,999,0,1.0,0,0,0,1.0,1.0,3.0,4.0,7.0,0.8,1.3176470588235294,1.1058823529411765,1.1529411764705881,0.8,1.4,1.4523809523809523,1.186046511627907,1.1904761904761905,1.0714285714285714,1.0232558139534884,1.2325581395348837,0.3411764705882353,0.36470588235294116,-0.5176470588235293,14.555555555555555,13.0,4.555555555555555,15.555555555555555,2.4444444444444446,1.5555555555555554,3.0,0.0,2.0,9.0,7.0,1.8,1.1176470588235294,1.2470588235294118,1.4470588235294117,1.8,1.4,1.186046511627907,1.0476190476190477,1.2325581395348837,1.3953488372093024,1.2619047619047619,1.5,0.23529411764705882,0.2235294117647059,0.6823529411764706,11.0,12.222222222222221,3.4444444444444446,16.0,3.3333333333333335,-1.2222222222222214
laliga-2025-2025-10-25-girona-v-oviedo,2025-10-25,2025,Girona,Oviedo,3,3,1,0.25,0.0,725.9039848526533,7,8,999,0,1.0,0,999,0,1.0,0,0,0,1.0,2.0,2.0,4.0,8.0,1.0,1.5058823529411764,1.588235294117647,1.4705882352941178,0.8,1.6,1.744186046511628,1.2619047619047619,1.930232558139535,1.3953488372093024,1.2380952380952381,1.5476190476190477,0.24705882352941178,0.25882352941176473,-0.5058823529411764,9.444444444444445,18.444444444444443,3.5555555555555554,9.555555555555555,3.111111111111111,-8.999999999999998,1.0,0.0,4.0,3.0,9.0,0.6,0.6666666666666666,0.4444444444444444,1.7777777777777777,0.6,1.8,0.6,0.75,0.4,2.0,0.5,1.5,0.1111111111111111,0.6666666666666666,-0.06666666666666665,8.777777777777779,18.333333333333332,2.888888888888889,11.11111111111111,3.111111111111111,-9.555555555555554
laliga-2025-2025-10-25-espanyol-v-elche,2025-10-25,2025,Espanyol,Elche,1,0,2,0.5,0.0,416.17391274394384,8,6,999,0,1.0,0,999,0,1.0,0,0,0,1.0,2.0,2.0,5.0,6.0,1.0,1.2127659574468086,1.127659574468085,1.3191489361702127,1.0,1.2,1.6666666666666667,0.7391304347826086,1.3333333333333333,1.125,0.9130434782608695,1.5217391304347827,0.23404255319148937,0.2765957446808511,-0.2127659574468086,13.88888888888889,13.555555555555555,5.111111111111111,13.11111111111111,1.7777777777777777,0.3333333333333339,2.0,2.0,1.0,5.0,5.0,1.6,1.5555555555555556,1.2222222222222223,1.0,1.0,1.0,2.2,0.75,1.2,0.4,1.25,1.75,0.3333333333333333,0.1111111111111111,0.04444444444444451,10.88888888888889,11.222222222222221,4.0,12.333333333333334,2.111111111111111,-0.33333333333333215
laliga-2025-2025-10-25-ath-bilbao-v-getafe,2025-10-25,2025,Ath Bilbao,Getafe,0,1,0,0.5,0.0,334.75140847770354,6,6,999,0,1.0,0,999,0,1.0,0,0,0,1.0,2.0,2.0,3.0,5.0,1.0,1.7882352941176471,1.4588235294117646,0.8823529411764706,0.6,1.0,2.116279069767442,1.4523809523809523,1.8837209302325582,0.8372093023255814,1.0238095238095237,0.9285714285714286,0.4117647058823529,0.25882352941176473,-0.7882352941176471,13.11111111111111,9.555555555555555,4.0,14.0,2.3333333333333335,3.5555555555555554,0.0,2.0,3.0,3.0,8.0,0.4,1.1294117647058823,1.0,1.2352941176470589,0.6,1.6,1.2619047619047619,1.0,0.9285714285714286,1.0476190476190477,1.069767441860465,1.4186046511627908,0.24705882352941178,0.4,-0.7294117647058823,8.222222222222221,11.333333333333334,2.5555555555555554,16.11111111111111,3.111111111111111,-3.1111111111111125
laliga-2025-2025-10-25-valencia-v-villarreal,2025-10-25,2025,Valencia,Villarreal,0,2,0,0.3333333333333333,0.0,57.10537617130791,5,7,999,0,1.0,0,999,0,1.0,0,0,0,1.0,2.0,2.0,6.0,6.0,1.0,1.223529411764706,1.1058823529411765,1.3294117647058823,1.2,1.2,1.619047619047619,0.8372093023255814,1.2619047619047619,0.8809523809523809,0.9534883720930233,1.7674418604651163,0.2823529411764706,0.3058823529411765,-0.22352941176470598,9.88888888888889,13.666666666666666,3.111111111111111,12.444444444444445,1.7777777777777777,-3.777777777777777,3.0,1.0,1.0,8.0,7.0,2.0,1.6470588235294117,1.7882352941176471,1.4823529411764707,1.6,1.4,1.697674418604651,1.5952380952380953,2.116279069767442,1.441860465116279,1.4523809523809523,1.5238095238095237,0.18823529411764706,0.12941176470588237,0.3529411764705883,14.222222222222221,12.0,4.888888888888889,11.666666666666666,2.3333333333333335,2.2222222222222214
laliga-2025-2025-10-26-mallorca-v-levante,2025-10-26,2025,Mallorca,Levante,1,1,1,0.25,0.0,258.0155904442096,8,7,999,0,1.0,0,999,0,1.0,0,0,0,2.0,1.0,2.0,6.0,5.0,1.4,1.1294117647058823,0.9176470588235294,1.2,1.2,1.0,1.380952380952381,0.8837209302325582,0.9523809523809523,1.0,0.8837209302325582,1.3953488372093024,0.23529411764705882,0.36470588235294116,0.2705882352941176,10.0,14.444444444444445,4.111111111111111,12.444444444444445,2.7777777777777777,-4.444444444444445,2.0,1.0,2.0,8.0,8.0,1.4,0.8888888888888888,1.4444444444444444,1.8888888888888888,1.6,1.6,0.25,1.4,1.25,3.0,1.6,1.0,0.2222222222222222,0.2222222222222222,0.5111111111111111,10.88888888888889,16.666666666666668,3.5555555555555554,13.555555555555555,2.0,-5.777777777777779
laliga-2025-2025-10-26-real-madrid-v-barcelona,2025-10-26,2025,Real Madrid,Barcelona,2,1,2,0.5,0.0,499.0682158063144,7,8,999,0,1.0,0,999,0,1.0,0,0,0,4.0,0.0,1.0,12.0,7.0,2.4,2.388235294117647,2.176470588235294,0.8588235294117647,2.4,1.4,2.6666666666666665,2.116279069767442,2.4047619047619047,0.7142857142857143,1.9534883720930232,1.0,0.47058823529411764,0.047058823529411764,0.0117647058823529,19.11111111111111,9.777777777777779,6.888888888888889,9.88888888888889,1.8888888888888888,9.333333333333332,4.0,0.0,1.0,11.0,7.0,2.4,2.2941176470588234,2.411764705882353,1.0941176470588236,2.2,1.4,2.4047619047619047,2.186046511627907,2.5714285714285716,1.0238095238095237,2.255813953488372,1.1627906976744187,0.38823529411764707,0.047058823529411764,0.10588235294117654,21.11111111111111,7.444444444444445,8.555555555555555,9.11111111111111,1.3333333333333333,13.666666666666666
laliga-2025-2025-10-26-osasuna-v-celta,2025-10-26,2025,Osasuna,Celta,2,3,0,0.5714285714285714,0.0,585.7167771181677,8,7,999,0,1.0,0,999,0,1.0,0,0,0,1.0,1.0,3.0,4.0,7.0,0.8,1.2588235294117647,1.1764705882352942,1.3764705882352941,0.8,1.4,1.6428571428571428,0.8837209302325582,1.380952380952381,1.2142857142857142,0.9767441860465116,1.5348837209302326,0.24705882352941178,0.25882352941176473,-0.45882352941176463,8.88888888888889,13.88888888888889,2.7777777777777777,12.444444444444445,2.4444444444444446,-5.0,0.0,4.0,1.0,5.0,6.0,0.8,1.2117647058823529,1.3294117647058823,1.4705882352941178,1.0,1.2,1.4772727272727273,0.926829268292683,1.3181818181818181,1.1590909090909092,1.3414634146341464,1.8048780487804879,0.16470588235294117,0.21176470588235294,-0.4117647058823528,11.444444444444445,11.666666666666666,3.4444444444444446,11.666666666666666,2.111111111111111,-0.22222222222222143
laliga-2025-2025-10-26-rayo-vallecano-v-alaves,2025-10-26,2025,Rayo Vallecano,Alaves,1,0,2,0.7857142857142857,0.0,285.05148916793826,7,6,999,0,1.0,0,999,0,1.0,0,0,0,2.0,1.0,2.0,7.0,5.0,1.4,1.188235294117647,0.9529411764705882,1.2117647058823529,1.4,1.0,1.170731707317073,1.2045454545454546,1.0731707317073171,1.3414634146341464,0.8409090909090909,1.0909090909090908,0.29411764705882354,0.36470588235294116,0.21176470588235285,12.444444444444445,11.0,4.333333333333333,13.777777777777779,2.6666666666666665,1.4444444444444446,1.0,2.0,2.0,5.0,5.0,1.0,1.1764705882352942,0.9764705882352941,1.2,1.0,1.0,1.4651162790697674,0.8809523809523809,1.0232558139534884,0.9534883720930233,0.9285714285714286,1.4523809523809523,0.25882352941176473,0.36470588235294116,-0.17647058823529416,11.444444444444445,9.88888888888889,3.6666666666666665,16.333333333333332,2.111111111111111,1.5555555555555554
laliga-2025-2025-10-27-betis-v-ath-madrid,2025-10-27,2025,Betis,Ath Madrid,0,2,0,0.4166666666666667,0.0,396.6545503244278,9,9,999,0,1.0,0,999,0,1.0,0,0,0,3.0,2.0,0.0,11.0,6.0,2.2,1.5647058823529412,1.411764705882353,1.2352941176470589,2.2,1.2,1.8333333333333333,1.302325581395349,1.5714285714285714,1.0238095238095237,1.255813953488372,1.441860465116279,0.25882352941176473,0.15294117647058825,0.635294117647059,14.777777777777779,10.555555555555555,4.444444444444445,9.0,2.0,4.222222222222223,3.0,2.0,0.0,11.0,6.0,2.2,1.9764705882352942,1.811764705882353,0.9764705882352941,2.2,1.2,2.511627906976744,1.4285714285714286,2.2325581395348837,0.9767441860465116,1.380952380952381,0.9761904761904762,0.3764705882352941,0.16470588235294117,0.22352941176470598,13.333333333333334,8.777777777777779,5.666666666666667,11.444444444444445,2.6666666666666665,4.555555555555555
laliga-2025-2025-10-31-getafe-v-girona,2025-10-31,2025,Getafe,Girona,2,1,2,0.5833333333333334,0.0,577.8817083166299,6,6,999,0,1.0,0,999,0,1.0,0,0,0,1.0,2.0,2.0,4.0,5.0,1.0,1.1511627906976745,1.0,1.2209302325581395,0.8,1.0,1.2619047619047619,1.0454545454545454,0.9285714285714286,1.0476190476190477,1.0681818181818181,1.3863636363636365,0.2558139534883721,0.3953488372093023,-0.15116279069767447,8.2,10.9,2.6,15.9,3.1,-2.700000000000001,1.0,3.0,1.0,7.0,7.0,1.2,1.5,1.6046511627906976,1.4883720930232558,1.4,1.4,1.7272727272727273,1.2619047619047619,1.9545454545454546,1.4318181818181819,1.2380952380952381,1.5476190476190477,0.2441860465116279,0.2558139534883721,-0.30000000000000004,9.3,17.6,3.8,9.9,3.2,-8.3
laliga-2025-2025-11-01-villarreal-v-rayo-vallecano,2025-11-01,2025,Villarreal,Rayo Vallecano,4,0,2,0.6666666666666666,0.0,306.1113784234836,7,6,999,0,1.0,0,999,0,1.0,0,0,0,3.0,1.0,1.0,8.0,6.0,2.0,1.6627906976744187,1.7906976744186047,1.4651162790697674,1.6,1.2,1.697674418604651,1.627906976744186,2.116279069767442,1.441860465116279,1.4651162790697674,1.4883720930232558,0.19767441860465115,0.12790697674418605,0.33720930232558133,14.0,12.3,4.9,11.9,2.5,1.6999999999999993,3.0,0.0,2.0,7.0,4.0,1.8,1.2093023255813953,0.9534883720930233,1.197674418604651,1.4,0.8,1.2142857142857142,1.2045454545454546,1.0714285714285714,1.3095238095238095,0.8409090909090909,1.0909090909090908,0.3023255813953488,0.36046511627906974,0.5906976744186048,12.7,11.1,4.4,13.7,2.5,1.5999999999999996
laliga-2025-2025-11-01-ath-madrid-v-sevilla,2025-11-01,2025,Ath Madrid,Sevilla,3,0,2,0.7142857142857143,0.0,396.6545503244278,5,8,999,0,1.0,0,999,0,1.0,0,0,0,4.0,1.0,0.0,12.0,5.0,2.6,1.9883720930232558,1.813953488372093,0.9651162790697675,2.4,1.0,2.511627906976744,1.4651162790697674,2.2325581395348837,0.9767441860465116,1.3953488372093024,0.9534883720930233,0.38372093023255816,0.16279069767441862,0.6116279069767443,12.9,9.6,5.5,12.1,2.5,3.3000000000000007,2.0,0.0,3.0,8.0,8.0,1.2,1.1046511627906976,1.244186046511628,1.4534883720930232,1.6,1.6,1.186046511627907,1.0232558139534884,1.2325581395348837,1.3953488372093024,1.255813953488372,1.5116279069767442,0.23255813953488372,0.22093023255813954,0.09534883720930232,10.5,11.5,3.2,15.8,3.3,-1.0
laliga-2025-2025-11-01-real-sociedad-v-ath-bilbao,2025-11-01,2025,Real Sociedad,Ath Bilbao,3,2,2,0.5,0.0,79.03093796419422,8,7,999,0,1.0,0,999,0,1.0,0,0,0,2.0,1.0,2.0,5.0,5.0,1.4,1.3372093023255813,1.1162790697674418,1.1511627906976745,1.0,1.0,1.4883720930232558,1.186046511627907,1.2093023255813953,1.069767441860465,1.0232558139534884,1.2325581395348837,0.3372093023255814,0.36046511627906974,0.06279069767441858,13.6,12.3,4.4,15.9,2.3,1.299999999999999,1.0,2.0,2.0,3.0,4.0,1.0,1.7674418604651163,1.441860465116279,0.8837209302325582,0.6,0.8,2.0681818181818183,1.4523809523809523,1.8409090909090908,0.8409090909090909,1.0238095238095237,0.9285714285714286,0.4069767441860465,0.26744186046511625,-0.7674418604651163,12.5,9.4,4.0,14.1,2.2,3.0999999999999996
laliga-2025-2025-11-01-real-madrid-v-valencia,2025-11-01,2025,Real Madrid,Valencia,4,0,2,0.75,0.0,302.5444197829563,6,7,999,0,1.0,0,999,0,1.0,0,0,0,4.0,0.0,1.0,12.0,8.0,2.4,2.395348837209302,2.1744186046511627,0.8604651162790697,2.4,1.6,2.6744186046511627,2.116279069767442,2.395348837209302,0.7209302325581395,1.9534883720930232,1.0,0.46511627906976744,0.046511627906976744,0.0046511627906977715,19.5,10.3,7.2,10.1,2.4,9.2,0.0,2.0,3.0,4.0,8.0,0.4,1.2093023255813953,1.0930232558139534,1.3372093023255813,0.8,1.6,1.5813953488372092,0.8372093023255814,1.2325581395348837,0.9069767441860465,0.9534883720930233,1.7674418604651163,0.27906976744186046,0.313953488372093,-0.8093023255813953,10.4,13.5,3.1,12.5,1.8,-3.0999999999999996
laliga-2025-2025-11-02-levante-v-celta,2025-11-02,2025,Levante,Celta,1,2,0,0.5,0.0,766.2050813784058,7,7,999,0,1.0,0,999,0,1.0,0,0,0,1.0,2.0,2.0,5.0,9.0,1.0,0.9,1.4,1.8,1.0,1.8,0.25,1.3333333333333333,1.25,3.0,1.5,1.0,0.2,0.2,0.09999999999999998,11.1,17.0,3.7,13.5,2.0,-5.9,1.0,3.0,1.0,7.0,7.0,1.2,1.2325581395348837,1.3488372093023255,1.4767441860465116,1.4,1.4,1.4772727272727273,0.9761904761904762,1.3181818181818181,1.1590909090909092,1.380952380952381,1.8095238095238095,0.16279069767441862,0.20930232558139536,-0.032558139534883734,11.4,12.2,3.6,11.8,2.3,-0.7999999999999989
laliga-2025-2025-11-02-alaves-v-espanyol,2025-11-02,2025,Alaves,Espanyol,2,1,2,0.5,0.0,425.8463908501317,7,8,999,0,1.0,0,999,0,1.0,0,0,0,1.0,2.0,2.0,4.0,4.0,1.0,1.1627906976744187,0.9651162790697675,1.197674418604651,0.8,0.8,1.4651162790697674,0.8604651162790697,1.0232558139534884,0.9534883720930233,0.9069767441860465,1.441860465116279,0.2558139534883721,0.37209302325581395,-0.16279069767441867,11.5,10.4,3.5,15.8,2.2,1.0999999999999996,2.0,2.0,1.0,6.0,4.0,1.6,1.25,1.125,1.2916666666666667,1.2,0.8,1.72,0.7391304347826086,1.32,1.08,0.9130434782608695,1.5217391304347827,0.25,0.2708333333333333,0.3500000000000001,14.1,13.5,5.3,13.2,2.0,0.5999999999999996
laliga-2025-2025-11-02-barcelona-v-elche,2025-11-02,2025,Barcelona,Elche,3,1,2,1.0,0.0,422.1227062904817,7,8,999,0,1.0,0,999,0,1.0,0,0,0,3.0,0.0,2.0,9.0,9.0,1.8,2.2674418604651163,2.395348837209302,1.1046511627906976,1.8,1.8,2.4047619047619047,2.1363636363636362,2.5714285714285716,1.0238095238095237,2.227272727272727,1.1818181818181819,0.38372093023255816,0.046511627906976744,-0.46744186046511627,20.5,9.0,8.3,9.1,1.9,11.5,1.0,2.0,2.0,4.0,6.0,1.0,1.4,1.1,1.0,0.8,1.2,2.2,0.6,1.2,0.4,1.0,1.6,0.3,0.2,-0.3999999999999999,11.1,11.7,4.0,12.6,2.1,-0.5999999999999996
laliga-2025-2025-11-02-betis-v-mallorca,2025-11-02,2025,Betis,Mallorca,3,0,2,0.8333333333333334,0.0,787.3887957067963,6,7,999,0,1.0,0,999,0,1.0,0,0,0,3.0,1.0,1.0,9.0,6.0,2.0,1.5465116279069768,1.3953488372093024,1.244186046511628,1.8,1.2,1.7906976744186047,1.302325581395349,1.5348837209302326,1.0465116279069768,1.255813953488372,1.441860465116279,0.2558139534883721,0.16279069767441862,0.4534883720930232,15.0,10.4,4.5,9.0,2.0,4.6,2.0,1.0,2.0,6.0,5.0,1.4,1.127906976744186,0.9186046511627907,1.197674418604651,1.2,1.0,1.372093023255814,0.8837209302325582,0.9534883720930233,1.0,0.8837209302325582,1.3953488372093024,0.23255813953488372,0.36046511627906974,0.27209302325581386,11.0,14.3,4.1,12.0,2.8,-3.3000000000000007
laliga-2025-2025-11-03-oviedo-v-osasuna,2025-11-03,2025,Oviedo,Osasuna,0,0,1,0.25,0.0,348.55036036064524,9,8,999,0,1.0,0,999,0,1.0,0,0,0,1.0,1.0,3.0,6.0,11.0,0.8,0.7,0.7,1.9,1.2,2.2,0.6,0.8,0.4,2.0,1.0,1.8,0.1,0.6,0.10000000000000009,8.9,17.3,3.1,11.6,3.1,-8.4,1.0,1.0,3.0,5.0,8.0,0.8,1.244186046511628,1.186046511627907,1.3953488372093024,1.0,1.6,1.6046511627906976,0.8837209302325582,1.3953488372093024,1.255813953488372,0.9767441860465116,1.5348837209302326,0.2441860465116279,0.2558139534883721,-0.44418604651162785,9.7,13.6,3.2,12.2,2.5,-3.9000000000000004
laliga-2025-2025-11-07-elche-v-real-sociedad,2025-11-07,2025,Elche,Real Sociedad,1,1,1,0.16666666666666666,0.0,569.7316088865549,5,6,999,0,1.0,0,999,0,1.0,0,0,0,1.0,1.0,3.0,4.0,8.0,0.8,1.2727272727272727,1.0909090909090908,1.1818181818181819,0.8,1.6,2.2,0.5,1.2,0.4,1.0,1.8333333333333333,0.2727272727272727,0.18181818181818182,-0.47272727272727266,10.909090909090908,12.181818181818182,3.909090909090909,12.909090909090908,2.0,-1.2727272727272734,2.0,1.0,2.0,7.0,7.0,1.4,1.3563218390804597,1.1379310344827587,1.160919540229885,1.4,1.4,1.5227272727272727,1.186046511627907,1.25,1.0909090909090908,1.0232558139534884,1.2325581395348837,0.3333333333333333,0.3563218390804598,0.04367816091954024,13.181818181818182,12.181818181818182,4.454545454545454,16.272727272727273,2.272727272727273,1.0
laliga-2025-2025-11-08-girona-v-alaves,2025-11-08,2025,Girona,Alaves,1,0,2,0.6666666666666666,0.0,461.4731302841583,8,6,999,0,1.0,0,999,0,1.0,0,0,0,1.0,2.0,2.0,7.0,8.0,1.0,1.4827586206896552,1.5977011494252873,1.4942528735632183,1.4,1.6,1.7272727272727273,1.2325581395348837,1.9545454545454546,1.4318181818181819,1.2325581395348837,1.558139534883721,0.2413793103448276,0.25287356321839083,-0.48275862068965525,9.181818181818182,17.09090909090909,3.8181818181818183,10.363636363636363,3.0,-7.909090909090908,2.0,1.0,2.0,5.0,4.0,1.4,1.1839080459770115,0.9770114942528736,1.1954022988505748,1.0,0.8,1.5,0.8604651162790697,1.0454545454545454,0.9545454545454546,0.9069767441860465,1.441860465116279,0.25287356321839083,0.367816091954023,0.21609195402298842,11.636363636363637,11.090909090909092,3.5454545454545454,15.636363636363637,2.5454545454545454,0.545454545454545
laliga-2025-2025-11-08-sevilla-v-osasuna,2025-11-08,2025,Sevilla,Osasuna,1,0,2,0.4166666666666667,0.0,705.5950045460971,7,5,999,0,1.0,0,999,0,1.0,0,0,0,2.0,0.0,3.0,7.0,9.0,1.2,1.0919540229885059,1.2298850574712643,1.471264367816092,1.4,1.8,1.186046511627907,1.0,1.2325581395348837,1.3953488372093024,1.2272727272727273,1.5454545454545454,0.22988505747126436,0.22988505747126436,0.1080459770114941,10.454545454545455,11.818181818181818,3.090909090909091,15.454545454545455,3.272727272727273,-1.3636363636363633,1.0,1.0,3.0,4.0,7.0,0.8,1.2413793103448276,1.1724137931034482,1.3793103448275863,0.8,1.4,1.6046511627906976,0.8863636363636364,1.3953488372093024,1.255813953488372,0.9545454545454546,1.5,0.25287356321839083,0.26436781609195403,-0.4413793103448276,9.818181818181818,13.090909090909092,3.3636363636363638,12.636363636363637,2.3636363636363638,-3.2727272727272734
laliga-2025-2025-11-08-ath-madrid-v-levante,2025-11-08,2025,Ath Madrid,Levante,3,1,2,0.75,0.0,294.86048250440695,7,6,999,0,1.0,0,999,0,1.0,0,0,0,4.0,1.0,0.0,12.0,3.0,2.6,2.0,1.8275862068965518,0.9540229885057471,2.4,0.6,2.522727272727273,1.4651162790697674,2.25,0.9545454545454546,1.3953488372093024,0.9534883720930233,0.39080459770114945,0.16091954022988506,0.6000000000000001,13.090909090909092,9.636363636363637,5.545454545454546,11.818181818181818,2.272727272727273,3.454545454545455,1.0,2.0,2.0,5.0,7.0,1.0,0.8181818181818182,1.3636363636363635,1.8181818181818181,1.0,1.4,0.2,1.3333333333333333,1.2,2.8,1.5,1.0,0.18181818181818182,0.18181818181818182,0.18181818181818177,10.909090909090908,17.272727272727273,3.6363636363636362,13.181818181818182,2.1818181818181817,-6.363636363636365
laliga-2025-2025-11-08-espanyol-v-villarreal,2025-11-08,2025,Espanyol,Villarreal,0,2,0,0.0,0.0,241.03429357682708,6,7,999,0,1.0,0,999,0,1.0,0,0,0,2.0,1.0,2.0,5.0,4.0,1.4,1.2244897959183674,1.1224489795918366,1.3061224489795917,1.0,0.8,1.72,0.7083333333333334,1.32,1.08,0.9166666666666666,1.5416666666666667,0.24489795918367346,0.2653061224489796,0.17551020408163254,14.454545454545455,13.454545454545455,5.0,13.090909090909092,2.0,1.0,3.0,1.0,1.0,10.0,5.0,2.0,1.6781609195402298,1.8160919540229885,1.4482758620689655,2.0,1.0,1.7272727272727273,1.627906976744186,2.159090909090909,1.4090909090909092,1.4651162790697674,1.4883720930232558,0.20689655172413793,0.12643678160919541,0.32183908045977017,14.181818181818182,12.363636363636363,5.090909090909091,11.454545454545455,2.3636363636363638,1.8181818181818183
laliga-2025-2025-11-09-mallorca-v-getafe,2025-11-09,2025,Mallorca,Getafe,1,0,2,0.5833333333333334,0.0,546.5249083201032,7,9,999,0,1.0,0,999,0,1.0,0,0,0,2.0,1.0,2.0,6.0,7.0,1.4,1.1149425287356323,0.9080459770114943,1.2183908045977012,1.2,1.4,1.372093023255814,0.8636363636363636,0.9534883720930233,1.0,0.8636363636363636,1.4318181818181819,0.22988505747126436,0.367816091954023,0.28505747126436765,11.272727272727273,14.363636363636363,3.8181818181818183,11.636363636363637,2.8181818181818183,-3.09090909090909,2.0,1.0,2.0,5.0,5.0,1.4,1.1724137931034482,1.0114942528735633,1.2183908045977012,1.0,1.0,1.302325581395349,1.0454545454545454,0.9534883720930233,1.0465116279069768,1.0681818181818181,1.3863636363636365,0.25287356321839083,0.39080459770114945,0.22758620689655173,8.545454545454545,10.636363636363637,2.727272727272727,16.0,2.909090909090909,-2.0909090909090917
laliga-2025-2025-11-09-ath-bilbao-v-oviedo,2025-11-09,2025,Ath Bilbao,Oviedo,1,0,2,1.0,0.0,235.67720649767602,8,6,999,0,1.0,0,999,0,1.0,0,0,0,1.0,1.0,3.0,4.0,6.0,0.8,1.7471264367816093,1.4482758620689655,0.9080459770114943,0.8,1.2,2.0681818181818183,1.4186046511627908,1.8409090909090908,0.8409090909090909,1.0465116279069768,0.9767441860465116,0.40229885057471265,0.26436781609195403,-0.9471264367816092,12.363636363636363,9.363636363636363,4.0,13.545454545454545,2.272727272727273,3.0,1.0,2.0,2.0,5.0,8.0,1.0,0.7272727272727273,0.6363636363636364,1.7272727272727273,1.0,1.6,0.6666666666666666,0.8,0.3333333333333333,1.6666666666666667,1.0,1.8,0.18181818181818182,0.6363636363636364,0.2727272727272727,8.818181818181818,16.727272727272727,3.0,12.090909090909092,3.090909090909091,-7.909090909090908
laliga-2025-2025-11-09-rayo-vallecano-v-real-madrid,2025-11-09,2025,Rayo Vallecano,Real Madrid,0,0,1,0.2857142857142857,0.0,7.346952001326216,8,8,999,0,1.0,0,999,0,1.0,0,0,0,3.0,0.0,2.0,5.0,5.0,1.8,1.1954022988505748,0.9425287356321839,1.2298850574712643,1.0,1.0,1.2142857142857142,1.1777777777777778,1.0714285714285714,1.3095238095238095,0.8222222222222222,1.1555555555555554,0.2988505747126437,0.367816091954023,0.6045977011494252,12.727272727272727,11.545454545454545,4.2727272727272725,13.454545454545455,2.3636363636363638,1.1818181818181817,4.0,0.0,1.0,12.0,7.0,2.4,2.4022988505747125,2.1954022988505746,0.8505747126436781,2.4,1.4,2.6818181818181817,2.116279069767442,2.4318181818181817,0.7045454545454546,1.9534883720930232,1.0,0.47126436781609193,0.04597701149425287,-0.0022988505747125743,19.636363636363637,9.727272727272727,7.545454545454546,10.454545454545455,2.272727272727273,9.90909090909091
laliga-2025-2025-11-09-valencia-v-betis,2025-11-09,2025,Valencia,Betis,1,1,1,0.2857142857142857,0.0,539.9261066392522,8,7,999,0,1.0,0,999,0,1.0,0,0,0,0.0,1.0,4.0,2.0,10.0,0.2,1.1954022988505748,1.0804597701149425,1.367816091954023,0.4,2.0,1.5813953488372092,0.8181818181818182,1.2325581395348837,0.9069767441860465,0.9318181818181818,1.8181818181818181,0.27586206896551724,0.3218390804597701,-0.9954022988505749,9.818181818181818,14.181818181818182,2.909090909090909,12.0,1.7272727272727273,-4.363636363636363,3.0,1.0,1.0,9.0,5.0,2.0,1.5632183908045978,1.4137931034482758,1.2298850574712643,1.8,1.0,1.8181818181818181,1.302325581395349,1.5681818181818181,1.0227272727272727,1.255813953488372,1.441860465116279,0.26436781609195403,0.16091954022988506,0.4367816091954022,15.0,10.727272727272727,4.818181818181818,9.0,1.8181818181818181,4.272727272727273
laliga-2025-2025-11-09-celta-v-barcelona,2025-11-09,2025,Celta,Barcelona,2,4,0,0.08333333333333333,0.0,904.5125615519562,7,7,999,0,1.0,0,999,0,1.0,0,0,0,2.0,2.0,1.0,8.0,7.0,1.6,1.2528735632183907,1.3563218390804597,1.471264367816092,1.6,1.4,1.4772727272727273,1.0232558139534884,1.3181818181818181,1.1590909090909092,1.3953488372093024,1.7906976744186047,0.16091954022988506,0.20689655172413793,0.34712643678160937,12.181818181818182,11.909090909090908,3.8181818181818183,11.818181818181818,2.3636363636363638,0.2727272727272734,3.0,0.0,2.0,9.0,9.0,1.8,2.2758620689655173,2.4022988505747125,1.103448275862069,1.8,1.8,2.4186046511627906,2.1363636363636362,2.5813953488372094,1.0232558139534884,2.227272727272727,1.1818181818181819,0.3793103448275862,0.04597701149425287,-0.4758620689655173,20.181818181818183,9.0,8.0,9.363636363636363,1.7272727272727273,11.181818181818183
laliga-2025-2025-11-21-valencia-v-levante,2025-11-21,2025,Valencia,Levante,1,0,2,1.0,0.0,0.0,12,13,999,0,1.0,0,999,0,1.0,0,0,0,0.0,2.0,3.0,2.0,9.0,0.4,1.1931818181818181,1.0795454545454546,1.3636363636363635,0.4,1.8,1.5681818181818181,0.8181818181818182,1.2272727272727273,0.9090909090909091,0.9318181818181818,1.8181818181818181,0.2727272727272727,0.3181818181818182,-0.7931818181818181,10.416666666666666,13.75,3.0,12.083333333333334,1.8333333333333333,-3.333333333333334,1.0,1.0,3.0,5.0,9.0,0.8,0.75,1.3333333333333333,1.9166666666666667,1.0,1.8,0.2,1.1428571428571428,1.2,2.8,1.4285714285714286,1.2857142857142858,0.16666666666666666,0.16666666666666666,0.050000000000000044,10.5,17.916666666666668,3.5833333333333335,12.583333333333334,2.0833333333333335,-7.416666666666668
laliga-2025-2025-11-22-alaves-v-celta,2025-11-22,2025,Alaves,Celta,0,1,0,0.5,0.0,501.8600458273029,14,13,999,0,1.0,0,999,0,1.0,0,0,0,2.0,1.0,2.0,5.0,4.0,1.4,1.1704545454545454,0.9659090909090909,1.1931818181818181,1.0,0.8,1.5,0.8409090909090909,1.0454545454545454,0.9545454545454546,0.8863636363636364,1.4318181818181819,0.25,0.375,0.2295454545454545,11.833333333333334,11.0,3.6666666666666665,15.583333333333334,2.5833333333333335,0.8333333333333339,2.0,2.0,1.0,9.0,9.0,1.6,1.2386363636363635,1.3636363636363635,1.5,1.8,1.8,1.4444444444444444,1.0232558139534884,1.3333333333333333,1.2222222222222223,1.3953488372093024,1.7906976744186047,0.1590909090909091,0.20454545454545456,0.36136363636363655,11.583333333333334,12.666666666666666,3.75,11.916666666666666,2.25,-1.0833333333333321
laliga-2025-2025-11-22-barcelona-v-ath-bilbao,2025-11-22,2025,Barcelona,Ath Bilbao,4,0,2,0.9285714285714286,0.0,466.174000872469,13,13,999,0,1.0,0,999,0,1.0,0,0,0,3.0,0.0,2.0,11.0,10.0,1.8,2.284090909090909,2.4204545454545454,1.1136363636363635,2.2,2.0,2.4186046511627906,2.1555555555555554,2.5813953488372094,1.0232558139534884,2.2666666666666666,1.2,0.375,0.045454545454545456,-0.4840909090909091,20.25,8.666666666666666,8.083333333333334,9.416666666666666,2.1666666666666665,11.583333333333334,2.0,1.0,2.0,5.0,5.0,1.4,1.7613636363636365,1.4431818181818181,0.8977272727272727,1.0,1.0,2.088888888888889,1.4186046511627908,1.8222222222222222,0.8222222222222222,1.0465116279069768,0.9767441860465116,0.4090909090909091,0.26136363636363635,-0.36136363636363655,13.083333333333334,9.0,4.25,13.416666666666666,2.1666666666666665,4.083333333333334
laliga-2025-2025-11-22-osasuna-v-real-sociedad,2025-11-22,2025,Osasuna,Real Sociedad,1,3,0,0.5833333333333334,0.0,62.37462492184042,14,15,999,0,1.0,0,999,0,1.0,0,0,0,1.0,1.0,3.0,4.0,6.0,0.8,1.2272727272727273,1.1590909090909092,1.375,0.8,1.2,1.6046511627906976,0.8666666666666667,1.3953488372093024,1.255813953488372,0.9333333333333333,1.488888888888889,0.25,0.2727272727272727,-0.42727272727272725,9.75,12.833333333333334,3.3333333333333335,12.666666666666666,2.4166666666666665,-3.083333333333334,2.0,2.0,1.0,7.0,6.0,1.6,1.3522727272727273,1.1363636363636365,1.1590909090909092,1.4,1.2,1.5227272727272727,1.1818181818181819,1.25,1.0909090909090908,1.0227272727272727,1.2272727272727273,0.32954545454545453,0.3522727272727273,0.2477272727272728,13.166666666666666,12.166666666666666,4.5,16.166666666666668,2.3333333333333335,1.0
laliga-2025-2025-11-22-villarreal-v-mallorca,2025-11-22,2025,Villarreal,Mallorca,2,1,2,0.8333333333333334,0.0,236.873397912926,14,13,999,0,1.0,0,999,0,1.0,0,0,0,3.0,1.0,1.0,11.0,5.0,2.0,1.6931818181818181,1.8181818181818181,1.4318181818181819,2.2,1.0,1.7272727272727273,1.6590909090909092,2.159090909090909,1.4090909090909092,1.4772727272727273,1.4545454545454546,0.2159090909090909,0.125,0.3068181818181819,13.75,12.5,4.916666666666667,11.25,2.3333333333333335,1.25,2.0,1.0,2.0,6.0,7.0,1.4,1.1363636363636365,0.9090909090909091,1.2045454545454546,1.2,1.4,1.4090909090909092,0.8636363636363636,0.9545454545454546,0.9772727272727273,0.8636363636363636,1.4318181818181819,0.23863636363636365,0.36363636363636365,0.26363636363636345,10.833333333333334,14.333333333333334,3.8333333333333335,11.916666666666666,2.5833333333333335,-3.5
laliga-2025-2025-11-23-oviedo-v-rayo-vallecano,2025-11-23,2025,Oviedo,Rayo Vallecano,0,0,1,0.25,0.0,377.15435601968414,14,14,999,0,1.0,0,999,0,1.0,0,0,0,0.0,2.0,3.0,3.0,8.0,0.4,0.6666666666666666,0.5833333333333334,1.6666666666666667,0.6,1.6,0.6666666666666666,0.6666666666666666,0.3333333333333333,1.6666666666666667,0.8333333333333334,1.6666666666666667,0.16666666666666666,0.6666666666666666,-0.2666666666666666,8.5,17.083333333333332,2.9166666666666665,11.75,2.9166666666666665,-8.583333333333332,3.0,1.0,1.0,5.0,4.0,2.0,1.1931818181818181,0.9318181818181818,1.2159090909090908,1.0,0.8,1.2093023255813953,1.1777777777777778,1.0465116279069768,1.2790697674418605,0.8222222222222222,1.1555555555555554,0.3068181818181818,0.375,0.8068181818181819,12.75,12.333333333333334,4.083333333333333,13.75,2.4166666666666665,0.4166666666666661
laliga-2025-2025-11-23-betis-v-girona,2025-11-23,2025,Betis,Girona,1,1,1,0.5833333333333334,0.0,908.8557335333999,14,15,999,0,1.0,0,999,0,1.0,0,0,0,2.0,2.0,1.0,8.0,6.0,1.6,1.5568181818181819,1.4090909090909092,1.2272727272727273,1.6,1.2,1.8181818181818181,1.2954545454545454,1.5681818181818181,1.0227272727272727,1.25,1.4318181818181819,0.26136363636363635,0.1590909090909091,0.04318181818181821,14.5,11.25,4.583333333333333,9.083333333333334,1.9166666666666667,3.25,2.0,1.0,2.0,8.0,8.0,1.4,1.5,1.5909090909090908,1.4772727272727273,1.6,1.6,1.7555555555555555,1.2325581395348837,1.9333333333333333,1.4,1.2325581395348837,1.558139534883721,0.25,0.25,-0.10000000000000009,9.25,16.833333333333332,3.6666666666666665,10.25,2.75,-7.583333333333332
laliga-2025-2025-11-23-getafe-v-ath-madrid,2025-11-23,2025,Getafe,Ath Madrid,0,1,0,0.25,0.0,17.339624482251377,14,15,999,0,1.0,0,999,0,1.0,0,0,0,2.0,0.0,3.0,4.0,5.0,1.2,1.1590909090909092,1.0,1.2159090909090908,0.8,1.0,1.302325581395349,1.0222222222222221,0.9534883720930233,1.0465116279069768,1.0444444444444445,1.3777777777777778,0.25,0.3977272727272727,0.040909090909090784,9.0,10.25,2.75,15.333333333333334,2.8333333333333335,-1.25,4.0,1.0,0.0,10.0,2.0,2.6,2.0113636363636362,1.8409090909090908,0.9545454545454546,2.0,0.4,2.533333333333333,1.4651162790697674,2.2666666666666666,0.9555555555555556,1.3953488372093024,0.9534883720930233,0.38636363636363635,0.1590909090909091,0.5886363636363638,14.083333333333334,9.333333333333334,5.916666666666667,11.25,2.3333333333333335,4.75
laliga-2025-2025-11-23-elche-v-real-madrid,2025-11-23,2025,Elche,Real Madrid,2,2,1,0.16666666666666666,0.0,353.5871132557583,16,14,999,0,1.0,0,999,0,1.0,0,0,0,0.0,2.0,3.0,3.0,8.0,0.4,1.25,1.0833333333333333,1.1666666666666667,0.6,1.6,2.0,0.5,1.1666666666666667,0.5,1.0,1.8333333333333333,0.25,0.16666666666666666,-0.85,11.0,12.25,3.8333333333333335,13.0,1.9166666666666667,-1.25,4.0,1.0,0.0,10.0,2.0,2.6,2.3863636363636362,2.1704545454545454,0.8409090909090909,2.0,0.4,2.6818181818181817,2.090909090909091,2.4318181818181817,0.7045454545454546,1.9090909090909092,0.9772727272727273,0.4772727272727273,0.056818181818181816,0.21363636363636385,19.75,10.0,7.333333333333333,10.166666666666666,2.25,9.75
laliga-2025-2025-11-24-espanyol-v-sevilla,2025-11-24,2025,Espanyol,Sevilla,2,1,2,0.4,0.0,819.5876816472664,16,16,999,0,1.0,0,999,0,1.0,0,0,0,2.0,0.0,3.0,5.0,6.0,1.2,1.2,1.1,1.32,1.0,1.2,1.6538461538461537,0.7083333333333334,1.2692307692307692,1.1153846153846154,0.9166666666666666,1.5416666666666667,0.24,0.28,0.0,14.416666666666666,13.083333333333334,4.833333333333333,12.75,1.8333333333333333,1.3333333333333321,2.0,0.0,3.0,7.0,9.0,1.2,1.1136363636363635,1.2272727272727273,1.4545454545454546,1.4,1.8,1.2272727272727273,1.0,1.2272727272727273,1.3636363636363635,1.2272727272727273,1.5454545454545454,0.23863636363636365,0.22727272727272727,0.08636363636363642,10.416666666666666,11.583333333333334,3.1666666666666665,15.916666666666666,3.4166666666666665,-1.1666666666666679
laliga-2025-2025-11-28-getafe-v-elche,2025-11-28,2025,Getafe,Elche,1,0,2,0.5,0.0,344.5997863436764,5,5,999,0,1.0,0,999,0,1.0,0,0,0,2.0,0.0,3.0,3.0,4.0,1.2,1.146067415730337,0.9887640449438202,1.2134831460674158,0.6,0.8,1.2727272727272727,1.0222222222222221,0.9318181818181818,1.0454545454545454,1.0444444444444445,1.3777777777777778,0.24719101123595505,0.4044943820224719,0.053932584269662964,9.0,10.461538461538462,2.6153846153846154,14.846153846153847,2.769230769230769,-1.4615384615384617,0.0,3.0,2.0,4.0,7.0,0.6,1.2307692307692308,1.1538461538461537,1.2307692307692308,0.8,1.4,1.8571428571428572,0.5,1.2857142857142858,0.7142857142857143,1.0,1.8333333333333333,0.23076923076923078,0.15384615384615385,-0.6307692307692309,11.307692307692308,12.846153846153847,4.0,12.76923076923077,2.230769230769231,-1.5384615384615383
laliga-2025-2025-11-29-mallorca-v-osasuna,2025-11-29,2025,Mallorca,Osasuna,2,2,1,0.5,0.0,504.4820765819288,7,7,999,0,1.0,0,999,0,1.0,0,0,0,2.0,1.0,2.0,6.0,7.0,1.4,1.1235955056179776,0.9101123595505618,1.2134831460674158,1.2,1.4,1.4090909090909092,0.8444444444444444,0.9545454545454546,0.9772727272727273,0.8666666666666667,1.4444444444444444,0.23595505617977527,0.3595505617977528,0.2764044943820223,10.692307692307692,14.307692307692308,3.769230769230769,11.615384615384615,2.5384615384615383,-3.6153846153846168,0.0,1.0,4.0,3.0,8.0,0.2,1.2134831460674158,1.1573033707865168,1.3932584269662922,0.6,1.6,1.5681818181818181,0.8666666666666667,1.3863636363636365,1.2954545454545454,0.9333333333333333,1.488888888888889,0.24719101123595505,0.2696629213483146,-1.0134831460674159,10.076923076923077,13.307692307692308,3.3846153846153846,12.692307692307692,2.6153846153846154,-3.2307692307692317
laliga-2025-2025-11-29-barcelona-v-alaves,2025-11-29,2025,Barcelona,Alaves,3,1,2,0.8333333333333334,0.0,427.6700354261175,7,7,999,0,1.0,0,999,0,1.0,0,0,0,4.0,0.0,1.0,14.0,6.0,2.4,2.292134831460674,2.438202247191011,1.101123595505618,2.8,1.2,2.4318181818181817,2.1555555555555554,2.6136363636363638,1.0,2.2666666666666666,1.2,0.38202247191011235,0.0449438202247191,0.10786516853932593,20.153846153846153,9.0,8.0,9.384615384615385,2.0,11.153846153846153,1.0,1.0,3.0,2.0,4.0,0.8,1.1573033707865168,0.9550561797752809,1.1910112359550562,0.4,0.8,1.4666666666666666,0.8409090909090909,1.0222222222222221,0.9555555555555556,0.8863636363636364,1.4318181818181819,0.24719101123595505,0.38202247191011235,-0.35730337078651675,11.307692307692308,10.692307692307692,3.5384615384615383,16.0,2.5384615384615383,0.6153846153846168
laliga-2025-2025-11-29-levante-v-ath-bilbao,2025-11-29,2025,Levante,Ath Bilbao,0,2,0,0.0,0.0,472.84856035847474,8,7,999,0,1.0,0,999,0,1.0,0,0,0,0.0,1.0,4.0,3.0,10.0,0.2,0.6923076923076923,1.2307692307692308,1.8461538461538463,0.6,2.0,0.2,1.0,1.2,2.8,1.25,1.25,0.15384615384615385,0.23076923076923078,-0.4923076923076923,10.307692307692308,17.615384615384617,3.3846153846153846,12.76923076923077,2.1538461538461537,-7.307692307692308,1.0,1.0,3.0,3.0,8.0,0.8,1.7415730337078652,1.4269662921348314,0.9325842696629213,0.6,1.6,2.088888888888889,1.3863636363636365,1.8222222222222222,0.8222222222222222,1.0227272727272727,1.0454545454545454,0.4044943820224719,0.2696629213483146,-0.9415730337078652,13.076923076923077,9.76923076923077,4.076923076923077,13.076923076923077,2.3076923076923075,3.3076923076923066
laliga-2025-2025-11-29-ath-madrid-v-oviedo,2025-11-29,2025,Ath Madrid,Oviedo,2,0,2,1.0,0.0,375.06185748264465,6,6,999,0,1.0,0,999,0,1.0,0,0,0,5.0,0.0,0.0,10.0,1.0,3.0,2.0224719101123596,1.8314606741573034,0.9438202247191011,2.0,0.2,2.533333333333333,1.5,2.2666666666666666,0.9555555555555556,1.3863636363636365,0.9318181818181818,0.39325842696629215,0.15730337078651685,0.9775280898876404,14.0,9.307692307692308,5.923076923076923,11.692307692307692,2.3846153846153846,4.692307692307692,0.0,3.0,2.0,3.0,6.0,0.6,0.6923076923076923,0.5384615384615384,1.5384615384615385,0.6,1.2,0.7142857142857143,0.6666666666666666,0.2857142857142857,1.4285714285714286,0.8333333333333334,1.6666666666666667,0.23076923076923078,0.6923076923076923,-0.09230769230769231,8.461538461538462,16.615384615384617,2.923076923076923,11.692307692307692,2.923076923076923,-8.153846153846155
laliga-2025-2025-11-30-real-sociedad-v-villarreal,2025-11-30,2025,Real Sociedad,Villarreal,2,3,0,0.4166666666666667,0.0,404.3535451234156,8,8,999,0,1.0,0,999,0,1.0,0,0,0,3.0,2.0,0.0,10.0,6.0,2.2,1.3707865168539326,1.1573033707865168,1.1573033707865168,2.0,1.2,1.5227272727272727,1.2222222222222223,1.25,1.0909090909090908,1.0666666666666667,1.2222222222222223,0.3258426966292135,0.34831460674157305,0.8292134831460676,13.615384615384615,12.307692307692308,4.846153846153846,15.461538461538462,2.3076923076923075,1.3076923076923066,4.0,1.0,0.0,12.0,3.0,2.6,1.7078651685393258,1.8202247191011236,1.4269662921348314,2.4,0.6,1.7555555555555555,1.6590909090909092,2.1555555555555554,1.4,1.4772727272727273,1.4545454545454546,0.21348314606741572,0.12359550561797752,0.8921348314606743,13.76923076923077,12.23076923076923,5.076923076923077,11.692307692307692,2.3076923076923075,1.53846153846154
laliga-2025-2025-11-30-sevilla-v-betis,2025-11-30,2025,Sevilla,Betis,0,2,0,0.4166666666666667,0.0,0.0,6,7,999,0,1.0,0,999,0,1.0,0,0,0,1.0,0.0,4.0,4.0,10.0,0.6,1.101123595505618,1.2247191011235956,1.4606741573033708,0.8,2.0,1.2272727272727273,0.9777777777777777,1.2272727272727273,1.3636363636363635,1.2222222222222223,1.5555555555555556,0.23595505617977527,0.2247191011235955,-0.501123595505618,11.307692307692308,11.307692307692308,3.3846153846153846,15.23076923076923,3.230769230769231,0.0,1.0,3.0,1.0,7.0,6.0,1.2,1.550561797752809,1.404494382022472,1.2247191011235956,1.4,1.2,1.8,1.2954545454545454,1.5555555555555556,1.0222222222222221,1.25,1.4318181818181819,0.25842696629213485,0.15730337078651685,-0.35056179775280905,15.153846153846153,11.23076923076923,4.769230769230769,9.153846153846153,2.1538461538461537,3.9230769230769234
laliga-2025-2025-11-30-celta-v-espanyol,2025-11-30,2025,Celta,Espanyol,0,1,0,0.125,0.0,901.3020458671548,8,6,999,0,1.0,0,999,0,1.0,0,0,0,3.0,1.0,1.0,9.0,8.0,2.0,1.2584269662921348,1.3595505617977528,1.4831460674157304,1.8,1.6,1.4444444444444444,1.0681818181818181,1.3333333333333333,1.2222222222222223,1.3863636363636365,1.75,0.16853932584269662,0.20224719101123595,0.7415730337078652,11.23076923076923,12.076923076923077,3.769230769230769,12.153846153846153,2.230769230769231,-0.8461538461538467,3.0,0.0,2.0,6.0,5.0,1.8,1.2352941176470589,1.1176470588235294,1.3137254901960784,1.2,1.0,1.7037037037037037,0.7083333333333334,1.2962962962962963,1.1111111111111112,0.9166666666666666,1.5416666666666667,0.23529411764705882,0.27450980392156865,0.5647058823529412,13.923076923076923,13.76923076923077,4.846153846153846,13.153846153846153,2.0,0.1538461538461533
laliga-2025-2025-11-30-girona-v-real-madrid,2025-11-30,2025,Girona,Real Madrid,1,1,1,0.16666666666666666,0.0,570.2574832021476,7,7,999,0,1.0,0,999,0,1.0,0,0,0,1.0,2.0,2.0,7.0,8.0,1.0,1.4943820224719102,1.5842696629213484,1.4719101123595506,1.4,1.6,1.7555555555555555,1.2272727272727273,1.9333333333333333,1.4,1.2272727272727273,1.5454545454545454,0.24719101123595505,0.24719101123595505,-0.4943820224719102,9.384615384615385,17.307692307692307,3.6923076923076925,10.692307692307692,2.8461538461538463,-7.923076923076922,3.0,2.0,0.0,9.0,3.0,2.2,2.3707865168539324,2.168539325842697,0.8539325842696629,1.8,0.6,2.6818181818181817,2.066666666666667,2.4318181818181817,0.7045454545454546,1.9111111111111112,1.0,0.47191011235955055,0.056179775280898875,-0.1707865168539322,19.76923076923077,10.384615384615385,7.3076923076923075,10.0,2.076923076923077,9.384615384615385
laliga-2025-2025-12-01-rayo-vallecano-v-valencia,2025-12-01,2025,Rayo Vallecano,Valencia,1,1,1,0.5,0.0,297.8524711943385,8,10,999,0,1.0,0,999,0,1.0,0,0,0,2.0,2.0,1.0,4.0,4.0,1.6,1.1910112359550562,0.9213483146067416,1.202247191011236,0.8,0.8,1.2093023255813953,1.173913043478261,1.0465116279069768,1.2790697674418605,0.8043478260869565,1.1304347826086956,0.3146067415730337,0.38202247191011235,0.4089887640449439,12.615384615384615,12.0,4.0,13.692307692307692,2.5384615384615383,0.615384615384615,1.0,2.0,2.0,2.0,7.0,1.0,1.2134831460674158,1.0786516853932584,1.348314606741573,0.4,1.4,1.6,0.8181818181818182,1.2222222222222223,0.8888888888888888,0.9318181818181818,1.8181818181818181,0.2808988764044944,0.3146067415730337,-0.2134831460674158,10.692307692307692,13.307692307692308,3.0,12.384615384615385,2.0,-2.6153846153846168
laliga-2025-2025-12-02-barcelona-v-ath-madrid,2025-12-02,2025,Barcelona,Ath Madrid,3,1,2,0.8333333333333334,0.0,492.19577268549097,3,3,999,0,1.0,0,999,0,1.0,0,0,0,4.0,0.0,1.0,15.0,6.0,2.4,2.3,2.4444444444444446,1.1,3.0,1.2,2.4444444444444446,2.1555555555555554,2.6222222222222222,1.0,2.2666666666666666,1.2,0.37777777777777777,0.044444444444444446,0.10000000000000009,20.0,9.0,7.857142857142857,9.428571428571429,2.0,11.0,5.0,0.0,0.0,11.0,1.0,3.0,2.033333333333333,1.8333333333333333,0.9333333333333333,2.2,0.2,2.5434782608695654,1.5,2.260869565217391,0.9347826086956522,1.3863636363636365,0.9318181818181818,0.4,0.15555555555555556,0.9666666666666668,14.0,9.5,6.071428571428571,11.214285714285714,2.2142857142857144,4.5
laliga-2025-2025-12-03-ath-bilbao-v-real-madrid,2025-12-03,2025,Ath Bilbao,Real Madrid,0,3,0,0.16666666666666666,0.0,318.5003176539524,4,3,999,0,1.0,0,999,0,1.0,0,0,0,2.0,0.0,3.0,5.0,8.0,1.2,1.7555555555555555,1.4333333333333333,0.9222222222222223,1.0,1.6,2.088888888888889,1.4222222222222223,1.8222222222222222,0.8222222222222222,1.0444444444444445,1.0222222222222221,0.4111111111111111,0.26666666666666666,-0.5555555555555556,13.142857142857142,9.857142857142858,4.071428571428571,13.5,2.2857142857142856,3.2857142857142847,2.0,3.0,0.0,9.0,4.0,1.8,2.3555555555555556,2.1555555555555554,0.8555555555555555,1.8,0.8,2.6818181818181817,2.0434782608695654,2.4318181818181817,0.7045454545454546,1.891304347826087,1.0,0.4666666666666667,0.05555555555555555,-0.5555555555555556,20.142857142857142,10.357142857142858,7.071428571428571,10.214285714285714,1.9285714285714286,9.785714285714285
laliga-2025-2025-12-05-oviedo-v-mallorca,2025-12-05,2025,Oviedo,Mallorca,0,0,1,0.25,0.0,821.582214756163,6,6,999,0,1.0,0,999,0,1.0,0,0,0,0.0,3.0,2.0,3.0,6.0,0.6,0.6428571428571429,0.5,1.5714285714285714,0.6,1.2,0.7142857142857143,0.5714285714285714,0.2857142857142857,1.4285714285714286,0.7142857142857143,1.7142857142857142,0.21428571428571427,0.7142857142857143,-0.04285714285714293,8.714285714285714,16.428571428571427,2.7857142857142856,11.428571428571429,2.7857142857142856,-7.7142857142857135,1.0,2.0,2.0,5.0,8.0,1.0,1.1222222222222222,0.9222222222222223,1.2222222222222223,1.0,1.6,1.4,0.8444444444444444,0.9777777777777777,1.0,0.8666666666666667,1.4444444444444444,0.23333333333333334,0.35555555555555557,-0.12222222222222223,10.428571428571429,14.285714285714286,3.7857142857142856,11.5,2.5714285714285716,-3.8571428571428577
laliga-2025-2025-12-06-villarreal-v-getafe,2025-12-06,2025,Villarreal,Getafe,2,0,2,0.5833333333333334,0.0,309.65151683323484,6,8,999,0,1.0,0,999,0,1.0,0,0,0,5.0,0.0,0.0,13.0,3.0,3.0,1.7222222222222223,1.8333333333333333,1.4333333333333333,2.6,0.6,1.7555555555555555,1.6888888888888889,2.1555555555555554,1.4,1.511111111111111,1.4666666666666666,0.2111111111111111,0.12222222222222222,1.2777777777777777,13.5,12.642857142857142,5.071428571428571,12.142857142857142,2.642857142857143,0.8571428571428577,3.0,0.0,2.0,4.0,3.0,1.8,1.1666666666666667,0.9888888888888889,1.2,0.8,0.6,1.3111111111111111,1.0222222222222221,0.9333333333333333,1.0222222222222221,1.0444444444444445,1.3777777777777778,0.25555555555555554,0.4,0.6333333333333333,9.428571428571429,10.357142857142858,2.857142857142857,15.071428571428571,2.7142857142857144,-0.9285714285714288
laliga-2025-2025-12-06-alaves-v-real-sociedad,2025-12-06,2025,Alaves,Real Sociedad,1,0,2,0.6666666666666666,0.0,76.09471311143147,7,6,999,0,1.0,0,999,0,1.0,0,0,0,1.0,0.0,4.0,3.0,7.0,0.6,1.1444444444444444,0.9555555555555556,1.211111111111111,0.6,1.4,1.4666666666666666,0.8222222222222222,1.0222222222222221,0.9555555555555556,0.8888888888888888,1.4666666666666666,0.24444444444444444,0.37777777777777777,-0.5444444444444444,11.142857142857142,11.214285714285714,3.4285714285714284,16.071428571428573,2.5714285714285716,-0.07142857142857117,3.0,1.0,1.0,11.0,8.0,2.0,1.3555555555555556,1.1666666666666667,1.1777777777777778,2.2,1.6,1.488888888888889,1.2222222222222223,1.2666666666666666,1.1333333333333333,1.0666666666666667,1.2222222222222223,0.32222222222222224,0.34444444444444444,0.6444444444444444,13.928571428571429,12.142857142857142,5.0,15.428571428571429,2.357142857142857,1.7857142857142865
laliga-2025-2025-12-06-betis-v-barcelona,2025-12-06,2025,Betis,Barcelona,3,5,0,0.16666666666666666,0.0,825.2788120519293,6,4,999,0,1.0,0,999,0,1.0,0,0,0,2.0,2.0,1.0,7.0,4.0,1.6,1.5666666666666667,1.4111111111111112,1.211111111111111,1.4,0.8,1.8,1.3333333333333333,1.5555555555555556,1.0222222222222221,1.2666666666666666,1.4,0.26666666666666666,0.15555555555555556,0.03333333333333344,14.714285714285714,11.071428571428571,4.714285714285714,10.071428571428571,2.2142857142857144,3.6428571428571423,5.0,0.0,0.0,17.0,5.0,3.0,2.3076923076923075,2.4505494505494507,1.098901098901099,3.4,1.0,2.4565217391304346,2.1555555555555554,2.630434782608696,1.0,2.2666666666666666,1.2,0.37362637362637363,0.04395604395604396,0.6923076923076925,19.933333333333334,8.866666666666667,7.733333333333333,9.6,1.9333333333333333,11.066666666666666
laliga-2025-2025-12-06-ath-bilbao-v-ath-madrid,2025-12-06,2025,Ath Bilbao,Ath Madrid,1,0,2,0.42857142857142855,0.0,318.9219671527912,3,4,999,0,1.0,0,999,0,1.0,0,0,0,2.0,0.0,3.0,5.0,10.0,1.2,1.7362637362637363,1.4175824175824177,0.945054945054945,1.0,2.0,2.0434782608695654,1.4222222222222223,1.7826086956521738,0.8695652173913043,1.0444444444444445,1.0222222222222221,0.4065934065934066,0.27472527472527475,-0.5362637362637364,12.866666666666667,10.066666666666666,4.066666666666666,13.6,2.2666666666666666,2.8000000000000007,4.0,0.0,1.0,10.0,4.0,2.4,2.010989010989011,1.8241758241758241,0.9560439560439561,2.0,0.8,2.5434782608695654,1.4666666666666666,2.260869565217391,0.9347826086956522,1.3777777777777778,0.9777777777777777,0.3956043956043956,0.15384615384615385,0.38901098901098896,13.533333333333333,10.133333333333333,5.8,11.066666666666666,2.1333333333333333,3.4000000000000004
laliga-2025-2025-12-07-elche-v-girona,2025-12-07,2025,Elche,Girona,3,0,2,0.75,0.0,509.60653960672425,9,7,999,0,1.0,0,999,0,1.0,0,0,0,0.0,2.0,3.0,4.0,8.0,0.4,1.1428571428571428,1.0714285714285714,1.2142857142857142,0.8,1.6,1.8571428571428572,0.42857142857142855,1.2857142857142858,0.7142857142857143,0.8571428571428571,1.7142857142857142,0.21428571428571427,0.21428571428571427,-0.7428571428571428,11.142857142857142,13.0,4.0,12.642857142857142,2.2142857142857144,-1.8571428571428577,1.0,3.0,1.0,7.0,7.0,1.2,1.488888888888889,1.5777777777777777,1.4666666666666666,1.4,1.4,1.7391304347826086,1.2272727272727273,1.9130434782608696,1.391304347826087,1.2272727272727273,1.5454545454545454,0.24444444444444444,0.24444444444444444,-0.288888888888889,9.428571428571429,17.857142857142858,3.7142857142857144,10.571428571428571,2.857142857142857,-8.428571428571429
laliga-2025-2025-12-07-valencia-v-sevilla,2025-12-07,2025,Valencia,Sevilla,1,1,1,0.6428571428571429,0.0,539.9261066392522,6,7,999,0,1.0,0,999,0,1.0,0,0,0,1.0,2.0,2.0,3.0,8.0,1.0,1.211111111111111,1.0777777777777777,1.3444444444444446,0.6,1.6,1.6,0.8222222222222222,1.2222222222222223,0.8888888888888888,0.9333333333333333,1.8,0.2777777777777778,0.3111111111111111,-0.21111111111111103,10.642857142857142,13.714285714285714,2.9285714285714284,12.142857142857142,1.9285714285714286,-3.071428571428571,1.0,0.0,4.0,3.0,9.0,0.6,1.0888888888888888,1.211111111111111,1.4666666666666666,0.6,1.8,1.2,0.9777777777777777,1.2,1.3777777777777778,1.2222222222222223,1.5555555555555556,0.23333333333333334,0.23333333333333334,-0.4888888888888888,11.142857142857142,11.142857142857142,3.357142857142857,15.142857142857142,3.2857142857142856,0.0
laliga-2025-2025-12-07-espanyol-v-rayo-vallecano,2025-12-07,2025,Espanyol,Rayo Vallecano,1,0,2,0.6,0.0,493.54718483989615,7,6,999,0,1.0,0,999,0,1.0,0,0,0,3.0,0.0,2.0,5.0,5.0,1.8,1.2692307692307692,1.1153846153846154,1.2884615384615385,1.0,1.0,1.7037037037037037,0.8,1.2962962962962963,1.1111111111111112,0.92,1.48,0.25,0.2692307692307692,0.5307692307692309,13.571428571428571,13.571428571428571,4.642857142857143,13.285714285714286,2.0,0.0,1.0,3.0,1.0,2.0,5.0,1.2,1.1888888888888889,0.9222222222222223,1.2,0.4,1.0,1.2045454545454546,1.173913043478261,1.0454545454545454,1.2727272727272727,0.8043478260869565,1.1304347826086956,0.3111111111111111,0.37777777777777777,0.011111111111111072,13.071428571428571,11.857142857142858,4.214285714285714,13.5,2.4285714285714284,1.2142857142857135
laliga-2025-2025-12-07-real-madrid-v-celta,2025-12-07,2025,Real Madrid,Celta,0,2,0,0.8333333333333334,0.0,464.8541080530331,4,7,999,0,1.0,0,999,0,1.0,0,0,0,2.0,3.0,0.0,10.0,3.0,1.8,2.3626373626373627,2.1648351648351647,0.8461538461538461,2.0,0.6,2.6818181818181817,2.0638297872340425,2.4318181818181817,0.7045454545454546,1.9148936170212767,0.9787234042553191,0.4725274725274725,0.054945054945054944,-0.5626373626373626,19.666666666666668,10.266666666666667,7.133333333333334,9.8,1.8,9.4,3.0,0.0,2.0,8.0,8.0,1.8,1.2444444444444445,1.3444444444444446,1.4777777777777779,1.6,1.6,1.4130434782608696,1.0681818181818181,1.3043478260869565,1.2173913043478262,1.3863636363636365,1.75,0.16666666666666666,0.2111111111111111,0.5555555555555556,11.214285714285714,11.857142857142858,3.7857142857142856,12.142857142857142,2.142857142857143,-0.6428571428571441
laliga-2025-2025-12-08-osasuna-v-levante,2025-12-08,2025,Osasuna,Levante,2,0,2,0.5,0.0,384.19801421511994,9,9,999,0,1.0,0,999,0,1.0,0,0,0,0.0,2.0,3.0,5.0,9.0,0.4,1.211111111111111,1.1666666666666667,1.4,1.0,1.8,1.5681818181818181,0.8695652173913043,1.3863636363636365,1.2954545454545454,0.9565217391304348,1.5,0.24444444444444444,0.26666666666666666,-0.811111111111111,10.357142857142858,12.857142857142858,3.2857142857142856,12.857142857142858,2.7142857142857144,-2.5,0.0,1.0,4.0,3.0,9.0,0.2,0.6428571428571429,1.1428571428571428,1.8571428571428572,0.6,1.8,0.16666666666666666,1.0,1.0,2.6666666666666665,1.25,1.25,0.14285714285714285,0.2857142857142857,-0.4428571428571429,10.357142857142858,17.357142857142858,3.4285714285714284,12.642857142857142,2.2142857142857144,-7.0
laliga-2025-2025-12-12-real-sociedad-v-girona,2025-12-12,2025,Real Sociedad,Girona,1,2,0,0.5833333333333334,0.0,418.93707768064667,6,5,999,0,1.0,0,999,0,1.0,0,0,0,2.0,1.0,2.0,9.0,8.0,1.4,1.3406593406593406,1.1538461538461537,1.1758241758241759,1.8,1.6,1.488888888888889,1.1956521739130435,1.2666666666666666,1.1333333333333333,1.0434782608695652,1.2173913043478262,0.31868131868131866,0.3516483516483517,0.05934065934065935,13.666666666666666,12.266666666666667,4.733333333333333,15.466666666666667,2.3333333333333335,1.3999999999999986,1.0,2.0,2.0,4.0,7.0,1.0,1.4725274725274726,1.5604395604395604,1.4835164835164836,0.8,1.4,1.7391304347826086,1.2,1.9130434782608696,1.391304347826087,1.2,1.5777777777777777,0.24175824175824176,0.25274725274725274,-0.4725274725274726,9.333333333333334,17.4,3.7333333333333334,10.733333333333333,2.8666666666666667,-8.066666666666665
laliga-2025-2025-12-13-ath-madrid-v-valencia,2025-12-13,2025,Ath Madrid,Valencia,2,1,2,0.8333333333333334,0.0,294.86048250440695,7,6,999,0,1.0,0,999,0,1.0,0,0,0,3.0,0.0,2.0,7.0,5.0,1.8,1.9891304347826086,1.8043478260869565,0.9565217391304348,1.4,1.0,2.5434782608695654,1.434782608695652,2.260869565217391,0.9347826086956522,1.3478260869565217,0.9782608695652174,0.391304347826087,0.16304347826086957,-0.1891304347826086,13.125,10.375,5.625,11.125,2.125,2.75,1.0,3.0,1.0,4.0,7.0,1.2,1.2087912087912087,1.0769230769230769,1.3406593406593406,0.8,1.4,1.5869565217391304,0.8222222222222222,1.2173913043478262,0.8913043478260869,0.9333333333333333,1.8,0.27472527472527475,0.3076923076923077,-0.00879120879120876,10.666666666666666,13.066666666666666,2.933333333333333,12.133333333333333,2.0,-2.4000000000000004
laliga-2025-2025-12-13-mallorca-v-elche,2025-12-13,2025,Mallorca,Elche,3,1,2,0.5,0.0,323.1529879623668,8,6,999,0,1.0,0,999,0,1.0,0,0,0,1.0,2.0,2.0,4.0,7.0,1.0,1.120879120879121,0.9120879120879121,1.2087912087912087,0.8,1.4,1.4,0.8478260869565217,0.9777777777777777,1.0,0.8478260869565217,1.4130434782608696,0.24175824175824176,0.3626373626373626,-0.1208791208791209,10.6,14.333333333333334,3.933333333333333,11.533333333333333,2.466666666666667,-3.7333333333333343,1.0,2.0,2.0,7.0,7.0,1.0,1.2666666666666666,1.2,1.1333333333333333,1.4,1.4,2.0,0.42857142857142855,1.5,0.625,0.8571428571428571,1.7142857142857142,0.26666666666666666,0.2,-0.2666666666666666,11.133333333333333,12.666666666666666,4.133333333333334,13.0,2.066666666666667,-1.5333333333333332
laliga-2025-2025-12-13-barcelona-v-osasuna,2025-12-13,2025,Barcelona,Osasuna,2,0,2,0.8333333333333334,0.0,347.5726504119322,7,5,999,0,1.0,0,999,0,1.0,0,0,0,5.0,0.0,0.0,19.0,7.0,3.0,2.3152173913043477,2.4782608695652173,1.1195652173913044,3.8,1.4,2.4565217391304346,2.1739130434782608,2.630434782608696,1.0,2.3260869565217392,1.2391304347826086,0.3695652173913043,0.043478260869565216,0.6847826086956523,19.6875,9.375,7.75,9.5625,1.9375,10.3125,1.0,2.0,2.0,5.0,6.0,1.0,1.2307692307692308,1.1758241758241759,1.3846153846153846,1.0,1.2,1.6,0.8695652173913043,1.4,1.2666666666666666,0.9565217391304348,1.5,0.25274725274725274,0.26373626373626374,-0.23076923076923084,10.6,12.733333333333333,3.466666666666667,13.0,2.6666666666666665,-2.133333333333333
laliga-2025-2025-12-13-getafe-v-espanyol,2025-12-13,2025,Getafe,Espanyol,0,1,0,0.5,0.0,500.48822405474954,7,6,999,0,1.0,0,999,0,1.0,0,0,0,2.0,0.0,3.0,3.0,5.0,1.2,1.1538461538461537,0.978021978021978,1.2087912087912087,0.6,1.0,1.3111111111111111,1.0,0.9333333333333333,1.0222222222222221,1.0217391304347827,1.391304347826087,0.25274725274725274,0.4065934065934066,0.04615384615384621,9.2,10.333333333333334,2.6666666666666665,15.066666666666666,2.933333333333333,-1.1333333333333346,3.0,0.0,2.0,5.0,5.0,1.8,1.3018867924528301,1.1132075471698113,1.2641509433962264,1.0,1.0,1.75,0.8,1.2857142857142858,1.0714285714285714,0.92,1.48,0.2641509433962264,0.2641509433962264,0.4981132075471699,13.266666666666667,13.066666666666666,4.466666666666667,13.666666666666666,2.2666666666666666,0.20000000000000107
laliga-2025-2025-12-14-sevilla-v-oviedo,2025-12-14,2025,Sevilla,Oviedo,4,0,2,0.5,0.0,664.6796028863018,7,9,999,0,1.0,0,999,0,1.0,0,0,0,1.0,1.0,3.0,3.0,8.0,0.8,1.0879120879120878,1.2087912087912087,1.4615384615384615,0.6,1.6,1.2,0.9782608695652174,1.2,1.3777777777777778,1.2173913043478262,1.5434782608695652,0.23076923076923078,0.23076923076923078,-0.2879120879120878,10.666666666666666,11.133333333333333,3.2,15.333333333333334,3.466666666666667,-0.4666666666666668,0.0,3.0,2.0,0.0,3.0,0.6,0.6666666666666666,0.4666666666666667,1.4666666666666666,0.0,0.6,0.75,0.5714285714285714,0.25,1.25,0.7142857142857143,1.7142857142857142,0.26666666666666666,0.7333333333333333,-0.06666666666666665,9.133333333333333,16.2,2.8,11.6,3.0,-7.066666666666666
laliga-2025-2025-12-14-celta-v-ath-bilbao,2025-12-14,2025,Celta,Ath Bilbao,2,0,2,0.35714285714285715,0.0,487.0823988578239,7,8,999,0,1.0,0,999,0,1.0,0,0,0,3.0,0.0,2.0,7.0,6.0,1.8,1.2637362637362637,1.3516483516483517,1.4615384615384615,1.4,1.2,1.4130434782608696,1.1111111111111112,1.3043478260869565,1.2173913043478262,1.4,1.711111111111111,0.17582417582417584,0.2087912087912088,0.5362637362637364,10.933333333333334,12.6,3.8666666666666667,12.133333333333333,2.066666666666667,-1.666666666666666,3.0,0.0,2.0,4.0,7.0,1.8,1.75,1.4130434782608696,0.9347826086956522,0.8,1.4,2.0638297872340425,1.4222222222222223,1.7659574468085106,0.851063829787234,1.0444444444444445,1.0222222222222221,0.41304347826086957,0.2717391304347826,0.050000000000000044,12.9375,9.875,4.0,13.3125,2.3125,3.0625
laliga-2025-2025-12-14-alaves-v-real-madrid,2025-12-14,2025,Alaves,Real Madrid,1,2,0,0.0,0.0,279.18330629488213,8,7,999,0,1.0,0,999,0,1.0,0,0,0,2.0,0.0,3.0,4.0,6.0,1.2,1.164835164835165,0.9560439560439561,1.1978021978021978,0.8,1.2,1.5,0.8222222222222222,1.0217391304347827,0.9347826086956522,0.8888888888888888,1.4666666666666666,0.25274725274725274,0.37362637362637363,0.03516483516483504,11.333333333333334,11.133333333333333,3.4,16.333333333333332,2.533333333333333,0.20000000000000107,1.0,3.0,1.0,6.0,5.0,1.2,2.3369565217391304,2.141304347826087,0.8586956521739131,1.2,1.0,2.6222222222222222,2.0638297872340425,2.3777777777777778,0.7333333333333333,1.9148936170212767,0.9787234042553191,0.4673913043478261,0.06521739130434782,-1.1369565217391304,19.875,10.0625,7.125,9.5625,2.4375,9.8125
laliga-2025-2025-12-15-rayo-vallecano-v-betis,2025-12-15,2025,Rayo Vallecano,Betis,0,0,1,0.5,0.0,389.6758738843053,8,9,999,0,1.0,0,999,0,1.0,0,0,0,0.0,3.0,2.0,1.0,6.0,0.6,1.1758241758241759,0.9120879120879121,1.1978021978021978,0.2,1.2,1.2045454545454546,1.148936170212766,1.0454545454545454,1.2727272727272727,0.7872340425531915,1.127659574468085,0.3076923076923077,0.38461538461538464,-0.5758241758241759,12.6,11.666666666666666,4.066666666666666,14.066666666666666,2.933333333333333,0.9333333333333336,2.0,2.0,1.0,10.0,7.0,1.6,1.5494505494505495,1.4285714285714286,1.2527472527472527,2.0,1.4,1.7608695652173914,1.3333333333333333,1.5869565217391304,1.108695652173913,1.2666666666666666,1.4,0.26373626373626374,0.15384615384615385,0.05054945054945059,14.866666666666667,11.4,4.733333333333333,10.333333333333334,2.4,3.466666666666667
laliga-2025-2025-12-19-valencia-v-mallorca,2025-12-19,2025,Valencia,Mallorca,1,1,1,0.5,0.0,258.0155904442096,6,6,999,0,1.0,0,999,0,1.0,0,0,0,1.0,3.0,1.0,5.0,5.0,1.2,1.1956521739130435,1.076086956521739,1.3478260869565217,1.0,1.0,1.5869565217391304,0.8043478260869565,1.2173913043478262,0.8913043478260869,0.9347826086956522,1.8043478260869565,0.2717391304347826,0.30434782608695654,0.004347826086956497,10.8125,12.875,2.875,12.0625,1.9375,-2.0625,2.0,2.0,1.0,7.0,5.0,1.6,1.141304347826087,0.9347826086956522,1.2065217391304348,1.4,1.0,1.434782608695652,0.8478260869565217,1.0217391304347827,1.0,0.8478260869565217,1.4130434782608696,0.2391304347826087,0.358695652173913,0.45869565217391317,10.875,14.0,4.1875,11.625,2.5,-3.125
laliga-2025-2025-12-20-oviedo-v-celta,2025-12-20,2025,Oviedo,Celta,0,0,1,0.75,0.0,267.55384916637394,6,6,999,0,1.0,0,999,0,1.0,0,0,0,0.0,2.0,3.0,0.0,7.0,0.4,0.625,0.4375,1.625,0.0,1.4,0.75,0.5,0.25,1.25,0.625,2.0,0.25,0.75,-0.22499999999999998,8.875,16.0,2.6875,11.625,3.0625,-7.125,3.0,0.0,2.0,7.0,5.0,1.8,1.2826086956521738,1.358695652173913,1.4456521739130435,1.4,1.0,1.446808510638298,1.1111111111111112,1.3191489361702127,1.1914893617021276,1.4,1.711111111111111,0.18478260869565216,0.20652173913043478,0.5173913043478262,10.5625,12.6875,3.75,12.0625,2.125,-2.125
laliga-2025-2025-12-20-levante-v-real-sociedad,2025-12-20,2025,Levante,Real Sociedad,1,1,1,0.25,0.0,445.8294239934526,12,8,999,0,1.0,0,999,0,1.0,0,0,0,0.0,0.0,5.0,2.0,10.0,0.0,0.6,1.0666666666666667,1.8666666666666667,0.4,2.0,0.16666666666666666,0.8888888888888888,1.0,2.6666666666666665,1.1111111111111112,1.3333333333333333,0.13333333333333333,0.3333333333333333,-0.6,10.4,17.133333333333333,3.533333333333333,12.266666666666667,2.2,-6.7333333333333325,1.0,1.0,3.0,7.0,8.0,0.8,1.326086956521739,1.1521739130434783,1.184782608695652,1.4,1.6,1.4565217391304348,1.1956521739130435,1.2608695652173914,1.1521739130434783,1.0434782608695652,1.2173913043478262,0.31521739130434784,0.34782608695652173,-0.526086956521739,13.375,12.375,4.6875,15.75,2.25,1.0
laliga-2025-2025-12-20-osasuna-v-alaves,2025-12-20,2025,Osasuna,Alaves,3,0,2,0.6428571428571429,0.0,84.83905260516632,7,6,999,0,1.0,0,999,0,1.0,0,0,0,1.0,1.0,3.0,5.0,8.0,0.8,1.2173913043478262,1.1630434782608696,1.391304347826087,1.0,1.6,1.6,0.851063829787234,1.4,1.2666666666666666,0.9361702127659575,1.5106382978723405,0.25,0.2717391304347826,-0.4173913043478261,10.125,13.4375,3.375,12.6875,2.6875,-3.3125,1.0,0.0,4.0,3.0,7.0,0.6,1.1521739130434783,0.9565217391304348,1.2065217391304348,0.6,1.4,1.4680851063829787,0.8222222222222222,1.0212765957446808,0.9574468085106383,0.8888888888888888,1.4666666666666666,0.25,0.3695652173913043,-0.5521739130434783,11.0,11.25,3.3125,16.0625,2.5625,-0.25
laliga-2025-2025-12-20-real-madrid-v-sevilla,2025-12-20,2025,Real Madrid,Sevilla,2,0,2,0.9166666666666666,0.0,394.25599339659567,6,6,999,0,1.0,0,999,0,1.0,0,0,0,2.0,2.0,1.0,8.0,6.0,1.6,2.3440860215053765,2.139784946236559,0.8602150537634409,1.6,1.2,2.6222222222222222,2.0833333333333335,2.3777777777777778,0.7333333333333333,1.9166666666666667,0.9791666666666666,0.46236559139784944,0.06451612903225806,-0.7440860215053764,19.470588235294116,9.823529411764707,7.0588235294117645,9.764705882352942,2.3529411764705883,9.64705882352941,2.0,1.0,2.0,7.0,5.0,1.4,1.108695652173913,1.2391304347826086,1.4456521739130435,1.4,1.0,1.2391304347826086,0.9782608695652174,1.2608695652173914,1.3478260869565217,1.2173913043478262,1.5434782608695652,0.2391304347826087,0.22826086956521738,0.29130434782608683,10.8125,10.75,3.4375,15.0625,3.3125,0.0625
laliga-2025-2025-12-21-girona-v-ath-madrid,2025-12-21,2025,Girona,Ath Madrid,0,3,0,0.16666666666666666,0.0,563.7604753188742,9,8,999,0,1.0,0,999,0,1.0,0,0,0,2.0,2.0,1.0,5.0,6.0,1.6,1.4891304347826086,1.565217391304348,1.4782608695652173,1.0,1.2,1.7391304347826086,1.2391304347826086,1.9130434782608696,1.391304347826087,1.2173913043478262,1.565217391304348,0.2391304347826087,0.25,0.11086956521739144,9.625,16.875,3.6875,10.375,2.8125,-7.25,3.0,0.0,2.0,6.0,5.0,1.8,2.0,1.8064516129032258,0.956989247311828,1.2,1.0,2.5531914893617023,1.434782608695652,2.25531914893617,0.9361702127659575,1.3478260869565217,0.9782608695652174,0.3870967741935484,0.16129032258064516,-0.19999999999999996,12.941176470588236,10.529411764705882,5.647058823529412,11.235294117647058,2.176470588235294,2.4117647058823533
laliga-2025-2025-12-21-villarreal-v-barcelona,2025-12-21,2025,Villarreal,Barcelona,0,2,0,0.3333333333333333,0.0,246.9573901431134,15,8,999,0,1.0,0,999,0,1.0,0,0,0,5.0,0.0,0.0,13.0,3.0,3.0,1.7362637362637363,1.835164835164835,1.4175824175824177,2.6,0.6,1.7826086956521738,1.6888888888888889,2.152173913043478,1.3695652173913044,1.511111111111111,1.4666666666666666,0.21978021978021978,0.12087912087912088,1.2637362637362637,13.266666666666667,12.2,5.066666666666666,12.6,2.6,1.0666666666666682,5.0,0.0,0.0,17.0,5.0,3.0,2.3225806451612905,2.4731182795698925,1.10752688172043,3.4,1.0,2.4680851063829787,2.1739130434782608,2.617021276595745,0.9787234042553191,2.3260869565217392,1.2391304347826086,0.3763440860215054,0.043010752688172046,0.6774193548387095,19.941176470588236,9.0,7.705882352941177,9.294117647058824,1.8235294117647058,10.941176470588236
laliga-2025-2025-12-21-elche-v-rayo-vallecano,2025-12-21,2025,Elche,Rayo Vallecano,4,0,2,0.5,0.0,347.07798690863535,8,6,999,0,1.0,0,999,0,1.0,0,0,0,1.0,2.0,2.0,7.0,7.0,1.0,1.1875,1.1875,1.25,1.4,1.4,2.0,0.375,1.5,0.625,0.875,1.875,0.25,0.1875,-0.1875,11.0,12.8125,3.875,13.0,1.9375,-1.8125,0.0,4.0,1.0,1.0,2.0,0.8,1.173913043478261,0.9021739130434783,1.184782608695652,0.2,0.4,1.2,1.148936170212766,1.0222222222222221,1.2444444444444445,0.7872340425531915,1.127659574468085,0.31521739130434784,0.391304347826087,-0.37391304347826093,13.25,11.75,4.25,13.8125,3.0,1.5
laliga-2025-2025-12-21-betis-v-getafe,2025-12-21,2025,Betis,Getafe,4,0,2,0.7142857142857143,0.0,379.3296978893749,6,8,999,0,1.0,0,999,0,1.0,0,0,0,1.0,3.0,1.0,7.0,7.0,1.2,1.5434782608695652,1.4130434782608696,1.2391304347826086,1.4,1.4,1.7608695652173914,1.326086956521739,1.5869565217391304,1.108695652173913,1.2391304347826086,1.3695652173913044,0.2717391304347826,0.16304347826086957,-0.34347826086956523,14.75,12.125,4.8125,10.125,2.3125,2.625,1.0,0.0,4.0,1.0,5.0,0.6,1.141304347826087,0.967391304347826,1.2065217391304348,0.2,1.0,1.2826086956521738,1.0,0.9130434782608695,1.0217391304347827,1.0217391304347827,1.391304347826087,0.25,0.41304347826086957,-0.5413043478260869,9.3125,10.0625,2.5625,15.25,3.0625,-0.75
laliga-2025-2025-12-22-ath-bilbao-v-espanyol,2025-12-22,2025,Ath Bilbao,Espanyol,1,2,0,0.375,0.0,464.7887002243856,8,9,999,0,1.0,0,999,0,1.0,0,0,0,2.0,0.0,3.0,3.0,9.0,1.2,1.7311827956989247,1.3978494623655915,0.946236559139785,0.6,1.8,2.0638297872340425,1.391304347826087,1.7659574468085106,0.851063829787234,1.0217391304347827,1.0434782608695652,0.40860215053763443,0.27956989247311825,-0.5311827956989248,13.0,9.588235294117647,3.8823529411764706,13.294117647058824,2.2941176470588234,3.4117647058823533,4.0,0.0,1.0,5.0,3.0,2.4,1.3333333333333333,1.1111111111111112,1.2407407407407407,1.0,0.6,1.75,0.8846153846153846,1.2857142857142858,1.0714285714285714,0.9230769230769231,1.4230769230769231,0.2777777777777778,0.25925925925925924,1.0666666666666667,12.8125,12.9375,4.4375,13.875,2.1875,-0.125
laliga-2025-2026-01-02-rayo-vallecano-v-getafe,2026-01-02,2025,Rayo Vallecano,Getafe,1,1,1,0.75,0.0,10.377781893936726,12,12,999,0,1.0,0,999,0,1.0,0,0,0,0.0,3.0,2.0,1.0,6.0,0.6,1.1612903225806452,0.8924731182795699,1.2150537634408602,0.2,1.2,1.2,1.125,1.0222222222222221,1.2444444444444445,0.7708333333333334,1.1875,0.3118279569892473,0.3978494623655914,-0.5612903225806453,13.529411764705882,12.117647058823529,4.470588235294118,13.647058823529411,3.0,1.4117647058823533,1.0,0.0,4.0,1.0,8.0,0.6,1.1290322580645162,0.956989247311828,1.2365591397849462,0.2,1.6,1.2826086956521738,0.9787234042553191,0.9130434782608695,1.0217391304347827,1.0,1.446808510638298,0.24731182795698925,0.41935483870967744,-0.5290322580645163,9.647058823529411,10.588235294117647,2.588235294117647,15.058823529411764,2.9411764705882355,-0.9411764705882355
laliga-2025-2026-01-03-celta-v-valencia,2026-01-03,2025,Celta,Valencia,4,1,2,0.6428571428571429,0.0,766.2050813784058,14,15,999,0,1.0,0,999,0,1.0,0,0,0,3.0,1.0,1.0,5.0,1.0,2.0,1.2795698924731183,1.3440860215053763,1.4301075268817205,1.0,0.2,1.446808510638298,1.108695652173913,1.3191489361702127,1.1914893617021276,1.3695652173913044,1.673913043478261,0.1935483870967742,0.21505376344086022,0.7204301075268817,10.294117647058824,12.529411764705882,3.6470588235294117,11.764705882352942,2.0588235294117645,-2.235294117647058,1.0,3.0,1.0,5.0,5.0,1.2,1.1935483870967742,1.075268817204301,1.3440860215053763,1.0,1.0,1.574468085106383,0.8043478260869565,1.2127659574468086,0.8936170212765957,0.9347826086956522,1.8043478260869565,0.26881720430107525,0.3010752688172043,0.006451612903225712,11.176470588235293,12.352941176470589,2.823529411764706,11.941176470588236,1.9411764705882353,-1.1764705882352953
laliga-2025-2026-01-03-osasuna-v-ath-bilbao,2026-01-03,2025,Osasuna,Ath Bilbao,1,1,1,0.25,0.0,118.61154051368908,14,12,999,0,1.0,0,999,0,1.0,0,0,0,2.0,1.0,2.0,8.0,7.0,1.4,1.2365591397849462,1.1827956989247312,1.3763440860215055,1.6,1.4,1.6304347826086956,0.851063829787234,1.434782608695652,1.2391304347826086,0.9361702127659575,1.5106382978723405,0.25806451612903225,0.26881720430107525,0.16344086021505366,10.470588235294118,13.058823529411764,3.588235294117647,12.882352941176471,2.6470588235294117,-2.5882352941176467,2.0,0.0,3.0,4.0,7.0,1.2,1.7127659574468086,1.3936170212765957,0.9574468085106383,0.8,1.4,2.0208333333333335,1.391304347826087,1.75,0.875,1.0217391304347827,1.0434782608695652,0.40425531914893614,0.2765957446808511,-0.5127659574468086,13.222222222222221,9.61111111111111,4.055555555555555,13.11111111111111,2.4444444444444446,3.6111111111111107
laliga-2025-2026-01-03-elche-v-villarreal,2026-01-03,2025,Elche,Villarreal,1,3,0,0.0,0.0,193.19620123361872,13,13,999,0,1.0,0,999,0,1.0,0,0,0,2.0,1.0,2.0,10.0,6.0,1.4,1.2941176470588236,1.3529411764705883,1.1764705882352942,2.0,1.2,2.111111111111111,0.375,1.7777777777777777,0.5555555555555556,0.875,1.875,0.29411764705882354,0.17647058823529413,0.10588235294117632,11.411764705882353,13.117647058823529,4.0,13.117647058823529,1.9411764705882353,-1.7058823529411757,4.0,0.0,1.0,9.0,5.0,2.4,1.7173913043478262,1.815217391304348,1.423913043478261,1.8,1.0,1.7446808510638299,1.6888888888888889,2.106382978723404,1.3829787234042554,1.511111111111111,1.4666666666666666,0.21739130434782608,0.13043478260869565,0.6826086956521737,13.3125,12.625,5.0625,12.4375,2.625,0.6875
laliga-2025-2026-01-03-espanyol-v-barcelona,2026-01-03,2025,Espanyol,Barcelona,0,2,0,0.0,0.0,5.985655151837929,12,13,999,0,1.0,0,999,0,1.0,0,0,0,5.0,0.0,0.0,7.0,2.0,3.0,1.3636363636363635,1.1272727272727272,1.2363636363636363,1.4,0.4,1.75,0.9629629629629629,1.2857142857142858,1.0714285714285714,0.9629629629629629,1.4074074074074074,0.2727272727272727,0.2545454545454545,1.6363636363636365,12.647058823529411,13.176470588235293,4.470588235294118,13.588235294117647,2.176470588235294,-0.5294117647058822,5.0,0.0,0.0,15.0,5.0,3.0,2.3297872340425534,2.4680851063829787,1.0957446808510638,3.0,1.0,2.4680851063829787,2.1914893617021276,2.617021276595745,0.9787234042553191,2.3191489361702127,1.2127659574468086,0.3829787234042553,0.0425531914893617,0.6702127659574466,19.88888888888889,9.277777777777779,7.555555555555555,9.222222222222221,1.7777777777777777,10.61111111111111
laliga-2025-2026-01-04-sevilla-v-levante,2026-01-04,2025,Sevilla,Levante,0,3,0,0.0,0.0,539.9261066392522,15,15,999,0,1.0,0,999,0,1.0,0,0,0,1.0,1.0,3.0,6.0,7.0,0.8,1.096774193548387,1.2258064516129032,1.4516129032258065,1.2,1.4,1.2391304347826086,0.9574468085106383,1.2608695652173914,1.3478260869565217,1.1914893617021276,1.553191489361702,0.23655913978494625,0.23655913978494625,-0.29677419354838697,11.0,11.176470588235293,3.5294117647058822,15.294117647058824,3.5294117647058822,-0.1764705882352935,0.0,1.0,4.0,2.0,9.0,0.2,0.625,1.0625,1.8125,0.4,1.8,0.2857142857142857,0.8888888888888888,1.0,2.4285714285714284,1.1111111111111112,1.3333333333333333,0.125,0.3125,-0.425,10.5625,17.1875,3.5,12.5,2.4375,-6.625
laliga-2025-2026-01-04-real-madrid-v-betis,2026-01-04,2025,Real Madrid,Betis,5,1,2,0.5,0.0,394.25599339659567,15,14,999,0,1.0,0,999,0,1.0,0,0,0,3.0,1.0,1.0,8.0,4.0,2.0,2.351063829787234,2.1382978723404253,0.851063829787234,1.6,0.8,2.630434782608696,2.0833333333333335,2.369565217391304,0.717391304347826,1.9166666666666667,0.9791666666666666,0.46808510638297873,0.06382978723404255,-0.35106382978723394,19.38888888888889,10.055555555555555,7.111111111111111,9.944444444444445,2.3333333333333335,9.333333333333334,2.0,2.0,1.0,10.0,6.0,1.6,1.5591397849462365,1.4408602150537635,1.2258064516129032,2.0,1.2,1.7872340425531914,1.326086956521739,1.6382978723404256,1.0851063829787233,1.2391304347826086,1.3695652173913044,0.27956989247311825,0.16129032258064516,0.04086021505376358,15.0,12.294117647058824,5.0,10.294117647058824,2.176470588235294,2.7058823529411757
laliga-2025-2026-01-04-alaves-v-oviedo,2026-01-04,2025,Alaves,Oviedo,1,1,1,0.75,0.0,264.71807183928377,15,15,999,0,1.0,0,999,0,1.0,0,0,0,1.0,0.0,4.0,3.0,9.0,0.6,1.1397849462365592,0.946236559139785,1.2258064516129032,0.6,1.8,1.4680851063829787,0.8043478260869565,1.0212765957446808,0.9574468085106383,0.8695652173913043,1.5,0.24731182795698925,0.3763440860215054,-0.5397849462365593,10.764705882352942,11.529411764705882,3.2941176470588234,15.764705882352942,2.5294117647058822,-0.7647058823529402,0.0,3.0,2.0,0.0,6.0,0.6,0.6470588235294118,0.4117647058823529,1.5294117647058822,0.0,1.2,0.7777777777777778,0.5,0.2222222222222222,1.1111111111111112,0.625,2.0,0.29411764705882354,0.7647058823529411,-0.04705882352941182,8.941176470588236,15.411764705882353,2.7058823529411766,11.764705882352942,3.0,-6.470588235294118
laliga-2025-2026-01-04-mallorca-v-girona,2026-01-04,2025,Mallorca,Girona,1,2,0,0.5,0.0,266.14096704721,16,14,999,0,1.0,0,999,0,1.0,0,0,0,1.0,3.0,1.0,7.0,6.0,1.2,1.1397849462365592,0.9354838709677419,1.2043010752688172,1.4,1.2,1.434782608695652,0.851063829787234,1.0217391304347827,1.0,0.851063829787234,1.4042553191489362,0.23655913978494625,0.3548387096774194,0.06021505376344072,10.470588235294118,14.176470588235293,4.0588235294117645,11.647058823529411,2.5294117647058822,-3.7058823529411757,1.0,2.0,2.0,4.0,9.0,1.0,1.4731182795698925,1.5483870967741935,1.4946236559139785,0.8,1.8,1.702127659574468,1.2391304347826086,1.872340425531915,1.425531914893617,1.2173913043478262,1.565217391304348,0.23655913978494625,0.25806451612903225,-0.4731182795698925,9.588235294117647,16.705882352941178,3.588235294117647,10.176470588235293,2.764705882352941,-7.117647058823531
laliga-2025-2026-01-04-real-sociedad-v-ath-madrid,2026-01-04,2025,Real Sociedad,Ath Madrid,1,1,1,0.14285714285714285,0.0,345.70247151879346,15,14,999,0,1.0,0,999,0,1.0,0,0,0,1.0,1.0,3.0,7.0,8.0,0.8,1.3225806451612903,1.1505376344086022,1.1827956989247312,1.4,1.6,1.4565217391304348,1.1914893617021276,1.2608695652173914,1.1521739130434783,1.0425531914893618,1.2127659574468086,0.3118279569892473,0.34408602150537637,-0.5225806451612902,13.647058823529411,12.411764705882353,4.764705882352941,15.588235294117647,2.235294117647059,1.235294117647058,3.0,0.0,2.0,8.0,5.0,1.8,2.0106382978723403,1.8191489361702127,0.9468085106382979,1.6,1.0,2.5531914893617023,1.4680851063829787,2.25531914893617,0.9361702127659575,1.3829787234042554,0.9574468085106383,0.39361702127659576,0.1595744680851064,-0.21063829787234023,13.0,10.444444444444445,5.666666666666667,11.38888888888889,2.0555555555555554,2.5555555555555554
laliga-2025-2026-01-09-getafe-v-real-sociedad,2026-01-09,2025,Getafe,Real Sociedad,1,2,0,0.5,0.0,362.68976761646644,7,5,999,0,1.0,0,999,0,1.0,0,0,0,1.0,1.0,3.0,2.0,8.0,0.8,1.127659574468085,0.9574468085106383,1.2340425531914894,0.4,1.6,1.2826086956521738,0.9791666666666666,0.9130434782608695,1.0217391304347827,1.0,1.4375,0.24468085106382978,0.4148936170212766,-0.327659574468085,9.777777777777779,10.722222222222221,2.6666666666666665,14.777777777777779,3.0,-0.9444444444444429,0.0,2.0,3.0,5.0,8.0,0.4,1.3191489361702127,1.148936170212766,1.1808510638297873,1.0,1.6,1.446808510638298,1.1914893617021276,1.2553191489361701,1.148936170212766,1.0425531914893618,1.2127659574468086,0.30851063829787234,0.3404255319148936,-0.9191489361702126,13.88888888888889,12.277777777777779,4.944444444444445,15.333333333333334,2.2777777777777777,1.6111111111111107
laliga-2025-2026-01-10-oviedo-v-betis,2026-01-10,2025,Oviedo,Betis,1,1,1,0.25,0.0,664.6796028863018,6,6,999,0,1.0,0,999,0,1.0,0,0,0,0.0,3.0,2.0,1.0,7.0,0.6,0.6666666666666666,0.4444444444444444,1.5,0.2,1.4,0.7777777777777778,0.5555555555555556,0.2222222222222222,1.1111111111111112,0.6666666666666666,1.8888888888888888,0.2777777777777778,0.7222222222222222,-0.06666666666666665,9.444444444444445,15.555555555555555,2.888888888888889,12.222222222222221,3.111111111111111,-6.111111111111111,2.0,1.0,2.0,10.0,10.0,1.4,1.5425531914893618,1.4361702127659575,1.2659574468085106,2.0,2.0,1.7872340425531914,1.297872340425532,1.6382978723404256,1.0851063829787233,1.2340425531914894,1.446808510638298,0.2765957446808511,0.1595744680851064,-0.14255319148936185,14.88888888888889,12.666666666666666,5.0,10.38888888888889,2.111111111111111,2.222222222222223
laliga-2025-2026-01-10-villarreal-v-alaves,2026-01-10,2025,Villarreal,Alaves,3,1,2,0.5,0.0,387.54488649403754,7,6,999,0,1.0,0,999,0,1.0,0,0,0,4.0,0.0,1.0,10.0,6.0,2.4,1.7311827956989247,1.8279569892473118,1.4193548387096775,2.0,1.2,1.7446808510638299,1.7173913043478262,2.106382978723404,1.3829787234042554,1.5434782608695652,1.4565217391304348,0.21505376344086022,0.12903225806451613,0.6688172043010752,13.235294117647058,12.764705882352942,5.0,12.352941176470589,2.6470588235294117,0.470588235294116,1.0,1.0,3.0,4.0,9.0,0.8,1.1382978723404256,0.9468085106382979,1.2234042553191489,0.8,1.8,1.4583333333333333,0.8043478260869565,1.0208333333333333,0.9583333333333334,0.8695652173913043,1.5,0.24468085106382978,0.3723404255319149,-0.3382978723404255,11.166666666666666,11.88888888888889,3.5,15.5,2.6666666666666665,-0.7222222222222232
laliga-2025-2026-01-10-girona-v-osasuna,2026-01-10,2025,Girona,Osasuna,1,0,2,0.6666666666666666,0.0,377.36469466051943,6,7,999,0,1.0,0,999,0,1.0,0,0,0,2.0,1.0,2.0,5.0,9.0,1.4,1.4893617021276595,1.553191489361702,1.4893617021276595,1.0,1.8,1.702127659574468,1.2765957446808511,1.872340425531915,1.425531914893617,1.2340425531914894,1.553191489361702,0.23404255319148937,0.2553191489361702,-0.08936170212765959,9.555555555555555,16.27777777777778,3.611111111111111,10.38888888888889,2.6666666666666665,-6.722222222222223,2.0,2.0,1.0,8.0,5.0,1.6,1.2340425531914894,1.1808510638297873,1.372340425531915,1.6,1.0,1.6170212765957446,0.851063829787234,1.425531914893617,1.2340425531914894,0.9361702127659575,1.5106382978723405,0.2553191489361702,0.26595744680851063,0.3659574468085107,10.5,13.222222222222221,3.611111111111111,12.833333333333334,2.6666666666666665,-2.7222222222222214
laliga-2025-2026-01-10-valencia-v-elche,2026-01-10,2025,Valencia,Elche,1,1,1,0.25,0.0,136.98506564717985,7,7,999,0,1.0,0,999,0,1.0,0,0,0,0.0,3.0,2.0,5.0,9.0,0.6,1.1808510638297873,1.074468085106383,1.372340425531915,1.0,1.8,1.574468085106383,0.7872340425531915,1.2127659574468086,0.8936170212765957,0.9361702127659575,1.851063829787234,0.26595744680851063,0.2978723404255319,-0.5808510638297874,11.444444444444445,12.333333333333334,2.9444444444444446,11.777777777777779,2.0,-0.8888888888888893,2.0,0.0,3.0,9.0,7.0,1.2,1.2222222222222223,1.3333333333333333,1.2777777777777777,1.8,1.4,1.9,0.375,1.7,0.8,0.875,1.875,0.2777777777777778,0.16666666666666666,-0.022222222222222365,11.61111111111111,13.055555555555555,3.888888888888889,12.833333333333334,2.0,-1.4444444444444446
laliga-2025-2026-01-11-rayo-vallecano-v-mallorca,2026-01-11,2025,Rayo Vallecano,Mallorca,2,1,2,0.3333333333333333,0.0,542.9189482045625,9,7,999,0,1.0,0,999,0,1.0,0,0,0,0.0,3.0,2.0,2.0,7.0,0.6,1.1595744680851063,0.8936170212765957,1.2127659574468086,0.4,1.4,1.1956521739130435,1.125,1.0217391304347827,1.2391304347826086,0.7708333333333334,1.1875,0.30851063829787234,0.39361702127659576,-0.5595744680851064,13.5,12.11111111111111,4.444444444444445,13.61111111111111,3.0,1.3888888888888893,1.0,3.0,1.0,7.0,6.0,1.2,1.127659574468085,0.9361702127659575,1.2127659574468086,1.4,1.2,1.4042553191489362,0.851063829787234,1.0212765957446808,1.0212765957446808,0.851063829787234,1.4042553191489362,0.23404255319148937,0.35106382978723405,0.07234042553191489,10.38888888888889,13.88888888888889,3.9444444444444446,11.555555555555555,2.5,-3.5
laliga-2025-2026-01-11-levante-v-espanyol,2026-01-11,2025,Levante,Espanyol,1,1,1,0.3333333333333333,0.0,293.83949171694553,7,8,999,0,1.0,0,999,0,1.0,0,0,0,1.0,1.0,3.0,4.0,6.0,0.8,0.7647058823529411,1.1764705882352942,1.7058823529411764,0.8,1.2,0.2857142857142857,1.1,1.0,2.4285714285714284,1.3,1.2,0.17647058823529413,0.29411764705882354,0.03529411764705892,10.294117647058824,17.058823529411764,3.5294117647058822,12.352941176470589,2.5294117647058822,-6.76470588235294,4.0,0.0,1.0,5.0,3.0,2.4,1.3392857142857142,1.1071428571428572,1.25,1.0,0.6,1.6896551724137931,0.9629629629629629,1.2413793103448276,1.103448275862069,0.9629629629629629,1.4074074074074074,0.26785714285714285,0.26785714285714285,1.0607142857142857,12.722222222222221,13.277777777777779,4.611111111111111,13.38888888888889,2.111111111111111,-0.5555555555555571
laliga-2025-2026-01-12-sevilla-v-celta,2026-01-12,2025,Sevilla,Celta,0,1,0,0.25,0.0,586.5673239379203,8,9,999,0,1.0,0,999,0,1.0,0,0,0,1.0,1.0,3.0,5.0,8.0,0.8,1.0851063829787233,1.2127659574468086,1.4680851063829787,1.0,1.6,1.2127659574468086,0.9574468085106383,1.2340425531914894,1.3829787234042554,1.1914893617021276,1.553191489361702,0.23404255319148937,0.24468085106382978,-0.28510638297872326,11.222222222222221,10.88888888888889,3.7222222222222223,15.333333333333334,3.5,0.33333333333333215,3.0,1.0,1.0,8.0,2.0,2.0,1.297872340425532,1.372340425531915,1.425531914893617,1.6,0.4,1.4791666666666667,1.108695652173913,1.375,1.1875,1.3695652173913044,1.673913043478261,0.19148936170212766,0.2127659574468085,0.7021276595744681,10.38888888888889,12.722222222222221,3.7777777777777777,11.666666666666666,2.0,-2.333333333333332
laliga-2025-2026-01-16-espanyol-v-girona,2026-01-16,2025,Espanyol,Girona,0,2,0,0.25,0.0,93.8050406612064,5,6,999,0,1.0,0,999,0,1.0,0,0,0,3.0,1.0,1.0,5.0,4.0,2.0,1.3333333333333333,1.105263157894737,1.2456140350877194,1.0,0.8,1.6896551724137931,0.9642857142857143,1.2413793103448276,1.103448275862069,0.9642857142857143,1.3928571428571428,0.2631578947368421,0.2631578947368421,0.6666666666666667,13.052631578947368,13.0,4.526315789473684,13.157894736842104,2.0526315789473686,0.05263157894736814,3.0,0.0,2.0,5.0,8.0,1.8,1.5052631578947369,1.5473684210526315,1.4736842105263157,1.0,1.6,1.7291666666666667,1.2765957446808511,1.8541666666666667,1.3958333333333333,1.2340425531914894,1.553191489361702,0.24210526315789474,0.25263157894736843,0.2947368421052632,9.473684210526315,16.105263157894736,3.6315789473684212,10.578947368421053,2.736842105263158,-6.631578947368421
laliga-2025-2026-01-17-real-madrid-v-levante,2026-01-17,2025,Real Madrid,Levante,2,0,2,1.0,0.0,302.5444197829563,13,6,999,0,1.0,0,999,0,1.0,0,0,0,4.0,0.0,1.0,12.0,4.0,2.4,2.357894736842105,2.168421052631579,0.8526315789473684,2.4,0.8,2.6382978723404253,2.0833333333333335,2.425531914893617,0.723404255319149,1.9166666666666667,0.9791666666666666,0.4631578947368421,0.06315789473684211,0.04210526315789487,19.36842105263158,10.210526315789474,7.2105263157894735,9.947368421052632,2.263157894736842,9.157894736842104,1.0,2.0,2.0,5.0,6.0,1.0,0.7777777777777778,1.1666666666666667,1.6666666666666667,1.0,1.2,0.375,1.1,1.0,2.25,1.3,1.2,0.16666666666666666,0.2777777777777778,0.2222222222222222,10.166666666666666,17.166666666666668,3.4444444444444446,12.222222222222221,2.388888888888889,-7.000000000000002
laliga-2025-2026-01-17-mallorca-v-ath-bilbao,2026-01-17,2025,Mallorca,Ath Bilbao,3,2,2,0.4166666666666667,0.0,618.8154377441957,6,14,999,0,1.0,0,999,0,1.0,0,0,0,1.0,2.0,2.0,6.0,6.0,1.0,1.1157894736842104,0.9368421052631579,1.2210526315789474,1.2,1.2,1.4042553191489362,0.8333333333333334,1.0212765957446808,1.0212765957446808,0.8541666666666666,1.4166666666666667,0.23157894736842105,0.3473684210526316,-0.11578947368421044,10.31578947368421,13.894736842105264,3.8421052631578947,11.68421052631579,2.6315789473684212,-3.578947368421053,1.0,1.0,3.0,3.0,8.0,0.8,1.7052631578947368,1.3894736842105264,0.9578947368421052,0.6,1.6,2.0208333333333335,1.3829787234042554,1.75,0.875,1.0212765957446808,1.0425531914893618,0.4,0.2736842105263158,-0.9052631578947368,13.368421052631579,9.68421052631579,4.157894736842105,13.421052631578947,2.473684210526316,3.6842105263157894
laliga-2025-2026-01-17-osasuna-v-oviedo,2026-01-17,2025,Osasuna,Oviedo,3,2,2,0.75,0.0,348.55036036064524,7,7,999,0,1.0,0,999,0,1.0,0,0,0,2.0,1.0,2.0,6.0,4.0,1.4,1.2210526315789474,1.168421052631579,1.368421052631579,1.2,0.8,1.6170212765957446,0.8333333333333334,1.425531914893617,1.2340425531914894,0.9166666666666666,1.5,0.25263157894736843,0.2736842105263158,0.17894736842105252,10.631578947368421,12.947368421052632,3.473684210526316,12.842105263157896,2.8421052631578947,-2.3157894736842106,0.0,4.0,1.0,2.0,6.0,0.8,0.6842105263157895,0.47368421052631576,1.4736842105263157,0.4,1.2,0.8,0.5555555555555556,0.3,1.1,0.6666666666666666,1.8888888888888888,0.2631578947368421,0.6842105263157895,0.11578947368421055,9.631578947368421,15.526315789473685,2.8947368421052633,12.368421052631579,3.1052631578947367,-5.894736842105264
laliga-2025-2026-01-17-betis-v-villarreal,2026-01-17,2025,Betis,Villarreal,2,0,2,0.6428571428571429,0.0,583.4265952554996,7,7,999,0,1.0,0,999,0,1.0,0,0,0,1.0,2.0,2.0,9.0,11.0,1.0,1.5368421052631578,1.431578947368421,1.263157894736842,1.8,2.2,1.7872340425531914,1.2916666666666667,1.6382978723404256,1.0851063829787233,1.2291666666666667,1.4375,0.2736842105263158,0.15789473684210525,-0.5368421052631578,14.894736842105264,12.68421052631579,5.052631578947368,10.263157894736842,2.0526315789473686,2.2105263157894743,4.0,0.0,1.0,11.0,6.0,2.4,1.7446808510638299,1.8404255319148937,1.4148936170212767,2.2,1.2,1.7708333333333333,1.7173913043478262,2.125,1.375,1.5434782608695652,1.4565217391304348,0.2127659574468085,0.1276595744680851,0.65531914893617,13.11111111111111,12.944444444444445,4.944444444444445,12.222222222222221,2.5,0.16666666666666607
laliga-2025-2026-01-18-getafe-v-valencia,2026-01-18,2025,Getafe,Valencia,0,1,0,0.25,0.0,299.5255146224806,9,8,999,0,1.0,0,999,0,1.0,0,0,0,0.0,1.0,4.0,2.0,10.0,0.2,1.1157894736842104,0.9578947368421052,1.2421052631578948,0.4,2.0,1.2553191489361701,0.9791666666666666,0.9148936170212766,1.0425531914893618,1.0,1.4375,0.24210526315789474,0.4105263157894737,-0.9157894736842105,9.578947368421053,10.789473684210526,2.6842105263157894,14.894736842105264,2.9473684210526314,-1.2105263157894726,0.0,3.0,2.0,5.0,9.0,0.6,1.1789473684210525,1.0736842105263158,1.368421052631579,1.0,1.8,1.5625,0.7872340425531915,1.2083333333333333,0.8958333333333334,0.9361702127659575,1.851063829787234,0.2631578947368421,0.29473684210526313,-0.5789473684210525,11.68421052631579,11.947368421052632,3.0,11.894736842105264,2.0,-0.2631578947368425
laliga-2025-2026-01-18-ath-madrid-v-alaves,2026-01-18,2025,Ath Madrid,Alaves,1,0,2,0.6666666666666666,0.0,278.7572782834927,14,8,999,0,1.0,0,999,0,1.0,0,0,0,2.0,1.0,2.0,7.0,6.0,1.4,2.0,1.8105263157894738,0.9473684210526315,1.4,1.2,2.5531914893617023,1.4583333333333333,2.25531914893617,0.9361702127659575,1.375,0.9583333333333334,0.3894736842105263,0.15789473684210525,-0.6000000000000001,12.842105263157896,10.842105263157896,5.473684210526316,11.473684210526315,2.0526315789473686,2.0,1.0,1.0,3.0,4.0,9.0,0.8,1.1263157894736842,0.9473684210526315,1.2421052631578948,0.8,1.8,1.4583333333333333,0.7872340425531915,1.0208333333333333,0.9583333333333334,0.8723404255319149,1.5319148936170213,0.24210526315789474,0.3684210526315789,-0.3263157894736841,11.421052631578947,11.842105263157896,3.5789473684210527,15.421052631578947,2.6315789473684212,-0.4210526315789487
laliga-2025-2026-01-18-celta-v-rayo-vallecano,2026-01-18,2025,Celta,Rayo Vallecano,3,0,2,0.4166666666666667,0.0,470.2333928897136,6,7,999,0,1.0,0,999,0,1.0,0,0,0,4.0,1.0,0.0,9.0,1.0,2.6,1.3157894736842106,1.368421052631579,1.4105263157894736,1.8,0.2,1.4791666666666667,1.148936170212766,1.375,1.1875,1.3617021276595744,1.6382978723404256,0.2,0.21052631578947367,1.2842105263157895,10.31578947368421,12.421052631578947,3.9473684210526314,11.894736842105264,2.0526315789473686,-2.1052631578947363,1.0,2.0,2.0,3.0,7.0,1.0,1.1789473684210525,0.9052631578947369,1.2105263157894737,0.6,1.4,1.2340425531914894,1.125,1.0425531914893618,1.2340425531914894,0.7708333333333334,1.1875,0.30526315789473685,0.3894736842105263,-0.17894736842105252,13.526315789473685,11.947368421052632,4.473684210526316,13.631578947368421,3.0,1.578947368421053
laliga-2025-2026-01-18-real-sociedad-v-barcelona,2026-01-18,2025,Real Sociedad,Barcelona,2,1,2,0.3333333333333333,0.0,398.26320929668896,9,15,999,0,1.0,0,999,0,1.0,0,0,0,1.0,2.0,2.0,5.0,6.0,1.0,1.3368421052631578,1.1578947368421053,1.1789473684210525,1.0,1.2,1.446808510638298,1.2291666666666667,1.2553191489361701,1.148936170212766,1.0625,1.2083333333333333,0.30526315789473685,0.3368421052631579,-0.33684210526315783,13.789473684210526,11.947368421052632,4.947368421052632,15.421052631578947,2.210526315789474,1.8421052631578938,5.0,0.0,0.0,14.0,4.0,3.0,2.336842105263158,2.463157894736842,1.0842105263157895,2.8,0.8,2.4680851063829787,2.2083333333333335,2.617021276595745,0.9787234042553191,2.3125,1.1875,0.3894736842105263,0.042105263157894736,0.663157894736842,19.63157894736842,9.526315789473685,7.473684210526316,9.473684210526315,1.6842105263157894,10.105263157894736
laliga-2025-2026-01-19-elche-v-sevilla,2026-01-19,2025,Elche,Sevilla,2,2,1,0.5,0.0,473.39284905662055,9,7,999,0,1.0,0,999,0,1.0,0,0,0,2.0,1.0,2.0,10.0,7.0,1.4,1.2105263157894737,1.3157894736842106,1.263157894736842,2.0,1.4,1.9,0.4444444444444444,1.7,0.8,0.8888888888888888,1.7777777777777777,0.2631578947368421,0.15789473684210525,0.18947368421052624,11.263157894736842,13.210526315789474,3.736842105263158,12.894736842105264,2.0526315789473686,-1.9473684210526319,1.0,1.0,3.0,5.0,7.0,0.8,1.0736842105263158,1.2,1.4631578947368422,1.0,1.4,1.1875,0.9574468085106383,1.2083333333333333,1.375,1.1914893617021276,1.553191489361702,0.23157894736842105,0.25263157894736843,-0.27368421052631575,11.0,10.789473684210526,3.6315789473684212,15.368421052631579,3.473684210526316,0.21052631578947434
laliga-2025-2026-01-23-levante-v-elche,2026-01-23,2025,Levante,Elche,3,2,2,0.5,0.0,136.98506564717985,6,4,999,0,1.0,0,999,0,1.0,0,0,0,1.0,2.0,2.0,5.0,6.0,1.0,0.7368421052631579,1.105263157894737,1.6842105263157894,1.0,1.2,0.375,1.0,1.0,2.25,1.1818181818181819,1.2727272727272727,0.15789473684210525,0.3157894736842105,0.26315789473684215,10.157894736842104,17.63157894736842,3.263157894736842,12.31578947368421,2.3157894736842106,-7.473684210526317,1.0,2.0,2.0,9.0,9.0,1.0,1.2,1.35,1.3,1.8,1.8,1.8181818181818181,0.4444444444444444,1.7272727272727273,0.9090909090909091,0.8888888888888888,1.7777777777777777,0.25,0.15,-0.19999999999999996,11.2,13.8,3.8,12.8,2.1,-2.6000000000000014
laliga-2025-2026-01-24-rayo-vallecano-v-osasuna,2026-01-24,2025,Rayo Vallecano,Osasuna,1,3,0,0.42857142857142855,0.0,315.9199232680751,6,7,999,0,1.0,0,999,0,1.0,0,0,0,1.0,2.0,2.0,3.0,9.0,1.0,1.1666666666666667,0.8958333333333334,1.2291666666666667,0.6,1.8,1.2340425531914894,1.1020408163265305,1.0425531914893618,1.2340425531914894,0.7551020408163265,1.2244897959183674,0.3020833333333333,0.3958333333333333,-0.16666666666666674,13.55,11.9,4.4,13.65,3.1,1.6500000000000004,2.0,1.0,2.0,7.0,6.0,1.4,1.2395833333333333,1.1875,1.375,1.4,1.2,1.6458333333333333,0.8333333333333334,1.4583333333333333,1.25,0.9166666666666666,1.5,0.25,0.2708333333333333,0.16041666666666665,10.9,12.95,3.55,12.9,2.85,-2.049999999999999
laliga-2025-2026-01-24-valencia-v-espanyol,2026-01-24,2025,Valencia,Espanyol,3,2,2,0.625,0.0,293.83949171694553,6,8,999,0,1.0,0,999,0,1.0,0,0,0,1.0,2.0,2.0,5.0,8.0,1.0,1.1979166666666667,1.0729166666666667,1.3541666666666667,1.0,1.6,1.5625,0.8333333333333334,1.2083333333333333,0.8958333333333334,0.9375,1.8125,0.2708333333333333,0.2916666666666667,-0.19791666666666674,11.45,12.05,2.9,12.2,2.15,-0.6000000000000014,2.0,1.0,2.0,4.0,6.0,1.4,1.3103448275862069,1.0862068965517242,1.2586206896551724,0.8,1.2,1.6333333333333333,0.9642857142857143,1.2,1.1333333333333333,0.9642857142857143,1.3928571428571428,0.25862068965517243,0.27586206896551724,0.08965517241379306,13.1,12.7,4.4,13.35,2.2,0.40000000000000036
laliga-2025-2026-01-24-sevilla-v-ath-bilbao,2026-01-24,2025,Sevilla,Ath Bilbao,2,1,2,0.35714285714285715,0.0,702.0918503555403,5,7,999,0,1.0,0,999,0,1.0,0,0,0,1.0,1.0,3.0,6.0,8.0,0.8,1.0729166666666667,1.2083333333333333,1.46875,1.2,1.6,1.1875,0.9583333333333334,1.2083333333333333,1.375,1.2083333333333333,1.5625,0.22916666666666666,0.25,-0.2729166666666667,11.7,10.75,3.85,15.2,3.35,0.9499999999999993,1.0,1.0,3.0,5.0,8.0,0.8,1.6875,1.3958333333333333,0.9791666666666666,1.0,1.6,2.0208333333333335,1.3541666666666667,1.75,0.875,1.0416666666666667,1.0833333333333333,0.3958333333333333,0.2708333333333333,-0.8875,13.75,10.1,4.5,13.25,2.8,3.6500000000000004
laliga-2025-2026-01-24-villarreal-v-real-madrid,2026-01-24,2025,Villarreal,Real Madrid,0,2,0,0.08333333333333333,0.0,309.67389331564664,7,7,999,0,1.0,0,999,0,1.0,0,0,0,3.0,0.0,2.0,8.0,6.0,1.8,1.7263157894736842,1.8210526315789475,1.4210526315789473,1.6,1.2,1.7708333333333333,1.6808510638297873,2.125,1.375,1.5106382978723405,1.4680851063829787,0.21052631578947367,0.1368421052631579,0.0736842105263158,12.894736842105264,13.052631578947368,4.842105263157895,12.263157894736842,2.5789473684210527,-0.15789473684210442,4.0,0.0,1.0,11.0,4.0,2.4,2.3645833333333335,2.1666666666666665,0.84375,2.2,0.8,2.6458333333333335,2.0833333333333335,2.4166666666666665,0.7083333333333334,1.9166666666666667,0.9791666666666666,0.46875,0.0625,0.03541666666666643,19.7,10.2,7.4,10.05,2.25,9.5
laliga-2025-2026-01-25-ath-madrid-v-mallorca,2026-01-25,2025,Ath Madrid,Mallorca,3,0,2,0.9166666666666666,0.0,538.6573715639815,7,8,999,0,1.0,0,999,0,1.0,0,0,0,3.0,1.0,1.0,7.0,3.0,2.0,2.0104166666666665,1.8020833333333333,0.9375,1.4,0.6,2.5625,1.4583333333333333,2.2291666666666665,0.9166666666666666,1.375,0.9583333333333334,0.3958333333333333,0.15625,-0.010416666666666519,13.35,10.7,5.5,11.55,2.0,2.6500000000000004,2.0,1.0,2.0,9.0,8.0,1.4,1.1354166666666667,0.9583333333333334,1.2291666666666667,1.8,1.6,1.4375,0.8333333333333334,1.0625,1.0416666666666667,0.8541666666666666,1.4166666666666667,0.22916666666666666,0.34375,0.26458333333333317,10.7,14.25,4.1,11.6,2.55,-3.5500000000000007
laliga-2025-2026-01-25-barcelona-v-oviedo,2026-01-25,2025,Barcelona,Oviedo,3,0,2,1.0,0.0,691.1213606060528,7,8,999,0,1.0,0,999,0,1.0,0,0,0,4.0,0.0,1.0,12.0,5.0,2.4,2.3125,2.4479166666666665,1.09375,2.4,1.0,2.4680851063829787,2.163265306122449,2.617021276595745,0.9787234042553191,2.2857142857142856,1.2040816326530612,0.3854166666666667,0.041666666666666664,0.08749999999999991,19.9,9.45,7.55,9.4,1.75,10.45,0.0,3.0,2.0,4.0,9.0,0.6,0.65,0.55,1.55,0.8,1.8,0.8,0.5,0.3,1.1,0.8,2.0,0.25,0.65,-0.050000000000000044,9.8,15.55,3.0,12.5,3.15,-5.75
laliga-2025-2026-01-25-real-sociedad-v-celta,2026-01-25,2025,Real Sociedad,Celta,3,1,2,0.5,0.0,565.3485968116221,7,7,999,0,1.0,0,999,0,1.0,0,0,0,2.0,2.0,1.0,7.0,6.0,1.6,1.3541666666666667,1.1666666666666667,1.1770833333333333,1.4,1.2,1.4791666666666667,1.2291666666666667,1.2708333333333333,1.1458333333333333,1.0625,1.2083333333333333,0.3020833333333333,0.3333333333333333,0.24583333333333335,13.5,12.6,5.0,15.3,2.35,0.9000000000000004,4.0,1.0,0.0,10.0,1.0,2.6,1.3333333333333333,1.3854166666666667,1.3958333333333333,2.0,0.2,1.510204081632653,1.148936170212766,1.4081632653061225,1.163265306122449,1.3617021276595744,1.6382978723404256,0.20833333333333334,0.20833333333333334,1.2666666666666668,10.35,12.5,4.1,11.65,2.15,-2.1500000000000004
laliga-2025-2026-01-25-alaves-v-betis,2026-01-25,2025,Alaves,Betis,2,1,2,0.5833333333333334,0.0,668.854131899639,7,8,999,0,1.0,0,999,0,1.0,0,0,0,0.0,1.0,4.0,3.0,10.0,0.2,1.1145833333333333,0.9375,1.2395833333333333,0.6,2.0,1.4583333333333333,0.7708333333333334,1.0208333333333333,0.9583333333333334,0.8541666666666666,1.5208333333333333,0.23958333333333334,0.375,-0.9145833333333333,11.25,12.4,3.4,14.9,2.55,-1.1500000000000004,2.0,2.0,1.0,8.0,6.0,1.6,1.5520833333333333,1.4375,1.25,1.6,1.2,1.8125,1.2916666666666667,1.6458333333333333,1.0625,1.2291666666666667,1.4375,0.28125,0.15625,0.04791666666666683,14.9,12.5,5.1,10.45,2.1,2.4000000000000004
laliga-2025-2026-01-26-girona-v-getafe,2026-01-26,2025,Girona,Getafe,1,1,1,0.4166666666666667,0.0,577.8817083166299,10,8,999,0,1.0,0,999,0,1.0,0,0,0,4.0,0.0,1.0,7.0,5.0,2.4,1.5208333333333333,1.5520833333333333,1.4583333333333333,1.4,1.0,1.7291666666666667,1.3125,1.8541666666666667,1.3958333333333333,1.25,1.5208333333333333,0.25,0.25,0.8791666666666667,9.35,16.0,3.65,10.9,2.85,-6.65,0.0,1.0,4.0,2.0,9.0,0.2,1.1041666666666667,0.9479166666666666,1.2395833333333333,0.4,1.8,1.2291666666666667,0.9791666666666666,0.8958333333333334,1.0416666666666667,1.0,1.4375,0.23958333333333334,0.4166666666666667,-0.9041666666666668,9.8,10.6,2.7,14.55,2.9,-0.7999999999999989
laliga-2025-2026-01-30-espanyol-v-alaves,2026-01-30,2025,Espanyol,Alaves,1,2,0,0.5,0.0,425.8463908501317,6,5,999,0,1.0,0,999,0,1.0,0,0,0,1.0,1.0,3.0,5.0,9.0,0.8,1.2881355932203389,1.1016949152542372,1.2881355932203389,1.0,1.8,1.6333333333333333,0.9310344827586207,1.2,1.1333333333333333,1.0,1.4482758620689655,0.2542372881355932,0.2711864406779661,-0.48813559322033884,13.238095238095237,12.571428571428571,4.476190476190476,13.19047619047619,2.3333333333333335,0.6666666666666661,1.0,1.0,3.0,4.0,9.0,0.8,1.134020618556701,0.9484536082474226,1.2371134020618557,0.8,1.8,1.489795918367347,0.7708333333333334,1.0408163265306123,0.9591836734693877,0.8541666666666666,1.5208333333333333,0.23711340206185566,0.3711340206185567,-0.33402061855670095,11.523809523809524,12.666666666666666,3.6666666666666665,15.0,2.4761904761904763,-1.1428571428571423
laliga-2025-2026-01-31-oviedo-v-girona,2026-01-31,2025,Oviedo,Girona,1,0,2,0.75,0.0,725.9039848526533,6,5,999,0,1.0,0,999,0,1.0,0,0,0,0.0,3.0,2.0,4.0,8.0,0.6,0.6190476190476191,0.5238095238095238,1.619047619047619,0.8,1.6,0.8,0.45454545454545453,0.3,1.1,0.7272727272727273,2.090909090909091,0.23809523809523808,0.6666666666666666,-0.01904761904761909,9.904761904761905,15.523809523809524,3.0,12.904761904761905,3.0952380952380953,-5.619047619047619,3.0,1.0,1.0,6.0,5.0,2.0,1.5154639175257731,1.5463917525773196,1.4536082474226804,1.2,1.0,1.7142857142857142,1.3125,1.836734693877551,1.3877551020408163,1.25,1.5208333333333333,0.24742268041237114,0.24742268041237114,0.48453608247422686,9.476190476190476,15.619047619047619,3.6666666666666665,11.0,2.9523809523809526,-6.142857142857142
laliga-2025-2026-01-31-osasuna-v-villarreal,2026-01-31,2025,Osasuna,Villarreal,2,2,1,0.25,0.0,342.07411911647984,7,7,999,0,1.0,0,999,0,1.0,0,0,0,3.0,1.0,1.0,10.0,5.0,2.0,1.2577319587628866,1.2061855670103092,1.3711340206185567,2.0,1.0,1.6458333333333333,0.8775510204081632,1.4583333333333333,1.25,0.9591836734693877,1.489795918367347,0.24742268041237114,0.26804123711340205,0.7422680412371134,11.047619047619047,12.857142857142858,3.619047619047619,13.0,2.8095238095238093,-1.8095238095238102,2.0,0.0,3.0,6.0,8.0,1.2,1.7083333333333333,1.8020833333333333,1.4270833333333333,1.2,1.6,1.7346938775510203,1.6808510638297873,2.0816326530612246,1.3877551020408163,1.5106382978723405,1.4680851063829787,0.20833333333333334,0.14583333333333334,-0.5083333333333333,12.65,13.1,4.65,12.6,2.6,-0.4499999999999993
laliga-2025-2026-01-31-levante-v-ath-madrid,2026-01-31,2025,Levante,Ath Madrid,0,0,1,0.25,0.0,294.86048250440695,8,6,999,0,1.0,0,999,0,1.0,0,0,0,2.0,2.0,1.0,8.0,6.0,1.6,0.85,1.2,1.7,1.6,1.2,0.6666666666666666,1.0,1.2222222222222223,2.2222222222222223,1.1818181818181819,1.2727272727272727,0.15,0.3,0.7500000000000001,10.95,17.05,3.4,12.35,2.3,-6.100000000000001,4.0,1.0,0.0,10.0,2.0,2.6,2.020618556701031,1.8144329896907216,0.9278350515463918,2.0,0.4,2.5714285714285716,1.4583333333333333,2.2448979591836733,0.8979591836734694,1.375,0.9583333333333334,0.4020618556701031,0.15463917525773196,0.5793814432989692,13.523809523809524,10.476190476190476,5.619047619047619,11.476190476190476,2.0,3.0476190476190474
laliga-2025-2026-01-31-elche-v-barcelona,2026-01-31,2025,Elche,Barcelona,1,3,0,0.0,0.0,422.1227062904817,8,6,999,0,1.0,0,999,0,1.0,0,0,0,1.0,2.0,2.0,10.0,9.0,1.0,1.1428571428571428,1.380952380952381,1.380952380952381,2.0,1.8,1.8181818181818181,0.4,1.7272727272727273,0.9090909090909091,1.0,1.9,0.23809523809523808,0.14285714285714285,-0.1428571428571428,10.952380952380953,14.380952380952381,3.761904761904762,12.80952380952381,2.142857142857143,-3.428571428571429,4.0,0.0,1.0,10.0,2.0,2.4,2.3195876288659796,2.4536082474226806,1.0824742268041236,2.0,0.4,2.4791666666666665,2.163265306122449,2.625,0.9583333333333334,2.2857142857142856,1.2040816326530612,0.3917525773195876,0.041237113402061855,0.08041237113402033,19.666666666666668,9.571428571428571,7.523809523809524,9.333333333333334,1.7142857142857142,10.095238095238097
laliga-2025-2026-02-01-real-madrid-v-rayo-vallecano,2026-02-01,2025,Real Madrid,Rayo Vallecano,2,1,2,0.7142857142857143,0.0,7.346952001326216,8,8,999,0,1.0,0,999,0,1.0,0,0,0,5.0,0.0,0.0,13.0,2.0,3.0,2.3711340206185567,2.1649484536082473,0.8350515463917526,2.6,0.4,2.6458333333333335,2.1020408163265305,2.4166666666666665,0.7083333333333334,1.9183673469387754,0.9591836734693877,0.4742268041237113,0.061855670103092786,0.6288659793814433,19.428571428571427,10.095238095238095,7.238095238095238,10.047619047619047,2.1904761904761907,9.333333333333332,1.0,1.0,3.0,4.0,12.0,0.8,1.1546391752577319,0.8969072164948454,1.2474226804123711,0.8,2.4,1.2083333333333333,1.1020408163265305,1.0416666666666667,1.2708333333333333,0.7551020408163265,1.2244897959183674,0.29896907216494845,0.3917525773195876,-0.3546391752577318,13.428571428571429,12.0,4.380952380952381,13.571428571428571,3.0476190476190474,1.4285714285714288
laliga-2025-2026-02-01-betis-v-valencia,2026-02-01,2025,Betis,Valencia,2,1,2,0.7142857142857143,0.0,539.9261066392522,7,8,999,0,1.0,0,999,0,1.0,0,0,0,2.0,1.0,2.0,9.0,8.0,1.4,1.5360824742268042,1.4329896907216495,1.2577319587628866,1.8,1.6,1.8125,1.2653061224489797,1.6458333333333333,1.0625,1.2244897959183674,1.4489795918367347,0.27835051546391754,0.15463917525773196,-0.1360824742268043,15.047619047619047,12.714285714285714,5.0476190476190474,10.476190476190476,2.0476190476190474,2.333333333333334,2.0,2.0,1.0,7.0,8.0,1.6,1.2164948453608246,1.092783505154639,1.3608247422680413,1.4,1.6,1.5918367346938775,0.8333333333333334,1.2448979591836735,0.9183673469387755,0.9375,1.8125,0.26804123711340205,0.28865979381443296,0.38350515463917545,11.380952380952381,12.238095238095237,3.0,12.238095238095237,2.0952380952380953,-0.8571428571428559
laliga-2025-2026-02-01-getafe-v-celta,2026-02-01,2025,Getafe,Celta,0,0,1,0.5,0.0,470.3353974285424,6,7,999,0,1.0,0,999,0,1.0,0,0,0,0.0,2.0,3.0,3.0,9.0,0.4,1.1030927835051547,0.9484536082474226,1.2371134020618557,0.6,1.8,1.2291666666666667,0.9795918367346939,0.8958333333333334,1.0416666666666667,1.0,1.4285714285714286,0.23711340206185566,0.41237113402061853,-0.7030927835051547,9.714285714285714,10.666666666666666,2.6666666666666665,14.571428571428571,2.9047619047619047,-0.9523809523809526,3.0,1.0,1.0,9.0,4.0,2.0,1.3195876288659794,1.3814432989690721,1.4123711340206186,1.8,0.8,1.510204081632653,1.125,1.4081632653061225,1.163265306122449,1.3541666666666667,1.6666666666666667,0.20618556701030927,0.20618556701030927,0.6804123711340206,10.666666666666666,12.380952380952381,4.095238095238095,11.714285714285714,2.0952380952380953,-1.7142857142857153
laliga-2025-2026-02-01-ath-bilbao-v-real-sociedad,2026-02-01,2025,Ath Bilbao,Real Sociedad,1,1,1,0.5,0.0,79.03093796419422,8,7,999,0,1.0,0,999,0,1.0,0,0,0,0.0,1.0,4.0,5.0,10.0,0.2,1.6701030927835052,1.3917525773195876,0.9896907216494846,1.0,2.0,2.0208333333333335,1.3265306122448979,1.75,0.875,1.0408163265306123,1.1020408163265305,0.3917525773195876,0.26804123711340205,-1.4701030927835053,13.80952380952381,10.095238095238095,4.428571428571429,13.19047619047619,2.7142857142857144,3.7142857142857153,3.0,2.0,0.0,9.0,5.0,2.2,1.3711340206185567,1.1855670103092784,1.175257731958763,1.8,1.0,1.510204081632653,1.2291666666666667,1.3061224489795917,1.1428571428571428,1.0625,1.2083333333333333,0.29896907216494845,0.32989690721649484,0.8288659793814435,13.333333333333334,12.80952380952381,4.9523809523809526,14.904761904761905,2.380952380952381,0.5238095238095237
laliga-2025-2026-02-02-mallorca-v-sevilla,2026-02-02,2025,Mallorca,Sevilla,4,1,2,0.6666666666666666,0.0,787.3887957067963,8,9,999,0,1.0,0,999,0,1.0,0,0,0,1.0,1.0,3.0,6.0,10.0,0.8,1.1237113402061856,0.9484536082474226,1.2474226804123711,1.2,2.0,1.4375,0.8163265306122449,1.0625,1.0416666666666667,0.8367346938775511,1.4489795918367347,0.2268041237113402,0.35051546391752575,-0.3237113402061855,10.476190476190476,14.380952380952381,3.9523809523809526,11.380952380952381,2.4761904761904763,-3.904761904761905,1.0,1.0,3.0,4.0,9.0,0.8,1.092783505154639,1.2164948453608246,1.4639175257731958,0.8,1.8,1.2244897959183674,0.9583333333333334,1.2244897959183674,1.3673469387755102,1.2083333333333333,1.5625,0.2268041237113402,0.24742268041237114,-0.292783505154639,11.619047619047619,10.952380952380953,4.0,15.238095238095237,3.2857142857142856,0.6666666666666661
laliga-2025-2026-02-06-celta-v-osasuna,2026-02-06,2025,Celta,Osasuna,1,2,0,0.42857142857142855,0.0,585.7167771181677,5,6,999,0,1.0,0,999,0,1.0,0,0,0,3.0,1.0,1.0,9.0,4.0,2.0,1.316326530612245,1.3673469387755102,1.3979591836734695,1.8,0.8,1.510204081632653,1.1224489795918366,1.4081632653061225,1.163265306122449,1.3265306122448979,1.6326530612244898,0.21428571428571427,0.21428571428571427,0.6836734693877551,10.409090909090908,12.227272727272727,3.9545454545454546,11.818181818181818,2.090909090909091,-1.8181818181818183,2.0,2.0,1.0,9.0,7.0,1.6,1.2551020408163265,1.2142857142857142,1.3775510204081634,1.8,1.4,1.6326530612244898,0.8775510204081632,1.469387755102041,1.2653061224489797,0.9591836734693877,1.489795918367347,0.24489795918367346,0.2653061224489796,0.3448979591836736,11.227272727272727,12.5,3.6818181818181817,13.090909090909092,2.772727272727273,-1.2727272727272734
laliga-2025-2026-02-07-barcelona-v-mallorca,2026-02-07,2025,Barcelona,Mallorca,3,0,2,0.9166666666666666,0.0,204.36438304288018,7,5,999,0,1.0,0,999,0,1.0,0,0,0,4.0,0.0,1.0,11.0,3.0,2.4,2.326530612244898,2.4591836734693877,1.0816326530612246,2.2,0.6,2.4791666666666665,2.18,2.625,0.9583333333333334,2.3,1.2,0.3877551020408163,0.04081632653061224,0.07346938775510203,20.136363636363637,9.545454545454545,7.545454545454546,9.318181818181818,1.6818181818181819,10.590909090909092,2.0,0.0,3.0,9.0,10.0,1.2,1.1428571428571428,0.9795918367346939,1.2448979591836735,1.8,2.0,1.469387755102041,0.8163265306122449,1.1224489795918366,1.0408163265306123,0.8367346938775511,1.4489795918367347,0.22448979591836735,0.3469387755102041,0.05714285714285716,10.5,14.409090909090908,4.090909090909091,11.590909090909092,2.409090909090909,-3.9090909090909083
laliga-2025-2026-02-07-real-sociedad-v-elche,2026-02-07,2025,Real Sociedad,Elche,3,1,2,0.8333333333333334,0.0,569.7316088865549,6,7,999,0,1.0,0,999,0,1.0,0,0,0,3.0,2.0,0.0,9.0,5.0,2.2,1.3673469387755102,1.183673469387755,1.1734693877551021,1.8,1.0,1.510204081632653,1.2244897959183674,1.3061224489795917,1.1428571428571428,1.0612244897959184,1.2040816326530612,0.29591836734693877,0.32653061224489793,0.83265306122449,13.136363636363637,13.090909090909092,5.0,14.863636363636363,2.4545454545454546,0.04545454545454497,0.0,2.0,3.0,7.0,12.0,0.4,1.0909090909090908,1.3636363636363635,1.4545454545454546,1.4,2.4,1.6666666666666667,0.4,1.6666666666666667,1.0833333333333333,1.0,1.9,0.22727272727272727,0.13636363636363635,-0.6909090909090908,10.863636363636363,15.090909090909092,3.727272727272727,12.909090909090908,2.1363636363636362,-4.227272727272728
laliga-2025-2026-02-08-alaves-v-getafe,2026-02-08,2025,Alaves,Getafe,0,2,0,0.35714285714285715,0.0,295.24865506627265,9,7,999,0,1.0,0,999,0,1.0,0,0,0,2.0,1.0,2.0,6.0,7.0,1.4,1.153061224489796,0.9591836734693877,1.2346938775510203,1.2,1.4,1.489795918367347,0.8163265306122449,1.0408163265306123,0.9591836734693877,0.8775510204081632,1.510204081632653,0.23469387755102042,0.3673469387755102,0.24693877551020393,11.5,12.545454545454545,3.8181818181818183,15.0,2.409090909090909,-1.045454545454545,0.0,3.0,2.0,3.0,5.0,0.6,1.1020408163265305,0.9387755102040817,1.2244897959183674,0.6,1.0,1.2244897959183674,0.9795918367346939,0.8775510204081632,1.0204081632653061,1.0,1.4285714285714286,0.24489795918367346,0.41836734693877553,-0.5020408163265305,9.681818181818182,10.409090909090908,2.6363636363636362,14.636363636363637,2.8181818181818183,-0.7272727272727266
laliga-2025-2026-02-08-ath-bilbao-v-levante,2026-02-08,2025,Ath Bilbao,Levante,4,2,2,1.0,0.0,472.84856035847474,7,8,999,0,1.0,0,999,0,1.0,0,0,0,0.0,2.0,3.0,6.0,9.0,0.4,1.663265306122449,1.3877551020408163,0.9897959183673469,1.2,1.8,2.0,1.3265306122448979,1.7346938775510203,0.8775510204081632,1.0408163265306123,1.1020408163265305,0.3877551020408163,0.2653061224489796,-1.2632653061224488,14.045454545454545,10.045454545454545,4.409090909090909,13.227272727272727,2.772727272727273,4.0,2.0,2.0,1.0,7.0,5.0,1.6,0.8571428571428571,1.1428571428571428,1.619047619047619,1.4,1.0,0.7,1.0,1.1,2.0,1.1818181818181819,1.2727272727272727,0.19047619047619047,0.3333333333333333,0.742857142857143,10.904761904761905,16.714285714285715,3.3333333333333335,12.285714285714286,2.2857142857142856,-5.80952380952381
laliga-2025-2026-02-08-sevilla-v-girona,2026-02-08,2025,Sevilla,Girona,1,1,1,0.4166666666666667,0.0,908.8557335333999,6,8,999,0,1.0,0,999,0,1.0,0,0,0,1.0,1.0,3.0,5.0,11.0,0.8,1.0816326530612246,1.2142857142857142,1.489795918367347,1.0,2.2,1.2244897959183674,0.9387755102040817,1.2244897959183674,1.3673469387755102,1.2040816326530612,1.6122448979591837,0.22448979591836735,0.24489795918367346,-0.28163265306122454,11.772727272727273,10.954545454545455,4.045454545454546,14.909090909090908,3.1818181818181817,0.8181818181818183,3.0,1.0,1.0,6.0,3.0,2.0,1.5,1.530612244897959,1.4489795918367347,1.2,0.6,1.7142857142857142,1.2857142857142858,1.836734693877551,1.3877551020408163,1.2244897959183674,1.510204081632653,0.24489795918367346,0.25510204081632654,0.5,9.454545454545455,15.272727272727273,3.5454545454545454,11.227272727272727,2.8636363636363638,-5.818181818181818
laliga-2025-2026-02-08-ath-madrid-v-betis,2026-02-08,2025,Ath Madrid,Betis,0,1,0,0.5833333333333334,0.0,396.6545503244278,8,7,999,0,1.0,0,999,0,1.0,0,0,0,3.0,2.0,0.0,8.0,1.0,2.2,2.010204081632653,1.7959183673469388,0.9183673469387755,1.6,0.2,2.5714285714285716,1.4489795918367347,2.2448979591836733,0.8979591836734694,1.346938775510204,0.9387755102040817,0.40816326530612246,0.16326530612244897,0.18979591836734722,13.363636363636363,10.454545454545455,5.545454545454546,11.5,1.9545454545454546,2.9090909090909083,2.0,1.0,2.0,7.0,9.0,1.4,1.5510204081632653,1.4387755102040816,1.2551020408163265,1.4,1.8,1.836734693877551,1.2653061224489797,1.653061224489796,1.0612244897959184,1.2244897959183674,1.4489795918367347,0.2755102040816326,0.15306122448979592,-0.15102040816326534,15.0,12.818181818181818,4.909090909090909,10.681818181818182,1.9545454545454546,2.1818181818181817
laliga-2025-2026-02-08-valencia-v-real-madrid,2026-02-08,2025,Valencia,Real Madrid,0,2,0,0.25,0.0,302.5444197829563,7,7,999,0,1.0,0,999,0,1.0,0,0,0,2.0,1.0,2.0,7.0,9.0,1.4,1.2040816326530612,1.0918367346938775,1.3673469387755102,1.4,1.8,1.5918367346938775,0.8163265306122449,1.2448979591836735,0.9183673469387755,0.9387755102040817,1.816326530612245,0.2653061224489796,0.2857142857142857,0.19591836734693868,11.545454545454545,12.318181818181818,3.0454545454545454,12.272727272727273,2.1818181818181817,-0.7727272727272734,5.0,0.0,0.0,13.0,2.0,3.0,2.377551020408163,2.163265306122449,0.8367346938775511,2.6,0.4,2.6530612244897958,2.1020408163265305,2.4081632653061225,0.7142857142857143,1.9183673469387754,0.9591836734693877,0.46938775510204084,0.061224489795918366,0.6224489795918369,19.272727272727273,10.136363636363637,7.181818181818182,9.863636363636363,2.1818181818181817,9.136363636363637
laliga-2025-2026-02-09-villarreal-v-espanyol,2026-02-09,2025,Villarreal,Espanyol,4,1,2,1.0,0.0,241.03429357682708,9,10,999,0,1.0,0,999,0,1.0,0,0,0,2.0,1.0,2.0,8.0,8.0,1.4,1.7010309278350515,1.8041237113402062,1.4329896907216495,1.6,1.6,1.7346938775510203,1.6666666666666667,2.0816326530612246,1.3877551020408163,1.5208333333333333,1.4791666666666667,0.20618556701030927,0.14432989690721648,-0.3010309278350516,12.285714285714286,13.19047619047619,4.619047619047619,12.333333333333334,2.5714285714285716,-0.9047619047619033,0.0,1.0,4.0,4.0,10.0,0.2,1.2666666666666666,1.1,1.3,0.8,2.0,1.5806451612903225,0.9310344827586207,1.1935483870967742,1.1612903225806452,1.0,1.4482758620689655,0.25,0.26666666666666666,-1.0666666666666667,13.090909090909092,12.5,4.409090909090909,13.272727272727273,2.227272727272727,0.5909090909090917
laliga-2025-2026-02-13-elche-v-osasuna,2026-02-13,2025,Elche,Osasuna,0,0,1,0.5,0.0,509.6957235664294,6,7,999,0,1.0,0,999,0,1.0,0,0,0,0.0,2.0,3.0,7.0,12.0,0.4,1.0434782608695652,1.3478260869565217,1.5217391304347827,1.4,2.4,1.6666666666666667,0.36363636363636365,1.6666666666666667,1.0833333333333333,1.0,2.0,0.21739130434782608,0.13043478260869565,-0.6434782608695652,10.869565217391305,14.91304347826087,3.782608695652174,12.695652173913043,2.217391304347826,-4.0434782608695645,3.0,1.0,1.0,10.0,7.0,2.0,1.2727272727272727,1.2222222222222223,1.3737373737373737,2.0,1.4,1.6326530612244898,0.92,1.469387755102041,1.2653061224489797,0.98,1.48,0.24242424242424243,0.26262626262626265,0.7272727272727273,11.08695652173913,12.73913043478261,3.608695652173913,13.130434782608695,2.739130434782609,-1.6521739130434785
laliga-2025-2026-02-14-espanyol-v-celta,2026-02-14,2025,Espanyol,Celta,2,2,1,0.875,0.0,901.3020458671548,5,8,999,0,1.0,0,999,0,1.0,0,0,0,0.0,1.0,4.0,5.0,12.0,0.2,1.2459016393442623,1.098360655737705,1.3442622950819672,1.0,2.4,1.5806451612903225,0.9,1.1935483870967742,1.1612903225806452,1.0,1.5333333333333334,0.2459016393442623,0.26229508196721313,-1.0459016393442624,12.91304347826087,12.391304347826088,4.304347826086956,13.173913043478262,2.260869565217391,0.5217391304347814,2.0,1.0,2.0,6.0,5.0,1.4,1.303030303030303,1.3636363636363635,1.404040404040404,1.2,1.0,1.48,1.1224489795918366,1.4,1.18,1.3265306122448979,1.6326530612244898,0.21212121212121213,0.21212121212121213,0.09696969696969693,10.73913043478261,12.043478260869565,3.9565217391304346,11.695652173913043,2.0869565217391304,-1.3043478260869552
laliga-2025-2026-02-14-getafe-v-villarreal,2026-02-14,2025,Getafe,Villarreal,2,1,2,0.4166666666666667,0.0,309.65151683323484,6,5,999,0,1.0,0,999,0,1.0,0,0,0,1.0,2.0,2.0,4.0,4.0,1.0,1.121212121212121,0.9494949494949495,1.2121212121212122,0.8,0.8,1.2244897959183674,1.02,0.8775510204081632,1.0204081632653061,1.02,1.4,0.25252525252525254,0.41414141414141414,-0.1212121212121211,10.0,10.521739130434783,2.739130434782609,14.869565217391305,2.9130434782608696,-0.5217391304347831,2.0,1.0,2.0,9.0,8.0,1.4,1.7142857142857142,1.8265306122448979,1.4285714285714286,1.8,1.6,1.76,1.6666666666666667,2.12,1.38,1.5208333333333333,1.4791666666666667,0.20408163265306123,0.14285714285714285,-0.3142857142857143,12.181818181818182,13.0,4.545454545454546,12.590909090909092,2.590909090909091,-0.8181818181818183
laliga-2025-2026-02-14-sevilla-v-alaves,2026-02-14,2025,Sevilla,Alaves,1,1,1,0.3333333333333333,0.0,668.854131899639,6,6,999,0,1.0,0,999,0,1.0,0,0,0,1.0,2.0,2.0,6.0,9.0,1.0,1.0808080808080809,1.2121212121212122,1.4848484848484849,1.2,1.8,1.22,0.9387755102040817,1.22,1.36,1.2040816326530612,1.6122448979591837,0.2222222222222222,0.24242424242424243,-0.08080808080808088,11.73913043478261,11.130434782608695,4.0,14.956521739130435,3.1739130434782608,0.608695652173914,2.0,0.0,3.0,5.0,8.0,1.2,1.1414141414141414,0.9494949494949495,1.2424242424242424,1.0,1.6,1.46,0.8163265306122449,1.02,0.98,0.8775510204081632,1.510204081632653,0.23232323232323232,0.37373737373737376,0.05858585858585852,11.565217391304348,12.73913043478261,3.869565217391304,15.217391304347826,2.391304347826087,-1.1739130434782616
laliga-2025-2026-02-14-real-madrid-v-real-sociedad,2026-02-14,2025,Real Madrid,Real Sociedad,4,1,2,1.0,0.0,347.0032930879048,6,7,999,0,1.0,0,999,0,1.0,0,0,0,5.0,0.0,0.0,13.0,2.0,3.0,2.3838383838383836,2.1616161616161618,0.8282828282828283,2.6,0.4,2.6530612244897958,2.12,2.4081632653061225,0.7142857142857143,1.92,0.94,0.47474747474747475,0.06060606060606061,0.6161616161616164,18.91304347826087,10.0,7.130434782608695,10.0,2.130434782608696,8.913043478260871,4.0,1.0,0.0,11.0,5.0,2.6,1.3838383838383839,1.202020202020202,1.1717171717171717,2.2,1.0,1.54,1.2244897959183674,1.34,1.14,1.0612244897959184,1.2040816326530612,0.29292929292929293,0.32323232323232326,1.2161616161616162,13.043478260869565,13.0,4.913043478260869,14.826086956521738,2.347826086956522,0.04347826086956452
laliga-2025-2026-02-15-oviedo-v-ath-bilbao,2026-02-15,2025,Oviedo,Ath Bilbao,1,2,0,0.0,0.0,235.67720649767602,15,7,999,0,1.0,0,999,0,1.0,0,0,0,1.0,2.0,2.0,5.0,8.0,1.0,0.7272727272727273,0.5454545454545454,1.5454545454545454,1.0,1.6,1.0,0.45454545454545453,0.36363636363636365,1.0,0.7272727272727273,2.090909090909091,0.2727272727272727,0.6363636363636364,0.2727272727272727,9.818181818181818,15.227272727272727,3.0454545454545454,12.863636363636363,3.0,-5.409090909090908,1.0,2.0,2.0,9.0,9.0,1.0,1.6767676767676767,1.4141414141414141,1.0,1.8,1.8,2.02,1.3265306122448979,1.78,0.9,1.0408163265306123,1.1020408163265305,0.3838383838383838,0.26262626262626265,-0.6767676767676767,14.391304347826088,9.869565217391305,4.521739130434782,13.391304347826088,2.739130434782609,4.521739130434783
laliga-2025-2026-02-15-rayo-vallecano-v-ath-madrid,2026-02-15,2025,Rayo Vallecano,Ath Madrid,3,0,2,0.25,0.0,7.149352263268357,14,7,999,0,1.0,0,999,0,1.0,0,0,0,1.0,1.0,3.0,5.0,10.0,0.8,1.1428571428571428,0.8979591836734694,1.2551020408163265,1.0,2.0,1.2083333333333333,1.08,1.0416666666666667,1.2708333333333333,0.76,1.24,0.29591836734693877,0.3877551020408163,-0.34285714285714275,13.318181818181818,12.181818181818182,4.363636363636363,13.772727272727273,3.4545454545454546,1.1363636363636367,2.0,2.0,1.0,5.0,2.0,1.6,1.9898989898989898,1.7777777777777777,0.9191919191919192,1.0,0.4,2.52,1.4489795918367347,2.2,0.9,1.346938775510204,0.9387755102040817,0.40404040404040403,0.1717171717171717,-0.38989898989898975,13.217391304347826,10.347826086956522,5.521739130434782,11.521739130434783,2.0,2.8695652173913047
laliga-2025-2026-02-15-levante-v-valencia,2026-02-15,2025,Levante,Valencia,0,2,0,0.0,0.0,0.0,7,7,999,0,1.0,0,999,0,1.0,0,0,0,1.0,2.0,2.0,6.0,9.0,1.0,0.8181818181818182,1.1818181818181819,1.7272727272727273,1.2,1.8,0.7,0.9166666666666666,1.1,2.0,1.25,1.5,0.18181818181818182,0.3181818181818182,0.18181818181818177,10.681818181818182,16.954545454545453,3.3181818181818183,12.181818181818182,2.3181818181818183,-6.272727272727272,2.0,1.0,2.0,6.0,7.0,1.4,1.1919191919191918,1.0808080808080809,1.3737373737373737,1.2,1.4,1.56,0.8163265306122449,1.22,0.94,0.9387755102040817,1.816326530612245,0.26262626262626265,0.29292929292929293,0.2080808080808081,11.347826086956522,12.26086956521739,2.9130434782608696,12.173913043478262,2.130434782608696,-0.9130434782608692
laliga-2025-2026-02-15-mallorca-v-betis,2026-02-15,2025,Mallorca,Betis,1,2,0,0.16666666666666666,0.0,787.3887957067963,8,7,999,0,1.0,0,999,0,1.0,0,0,0,2.0,0.0,3.0,8.0,11.0,1.2,1.1313131313131313,0.9696969696969697,1.2626262626262625,1.6,2.2,1.469387755102041,0.8,1.1224489795918366,1.0408163265306123,0.82,1.48,0.2222222222222222,0.35353535353535354,0.06868686868686869,10.434782608695652,14.826086956521738,4.086956521739131,11.478260869565217,2.3043478260869565,-4.391304347826086,3.0,1.0,1.0,7.0,4.0,2.0,1.5656565656565657,1.4343434343434343,1.2424242424242424,1.4,0.8,1.836734693877551,1.3,1.653061224489796,1.0612244897959184,1.22,1.42,0.2828282828282828,0.15151515151515152,0.43434343434343425,14.695652173913043,12.695652173913043,4.869565217391305,10.347826086956522,1.9130434782608696,2.0
laliga-2025-2026-02-16-girona-v-barcelona,2026-02-16,2025,Girona,Barcelona,2,1,2,0.5,0.0,87.8199411621499,8,9,999,0,1.0,0,999,0,1.0,0,0,0,2.0,2.0,1.0,5.0,3.0,1.6,1.494949494949495,1.5252525252525253,1.4444444444444444,1.0,0.6,1.7142857142857142,1.28,1.836734693877551,1.3877551020408163,1.22,1.5,0.24242424242424243,0.25252525252525254,0.10505050505050506,9.695652173913043,15.08695652173913,3.652173913043478,11.304347826086957,2.869565217391304,-5.391304347826088,4.0,0.0,1.0,12.0,3.0,2.4,2.3333333333333335,2.4646464646464645,1.0707070707070707,2.4,0.6,2.489795918367347,2.18,2.63265306122449,0.9387755102040817,2.3,1.2,0.3939393939393939,0.04040404040404041,0.06666666666666643,20.304347826086957,9.521739130434783,7.521739130434782,9.217391304347826,1.608695652173913,10.782608695652174
laliga-2025-2026-02-18-levante-v-villarreal,2026-02-18,2025,Levante,Villarreal,0,1,0,0.0,0.0,57.10537617130791,3,4,999,0,1.0,0,999,0,1.0,0,0,0,1.0,1.0,3.0,5.0,10.0,0.8,0.782608695652174,1.1304347826086956,1.7391304347826086,1.0,2.0,0.6363636363636364,0.9166666666666666,1.0,2.0,1.25,1.5,0.17391304347826086,0.34782608695652173,0.017391304347826098,10.608695652173912,16.434782608695652,3.217391304347826,12.130434782608695,2.4347826086956523,-5.82608695652174,1.0,1.0,3.0,7.0,9.0,0.8,1.696969696969697,1.8181818181818181,1.4343434343434343,1.4,1.8,1.76,1.6326530612244898,2.12,1.38,1.510204081632653,1.489795918367347,0.20202020202020202,0.1414141414141414,-0.896969696969697,12.0,12.652173913043478,4.434782608695652,12.782608695652174,2.608695652173913,-0.6521739130434785
laliga-2025-2026-02-20-ath-bilbao-v-elche,2026-02-20,2025,Ath Bilbao,Elche,2,1,2,0.6666666666666666,0.0,586.8148237968896,5,7,999,0,1.0,0,999,0,1.0,0,0,0,2.0,1.0,2.0,10.0,9.0,1.4,1.69,1.42,1.0,2.0,1.8,2.02,1.36,1.78,0.9,1.06,1.1,0.38,0.26,-0.29000000000000004,14.333333333333334,9.75,4.5,13.666666666666666,2.75,4.583333333333334,0.0,2.0,3.0,6.0,11.0,0.4,1.0416666666666667,1.2916666666666667,1.4583333333333333,1.2,2.2,1.6153846153846154,0.36363636363636365,1.5384615384615385,1.0,1.0,2.0,0.25,0.16666666666666666,-0.6416666666666667,11.125,14.541666666666666,3.8333333333333335,12.708333333333334,2.2083333333333335,-3.416666666666666
laliga-2025-2026-02-21-real-sociedad-v-oviedo,2026-02-21,2025,Real Sociedad,Oviedo,3,3,1,0.25,0.0,314.2742971082209,7,6,999,0,1.0,0,999,0,1.0,0,0,0,3.0,1.0,1.0,10.0,8.0,2.0,1.37,1.2,1.2,2.0,1.6,1.54,1.2,1.34,1.14,1.06,1.26,0.29,0.32,0.6299999999999999,13.041666666666666,12.916666666666666,4.833333333333333,14.583333333333334,2.2916666666666665,0.125,1.0,1.0,3.0,5.0,9.0,0.8,0.6956521739130435,0.5652173913043478,1.565217391304348,1.0,1.8,0.9166666666666666,0.45454545454545453,0.4166666666666667,1.0833333333333333,0.7272727272727273,2.090909090909091,0.2608695652173913,0.6086956521739131,0.10434782608695659,9.695652173913043,15.130434782608695,2.9565217391304346,12.652173913043478,2.9565217391304346,-5.434782608695652
laliga-2025-2026-02-21-betis-v-rayo-vallecano,2026-02-21,2025,Betis,Rayo Vallecano,1,1,1,0.5,0.0,389.6758738843053,6,6,999,0,1.0,0,999,0,1.0,0,0,0,4.0,0.0,1.0,8.0,4.0,2.4,1.58,1.44,1.24,1.6,0.8,1.836734693877551,1.3333333333333333,1.653061224489796,1.0612244897959184,1.2352941176470589,1.411764705882353,0.28,0.15,0.8199999999999998,14.791666666666666,12.75,5.0,10.333333333333334,1.9583333333333333,2.041666666666666,2.0,0.0,3.0,7.0,9.0,1.2,1.1616161616161615,0.9191919191919192,1.2424242424242424,1.4,1.8,1.2448979591836735,1.08,1.0816326530612246,1.2448979591836735,0.76,1.24,0.30303030303030304,0.3838383838383838,0.03838383838383841,13.304347826086957,12.043478260869565,4.565217391304348,13.608695652173912,3.347826086956522,1.2608695652173925
laliga-2025-2026-02-21-osasuna-v-real-madrid,2026-02-21,2025,Osasuna,Real Madrid,2,1,2,0.25,0.0,311.41801620608675,8,7,999,0,1.0,0,999,0,1.0,0,0,0,3.0,2.0,0.0,10.0,6.0,2.2,1.27,1.21,1.36,2.0,1.2,1.6326530612244898,0.9215686274509803,1.469387755102041,1.2653061224489797,0.9607843137254902,1.4509803921568627,0.25,0.27,0.9300000000000002,10.875,12.916666666666666,3.5416666666666665,13.333333333333334,2.7916666666666665,-2.041666666666666,5.0,0.0,0.0,12.0,2.0,3.0,2.39,2.18,0.83,2.4,0.4,2.66,2.12,2.44,0.72,1.92,0.94,0.47,0.06,0.6099999999999999,18.583333333333332,10.125,7.041666666666667,10.0,2.0833333333333335,8.458333333333332
laliga-2025-2026-02-21-ath-madrid-v-espanyol,2026-02-21,2025,Ath Madrid,Espanyol,4,2,2,0.5,0.0,487.45884892574276,6,7,999,0,1.0,0,999,0,1.0,0,0,0,2.0,1.0,2.0,4.0,4.0,1.4,1.97,1.76,0.94,0.8,0.8,2.52,1.42,2.2,0.9,1.32,0.98,0.4,0.18,-0.5700000000000001,13.041666666666666,10.458333333333334,5.416666666666667,11.583333333333334,2.0416666666666665,2.583333333333332,0.0,1.0,4.0,6.0,13.0,0.2,1.2419354838709677,1.1129032258064515,1.3548387096774193,1.2,2.6,1.5625,0.9,1.21875,1.1875,1.0,1.5333333333333334,0.24193548387096775,0.25806451612903225,-1.0419354838709678,12.75,12.458333333333334,4.25,13.0,2.2083333333333335,0.2916666666666661
laliga-2025-2026-02-22-getafe-v-sevilla,2026-02-22,2025,Getafe,Sevilla,0,1,0,0.4166666666666667,0.0,379.3296978893749,8,8,999,0,1.0,0,999,0,1.0,0,0,0,2.0,2.0,1.0,5.0,3.0,1.6,1.14,0.96,1.21,1.0,0.6,1.26,1.02,0.9,1.02,1.02,1.4,0.25,0.41,0.4600000000000002,9.791666666666666,10.416666666666666,2.7083333333333335,15.125,2.875,-0.625,1.0,3.0,1.0,7.0,9.0,1.2,1.08,1.21,1.48,1.4,1.8,1.2156862745098038,0.9387755102040817,1.2156862745098038,1.3529411764705883,1.2040816326530612,1.6122448979591837,0.22,0.24,0.11999999999999988,11.416666666666666,11.166666666666666,3.9166666666666665,15.0,3.4166666666666665,0.25
laliga-2025-2026-02-22-barcelona-v-levante,2026-02-22,2025,Barcelona,Levante,3,0,2,1.0,0.0,299.8128548684505,6,4,999,0,1.0,0,999,0,1.0,0,0,0,3.0,0.0,2.0,11.0,5.0,1.8,2.31,2.45,1.08,2.2,1.0,2.489795918367347,2.1372549019607843,2.63265306122449,0.9387755102040817,2.2745098039215685,1.2156862745098038,0.39,0.04,-0.51,20.583333333333332,9.666666666666666,7.375,9.083333333333334,1.625,10.916666666666666,1.0,1.0,3.0,5.0,9.0,0.8,0.75,1.0833333333333333,1.7083333333333333,1.0,1.8,0.5833333333333334,0.9166666666666666,0.9166666666666666,1.9166666666666667,1.25,1.5,0.16666666666666666,0.375,0.050000000000000044,10.833333333333334,16.375,3.25,12.166666666666666,2.4583333333333335,-5.541666666666666
laliga-2025-2026-02-22-celta-v-mallorca,2026-02-22,2025,Celta,Mallorca,2,0,2,0.6666666666666666,0.0,998.183816272766,8,7,999,0,1.0,0,999,0,1.0,0,0,0,1.0,2.0,2.0,7.0,7.0,1.0,1.3,1.37,1.41,1.4,1.4,1.48,1.12,1.4,1.18,1.34,1.64,0.21,0.21,-0.30000000000000004,10.875,11.916666666666666,4.0,11.666666666666666,2.0,-1.041666666666666,2.0,0.0,3.0,8.0,11.0,1.2,1.12,0.97,1.27,1.6,2.2,1.44,0.8,1.12,1.06,0.82,1.48,0.22,0.35,0.07999999999999985,10.583333333333334,14.916666666666666,4.041666666666667,11.666666666666666,2.375,-4.333333333333332
laliga-2025-2026-02-22-villarreal-v-valencia,2026-02-22,2025,Villarreal,Valencia,2,1,2,0.6666666666666666,0.0,57.10537617130791,4,7,999,0,1.0,0,999,0,1.0,0,0,0,2.0,1.0,2.0,8.0,7.0,1.4,1.71,1.81,1.42,1.6,1.4,1.76,1.66,2.12,1.38,1.5,1.46,0.21,0.14,-0.31000000000000005,12.125,12.791666666666666,4.5,13.083333333333334,2.6666666666666665,-0.6666666666666661,3.0,0.0,2.0,7.0,6.0,1.8,1.21,1.09,1.36,1.4,1.2,1.56,0.86,1.22,0.94,0.96,1.78,0.27,0.29,0.5900000000000001,11.083333333333334,12.125,2.875,12.083333333333334,2.125,-1.041666666666666
laliga-2025-2026-02-23-alaves-v-girona,2026-02-23,2025,Alaves,Girona,2,2,1,0.3333333333333333,0.0,461.4731302841583,9,7,999,0,1.0,0,999,0,1.0,0,0,0,2.0,1.0,2.0,5.0,6.0,1.4,1.14,0.95,1.24,1.0,1.2,1.46,0.82,1.02,0.98,0.88,1.5,0.23,0.37,0.26,11.583333333333334,12.375,3.75,15.125,2.2916666666666665,-0.7916666666666661,2.0,2.0,1.0,6.0,4.0,1.6,1.51,1.53,1.44,1.2,0.8,1.74,1.28,1.84,1.38,1.22,1.5,0.24,0.25,0.09000000000000008,9.833333333333334,15.583333333333334,3.875,11.25,2.875,-5.75
laliga-2025-2026-02-27-levante-v-alaves,2026-02-27,2025,Levante,Alaves,2,0,2,0.5,0.0,421.45291985193836,5,4,999,0,1.0,0,999,0,1.0,0,0,0,0.0,1.0,4.0,2.0,10.0,0.2,0.72,1.04,1.76,0.4,2.0,0.5833333333333334,0.8461538461538461,0.9166666666666666,1.9166666666666667,1.1538461538461537,1.6153846153846154,0.16,0.4,-0.52,10.6,16.6,3.2,12.08,2.4,-6.000000000000002,2.0,2.0,1.0,7.0,7.0,1.6,1.1386138613861385,0.9603960396039604,1.2475247524752475,1.4,1.4,1.4509803921568627,0.82,1.0392156862745099,1.0,0.88,1.5,0.22772277227722773,0.36633663366336633,0.4613861386138616,11.8,12.28,3.84,15.24,2.28,-0.47999999999999865
laliga-2025-2026-02-28-rayo-vallecano-v-ath-bilbao,2026-02-28,2025,Rayo Vallecano,Ath Bilbao,1,1,1,0.08333333333333333,0.0,324.81569774099466,7,8,999,0,1.0,0,999,0,1.0,0,0,0,1.0,1.0,3.0,6.0,9.0,0.8,1.16,0.92,1.24,1.2,1.8,1.2448979591836735,1.0784313725490196,1.0816326530612246,1.2448979591836735,0.7647058823529411,1.2352941176470589,0.3,0.38,-0.3599999999999999,13.25,12.125,4.5,13.583333333333334,3.3333333333333335,1.125,3.0,1.0,1.0,10.0,7.0,2.0,1.702970297029703,1.4257425742574257,1.0,2.0,1.4,2.0392156862745097,1.36,1.7843137254901962,0.9019607843137255,1.06,1.1,0.37623762376237624,0.25742574257425743,0.29702970297029707,14.48,9.44,4.64,13.84,2.76,5.040000000000001
laliga-2025-2026-02-28-barcelona-v-villarreal,2026-02-28,2025,Barcelona,Villarreal,4,1,2,0.6666666666666666,0.0,246.9573901431134,6,6,999,0,1.0,0,999,0,1.0,0,0,0,4.0,0.0,1.0,13.0,3.0,2.4,2.3168316831683167,2.4554455445544554,1.0693069306930694,2.6,0.6,2.5,2.1372549019607843,2.64,0.92,2.2745098039215685,1.2156862745098038,0.39603960396039606,0.039603960396039604,0.08316831683168324,20.64,9.48,7.44,9.2,1.64,11.16,3.0,1.0,1.0,10.0,6.0,2.0,1.7227722772277227,1.811881188118812,1.4158415841584158,2.0,1.2,1.7843137254901962,1.66,2.1176470588235294,1.3725490196078431,1.5,1.46,0.2079207920792079,0.13861386138613863,0.27722772277227725,12.12,12.6,4.52,12.84,2.64,-0.4800000000000004
laliga-2025-2026-02-28-mallorca-v-real-sociedad,2026-02-28,2025,Mallorca,Real Sociedad,0,1,0,0.3333333333333333,0.0,563.3188606808416,6,7,999,0,1.0,0,999,0,1.0,0,0,0,1.0,0.0,4.0,5.0,11.0,0.6,1.108910891089109,0.9603960396039604,1.2772277227722773,1.0,2.2,1.44,0.7843137254901961,1.12,1.06,0.803921568627451,1.4901960784313726,0.21782178217821782,0.3564356435643564,-0.508910891089109,10.2,15.12,3.88,11.6,2.48,-4.92,2.0,2.0,1.0,11.0,10.0,1.6,1.3663366336633664,1.2178217821782178,1.2178217821782178,2.2,2.0,1.5294117647058822,1.2,1.3725490196078431,1.1764705882352942,1.06,1.26,0.2871287128712871,0.31683168316831684,0.23366336633663365,13.12,12.96,4.96,14.52,2.28,0.15999999999999837
laliga-2025-2026-02-28-oviedo-v-ath-madrid,2026-02-28,2025,Oviedo,Ath Madrid,0,1,0,0.0,0.0,375.06185748264465,7,7,999,0,1.0,0,999,0,1.0,0,0,0,1.0,1.0,3.0,7.0,11.0,0.8,0.7083333333333334,0.6666666666666666,1.625,1.4,2.2,0.9166666666666666,0.5,0.4166666666666667,1.0833333333333333,0.9166666666666666,2.1666666666666665,0.25,0.5833333333333334,0.09166666666666667,9.875,15.125,3.0833333333333335,12.791666666666666,2.875,-5.25,2.0,1.0,2.0,7.0,6.0,1.4,1.9801980198019802,1.7821782178217822,0.9504950495049505,1.4,1.2,2.5294117647058822,1.42,2.235294117647059,0.9215686274509803,1.32,0.98,0.39603960396039606,0.1782178217821782,-0.5801980198019803,13.24,10.36,5.56,11.44,1.96,2.880000000000001
laliga-2025-2026-03-01-elche-v-espanyol,2026-03-01,2025,Elche,Espanyol,2,2,1,0.5,0.0,416.17391274394384,9,8,999,0,1.0,0,999,0,1.0,0,0,0,0.0,1.0,4.0,5.0,11.0,0.2,1.0,1.28,1.48,1.0,2.2,1.6153846153846154,0.3333333333333333,1.5384615384615385,1.0,1.0,2.0,0.24,0.16,-0.8,10.76,14.68,3.76,12.56,2.24,-3.92,0.0,1.0,4.0,8.0,15.0,0.2,1.2222222222222223,1.126984126984127,1.3968253968253967,1.6,3.0,1.5625,0.8709677419354839,1.21875,1.1875,1.032258064516129,1.6129032258064515,0.23809523809523808,0.25396825396825395,-1.0222222222222224,12.56,12.68,4.16,12.88,2.16,-0.11999999999999922
laliga-2025-2026-03-01-valencia-v-osasuna,2026-03-01,2025,Valencia,Osasuna,1,0,2,0.5,0.0,384.19801421511994,7,8,999,0,1.0,0,999,0,1.0,0,0,0,2.0,0.0,3.0,7.0,8.0,1.2,1.198019801980198,1.0891089108910892,1.3663366336633664,1.4,1.6,1.56,0.8431372549019608,1.22,0.94,0.9607843137254902,1.7843137254901962,0.26732673267326734,0.2871287128712871,0.001980198019801982,10.96,12.12,2.88,12.24,2.2,-1.1599999999999984,3.0,2.0,0.0,9.0,5.0,2.2,1.2871287128712872,1.2178217821782178,1.3564356435643565,1.8,1.0,1.66,0.9215686274509803,1.48,1.26,0.9607843137254902,1.4509803921568627,0.24752475247524752,0.26732673267326734,0.912871287128713,10.96,13.0,3.48,13.56,2.76,-2.039999999999999
laliga-2025-2026-03-01-betis-v-sevilla,2026-03-01,2025,Betis,Sevilla,2,2,1,0.5833333333333334,0.0,0.0,8,7,999,0,1.0,0,999,0,1.0,0,0,0,3.0,1.0,1.0,7.0,5.0,2.0,1.5742574257425743,1.4356435643564356,1.2376237623762376,1.4,1.0,1.82,1.3333333333333333,1.64,1.06,1.2352941176470589,1.411764705882353,0.27722772277227725,0.1485148514851485,0.4257425742574257,14.76,12.72,4.92,10.48,2.04,2.039999999999999,2.0,2.0,1.0,6.0,7.0,1.6,1.099009900990099,1.2079207920792079,1.4653465346534653,1.2,1.4,1.2156862745098038,0.98,1.2156862745098038,1.3529411764705883,1.2,1.58,0.22772277227722773,0.2376237623762376,0.500990099009901,11.2,10.96,3.8,15.12,3.32,0.23999999999999844
laliga-2025-2026-03-01-girona-v-celta,2026-03-01,2025,Girona,Celta,1,2,0,0.5833333333333334,0.0,953.6815245381418,6,7,999,0,1.0,0,999,0,1.0,0,0,0,1.0,3.0,1.0,6.0,6.0,1.2,1.504950495049505,1.5346534653465347,1.4455445544554455,1.2,1.2,1.74,1.2745098039215685,1.84,1.38,1.2352941176470589,1.5098039215686274,0.2376237623762376,0.24752475247524752,-0.304950495049505,9.84,15.64,3.92,11.04,2.84,-5.800000000000001,1.0,2.0,2.0,6.0,7.0,1.0,1.316831683168317,1.3762376237623761,1.396039603960396,1.2,1.4,1.5098039215686274,1.12,1.411764705882353,1.1568627450980393,1.34,1.64,0.21782178217821782,0.2079207920792079,-0.3168316831683169,11.24,11.48,4.12,11.64,1.96,-0.2400000000000002
laliga-2025-2026-03-02-real-madrid-v-getafe,2026-03-02,2025,Real Madrid,Getafe,0,1,0,0.8333333333333334,0.0,16.272976255040476,9,8,999,0,1.0,0,999,0,1.0,0,0,0,4.0,0.0,1.0,11.0,4.0,2.4,2.366336633663366,2.1683168316831685,0.8415841584158416,2.2,0.8,2.66,2.0784313725490198,2.44,0.72,1.9019607843137254,0.9607843137254902,0.46534653465346537,0.0594059405940594,0.03366336633663369,18.44,10.24,6.96,10.0,2.16,8.200000000000001,2.0,2.0,1.0,5.0,3.0,1.6,1.1287128712871286,0.9504950495049505,1.2079207920792079,1.0,0.6,1.2352941176470589,1.02,0.8823529411764706,1.0196078431372548,1.02,1.4,0.24752475247524752,0.4158415841584158,0.4712871287128715,9.64,10.24,2.72,14.72,2.88,-0.5999999999999996
laliga-2025-2026-03-04-rayo-vallecano-v-oviedo,2026-03-04,2025,Rayo Vallecano,Oviedo,3,0,2,0.75,0.0,377.15435601968414,4,4,999,0,1.0,0,999,0,1.0,0,0,0,1.0,2.0,2.0,7.0,7.0,1.0,1.1584158415841583,0.9207920792079208,1.2376237623762376,1.4,1.4,1.24,1.0784313725490196,1.08,1.24,0.7647058823529411,1.2352941176470589,0.297029702970297,0.37623762376237624,-0.15841584158415833,13.32,11.96,4.6,13.36,3.28,1.3599999999999994,1.0,1.0,3.0,5.0,9.0,0.8,0.68,0.64,1.6,1.0,1.8,0.8461538461538461,0.5,0.38461538461538464,1.0769230769230769,0.9166666666666666,2.1666666666666665,0.24,0.6,0.12,10.12,15.0,3.2,12.76,2.84,-4.880000000000001
laliga-2025-2026-03-06-celta-v-real-madrid,2026-03-06,2025,Celta,Real Madrid,1,2,0,0.16666666666666666,0.0,464.8541080530331,5,4,999,0,1.0,0,999,0,1.0,0,0,0,2.0,2.0,1.0,7.0,5.0,1.6,1.3333333333333333,1.3823529411764706,1.392156862745098,1.4,1.0,1.5098039215686274,1.1568627450980393,1.411764705882353,1.1568627450980393,1.3529411764705883,1.6274509803921569,0.21568627450980393,0.20588235294117646,0.26666666666666683,11.076923076923077,11.615384615384615,4.153846153846154,11.5,1.9615384615384615,-0.5384615384615383,3.0,0.0,2.0,9.0,5.0,1.8,2.343137254901961,2.1470588235294117,0.8431372549019608,1.8,1.0,2.607843137254902,2.0784313725490198,2.392156862745098,0.7254901960784313,1.9019607843137254,0.9607843137254902,0.46078431372549017,0.06862745098039216,-0.5431372549019609,18.423076923076923,10.192307692307692,6.961538461538462,10.038461538461538,2.3076923076923075,8.230769230769232
laliga-2025-2026-03-07-osasuna-v-mallorca,2026-03-07,2025,Osasuna,Mallorca,2,2,1,0.5,0.0,504.4820765819288,6,7,999,0,1.0,0,999,0,1.0,0,0,0,2.0,2.0,1.0,6.0,5.0,1.6,1.2745098039215685,1.2058823529411764,1.3529411764705883,1.2,1.0,1.66,0.9038461538461539,1.48,1.26,0.9423076923076923,1.4423076923076923,0.24509803921568626,0.27450980392156865,0.32549019607843155,10.846153846153847,13.038461538461538,3.3461538461538463,13.538461538461538,2.769230769230769,-2.1923076923076916,1.0,0.0,4.0,5.0,9.0,0.6,1.0980392156862746,0.9509803921568627,1.2745098039215685,1.0,1.8,1.411764705882353,0.7843137254901961,1.0980392156862746,1.0588235294117647,0.803921568627451,1.4901960784313726,0.21568627450980393,0.3627450980392157,-0.49803921568627463,10.038461538461538,15.0,3.769230769230769,11.384615384615385,2.3846153846153846,-4.961538461538462
laliga-2025-2026-03-07-levante-v-girona,2026-03-07,2025,Levante,Girona,1,1,1,0.75,0.0,387.4286140921075,8,6,999,0,1.0,0,999,0,1.0,0,0,0,1.0,0.0,4.0,4.0,10.0,0.6,0.8076923076923077,1.0769230769230769,1.6923076923076923,0.8,2.0,0.7692307692307693,0.8461538461538461,1.0,1.7692307692307692,1.1538461538461537,1.6153846153846154,0.19230769230769232,0.38461538461538464,-0.20769230769230773,11.038461538461538,16.615384615384617,3.269230769230769,12.153846153846153,2.3461538461538463,-5.576923076923078,1.0,2.0,2.0,6.0,7.0,1.0,1.4901960784313726,1.5294117647058822,1.4509803921568627,1.2,1.4,1.7058823529411764,1.2745098039215685,1.8235294117647058,1.392156862745098,1.2352941176470589,1.5098039215686274,0.23529411764705882,0.24509803921568626,-0.4901960784313726,10.038461538461538,15.307692307692308,4.038461538461538,10.961538461538462,2.8076923076923075,-5.26923076923077
laliga-2025-2026-03-07-ath-madrid-v-real-sociedad,2026-03-07,2025,Ath Madrid,Real Sociedad,3,2,2,0.8571428571428571,0.0,345.70247151879346,7,7,999,0,1.0,0,999,0,1.0,0,0,0,2.0,1.0,2.0,5.0,6.0,1.4,1.9901960784313726,1.7745098039215685,0.9411764705882353,1.0,1.2,2.5294117647058822,1.4509803921568627,2.235294117647059,0.9215686274509803,1.3137254901960784,0.9607843137254902,0.4019607843137255,0.17647058823529413,-0.5901960784313727,13.192307692307692,10.576923076923077,5.384615384615385,11.23076923076923,1.9615384615384615,2.615384615384615,2.0,2.0,1.0,9.0,9.0,1.6,1.3823529411764706,1.2156862745098038,1.2058823529411764,1.8,1.8,1.5294117647058822,1.2352941176470589,1.3725490196078431,1.1764705882352942,1.0588235294117647,1.2352941176470589,0.29411764705882354,0.3137254901960784,0.21764705882352953,13.076923076923077,12.692307692307692,4.846153846153846,14.807692307692308,2.269230769230769,0.384615384615385
laliga-2025-2026-03-07-ath-bilbao-v-barcelona,2026-03-07,2025,Ath Bilbao,Barcelona,0,1,0,0.07142857142857142,0.0,466.174000872469,7,7,999,0,1.0,0,999,0,1.0,0,0,0,3.0,2.0,0.0,10.0,6.0,2.2,1.696078431372549,1.4215686274509804,1.0,2.0,1.2,2.0392156862745097,1.3529411764705883,1.7843137254901962,0.9019607843137255,1.0588235294117647,1.0980392156862746,0.37254901960784315,0.2549019607843137,0.5039215686274512,14.23076923076923,9.653846153846153,4.538461538461538,13.961538461538462,2.769230769230769,4.576923076923077,4.0,0.0,1.0,14.0,4.0,2.4,2.323529411764706,2.4705882352941178,1.0686274509803921,2.8,0.8,2.5098039215686274,2.1372549019607843,2.6666666666666665,0.9215686274509803,2.2745098039215685,1.2156862745098038,0.39215686274509803,0.0392156862745098,0.07647058823529385,20.576923076923077,9.346153846153847,7.461538461538462,9.26923076923077,1.6538461538461537,11.23076923076923
laliga-2025-2026-03-08-villarreal-v-elche,2026-03-08,2025,Villarreal,Elche,2,1,2,1.0,0.0,193.19620123361872,8,7,999,0,1.0,0,999,0,1.0,0,0,0,3.0,0.0,2.0,9.0,8.0,1.8,1.7058823529411764,1.803921568627451,1.4411764705882353,1.8,1.6,1.7843137254901962,1.6274509803921569,2.1176470588235294,1.3725490196078431,1.4901960784313726,1.5098039215686274,0.20588235294117646,0.13725490196078433,0.09411764705882364,11.884615384615385,12.846153846153847,4.384615384615385,12.692307692307692,2.576923076923077,-0.9615384615384617,0.0,2.0,3.0,5.0,10.0,0.4,1.0,1.3076923076923077,1.5,1.0,2.0,1.5714285714285714,0.3333333333333333,1.5714285714285714,1.0714285714285714,1.0,2.0,0.23076923076923078,0.15384615384615385,-0.6,11.0,14.461538461538462,3.9615384615384617,12.615384615384615,2.1923076923076925,-3.4615384615384617
laliga-2025-2026-03-08-getafe-v-betis,2026-03-08,2025,Getafe,Betis,2,0,2,0.2857142857142857,0.0,379.3296978893749,6,7,999,0,1.0,0,999,0,1.0,0,0,0,3.0,1.0,1.0,5.0,2.0,2.0,1.1470588235294117,0.9509803921568627,1.196078431372549,1.0,0.4,1.2352941176470589,1.0588235294117647,0.8823529411764706,1.0196078431372548,1.0196078431372548,1.3725490196078431,0.2549019607843137,0.4117647058823529,0.8529411764705883,9.615384615384615,10.538461538461538,2.730769230769231,14.807692307692308,3.076923076923077,-0.9230769230769234,3.0,2.0,0.0,8.0,5.0,2.2,1.5686274509803921,1.4411764705882353,1.2450980392156863,1.6,1.0,1.803921568627451,1.3333333333333333,1.6470588235294117,1.0784313725490196,1.2352941176470589,1.411764705882353,0.27450980392156865,0.14705882352941177,0.631372549019608,14.538461538461538,12.76923076923077,4.8076923076923075,10.538461538461538,2.076923076923077,1.7692307692307683
laliga-2025-2026-03-08-sevilla-v-rayo-vallecano,2026-03-08,2025,Sevilla,Rayo Vallecano,1,1,1,0.7857142857142857,0.0,389.6758738843053,7,4,999,0,1.0,0,999,0,1.0,0,0,0,1.0,3.0,1.0,6.0,8.0,1.2,1.0980392156862746,1.2156862745098038,1.4705882352941178,1.2,1.6,1.2156862745098038,0.9803921568627451,1.2156862745098038,1.3529411764705883,1.2156862745098038,1.588235294117647,0.22549019607843138,0.23529411764705882,0.10196078431372535,11.307692307692308,10.884615384615385,3.8846153846153846,15.115384615384615,3.3076923076923075,0.42307692307692335,2.0,2.0,1.0,9.0,4.0,1.6,1.1764705882352942,0.9411764705882353,1.2254901960784315,1.8,0.8,1.2745098039215685,1.0784313725490196,1.1176470588235294,1.2156862745098038,0.7647058823529411,1.2352941176470589,0.30392156862745096,0.37254901960784315,0.42352941176470593,13.538461538461538,11.807692307692308,4.6923076923076925,13.23076923076923,3.1538461538461537,1.73076923076923
laliga-2025-2026-03-08-valencia-v-alaves,2026-03-08,2025,Valencia,Alaves,3,2,2,0.42857142857142855,0.0,421.45291985193836,7,9,999,0,1.0,0,999,0,1.0,0,0,0,2.0,0.0,3.0,5.0,6.0,1.2,1.2156862745098038,1.088235294117647,1.3529411764705883,1.0,1.2,1.588235294117647,0.8431372549019608,1.2156862745098038,0.9215686274509803,0.9607843137254902,1.7843137254901962,0.27450980392156865,0.28431372549019607,-0.015686274509803866,11.076923076923077,11.961538461538462,2.8076923076923075,12.307692307692308,2.230769230769231,-0.884615384615385,1.0,2.0,2.0,5.0,8.0,1.0,1.1274509803921569,0.9509803921568627,1.2549019607843137,1.0,1.6,1.4509803921568627,0.803921568627451,1.0392156862745099,1.0,0.8627450980392157,1.5098039215686274,0.22549019607843138,0.37254901960784315,-0.12745098039215685,12.0,12.653846153846153,3.9615384615384617,15.26923076923077,2.5,-0.6538461538461533
laliga-2025-2026-03-09-espanyol-v-oviedo,2026-03-09,2025,Espanyol,Oviedo,1,1,1,0.75,0.0,689.0135927744466,8,5,999,0,1.0,0,999,0,1.0,0,0,0,0.0,2.0,3.0,8.0,14.0,0.4,1.21875,1.140625,1.40625,1.6,2.8,1.5625,0.875,1.21875,1.1875,1.0625,1.625,0.234375,0.25,-0.81875,12.423076923076923,12.846153846153847,4.153846153846154,13.26923076923077,2.3846153846153846,-0.42307692307692335,1.0,1.0,3.0,5.0,9.0,0.8,0.6538461538461539,0.6153846153846154,1.6538461538461537,1.0,1.8,0.8461538461538461,0.46153846153846156,0.38461538461538464,1.0769230769230769,0.8461538461538461,2.230769230769231,0.23076923076923078,0.6153846153846154,0.1461538461538462,10.038461538461538,15.153846153846153,3.1538461538461537,12.653846153846153,2.8076923076923075,-5.115384615384615
laliga-2025-2026-03-13-alaves-v-villarreal,2026-03-13,2025,Alaves,Villarreal,1,1,1,0.5,0.0,387.54488649403754,5,5,999,0,1.0,0,999,0,1.0,0,0,0,0.0,2.0,3.0,5.0,10.0,0.4,1.116504854368932,0.9611650485436893,1.2718446601941749,1.0,2.0,1.4509803921568627,0.7884615384615384,1.0392156862745099,1.0,0.8846153846153846,1.5384615384615385,0.22330097087378642,0.36893203883495146,-0.716504854368932,11.925925925925926,12.88888888888889,3.962962962962963,15.333333333333334,2.7777777777777777,-0.9629629629629637,3.0,0.0,2.0,7.0,8.0,1.8,1.7184466019417475,1.8058252427184467,1.4368932038834952,1.4,1.6,1.8076923076923077,1.6274509803921569,2.1153846153846154,1.3653846153846154,1.4901960784313726,1.5098039215686274,0.20388349514563106,0.13592233009708737,0.08155339805825257,12.037037037037036,12.851851851851851,4.481481481481482,12.62962962962963,2.5185185185185186,-0.8148148148148149
laliga-2025-2026-03-14-girona-v-ath-bilbao,2026-03-14,2025,Girona,Ath Bilbao,3,0,2,0.5,0.0,493.296941623452,7,7,999,0,1.0,0,999,0,1.0,0,0,0,1.0,3.0,1.0,7.0,7.0,1.2,1.4854368932038835,1.5242718446601942,1.4466019417475728,1.4,1.4,1.7058823529411764,1.2692307692307692,1.8235294117647058,1.392156862745098,1.2307692307692308,1.5,0.23300970873786409,0.24271844660194175,-0.28543689320388355,10.481481481481481,15.25925925925926,4.074074074074074,10.88888888888889,2.7777777777777777,-4.777777777777779,3.0,1.0,1.0,9.0,6.0,2.0,1.6796116504854368,1.4077669902912622,1.0,1.8,1.2,2.0,1.3529411764705883,1.75,0.9038461538461539,1.0588235294117647,1.0980392156862746,0.36893203883495146,0.2621359223300971,0.3203883495145632,14.074074074074074,9.555555555555555,4.481481481481482,13.851851851851851,2.740740740740741,4.518518518518519
laliga-2025-2026-03-14-ath-madrid-v-getafe,2026-03-14,2025,Ath Madrid,Getafe,1,0,2,0.75,0.0,17.339624482251377,7,6,999,0,1.0,0,999,0,1.0,0,0,0,3.0,0.0,2.0,8.0,8.0,1.8,2.0,1.7864077669902914,0.9514563106796117,1.6,1.6,2.5384615384615383,1.4509803921568627,2.25,0.9423076923076923,1.3137254901960784,0.9607843137254902,0.39805825242718446,0.17475728155339806,-0.19999999999999996,13.592592592592593,10.444444444444445,5.518518518518518,11.037037037037036,1.9259259259259258,3.148148148148149,4.0,0.0,1.0,7.0,2.0,2.4,1.1650485436893203,0.9611650485436893,1.1844660194174756,1.4,0.4,1.2692307692307692,1.0588235294117647,0.9038461538461539,1.0,1.0196078431372548,1.3725490196078431,0.2621359223300971,0.4077669902912621,1.2349514563106796,9.592592592592593,10.666666666666666,2.814814814814815,14.962962962962964,3.074074074074074,-1.0740740740740726
laliga-2025-2026-03-14-oviedo-v-valencia,2026-03-14,2025,Oviedo,Valencia,1,0,2,1.0,0.0,628.8770972217068,5,6,999,0,1.0,0,999,0,1.0,0,0,0,0.0,2.0,3.0,5.0,10.0,0.4,0.6666666666666666,0.6296296296296297,1.6296296296296295,1.0,2.0,0.8461538461538461,0.5,0.38461538461538464,1.0769230769230769,0.8571428571428571,2.142857142857143,0.2222222222222222,0.5925925925925926,-0.2666666666666666,9.88888888888889,15.62962962962963,3.1481481481481484,12.666666666666666,2.7777777777777777,-5.7407407407407405,3.0,0.0,2.0,7.0,6.0,1.8,1.233009708737864,1.1067961165048543,1.3592233009708738,1.4,1.2,1.6153846153846154,0.8431372549019608,1.25,0.9423076923076923,0.9607843137254902,1.7843137254901962,0.27184466019417475,0.2815533980582524,0.5669902912621361,11.37037037037037,11.88888888888889,3.0,12.185185185185185,2.185185185185185,-0.518518518518519
laliga-2025-2026-03-14-real-madrid-v-elche,2026-03-14,2025,Real Madrid,Elche,4,1,2,0.8333333333333334,0.0,353.5871132557583,8,6,999,0,1.0,0,999,0,1.0,0,0,0,3.0,0.0,2.0,9.0,5.0,1.8,2.349514563106796,2.145631067961165,0.8446601941747572,1.8,1.0,2.607843137254902,2.0961538461538463,2.392156862745098,0.7254901960784313,1.9038461538461537,0.9615384615384616,0.4563106796116505,0.06796116504854369,-0.5495145631067959,18.25925925925926,10.11111111111111,6.814814814814815,10.11111111111111,2.2962962962962963,8.148148148148149,0.0,2.0,3.0,5.0,9.0,0.4,0.9629629629629629,1.2962962962962963,1.5185185185185186,1.0,1.8,1.5714285714285714,0.3076923076923077,1.5714285714285714,1.0714285714285714,1.0,2.0,0.2222222222222222,0.14814814814814814,-0.5629629629629629,11.074074074074074,14.518518518518519,4.037037037037037,12.74074074074074,2.185185185185185,-3.4444444444444446
laliga-2025-2026-03-15-mallorca-v-espanyol,2026-03-15,2025,Mallorca,Espanyol,2,1,2,0.5,0.0,200.9300799560004,8,6,999,0,1.0,0,999,0,1.0,0,0,0,0.0,1.0,4.0,3.0,10.0,0.2,1.0970873786407767,0.9611650485436893,1.2815533980582525,0.6,2.0,1.411764705882353,0.7884615384615384,1.0980392156862746,1.0588235294117647,0.8269230769230769,1.5,0.21359223300970873,0.3592233009708738,-0.8970873786407767,9.962962962962964,15.25925925925926,3.7777777777777777,11.407407407407407,2.5555555555555554,-5.296296296296296,0.0,3.0,2.0,8.0,13.0,0.6,1.2153846153846153,1.1384615384615384,1.4,1.6,2.6,1.5454545454545454,0.875,1.2121212121212122,1.1818181818181819,1.0625,1.625,0.23076923076923078,0.24615384615384617,-0.6153846153846153,13.0,12.592592592592593,4.333333333333333,13.481481481481481,2.4074074074074074,0.40740740740740655
laliga-2025-2026-03-15-barcelona-v-sevilla,2026-03-15,2025,Barcelona,Sevilla,5,2,2,0.8571428571428571,0.0,825.2788120519293,8,7,999,0,1.0,0,999,0,1.0,0,0,0,4.0,0.0,1.0,12.0,3.0,2.4,2.3300970873786406,2.4563106796116503,1.058252427184466,2.4,0.6,2.5098039215686274,2.1538461538461537,2.6666666666666665,0.9215686274509803,2.25,1.1923076923076923,0.39805825242718446,0.038834951456310676,0.06990291262135928,20.074074074074073,9.37037037037037,7.2592592592592595,9.25925925925926,1.6296296296296295,10.703703703703702,1.0,4.0,0.0,6.0,5.0,1.4,1.0970873786407767,1.2135922330097086,1.4660194174757282,1.2,1.0,1.2115384615384615,0.9803921568627451,1.2115384615384615,1.3461538461538463,1.2156862745098038,1.588235294117647,0.22330097087378642,0.23300970873786409,0.30291262135922326,11.296296296296296,10.814814814814815,3.814814814814815,15.037037037037036,3.2222222222222223,0.48148148148148096
laliga-2025-2026-03-15-betis-v-celta,2026-03-15,2025,Betis,Celta,1,1,1,0.4166666666666667,0.0,586.5673239379203,7,9,999,0,1.0,0,999,0,1.0,0,0,0,2.0,2.0,1.0,6.0,6.0,1.6,1.5533980582524272,1.4271844660194175,1.2524271844660195,1.2,1.2,1.803921568627451,1.3076923076923077,1.6470588235294117,1.0784313725490196,1.2115384615384615,1.4230769230769231,0.27184466019417475,0.1553398058252427,0.04660194174757293,14.518518518518519,12.62962962962963,4.814814814814815,10.444444444444445,2.074074074074074,1.8888888888888893,2.0,1.0,2.0,8.0,7.0,1.4,1.3203883495145632,1.3786407766990292,1.3980582524271845,1.6,1.4,1.4807692307692308,1.1568627450980393,1.4038461538461537,1.1730769230769231,1.3529411764705883,1.6274509803921569,0.21359223300970873,0.20388349514563106,0.07961165048543672,10.962962962962964,11.703703703703704,4.148148148148148,11.222222222222221,1.9259259259259258,-0.7407407407407405
laliga-2025-2026-03-15-real-sociedad-v-osasuna,2026-03-15,2025,Real Sociedad,Osasuna,3,1,2,0.4166666666666667,0.0,62.37462492184042,8,8,999,0,1.0,0,999,0,1.0,0,0,0,2.0,1.0,2.0,10.0,11.0,1.4,1.3689320388349515,1.2233009708737863,1.2233009708737863,2.0,2.2,1.5294117647058822,1.2115384615384615,1.3725490196078431,1.1764705882352942,1.0769230769230769,1.2692307692307692,0.2912621359223301,0.3106796116504854,0.031067961165048397,12.851851851851851,13.11111111111111,4.777777777777778,14.62962962962963,2.2222222222222223,-0.2592592592592595,2.0,2.0,1.0,6.0,5.0,1.6,1.2718446601941749,1.2135922330097086,1.3592233009708738,1.2,1.0,1.6470588235294117,0.9038461538461539,1.4901960784313726,1.2745098039215685,0.9423076923076923,1.4423076923076923,0.24271844660194175,0.27184466019417475,0.32815533980582523,11.25925925925926,12.851851851851851,3.4074074074074074,13.444444444444445,2.814814814814815,-1.5925925925925917
laliga-2025-2026-03-16-rayo-vallecano-v-levante,2026-03-16,2025,Rayo Vallecano,Levante,1,1,1,0.75,0.0,297.8524711943385,8,9,999,0,1.0,0,999,0,1.0,0,0,0,2.0,3.0,0.0,9.0,3.0,1.8,1.174757281553398,0.941747572815534,1.2233009708737863,1.8,0.6,1.2745098039215685,1.0769230769230769,1.1176470588235294,1.2156862745098038,0.7692307692307693,1.2307692307692308,0.30097087378640774,0.36893203883495146,0.6252427184466021,13.37037037037037,11.777777777777779,4.592592592592593,13.296296296296296,3.1481481481481484,1.5925925925925917,1.0,1.0,3.0,3.0,7.0,0.8,0.8148148148148148,1.0740740740740742,1.6666666666666667,0.6,1.4,0.7857142857142857,0.8461538461538461,1.0,1.7142857142857142,1.1538461538461537,1.6153846153846154,0.18518518518518517,0.37037037037037035,-0.014814814814814725,11.148148148148149,16.814814814814813,3.2962962962962963,12.25925925925926,2.4074074074074074,-5.666666666666664
laliga-2025-2026-03-20-villarreal-v-real-sociedad,2026-03-20,2025,Villarreal,Real Sociedad,3,1,2,0.5833333333333334,0.0,404.3535451234156,7,5,999,0,1.0,0,999,0,1.0,0,0,0,3.0,1.0,1.0,7.0,7.0,2.0,1.7115384615384615,1.7980769230769231,1.4326923076923077,1.4,1.4,1.8076923076923077,1.6153846153846154,2.1153846153846154,1.3653846153846154,1.4807692307692308,1.5,0.20192307692307693,0.1346153846153846,0.28846153846153855,11.964285714285714,12.678571428571429,4.464285714285714,12.571428571428571,2.4642857142857144,-0.7142857142857153,2.0,1.0,2.0,10.0,11.0,1.4,1.3846153846153846,1.2403846153846154,1.2211538461538463,2.0,2.2,1.5576923076923077,1.2115384615384615,1.4038461538461537,1.1730769230769231,1.0769230769230769,1.2692307692307692,0.28846153846153844,0.3076923076923077,0.01538461538461533,12.892857142857142,13.107142857142858,4.821428571428571,14.678571428571429,2.25,-0.2142857142857153
laliga-2025-2026-03-21-espanyol-v-getafe,2026-03-21,2025,Espanyol,Getafe,1,2,0,0.5,0.0,500.48822405474954,6,7,999,0,1.0,0,999,0,1.0,0,0,0,0.0,3.0,2.0,8.0,11.0,0.6,1.196969696969697,1.1363636363636365,1.4090909090909092,1.6,2.2,1.5454545454545454,0.8484848484848485,1.2121212121212122,1.1818181818181819,1.0606060606060606,1.6363636363636365,0.22727272727272727,0.24242424242424243,-0.596969696969697,12.892857142857142,13.071428571428571,4.25,13.5,2.5,-0.17857142857142883,3.0,0.0,2.0,5.0,3.0,1.8,1.1538461538461537,0.9519230769230769,1.1826923076923077,1.0,0.6,1.2692307692307692,1.0384615384615385,0.9038461538461539,1.0,1.0,1.3653846153846154,0.25961538461538464,0.41346153846153844,0.6461538461538463,9.5,10.857142857142858,2.8214285714285716,14.821428571428571,3.142857142857143,-1.3571428571428577
laliga-2025-2026-03-21-levante-v-oviedo,2026-03-21,2025,Levante,Oviedo,4,2,2,1.0,0.0,628.8770972217068,5,7,999,0,1.0,0,999,0,1.0,0,0,0,1.0,2.0,2.0,4.0,6.0,1.0,0.8214285714285714,1.0714285714285714,1.6428571428571428,0.8,1.2,0.7857142857142857,0.8571428571428571,1.0,1.7142857142857142,1.1428571428571428,1.5714285714285714,0.17857142857142858,0.35714285714285715,0.1785714285714286,11.428571428571429,16.857142857142858,3.357142857142857,12.285714285714286,2.5,-5.428571428571429,1.0,2.0,2.0,5.0,8.0,1.0,0.75,0.6428571428571429,1.5714285714285714,1.0,1.6,1.0,0.5,0.42857142857142855,1.0,0.8571428571428571,2.142857142857143,0.25,0.5714285714285714,0.25,9.928571428571429,15.535714285714286,3.25,12.642857142857142,2.7857142857142856,-5.607142857142858
laliga-2025-2026-03-21-osasuna-v-girona,2026-03-21,2025,Osasuna,Girona,1,0,2,0.3333333333333333,0.0,377.36469466051943,6,7,999,0,1.0,0,999,0,1.0,0,0,0,1.0,2.0,2.0,5.0,7.0,1.0,1.2596153846153846,1.2115384615384615,1.375,1.0,1.4,1.6470588235294117,0.8867924528301887,1.4901960784313726,1.2745098039215685,0.9433962264150944,1.471698113207547,0.2403846153846154,0.2692307692307692,-0.2596153846153846,11.321428571428571,12.892857142857142,3.4642857142857144,13.357142857142858,2.7142857142857144,-1.5714285714285712,2.0,2.0,1.0,9.0,6.0,1.6,1.5,1.5384615384615385,1.4326923076923077,1.8,1.2,1.7307692307692308,1.2692307692307692,1.8461538461538463,1.3653846153846154,1.2307692307692308,1.5,0.2403846153846154,0.2403846153846154,0.10000000000000009,10.607142857142858,15.428571428571429,4.142857142857143,10.785714285714286,2.6785714285714284,-4.821428571428571
laliga-2025-2026-03-21-sevilla-v-valencia,2026-03-21,2025,Sevilla,Valencia,0,2,0,0.35714285714285715,0.0,539.9261066392522,6,7,999,0,1.0,0,999,0,1.0,0,0,0,1.0,3.0,1.0,7.0,9.0,1.2,1.0865384615384615,1.2211538461538463,1.5,1.4,1.8,1.2115384615384615,0.9615384615384616,1.2115384615384615,1.3461538461538463,1.2307692307692308,1.6538461538461537,0.22115384615384615,0.23076923076923078,0.1134615384615385,11.178571428571429,10.892857142857142,3.8214285714285716,15.0,3.142857142857143,0.2857142857142865,3.0,0.0,2.0,7.0,5.0,1.8,1.2211538461538463,1.0961538461538463,1.3557692307692308,1.4,1.0,1.6153846153846154,0.8269230769230769,1.25,0.9423076923076923,0.9423076923076923,1.7692307692307692,0.2692307692307692,0.28846153846153844,0.5788461538461538,11.428571428571429,11.857142857142858,2.9642857142857144,12.142857142857142,2.1785714285714284,-0.4285714285714288
laliga-2025-2026-03-21-elche-v-mallorca,2026-03-21,2025,Elche,Mallorca,2,1,2,0.5,0.0,323.1529879623668,7,6,999,0,1.0,0,999,0,1.0,0,0,0,0.0,2.0,3.0,5.0,10.0,0.4,0.9285714285714286,1.2857142857142858,1.6071428571428572,1.0,2.0,1.5714285714285714,0.2857142857142857,1.5714285714285714,1.0714285714285714,1.0,2.142857142857143,0.21428571428571427,0.14285714285714285,-0.5285714285714286,11.071428571428571,14.5,3.9285714285714284,13.035714285714286,2.2142857142857144,-3.428571428571429,1.0,1.0,3.0,5.0,8.0,0.8,1.1153846153846154,0.9711538461538461,1.2788461538461537,1.0,1.6,1.4423076923076923,0.7884615384615384,1.1153846153846154,1.0576923076923077,0.8269230769230769,1.5,0.21153846153846154,0.3557692307692308,-0.3153846153846154,10.535714285714286,15.071428571428571,4.071428571428571,11.392857142857142,2.5714285714285716,-4.535714285714285
laliga-2025-2026-03-22-barcelona-v-rayo-vallecano,2026-03-22,2025,Barcelona,Rayo Vallecano,1,0,2,0.8571428571428571,0.0,498.31165744106266,7,6,999,0,1.0,0,999,0,1.0,0,0,0,4.0,0.0,1.0,14.0,5.0,2.4,2.3365384615384617,2.480769230769231,1.0673076923076923,2.8,1.0,2.519230769230769,2.1538461538461537,2.7115384615384617,0.9423076923076923,2.25,1.1923076923076923,0.3942307692307692,0.038461538461538464,0.06346153846153824,19.821428571428573,9.321428571428571,7.285714285714286,9.107142857142858,1.5714285714285714,10.500000000000002,1.0,4.0,0.0,7.0,4.0,1.4,1.1730769230769231,0.9423076923076923,1.2211538461538463,1.4,0.8,1.2692307692307692,1.0769230769230769,1.1153846153846154,1.2115384615384615,0.7692307692307693,1.2307692307692308,0.2980769230769231,0.36538461538461536,0.22692307692307678,13.535714285714286,12.035714285714286,4.571428571428571,13.178571428571429,3.2142857142857144,1.5
laliga-2025-2026-03-22-celta-v-alaves,2026-03-22,2025,Celta,Alaves,3,4,0,0.5,0.0,501.8600458273029,7,9,999,0,1.0,0,999,0,1.0,0,0,0,2.0,2.0,1.0,8.0,6.0,1.6,1.3173076923076923,1.375,1.3942307692307692,1.6,1.2,1.4807692307692308,1.1538461538461537,1.4038461538461537,1.1730769230769231,1.3461538461538463,1.6153846153846154,0.21153846153846154,0.20192307692307693,0.2826923076923078,10.821428571428571,11.964285714285714,4.107142857142857,11.392857142857142,1.9642857142857142,-1.1428571428571423,0.0,3.0,2.0,6.0,9.0,0.6,1.1153846153846154,0.9615384615384616,1.2692307692307692,1.2,1.8,1.4423076923076923,0.7884615384615384,1.0384615384615385,1.0,0.8846153846153846,1.5384615384615385,0.22115384615384615,0.36538461538461536,-0.5153846153846154,11.785714285714286,12.785714285714286,3.8214285714285716,15.464285714285714,2.8214285714285716,-1.0
laliga-2025-2026-03-22-ath-bilbao-v-betis,2026-03-22,2025,Ath Bilbao,Betis,2,1,2,0.6666666666666666,0.0,702.0918503555403,8,7,999,0,1.0,0,999,0,1.0,0,0,0,2.0,1.0,2.0,5.0,7.0,1.4,1.6634615384615385,1.3942307692307692,1.0192307692307692,1.0,1.4,2.0,1.3269230769230769,1.75,0.9038461538461539,1.0384615384615385,1.1346153846153846,0.36538461538461536,0.2692307692307692,-0.26346153846153864,14.285714285714286,9.714285714285714,4.642857142857143,13.928571428571429,2.7142857142857144,4.571428571428573,1.0,3.0,1.0,6.0,7.0,1.2,1.5480769230769231,1.4230769230769231,1.25,1.2,1.4,1.7884615384615385,1.3076923076923077,1.6346153846153846,1.0769230769230769,1.2115384615384615,1.4230769230769231,0.2692307692307692,0.15384615384615385,-0.3480769230769232,14.678571428571429,12.428571428571429,4.857142857142857,10.464285714285714,2.0714285714285716,2.25
laliga-2025-2026-03-22-real-madrid-v-ath-madrid,2026-03-22,2025,Real Madrid,Ath Madrid,3,2,2,0.35714285714285715,0.0,7.738693239445262,8,8,999,0,1.0,0,999,0,1.0,0,0,0,3.0,0.0,2.0,11.0,6.0,1.8,2.355769230769231,2.1634615384615383,0.8461538461538461,2.2,1.2,2.6153846153846154,2.0961538461538463,2.423076923076923,0.7307692307692307,1.9038461538461537,0.9615384615384616,0.4519230769230769,0.0673076923076923,-0.5557692307692308,18.107142857142858,10.142857142857142,6.785714285714286,10.142857142857142,2.25,7.964285714285715,4.0,0.0,1.0,9.0,7.0,2.4,2.0096153846153846,1.7788461538461537,0.9423076923076923,1.8,1.4,2.547169811320755,1.4509803921568627,2.2264150943396226,0.9245283018867925,1.3137254901960784,0.9607843137254902,0.40384615384615385,0.17307692307692307,0.39038461538461533,13.678571428571429,10.321428571428571,5.5,11.035714285714286,1.9642857142857142,3.3571428571428577
laliga-2025-2026-04-03-rayo-vallecano-v-elche,2026-04-03,2025,Rayo Vallecano,Elche,1,0,2,0.5,0.0,347.07798690863535,12,13,999,0,1.0,0,999,0,1.0,0,0,0,1.0,3.0,1.0,6.0,4.0,1.2,1.161904761904762,0.9333333333333333,1.2190476190476192,1.2,0.8,1.2692307692307692,1.0566037735849056,1.1153846153846154,1.2115384615384615,0.7547169811320755,1.2264150943396226,0.29523809523809524,0.37142857142857144,0.03809523809523796,13.344827586206897,12.137931034482758,4.551724137931035,13.10344827586207,3.2413793103448274,1.2068965517241388,1.0,1.0,3.0,7.0,11.0,0.8,1.0,1.3103448275862069,1.5862068965517242,1.4,2.2,1.6666666666666667,0.2857142857142857,1.6,1.0666666666666667,1.0,2.142857142857143,0.20689655172413793,0.13793103448275862,-0.19999999999999996,11.137931034482758,14.379310344827585,3.9310344827586206,13.0,2.206896551724138,-3.2413793103448274
laliga-2025-2026-04-04-betis-v-espanyol,2026-04-04,2025,Betis,Espanyol,0,0,1,0.875,0.0,819.5876816472664,13,14,999,0,1.0,0,999,0,1.0,0,0,0,0.0,3.0,2.0,5.0,8.0,0.6,1.5333333333333334,1.4190476190476191,1.2571428571428571,1.0,1.6,1.7884615384615385,1.2830188679245282,1.6346153846153846,1.0769230769230769,1.2075471698113207,1.4339622641509433,0.26666666666666666,0.1523809523809524,-0.9333333333333335,14.551724137931034,12.379310344827585,4.793103448275862,10.310344827586206,2.0344827586206895,2.1724137931034484,0.0,2.0,3.0,7.0,11.0,0.4,1.1791044776119404,1.1343283582089552,1.4179104477611941,1.4,2.2,1.5,0.8484848484848485,1.2058823529411764,1.2058823529411764,1.0606060606060606,1.6363636363636365,0.22388059701492538,0.23880597014925373,-0.7791044776119403,12.96551724137931,12.96551724137931,4.275862068965517,13.517241379310345,2.4827586206896552,0.0
laliga-2025-2026-04-04-real-sociedad-v-levante,2026-04-04,2025,Real Sociedad,Levante,2,0,2,0.75,0.0,445.8294239934526,15,14,999,0,1.0,0,999,0,1.0,0,0,0,2.0,1.0,2.0,10.0,10.0,1.4,1.3714285714285714,1.2380952380952381,1.2380952380952381,2.0,2.0,1.5576923076923077,1.1886792452830188,1.4038461538461537,1.1730769230769231,1.0754716981132075,1.3018867924528301,0.2857142857142857,0.3047619047619048,0.02857142857142847,12.827586206896552,13.379310344827585,4.793103448275862,14.551724137931034,2.2413793103448274,-0.5517241379310338,2.0,2.0,1.0,8.0,7.0,1.6,0.896551724137931,1.1724137931034482,1.6551724137931034,1.6,1.4,0.9333333333333333,0.8571428571428571,1.2,1.7333333333333334,1.1428571428571428,1.5714285714285714,0.1724137931034483,0.3448275862068966,0.703448275862069,11.724137931034482,16.620689655172413,3.5172413793103448,12.448275862068966,2.4827586206896552,-4.896551724137931
laliga-2025-2026-04-04-mallorca-v-real-madrid,2026-04-04,2025,Mallorca,Real Madrid,2,1,2,0.25,0.0,546.3638613496987,14,13,999,0,1.0,0,999,0,1.0,0,0,0,1.0,1.0,3.0,5.0,8.0,0.8,1.1047619047619048,0.9714285714285714,1.2857142857142858,1.0,1.6,1.4423076923076923,0.7735849056603774,1.1153846153846154,1.0576923076923077,0.8301886792452831,1.509433962264151,0.20952380952380953,0.3523809523809524,-0.3047619047619048,10.551724137931034,15.0,4.068965517241379,11.379310344827585,2.5517241379310347,-4.448275862068966,3.0,0.0,2.0,10.0,7.0,1.8,2.361904761904762,2.1714285714285713,0.8571428571428571,2.0,1.4,2.6226415094339623,2.0961538461538463,2.4339622641509435,0.7547169811320755,1.9038461538461537,0.9615384615384616,0.44761904761904764,0.06666666666666667,-0.5619047619047619,18.06896551724138,10.241379310344827,6.896551724137931,9.862068965517242,2.2758620689655173,7.827586206896553
laliga-2025-2026-04-04-ath-madrid-v-barcelona,2026-04-04,2025,Ath Madrid,Barcelona,1,2,0,0.16666666666666666,0.0,492.19577268549097,13,13,999,0,1.0,0,999,0,1.0,0,0,0,4.0,0.0,1.0,11.0,7.0,2.4,1.9904761904761905,1.7809523809523808,0.9619047619047619,2.2,1.4,2.547169811320755,1.4230769230769231,2.2264150943396226,0.9245283018867925,1.3269230769230769,1.0,0.4,0.17142857142857143,0.4095238095238094,13.655172413793103,10.551724137931034,5.551724137931035,11.172413793103448,2.0344827586206895,3.1034482758620694,5.0,0.0,0.0,14.0,3.0,3.0,2.342857142857143,2.466666666666667,1.0571428571428572,2.8,0.6,2.5283018867924527,2.1538461538461537,2.6792452830188678,0.9245283018867925,2.25,1.1923076923076923,0.4,0.0380952380952381,0.657142857142857,19.655172413793103,9.275862068965518,7.172413793103448,9.206896551724139,1.6206896551724137,10.379310344827585
laliga-2025-2026-04-05-getafe-v-ath-bilbao,2026-04-05,2025,Getafe,Ath Bilbao,2,0,2,0.5,0.0,334.75140847770354,15,14,999,0,1.0,0,999,0,1.0,0,0,0,3.0,0.0,2.0,5.0,3.0,1.8,1.1714285714285715,0.9619047619047619,1.180952380952381,1.0,0.6,1.2692307692307692,1.0754716981132075,0.9038461538461539,1.0,1.0188679245283019,1.3584905660377358,0.2571428571428571,0.4095238095238095,0.6285714285714286,9.517241379310345,11.0,2.896551724137931,15.0,3.2758620689655173,-1.4827586206896548,2.0,1.0,2.0,5.0,7.0,1.4,1.6761904761904762,1.4,1.019047619047619,1.0,1.4,2.018867924528302,1.3269230769230769,1.7547169811320755,0.9056603773584906,1.0384615384615385,1.1346153846153846,0.3619047619047619,0.26666666666666666,-0.2761904761904763,14.172413793103448,9.758620689655173,4.689655172413793,13.793103448275861,2.6551724137931036,4.413793103448276
laliga-2025-2026-04-05-valencia-v-celta,2026-04-05,2025,Valencia,Celta,2,3,0,0.35714285714285715,0.0,766.2050813784058,15,14,999,0,1.0,0,999,0,1.0,0,0,0,3.0,0.0,2.0,7.0,5.0,1.8,1.2380952380952381,1.1047619047619048,1.3428571428571427,1.4,1.0,1.6153846153846154,0.8679245283018868,1.25,0.9423076923076923,0.9622641509433962,1.7358490566037736,0.2761904761904762,0.2857142857142857,0.5619047619047619,11.344827586206897,11.89655172413793,3.0,11.931034482758621,2.1379310344827585,-0.5517241379310338,2.0,1.0,2.0,9.0,8.0,1.4,1.3047619047619048,1.3904761904761904,1.4190476190476191,1.8,1.6,1.4528301886792452,1.1538461538461537,1.4339622641509433,1.2264150943396226,1.3461538461538463,1.6153846153846154,0.20952380952380953,0.2,0.09523809523809512,10.862068965517242,12.03448275862069,4.137931034482759,11.448275862068966,1.9655172413793103,-1.1724137931034484
laliga-2025-2026-04-05-oviedo-v-sevilla,2026-04-05,2025,Oviedo,Sevilla,1,0,2,0.5,0.0,664.6796028863018,15,15,999,0,1.0,0,999,0,1.0,0,0,0,1.0,1.0,3.0,4.0,9.0,0.8,0.7241379310344828,0.6896551724137931,1.6551724137931034,0.8,1.8,1.0,0.4666666666666667,0.42857142857142855,1.0,0.9333333333333333,2.2666666666666666,0.2413793103448276,0.5517241379310345,0.07586206896551728,9.931034482758621,15.689655172413794,3.206896551724138,12.827586206896552,2.793103448275862,-5.758620689655173,1.0,2.0,2.0,6.0,10.0,1.0,1.0761904761904761,1.2095238095238094,1.5047619047619047,1.2,2.0,1.1886792452830188,0.9615384615384616,1.1886792452830188,1.3584905660377358,1.2307692307692308,1.6538461538461537,0.21904761904761905,0.23809523809523808,-0.07619047619047614,11.241379310344827,10.827586206896552,3.7586206896551726,14.931034482758621,3.103448275862069,0.4137931034482758
laliga-2025-2026-04-05-alaves-v-osasuna,2026-04-05,2025,Alaves,Osasuna,2,2,1,0.35714285714285715,0.0,84.83905260516632,14,15,999,0,1.0,0,999,0,1.0,0,0,0,1.0,2.0,2.0,9.0,11.0,1.0,1.1333333333333333,0.9904761904761905,1.2857142857142858,1.8,2.2,1.4423076923076923,0.8301886792452831,1.0384615384615385,1.0,0.9433962264150944,1.5660377358490567,0.21904761904761905,0.3619047619047619,-0.1333333333333333,11.862068965517242,12.758620689655173,3.896551724137931,15.482758620689655,2.793103448275862,-0.8965517241379306,2.0,1.0,2.0,6.0,7.0,1.4,1.276190476190476,1.2095238095238094,1.361904761904762,1.2,1.4,1.6730769230769231,0.8867924528301887,1.4807692307692308,1.25,0.9433962264150944,1.471698113207547,0.24761904761904763,0.26666666666666666,0.12380952380952381,11.586206896551724,12.620689655172415,3.7241379310344827,13.517241379310345,2.689655172413793,-1.0344827586206904
laliga-2025-2026-04-06-girona-v-villarreal,2026-04-06,2025,Girona,Villarreal,1,0,2,0.4166666666666667,0.0,333.97916287092954,16,17,999,0,1.0,0,999,0,1.0,0,0,0,1.0,2.0,2.0,7.0,6.0,1.0,1.4857142857142858,1.5238095238095237,1.4285714285714286,1.4,1.2,1.7307692307692308,1.2452830188679245,1.8461538461538463,1.3653846153846154,1.2075471698113207,1.490566037735849,0.23809523809523808,0.24761904761904763,-0.48571428571428577,10.413793103448276,15.551724137931034,4.0,10.655172413793103,2.6206896551724137,-5.137931034482758,3.0,1.0,1.0,9.0,8.0,2.0,1.723809523809524,1.8095238095238095,1.4285714285714286,1.8,1.6,1.830188679245283,1.6153846153846154,2.1320754716981134,1.3584905660377358,1.4807692307692308,1.5,0.2,0.13333333333333333,0.2761904761904761,12.275862068965518,12.620689655172415,4.655172413793103,12.482758620689655,2.3793103448275863,-0.3448275862068968
laliga-2025-2026-04-10-real-madrid-v-girona,2026-04-10,2025,Real Madrid,Girona,1,1,1,0.8333333333333334,0.0,570.2574832021476,6,4,999,0,1.0,0,999,0,1.0,0,0,0,3.0,0.0,2.0,10.0,7.0,1.8,2.339622641509434,2.160377358490566,0.8679245283018868,2.0,1.4,2.6226415094339623,2.056603773584906,2.4339622641509435,0.7547169811320755,1.8867924528301887,0.9811320754716981,0.44339622641509435,0.0660377358490566,-0.5396226415094338,17.966666666666665,10.1,6.866666666666666,9.966666666666667,2.2666666666666666,7.866666666666665,2.0,1.0,2.0,6.0,4.0,1.4,1.5,1.5188679245283019,1.4150943396226414,1.2,0.8,1.7547169811320755,1.2452830188679245,1.830188679245283,1.3396226415094339,1.2075471698113207,1.490566037735849,0.24528301886792453,0.24528301886792453,-0.10000000000000009,10.4,15.333333333333334,3.933333333333333,10.566666666666666,2.6,-4.933333333333334
laliga-2025-2026-04-11-real-sociedad-v-alaves,2026-04-11,2025,Real Sociedad,Alaves,3,3,1,0.3333333333333333,0.0,76.09471311143147,7,6,999,0,1.0,0,999,0,1.0,0,0,0,3.0,0.0,2.0,9.0,7.0,1.8,1.3867924528301887,1.2452830188679245,1.2264150943396226,1.8,1.4,1.5849056603773586,1.1886792452830188,1.4150943396226414,1.150943396226415,1.0754716981132075,1.3018867924528301,0.29245283018867924,0.3018867924528302,0.41320754716981134,13.0,13.2,4.8,14.433333333333334,2.2333333333333334,-0.1999999999999993,1.0,2.0,2.0,9.0,11.0,1.0,1.1320754716981132,1.0,1.2924528301886793,1.8,2.2,1.4339622641509433,0.8301886792452831,1.0566037735849056,1.0188679245283019,0.9433962264150944,1.5660377358490567,0.2169811320754717,0.3584905660377358,-0.13207547169811318,12.066666666666666,12.6,3.966666666666667,15.2,2.7666666666666666,-0.5333333333333332
laliga-2025-2026-04-11-elche-v-valencia,2026-04-11,2025,Elche,Valencia,1,0,2,0.75,0.0,136.98506564717985,8,6,999,0,1.0,0,999,0,1.0,0,0,0,1.0,1.0,3.0,6.0,10.0,0.8,0.9666666666666667,1.2666666666666666,1.5666666666666667,1.2,2.0,1.6666666666666667,0.26666666666666666,1.6,1.0666666666666667,0.9333333333333333,2.066666666666667,0.2,0.16666666666666666,-0.16666666666666663,11.066666666666666,14.6,3.933333333333333,12.866666666666667,2.3333333333333335,-3.533333333333333,3.0,0.0,2.0,8.0,6.0,1.8,1.2264150943396226,1.1132075471698113,1.3584905660377358,1.6,1.2,1.5849056603773586,0.8679245283018868,1.2641509433962264,0.9811320754716981,0.9622641509433962,1.7358490566037736,0.27358490566037735,0.2830188679245283,0.5735849056603775,11.4,11.8,3.033333333333333,12.0,2.1,-0.40000000000000036
laliga-2025-2026-04-11-barcelona-v-espanyol,2026-04-11,2025,Barcelona,Espanyol,4,1,2,1.0,0.0,5.985655151837929,7,7,999,0,1.0,0,999,0,1.0,0,0,0,5.0,0.0,0.0,13.0,4.0,3.0,2.349056603773585,2.4622641509433962,1.0566037735849056,2.6,0.8,2.5283018867924527,2.169811320754717,2.6792452830188678,0.9245283018867925,2.2452830188679247,1.1886792452830188,0.39622641509433965,0.03773584905660377,0.6509433962264151,19.733333333333334,9.166666666666666,7.2,9.266666666666667,1.6333333333333333,10.566666666666668,0.0,3.0,2.0,5.0,7.0,0.6,1.1764705882352942,1.1176470588235294,1.3970588235294117,1.0,1.4,1.5,0.8529411764705882,1.2058823529411764,1.2058823529411764,1.0294117647058822,1.588235294117647,0.23529411764705882,0.25,-0.5764705882352942,12.8,13.166666666666666,4.166666666666667,13.666666666666666,2.5,-0.36666666666666536
laliga-2025-2026-04-11-sevilla-v-ath-madrid,2026-04-11,2025,Sevilla,Ath Madrid,2,1,2,0.2857142857142857,0.0,396.6545503244278,6,7,999,0,1.0,0,999,0,1.0,0,0,0,0.0,2.0,3.0,5.0,11.0,0.4,1.0660377358490567,1.1981132075471699,1.5,1.0,2.2,1.1886792452830188,0.9433962264150944,1.1886792452830188,1.3584905660377358,1.2075471698113207,1.6415094339622642,0.2169811320754717,0.24528301886792453,-0.6660377358490567,11.166666666666666,10.7,3.6333333333333333,14.833333333333334,3.1666666666666665,0.4666666666666668,3.0,0.0,2.0,8.0,7.0,1.8,1.971698113207547,1.7735849056603774,0.9716981132075472,1.6,1.4,2.5,1.4230769230769231,2.2037037037037037,0.9444444444444444,1.3269230769230769,1.0,0.39622641509433965,0.16981132075471697,-0.17169811320754702,13.4,10.933333333333334,5.433333333333334,11.3,2.2333333333333334,2.466666666666667
laliga-2025-2026-04-12-osasuna-v-betis,2026-04-12,2025,Osasuna,Betis,1,1,1,0.16666666666666666,0.0,705.5950045460971,7,8,999,0,1.0,0,999,0,1.0,0,0,0,1.0,2.0,2.0,6.0,8.0,1.0,1.2735849056603774,1.2169811320754718,1.3679245283018868,1.2,1.6,1.6730769230769231,0.8888888888888888,1.4807692307692308,1.25,0.9629629629629629,1.4814814814814814,0.24528301886792453,0.2641509433962264,-0.2735849056603774,11.466666666666667,12.8,3.7666666666666666,13.633333333333333,2.7666666666666666,-1.333333333333334,0.0,3.0,2.0,4.0,7.0,0.6,1.528301886792453,1.4056603773584906,1.2452830188679245,0.8,1.4,1.7735849056603774,1.2830188679245282,1.6037735849056605,1.0566037735849056,1.2075471698113207,1.4339622641509433,0.27358490566037735,0.16037735849056603,-0.928301886792453,14.7,12.233333333333333,4.833333333333333,10.366666666666667,2.0,2.466666666666667
laliga-2025-2026-04-12-mallorca-v-rayo-vallecano,2026-04-12,2025,Mallorca,Rayo Vallecano,3,0,2,0.6666666666666666,0.0,542.9189482045625,8,9,999,0,1.0,0,999,0,1.0,0,0,0,2.0,1.0,2.0,7.0,7.0,1.4,1.1226415094339623,0.9811320754716981,1.2830188679245282,1.4,1.4,1.471698113207547,0.7735849056603774,1.1320754716981132,1.0566037735849056,0.8301886792452831,1.509433962264151,0.20754716981132076,0.3490566037735849,0.27735849056603756,10.4,15.0,4.0,11.533333333333333,2.566666666666667,-4.6,2.0,2.0,1.0,6.0,3.0,1.6,1.179245283018868,0.9339622641509434,1.2075471698113207,1.2,0.6,1.3018867924528301,1.0566037735849056,1.1132075471698113,1.1886792452830188,0.7547169811320755,1.2264150943396226,0.3018867924528302,0.36792452830188677,0.4207547169811321,13.6,12.033333333333333,4.566666666666666,13.233333333333333,3.1333333333333333,1.5666666666666664
laliga-2025-2026-04-12-celta-v-oviedo,2026-04-12,2025,Celta,Oviedo,0,3,0,0.25,0.0,267.55384916637394,7,7,999,0,1.0,0,999,0,1.0,0,0,0,2.0,1.0,2.0,10.0,10.0,1.4,1.320754716981132,1.4056603773584906,1.4245283018867925,2.0,2.0,1.4528301886792452,1.1886792452830188,1.4339622641509433,1.2264150943396226,1.3773584905660377,1.6226415094339623,0.20754716981132076,0.19811320754716982,0.0792452830188679,10.8,12.066666666666666,4.166666666666667,11.766666666666667,2.0,-1.2666666666666657,2.0,1.0,2.0,5.0,8.0,1.4,0.8,0.7,1.6,1.0,1.6,1.1333333333333333,0.4666666666666667,0.4666666666666667,0.9333333333333333,0.9333333333333333,2.2666666666666666,0.26666666666666666,0.5333333333333333,0.5999999999999999,9.833333333333334,15.466666666666667,3.2333333333333334,12.766666666666667,2.8666666666666667,-5.633333333333333
laliga-2025-2026-04-12-ath-bilbao-v-villarreal,2026-04-12,2025,Ath Bilbao,Villarreal,1,2,0,0.5,0.0,438.4315944355367,7,6,999,0,1.0,0,999,0,1.0,0,0,0,1.0,1.0,3.0,3.0,8.0,0.8,1.6603773584905661,1.3867924528301887,1.028301886792453,0.6,1.6,2.018867924528302,1.3018867924528301,1.7547169811320755,0.9056603773584906,1.0188679245283019,1.150943396226415,0.3584905660377358,0.27358490566037735,-0.8603773584905661,13.866666666666667,9.766666666666667,4.533333333333333,13.7,2.6,4.1,2.0,1.0,2.0,7.0,8.0,1.4,1.7075471698113207,1.7924528301886793,1.4245283018867925,1.4,1.6,1.830188679245283,1.5849056603773586,2.1320754716981134,1.3584905660377358,1.4528301886792452,1.490566037735849,0.19811320754716982,0.14150943396226415,-0.3075471698113208,12.166666666666666,12.533333333333333,4.5,12.366666666666667,2.3666666666666667,-0.36666666666666714
laliga-2025-2026-04-13-levante-v-getafe,2026-04-13,2025,Levante,Getafe,1,0,2,0.75,0.0,299.5255146224806,9,8,999,0,1.0,0,999,0,1.0,0,0,0,2.0,2.0,1.0,8.0,6.0,1.6,0.8666666666666667,1.1333333333333333,1.6666666666666667,1.6,1.2,0.9333333333333333,0.8,1.2,1.7333333333333334,1.0666666666666667,1.6,0.16666666666666666,0.36666666666666664,0.7333333333333334,11.6,16.666666666666668,3.533333333333333,12.533333333333333,2.5,-5.066666666666668,4.0,0.0,1.0,7.0,2.0,2.4,1.1886792452830188,0.9716981132075472,1.169811320754717,1.4,0.4,1.3018867924528301,1.0754716981132075,0.9245283018867925,0.9811320754716981,1.0188679245283019,1.3584905660377358,0.2641509433962264,0.4056603773584906,1.211320754716981,9.533333333333333,10.8,3.0,14.866666666666667,3.2666666666666666,-1.2666666666666675
laliga-2025-2026-04-21-ath-bilbao-v-osasuna,2026-04-21,2025,Ath Bilbao,Osasuna,1,0,2,0.75,0.0,118.61154051368908,9,9,999,0,1.0,0,999,0,1.0,0,0,0,1.0,0.0,4.0,3.0,9.0,0.6,1.644859813084112,1.3831775700934579,1.0373831775700935,0.6,1.8,1.9814814814814814,1.3018867924528301,1.7407407407407407,0.9259259259259259,1.0188679245283019,1.150943396226415,0.35514018691588783,0.27102803738317754,-1.0448598130841122,14.0,9.838709677419354,4.580645161290323,13.741935483870968,2.5806451612903225,4.161290322580646,1.0,3.0,1.0,7.0,8.0,1.2,1.2710280373831775,1.2149532710280373,1.3644859813084111,1.4,1.6,1.6603773584905661,0.8888888888888888,1.471698113207547,1.2452830188679245,0.9629629629629629,1.4814814814814814,0.24299065420560748,0.2616822429906542,-0.07102803738317753,11.483870967741936,12.64516129032258,3.774193548387097,13.64516129032258,2.774193548387097,-1.1612903225806441
laliga-2025-2026-04-21-mallorca-v-valencia,2026-04-21,2025,Mallorca,Valencia,1,1,1,0.5,0.0,258.0155904442096,9,10,999,0,1.0,0,999,0,1.0,0,0,0,3.0,1.0,1.0,10.0,6.0,2.0,1.1401869158878504,1.0,1.2710280373831775,2.0,1.2,1.5,0.7735849056603774,1.1666666666666667,1.037037037037037,0.8301886792452831,1.509433962264151,0.21495327102803738,0.34579439252336447,0.8598130841121496,10.451612903225806,15.064516129032258,4.0,11.580645161290322,2.5161290322580645,-4.612903225806452,2.0,0.0,3.0,7.0,7.0,1.2,1.2149532710280373,1.102803738317757,1.355140186915888,1.4,1.4,1.5849056603773586,0.8518518518518519,1.2641509433962264,0.9811320754716981,0.9444444444444444,1.7222222222222223,0.27102803738317754,0.2897196261682243,-0.01495327102803734,11.741935483870968,11.67741935483871,3.193548387096774,12.193548387096774,2.064516129032258,0.06451612903225801
laliga-2025-2026-04-21-girona-v-betis,2026-04-21,2025,Girona,Betis,2,3,0,0.4166666666666667,0.0,908.8557335333999,11,9,999,0,1.0,0,999,0,1.0,0,0,0,2.0,2.0,1.0,6.0,3.0,1.6,1.4953271028037383,1.514018691588785,1.411214953271028,1.2,0.6,1.7547169811320755,1.2407407407407407,1.830188679245283,1.3396226415094339,1.2037037037037037,1.4814814814814814,0.24299065420560748,0.24299065420560748,0.10467289719626183,10.387096774193548,15.548387096774194,3.870967741935484,10.64516129032258,2.5483870967741935,-5.161290322580646,0.0,3.0,2.0,3.0,6.0,0.6,1.5233644859813085,1.4018691588785046,1.2429906542056075,0.6,1.2,1.7735849056603774,1.2777777777777777,1.6037735849056605,1.0566037735849056,1.2037037037037037,1.4259259259259258,0.27102803738317754,0.1588785046728972,-0.9233644859813085,14.483870967741936,12.225806451612904,4.774193548387097,10.419354838709678,2.064516129032258,2.258064516129032
laliga-2025-2026-04-21-real-madrid-v-alaves,2026-04-21,2025,Real Madrid,Alaves,2,1,2,1.0,0.0,279.18330629488213,11,10,999,0,1.0,0,999,0,1.0,0,0,0,3.0,1.0,1.0,11.0,7.0,2.0,2.3271028037383177,2.149532710280374,0.8691588785046729,2.2,1.4,2.5925925925925926,2.056603773584906,2.4074074074074074,0.7592592592592593,1.8867924528301887,0.9811320754716981,0.4392523364485981,0.06542056074766354,-0.3271028037383177,18.096774193548388,10.096774193548388,6.935483870967742,9.935483870967742,2.2580645161290325,8.0,1.0,3.0,1.0,12.0,12.0,1.2,1.1308411214953271,1.0186915887850467,1.308411214953271,2.4,2.4,1.4339622641509433,0.8333333333333334,1.0566037735849056,1.0188679245283019,0.9814814814814815,1.5925925925925926,0.21495327102803738,0.35514018691588783,0.06915887850467284,12.064516129032258,12.580645161290322,3.903225806451613,15.290322580645162,2.806451612903226,-0.5161290322580641
laliga-2025-2026-04-22-barcelona-v-celta,2026-04-22,2025,Barcelona,Celta,1,0,2,0.9166666666666666,0.0,904.5125615519562,11,10,999,0,1.0,0,999,0,1.0,0,0,0,5.0,0.0,0.0,13.0,4.0,3.0,2.3551401869158877,2.4766355140186915,1.0560747663551402,2.6,0.8,2.537037037037037,2.169811320754717,2.7037037037037037,0.9259259259259259,2.2452830188679247,1.1886792452830188,0.3925233644859813,0.037383177570093455,0.6448598130841123,19.741935483870968,9.193548387096774,7.290322580645161,9.290322580645162,1.6774193548387097,10.548387096774194,1.0,1.0,3.0,8.0,12.0,0.8,1.308411214953271,1.3925233644859814,1.439252336448598,1.6,2.4,1.4259259259259258,1.1886792452830188,1.4074074074074074,1.2592592592592593,1.3773584905660377,1.6226415094339623,0.205607476635514,0.205607476635514,-0.5084112149532709,10.741935483870968,11.935483870967742,4.225806451612903,11.67741935483871,1.967741935483871,-1.193548387096774
laliga-2025-2026-04-22-elche-v-ath-madrid,2026-04-22,2025,Elche,Ath Madrid,3,2,2,0.75,0.0,346.8492246038713,11,11,999,0,1.0,0,999,0,1.0,0,0,0,2.0,0.0,3.0,5.0,8.0,1.2,1.032258064516129,1.2580645161290323,1.5161290322580645,1.0,1.6,1.75,0.26666666666666666,1.5625,1.0,0.9333333333333333,2.066666666666667,0.22580645161290322,0.16129032258064516,0.16774193548387095,10.96774193548387,14.838709677419354,3.870967741935484,12.935483870967742,2.2903225806451615,-3.870967741935484,2.0,0.0,3.0,8.0,9.0,1.2,1.9532710280373833,1.766355140186916,0.9813084112149533,1.6,1.8,2.5,1.3962264150943395,2.2037037037037037,0.9444444444444444,1.320754716981132,1.0188679245283019,0.3925233644859813,0.16822429906542055,-0.7532710280373833,13.387096774193548,10.935483870967742,5.32258064516129,11.32258064516129,2.2903225806451615,2.451612903225806
laliga-2025-2026-04-22-real-sociedad-v-getafe,2026-04-22,2025,Real Sociedad,Getafe,0,1,0,0.5,0.0,362.68976761646644,11,9,999,0,1.0,0,999,0,1.0,0,0,0,2.0,1.0,2.0,11.0,10.0,1.4,1.3831775700934579,1.2616822429906542,1.2429906542056075,2.2,2.0,1.5740740740740742,1.1886792452830188,1.4444444444444444,1.1851851851851851,1.0754716981132075,1.3018867924528301,0.2897196261682243,0.29906542056074764,0.016822429906542036,12.96774193548387,13.161290322580646,4.774193548387097,14.32258064516129,2.2903225806451615,-0.1935483870967758,3.0,0.0,2.0,6.0,3.0,1.8,1.1775700934579438,0.9626168224299065,1.1682242990654206,1.2,0.6,1.3018867924528301,1.0555555555555556,0.9245283018867925,0.9811320754716981,1.0,1.3518518518518519,0.2616822429906542,0.411214953271028,0.6224299065420562,9.387096774193548,11.161290322580646,2.935483870967742,15.161290322580646,3.4516129032258065,-1.7741935483870979
laliga-2025-2026-04-23-oviedo-v-villarreal,2026-04-23,2025,Oviedo,Villarreal,1,1,1,0.25,0.0,610.5359780845966,11,11,999,0,1.0,0,999,0,1.0,0,0,0,3.0,1.0,1.0,8.0,5.0,2.0,0.8709677419354839,0.7741935483870968,1.5483870967741935,1.6,1.0,1.1333333333333333,0.625,0.4666666666666667,0.9333333333333333,1.0625,2.125,0.2903225806451613,0.5161290322580645,1.129032258064516,9.774193548387096,15.258064516129032,3.2903225806451615,12.774193548387096,2.838709677419355,-5.483870967741936,3.0,1.0,1.0,8.0,5.0,2.0,1.719626168224299,1.794392523364486,1.4205607476635513,1.6,1.0,1.830188679245283,1.6111111111111112,2.1320754716981134,1.3584905660377358,1.462962962962963,1.4814814814814814,0.19626168224299065,0.14018691588785046,0.28037383177570097,12.161290322580646,12.709677419354838,4.548387096774194,12.225806451612904,2.3870967741935485,-0.5483870967741922
laliga-2025-2026-04-23-levante-v-sevilla,2026-04-23,2025,Levante,Sevilla,2,0,2,1.0,0.0,539.9261066392522,10,12,999,0,1.0,0,999,0,1.0,0,0,0,2.0,2.0,1.0,7.0,6.0,1.6,0.9354838709677419,1.1290322580645162,1.6129032258064515,1.4,1.2,1.0625,0.8,1.1875,1.625,1.0666666666666667,1.6,0.1935483870967742,0.3548387096774194,0.6645161290322582,11.935483870967742,16.29032258064516,3.5483870967741935,12.516129032258064,2.4838709677419355,-4.354838709677418,1.0,1.0,3.0,5.0,10.0,0.8,1.0841121495327102,1.205607476635514,1.4953271028037383,1.0,2.0,1.2222222222222223,0.9433962264150944,1.2037037037037037,1.3518518518518519,1.2075471698113207,1.6415094339622642,0.21495327102803738,0.24299065420560748,-0.28411214953271013,11.161290322580646,10.774193548387096,3.5806451612903225,14.580645161290322,3.193548387096774,0.3870967741935498
laliga-2025-2026-04-23-rayo-vallecano-v-espanyol,2026-04-23,2025,Rayo Vallecano,Espanyol,1,0,2,0.4,0.0,493.54718483989615,11,12,999,0,1.0,0,999,0,1.0,0,0,0,1.0,2.0,2.0,3.0,6.0,1.0,1.1682242990654206,0.9252336448598131,1.2242990654205608,0.6,1.2,1.3018867924528301,1.037037037037037,1.1132075471698113,1.1886792452830188,0.7407407407407407,1.2592592592592593,0.29906542056074764,0.37383177570093457,-0.16822429906542058,13.709677419354838,12.03225806451613,4.516129032258065,13.161290322580646,3.161290322580645,1.6774193548387082,0.0,2.0,3.0,4.0,9.0,0.4,1.1594202898550725,1.1159420289855073,1.434782608695652,0.8,1.8,1.5,0.8285714285714286,1.2058823529411764,1.2058823529411764,1.0285714285714285,1.6571428571428573,0.2318840579710145,0.2463768115942029,-0.7594202898550725,12.709677419354838,13.387096774193548,4.096774193548387,13.806451612903226,2.6129032258064515,-0.67741935483871
laliga-2025-2026-04-24-betis-v-real-madrid,2026-04-24,2025,Betis,Real Madrid,1,1,1,0.5,0.0,394.25599339659567,3,3,999,0,1.0,0,999,0,1.0,0,0,0,1.0,3.0,1.0,6.0,6.0,1.2,1.537037037037037,1.4166666666666667,1.25,1.2,1.2,1.7735849056603774,1.309090909090909,1.6037735849056605,1.0566037735849056,1.2363636363636363,1.4363636363636363,0.26851851851851855,0.1574074074074074,-0.337037037037037,14.25,12.125,4.71875,10.65625,2.09375,2.125,3.0,1.0,1.0,11.0,7.0,2.0,2.3333333333333335,2.1481481481481484,0.8703703703703703,2.2,1.4,2.6,2.056603773584906,2.4,0.7636363636363637,1.8867924528301887,0.9811320754716981,0.4351851851851852,0.06481481481481481,-0.3333333333333335,18.28125,10.375,6.96875,10.0625,2.21875,7.90625
laliga-2025-2026-04-25-alaves-v-mallorca,2026-04-25,2025,Alaves,Mallorca,2,1,2,0.5833333333333334,0.0,572.5458847204633,4,4,999,0,1.0,0,999,0,1.0,0,0,0,1.0,3.0,1.0,11.0,11.0,1.2,1.1203703703703705,1.0185185185185186,1.3148148148148149,2.2,2.2,1.4339622641509433,0.8181818181818182,1.0566037735849056,1.0188679245283019,0.9818181818181818,1.6,0.21296296296296297,0.35185185185185186,0.0796296296296295,12.28125,12.9375,3.9375,15.1875,2.75,-0.65625,3.0,1.0,1.0,9.0,5.0,2.0,1.1388888888888888,1.0,1.2685185185185186,1.8,1.0,1.490909090909091,0.7735849056603774,1.1636363636363636,1.0363636363636364,0.8301886792452831,1.509433962264151,0.21296296296296297,0.3425925925925926,0.8611111111111112,10.75,14.90625,4.125,11.5,2.4375,-4.15625
laliga-2025-2026-04-25-getafe-v-barcelona,2026-04-25,2025,Getafe,Barcelona,0,2,0,0.16666666666666666,0.0,505.3079785831502,3,3,999,0,1.0,0,999,0,1.0,0,0,0,3.0,0.0,2.0,5.0,3.0,1.8,1.1944444444444444,0.9629629629629629,1.1574074074074074,1.0,0.6,1.3018867924528301,1.0909090909090908,0.9245283018867925,0.9811320754716981,1.0,1.3272727272727274,0.26851851851851855,0.4074074074074074,0.6055555555555556,9.25,11.21875,2.84375,15.375,3.5,-1.96875,5.0,0.0,0.0,13.0,4.0,3.0,2.361111111111111,2.462962962962963,1.0462962962962963,2.6,0.8,2.5454545454545454,2.169811320754717,2.672727272727273,0.9090909090909091,2.2452830188679247,1.1886792452830188,0.39814814814814814,0.037037037037037035,0.6388888888888888,19.4375,9.09375,7.15625,9.40625,1.65625,10.34375
laliga-2025-2026-04-25-valencia-v-girona,2026-04-25,2025,Valencia,Girona,2,1,2,0.4166666666666667,0.0,387.4286140921075,4,4,999,0,1.0,0,999,0,1.0,0,0,0,1.0,1.0,3.0,5.0,6.0,0.8,1.212962962962963,1.1018518518518519,1.3518518518518519,1.0,1.2,1.5849056603773586,0.8545454545454545,1.2641509433962264,0.9811320754716981,0.9454545454545454,1.709090909090909,0.26851851851851855,0.28703703703703703,-0.412962962962963,11.6875,11.9375,3.1875,12.1875,2.0625,-0.25,2.0,1.0,2.0,7.0,5.0,1.4,1.4814814814814814,1.5185185185185186,1.4259259259259258,1.4,1.0,1.7222222222222223,1.2407407407407407,1.8333333333333333,1.3703703703703705,1.2037037037037037,1.4814814814814814,0.24074074074074073,0.24074074074074073,-0.08148148148148149,10.34375,15.28125,3.8125,10.65625,2.5,-4.9375
laliga-2025-2026-04-25-ath-madrid-v-ath-bilbao,2026-04-25,2025,Ath Madrid,Ath Bilbao,3,2,2,0.5714285714285714,0.0,318.9219671527912,3,4,999,0,1.0,0,999,0,1.0,0,0,0,1.0,0.0,4.0,7.0,10.0,0.6,1.9351851851851851,1.7685185185185186,1.0,1.4,2.0,2.5,1.3703703703703705,2.2037037037037037,0.9444444444444444,1.3333333333333333,1.0555555555555556,0.3888888888888889,0.16666666666666666,-1.335185185185185,13.15625,11.03125,5.25,11.34375,2.34375,2.125,2.0,0.0,3.0,4.0,8.0,1.2,1.6574074074074074,1.3796296296296295,1.0277777777777777,0.8,1.6,2.0,1.3018867924528301,1.7272727272727273,0.9090909090909091,1.0188679245283019,1.150943396226415,0.3611111111111111,0.26851851851851855,-0.4574074074074075,13.78125,9.78125,4.5,13.6875,2.65625,4.0
laliga-2025-2026-04-26-osasuna-v-sevilla,2026-04-26,2025,Osasuna,Sevilla,2,1,2,0.5833333333333334,0.0,705.5950045460971,5,3,999,0,1.0,0,999,0,1.0,0,0,0,1.0,2.0,2.0,5.0,7.0,1.0,1.2592592592592593,1.2037037037037037,1.3611111111111112,1.0,1.4,1.6603773584905661,0.8727272727272727,1.471698113207547,1.2452830188679245,0.9454545454545454,1.4727272727272727,0.24074074074074073,0.26851851851851855,-0.2592592592592593,11.375,12.46875,3.75,13.5625,2.75,-1.09375,1.0,0.0,4.0,4.0,11.0,0.6,1.0740740740740742,1.1944444444444444,1.5,0.8,2.2,1.2222222222222223,0.9259259259259259,1.2037037037037037,1.3518518518518519,1.1851851851851851,1.6481481481481481,0.21296296296296297,0.25,-0.4740740740740742,11.03125,10.6875,3.46875,14.625,3.21875,0.34375
laliga-2025-2026-04-26-rayo-vallecano-v-real-sociedad,2026-04-26,2025,Rayo Vallecano,Real Sociedad,3,3,1,0.6666666666666666,0.0,352.34262041755716,3,4,999,0,1.0,0,999,0,1.0,0,0,0,2.0,1.0,2.0,3.0,5.0,1.4,1.1851851851851851,0.9259259259259259,1.212962962962963,0.6,1.0,1.3333333333333333,1.037037037037037,1.1111111111111112,1.1666666666666667,0.7407407407407407,1.2592592592592593,0.3055555555555556,0.37037037037037035,0.2148148148148148,13.8125,12.125,4.5625,13.125,3.125,1.6875,2.0,1.0,2.0,9.0,8.0,1.4,1.3703703703703705,1.25,1.2407407407407407,1.8,1.6,1.5454545454545454,1.1886792452830188,1.4181818181818182,1.1818181818181819,1.0754716981132075,1.3018867924528301,0.28703703703703703,0.3055555555555556,0.02962962962962945,12.96875,12.90625,4.75,14.28125,2.34375,0.0625
laliga-2025-2026-04-26-oviedo-v-elche,2026-04-26,2025,Oviedo,Elche,1,2,0,0.0,0.0,713.2798594782089,3,4,999,0,1.0,0,999,0,1.0,0,0,0,3.0,1.0,1.0,8.0,5.0,2.0,0.875,0.78125,1.53125,1.6,1.0,1.125,0.625,0.5,0.9375,1.0625,2.125,0.28125,0.5,1.125,9.96875,15.0,3.3125,12.65625,2.78125,-5.03125,3.0,0.0,2.0,7.0,8.0,1.8,1.09375,1.3125,1.53125,1.4,1.6,1.8235294117647058,0.26666666666666666,1.6470588235294117,1.0588235294117647,0.9333333333333333,2.066666666666667,0.21875,0.15625,0.70625,11.0625,14.5625,3.9375,12.875,2.28125,-3.5
laliga-2025-2026-04-26-villarreal-v-celta,2026-04-26,2025,Villarreal,Celta,2,1,2,0.5833333333333334,0.0,766.1990508700139,3,4,999,0,1.0,0,999,0,1.0,0,0,0,2.0,2.0,1.0,7.0,5.0,1.6,1.712962962962963,1.787037037037037,1.4166666666666667,1.4,1.0,1.830188679245283,1.6,2.1320754716981134,1.3584905660377358,1.4545454545454546,1.4727272727272727,0.19444444444444445,0.1388888888888889,-0.11296296296296293,12.0,12.8125,4.5,12.1875,2.34375,-0.8125,1.0,1.0,3.0,7.0,11.0,0.8,1.2962962962962963,1.3796296296296295,1.4351851851851851,1.4,2.2,1.4259259259259258,1.1666666666666667,1.4074074074074074,1.2592592592592593,1.3518518518518519,1.6111111111111112,0.2037037037037037,0.21296296296296297,-0.49629629629629624,10.59375,11.875,4.1875,11.625,1.9375,-1.28125
laliga-2025-2026-04-27-espanyol-v-levante,2026-04-27,2025,Espanyol,Levante,0,0,1,0.6666666666666666,0.0,293.83949171694553,4,4,999,0,1.0,0,999,0,1.0,0,0,0,0.0,1.0,4.0,3.0,9.0,0.2,1.1428571428571428,1.1,1.4285714285714286,0.6,1.8,1.5,0.8055555555555556,1.2058823529411764,1.2058823529411764,1.0,1.6388888888888888,0.22857142857142856,0.2571428571428571,-0.9428571428571428,12.78125,13.5,4.09375,13.84375,2.65625,-0.71875,3.0,1.0,1.0,8.0,5.0,2.0,1.0,1.15625,1.5625,1.6,1.0,1.1764705882352942,0.8,1.2352941176470589,1.5294117647058822,1.0666666666666667,1.6,0.21875,0.34375,1.0,11.8125,16.0,3.53125,12.65625,2.5,-4.1875
laliga-2025-2026-05-01-girona-v-mallorca,2026-05-01,2025,Girona,Mallorca,0,1,0,0.5,0.0,266.14096704721,6,6,999,0,1.0,0,999,0,1.0,0,0,0,1.0,1.0,3.0,5.0,7.0,0.8,1.4678899082568808,1.5137614678899083,1.4311926605504588,1.0,1.4,1.7222222222222223,1.2181818181818183,1.8333333333333333,1.3703703703703705,1.2,1.490909090909091,0.23853211009174313,0.23853211009174313,-0.6678899082568808,10.242424242424242,15.181818181818182,3.8181818181818183,10.575757575757576,2.484848484848485,-4.9393939393939394,2.0,1.0,2.0,8.0,6.0,1.4,1.128440366972477,1.0,1.275229357798165,1.6,1.2,1.490909090909091,0.7592592592592593,1.1636363636363636,1.0363636363636364,0.8333333333333334,1.5185185185185186,0.21100917431192662,0.3394495412844037,0.27155963302752295,10.545454545454545,14.909090909090908,4.0606060606060606,11.575757575757576,2.393939393939394,-4.363636363636363
laliga-2025-2026-05-02-villarreal-v-levante,2026-05-02,2025,Villarreal,Levante,5,1,2,1.0,0.0,57.10537617130791,6,5,999,0,1.0,0,999,0,1.0,0,0,0,3.0,1.0,1.0,8.0,5.0,2.0,1.724770642201835,1.7889908256880733,1.4128440366972477,1.6,1.0,1.8518518518518519,1.6,2.1296296296296298,1.3518518518518519,1.4545454545454546,1.4727272727272727,0.1926605504587156,0.13761467889908258,0.27522935779816504,12.030303030303031,12.696969696969697,4.484848484848484,12.212121212121213,2.3636363636363638,-0.6666666666666661,3.0,1.0,1.0,7.0,4.0,2.0,1.0,1.121212121212121,1.5151515151515151,1.4,0.8,1.1764705882352942,0.8125,1.2352941176470589,1.5294117647058822,1.0,1.5,0.24242424242424243,0.36363636363636365,1.0,11.696969696969697,15.787878787878787,3.5454545454545454,12.727272727272727,2.515151515151515,-4.09090909090909
laliga-2025-2026-05-02-valencia-v-ath-madrid,2026-05-02,2025,Valencia,Ath Madrid,0,2,0,0.16666666666666666,0.0,294.86048250440695,7,7,999,0,1.0,0,999,0,1.0,0,0,0,2.0,1.0,2.0,7.0,6.0,1.4,1.2293577981651376,1.110091743119266,1.348623853211009,1.4,1.2,1.6111111111111112,0.8545454545454545,1.2777777777777777,0.9814814814814815,0.9454545454545454,1.709090909090909,0.26605504587155965,0.28440366972477066,0.17064220183486234,11.696969696969697,11.787878787878787,3.1818181818181817,12.484848484848484,2.0606060606060606,-0.09090909090908994,1.0,0.0,4.0,9.0,12.0,0.6,1.944954128440367,1.7798165137614679,1.0091743119266054,1.8,2.4,2.5090909090909093,1.3703703703703705,2.2181818181818183,0.9636363636363636,1.3333333333333333,1.0555555555555556,0.3853211009174312,0.1651376146788991,-1.3449541284403672,12.93939393939394,11.06060606060606,5.212121212121212,11.242424242424242,2.272727272727273,1.878787878787879
laliga-2025-2026-05-02-alaves-v-ath-bilbao,2026-05-02,2025,Alaves,Ath Bilbao,2,4,0,0.2857142857142857,0.0,51.43559190820587,7,7,999,0,1.0,0,999,0,1.0,0,0,0,2.0,2.0,1.0,12.0,11.0,1.6,1.1376146788990826,1.0275229357798166,1.311926605504587,2.4,2.2,1.462962962962963,0.8181818181818182,1.0740740740740742,1.0185185185185186,0.9818181818181818,1.6,0.21100917431192662,0.3486238532110092,0.46238532110091746,12.363636363636363,12.666666666666666,3.9393939393939394,15.181818181818182,2.727272727272727,-0.30303030303030276,2.0,0.0,3.0,6.0,8.0,1.2,1.6422018348623852,1.385321100917431,1.0458715596330275,1.2,1.6,2.0,1.2777777777777777,1.7272727272727273,0.9090909090909091,1.037037037037037,1.1851851851851851,0.3577981651376147,0.26605504587155965,-0.4422018348623853,13.727272727272727,9.666666666666666,4.484848484848484,13.636363636363637,2.5757575757575757,4.0606060606060606
laliga-2025-2026-05-02-osasuna-v-barcelona,2026-05-02,2025,Osasuna,Barcelona,1,2,0,0.16666666666666666,0.0,347.5726504119322,6,7,999,0,1.0,0,999,0,1.0,0,0,0,2.0,2.0,1.0,6.0,5.0,1.6,1.275229357798165,1.2110091743119267,1.3577981651376148,1.2,1.0,1.6851851851851851,0.8727272727272727,1.4814814814814814,1.2407407407407407,0.9454545454545454,1.4727272727272727,0.23853211009174313,0.26605504587155965,0.32477064220183505,11.484848484848484,12.333333333333334,3.8484848484848486,13.484848484848484,2.727272727272727,-0.8484848484848495,5.0,0.0,0.0,10.0,2.0,3.0,2.36697247706422,2.458715596330275,1.036697247706422,2.0,0.4,2.5454545454545454,2.185185185185185,2.672727272727273,0.9090909090909091,2.240740740740741,1.1666666666666667,0.4036697247706422,0.03669724770642202,0.6330275229357798,19.242424242424242,8.93939393939394,7.0606060606060606,9.363636363636363,1.6666666666666667,10.303030303030303
laliga-2025-2026-05-03-celta-v-elche,2026-05-03,2025,Celta,Elche,3,1,2,0.5,0.0,810.7257739864532,7,7,999,0,1.0,0,999,0,1.0,0,0,0,1.0,0.0,4.0,7.0,12.0,0.6,1.2844036697247707,1.3761467889908257,1.4403669724770642,1.4,2.4,1.4259259259259258,1.1454545454545455,1.4074074074074074,1.2592592592592593,1.3454545454545455,1.6181818181818182,0.2018348623853211,0.21100917431192662,-0.6844036697247707,10.545454545454545,11.909090909090908,4.151515151515151,11.757575757575758,2.0606060606060606,-1.3636363636363633,4.0,0.0,1.0,8.0,5.0,2.4,1.1515151515151516,1.3333333333333333,1.5151515151515151,1.6,1.0,1.8235294117647058,0.4375,1.6470588235294117,1.0588235294117647,1.0,2.0,0.21212121212121213,0.15151515151515152,1.2484848484848483,10.848484848484848,14.484848484848484,3.9393939393939394,12.909090909090908,2.272727272727273,-3.6363636363636367
laliga-2025-2026-05-03-getafe-v-rayo-vallecano,2026-05-03,2025,Getafe,Rayo Vallecano,0,2,0,0.25,0.0,10.377781893936726,8,7,999,0,1.0,0,999,0,1.0,0,0,0,3.0,0.0,2.0,5.0,4.0,1.8,1.18348623853211,0.9541284403669725,1.165137614678899,1.0,0.8,1.2777777777777777,1.0909090909090908,0.9074074074074074,1.0,1.0,1.3272727272727274,0.26605504587155965,0.41284403669724773,0.6165137614678899,9.090909090909092,11.272727272727273,2.757575757575758,15.363636363636363,3.4545454545454546,-2.1818181818181817,2.0,1.0,2.0,5.0,7.0,1.4,1.18348623853211,0.944954128440367,1.2293577981651376,1.0,1.4,1.3272727272727274,1.037037037037037,1.1454545454545455,1.2,0.7407407407407407,1.2592592592592593,0.30275229357798167,0.3669724770642202,0.2165137614678898,14.121212121212121,12.151515151515152,4.696969696969697,13.151515151515152,3.272727272727273,1.9696969696969688
laliga-2025-2026-05-03-betis-v-oviedo,2026-05-03,2025,Betis,Oviedo,3,0,2,0.75,0.0,664.6796028863018,9,7,999,0,1.0,0,999,0,1.0,0,0,0,1.0,3.0,1.0,6.0,6.0,1.2,1.5321100917431192,1.4128440366972477,1.2477064220183487,1.2,1.2,1.7592592592592593,1.309090909090909,1.5925925925925926,1.0555555555555556,1.2363636363636363,1.4363636363636363,0.26605504587155965,0.1559633027522936,-0.33211009174311923,14.393939393939394,12.121212121212121,4.696969696969697,10.636363636363637,2.0606060606060606,2.2727272727272734,2.0,1.0,2.0,8.0,7.0,1.4,0.8484848484848485,0.7878787878787878,1.5454545454545454,1.6,1.4,1.0588235294117647,0.625,0.5294117647058824,1.0,1.0625,2.125,0.2727272727272727,0.48484848484848486,0.5515151515151514,10.030303030303031,14.666666666666666,3.303030303030303,12.909090909090908,2.757575757575758,-4.636363636363635
laliga-2025-2026-05-03-espanyol-v-real-madrid,2026-05-03,2025,Espanyol,Real Madrid,0,2,0,0.2,0.0,494.3576417774644,6,9,999,0,1.0,0,999,0,1.0,0,0,0,0.0,2.0,3.0,2.0,7.0,0.4,1.1408450704225352,1.0845070422535212,1.408450704225352,0.4,1.4,1.4857142857142858,0.8055555555555556,1.1714285714285715,1.1714285714285715,1.0,1.6388888888888888,0.23943661971830985,0.2676056338028169,-0.7408450704225352,12.666666666666666,13.333333333333334,4.0606060606060606,13.787878787878787,2.727272727272727,-0.6666666666666679,2.0,2.0,1.0,8.0,7.0,1.6,2.3211009174311927,2.1376146788990824,0.8715596330275229,1.6,1.4,2.6,2.037037037037037,2.4,0.7636363636363637,1.8703703703703705,0.9814814814814815,0.43119266055045874,0.06422018348623854,-0.7211009174311926,18.09090909090909,10.636363636363637,7.0,10.0,2.212121212121212,7.454545454545453
laliga-2025-2026-05-04-sevilla-v-real-sociedad,2026-05-04,2025,Sevilla,Real Sociedad,1,0,2,0.5,0.0,739.794439118782,8,8,999,0,1.0,0,999,0,1.0,0,0,0,1.0,0.0,4.0,3.0,8.0,0.6,1.0642201834862386,1.1926605504587156,1.5045871559633028,0.6,1.6,1.2222222222222223,0.9090909090909091,1.2037037037037037,1.3518518518518519,1.1818181818181819,1.6545454545454545,0.21100917431192662,0.24770642201834864,-0.4642201834862386,10.93939393939394,10.818181818181818,3.4242424242424243,14.575757575757576,3.1818181818181817,0.1212121212121211,1.0,2.0,2.0,9.0,10.0,1.0,1.3669724770642202,1.2660550458715596,1.2568807339449541,1.8,2.0,1.5454545454545454,1.1851851851851851,1.4181818181818182,1.1818181818181819,1.1111111111111112,1.3333333333333333,0.28440366972477066,0.30275229357798167,-0.3669724770642202,12.969696969696969,13.242424242424242,4.848484848484849,14.212121212121213,2.393939393939394,-0.2727272727272734
laliga-2025-2026-05-08-levante-v-osasuna,2026-05-08,2025,Levante,Osasuna,3,2,2,0.5,0.0,384.19801421511994,6,6,999,0,1.0,0,999,0,1.0,0,0,0,2.0,1.0,2.0,4.0,7.0,1.4,0.9705882352941176,1.1176470588235294,1.6176470588235294,0.8,1.4,1.1764705882352942,0.7647058823529411,1.2352941176470589,1.5294117647058822,1.0,1.7058823529411764,0.23529411764705882,0.35294117647058826,0.42941176470588227,11.705882352941176,15.911764705882353,3.5294117647058822,12.558823529411764,2.4705882352941178,-4.2058823529411775,1.0,2.0,2.0,6.0,7.0,1.0,1.2636363636363637,1.209090909090909,1.3636363636363635,1.2,1.4,1.6545454545454545,0.8727272727272727,1.4727272727272727,1.2545454545454546,0.9454545454545454,1.4727272727272727,0.23636363636363636,0.2636363636363636,-0.26363636363636367,11.411764705882353,12.352941176470589,3.8529411764705883,13.352941176470589,2.7058823529411766,-0.9411764705882355
laliga-2025-2026-05-09-elche-v-alaves,2026-05-09,2025,Elche,Alaves,1,1,1,0.25,0.0,535.7036504095581,6,7,999,0,1.0,0,999,0,1.0,0,0,0,3.0,0.0,2.0,7.0,7.0,1.8,1.1176470588235294,1.3235294117647058,1.5588235294117647,1.4,1.4,1.8235294117647058,0.4117647058823529,1.6470588235294117,1.0588235294117647,1.0,2.0588235294117645,0.20588235294117646,0.14705882352941177,0.6823529411764706,10.970588235294118,14.235294117647058,3.9411764705882355,12.970588235294118,2.235294117647059,-3.2647058823529402,1.0,2.0,2.0,10.0,12.0,1.0,1.1272727272727272,1.0363636363636364,1.3363636363636364,2.0,2.4,1.4363636363636363,0.8181818181818182,1.0909090909090908,1.0727272727272728,0.9818181818181818,1.6,0.20909090909090908,0.34545454545454546,-0.1272727272727272,12.205882352941176,12.558823529411764,3.9411764705882355,14.970588235294118,2.764705882352941,-0.35294117647058876
laliga-2025-2026-05-09-sevilla-v-espanyol,2026-05-09,2025,Sevilla,Espanyol,2,1,2,0.6,0.0,819.5876816472664,5,6,999,0,1.0,0,999,0,1.0,0,0,0,2.0,0.0,3.0,4.0,6.0,1.2,1.0818181818181818,1.190909090909091,1.490909090909091,0.8,1.2,1.2545454545454546,0.9090909090909091,1.2,1.3272727272727274,1.1818181818181819,1.6545454545454545,0.21818181818181817,0.24545454545454545,0.11818181818181817,11.176470588235293,10.676470588235293,3.4705882352941178,14.705882352941176,3.176470588235294,0.5,0.0,2.0,3.0,1.0,7.0,0.4,1.125,1.0694444444444444,1.4166666666666667,0.2,1.4,1.4444444444444444,0.8055555555555556,1.1388888888888888,1.1944444444444444,1.0,1.6388888888888888,0.2361111111111111,0.2777777777777778,-0.725,12.794117647058824,13.382352941176471,4.029411764705882,13.941176470588236,2.735294117647059,-0.5882352941176467
laliga-2025-2026-05-09-ath-madrid-v-celta,2026-05-09,2025,Ath Madrid,Celta,0,1,0,0.6666666666666666,0.0,472.3895555111108,7,6,999,0,1.0,0,999,0,1.0,0,0,0,2.0,0.0,3.0,9.0,9.0,1.2,1.9545454545454546,1.7818181818181817,1.0,1.8,1.8,2.5090909090909093,1.4,2.2181818181818183,0.9636363636363636,1.3454545454545455,1.0363636363636364,0.39090909090909093,0.16363636363636364,-0.7545454545454546,13.147058823529411,11.088235294117647,5.205882352941177,11.264705882352942,2.2941176470588234,2.0588235294117645,2.0,0.0,3.0,7.0,9.0,1.2,1.3,1.3909090909090909,1.4363636363636363,1.4,1.8,1.4545454545454546,1.1454545454545455,1.4363636363636363,1.2545454545454546,1.3454545454545455,1.6181818181818182,0.2,0.20909090909090908,-0.10000000000000009,10.411764705882353,12.0,4.147058823529412,11.823529411764707,2.0588235294117645,-1.5882352941176467
laliga-2025-2026-05-09-real-sociedad-v-betis,2026-05-09,2025,Real Sociedad,Betis,2,2,1,0.42857142857142855,0.0,739.794439118782,5,6,999,0,1.0,0,999,0,1.0,0,0,0,1.0,2.0,2.0,8.0,8.0,1.0,1.3545454545454545,1.2545454545454546,1.2545454545454546,1.6,1.6,1.5454545454545454,1.1636363636363636,1.4181818181818182,1.1818181818181819,1.0909090909090908,1.3272727272727274,0.2818181818181818,0.3090909090909091,-0.3545454545454545,12.764705882352942,13.411764705882353,4.705882352941177,14.117647058823529,2.3529411764705883,-0.6470588235294112,2.0,3.0,0.0,8.0,4.0,1.8,1.5454545454545454,1.4272727272727272,1.2363636363636363,1.6,0.8,1.7818181818181817,1.309090909090909,1.6181818181818182,1.0363636363636364,1.2363636363636363,1.4363636363636363,0.2727272727272727,0.15454545454545454,0.25454545454545463,14.264705882352942,12.264705882352942,4.705882352941177,10.588235294117647,2.0,2.0
laliga-2025-2026-05-10-mallorca-v-villarreal,2026-05-10,2025,Mallorca,Villarreal,1,1,1,0.16666666666666666,0.0,236.873397912926,9,8,999,0,1.0,0,999,0,1.0,0,0,0,3.0,1.0,1.0,8.0,4.0,2.0,1.1454545454545455,1.0,1.2636363636363637,1.6,0.8,1.490909090909091,0.8,1.1636363636363636,1.0363636363636364,0.8363636363636363,1.490909090909091,0.21818181818181817,0.33636363636363636,0.8545454545454545,10.470588235294118,14.882352941176471,4.0588235294117645,11.970588235294118,2.3823529411764706,-4.411764705882353,3.0,1.0,1.0,10.0,5.0,2.0,1.7363636363636363,1.8181818181818181,1.4090909090909092,2.0,1.0,1.8727272727272728,1.6,2.1818181818181817,1.3454545454545455,1.4545454545454546,1.4727272727272727,0.19090909090909092,0.13636363636363635,0.26363636363636367,12.264705882352942,12.676470588235293,4.588235294117647,12.264705882352942,2.3823529411764706,-0.4117647058823515
laliga-2025-2026-05-10-ath-bilbao-v-valencia,2026-05-10,2025,Ath Bilbao,Valencia,0,1,0,0.4166666666666667,0.0,472.84856035847474,8,8,999,0,1.0,0,999,0,1.0,0,0,0,2.0,0.0,3.0,8.0,9.0,1.2,1.6545454545454545,1.4090909090909092,1.0545454545454545,1.6,1.8,2.0,1.309090909090909,1.7272727272727273,0.9090909090909091,1.0909090909090908,1.2,0.35454545454545455,0.2636363636363636,-0.4545454545454546,13.588235294117647,9.588235294117647,4.470588235294118,13.617647058823529,2.6176470588235294,4.0,1.0,1.0,3.0,5.0,8.0,0.8,1.2181818181818183,1.1,1.3545454545454545,1.0,1.6,1.5818181818181818,0.8545454545454545,1.2545454545454546,1.0,0.9454545454545454,1.709090909090909,0.2636363636363636,0.2909090909090909,-0.4181818181818182,11.705882352941176,12.029411764705882,3.088235294117647,12.382352941176471,2.0294117647058822,-0.3235294117647065
laliga-2025-2026-05-10-oviedo-v-getafe,2026-05-10,2025,Oviedo,Getafe,0,0,1,0.25,0.0,383.1437939970989,7,7,999,0,1.0,0,999,0,1.0,0,0,0,2.0,1.0,2.0,6.0,6.0,1.4,0.8235294117647058,0.7647058823529411,1.588235294117647,1.2,1.2,1.0588235294117647,0.5882352941176471,0.5294117647058824,1.0,1.0,2.176470588235294,0.2647058823529412,0.5,0.5764705882352941,10.235294117647058,14.529411764705882,3.3529411764705883,12.647058823529411,2.676470588235294,-4.294117647058824,2.0,0.0,3.0,3.0,5.0,1.2,1.1727272727272726,0.9454545454545454,1.1727272727272726,0.6,1.0,1.2545454545454546,1.0909090909090908,0.8909090909090909,1.018181818181818,1.0,1.3272727272727274,0.2636363636363636,0.41818181818181815,0.027272727272727337,9.205882352941176,11.235294117647058,2.764705882352941,15.117647058823529,3.4411764705882355,-2.0294117647058822
laliga-2025-2026-05-10-barcelona-v-real-madrid,2026-05-10,2025,Barcelona,Real Madrid,2,0,2,0.5,0.0,499.0682158063144,8,7,999,0,1.0,0,999,0,1.0,0,0,0,5.0,0.0,0.0,11.0,3.0,3.0,2.3727272727272726,2.4545454545454546,1.0363636363636364,2.2,0.6,2.5454545454545454,2.2,2.672727272727273,0.9090909090909091,2.2363636363636363,1.1636363636363636,0.4,0.03636363636363636,0.6272727272727274,19.058823529411764,8.941176470588236,6.970588235294118,9.382352941176471,1.6764705882352942,10.117647058823529,2.0,2.0,1.0,7.0,5.0,1.6,2.327272727272727,2.1363636363636362,0.8636363636363636,1.4,1.0,2.6,2.0545454545454547,2.4,0.7636363636363637,1.8727272727272728,0.9636363636363636,0.43636363636363634,0.06363636363636363,-0.7272727272727271,18.0,10.823529411764707,6.9411764705882355,10.176470588235293,2.264705882352941,7.1764705882352935
laliga-2025-2026-05-11-rayo-vallecano-v-girona,2026-05-11,2025,Rayo Vallecano,Girona,1,1,1,0.5,0.0,570.2023860017887,8,10,999,0,1.0,0,999,0,1.0,0,0,0,3.0,1.0,1.0,7.0,6.0,2.0,1.2,0.9545454545454546,1.2181818181818183,1.4,1.2,1.3272727272727274,1.0727272727272728,1.1454545454545455,1.2,0.7636363636363637,1.2363636363636363,0.3090909090909091,0.36363636363636365,0.8,14.0,12.176470588235293,4.735294117647059,13.411764705882353,3.323529411764706,1.8235294117647065,1.0,1.0,3.0,5.0,7.0,0.8,1.4545454545454546,1.5,1.4272727272727272,1.0,1.4,1.690909090909091,1.2181818181818183,1.8,1.3636363636363635,1.2,1.490909090909091,0.23636363636363636,0.24545454545454545,-0.6545454545454545,10.352941176470589,14.970588235294118,3.823529411764706,10.5,2.5294117647058822,-4.617647058823529
laliga-2025-2026-05-12-betis-v-elche,2026-05-12,2025,Betis,Elche,2,1,2,0.75,0.0,473.39284905662055,3,3,999,0,1.0,0,999,0,1.0,0,0,0,2.0,3.0,0.0,10.0,6.0,1.8,1.5405405405405406,1.4324324324324325,1.2432432432432432,2.0,1.2,1.7818181818181817,1.3035714285714286,1.6181818181818182,1.0363636363636364,1.25,1.4464285714285714,0.2702702702702703,0.15315315315315314,0.2594594594594595,14.257142857142858,12.314285714285715,4.742857142857143,10.542857142857143,2.085714285714286,1.942857142857143,3.0,1.0,1.0,8.0,7.0,2.0,1.1142857142857143,1.3142857142857143,1.542857142857143,1.6,1.4,1.7777777777777777,0.4117647058823529,1.6111111111111112,1.0555555555555556,1.0,2.0588235294117645,0.2,0.14285714285714285,0.8857142857142857,11.114285714285714,14.17142857142857,3.9714285714285715,13.028571428571428,2.257142857142857,-3.057142857142857
laliga-2025-2026-05-12-osasuna-v-ath-madrid,2026-05-12,2025,Osasuna,Ath Madrid,1,2,0,0.2857142857142857,0.0,308.9531646022417,4,3,999,0,1.0,0,999,0,1.0,0,0,0,1.0,1.0,3.0,6.0,8.0,0.8,1.2522522522522523,1.2162162162162162,1.3783783783783783,1.2,1.6,1.6545454545454545,0.8571428571428571,1.4727272727272727,1.2545454545454546,0.9642857142857143,1.5,0.23423423423423423,0.26126126126126126,-0.4522522522522523,11.228571428571428,13.0,3.8285714285714287,13.342857142857143,2.6857142857142855,-1.7714285714285722,2.0,0.0,3.0,8.0,8.0,1.2,1.936936936936937,1.7657657657657657,1.0,1.6,1.6,2.4642857142857144,1.4,2.1785714285714284,0.9642857142857143,1.3454545454545455,1.0363636363636364,0.38738738738738737,0.17117117117117117,-0.736936936936937,13.342857142857143,10.857142857142858,5.171428571428572,11.257142857142858,2.257142857142857,2.4857142857142858
laliga-2025-2026-05-12-celta-v-levante,2026-05-12,2025,Celta,Levante,2,3,0,0.5,0.0,766.2050813784058,3,4,999,0,1.0,0,999,0,1.0,0,0,0,2.0,0.0,3.0,5.0,7.0,1.2,1.3153153153153154,1.3873873873873874,1.4234234234234233,1.0,1.4,1.4545454545454546,1.1785714285714286,1.4363636363636363,1.2545454545454546,1.3392857142857142,1.5892857142857142,0.2072072072072072,0.2072072072072072,-0.11531531531531547,10.2,12.228571428571428,4.057142857142857,11.857142857142858,2.057142857142857,-2.0285714285714285,3.0,1.0,1.0,7.0,7.0,2.0,1.0285714285714285,1.1714285714285715,1.6285714285714286,1.4,1.4,1.2777777777777777,0.7647058823529411,1.3333333333333333,1.5555555555555556,1.0,1.7058823529411764,0.22857142857142856,0.34285714285714286,0.9714285714285715,12.371428571428572,15.6,3.7714285714285714,12.514285714285714,2.4571428571428573,-3.2285714285714278
laliga-2025-2026-05-13-espanyol-v-ath-bilbao,2026-05-13,2025,Espanyol,Ath Bilbao,2,0,2,0.625,0.0,464.7887002243856,4,3,999,0,1.0,0,999,0,1.0,0,0,0,0.0,1.0,4.0,2.0,9.0,0.2,1.1095890410958904,1.0684931506849316,1.4246575342465753,0.4,1.8,1.4444444444444444,0.7837837837837838,1.1388888888888888,1.1944444444444444,1.0,1.6486486486486487,0.2328767123287671,0.273972602739726,-0.9095890410958904,12.714285714285714,13.6,4.057142857142857,14.028571428571428,2.8,-0.8857142857142861,2.0,0.0,3.0,8.0,8.0,1.2,1.6396396396396395,1.3963963963963963,1.054054054054054,1.6,1.6,1.9642857142857142,1.309090909090909,1.6964285714285714,0.9107142857142857,1.0909090909090908,1.2,0.35135135135135137,0.2702702702702703,-0.4396396396396396,13.6,9.514285714285714,4.457142857142857,13.485714285714286,2.6,4.085714285714285
laliga-2025-2026-05-13-villarreal-v-sevilla,2026-05-13,2025,Villarreal,Sevilla,2,3,0,0.75,0.0,583.4265952554996,3,4,999,0,1.0,0,999,0,1.0,0,0,0,3.0,2.0,0.0,11.0,5.0,2.2,1.7297297297297298,1.8108108108108107,1.4054054054054055,2.2,1.0,1.8727272727272728,1.5892857142857142,2.1818181818181817,1.3454545454545455,1.4464285714285714,1.4642857142857142,0.1891891891891892,0.13513513513513514,0.47027027027027035,12.114285714285714,12.82857142857143,4.514285714285714,12.285714285714286,2.3142857142857145,-0.7142857142857153,3.0,0.0,2.0,6.0,6.0,1.8,1.0990990990990992,1.1981981981981982,1.4864864864864864,1.2,1.2,1.2857142857142858,0.9090909090909091,1.2142857142857142,1.3214285714285714,1.1818181818181819,1.6545454545454545,0.21621621621621623,0.24324324324324326,0.7009009009009008,11.457142857142857,10.657142857142857,3.5428571428571427,14.685714285714285,3.2285714285714286,0.8000000000000007
laliga-2025-2026-05-13-alaves-v-barcelona,2026-05-13,2025,Alaves,Barcelona,1,0,2,0.16666666666666666,0.0,427.6700354261175,4,3,999,0,1.0,0,999,0,1.0,0,0,0,1.0,2.0,2.0,9.0,11.0,1.0,1.1261261261261262,1.0360360360360361,1.3333333333333333,1.8,2.2,1.4363636363636363,0.8214285714285714,1.0909090909090908,1.0727272727272728,0.9821428571428571,1.5892857142857142,0.2072072072072072,0.34234234234234234,-0.12612612612612617,12.2,12.657142857142857,3.942857142857143,14.914285714285715,2.857142857142857,-0.4571428571428573,5.0,0.0,0.0,11.0,2.0,3.0,2.3783783783783785,2.4504504504504503,1.027027027027027,2.2,0.4,2.5535714285714284,2.2,2.6607142857142856,0.8928571428571429,2.2363636363636363,1.1636363636363636,0.40540540540540543,0.036036036036036036,0.6216216216216215,18.8,8.914285714285715,6.9714285714285715,9.628571428571428,1.6857142857142857,9.885714285714286
laliga-2025-2026-05-13-getafe-v-mallorca,2026-05-13,2025,Getafe,Mallorca,3,1,2,0.4166666666666667,0.0,546.5249083201032,3,3,999,0,1.0,0,999,0,1.0,0,0,0,1.0,1.0,3.0,1.0,5.0,0.8,1.1711711711711712,0.9369369369369369,1.162162162162162,0.2,1.0,1.2545454545454546,1.0892857142857142,0.8909090909090909,1.018181818181818,0.9821428571428571,1.3035714285714286,0.2702702702702703,0.42342342342342343,-0.37117117117117115,9.571428571428571,11.142857142857142,2.8,15.142857142857142,3.4285714285714284,-1.5714285714285712,2.0,2.0,1.0,7.0,4.0,1.6,1.1441441441441442,1.0,1.2612612612612613,1.4,0.8,1.4821428571428572,0.8,1.1607142857142858,1.0357142857142858,0.8363636363636363,1.490909090909091,0.21621621621621623,0.3333333333333333,0.45585585585585586,10.685714285714285,14.657142857142857,4.171428571428572,12.114285714285714,2.3714285714285714,-3.9714285714285715
laliga-2025-2026-05-14-valencia-v-rayo-vallecano,2026-05-14,2025,Valencia,Rayo Vallecano,1,1,1,0.5,0.0,297.8524711943385,4,3,999,0,1.0,0,999,0,1.0,0,0,0,2.0,1.0,2.0,4.0,5.0,1.4,1.2342342342342343,1.0990990990990992,1.3423423423423424,0.8,1.0,1.5818181818181818,0.8928571428571429,1.2545454545454546,1.0,0.9464285714285714,1.6785714285714286,0.2702702702702703,0.2882882882882883,0.16576576576576563,11.571428571428571,12.085714285714285,3.085714285714286,12.228571428571428,2.057142857142857,-0.5142857142857142,2.0,2.0,1.0,7.0,7.0,1.6,1.1981981981981982,0.954954954954955,1.2162162162162162,1.4,1.4,1.3214285714285714,1.0727272727272728,1.1428571428571428,1.1964285714285714,0.7636363636363637,1.2363636363636363,0.3063063063063063,0.36036036036036034,0.4018018018018019,14.114285714285714,12.085714285714285,4.742857142857143,13.314285714285715,3.257142857142857,2.0285714285714285
laliga-2025-2026-05-14-girona-v-real-sociedad,2026-05-14,2025,Girona,Real Sociedad,1,1,1,0.4166666666666667,0.0,418.93707768064667,3,5,999,0,1.0,0,999,0,1.0,0,0,0,0.0,2.0,3.0,5.0,8.0,0.4,1.4504504504504505,1.4954954954954955,1.4234234234234233,1.0,1.6,1.690909090909091,1.2142857142857142,1.8,1.3636363636363635,1.1964285714285714,1.4821428571428572,0.23423423423423423,0.24324324324324326,-1.0504504504504504,10.314285714285715,15.057142857142857,3.857142857142857,10.457142857142857,2.4857142857142858,-4.742857142857142,0.0,3.0,2.0,8.0,10.0,0.6,1.3513513513513513,1.2612612612612613,1.2612612612612613,1.6,2.0,1.5357142857142858,1.1636363636363636,1.4285714285714286,1.1964285714285714,1.0909090909090908,1.3272727272727274,0.27927927927927926,0.3063063063063063,-0.7513513513513513,12.8,13.428571428571429,4.742857142857143,14.057142857142857,2.342857142857143,-0.6285714285714281
laliga-2025-2026-05-14-real-madrid-v-oviedo,2026-05-14,2025,Real Madrid,Oviedo,2,0,2,1.0,0.0,369.8793787821121,4,4,999,0,1.0,0,999,0,1.0,0,0,0,2.0,2.0,1.0,6.0,5.0,1.6,2.3063063063063063,2.1171171171171173,0.8738738738738738,1.2,1.0,2.6,2.017857142857143,2.4,0.7636363636363637,1.8392857142857142,0.9821428571428571,0.43243243243243246,0.07207207207207207,-0.7063063063063062,17.714285714285715,10.8,6.771428571428571,10.142857142857142,2.3142857142857145,6.914285714285715,1.0,2.0,2.0,5.0,6.0,1.0,0.8285714285714286,0.7428571428571429,1.542857142857143,1.0,1.2,1.0555555555555556,0.5882352941176471,0.5,0.9444444444444444,1.0,2.176470588235294,0.2857142857142857,0.5142857142857142,0.17142857142857137,10.17142857142857,14.742857142857142,3.3714285714285714,12.542857142857143,2.7714285714285714,-4.571428571428571
laliga-2025-2026-05-17-ath-madrid-v-girona,2026-05-17,2025,Ath Madrid,Girona,1,0,2,0.8333333333333334,0.0,563.7604753188742,5,3,999,0,1.0,0,999,0,1.0,0,0,0,3.0,0.0,2.0,9.0,7.0,1.8,1.9464285714285714,1.7678571428571428,1.0,1.8,1.4,2.4642857142857144,1.4285714285714286,2.1785714285714284,0.9642857142857143,1.3571428571428572,1.0357142857142858,0.38392857142857145,0.16964285714285715,-0.14642857142857135,13.11111111111111,11.194444444444445,5.138888888888889,11.277777777777779,2.388888888888889,1.916666666666666,0.0,2.0,3.0,5.0,8.0,0.4,1.4464285714285714,1.4910714285714286,1.4196428571428572,1.0,1.6,1.6785714285714286,1.2142857142857142,1.7857142857142858,1.3571428571428572,1.1964285714285714,1.4821428571428572,0.23214285714285715,0.24107142857142858,-1.0464285714285713,10.833333333333334,14.805555555555555,3.861111111111111,10.527777777777779,2.4722222222222223,-3.9722222222222214
laliga-2025-2026-05-17-elche-v-getafe,2026-05-17,2025,Elche,Getafe,1,0,2,0.5,0.0,344.5997863436764,5,4,999,0,1.0,0,999,0,1.0,0,0,0,2.0,1.0,2.0,8.0,9.0,1.4,1.0833333333333333,1.3055555555555556,1.5555555555555556,1.6,1.8,1.7777777777777777,0.3888888888888889,1.6111111111111112,1.0555555555555556,1.0,2.0555555555555554,0.19444444444444445,0.1388888888888889,0.31666666666666665,11.027777777777779,14.222222222222221,3.9166666666666665,13.027777777777779,2.3333333333333335,-3.194444444444443,2.0,1.0,2.0,4.0,5.0,1.4,1.1875,0.9553571428571429,1.1607142857142858,0.8,1.0,1.2857142857142858,1.0892857142857142,0.9285714285714286,1.0178571428571428,0.9821428571428571,1.3035714285714286,0.26785714285714285,0.41964285714285715,0.2124999999999999,9.472222222222221,11.083333333333334,2.8333333333333335,15.194444444444445,3.4166666666666665,-1.6111111111111125
laliga-2025-2026-05-17-ath-bilbao-v-celta,2026-05-17,2025,Ath Bilbao,Celta,1,1,1,0.6428571428571429,0.0,487.0823988578239,4,5,999,0,1.0,0,999,0,1.0,0,0,0,2.0,0.0,3.0,7.0,8.0,1.2,1.625,1.3839285714285714,1.0625,1.4,1.6,1.9642857142857142,1.2857142857142858,1.6964285714285714,0.9107142857142857,1.0714285714285714,1.2142857142857142,0.3482142857142857,0.2767857142857143,-0.42500000000000004,13.527777777777779,9.583333333333334,4.444444444444445,13.5,2.5277777777777777,3.9444444444444446,2.0,0.0,3.0,7.0,7.0,1.2,1.3035714285714286,1.3928571428571428,1.4375,1.4,1.4,1.4285714285714286,1.1785714285714286,1.4464285714285714,1.2857142857142858,1.3392857142857142,1.5892857142857142,0.20535714285714285,0.20535714285714285,-0.10357142857142865,10.222222222222221,12.277777777777779,4.111111111111111,11.722222222222221,2.0,-2.055555555555557
laliga-2025-2026-05-17-levante-v-mallorca,2026-05-17,2025,Levante,Mallorca,2,0,2,0.75,0.0,258.0155904442096,5,4,999,0,1.0,0,999,0,1.0,0,0,0,3.0,1.0,1.0,9.0,9.0,2.0,1.0833333333333333,1.2222222222222223,1.6388888888888888,1.8,1.8,1.2777777777777777,0.8888888888888888,1.3333333333333333,1.5555555555555556,1.1111111111111112,1.7222222222222223,0.2222222222222222,0.3333333333333333,0.9166666666666667,12.416666666666666,15.472222222222221,3.8333333333333335,12.444444444444445,2.4444444444444446,-3.0555555555555554,1.0,2.0,2.0,5.0,7.0,1.0,1.1339285714285714,1.0,1.2767857142857142,1.0,1.4,1.4821428571428572,0.7857142857142857,1.1607142857142858,1.0357142857142858,0.8392857142857143,1.5178571428571428,0.21428571428571427,0.33035714285714285,-0.1339285714285714,10.63888888888889,14.416666666666666,4.111111111111111,12.277777777777779,2.4166666666666665,-3.777777777777777
laliga-2025-2026-05-17-osasuna-v-espanyol,2026-05-17,2025,Osasuna,Espanyol,1,2,0,0.3,0.0,346.1772743456447,5,4,999,0,1.0,0,999,0,1.0,0,0,0,1.0,0.0,4.0,6.0,9.0,0.6,1.2410714285714286,1.2142857142857142,1.3839285714285714,1.2,1.8,1.625,0.8571428571428571,1.4642857142857142,1.2678571428571428,0.9642857142857143,1.5,0.23214285714285715,0.25892857142857145,-0.6410714285714286,11.555555555555555,12.777777777777779,3.861111111111111,13.38888888888889,2.7777777777777777,-1.2222222222222232,1.0,1.0,3.0,3.0,5.0,0.8,1.135135135135135,1.0810810810810811,1.4054054054054055,0.6,1.0,1.4864864864864864,0.7837837837837838,1.162162162162162,1.162162162162162,1.0,1.6486486486486487,0.24324324324324326,0.2702702702702703,-0.33513513513513504,12.694444444444445,13.527777777777779,4.083333333333333,13.88888888888889,2.7222222222222223,-0.8333333333333339
laliga-2025-2026-05-17-oviedo-v-alaves,2026-05-17,2025,Oviedo,Alaves,0,1,0,0.25,0.0,264.71807183928377,3,4,999,0,1.0,0,999,0,1.0,0,0,0,0.0,2.0,3.0,2.0,8.0,0.4,0.8055555555555556,0.7222222222222222,1.5555555555555556,0.4,1.6,1.0555555555555556,0.5555555555555556,0.5,0.9444444444444444,0.9444444444444444,2.1666666666666665,0.2777777777777778,0.5277777777777778,-0.40555555555555556,10.13888888888889,14.86111111111111,3.3055555555555554,12.583333333333334,2.6944444444444446,-4.722222222222221,2.0,1.0,2.0,7.0,8.0,1.4,1.1428571428571428,1.0357142857142858,1.3214285714285714,1.4,1.6,1.4642857142857142,0.8214285714285714,1.0892857142857142,1.0535714285714286,0.9821428571428571,1.5892857142857142,0.21428571428571427,0.3392857142857143,0.2571428571428571,12.11111111111111,12.527777777777779,3.9166666666666665,14.88888888888889,2.8055555555555554,-0.41666666666666785
laliga-2025-2026-05-17-rayo-vallecano-v-villarreal,2026-05-17,2025,Rayo Vallecano,Villarreal,2,0,2,0.3333333333333333,0.0,306.1113784234836,3,4,999,0,1.0,0,999,0,1.0,0,0,0,2.0,3.0,0.0,8.0,5.0,1.8,1.1964285714285714,0.9553571428571429,1.2142857142857142,1.6,1.0,1.3214285714285714,1.0714285714285714,1.1428571428571428,1.1964285714285714,0.7678571428571429,1.2321428571428572,0.30357142857142855,0.35714285714285715,0.6035714285714286,13.88888888888889,12.083333333333334,4.694444444444445,13.5,3.1944444444444446,1.8055555555555554,2.0,2.0,1.0,11.0,7.0,1.6,1.7142857142857142,1.8125,1.4196428571428572,2.2,1.4,1.8392857142857142,1.5892857142857142,2.1785714285714284,1.375,1.4464285714285714,1.4642857142857142,0.1875,0.13392857142857142,-0.1142857142857141,11.944444444444445,12.833333333333334,4.5,12.25,2.3055555555555554,-0.8888888888888893
laliga-2025-2026-05-17-sevilla-v-real-madrid,2026-05-17,2025,Sevilla,Real Madrid,0,1,0,0.08333333333333333,0.0,394.25599339659567,4,3,999,0,1.0,0,999,0,1.0,0,0,0,3.0,0.0,2.0,7.0,7.0,1.8,1.1160714285714286,1.2142857142857142,1.4910714285714286,1.4,1.4,1.2857142857142858,0.9464285714285714,1.2142857142857142,1.3214285714285714,1.2142857142857142,1.6607142857142858,0.21428571428571427,0.24107142857142858,0.6839285714285714,11.5,10.527777777777779,3.5833333333333335,14.527777777777779,3.1666666666666665,0.9722222222222214,3.0,1.0,1.0,7.0,4.0,2.0,2.3125,2.1160714285714284,0.8660714285714286,1.4,0.8,2.607142857142857,2.017857142857143,2.392857142857143,0.75,1.8392857142857142,0.9821428571428571,0.4375,0.07142857142857142,-0.3125,17.75,10.75,6.777777777777778,10.055555555555555,2.25,7.0
laliga-2025-2026-05-17-real-sociedad-v-valencia,2026-05-17,2025,Real Sociedad,Valencia,3,4,0,0.6428571428571429,0.0,445.8294239934526,3,3,999,0,1.0,0,999,0,1.0,0,0,0,0.0,3.0,2.0,6.0,8.0,0.6,1.3482142857142858,1.2589285714285714,1.2589285714285714,1.2,1.6,1.5357142857142858,1.1607142857142858,1.4285714285714286,1.1964285714285714,1.0892857142857142,1.3214285714285714,0.2767857142857143,0.30357142857142855,-0.7482142857142858,12.61111111111111,13.86111111111111,4.666666666666667,14.194444444444445,2.4722222222222223,-1.25,2.0,2.0,1.0,5.0,5.0,1.6,1.2321428571428572,1.0982142857142858,1.3392857142857142,1.0,1.0,1.5714285714285714,0.8928571428571429,1.25,1.0,0.9464285714285714,1.6785714285714286,0.26785714285714285,0.2857142857142857,0.3678571428571429,11.583333333333334,11.916666666666666,3.0833333333333335,12.13888888888889,2.0277777777777777,-0.33333333333333215
laliga-2025-2026-05-17-barcelona-v-betis,2026-05-17,2025,Barcelona,Betis,3,1,2,0.8333333333333334,0.0,825.2788120519293,4,5,999,0,1.0,0,999,0,1.0,0,0,0,4.0,0.0,1.0,7.0,2.0,2.4,2.357142857142857,2.4285714285714284,1.0267857142857142,1.4,0.4,2.5535714285714284,2.1607142857142856,2.6607142857142856,0.8928571428571429,2.1964285714285716,1.1607142857142858,0.4017857142857143,0.044642857142857144,0.042857142857142705,18.5,8.916666666666666,6.777777777777778,9.583333333333334,1.6944444444444444,9.583333333333334,3.0,2.0,0.0,11.0,6.0,2.2,1.5535714285714286,1.4375,1.2410714285714286,2.2,1.2,1.8035714285714286,1.3035714285714286,1.625,1.0357142857142858,1.25,1.4464285714285714,0.26785714285714285,0.15178571428571427,0.6464285714285716,14.305555555555555,12.194444444444445,4.805555555555555,10.694444444444445,2.111111111111111,2.1111111111111107
laliga-2025-2026-05-23-alaves-v-rayo-vallecano,2026-05-23,2025,Alaves,Rayo Vallecano,1,2,0,0.21428571428571427,0.0,285.05148916793826,6,6,999,0,1.0,0,999,0,1.0,0,0,0,3.0,1.0,1.0,7.0,6.0,2.0,1.1592920353982301,1.0353982300884956,1.3097345132743363,1.4,1.2,1.4642857142857142,0.8596491228070176,1.0892857142857142,1.0535714285714286,0.9824561403508771,1.5614035087719298,0.22123893805309736,0.336283185840708,0.8407079646017699,11.972972972972974,12.405405405405405,3.8378378378378377,14.972972972972974,2.7567567567567566,-0.43243243243243157,2.0,3.0,0.0,9.0,5.0,1.8,1.2123893805309736,0.9646017699115044,1.2035398230088497,1.8,1.0,1.3508771929824561,1.0714285714285714,1.1578947368421053,1.1754385964912282,0.7678571428571429,1.2321428571428572,0.30973451327433627,0.35398230088495575,0.5876106194690265,13.91891891891892,12.054054054054054,4.756756756756757,13.45945945945946,3.1621621621621623,1.864864864864865
laliga-2025-2026-05-23-girona-v-elche,2026-05-23,2025,Girona,Elche,1,1,1,0.25,0.0,509.60653960672425,6,6,999,0,1.0,0,999,0,1.0,0,0,0,0.0,2.0,3.0,3.0,6.0,0.4,1.4336283185840708,1.4778761061946903,1.415929203539823,0.6,1.2,1.6785714285714286,1.1929824561403508,1.7857142857142858,1.3571428571428572,1.1754385964912282,1.4736842105263157,0.23008849557522124,0.24778761061946902,-1.033628318584071,11.216216216216216,14.864864864864865,4.054054054054054,10.486486486486486,2.4054054054054053,-3.648648648648649,2.0,1.0,2.0,6.0,7.0,1.4,1.135135135135135,1.2972972972972974,1.5135135135135136,1.2,1.4,1.8421052631578947,0.3888888888888889,1.5789473684210527,1.0,1.0,2.0555555555555554,0.21621621621621623,0.13513513513513514,0.2648648648648648,11.0,13.945945945945946,3.891891891891892,13.162162162162161,2.3513513513513513,-2.9459459459459456
laliga-2025-2026-05-23-celta-v-sevilla,2026-05-23,2025,Celta,Sevilla,1,0,2,0.75,0.0,586.5673239379203,6,6,999,0,1.0,0,999,0,1.0,0,0,0,2.0,1.0,2.0,8.0,7.0,1.4,1.3008849557522124,1.3893805309734513,1.4336283185840708,1.6,1.4,1.4285714285714286,1.1754385964912282,1.4464285714285714,1.2857142857142858,1.3333333333333333,1.5789473684210527,0.20353982300884957,0.20353982300884957,0.0991150442477875,10.027027027027026,12.675675675675675,4.054054054054054,11.702702702702704,2.0,-2.648648648648649,3.0,0.0,2.0,7.0,6.0,1.8,1.1061946902654867,1.2035398230088497,1.4867256637168142,1.4,1.2,1.263157894736842,0.9464285714285714,1.1929824561403508,1.3157894736842106,1.2142857142857142,1.6607142857142858,0.21238938053097345,0.24778761061946902,0.6938053097345134,11.567567567567568,10.567567567567568,3.6486486486486487,14.621621621621621,3.189189189189189,1.0
laliga-2025-2026-05-23-betis-v-levante,2026-05-23,2025,Betis,Levante,2,1,2,0.5,0.0,539.9261066392522,6,6,999,0,1.0,0,999,0,1.0,0,0,0,2.0,2.0,1.0,9.0,7.0,1.6,1.5398230088495575,1.4336283185840708,1.2566371681415929,1.8,1.4,1.8035714285714286,1.280701754385965,1.625,1.0357142857142858,1.2456140350877194,1.4736842105263157,0.26548672566371684,0.1504424778761062,0.060176991150442616,14.108108108108109,12.27027027027027,4.72972972972973,10.621621621621621,2.054054054054054,1.8378378378378386,3.0,1.0,1.0,9.0,9.0,2.0,1.135135135135135,1.2432432432432432,1.5945945945945945,1.8,1.8,1.368421052631579,0.8888888888888888,1.368421052631579,1.4736842105263157,1.1111111111111112,1.7222222222222223,0.24324324324324326,0.32432432432432434,0.8648648648648649,12.486486486486486,15.27027027027027,3.810810810810811,12.405405405405405,2.4864864864864864,-2.783783783783784
laliga-2025-2026-05-23-real-madrid-v-ath-bilbao,2026-05-23,2025,Real Madrid,Ath Bilbao,4,2,2,0.8333333333333334,0.0,318.5003176539524,6,6,999,0,1.0,0,999,0,1.0,0,0,0,3.0,1.0,1.0,6.0,3.0,2.0,2.3185840707964602,2.106194690265487,0.8584070796460177,1.2,0.6,2.607142857142857,2.0350877192982457,2.392857142857143,0.75,1.8245614035087718,0.9649122807017544,0.4424778761061947,0.07079646017699115,-0.31858407079646023,17.594594594594593,10.837837837837839,6.621621621621622,10.108108108108109,2.189189189189189,6.756756756756754,1.0,1.0,3.0,7.0,9.0,0.8,1.6194690265486726,1.3805309734513274,1.0619469026548674,1.4,1.8,1.9473684210526316,1.2857142857142858,1.6842105263157894,0.9122807017543859,1.0714285714285714,1.2142857142857142,0.34513274336283184,0.2743362831858407,-0.8194690265486726,13.891891891891891,9.405405405405405,4.5675675675675675,13.513513513513514,2.5135135135135136,4.486486486486486
laliga-2025-2026-05-23-getafe-v-osasuna,2026-05-23,2025,Getafe,Osasuna,1,0,2,0.5,0.0,326.2701990448406,6,6,999,0,1.0,0,999,0,1.0,0,0,0,1.0,1.0,3.0,3.0,6.0,0.8,1.176991150442478,0.9469026548672567,1.1592920353982301,0.6,1.2,1.2857142857142858,1.0701754385964912,0.9285714285714286,1.0178571428571428,0.9649122807017544,1.2982456140350878,0.26548672566371684,0.4247787610619469,-0.3769911504424779,9.324324324324325,11.054054054054054,2.7567567567567566,15.135135135135135,3.4054054054054053,-1.7297297297297298,1.0,0.0,4.0,7.0,10.0,0.6,1.2300884955752212,1.2123893805309736,1.3893805309734513,1.4,2.0,1.5964912280701755,0.8571428571428571,1.456140350877193,1.280701754385965,0.9642857142857143,1.5,0.23008849557522124,0.25663716814159293,-0.6300884955752212,11.891891891891891,12.621621621621621,3.972972972972973,13.297297297297296,2.72972972972973,-0.7297297297297298
laliga-2025-2026-05-23-mallorca-v-oviedo,2026-05-23,2025,Mallorca,Oviedo,3,0,2,0.75,0.0,821.582214756163,6,6,999,0,1.0,0,999,0,1.0,0,0,0,1.0,1.0,3.0,4.0,8.0,0.8,1.1238938053097345,0.9911504424778761,1.2831858407079646,0.8,1.6,1.4821428571428572,0.7719298245614035,1.1607142857142858,1.0357142857142858,0.8245614035087719,1.5263157894736843,0.21238938053097345,0.336283185840708,-0.32389380530973444,10.567567567567568,14.432432432432432,4.081081081081081,12.35135135135135,2.4054054054054053,-3.864864864864863,0.0,1.0,4.0,1.0,8.0,0.2,0.7837837837837838,0.7027027027027027,1.5405405405405406,0.2,1.6,1.0,0.5555555555555556,0.47368421052631576,0.9473684210526315,0.9444444444444444,2.1666666666666665,0.2702702702702703,0.5405405405405406,-0.5837837837837838,10.08108108108108,14.64864864864865,3.2162162162162162,12.594594594594595,2.7027027027027026,-4.567567567567568
laliga-2025-2026-05-23-espanyol-v-real-sociedad,2026-05-23,2025,Espanyol,Real Sociedad,1,1,1,0.2,0.0,397.4372214183198,6,6,999,0,1.0,0,999,0,1.0,0,0,0,2.0,1.0,2.0,5.0,5.0,1.4,1.16,1.0933333333333333,1.4,1.0,1.0,1.4864864864864864,0.8421052631578947,1.162162162162162,1.162162162162162,1.0263157894736843,1.631578947368421,0.24,0.26666666666666666,0.24,12.54054054054054,13.81081081081081,4.054054054054054,13.864864864864865,2.7027027027027026,-1.2702702702702702,0.0,3.0,2.0,9.0,11.0,0.6,1.336283185840708,1.2743362831858407,1.2831858407079646,1.8,2.2,1.5087719298245614,1.1607142857142858,1.456140350877193,1.2456140350877194,1.0892857142857142,1.3214285714285714,0.2743362831858407,0.3008849557522124,-0.7362831858407081,12.486486486486486,13.837837837837839,4.621621621621622,14.162162162162161,2.5135135135135136,-1.3513513513513526
laliga-2025-2026-05-23-valencia-v-barcelona,2026-05-23,2025,Valencia,Barcelona,3,1,2,0.21428571428571427,0.0,299.8128548684505,6,6,999,0,1.0,0,999,0,1.0,0,0,0,3.0,1.0,1.0,8.0,7.0,2.0,1.247787610619469,1.1238938053097345,1.3539823008849559,1.6,1.4,1.5714285714285714,0.9298245614035088,1.25,1.0,1.0,1.7017543859649122,0.26548672566371684,0.2831858407079646,0.752212389380531,11.621621621621621,11.81081081081081,3.1621621621621623,12.108108108108109,2.027027027027027,-0.18918918918918948,4.0,0.0,1.0,9.0,3.0,2.4,2.3628318584070795,2.433628318584071,1.0265486725663717,1.8,0.6,2.56140350877193,2.1607142857142856,2.6666666666666665,0.8947368421052632,2.1964285714285716,1.1607142857142858,0.39823008849557523,0.04424778761061947,0.03716814159292037,18.405405405405407,8.864864864864865,6.837837837837838,9.513513513513514,1.6756756756756757,9.540540540540542
laliga-2025-2026-05-24-villarreal-v-ath-madrid,2026-05-24,2025,Villarreal,Ath Madrid,5,1,2,0.35714285714285715,0.0,301.95351002499086,7,7,999,0,1.0,0,999,0,1.0,0,0,0,2.0,1.0,2.0,10.0,8.0,1.4,1.6991150442477876,1.7964601769911503,1.424778761061947,2.0,1.6,1.8392857142857142,1.5614035087719298,2.1785714285714284,1.375,1.4210526315789473,1.4736842105263157,0.18584070796460178,0.1415929203539823,-0.2991150442477877,11.91891891891892,12.891891891891891,4.4324324324324325,12.18918918918919,2.27027027027027,-0.9729729729729719,4.0,0.0,1.0,8.0,4.0,2.4,1.9557522123893805,1.761061946902655,0.9911504424778761,1.6,0.8,2.473684210526316,1.4285714285714286,2.1578947368421053,0.9473684210526315,1.3571428571428572,1.0357142857142858,0.3893805309734513,0.168141592920354,0.44424778761061945,13.216216216216216,11.567567567567568,5.108108108108108,11.162162162162161,2.3783783783783785,1.6486486486486474
laliga-2026-2026-08-15-alaves-v-getafe,2026-08-15,2026,Alaves,Getafe,3,0,2,0.35714285714285715,0.0,295.24865506627265,30,30,999,0,1.0,0,999,0,1.0,0,0,0,2.0,1.0,2.0,6.0,7.0,1.4,1.1491228070175439,1.0350877192982457,1.3157894736842106,1.2,1.4,1.4385964912280702,0.8596491228070176,1.087719298245614,1.0701754385964912,0.9824561403508771,1.5614035087719298,0.21929824561403508,0.3333333333333333,0.25087719298245603,12.157894736842104,12.473684210526315,4.026315789473684,14.921052631578947,2.763157894736842,-0.3157894736842106,2.0,1.0,2.0,4.0,4.0,1.4,1.1929824561403508,0.9473684210526315,1.1491228070175439,0.8,0.8,1.3157894736842106,1.0701754385964912,0.9298245614035088,1.0,0.9649122807017544,1.2982456140350878,0.2719298245614035,0.42105263157894735,0.2070175438596491,9.236842105263158,11.052631578947368,2.763157894736842,15.18421052631579,3.3421052631578947,-1.8157894736842106
laliga-2026-2026-08-15-sevilla-v-rayo-vallecano,2026-08-15,2026,Sevilla,Rayo Vallecano,2,1,2,0.7857142857142857,0.0,389.6758738843053,30,30,999,0,1.0,0,999,0,1.0,0,0,0,3.0,0.0,2.0,6.0,5.0,1.8,1.0964912280701755,1.1929824561403508,1.4824561403508771,1.2,1.0,1.263157894736842,0.9298245614035088,1.1929824561403508,1.3157894736842106,1.1929824561403508,1.6491228070175439,0.21052631578947367,0.2543859649122807,0.7035087719298245,11.5,10.605263157894736,3.6052631578947367,14.763157894736842,3.1315789473684212,0.8947368421052637,3.0,2.0,0.0,8.0,3.0,2.2,1.2280701754385965,0.9736842105263158,1.2017543859649122,1.6,0.6,1.3508771929824561,1.105263157894737,1.1578947368421053,1.1754385964912282,0.7894736842105263,1.2280701754385965,0.30701754385964913,0.3508771929824561,0.9719298245614036,13.947368421052632,12.236842105263158,4.815789473684211,13.473684210526315,3.1578947368421053,1.7105263157894743
laliga-2026-2026-08-16-santander-v-villarreal,2026-08-16,2026,Santander,Villarreal,2,2,1,0.5,0.0,497.30608756285636,7,30,999,0,1.0,0,999,0,1.0,0,0,0,1.7757322175732217,1.2694560669456068,1.8326359832635983,6.399163179916318,6.506276150627615,1.3449372384937237,1.3727487515203125,1.3208213528921546,1.310049052463817,1.302510460251046,1.3337935843793585,1.627753660480792,1.1256424534731093,1.4729020240988069,1.1551121185075417,1.1713575931878786,1.4615771636054276,0.2788926847530572,0.2781942472123016,-0.027811513026588585,12.33493626402165,12.475447830770602,4.245588315049165,12.548505097991866,2.424159176649579,-0.14051156674895351,2.0,1.0,2.0,13.0,8.0,1.4,1.7105263157894737,1.8245614035087718,1.4210526315789473,2.6,1.6,1.8596491228070176,1.5614035087719298,2.2280701754385963,1.368421052631579,1.4210526315789473,1.4736842105263157,0.18421052631578946,0.14035087719298245,-0.31052631578947376,11.973684210526315,12.789473684210526,4.526315789473684,11.947368421052632,2.210526315789474,-0.8157894736842106
laliga-2026-2026-08-16-espanyol-v-levante,2026-08-16,2026,Espanyol,Levante,3,0,2,0.6666666666666666,0.0,293.83949171694553,30,30,999,0,1.0,0,999,0,1.0,0,0,0,2.0,1.0,2.0,6.0,6.0,1.4,1.1578947368421053,1.0921052631578947,1.394736842105263,1.2,1.2,1.4736842105263157,0.8421052631578947,1.1578947368421053,1.1578947368421053,1.0263157894736843,1.631578947368421,0.23684210526315788,0.2631578947368421,0.2421052631578946,12.657894736842104,13.68421052631579,4.157894736842105,13.789473684210526,2.6578947368421053,-1.026315789473685,3.0,0.0,2.0,10.0,11.0,1.8,1.105263157894737,1.236842105263158,1.605263157894737,2.0,2.2,1.368421052631579,0.8421052631578947,1.368421052631579,1.4736842105263157,1.105263157894737,1.736842105263158,0.23684210526315788,0.3157894736842105,0.6947368421052631,12.552631578947368,15.342105263157896,3.8947368421052633,12.263157894736842,2.473684210526316,-2.7894736842105274
laliga-2026-2026-08-17-la-coruna-v-elche,2026-08-17,2026,La Coruna,Elche,1,1,1,0.5,0.0,862.0460211369574,7,30,999,0,1.0,0,999,0,1.0,0,0,0,1.7757322175732217,1.2694560669456068,1.8326359832635983,6.399163179916318,6.506276150627615,1.3449372384937237,1.3727487515203125,1.3208213528921546,1.310049052463817,1.302510460251046,1.3337935843793585,1.627753660480792,1.1256424534731093,1.4729020240988069,1.1551121185075417,1.1713575931878786,1.4615771636054276,0.2788926847530572,0.2781942472123016,-0.027811513026588585,12.33493626402165,12.475447830770602,4.245588315049165,12.548505097991866,2.424159176649579,-0.14051156674895351,1.0,2.0,2.0,5.0,7.0,1.0,1.131578947368421,1.2894736842105263,1.5,1.0,1.4,1.8421052631578947,0.42105263157894735,1.5789473684210527,1.0,1.0,2.0,0.21052631578947367,0.13157894736842105,-0.13157894736842102,10.789473684210526,13.842105263157896,3.8157894736842106,13.342105263157896,2.3947368421052633,-3.05263157894737
laliga-2026-2026-08-19-ath-madrid-v-malaga,2026-08-19,2026,Ath Madrid,Malaga,2,0,2,1.0,0.0,419.4068274520135,30,7,999,0,1.0,0,999,0,1.0,0,0,0,3.0,0.0,2.0,6.0,7.0,1.8,1.9385964912280702,1.7543859649122806,1.0263157894736843,1.2,1.4,2.473684210526316,1.4035087719298245,2.1578947368421053,0.9473684210526315,1.3508771929824561,1.105263157894737,0.38596491228070173,0.16666666666666666,-0.13859649122807016,13.105263157894736,11.631578947368421,5.078947368421052,11.18421052631579,2.3421052631578947,1.473684210526315,1.8500837520938023,1.2822445561139029,1.747068676716918,6.6373534338358455,6.4296482412060305,1.3993718592964823,1.3895985426256614,1.3346394865919546,1.3036436161426783,1.3557649357900614,1.3134282523729761,1.6381571374904527,1.1271992793151304,1.4870193915504757,1.1561185555726858,1.1711504535967514,1.4597491443972885,0.2830086336552403,0.2733225273316839,0.009773316670820877,12.499095110389504,12.350887454376544,4.309096029067583,12.566620168383578,2.380252699882476,0.14820765601296204
laliga-2026-2026-08-20-rayo-vallecano-v-alaves,2026-08-20,2026,Rayo Vallecano,Alaves,1,1,1,0.7857142857142857,0.0,285.05148916793826,5,5,999,0,1.0,0,999,0,1.0,0,0,0,2.0,2.0,1.0,7.0,5.0,1.6,1.2173913043478262,0.9739130434782609,1.208695652173913,1.4,1.0,1.3508771929824561,1.0862068965517242,1.1578947368421053,1.1754385964912282,0.7931034482758621,1.2413793103448276,0.30434782608695654,0.34782608695652173,0.3826086956521739,13.743589743589743,12.256410256410257,4.769230769230769,13.58974358974359,3.1794871794871793,1.4871794871794854,3.0,1.0,1.0,7.0,3.0,2.0,1.1652173913043478,1.0521739130434782,1.3043478260869565,1.4,0.6,1.4655172413793103,0.8596491228070176,1.1206896551724137,1.0517241379310345,0.9824561403508771,1.5614035087719298,0.22608695652173913,0.33043478260869563,0.8347826086956522,12.307692307692308,12.307692307692308,4.128205128205129,14.948717948717949,2.7948717948717947,0.0
laliga-2026-2026-08-21-betis-v-real-sociedad,2026-08-21,2026,Betis,Real Sociedad,1,0,2,0.5714285714285714,0.0,739.794439118782,30,30,999,0,1.0,0,999,0,1.0,0,0,0,3.0,1.0,1.0,10.0,7.0,2.0,1.5526315789473684,1.4385964912280702,1.2543859649122806,2.0,1.4,1.8245614035087718,1.280701754385965,1.631578947368421,1.0350877192982457,1.2456140350877194,1.4736842105263157,0.2631578947368421,0.14912280701754385,0.44736842105263164,14.210526315789474,12.342105263157896,4.815789473684211,10.631578947368421,2.026315789473684,1.8684210526315788,0.0,3.0,2.0,7.0,9.0,0.6,1.3333333333333333,1.2719298245614035,1.280701754385965,1.4,1.8,1.5087719298245614,1.1578947368421053,1.456140350877193,1.2456140350877194,1.087719298245614,1.3157894736842106,0.2719298245614035,0.2982456140350877,-0.7333333333333333,12.394736842105264,13.921052631578947,4.605263157894737,14.236842105263158,2.526315789473684,-1.5263157894736832
laliga-2026-2026-08-22-ath-bilbao-v-sevilla,2026-08-22,2026,Ath Bilbao,Sevilla,1,3,0,0.6428571428571429,0.0,702.0918503555403,30,7,999,0,1.0,0,999,0,1.0,0,0,0,1.0,1.0,3.0,7.0,10.0,0.8,1.605263157894737,1.3859649122807018,1.087719298245614,1.4,2.0,1.9473684210526316,1.263157894736842,1.6842105263157894,0.9122807017543859,1.087719298245614,1.263157894736842,0.34210526315789475,0.2719298245614035,-0.8052631578947369,13.736842105263158,9.5,4.5,13.68421052631579,2.4473684210526314,4.2368421052631575,3.0,0.0,2.0,7.0,6.0,1.8,1.1130434782608696,1.2,1.4782608695652173,1.4,1.2,1.293103448275862,0.9298245614035088,1.206896551724138,1.3103448275862069,1.1929824561403508,1.6491228070175439,0.20869565217391303,0.25217391304347825,0.6869565217391305,11.538461538461538,10.487179487179487,3.6153846153846154,14.846153846153847,3.2051282051282053,1.051282051282051
laliga-2026-2026-08-22-valencia-v-celta,2026-08-22,2026,Valencia,Celta,0,0,1,0.35714285714285715,0.0,766.2050813784058,30,30,999,0,1.0,0,999,0,1.0,0,0,0,3.0,1.0,1.0,9.0,7.0,2.0,1.263157894736842,1.1403508771929824,1.3508771929824561,1.8,1.4,1.5964912280701755,0.9298245614035088,1.280701754385965,1.0,1.0,1.7017543859649122,0.2631578947368421,0.2807017543859649,0.736842105263158,11.81578947368421,11.789473684210526,3.236842105263158,12.078947368421053,2.026315789473684,0.02631578947368496,3.0,1.0,1.0,8.0,5.0,2.0,1.3157894736842106,1.3859649122807018,1.4210526315789473,1.6,1.0,1.456140350877193,1.1754385964912282,1.4385964912280702,1.263157894736842,1.3333333333333333,1.5789473684210527,0.21052631578947367,0.20175438596491227,0.6842105263157894,10.078947368421053,12.578947368421053,4.026315789473684,11.68421052631579,1.9736842105263157,-2.5
laliga-2026-2026-08-22-espanyol-v-real-madrid,2026-08-22,2026,Espanyol,Real Madrid,1,2,0,0.2,0.0,494.3576417774644,6,30,999,0,1.0,0,999,0,1.0,0,0,0,3.0,1.0,1.0,9.0,4.0,2.0,1.1818181818181819,1.1168831168831168,1.3766233766233766,1.8,0.8,1.5128205128205128,0.8421052631578947,1.205128205128205,1.1282051282051282,1.0263157894736843,1.631578947368421,0.24675324675324675,0.2597402597402597,0.8181818181818181,12.743589743589743,13.435897435897436,4.205128205128205,13.871794871794872,2.6666666666666665,-0.6923076923076934,4.0,0.0,1.0,9.0,4.0,2.4,2.324561403508772,2.1228070175438596,0.868421052631579,1.8,0.8,2.6140350877192984,2.0350877192982457,2.4210526315789473,0.7719298245614035,1.8245614035087718,0.9649122807017544,0.43859649122807015,0.07017543859649122,0.07543859649122808,17.473684210526315,10.763157894736842,6.657894736842105,10.0,2.1842105263157894,6.710526315789473
laliga-2026-2026-08-23-ath-madrid-v-villarreal,2026-08-23,2026,Ath Madrid,Villarreal,2,2,1,0.6428571428571429,0.0,301.95351002499086,4,7,999,0,1.0,0,999,0,1.0,0,0,0,3.0,0.0,2.0,6.0,7.0,1.8,1.9478260869565218,1.7565217391304349,1.017391304347826,1.2,1.4,2.4827586206896552,1.4035087719298245,2.1551724137931036,0.9310344827586207,1.3508771929824561,1.105263157894737,0.391304347826087,0.16521739130434782,-0.14782608695652177,13.153846153846153,11.461538461538462,5.102564102564102,11.333333333333334,2.3333333333333335,1.6923076923076916,1.0,2.0,2.0,10.0,9.0,1.0,1.7043478260869565,1.826086956521739,1.4260869565217391,2.0,1.8,1.8596491228070176,1.5517241379310345,2.2280701754385963,1.368421052631579,1.4310344827586208,1.4827586206896552,0.1826086956521739,0.1391304347826087,-0.7043478260869565,11.974358974358974,12.897435897435898,4.589743589743589,12.0,2.2564102564102564,-0.9230769230769234
laliga-2026-2026-08-23-getafe-v-santander,2026-08-23,2026,Getafe,Santander,1,0,2,1.0,0.0,350.7878607315604,8,7,999,0,1.0,0,999,0,1.0,0,0,0,2.0,1.0,2.0,4.0,5.0,1.4,1.182608695652174,0.9391304347826087,1.1652173913043478,0.8,1.0,1.3157894736842106,1.0517241379310345,0.9298245614035088,1.0,0.9482758620689655,1.3275862068965518,0.26956521739130435,0.4260869565217391,0.21739130434782594,9.153846153846153,11.23076923076923,2.7435897435897436,15.128205128205128,3.3846153846153846,-2.0769230769230766,0.0,1.0,0.0,2.0,2.0,1.0,1.0,2.0,2.0,2.0,2.0,1.0,1.0,2.0,2.0,2.0,2.0,0.0,0.0,0.0,17.0,12.0,3.0,14.0,2.0,5.0
laliga-2026-2026-08-23-elche-v-barcelona,2026-08-23,2026,Elche,Barcelona,0,5,0,0.0,0.0,422.1227062904817,6,30,999,0,1.0,0,999,0,1.0,0,0,0,1.0,3.0,1.0,5.0,5.0,1.2,1.1282051282051282,1.2820512820512822,1.4871794871794872,1.0,1.0,1.8421052631578947,0.45,1.5789473684210527,1.0,1.0,1.95,0.20512820512820512,0.1282051282051282,0.07179487179487176,10.794871794871796,13.692307692307692,3.871794871794872,13.307692307692308,2.3846153846153846,-2.897435897435896,3.0,0.0,2.0,8.0,6.0,1.8,2.3421052631578947,2.4210526315789473,1.043859649122807,1.6,1.2,2.56140350877193,2.1228070175438596,2.6666666666666665,0.8947368421052632,2.175438596491228,1.1929824561403508,0.39473684210526316,0.043859649122807015,-0.5421052631578946,18.210526315789473,9.131578947368421,6.7631578947368425,9.473684210526315,1.6842105263157894,9.078947368421051
laliga-2026-2026-08-24-osasuna-v-levante,2026-08-24,2026,Osasuna,Levante,0,0,1,0.5,0.0,384.19801421511994,30,8,999,0,1.0,0,999,0,1.0,0,0,0,0.0,0.0,5.0,5.0,10.0,0.0,1.219298245614035,1.2017543859649122,1.3859649122807018,1.0,2.0,1.5964912280701755,0.8421052631578947,1.456140350877193,1.280701754385965,0.9473684210526315,1.4912280701754386,0.22807017543859648,0.2631578947368421,-1.219298245614035,11.868421052631579,12.447368421052632,4.0,13.473684210526315,2.710526315789474,-0.5789473684210531,3.0,0.0,2.0,9.0,9.0,1.8,1.0769230769230769,1.205128205128205,1.641025641025641,1.8,1.8,1.368421052631579,0.8,1.368421052631579,1.4736842105263157,1.05,1.8,0.23076923076923078,0.3333333333333333,0.7230769230769232,12.333333333333334,15.35897435897436,3.7948717948717947,12.128205128205128,2.41025641025641,-3.0256410256410255
laliga-2026-2026-08-24-malaga-v-la-coruna,2026-08-24,2026,Malaga,La Coruna,1,1,1,0.5,0.0,814.0200918732254,5,7,999,0,1.0,0,999,0,1.0,0,0,0,0.0,0.0,1.0,0.0,2.0,0.0,0.0,0.0,2.0,0.0,2.0,0.0,0.0,0.0,2.0,0.0,2.0,0.0,1.0,0.0,5.0,15.0,1.0,11.0,3.0,-10.0,0.0,1.0,0.0,1.0,1.0,1.0,1.0,1.0,1.0,1.0,1.0,1.0,1.0,1.0,1.0,1.0,1.0,0.0,0.0,0.0,8.0,11.0,3.0,17.0,2.0,-3.0
laliga-2026-2026-08-25-valencia-v-betis,2026-08-25,2026,Valencia,Betis,0,1,0,0.2857142857142857,0.0,539.9261066392522,3,4,999,0,1.0,0,999,0,1.0,0,0,0,3.0,2.0,0.0,9.0,5.0,2.2,1.2608695652173914,1.1304347826086956,1.3391304347826087,1.8,1.0,1.5862068965517242,0.9298245614035088,1.2586206896551724,0.9827586206896551,1.0,1.7017543859649122,0.26956521739130435,0.28695652173913044,0.9391304347826088,11.717948717948717,11.666666666666666,3.2051282051282053,12.205128205128204,2.0256410256410255,0.0512820512820511,3.0,1.0,1.0,8.0,7.0,2.0,1.565217391304348,1.434782608695652,1.2434782608695651,1.6,1.4,1.8448275862068966,1.280701754385965,1.6206896551724137,1.0172413793103448,1.2456140350877194,1.4736842105263157,0.26956521739130435,0.14782608695652175,0.4347826086956521,14.307692307692308,12.256410256410257,4.871794871794871,10.58974358974359,2.051282051282051,2.051282051282051
laliga-2026-2026-08-26-real-madrid-v-real-sociedad,2026-08-26,2026,Real Madrid,Real Sociedad,4,1,2,1.0,0.0,347.0032930879048,4,5,999,0,1.0,0,999,0,1.0,0,0,0,4.0,0.0,1.0,9.0,5.0,2.4,2.3304347826086955,2.121739130434783,0.8695652173913043,1.8,1.0,2.6140350877192984,2.0517241379310347,2.4210526315789473,0.7719298245614035,1.8275862068965518,0.9655172413793104,0.43478260869565216,0.06956521739130435,0.06956521739130439,17.564102564102566,10.692307692307692,6.6923076923076925,9.923076923076923,2.1538461538461537,6.871794871794874,0.0,3.0,2.0,7.0,9.0,0.6,1.3217391304347825,1.2608695652173914,1.2782608695652173,1.4,1.8,1.5087719298245614,1.1379310344827587,1.456140350877193,1.2456140350877194,1.0689655172413792,1.3103448275862069,0.26956521739130435,0.30434782608695654,-0.7217391304347825,12.307692307692308,14.025641025641026,4.564102564102564,14.179487179487179,2.5384615384615383,-1.7179487179487172
laliga-2026-2026-08-27-celta-v-osasuna,2026-08-27,2026,Celta,Osasuna,1,2,0,0.42857142857142855,0.0,585.7167771181677,5,3,999,0,1.0,0,999,0,1.0,0,0,0,2.0,2.0,1.0,5.0,4.0,1.6,1.3130434782608695,1.373913043478261,1.4086956521739131,1.0,0.8,1.456140350877193,1.1724137931034482,1.4385964912280702,1.263157894736842,1.3103448275862069,1.5517241379310345,0.21739130434782608,0.20869565217391303,0.28695652173913055,10.0,12.461538461538462,4.0,11.820512820512821,2.0,-2.4615384615384617,0.0,1.0,4.0,4.0,8.0,0.2,1.2173913043478262,1.191304347826087,1.373913043478261,0.8,1.6,1.5862068965517242,0.8421052631578947,1.4310344827586208,1.2586206896551724,0.9473684210526315,1.4912280701754386,0.23478260869565218,0.26956521739130435,-1.0173913043478262,11.871794871794872,12.41025641025641,4.076923076923077,13.35897435897436,2.6923076923076925,-0.5384615384615383
laliga-2026-2026-08-27-barcelona-v-ath-bilbao,2026-08-27,2026,Barcelona,Ath Bilbao,2,0,2,0.9285714285714286,0.0,466.174000872469,4,5,999,0,1.0,0,999,0,1.0,0,0,0,3.0,0.0,2.0,11.0,5.0,1.8,2.347826086956522,2.4434782608695653,1.0347826086956522,2.2,1.0,2.56140350877193,2.1379310344827585,2.6666666666666665,0.8947368421052632,2.2241379310344827,1.1724137931034482,0.4,0.043478260869565216,-0.5478260869565219,18.025641025641026,9.076923076923077,6.769230769230769,9.538461538461538,1.641025641025641,8.948717948717949,0.0,1.0,4.0,4.0,11.0,0.2,1.5913043478260869,1.382608695652174,1.1043478260869566,0.8,2.2,1.9137931034482758,1.263157894736842,1.6724137931034482,0.9482758620689655,1.087719298245614,1.263157894736842,0.3391304347826087,0.26956521739130435,-1.391304347826087,13.846153846153847,9.435897435897436,4.589743589743589,13.615384615384615,2.4871794871794872,4.410256410256411
laliga-2026-2026-08-28-santander-v-elche,2026-08-28,2026,Santander,Elche,3,2,2,1.0,0.0,633.6331486597317,5,5,999,0,1.0,0,999,0,1.0,0,0,0,0.0,1.0,1.0,2.0,3.0,0.5,0.5,1.0,1.5,1.0,1.5,1.0,0.0,2.0,2.0,0.0,1.0,0.0,0.5,0.0,11.5,12.0,3.0,15.5,2.5,-0.5,1.0,2.0,2.0,4.0,9.0,1.0,1.1,1.25,1.575,0.8,1.8,1.75,0.45,1.5,1.2,1.0,1.95,0.2,0.15,-0.10000000000000009,10.7,13.625,3.825,13.3,2.35,-2.9250000000000007
laliga-2026-2026-08-28-alaves-v-villarreal,2026-08-28,2026,Alaves,Villarreal,1,0,2,0.5,0.0,387.54488649403754,8,5,999,0,1.0,0,999,0,1.0,0,0,0,3.0,1.0,1.0,7.0,3.0,2.0,1.1637931034482758,1.0517241379310345,1.3017241379310345,1.4,0.6,1.4655172413793103,0.8620689655172413,1.1206896551724137,1.0517241379310345,0.9827586206896551,1.5517241379310345,0.22413793103448276,0.3275862068965517,0.8362068965517242,12.375,12.2,4.1,14.9,2.775,0.1750000000000007,1.0,2.0,2.0,11.0,10.0,1.0,1.6982758620689655,1.8275862068965518,1.4310344827586208,2.2,2.0,1.8596491228070176,1.5423728813559323,2.2280701754385963,1.368421052631579,1.4406779661016949,1.4915254237288136,0.1810344827586207,0.13793103448275862,-0.6982758620689655,12.0,13.05,4.625,12.025,2.25,-1.0500000000000007
laliga-2026-2026-08-29-levante-v-betis,2026-08-29,2026,Levante,Betis,5,2,2,0.5,0.0,539.9261066392522,5,4,999,0,1.0,0,999,0,1.0,0,0,0,2.0,1.0,2.0,6.0,7.0,1.4,1.075,1.175,1.6,1.2,1.4,1.368421052631579,0.8095238095238095,1.368421052631579,1.4736842105263157,1.0,1.7142857142857142,0.25,0.35,0.32499999999999996,12.3,15.275,3.725,12.125,2.375,-2.9749999999999996,4.0,0.0,1.0,7.0,5.0,2.4,1.5775862068965518,1.4310344827586208,1.2327586206896552,1.4,1.0,1.8448275862068966,1.3103448275862069,1.6206896551724137,1.0172413793103448,1.2413793103448276,1.4482758620689655,0.27586206896551724,0.14655172413793102,0.8224137931034481,14.325,12.35,4.825,10.6,2.025,1.9749999999999996
laliga-2026-2026-08-29-real-sociedad-v-espanyol,2026-08-29,2026,Real Sociedad,Espanyol,2,1,2,0.8,0.0,397.4372214183198,3,7,999,0,1.0,0,999,0,1.0,0,0,0,0.0,2.0,3.0,6.0,11.0,0.4,1.3103448275862069,1.2586206896551724,1.3017241379310345,1.2,2.2,1.5087719298245614,1.11864406779661,1.456140350877193,1.2456140350877194,1.0677966101694916,1.3559322033898304,0.2672413793103448,0.3017241379310345,-0.9103448275862068,12.25,14.175,4.525,14.025,2.55,-1.9250000000000007,3.0,1.0,1.0,9.0,4.0,2.0,1.1666666666666667,1.1153846153846154,1.3846153846153846,1.8,0.8,1.475,0.8421052631578947,1.2,1.15,1.0263157894736843,1.631578947368421,0.24358974358974358,0.2564102564102564,0.8333333333333333,12.625,13.625,4.175,14.0,2.725,-1.0
laliga-2026-2026-08-29-sevilla-v-ath-madrid,2026-08-29,2026,Sevilla,Ath Madrid,1,3,0,0.2857142857142857,0.0,396.6545503244278,7,6,999,0,1.0,0,999,0,1.0,0,0,0,3.0,0.0,2.0,8.0,6.0,1.8,1.1293103448275863,1.2155172413793103,1.4741379310344827,1.6,1.2,1.293103448275862,0.9655172413793104,1.206896551724138,1.3103448275862069,1.2241379310344827,1.6379310344827587,0.20689655172413793,0.25,0.6706896551724137,11.425,10.675,3.625,14.875,3.25,0.75,3.0,1.0,1.0,8.0,8.0,2.0,1.9396551724137931,1.7586206896551724,1.0258620689655173,1.6,1.6,2.457627118644068,1.4035087719298245,2.152542372881356,0.9491525423728814,1.3508771929824561,1.105263157894737,0.3879310344827586,0.16379310344827586,0.06034482758620685,13.3,11.5,5.075,11.35,2.4,1.8000000000000007
laliga-2026-2026-08-30-real-madrid-v-malaga,2026-08-30,2026,Real Madrid,Malaga,4,0,2,1.0,0.0,419.9202140750824,4,6,999,0,1.0,0,999,0,1.0,0,0,0,5.0,0.0,0.0,13.0,4.0,3.0,2.336206896551724,2.1379310344827585,0.8706896551724138,2.6,0.8,2.6206896551724137,2.0517241379310347,2.4482758620689653,0.7758620689655172,1.8275862068965518,0.9655172413793104,0.43103448275862066,0.06896551724137931,0.6637931034482758,17.625,10.675,6.8,9.925,2.175,6.949999999999999,0.0,1.0,1.0,1.0,3.0,0.5,0.5,0.5,1.5,0.5,1.5,1.0,0.0,1.0,1.0,0.0,2.0,0.0,0.5,0.0,9.0,10.5,1.5,11.5,2.0,-1.5
laliga-2026-2026-08-30-la-coruna-v-valencia,2026-08-30,2026,La Coruna,Valencia,3,1,2,1.0,0.0,798.0901635820741,6,5,999,0,1.0,0,999,0,1.0,0,0,0,0.0,2.0,0.0,2.0,2.0,1.0,1.0,1.0,1.0,1.0,1.0,1.0,1.0,1.0,1.0,1.0,1.0,0.0,0.0,0.0,7.0,12.0,3.5,14.5,3.0,-5.0,2.0,2.0,1.0,8.0,6.0,1.6,1.25,1.1206896551724137,1.3362068965517242,1.6,1.2,1.5593220338983051,0.9298245614035088,1.2372881355932204,0.9830508474576272,1.0,1.7017543859649122,0.2672413793103448,0.29310344827586204,0.3500000000000001,11.825,11.75,3.2,12.15,2.025,0.07499999999999929
laliga-2026-2026-08-30-celta-v-ath-bilbao,2026-08-30,2026,Celta,Ath Bilbao,0,2,0,0.35714285714285715,0.0,487.0823988578239,3,3,999,0,1.0,0,999,0,1.0,0,0,0,1.0,2.0,2.0,5.0,6.0,1.0,1.3017241379310345,1.3706896551724137,1.4137931034482758,1.0,1.2,1.4310344827586208,1.1724137931034482,1.4310344827586208,1.2758620689655173,1.3103448275862069,1.5517241379310345,0.21551724137931033,0.20689655172413793,-0.3017241379310345,9.85,12.475,3.95,11.7,2.0,-2.625,0.0,1.0,4.0,4.0,12.0,0.2,1.5775862068965518,1.3706896551724137,1.1120689655172413,0.8,2.4,1.9137931034482758,1.2413793103448276,1.6724137931034482,0.9482758620689655,1.0689655172413792,1.2758620689655173,0.33620689655172414,0.27586206896551724,-1.3775862068965519,13.625,9.75,4.475,13.425,2.475,3.875
laliga-2026-2026-08-31-osasuna-v-getafe,2026-08-31,2026,Osasuna,Getafe,1,0,2,0.5,0.0,326.2701990448406,4,8,999,0,1.0,0,999,0,1.0,0,0,0,1.0,1.0,3.0,4.0,6.0,0.8,1.2327586206896552,1.1982758620689655,1.3706896551724137,0.8,1.2,1.5862068965517242,0.8793103448275862,1.4310344827586208,1.2586206896551724,0.9655172413793104,1.4827586206896552,0.23275862068965517,0.2672413793103448,-0.4327586206896552,11.9,12.2,4.1,13.425,2.65,-0.29999999999999893,3.0,0.0,2.0,5.0,5.0,1.8,1.1982758620689655,0.9396551724137931,1.1551724137931034,1.0,1.0,1.3448275862068966,1.0517241379310345,0.9310344827586207,0.9827586206896551,0.9482758620689655,1.3275862068965518,0.27586206896551724,0.4224137931034483,0.6017241379310345,9.225,11.1,2.7,15.1,3.325,-1.875
laliga-2026-2026-08-31-barcelona-v-rayo-vallecano,2026-08-31,2026,Barcelona,Rayo Vallecano,5,2,2,0.8571428571428571,0.0,498.31165744106266,4,11,999,0,1.0,0,999,0,1.0,0,0,0,3.0,0.0,2.0,11.0,5.0,1.8,2.353448275862069,2.439655172413793,1.0258620689655173,2.2,1.0,2.5689655172413794,2.1379310344827585,2.6551724137931036,0.8793103448275862,2.2241379310344827,1.1724137931034482,0.4051724137931034,0.04310344827586207,-0.5534482758620689,18.125,8.975,6.85,9.625,1.625,9.15,2.0,2.0,1.0,7.0,5.0,1.6,1.2155172413793103,0.9741379310344828,1.206896551724138,1.4,1.0,1.3448275862068966,1.0862068965517242,1.1551724137931034,1.1724137931034482,0.7931034482758621,1.2413793103448276,0.3017241379310345,0.3448275862068966,0.3844827586206898,13.6,12.325,4.725,13.6,3.125,1.2750000000000004
laliga-2026-2026-09-03-real-sociedad-v-celta,2026-09-03,2026,Real Sociedad,Celta,0,0,1,0.5,0.0,565.3485968116221,5,4,999,0,1.0,0,999,0,1.0,0,0,0,1.0,1.0,3.0,7.0,11.0,0.8,1.3247863247863247,1.264957264957265,1.2991452991452992,1.4,2.2,1.5344827586206897,1.11864406779661,1.4655172413793103,1.2413793103448276,1.0677966101694916,1.3559322033898304,0.26495726495726496,0.29914529914529914,-0.5247863247863247,12.365853658536585,14.097560975609756,4.658536585365853,14.146341463414634,2.5365853658536586,-1.7317073170731714,1.0,2.0,2.0,3.0,5.0,1.0,1.2905982905982907,1.358974358974359,1.4188034188034189,0.6,1.0,1.4067796610169492,1.1724137931034482,1.4067796610169492,1.2881355932203389,1.3103448275862069,1.5517241379310345,0.21367521367521367,0.21367521367521367,-0.2905982905982907,9.804878048780488,12.585365853658537,3.902439024390244,11.609756097560975,1.951219512195122,-2.7804878048780495
laliga-2026-2026-09-04-betis-v-real-madrid,2026-09-04,2026,Betis,Real Madrid,1,0,2,0.5,0.0,394.25599339659567,6,5,999,0,1.0,0,999,0,1.0,0,0,0,3.0,0.0,2.0,7.0,9.0,1.8,1.564102564102564,1.435897435897436,1.264957264957265,1.4,1.8,1.8448275862068966,1.2881355932203389,1.6206896551724137,1.0172413793103448,1.2542372881355932,1.5084745762711864,0.27350427350427353,0.1452991452991453,0.23589743589743595,14.463414634146341,12.512195121951219,4.853658536585366,10.512195121951219,2.0,1.951219512195122,5.0,0.0,0.0,15.0,4.0,3.0,2.341880341880342,2.1538461538461537,0.8632478632478633,3.0,0.8,2.6271186440677967,2.0517241379310347,2.4745762711864407,0.7627118644067796,1.8275862068965518,0.9655172413793104,0.4358974358974359,0.06837606837606838,0.658119658119658,17.658536585365855,10.75609756097561,6.829268292682927,9.829268292682928,2.1219512195121952,6.902439024390246
laliga-2026-2026-09-05-ath-bilbao-v-ath-madrid,2026-09-05,2026,Ath Bilbao,Ath Madrid,3,0,2,0.42857142857142855,0.0,318.9219671527912,6,7,999,0,1.0,0,999,0,1.0,0,0,0,1.0,1.0,3.0,6.0,10.0,0.8,1.5897435897435896,1.376068376068376,1.1025641025641026,1.2,2.0,1.9137931034482758,1.271186440677966,1.6724137931034482,0.9482758620689655,1.0847457627118644,1.2542372881355932,0.3418803418803419,0.27350427350427353,-0.7897435897435896,13.707317073170731,9.707317073170731,4.536585365853658,13.512195121951219,2.4878048780487805,4.0,3.0,1.0,1.0,9.0,8.0,2.0,1.9487179487179487,1.7692307692307692,1.0256410256410255,1.8,1.6,2.457627118644068,1.4310344827586208,2.152542372881356,0.9491525423728814,1.3793103448275863,1.103448275862069,0.38461538461538464,0.1623931623931624,0.05128205128205132,13.268292682926829,11.707317073170731,5.073170731707317,11.463414634146341,2.3902439024390243,1.5609756097560972
laliga-2026-2026-09-05-rayo-vallecano-v-santander,2026-09-05,2026,Rayo Vallecano,Santander,3,2,2,1.0,0.0,341.6929921212121,5,8,999,0,1.0,0,999,0,1.0,0,0,0,2.0,1.0,2.0,8.0,9.0,1.4,1.205128205128205,0.9829059829059829,1.2393162393162394,1.6,1.8,1.3448275862068966,1.0677966101694916,1.1551724137931034,1.1724137931034482,0.8135593220338984,1.305084745762712,0.29914529914529914,0.3418803418803419,0.19487179487179485,13.536585365853659,12.658536585365853,4.7317073170731705,13.536585365853659,3.073170731707317,0.8780487804878057,1.0,1.0,1.0,5.0,5.0,1.3333333333333333,1.3333333333333333,1.6666666666666667,1.6666666666666667,1.6666666666666667,1.6666666666666667,2.0,0.0,2.5,2.0,0.0,1.0,0.0,0.3333333333333333,0.0,12.0,14.0,4.0,16.0,2.3333333333333335,-2.0
laliga-2026-2026-09-05-villarreal-v-la-coruna,2026-09-05,2026,Villarreal,La Coruna,2,3,0,0.0,0.0,788.6729111953696,8,6,999,0,1.0,0,999,0,1.0,0,0,0,1.0,2.0,2.0,9.0,8.0,1.0,1.6837606837606838,1.811965811965812,1.4273504273504274,1.8,1.6,1.8596491228070176,1.5166666666666666,2.2280701754385963,1.368421052631579,1.4166666666666667,1.4833333333333334,0.1794871794871795,0.1452991452991453,-0.6837606837606838,12.170731707317072,12.951219512195122,4.658536585365853,11.926829268292684,2.2195121951219514,-0.7804878048780495,1.0,2.0,0.0,5.0,3.0,1.6666666666666667,1.6666666666666667,1.6666666666666667,1.0,1.6666666666666667,1.0,2.0,1.0,2.0,1.0,1.0,1.0,0.0,0.0,0.0,8.333333333333334,12.0,3.6666666666666665,14.333333333333334,3.3333333333333335,-3.666666666666666
laliga-2026-2026-09-06-valencia-v-barcelona,2026-09-06,2026,Valencia,Barcelona,0,5,0,0.21428571428571427,0.0,299.8128548684505,7,6,999,0,1.0,0,999,0,1.0,0,0,0,2.0,1.0,2.0,8.0,8.0,1.4,1.2393162393162394,1.1196581196581197,1.3504273504273505,1.6,1.6,1.5593220338983051,0.9137931034482759,1.2372881355932204,0.9830508474576272,1.0,1.7241379310344827,0.26495726495726496,0.2905982905982906,0.16068376068376056,11.829268292682928,11.731707317073171,3.2195121951219514,11.975609756097562,2.0,0.09756097560975618,4.0,0.0,1.0,16.0,6.0,2.4,2.358974358974359,2.4615384615384617,1.0341880341880343,3.2,1.2,2.5762711864406778,2.1379310344827585,2.694915254237288,0.8983050847457628,2.2241379310344827,1.1724137931034482,0.4017094017094017,0.042735042735042736,0.04102564102564088,18.317073170731707,9.024390243902438,6.902439024390244,9.487804878048781,1.5853658536585367,9.292682926829269
laliga-2026-2026-09-06-alaves-v-osasuna,2026-09-06,2026,Alaves,Osasuna,5,2,2,0.35714285714285715,0.0,84.83905260516632,9,6,999,0,1.0,0,999,0,1.0,0,0,0,3.0,1.0,1.0,7.0,3.0,2.0,1.1794871794871795,1.0512820512820513,1.2905982905982907,1.4,0.6,1.4915254237288136,0.8620689655172413,1.11864406779661,1.0338983050847457,0.9827586206896551,1.5517241379310345,0.23076923076923078,0.3247863247863248,0.8205128205128205,12.292682926829269,12.365853658536585,4.048780487804878,14.902439024390244,2.7804878048780486,-0.07317073170731625,2.0,1.0,2.0,4.0,4.0,1.4,1.2478632478632479,1.1965811965811965,1.358974358974359,0.8,0.8,1.6101694915254237,0.8793103448275862,1.423728813559322,1.2372881355932204,0.9655172413793104,1.4827586206896552,0.23931623931623933,0.26495726495726496,0.15213675213675204,11.853658536585366,12.170731707317072,4.048780487804878,13.512195121951219,2.707317073170732,-0.3170731707317067
laliga-2026-2026-09-06-malaga-v-levante,2026-09-06,2026,Malaga,Levante,0,0,1,0.5,0.0,467.9578009965635,7,8,999,0,1.0,0,999,0,1.0,0,0,0,0.0,1.0,2.0,1.0,7.0,0.3333333333333333,0.3333333333333333,0.3333333333333333,2.3333333333333335,0.3333333333333333,2.3333333333333335,1.0,0.0,1.0,1.0,0.0,3.0,0.0,0.6666666666666666,0.0,10.666666666666666,13.333333333333334,1.3333333333333333,10.666666666666666,2.0,-2.666666666666668,2.0,1.0,2.0,8.0,7.0,1.4,1.1219512195121952,1.2682926829268293,1.6097560975609757,1.6,1.4,1.45,0.8095238095238095,1.55,1.5,1.0,1.7142857142857142,0.24390243902439024,0.34146341463414637,0.2780487804878047,12.463414634146341,15.390243902439025,3.8780487804878048,12.048780487804878,2.341463414634146,-2.9268292682926838
laliga-2026-2026-09-06-espanyol-v-sevilla,2026-09-06,2026,Espanyol,Sevilla,1,1,1,0.4,0.0,819.5876816472664,8,8,999,0,1.0,0,999,0,1.0,0,0,0,2.0,1.0,2.0,8.0,6.0,1.4,1.1518987341772151,1.1139240506329113,1.3924050632911393,1.6,1.2,1.475,0.8205128205128205,1.2,1.15,1.0256410256410255,1.641025641025641,0.24050632911392406,0.25316455696202533,0.2481012658227848,12.585365853658537,13.707317073170731,4.146341463414634,14.0,2.7560975609756095,-1.1219512195121943,2.0,0.0,3.0,6.0,7.0,1.2,1.1196581196581197,1.2136752136752136,1.4871794871794872,1.2,1.4,1.271186440677966,0.9655172413793104,1.2033898305084745,1.3389830508474576,1.2241379310344827,1.6379310344827587,0.20512820512820512,0.24786324786324787,0.08034188034188028,11.634146341463415,10.707317073170731,3.658536585365854,15.0,3.2195121951219514,0.9268292682926838
laliga-2026-2026-09-07-getafe-v-celta,2026-09-07,2026,Getafe,Celta,1,1,1,0.5,0.0,470.3353974285424,7,4,999,0,1.0,0,999,0,1.0,0,0,0,2.0,0.0,3.0,2.0,5.0,1.2,1.188034188034188,0.9316239316239316,1.1538461538461537,0.4,1.0,1.3448275862068966,1.0338983050847457,0.9310344827586207,0.9827586206896551,0.9322033898305084,1.3220338983050848,0.27350427350427353,0.42735042735042733,0.011965811965811923,9.268292682926829,11.073170731707316,2.658536585365854,15.073170731707316,3.341463414634146,-1.8048780487804876,1.0,2.0,2.0,2.0,4.0,1.0,1.2881355932203389,1.347457627118644,1.4067796610169492,0.4,0.8,1.4067796610169492,1.1694915254237288,1.4067796610169492,1.2881355932203389,1.2881355932203389,1.5254237288135593,0.22033898305084745,0.22033898305084745,-0.2881355932203389,9.738095238095237,12.666666666666666,3.857142857142857,11.595238095238095,1.9761904761904763,-2.928571428571429
laliga-2026-2026-09-07-elche-v-real-sociedad,2026-09-07,2026,Elche,Real Sociedad,2,3,0,0.16666666666666666,0.0,569.7316088865549,10,4,999,0,1.0,0,999,0,1.0,0,0,0,1.0,2.0,2.0,5.0,10.0,1.0,1.0731707317073171,1.2682926829268293,1.6097560975609757,1.0,2.0,1.75,0.42857142857142855,1.5,1.2,1.0476190476190477,2.0,0.1951219512195122,0.14634146341463414,-0.07317073170731714,10.878048780487806,13.609756097560975,3.902439024390244,13.439024390243903,2.317073170731707,-2.7317073170731696,1.0,2.0,2.0,4.0,7.0,1.0,1.3220338983050848,1.2542372881355932,1.2881355932203389,0.8,1.4,1.5254237288135593,1.11864406779661,1.4406779661016949,1.2203389830508475,1.0677966101694916,1.3559322033898304,0.2711864406779661,0.3050847457627119,-0.3220338983050848,12.452380952380953,13.928571428571429,4.666666666666667,14.166666666666666,2.5238095238095237,-1.4761904761904763
laliga-2026-2026-09-11-sevilla-v-valencia,2026-09-11,2026,Sevilla,Valencia,1,0,2,0.35714285714285715,0.0,539.9261066392522,5,5,999,0,1.0,0,999,0,1.0,0,0,0,2.0,1.0,2.0,7.0,7.0,1.4,1.11864406779661,1.2118644067796611,1.4830508474576272,1.4,1.4,1.271186440677966,0.9661016949152542,1.2033898305084745,1.3389830508474576,1.2203389830508475,1.6271186440677967,0.2033898305084746,0.2457627118644068,0.28135593220338984,11.5,10.738095238095237,3.642857142857143,14.952380952380953,3.261904761904762,0.7619047619047628,1.0,1.0,3.0,4.0,10.0,0.8,1.228813559322034,1.1101694915254237,1.38135593220339,0.8,2.0,1.5333333333333334,0.9137931034482759,1.2166666666666666,1.05,1.0,1.7241379310344827,0.2627118644067797,0.2966101694915254,-0.4288135593220339,11.619047619047619,12.047619047619047,3.1904761904761907,11.857142857142858,1.9761904761904763,-0.4285714285714288
laliga-2026-2026-09-12-santander-v-alaves,2026-09-12,2026,Santander,Alaves,2,1,2,1.0,0.0,114.29515533533143,7,6,999,0,1.0,0,999,0,1.0,0,0,0,1.0,1.0,2.0,7.0,8.0,1.0,1.0,1.75,2.0,1.75,2.0,2.0,0.0,2.5,2.0,1.0,2.0,0.0,0.25,0.0,11.25,14.5,4.0,15.0,2.25,-3.25,3.0,1.0,1.0,11.0,5.0,2.0,1.194915254237288,1.0847457627118644,1.2966101694915255,2.2,1.0,1.5166666666666666,0.8620689655172413,1.1833333333333333,1.05,0.9827586206896551,1.5517241379310345,0.2288135593220339,0.3220338983050847,0.8050847457627119,12.285714285714286,12.238095238095237,4.119047619047619,14.880952380952381,2.738095238095238,0.047619047619049226
laliga-2026-2026-09-12-osasuna-v-espanyol,2026-09-12,2026,Osasuna,Espanyol,0,2,0,0.3,0.0,346.1772743456447,6,6,999,0,1.0,0,999,0,1.0,0,0,0,2.0,1.0,2.0,5.0,7.0,1.4,1.2372881355932204,1.2033898305084745,1.3898305084745763,1.0,1.4,1.6101694915254237,0.864406779661017,1.423728813559322,1.2372881355932204,0.9830508474576272,1.5423728813559323,0.23728813559322035,0.2627118644067797,0.16271186440677954,11.738095238095237,12.166666666666666,4.071428571428571,13.5,2.6904761904761907,-0.4285714285714288,1.0,2.0,2.0,7.0,6.0,1.0,1.15,1.1125,1.3875,1.4,1.2,1.4634146341463414,0.8205128205128205,1.1951219512195121,1.146341463414634,1.0256410256410255,1.641025641025641,0.2375,0.25,-0.1499999999999999,12.571428571428571,13.523809523809524,4.119047619047619,14.071428571428571,2.738095238095238,-0.9523809523809526
laliga-2026-2026-09-12-ath-bilbao-v-elche,2026-09-12,2026,Ath Bilbao,Elche,1,1,1,0.6666666666666666,0.0,586.8148237968896,7,5,999,0,1.0,0,999,0,1.0,0,0,0,2.0,0.0,3.0,8.0,9.0,1.2,1.6016949152542372,1.3898305084745763,1.0932203389830508,1.6,1.8,1.9322033898305084,1.271186440677966,1.694915254237288,0.9322033898305084,1.0847457627118644,1.2542372881355932,0.3474576271186441,0.2711864406779661,-0.4016949152542373,13.642857142857142,9.833333333333334,4.523809523809524,13.380952380952381,2.4285714285714284,3.8095238095238084,0.0,2.0,3.0,6.0,13.0,0.4,1.0476190476190477,1.2857142857142858,1.6428571428571428,1.2,2.6,1.6666666666666667,0.42857142857142855,1.5238095238095237,1.2857142857142858,1.0476190476190477,2.0,0.19047619047619047,0.14285714285714285,-0.6476190476190476,11.095238095238095,13.595238095238095,4.0476190476190474,13.333333333333334,2.357142857142857,-2.5
laliga-2026-2026-09-12-real-madrid-v-rayo-vallecano,2026-09-12,2026,Real Madrid,Rayo Vallecano,4,1,2,0.7142857142857143,0.0,7.346952001326216,8,7,999,0,1.0,0,999,0,1.0,0,0,0,4.0,0.0,1.0,14.0,5.0,2.4,2.3220338983050848,2.135593220338983,0.864406779661017,2.8,1.0,2.6271186440677967,2.016949152542373,2.4745762711864407,0.7627118644067796,1.7966101694915255,0.9661016949152542,0.4322033898305085,0.07627118644067797,0.07796610169491514,17.714285714285715,10.738095238095237,6.857142857142857,9.904761904761905,2.1904761904761907,6.976190476190478,2.0,1.0,2.0,9.0,11.0,1.4,1.2203389830508475,1.0,1.2457627118644068,1.8,2.2,1.3728813559322033,1.0677966101694916,1.1864406779661016,1.1864406779661016,0.8135593220338984,1.305084745762712,0.2966101694915254,0.3389830508474576,0.17966101694915237,13.595238095238095,12.571428571428571,4.857142857142857,13.571428571428571,3.1666666666666665,1.0238095238095237
laliga-2026-2026-09-13-celta-v-malaga,2026-09-13,2026,Celta,Malaga,1,1,1,0.5,0.0,714.2642042663351,6,7,999,0,1.0,0,999,0,1.0,0,0,0,0.0,3.0,2.0,2.0,5.0,0.6,1.2857142857142858,1.3445378151260505,1.403361344537815,0.4,1.0,1.4067796610169492,1.1666666666666667,1.4067796610169492,1.2881355932203389,1.2833333333333334,1.5166666666666666,0.2184873949579832,0.2184873949579832,-0.6857142857142858,9.883720930232558,12.604651162790697,3.8372093023255816,11.534883720930232,1.9767441860465116,-2.720930232558139,0.0,2.0,2.0,1.0,7.0,0.5,0.5,0.25,1.75,0.25,1.75,1.0,0.0,0.5,0.5,0.0,3.0,0.25,0.75,0.0,10.5,12.75,1.75,11.75,2.5,-2.25
laliga-2026-2026-09-13-levante-v-barcelona,2026-09-13,2026,Levante,Barcelona,2,4,0,0.0,0.0,299.8128548684505,7,7,999,0,1.0,0,999,0,1.0,0,0,0,1.0,2.0,2.0,6.0,7.0,1.0,1.119047619047619,1.2380952380952381,1.5714285714285714,1.2,1.4,1.45,0.8181818181818182,1.55,1.5,0.9545454545454546,1.6363636363636365,0.2619047619047619,0.35714285714285715,-0.11904761904761907,12.428571428571429,15.261904761904763,3.857142857142857,12.023809523809524,2.3333333333333335,-2.833333333333334,4.0,0.0,1.0,18.0,5.0,2.4,2.364406779661017,2.483050847457627,1.0254237288135593,3.6,1.0,2.5762711864406778,2.152542372881356,2.694915254237288,0.8983050847457628,2.2711864406779663,1.152542372881356,0.4067796610169492,0.0423728813559322,0.035593220338983045,18.476190476190474,8.880952380952381,6.976190476190476,9.404761904761905,1.619047619047619,9.595238095238093
laliga-2026-2026-09-13-getafe-v-la-coruna,2026-09-13,2026,Getafe,La Coruna,1,1,1,0.5,0.0,517.644620795031,6,8,999,0,1.0,0,999,0,1.0,0,0,0,2.0,1.0,2.0,3.0,5.0,1.4,1.1864406779661016,0.9322033898305084,1.152542372881356,0.6,1.0,1.3389830508474576,1.0338983050847457,0.9322033898305084,0.9830508474576272,0.9322033898305084,1.3220338983050848,0.2711864406779661,0.423728813559322,0.21355932203389827,9.285714285714286,11.19047619047619,2.642857142857143,14.904761904761905,3.4047619047619047,-1.9047619047619033,2.0,2.0,0.0,8.0,5.0,2.0,2.0,2.0,1.25,2.0,1.25,2.0,2.0,2.0,1.0,2.0,1.5,0.0,0.0,0.0,8.25,13.25,3.5,14.25,3.0,-5.0
laliga-2026-2026-09-13-real-sociedad-v-ath-madrid,2026-09-13,2026,Real Sociedad,Ath Madrid,0,3,0,0.14285714285714285,0.0,345.70247151879346,6,8,999,0,1.0,0,999,0,1.0,0,0,0,2.0,1.0,2.0,6.0,8.0,1.4,1.3361344537815125,1.26890756302521,1.2941176470588236,1.2,1.6,1.5254237288135593,1.15,1.4406779661016949,1.2203389830508475,1.1,1.3666666666666667,0.2689075630252101,0.3025210084033613,0.06386554621848739,12.465116279069768,14.069767441860465,4.6976744186046515,14.023255813953488,2.5348837209302326,-1.604651162790697,2.0,1.0,2.0,8.0,11.0,1.4,1.9322033898305084,1.7542372881355932,1.0423728813559323,1.6,2.2,2.457627118644068,1.4067796610169492,2.152542372881356,0.9491525423728814,1.3559322033898304,1.1355932203389831,0.3813559322033898,0.1694915254237288,-0.5322033898305085,13.30952380952381,11.69047619047619,5.071428571428571,11.333333333333334,2.357142857142857,1.6190476190476204
laliga-2026-2026-09-14-villarreal-v-betis,2026-09-14,2026,Villarreal,Betis,1,2,0,0.35714285714285715,0.0,583.4265952554996,9,10,999,0,1.0,0,999,0,1.0,0,0,0,1.0,2.0,2.0,11.0,9.0,1.0,1.6694915254237288,1.8135593220338984,1.4406779661016949,2.2,1.8,1.8275862068965518,1.5166666666666666,2.2241379310344827,1.396551724137931,1.4166666666666667,1.4833333333333334,0.17796610169491525,0.1440677966101695,-0.6694915254237288,12.285714285714286,12.833333333333334,4.666666666666667,11.976190476190476,2.2142857142857144,-0.5476190476190474,4.0,0.0,1.0,7.0,6.0,2.4,1.576271186440678,1.4322033898305084,1.2542372881355932,1.4,1.2,1.8644067796610169,1.2881355932203389,1.6101694915254237,1.0,1.2542372881355932,1.5084745762711864,0.2796610169491525,0.1440677966101695,0.8237288135593219,14.357142857142858,12.69047619047619,4.857142857142857,10.523809523809524,2.0238095238095237,1.6666666666666679
laliga-2026-2026-09-15-rayo-vallecano-v-espanyol,2026-09-15,2026,Rayo Vallecano,Espanyol,2,1,2,0.4,0.0,493.54718483989615,3,3,999,0,1.0,0,999,0,1.0,0,0,0,1.0,1.0,3.0,8.0,14.0,0.8,1.2100840336134453,1.0,1.26890756302521,1.6,2.8,1.3728813559322033,1.05,1.1864406779661016,1.1864406779661016,0.8166666666666667,1.35,0.29411764705882354,0.33613445378151263,-0.41008403361344525,13.69767441860465,12.837209302325581,4.906976744186046,13.55813953488372,3.116279069767442,0.8604651162790695,2.0,1.0,2.0,8.0,5.0,1.4,1.1728395061728396,1.123456790123457,1.3703703703703705,1.6,1.0,1.4634146341463414,0.875,1.1951219512195121,1.146341463414634,1.05,1.6,0.24691358024691357,0.24691358024691357,0.2271604938271603,12.418604651162791,13.465116279069768,4.093023255813954,14.30232558139535,2.744186046511628,-1.0465116279069768
laliga-2026-2026-09-15-alaves-v-valencia,2026-09-15,2026,Alaves,Valencia,0,1,0,0.5714285714285714,0.0,421.45291985193836,3,4,999,0,1.0,0,999,0,1.0,0,0,0,3.0,1.0,1.0,11.0,5.0,2.0,1.184873949579832,1.084033613445378,1.3025210084033614,2.2,1.0,1.5166666666666666,0.847457627118644,1.1833333333333333,1.05,0.9830508474576272,1.5593220338983051,0.226890756302521,0.31932773109243695,0.8151260504201681,12.372093023255815,12.209302325581396,4.209302325581396,14.930232558139535,2.744186046511628,0.1627906976744189,0.0,1.0,4.0,1.0,10.0,0.2,1.218487394957983,1.1008403361344539,1.3781512605042017,0.2,2.0,1.5333333333333334,0.8983050847457628,1.2166666666666666,1.05,0.9830508474576272,1.7118644067796611,0.2605042016806723,0.3025210084033613,-1.0184873949579831,11.418604651162791,12.069767441860465,3.116279069767442,11.86046511627907,1.9767441860465116,-0.6511627906976738
laliga-2026-2026-09-15-elche-v-real-madrid,2026-09-15,2026,Elche,Real Madrid,2,3,0,0.16666666666666666,0.0,353.5871132557583,3,3,999,0,1.0,0,999,0,1.0,0,0,0,0.0,2.0,3.0,6.0,13.0,0.4,1.0465116279069768,1.2790697674418605,1.627906976744186,1.2,2.6,1.6666666666666667,0.45454545454545453,1.5238095238095237,1.2857142857142858,1.0454545454545454,1.9545454545454546,0.18604651162790697,0.13953488372093023,-0.6465116279069768,10.906976744186046,13.720930232558139,3.9767441860465116,13.30232558139535,2.372093023255814,-2.8139534883720927,4.0,0.0,1.0,14.0,4.0,2.4,2.327731092436975,2.1512605042016806,0.865546218487395,2.8,0.8,2.6333333333333333,2.016949152542373,2.5,0.7666666666666667,1.7966101694915255,0.9661016949152542,0.42857142857142855,0.07563025210084033,0.07226890756302495,17.86046511627907,10.906976744186046,6.953488372093023,9.883720930232558,2.13953488372093,6.953488372093023
laliga-2026-2026-09-16-ath-madrid-v-osasuna,2026-09-16,2026,Ath Madrid,Osasuna,4,0,2,0.7142857142857143,0.0,308.9531646022417,3,4,999,0,1.0,0,999,0,1.0,0,0,0,3.0,1.0,1.0,10.0,6.0,2.0,1.9411764705882353,1.7647058823529411,1.0336134453781514,2.0,1.2,2.457627118644068,1.4333333333333333,2.152542372881356,0.9491525423728814,1.3833333333333333,1.1166666666666667,0.3865546218487395,0.16806722689075632,0.05882352941176472,13.30232558139535,11.604651162790697,5.069767441860465,11.279069767441861,2.3255813953488373,1.6976744186046524,2.0,1.0,2.0,5.0,8.0,1.4,1.226890756302521,1.1932773109243697,1.3949579831932772,1.0,1.6,1.5833333333333333,0.864406779661017,1.4,1.25,0.9830508474576272,1.5423728813559323,0.23529411764705882,0.2689075630252101,0.17310924369747882,11.720930232558139,12.023255813953488,4.069767441860465,13.418604651162791,2.6744186046511627,-0.3023255813953494
laliga-2026-2026-09-16-la-coruna-v-sevilla,2026-09-16,2026,La Coruna,Sevilla,0,1,0,0.0,0.0,697.2564677737292,3,5,999,0,1.0,0,999,0,1.0,0,0,0,2.0,3.0,0.0,9.0,6.0,1.8,1.8,1.8,1.2,1.8,1.2,2.0,1.6666666666666667,2.0,1.0,1.6666666666666667,1.3333333333333333,0.0,0.0,0.0,8.6,13.6,3.4,13.2,2.6,-5.0,3.0,1.0,1.0,8.0,6.0,2.0,1.134453781512605,1.2100840336134453,1.4705882352941178,1.6,1.2,1.3,0.9661016949152542,1.2,1.3166666666666667,1.2203389830508475,1.6271186440677967,0.21008403361344538,0.24369747899159663,0.865546218487395,11.534883720930232,10.55813953488372,3.6511627906976742,14.790697674418604,3.2093023255813953,0.9767441860465116
laliga-2026-2026-09-16-barcelona-v-santander,2026-09-16,2026,Barcelona,Santander,7,2,2,1.0,0.0,538.2587209262417,3,4,999,0,1.0,0,999,0,1.0,0,0,0,5.0,0.0,0.0,21.0,4.0,3.0,2.369747899159664,2.495798319327731,1.0336134453781514,4.2,0.8,2.5762711864406778,2.1666666666666665,2.694915254237288,0.8983050847457628,2.3,1.1666666666666667,0.40336134453781514,0.04201680672268908,0.6302521008403361,18.325581395348838,8.976744186046512,6.953488372093023,9.44186046511628,1.6046511627906976,9.348837209302326,2.0,1.0,2.0,9.0,9.0,1.4,1.4,1.8,1.8,1.8,1.8,2.3333333333333335,0.0,2.3333333333333335,1.6666666666666667,1.0,2.0,0.0,0.2,0.0,11.2,14.8,4.0,15.2,2.6,-3.6000000000000014
laliga-2026-2026-09-17-betis-v-getafe,2026-09-17,2026,Betis,Getafe,1,0,2,0.7142857142857143,0.0,379.3296978893749,3,4,999,0,1.0,0,999,0,1.0,0,0,0,4.0,0.0,1.0,7.0,6.0,2.4,1.588235294117647,1.4369747899159664,1.2521008403361344,1.4,1.2,1.8644067796610169,1.3166666666666667,1.6101694915254237,1.0,1.2666666666666666,1.5,0.2773109243697479,0.14285714285714285,0.8117647058823529,14.627906976744185,12.720930232558139,5.023255813953488,10.465116279069768,1.9767441860465116,1.9069767441860463,1.0,2.0,2.0,3.0,6.0,1.0,1.184873949579832,0.9327731092436975,1.1512605042016806,0.6,1.2,1.3333333333333333,1.0338983050847457,0.9333333333333333,0.9833333333333333,0.9322033898305084,1.3220338983050848,0.2689075630252101,0.42016806722689076,-0.18487394957983194,9.418604651162791,11.162790697674419,2.6744186046511627,14.883720930232558,3.395348837209302,-1.7441860465116275
laliga-2026-2026-09-17-malaga-v-villarreal,2026-09-17,2026,Malaga,Villarreal,1,3,0,0.0,0.0,519.7180170870561,4,3,999,0,1.0,0,999,0,1.0,0,0,0,0.0,3.0,2.0,2.0,8.0,0.6,0.6,0.4,1.6,0.4,1.6,1.0,0.3333333333333333,0.5,0.5,0.3333333333333333,2.3333333333333335,0.2,0.6,0.0,10.8,13.6,1.8,11.4,2.2,-2.799999999999999,0.0,2.0,3.0,7.0,10.0,0.4,1.6554621848739495,1.8067226890756303,1.4453781512605042,1.4,2.0,1.7966101694915255,1.5166666666666666,2.2033898305084745,1.4067796610169492,1.4166666666666667,1.4833333333333334,0.17647058823529413,0.14285714285714285,-1.2554621848739496,12.325581395348838,13.13953488372093,4.744186046511628,11.86046511627907,2.186046511627907,-0.8139534883720927
laliga-2026-2026-09-18-espanyol-v-elche,2026-09-18,2026,Espanyol,Elche,1,3,0,0.5,0.0,416.17391274394384,3,3,999,0,1.0,0,999,0,1.0,0,0,0,1.0,1.0,3.0,6.0,7.0,0.8,1.1585365853658536,1.1219512195121952,1.3780487804878048,1.2,1.4,1.4634146341463414,0.8536585365853658,1.1951219512195121,1.146341463414634,1.048780487804878,1.6097560975609757,0.24390243902439024,0.24390243902439024,-0.35853658536585353,12.568181818181818,13.522727272727273,4.113636363636363,14.318181818181818,2.75,-0.954545454545455,0.0,1.0,4.0,7.0,15.0,0.2,1.0227272727272727,1.2954545454545454,1.6590909090909092,1.4,3.0,1.5909090909090908,0.45454545454545453,1.5454545454545454,1.3636363636363635,1.0454545454545454,1.9545454545454546,0.18181818181818182,0.13636363636363635,-0.8227272727272728,10.909090909090908,13.863636363636363,3.9545454545454546,13.477272727272727,2.409090909090909,-2.954545454545455
laliga-2026-2026-09-19-osasuna-v-rayo-vallecano,2026-09-19,2026,Osasuna,Rayo Vallecano,1,1,1,0.5714285714285714,0.0,315.9199232680751,3,4,999,0,1.0,0,999,0,1.0,0,0,0,2.0,0.0,3.0,5.0,12.0,1.2,1.2166666666666666,1.1833333333333333,1.4166666666666667,1.0,2.4,1.5833333333333333,0.85,1.4,1.25,0.9666666666666667,1.5833333333333333,0.23333333333333334,0.275,-0.016666666666666607,11.522727272727273,12.363636363636363,4.0,13.386363636363637,2.659090909090909,-0.8409090909090899,2.0,1.0,2.0,9.0,13.0,1.4,1.225,1.0083333333333333,1.2666666666666666,1.8,2.6,1.4,1.05,1.2,1.1833333333333333,0.8166666666666667,1.35,0.2916666666666667,0.3333333333333333,0.17499999999999982,13.75,12.977272727272727,4.840909090909091,13.477272727272727,3.159090909090909,0.7727272727272734
laliga-2026-2026-09-19-ath-bilbao-v-alaves,2026-09-19,2026,Ath Bilbao,Alaves,0,0,1,0.7142857142857143,0.0,51.43559190820587,7,4,999,0,1.0,0,999,0,1.0,0,0,0,2.0,1.0,2.0,7.0,6.0,1.4,1.596638655462185,1.3865546218487395,1.0924369747899159,1.4,1.2,1.9166666666666667,1.271186440677966,1.6833333333333333,0.9333333333333333,1.0847457627118644,1.2542372881355932,0.3445378151260504,0.2689075630252101,-0.19663865546218506,13.767441860465116,9.674418604651162,4.488372093023256,13.325581395348838,2.441860465116279,4.093023255813954,2.0,1.0,2.0,8.0,6.0,1.4,1.175,1.075,1.3,1.6,1.2,1.4918032786885247,0.847457627118644,1.1639344262295082,1.0491803278688525,0.9830508474576272,1.5593220338983051,0.225,0.325,0.22499999999999987,12.431818181818182,12.159090909090908,4.181818181818182,14.75,2.7045454545454546,0.2727272727272734
laliga-2026-2026-09-19-celta-v-santander,2026-09-19,2026,Celta,Santander,5,0,2,1.0,0.0,425.71610729360594,6,3,999,0,1.0,0,999,0,1.0,0,0,0,0.0,3.0,2.0,3.0,6.0,0.6,1.2833333333333334,1.3416666666666666,1.4,0.6,1.2,1.4,1.1666666666666667,1.4,1.2833333333333334,1.2833333333333334,1.5166666666666666,0.21666666666666667,0.21666666666666667,-0.6833333333333335,10.045454545454545,12.590909090909092,3.8636363636363638,11.5,1.9545454545454546,-2.5454545454545467,2.0,0.0,3.0,9.0,14.0,1.2,1.1666666666666667,1.8333333333333333,2.6666666666666665,1.8,2.8,2.3333333333333335,0.0,2.3333333333333335,1.6666666666666667,1.3333333333333333,3.6666666666666665,0.0,0.16666666666666666,0.033333333333333215,10.166666666666666,17.333333333333332,3.8333333333333335,14.833333333333334,2.5,-7.166666666666666
laliga-2026-2026-09-19-sevilla-v-barcelona,2026-09-19,2026,Sevilla,Barcelona,1,3,0,0.14285714285714285,0.0,825.2788120519293,3,3,999,0,1.0,0,999,0,1.0,0,0,0,3.0,1.0,1.0,7.0,5.0,2.0,1.15,1.2083333333333333,1.4583333333333333,1.4,1.0,1.3,1.0,1.2,1.3166666666666667,1.2166666666666666,1.6,0.21666666666666667,0.24166666666666667,0.8500000000000001,11.522727272727273,10.409090909090908,3.7045454545454546,14.818181818181818,3.227272727272727,1.113636363636365,5.0,0.0,0.0,23.0,6.0,3.0,2.375,2.533333333333333,1.0416666666666667,4.6,1.2,2.5833333333333335,2.1666666666666665,2.7666666666666666,0.9166666666666666,2.3,1.1666666666666667,0.4,0.041666666666666664,0.625,18.59090909090909,8.886363636363637,7.0,9.454545454545455,1.6363636363636365,9.704545454545453
laliga-2026-2026-09-20-getafe-v-malaga,2026-09-20,2026,Getafe,Malaga,1,0,2,1.0,0.0,403.6506230197253,3,3,999,0,1.0,0,999,0,1.0,0,0,0,1.0,2.0,2.0,3.0,4.0,1.0,1.175,0.925,1.15,0.6,0.8,1.3333333333333333,1.0166666666666666,0.9333333333333333,0.9833333333333333,0.9166666666666666,1.3166666666666667,0.26666666666666666,0.425,-0.17500000000000004,9.386363636363637,11.409090909090908,2.659090909090909,15.090909090909092,3.3181818181818183,-2.0227272727272716,0.0,3.0,2.0,3.0,9.0,0.6,0.5,0.5,1.8333333333333333,0.6,1.8,0.6666666666666666,0.3333333333333333,0.6666666666666666,1.3333333333333333,0.3333333333333333,2.3333333333333335,0.16666666666666666,0.5,0.09999999999999998,9.833333333333334,14.0,1.6666666666666667,12.333333333333334,1.8333333333333333,-4.166666666666666
laliga-2026-2026-09-20-ath-madrid-v-real-madrid,2026-09-20,2026,Ath Madrid,Real Madrid,2,1,2,0.6428571428571429,0.0,7.738693239445262,4,5,999,0,1.0,0,999,0,1.0,0,0,0,3.0,1.0,1.0,12.0,6.0,2.0,1.95,1.7833333333333334,1.025,2.4,1.2,2.466666666666667,1.4333333333333333,2.183333333333333,0.9333333333333333,1.3833333333333333,1.1166666666666667,0.39166666666666666,0.16666666666666666,0.050000000000000044,13.613636363636363,11.409090909090908,5.204545454545454,11.181818181818182,2.2954545454545454,2.204545454545455,4.0,0.0,1.0,15.0,5.0,2.4,2.3333333333333335,2.158333333333333,0.875,3.0,1.0,2.6333333333333333,2.033333333333333,2.5,0.7666666666666667,1.8166666666666667,0.9833333333333333,0.425,0.075,0.06666666666666643,17.90909090909091,10.909090909090908,6.886363636363637,9.840909090909092,2.1363636363636362,7.000000000000002
laliga-2026-2026-09-20-la-coruna-v-betis,2026-09-20,2026,La Coruna,Betis,1,1,1,0.5,0.0,697.2564677737292,4,3,999,0,1.0,0,999,0,1.0,0,0,0,2.0,2.0,1.0,8.0,6.0,1.6,1.5,1.5,1.1666666666666667,1.6,1.2,1.3333333333333333,1.6666666666666667,1.3333333333333333,1.0,1.6666666666666667,1.3333333333333333,0.0,0.16666666666666666,0.10000000000000009,7.833333333333333,13.166666666666666,3.3333333333333335,13.5,2.6666666666666665,-5.333333333333333,4.0,0.0,1.0,7.0,6.0,2.4,1.6,1.4333333333333333,1.2416666666666667,1.4,1.2,1.8833333333333333,1.3166666666666667,1.6,0.9833333333333333,1.2666666666666666,1.5,0.2833333333333333,0.14166666666666666,0.7999999999999998,14.795454545454545,12.613636363636363,5.090909090909091,10.522727272727273,1.9318181818181819,2.1818181818181817
laliga-2026-2026-09-20-villarreal-v-levante,2026-09-20,2026,Villarreal,Levante,3,1,2,1.0,0.0,57.10537617130791,3,7,999,0,1.0,0,999,0,1.0,0,0,0,1.0,1.0,3.0,8.0,9.0,0.8,1.6666666666666667,1.8166666666666667,1.4416666666666667,1.6,1.8,1.7966101694915255,1.540983606557377,2.2033898305084745,1.4067796610169492,1.4426229508196722,1.4754098360655739,0.175,0.14166666666666666,-0.8666666666666667,12.409090909090908,12.954545454545455,4.795454545454546,11.818181818181818,2.1363636363636362,-0.5454545454545467,1.0,2.0,2.0,7.0,9.0,1.0,1.0930232558139534,1.255813953488372,1.627906976744186,1.4,1.8,1.380952380952381,0.8181818181818182,1.5714285714285714,1.619047619047619,0.9545454545454546,1.6363636363636365,0.2558139534883721,0.3488372093023256,-0.09302325581395343,12.44186046511628,15.186046511627907,3.9302325581395348,12.0,2.302325581395349,-2.7441860465116275
laliga-2026-2026-09-20-valencia-v-real-sociedad,2026-09-20,2026,Valencia,Real Sociedad,2,3,0,0.35714285714285715,0.0,445.8294239934526,5,7,999,0,1.0,0,999,0,1.0,0,0,0,1.0,0.0,4.0,2.0,10.0,0.6,1.2333333333333334,1.1,1.3666666666666667,0.4,2.0,1.5333333333333334,0.9333333333333333,1.2166666666666666,1.05,0.9833333333333333,1.6833333333333333,0.26666666666666666,0.3,-0.6333333333333334,11.386363636363637,12.136363636363637,3.1136363636363638,11.909090909090908,2.022727272727273,-0.75,2.0,1.0,2.0,6.0,10.0,1.4,1.325,1.2583333333333333,1.3083333333333333,1.2,2.0,1.5,1.15,1.4166666666666667,1.25,1.1,1.3666666666666667,0.26666666666666666,0.30833333333333335,0.07499999999999996,12.363636363636363,14.045454545454545,4.659090909090909,14.0,2.5454545454545454,-1.6818181818181817
