fixture_id,date,season,home,away,home_goals,away_goals,result,h2h_edge,h_travel_km,a_travel_km,h_rest_days,a_rest_days,h_euro_days_since,h_euro_midweek,h_euro_ppg,h_euro_gd,a_euro_days_since,a_euro_midweek,a_euro_ppg,a_euro_gd,h_key_absences,a_key_absences,h_elo,a_elo,elo_diff,odds_p_home,odds_p_draw,odds_p_away,odds_available,h_w5,h_d5,h_l5,h_gf5,h_ga5,h_ppg_l5,h_ppg,h_gf_pg,h_ga_pg,h_gf_pg_l5,h_ga_pg_l5,h_home_ppg,h_away_ppg,h_home_gf_pg,h_home_ga_pg,h_away_gf_pg,h_away_ga_pg,h_cs_rate,h_fts_rate,h_momentum,h_shots_pg,h_shots_conc_pg,h_sot_pg,h_fouls_pg,h_cards_pg,h_shot_diff_pg,a_w5,a_d5,a_l5,a_gf5,a_ga5,a_ppg_l5,a_ppg,a_gf_pg,a_ga_pg,a_gf_pg_l5,a_ga_pg_l5,a_home_ppg,a_away_ppg,a_home_gf_pg,a_home_ga_pg,a_away_gf_pg,a_away_ga_pg,a_cs_rate,a_fts_rate,a_momentum,a_shots_pg,a_shots_conc_pg,a_sot_pg,a_fouls_pg,a_cards_pg,a_shot_diff_pg
ligue1-2023-2023-08-11-nice-v-lille,2023-08-11,2023,Nice,Lille,1,1,1,0.5714285714285714,0.0,829.1226524257995,7,7,999,0,1.0,0,999,0,1.0,0,0,0,1500.0,1500.0,0.0,0.3333333333333333,0.3333333333333333,0.3333333333333333,0,1.8526315789473684,1.171578947368421,1.8578947368421053,6.890526315789474,6.908421052631579,1.3693508771929823,1.368124595033066,1.388802834952689,1.387963152868503,1.4091754385964912,1.4225789473684212,1.5425158622095096,1.207225300561266,1.5363599350802901,1.2422312520740564,1.2475430931002784,1.5188124260627864,0.2702226614472671,0.2683123248098637,0.0012262821599161456,12.289596697550415,12.37033588345685,4.1808457906541685,12.3234466889063,2.1894196983969327,-0.0807391859064324,1.8771008403361344,1.171218487394958,1.8172268907563025,6.980042016806722,6.847689075630252,1.3964110644257701,1.3873382832485541,1.4018867829775616,1.3774764278309484,1.4377801120448181,1.4112394957983194,1.5523986139019719,1.218961348862106,1.5380375240281081,1.2381949845099693,1.2568217486453637,1.51538844277295,0.27276738482315277,0.2657550619881402,0.009072781177216334,12.399126934901318,12.350307166820569,4.239178867422799,12.201756721470954,2.158890670394148,0.04881976808074908
ligue1-2023-2023-08-12-marseille-v-reims,2023-08-12,2023,Marseille,Reims,2,1,2,0.375,0.0,674.4098471386122,7,7,999,0,1.0,0,999,0,1.0,0,0,0,1500.0,1500.0,0.0,0.3333333333333333,0.3333333333333333,0.3333333333333333,0,1.8526315789473684,1.171578947368421,1.8578947368421053,6.890526315789474,6.908421052631579,1.3693508771929823,1.368124595033066,1.388802834952689,1.387963152868503,1.4091754385964912,1.4225789473684212,1.5425158622095096,1.207225300561266,1.5363599350802901,1.2422312520740564,1.2475430931002784,1.5188124260627864,0.2702226614472671,0.2683123248098637,0.0012262821599161456,12.289596697550415,12.37033588345685,4.1808457906541685,12.3234466889063,2.1894196983969327,-0.0807391859064324,1.8771008403361344,1.171218487394958,1.8172268907563025,6.980042016806722,6.847689075630252,1.3964110644257701,1.3873382832485541,1.4018867829775616,1.3774764278309484,1.4377801120448181,1.4112394957983194,1.5523986139019719,1.218961348862106,1.5380375240281081,1.2381949845099693,1.2568217486453637,1.51538844277295,0.27276738482315277,0.2657550619881402,0.009072781177216334,12.399126934901318,12.350307166820569,4.239178867422799,12.201756721470954,2.158890670394148,0.04881976808074908
ligue1-2023-2023-08-12-paris-sg-v-lorient,2023-08-12,2023,Paris SG,Lorient,0,0,1,0.625,0.0,432.96835104246736,7,7,999,0,1.0,0,999,0,1.0,0,0,0,1500.0,1500.0,0.0,0.3333333333333333,0.3333333333333333,0.3333333333333333,0,1.8526315789473684,1.171578947368421,1.8578947368421053,6.890526315789474,6.908421052631579,1.3693508771929823,1.368124595033066,1.388802834952689,1.387963152868503,1.4091754385964912,1.4225789473684212,1.5425158622095096,1.207225300561266,1.5363599350802901,1.2422312520740564,1.2475430931002784,1.5188124260627864,0.2702226614472671,0.2683123248098637,0.0012262821599161456,12.289596697550415,12.37033588345685,4.1808457906541685,12.3234466889063,2.1894196983969327,-0.0807391859064324,1.8771008403361344,1.171218487394958,1.8172268907563025,6.980042016806722,6.847689075630252,1.3964110644257701,1.3873382832485541,1.4018867829775616,1.3774764278309484,1.4377801120448181,1.4112394957983194,1.5523986139019719,1.218961348862106,1.5380375240281081,1.2381949845099693,1.2568217486453637,1.51538844277295,0.27276738482315277,0.2657550619881402,0.009072781177216334,12.399126934901318,12.350307166820569,4.239178867422799,12.201756721470954,2.158890670394148,0.04881976808074908
ligue1-2023-2023-08-13-brest-v-lens,2023-08-13,2023,Brest,Lens,3,2,2,0.25,0.0,574.5906900951455,7,7,999,0,1.0,0,999,0,1.0,0,0,0,1500.0,1500.0,0.0,0.3333333333333333,0.3333333333333333,0.3333333333333333,0,1.8526315789473684,1.171578947368421,1.8578947368421053,6.890526315789474,6.908421052631579,1.3693508771929823,1.368124595033066,1.388802834952689,1.387963152868503,1.4091754385964912,1.4225789473684212,1.5425158622095096,1.207225300561266,1.5363599350802901,1.2422312520740564,1.2475430931002784,1.5188124260627864,0.2702226614472671,0.2683123248098637,0.0012262821599161456,12.289596697550415,12.37033588345685,4.1808457906541685,12.3234466889063,2.1894196983969327,-0.0807391859064324,1.8771008403361344,1.171218487394958,1.8172268907563025,6.980042016806722,6.847689075630252,1.3964110644257701,1.3873382832485541,1.4018867829775616,1.3774764278309484,1.4377801120448181,1.4112394957983194,1.5523986139019719,1.218961348862106,1.5380375240281081,1.2381949845099693,1.2568217486453637,1.51538844277295,0.27276738482315277,0.2657550619881402,0.009072781177216334,12.399126934901318,12.350307166820569,4.239178867422799,12.201756721470954,2.158890670394148,0.04881976808074908
ligue1-2023-2023-08-13-montpellier-v-le-havre,2023-08-13,2023,Montpellier,Le Havre,2,2,1,0.375,0.0,712.2923765989436,7,7,999,0,1.0,0,999,0,1.0,0,0,0,1500.0,1500.0,0.0,0.3333333333333333,0.3333333333333333,0.3333333333333333,0,1.8526315789473684,1.171578947368421,1.8578947368421053,6.890526315789474,6.908421052631579,1.3693508771929823,1.368124595033066,1.388802834952689,1.387963152868503,1.4091754385964912,1.4225789473684212,1.5425158622095096,1.207225300561266,1.5363599350802901,1.2422312520740564,1.2475430931002784,1.5188124260627864,0.2702226614472671,0.2683123248098637,0.0012262821599161456,12.289596697550415,12.37033588345685,4.1808457906541685,12.3234466889063,2.1894196983969327,-0.0807391859064324,1.8771008403361344,1.171218487394958,1.8172268907563025,6.980042016806722,6.847689075630252,1.3964110644257701,1.3873382832485541,1.4018867829775616,1.3774764278309484,1.4377801120448181,1.4112394957983194,1.5523986139019719,1.218961348862106,1.5380375240281081,1.2381949845099693,1.2568217486453637,1.51538844277295,0.27276738482315277,0.2657550619881402,0.009072781177216334,12.399126934901318,12.350307166820569,4.239178867422799,12.201756721470954,2.158890670394148,0.04881976808074908
ligue1-2023-2023-08-13-nantes-v-toulouse,2023-08-13,2023,Nantes,Toulouse,1,2,0,0.5,0.0,469.10735603864345,7,7,999,0,1.0,0,999,0,1.0,0,0,0,1500.0,1500.0,0.0,0.3333333333333333,0.3333333333333333,0.3333333333333333,0,1.8526315789473684,1.171578947368421,1.8578947368421053,6.890526315789474,6.908421052631579,1.3693508771929823,1.368124595033066,1.388802834952689,1.387963152868503,1.4091754385964912,1.4225789473684212,1.5425158622095096,1.207225300561266,1.5363599350802901,1.2422312520740564,1.2475430931002784,1.5188124260627864,0.2702226614472671,0.2683123248098637,0.0012262821599161456,12.289596697550415,12.37033588345685,4.1808457906541685,12.3234466889063,2.1894196983969327,-0.0807391859064324,1.8771008403361344,1.171218487394958,1.8172268907563025,6.980042016806722,6.847689075630252,1.3964110644257701,1.3873382832485541,1.4018867829775616,1.3774764278309484,1.4377801120448181,1.4112394957983194,1.5523986139019719,1.218961348862106,1.5380375240281081,1.2381949845099693,1.2568217486453637,1.51538844277295,0.27276738482315277,0.2657550619881402,0.009072781177216334,12.399126934901318,12.350307166820569,4.239178867422799,12.201756721470954,2.158890670394148,0.04881976808074908
ligue1-2023-2023-08-13-clermont-v-monaco,2023-08-13,2023,Clermont,Monaco,2,4,0,0.0,0.0,408.8577053116482,7,7,999,0,1.0,0,999,0,1.0,0,0,0,1500.0,1500.0,0.0,0.3333333333333333,0.3333333333333333,0.3333333333333333,0,1.8526315789473684,1.171578947368421,1.8578947368421053,6.890526315789474,6.908421052631579,1.3693508771929823,1.368124595033066,1.388802834952689,1.387963152868503,1.4091754385964912,1.4225789473684212,1.5425158622095096,1.207225300561266,1.5363599350802901,1.2422312520740564,1.2475430931002784,1.5188124260627864,0.2702226614472671,0.2683123248098637,0.0012262821599161456,12.289596697550415,12.37033588345685,4.1808457906541685,12.3234466889063,2.1894196983969327,-0.0807391859064324,1.8771008403361344,1.171218487394958,1.8172268907563025,6.980042016806722,6.847689075630252,1.3964110644257701,1.3873382832485541,1.4018867829775616,1.3774764278309484,1.4377801120448181,1.4112394957983194,1.5523986139019719,1.218961348862106,1.5380375240281081,1.2381949845099693,1.2568217486453637,1.51538844277295,0.27276738482315277,0.2657550619881402,0.009072781177216334,12.399126934901318,12.350307166820569,4.239178867422799,12.201756721470954,2.158890670394148,0.04881976808074908
ligue1-2023-2023-08-13-rennes-v-metz,2023-08-13,2023,Rennes,Metz,5,1,2,0.875,0.0,584.7711336428284,7,7,999,0,1.0,0,999,0,1.0,0,0,0,1500.0,1500.0,0.0,0.3333333333333333,0.3333333333333333,0.3333333333333333,0,1.8526315789473684,1.171578947368421,1.8578947368421053,6.890526315789474,6.908421052631579,1.3693508771929823,1.368124595033066,1.388802834952689,1.387963152868503,1.4091754385964912,1.4225789473684212,1.5425158622095096,1.207225300561266,1.5363599350802901,1.2422312520740564,1.2475430931002784,1.5188124260627864,0.2702226614472671,0.2683123248098637,0.0012262821599161456,12.289596697550415,12.37033588345685,4.1808457906541685,12.3234466889063,2.1894196983969327,-0.0807391859064324,1.8771008403361344,1.171218487394958,1.8172268907563025,6.980042016806722,6.847689075630252,1.3964110644257701,1.3873382832485541,1.4018867829775616,1.3774764278309484,1.4377801120448181,1.4112394957983194,1.5523986139019719,1.218961348862106,1.5380375240281081,1.2381949845099693,1.2568217486453637,1.51538844277295,0.27276738482315277,0.2657550619881402,0.009072781177216334,12.399126934901318,12.350307166820569,4.239178867422799,12.201756721470954,2.158890670394148,0.04881976808074908
ligue1-2023-2023-08-13-strasbourg-v-lyon,2023-08-13,2023,Strasbourg,Lyon,2,1,2,0.5,0.0,374.78151610700206,7,7,999,0,1.0,0,999,0,1.0,0,0,0,1500.0,1500.0,0.0,0.3333333333333333,0.3333333333333333,0.3333333333333333,0,1.8526315789473684,1.171578947368421,1.8578947368421053,6.890526315789474,6.908421052631579,1.3693508771929823,1.368124595033066,1.388802834952689,1.387963152868503,1.4091754385964912,1.4225789473684212,1.5425158622095096,1.207225300561266,1.5363599350802901,1.2422312520740564,1.2475430931002784,1.5188124260627864,0.2702226614472671,0.2683123248098637,0.0012262821599161456,12.289596697550415,12.37033588345685,4.1808457906541685,12.3234466889063,2.1894196983969327,-0.0807391859064324,1.8771008403361344,1.171218487394958,1.8172268907563025,6.980042016806722,6.847689075630252,1.3964110644257701,1.3873382832485541,1.4018867829775616,1.3774764278309484,1.4377801120448181,1.4112394957983194,1.5523986139019719,1.218961348862106,1.5380375240281081,1.2381949845099693,1.2568217486453637,1.51538844277295,0.27276738482315277,0.2657550619881402,0.009072781177216334,12.399126934901318,12.350307166820569,4.239178867422799,12.201756721470954,2.158890670394148,0.04881976808074908
ligue1-2023-2023-08-18-metz-v-marseille,2023-08-18,2023,Metz,Marseille,2,2,1,0.25,0.0,651.9782095988006,5,6,999,0,1.0,0,999,0,1.0,0,0,0,1485.6025999921153,1507.1987000039423,-21.596100011827048,0.3333333333333333,0.3333333333333333,0.3333333333333333,0,0.0,0.0,1.0,1.0,5.0,0.0,0.0,1.0,5.0,1.0,5.0,0.0,0.0,1.0,5.0,1.0,5.0,0.0,0.0,0.0,12.289596697550415,12.37033588345685,4.1808457906541685,12.3234466889063,2.1894196983969327,-0.0807391859064324,1.0,0.0,0.0,2.0,1.0,3.0,3.0,2.0,1.0,2.0,1.0,3.0,3.0,2.0,1.0,2.0,1.0,0.0,0.0,0.0,12.399126934901318,12.350307166820569,4.239178867422799,12.201756721470954,2.158890670394148,0.04881976808074908
ligue1-2023-2023-08-19-lyon-v-montpellier,2023-08-19,2023,Lyon,Montpellier,1,4,0,0.75,0.0,256.753910594718,6,6,999,0,1.0,0,999,0,1.0,0,0,0,1492.8012999960577,1497.1987000039423,-4.397400007884698,0.3333333333333333,0.3333333333333333,0.3333333333333333,0,0.0,0.0,1.0,1.0,2.0,0.0,0.0,1.0,2.0,1.0,2.0,0.0,0.0,1.0,2.0,1.0,2.0,0.0,0.0,0.0,12.289596697550415,12.37033588345685,4.1808457906541685,12.3234466889063,2.1894196983969327,-0.0807391859064324,0.0,1.0,0.0,2.0,2.0,1.0,1.0,2.0,2.0,2.0,2.0,1.0,1.0,2.0,2.0,2.0,2.0,0.0,0.0,0.0,12.399126934901318,12.350307166820569,4.239178867422799,12.201756721470954,2.158890670394148,0.04881976808074908
ligue1-2023-2023-08-19-toulouse-v-paris-sg,2023-08-19,2023,Toulouse,Paris SG,1,1,1,0.25,0.0,588.0392604779165,6,7,999,0,1.0,0,999,0,1.0,0,0,0,1512.8012999960577,1497.1987000039423,15.602599992115302,0.3333333333333333,0.3333333333333333,0.3333333333333333,0,1.0,0.0,0.0,2.0,1.0,3.0,3.0,2.0,1.0,2.0,1.0,3.0,3.0,2.0,1.0,2.0,1.0,0.0,0.0,0.0,12.289596697550415,12.37033588345685,4.1808457906541685,12.3234466889063,2.1894196983969327,-0.0807391859064324,0.0,1.0,0.0,0.0,0.0,1.0,1.0,0.0,0.0,0.0,0.0,1.0,1.0,0.0,0.0,0.0,0.0,1.0,1.0,0.0,12.399126934901318,12.350307166820569,4.239178867422799,12.201756721470954,2.158890670394148,0.04881976808074908
ligue1-2023-2023-08-20-lens-v-rennes,2023-08-20,2023,Lens,Rennes,1,1,1,0.6666666666666666,0.0,413.9592539188141,7,7,999,0,1.0,0,999,0,1.0,0,0,0,1492.8012999960577,1514.3974000078847,-21.596100011827048,0.3333333333333333,0.3333333333333333,0.3333333333333333,0,0.0,0.0,1.0,2.0,3.0,0.0,0.0,2.0,3.0,2.0,3.0,0.0,0.0,2.0,3.0,2.0,3.0,0.0,0.0,0.0,12.289596697550415,12.37033588345685,4.1808457906541685,12.3234466889063,2.1894196983969327,-0.0807391859064324,1.0,0.0,0.0,5.0,1.0,3.0,3.0,5.0,1.0,5.0,1.0,3.0,3.0,5.0,1.0,5.0,1.0,0.0,0.0,0.0,12.399126934901318,12.350307166820569,4.239178867422799,12.201756721470954,2.158890670394148,0.04881976808074908
ligue1-2023-2023-08-20-monaco-v-strasbourg,2023-08-20,2023,Monaco,Strasbourg,3,0,2,0.7142857142857143,0.0,537.9304004859993,7,7,999,0,1.0,0,999,0,1.0,0,0,0,1518.1037720704314,1507.1987000039423,10.905072066489083,0.3333333333333333,0.3333333333333333,0.3333333333333333,0,1.0,0.0,0.0,4.0,2.0,3.0,3.0,4.0,2.0,4.0,2.0,3.0,3.0,4.0,2.0,4.0,2.0,0.0,0.0,0.0,12.289596697550415,12.37033588345685,4.1808457906541685,12.3234466889063,2.1894196983969327,-0.0807391859064324,1.0,0.0,0.0,2.0,1.0,3.0,3.0,2.0,1.0,2.0,1.0,3.0,3.0,2.0,1.0,2.0,1.0,0.0,0.0,0.0,12.399126934901318,12.350307166820569,4.239178867422799,12.201756721470954,2.158890670394148,0.04881976808074908
ligue1-2023-2023-08-20-le-havre-v-brest,2023-08-20,2023,Le Havre,Brest,1,2,0,0.14285714285714285,0.0,357.13572034857475,7,7,999,0,1.0,0,999,0,1.0,0,0,0,1502.8012999960577,1507.1987000039423,-4.397400007884698,0.3333333333333333,0.3333333333333333,0.3333333333333333,0,0.0,1.0,0.0,2.0,2.0,1.0,1.0,2.0,2.0,2.0,2.0,1.0,1.0,2.0,2.0,2.0,2.0,0.0,0.0,0.0,12.289596697550415,12.37033588345685,4.1808457906541685,12.3234466889063,2.1894196983969327,-0.0807391859064324,1.0,0.0,0.0,3.0,2.0,3.0,3.0,3.0,2.0,3.0,2.0,3.0,3.0,3.0,2.0,3.0,2.0,0.0,0.0,0.0,12.399126934901318,12.350307166820569,4.239178867422799,12.201756721470954,2.158890670394148,0.04881976808074908
ligue1-2023-2023-08-20-reims-v-clermont,2023-08-20,2023,Reims,Clermont,2,0,2,0.5,0.0,392.8017634481676,8,7,999,0,1.0,0,999,0,1.0,0,0,0,1492.8012999960577,1481.8962279295686,10.905072066489083,0.3333333333333333,0.3333333333333333,0.3333333333333333,0,0.0,0.0,1.0,1.0,2.0,0.0,0.0,1.0,2.0,1.0,2.0,0.0,0.0,1.0,2.0,1.0,2.0,0.0,0.0,0.0,12.289596697550415,12.37033588345685,4.1808457906541685,12.3234466889063,2.1894196983969327,-0.0807391859064324,0.0,0.0,1.0,2.0,4.0,0.0,0.0,2.0,4.0,2.0,4.0,0.0,0.0,2.0,4.0,2.0,4.0,0.0,0.0,0.0,12.399126934901318,12.350307166820569,4.239178867422799,12.201756721470954,2.158890670394148,0.04881976808074908
ligue1-2023-2023-08-20-lille-v-nantes,2023-08-20,2023,Lille,Nantes,2,0,2,0.75,0.0,504.6575730247583,9,7,999,0,1.0,0,999,0,1.0,0,0,0,1502.8012999960577,1487.1987000039423,15.602599992115302,0.3333333333333333,0.3333333333333333,0.3333333333333333,0,0.0,1.0,0.0,1.0,1.0,1.0,1.0,1.0,1.0,1.0,1.0,1.0,1.0,1.0,1.0,1.0,1.0,0.0,0.0,0.0,12.289596697550415,12.37033588345685,4.1808457906541685,12.3234466889063,2.1894196983969327,-0.0807391859064324,0.0,0.0,1.0,1.0,2.0,0.0,0.0,1.0,2.0,1.0,2.0,0.0,0.0,1.0,2.0,1.0,2.0,0.0,0.0,0.0,12.399126934901318,12.350307166820569,4.239178867422799,12.201756721470954,2.158890670394148,0.04881976808074908
ligue1-2023-2023-08-20-lorient-v-nice,2023-08-20,2023,Lorient,Nice,1,1,1,0.5,0.0,938.7534291162799,8,9,999,0,1.0,0,999,0,1.0,0,0,0,1502.8012999960577,1497.1987000039423,5.602599992115302,0.3333333333333333,0.3333333333333333,0.3333333333333333,0,0.0,1.0,0.0,0.0,0.0,1.0,1.0,0.0,0.0,0.0,0.0,1.0,1.0,0.0,0.0,0.0,0.0,1.0,1.0,0.0,12.289596697550415,12.37033588345685,4.1808457906541685,12.3234466889063,2.1894196983969327,-0.0807391859064324,0.0,1.0,0.0,1.0,1.0,1.0,1.0,1.0,1.0,1.0,1.0,1.0,1.0,1.0,1.0,1.0,1.0,0.0,0.0,0.0,12.399126934901318,12.350307166820569,4.239178867422799,12.201756721470954,2.158890670394148,0.04881976808074908
ligue1-2023-2023-08-25-nantes-v-monaco,2023-08-25,2023,Nantes,Monaco,3,3,1,0.16666666666666666,0.0,798.9865341619475,5,5,999,0,1.0,0,999,0,1.0,0,0,0,1477.5958022711868,1530.075831304372,-52.48002903318525,0.3333333333333333,0.3333333333333333,0.3333333333333333,0,0.0,0.0,2.0,1.0,4.0,0.0,0.0,0.5,2.0,0.5,2.0,0.0,0.0,1.0,2.0,0.0,2.0,0.0,0.5,0.0,12.289596697550415,12.37033588345685,4.1808457906541685,12.3234466889063,2.1894196983969327,-0.0807391859064324,2.0,0.0,0.0,7.0,2.0,3.0,3.0,3.5,1.0,3.5,1.0,3.0,3.0,3.0,0.0,4.0,2.0,0.5,0.0,0.0,12.399126934901318,12.350307166820569,4.239178867422799,12.201756721470954,2.158890670394148,0.04881976808074908
ligue1-2023-2023-08-26-marseille-v-brest,2023-08-26,2023,Marseille,Brest,2,0,2,0.6666666666666666,0.0,952.9448024767538,8,6,999,0,1.0,0,999,0,1.0,0,0,0,1509.4178039962633,1519.8829560165664,-10.465152020303094,0.3333333333333333,0.3333333333333333,0.3333333333333333,0,1.0,1.0,0.0,4.0,3.0,2.0,2.0,2.0,1.5,2.0,1.5,3.0,1.0,2.0,1.0,2.0,2.0,0.0,0.0,0.0,12.289596697550415,12.37033588345685,4.1808457906541685,12.3234466889063,2.1894196983969327,-0.0807391859064324,2.0,0.0,0.0,5.0,3.0,3.0,3.0,2.5,1.5,2.5,1.5,3.0,3.0,3.0,2.0,2.0,1.0,0.0,0.0,0.0,12.399126934901318,12.350307166820569,4.239178867422799,12.201756721470954,2.158890670394148,0.04881976808074908
ligue1-2023-2023-08-26-paris-sg-v-lens,2023-08-26,2023,Paris SG,Lens,3,1,2,1.0,0.0,181.57217493042117,7,6,999,0,1.0,0,999,0,1.0,0,0,0,1500.40842589807,1490.5821960037367,9.82622989433321,0.3333333333333333,0.3333333333333333,0.3333333333333333,0,0.0,2.0,0.0,1.0,1.0,1.0,1.0,0.5,0.5,0.5,0.5,1.0,1.0,0.0,0.0,1.0,1.0,0.5,0.5,0.0,12.289596697550415,12.37033588345685,4.1808457906541685,12.3234466889063,2.1894196983969327,-0.0807391859064324,0.0,1.0,1.0,3.0,4.0,0.5,0.5,1.5,2.0,1.5,2.0,1.0,0.0,1.0,1.0,2.0,3.0,0.0,0.0,0.0,12.399126934901318,12.350307166820569,4.239178867422799,12.201756721470954,2.158890670394148,0.04881976808074908
ligue1-2023-2023-08-27-nice-v-lyon,2023-08-27,2023,Nice,Lyon,0,0,1,0.25,0.0,291.8624197335015,7,8,999,0,1.0,0,999,0,1.0,0,0,0,1500.1479205774972,1470.8315241259818,29.316396451515402,0.3333333333333333,0.3333333333333333,0.3333333333333333,0,0.0,2.0,0.0,2.0,2.0,1.0,1.0,1.0,1.0,1.0,1.0,1.0,1.0,1.0,1.0,1.0,1.0,0.0,0.0,0.0,12.289596697550415,12.37033588345685,4.1808457906541685,12.3234466889063,2.1894196983969327,-0.0807391859064324,0.0,0.0,2.0,2.0,6.0,0.0,0.0,1.0,3.0,1.0,3.0,0.0,0.0,1.0,4.0,1.0,2.0,0.0,0.0,0.0,12.399126934901318,12.350307166820569,4.239178867422799,12.201756721470954,2.158890670394148,0.04881976808074908
ligue1-2023-2023-08-27-clermont-v-metz,2023-08-27,2023,Clermont,Metz,0,1,0,0.0,0.0,435.2335161299717,7,9,999,0,1.0,0,999,0,1.0,0,0,0,1472.1210824983918,1483.3834959997944,-11.262413501402534,0.3333333333333333,0.3333333333333333,0.3333333333333333,0,0.0,0.0,2.0,2.0,6.0,0.0,0.0,1.0,3.0,1.0,3.0,0.0,0.0,2.0,4.0,0.0,2.0,0.0,0.5,0.0,12.289596697550415,12.37033588345685,4.1808457906541685,12.3234466889063,2.1894196983969327,-0.0807391859064324,0.0,1.0,1.0,3.0,7.0,0.5,0.5,1.5,3.5,1.5,3.5,1.0,0.0,2.0,2.0,1.0,5.0,0.0,0.0,0.0,12.399126934901318,12.350307166820569,4.239178867422799,12.201756721470954,2.158890670394148,0.04881976808074908
ligue1-2023-2023-08-27-strasbourg-v-toulouse,2023-08-27,2023,Strasbourg,Toulouse,2,0,2,0.5833333333333334,0.0,737.0780289455665,7,8,999,0,1.0,0,999,0,1.0,0,0,0,1495.2266407700017,1509.59157410193,-14.364933331928341,0.3333333333333333,0.3333333333333333,0.3333333333333333,0,1.0,0.0,1.0,2.0,4.0,1.5,1.5,1.0,2.0,1.0,2.0,3.0,0.0,2.0,1.0,0.0,3.0,0.0,0.5,0.0,12.289596697550415,12.37033588345685,4.1808457906541685,12.3234466889063,2.1894196983969327,-0.0807391859064324,1.0,1.0,0.0,3.0,2.0,2.0,2.0,1.5,1.0,1.5,1.0,1.0,3.0,1.0,1.0,2.0,1.0,0.0,0.0,0.0,12.399126934901318,12.350307166820569,4.239178867422799,12.201756721470954,2.158890670394148,0.04881976808074908
ligue1-2023-2023-08-27-lorient-v-lille,2023-08-27,2023,Lorient,Lille,4,1,2,0.375,0.0,569.2045962354017,7,7,999,0,1.0,0,999,0,1.0,0,0,0,1499.8520794225028,1512.4041977288132,-12.552118306310376,0.3333333333333333,0.3333333333333333,0.3333333333333333,0,0.0,2.0,0.0,1.0,1.0,1.0,1.0,0.5,0.5,0.5,0.5,1.0,1.0,1.0,1.0,0.0,0.0,0.5,0.5,0.0,12.289596697550415,12.37033588345685,4.1808457906541685,12.3234466889063,2.1894196983969327,-0.0807391859064324,1.0,1.0,0.0,3.0,1.0,2.0,2.0,1.5,0.5,1.5,0.5,3.0,1.0,2.0,0.0,1.0,1.0,0.5,0.0,0.0,12.399126934901318,12.350307166820569,4.239178867422799,12.201756721470954,2.158890670394148,0.04881976808074908
ligue1-2023-2023-08-27-rennes-v-le-havre,2023-08-27,2023,Rennes,Le Havre,2,2,1,0.75,0.0,200.52418203135207,7,7,999,0,1.0,0,999,0,1.0,0,0,0,1516.6165040002056,1490.1170439834336,26.49946001677199,0.3333333333333333,0.3333333333333333,0.3333333333333333,0,1.0,1.0,0.0,6.0,2.0,2.0,2.0,3.0,1.0,3.0,1.0,3.0,1.0,5.0,1.0,1.0,1.0,0.0,0.0,0.0,12.289596697550415,12.37033588345685,4.1808457906541685,12.3234466889063,2.1894196983969327,-0.0807391859064324,0.0,1.0,1.0,3.0,4.0,0.5,0.5,1.5,2.0,1.5,2.0,0.0,1.0,1.0,2.0,2.0,2.0,0.0,0.0,0.0,12.399126934901318,12.350307166820569,4.239178867422799,12.201756721470954,2.158890670394148,0.04881976808074908
ligue1-2023-2023-08-27-montpellier-v-reims,2023-08-27,2023,Montpellier,Reims,1,3,0,0.375,0.0,628.1411925442256,8,7,999,0,1.0,0,999,0,1.0,0,0,0,1519.1684758740182,1502.5764454272344,16.592030446783838,0.3333333333333333,0.3333333333333333,0.3333333333333333,0,1.0,1.0,0.0,6.0,3.0,2.0,2.0,3.0,1.5,3.0,1.5,1.0,3.0,2.0,2.0,4.0,1.0,0.0,0.0,0.0,12.289596697550415,12.37033588345685,4.1808457906541685,12.3234466889063,2.1894196983969327,-0.0807391859064324,1.0,0.0,1.0,3.0,2.0,1.5,1.5,1.5,1.0,1.5,1.0,3.0,0.0,2.0,0.0,1.0,2.0,0.5,0.0,0.0,12.399126934901318,12.350307166820569,4.239178867422799,12.201756721470954,2.158890670394148,0.04881976808074908
ligue1-2023-2023-09-01-nantes-v-marseille,2023-09-01,2023,Nantes,Marseille,1,1,1,0.4166666666666667,0.0,699.4985464471042,7,6,999,0,1.0,0,999,0,1.0,0,0,0,1476.2365329521583,1519.9940723897396,-43.75753943758127,0.3333333333333333,0.3333333333333333,0.3333333333333333,0,0.0,1.0,2.0,4.0,7.0,0.3333333333333333,0.3333333333333333,1.3333333333333333,2.3333333333333335,1.3333333333333333,2.3333333333333335,0.5,0.0,2.0,2.5,0.0,2.0,0.0,0.3333333333333333,0.0,12.289596697550415,12.37033588345685,4.1808457906541685,12.3234466889063,2.1894196983969327,-0.0807391859064324,2.0,1.0,0.0,6.0,3.0,2.3333333333333335,2.3333333333333335,2.0,1.0,2.0,1.0,3.0,1.0,2.0,0.5,2.0,2.0,0.3333333333333333,0.0,0.0,12.399126934901318,12.350307166820569,4.239178867422799,12.201756721470954,2.158890670394148,0.04881976808074908
ligue1-2023-2023-09-02-brest-v-rennes,2023-09-02,2023,Brest,Rennes,0,0,1,0.5,0.0,212.8355943201449,7,6,999,0,1.0,0,999,0,1.0,0,0,0,1509.30668762309,1513.1283474166603,-3.821659793570234,0.3333333333333333,0.3333333333333333,0.3333333333333333,0,2.0,0.0,1.0,5.0,5.0,2.0,2.0,1.6666666666666667,1.6666666666666667,1.6666666666666667,1.6666666666666667,3.0,1.5,3.0,2.0,1.0,1.5,0.0,0.3333333333333333,0.0,12.289596697550415,12.37033588345685,4.1808457906541685,12.3234466889063,2.1894196983969327,-0.0807391859064324,1.0,2.0,0.0,8.0,4.0,1.6666666666666667,1.6666666666666667,2.6666666666666665,1.3333333333333333,2.6666666666666665,1.3333333333333333,2.0,1.0,3.5,1.5,1.0,1.0,0.0,0.0,0.0,12.399126934901318,12.350307166820569,4.239178867422799,12.201756721470954,2.158890670394148,0.04881976808074908
ligue1-2023-2023-09-02-monaco-v-lens,2023-09-02,2023,Monaco,Lens,3,0,2,0.6428571428571429,0.0,822.5469199461746,8,7,999,0,1.0,0,999,0,1.0,0,0,0,1531.4351006234006,1480.7672863057062,50.667814317694365,0.3333333333333333,0.3333333333333333,0.3333333333333333,0,2.0,1.0,0.0,10.0,5.0,2.3333333333333335,2.3333333333333335,3.3333333333333335,1.6666666666666667,3.3333333333333335,1.6666666666666667,3.0,2.0,3.0,0.0,3.5,2.5,0.3333333333333333,0.0,0.0,12.289596697550415,12.37033588345685,4.1808457906541685,12.3234466889063,2.1894196983969327,-0.0807391859064324,0.0,1.0,2.0,4.0,7.0,0.3333333333333333,0.3333333333333333,1.3333333333333333,2.3333333333333335,1.3333333333333333,2.3333333333333335,1.0,0.0,1.0,1.0,1.5,3.0,0.0,0.0,0.0,12.399126934901318,12.350307166820569,4.239178867422799,12.201756721470954,2.158890670394148,0.04881976808074908
ligue1-2023-2023-09-03-nice-v-strasbourg,2023-09-03,2023,Nice,Strasbourg,2,0,2,0.6666666666666666,0.0,541.383374978608,7,7,999,0,1.0,0,999,0,1.0,0,0,0,1496.5887533744356,1505.9519707002519,-9.363217325816322,0.3333333333333333,0.3333333333333333,0.3333333333333333,0,0.0,3.0,0.0,2.0,2.0,1.0,1.0,0.6666666666666666,0.6666666666666666,0.6666666666666666,0.6666666666666666,1.0,1.0,0.5,0.5,1.0,1.0,0.3333333333333333,0.3333333333333333,0.0,12.289596697550415,12.37033588345685,4.1808457906541685,12.3234466889063,2.1894196983969327,-0.0807391859064324,2.0,0.0,1.0,4.0,4.0,2.0,2.0,1.3333333333333333,1.3333333333333333,1.3333333333333333,1.3333333333333333,3.0,0.0,2.0,0.5,0.0,3.0,0.3333333333333333,0.3333333333333333,0.0,12.399126934901318,12.350307166820569,4.239178867422799,12.201756721470954,2.158890670394148,0.04881976808074908
ligue1-2023-2023-09-03-metz-v-reims,2023-09-03,2023,Metz,Reims,2,2,1,0.25,0.0,156.6633930290871,7,7,999,0,1.0,0,999,0,1.0,0,0,0,1495.8834443710539,1521.2939107898499,-25.410466418795977,0.3333333333333333,0.3333333333333333,0.3333333333333333,0,1.0,1.0,1.0,4.0,7.0,1.3333333333333333,1.3333333333333333,1.3333333333333333,2.3333333333333335,1.3333333333333333,2.3333333333333335,1.0,1.5,2.0,2.0,1.0,2.5,0.3333333333333333,0.0,0.0,12.289596697550415,12.37033588345685,4.1808457906541685,12.3234466889063,2.1894196983969327,-0.0807391859064324,2.0,0.0,1.0,6.0,3.0,2.0,2.0,2.0,1.0,2.0,1.0,3.0,1.5,2.0,0.0,2.0,1.5,0.3333333333333333,0.0,0.0,12.399126934901318,12.350307166820569,4.239178867422799,12.201756721470954,2.158890670394148,0.04881976808074908
ligue1-2023-2023-09-03-lyon-v-paris-sg,2023-09-03,2023,Lyon,Paris SG,1,4,0,0.16666666666666666,0.0,398.9663802706939,7,8,999,0,1.0,0,999,0,1.0,0,0,0,1474.3906913290434,1510.2233355961005,-35.83264426705705,0.3333333333333333,0.3333333333333333,0.3333333333333333,0,0.0,1.0,2.0,2.0,6.0,0.3333333333333333,0.3333333333333333,0.6666666666666666,2.0,0.6666666666666666,2.0,0.0,0.5,1.0,4.0,0.5,1.0,0.3333333333333333,0.3333333333333333,0.0,12.289596697550415,12.37033588345685,4.1808457906541685,12.3234466889063,2.1894196983969327,-0.0807391859064324,1.0,2.0,0.0,4.0,2.0,1.6666666666666667,1.6666666666666667,1.3333333333333333,0.6666666666666666,1.3333333333333333,0.6666666666666666,2.0,1.0,1.5,0.5,1.0,1.0,0.3333333333333333,0.3333333333333333,0.0,12.399126934901318,12.350307166820569,4.239178867422799,12.201756721470954,2.158890670394148,0.04881976808074908
ligue1-2023-2023-09-03-lille-v-montpellier,2023-09-03,2023,Lille,Montpellier,1,0,2,0.75,0.0,779.9283636877819,7,7,999,0,1.0,0,999,0,1.0,0,0,0,1499.35339488563,1500.4510105114027,-1.0976156257727325,0.3333333333333333,0.3333333333333333,0.3333333333333333,0,1.0,1.0,1.0,4.0,5.0,1.3333333333333333,1.3333333333333333,1.3333333333333333,1.6666666666666667,1.3333333333333333,1.6666666666666667,3.0,0.5,2.0,0.0,1.0,2.5,0.3333333333333333,0.0,0.0,12.289596697550415,12.37033588345685,4.1808457906541685,12.3234466889063,2.1894196983969327,-0.0807391859064324,1.0,1.0,1.0,7.0,6.0,1.3333333333333333,1.3333333333333333,2.3333333333333335,2.0,2.3333333333333335,2.0,0.5,3.0,1.5,2.5,4.0,1.0,0.0,0.0,0.0,12.399126934901318,12.350307166820569,4.239178867422799,12.201756721470954,2.158890670394148,0.04881976808074908
ligue1-2023-2023-09-03-toulouse-v-clermont,2023-09-03,2023,Toulouse,Clermont,2,2,1,0.75,0.0,278.30133800683916,7,7,999,0,1.0,0,999,0,1.0,0,0,0,1498.86624417168,1459.6211341271323,39.24511004454757,0.3333333333333333,0.3333333333333333,0.3333333333333333,0,1.0,1.0,1.0,3.0,4.0,1.3333333333333333,1.3333333333333333,1.0,1.3333333333333333,1.0,1.3333333333333333,1.0,1.5,1.0,1.0,1.0,1.5,0.0,0.3333333333333333,0.0,12.289596697550415,12.37033588345685,4.1808457906541685,12.3234466889063,2.1894196983969327,-0.0807391859064324,0.0,0.0,3.0,2.0,7.0,0.0,0.0,0.6666666666666666,2.3333333333333335,0.6666666666666666,2.3333333333333335,0.0,0.0,1.0,2.5,0.0,2.0,0.0,0.6666666666666666,0.0,12.399126934901318,12.350307166820569,4.239178867422799,12.201756721470954,2.158890670394148,0.04881976808074908
ligue1-2023-2023-09-03-le-havre-v-lorient,2023-09-03,2023,Le Havre,Lorient,3,0,2,0.75,0.0,320.6626057493012,7,7,999,0,1.0,0,999,0,1.0,0,0,0,1493.605200566979,1512.902882265686,-19.297681698707038,0.3333333333333333,0.3333333333333333,0.3333333333333333,0,0.0,2.0,1.0,5.0,6.0,0.6666666666666666,0.6666666666666666,1.6666666666666667,2.0,1.6666666666666667,2.0,0.0,1.0,1.0,2.0,2.0,2.0,0.0,0.0,0.0,12.289596697550415,12.37033588345685,4.1808457906541685,12.3234466889063,2.1894196983969327,-0.0807391859064324,1.0,2.0,0.0,5.0,2.0,1.6666666666666667,1.6666666666666667,1.6666666666666667,0.6666666666666666,1.6666666666666667,0.6666666666666666,2.0,1.0,2.5,1.0,0.0,0.0,0.3333333333333333,0.3333333333333333,0.0,12.399126934901318,12.350307166820569,4.239178867422799,12.201756721470954,2.158890670394148,0.04881976808074908
ligue1-2023-2023-09-15-paris-sg-v-nice,2023-09-15,2023,Paris SG,Nice,2,3,0,0.5833333333333334,0.0,688.7622533510902,12,12,999,0,1.0,0,999,0,1.0,0,0,0,1530.7068604404772,1507.1230536027529,23.583806837724296,0.3333333333333333,0.3333333333333333,0.3333333333333333,0,2.0,2.0,0.0,8.0,3.0,2.0,2.0,2.0,0.75,2.0,0.75,2.0,2.0,1.5,0.5,2.5,1.0,0.25,0.25,0.0,12.289596697550415,12.37033588345685,4.1808457906541685,12.3234466889063,2.1894196983969327,-0.0807391859064324,1.0,3.0,0.0,4.0,2.0,1.5,1.5,1.0,0.5,1.0,0.5,1.6666666666666667,1.0,1.0,0.3333333333333333,1.0,1.0,0.5,0.25,0.0,12.399126934901318,12.350307166820569,4.239178867422799,12.201756721470954,2.158890670394148,0.04881976808074908
ligue1-2023-2023-09-16-rennes-v-lille,2023-09-16,2023,Rennes,Lille,2,2,1,0.3333333333333333,0.0,443.77856157497973,14,13,999,0,1.0,0,999,0,1.0,0,0,0,1515.8279737252858,1506.5812333902445,9.246740335041295,0.3333333333333333,0.3333333333333333,0.3333333333333333,0,1.0,3.0,0.0,8.0,4.0,1.5,1.5,2.0,1.0,2.0,1.0,2.0,1.0,3.5,1.5,0.5,0.5,0.25,0.25,0.0,12.289596697550415,12.37033588345685,4.1808457906541685,12.3234466889063,2.1894196983969327,-0.0807391859064324,2.0,1.0,1.0,5.0,5.0,1.75,1.75,1.25,1.25,1.25,1.25,3.0,0.5,1.5,0.0,1.0,2.5,0.5,0.0,0.0,12.399126934901318,12.350307166820569,4.239178867422799,12.201756721470954,2.158890670394148,0.04881976808074908
ligue1-2023-2023-09-16-lens-v-metz,2023-09-16,2023,Lens,Metz,0,1,0,0.25,0.0,282.376166484511,14,13,999,0,1.0,0,999,0,1.0,0,0,0,1470.5200032633343,1493.768971033308,-23.24896776997366,0.3333333333333333,0.3333333333333333,0.3333333333333333,0,0.0,1.0,3.0,4.0,10.0,0.25,0.25,1.0,2.5,1.0,2.5,1.0,0.0,1.0,1.0,1.0,3.0,0.0,0.25,0.0,12.289596697550415,12.37033588345685,4.1808457906541685,12.3234466889063,2.1894196983969327,-0.0807391859064324,1.0,2.0,1.0,6.0,9.0,1.25,1.25,1.5,2.25,1.5,2.25,1.0,1.5,2.0,2.0,1.0,2.5,0.25,0.0,0.0,12.399126934901318,12.350307166820569,4.239178867422799,12.201756721470954,2.158890670394148,0.04881976808074908
ligue1-2023-2023-09-17-clermont-v-nantes,2023-09-17,2023,Clermont,Nantes,0,1,0,0.5,0.0,391.20862687717613,14,16,999,0,1.0,0,999,0,1.0,0,0,0,1463.427292703516,1474.6317381325466,-11.204445429030557,0.3333333333333333,0.3333333333333333,0.3333333333333333,0,0.0,1.0,3.0,4.0,9.0,0.25,0.25,1.0,2.25,1.0,2.25,0.0,0.5,1.0,2.5,1.0,2.0,0.0,0.5,0.0,12.289596697550415,12.37033588345685,4.1808457906541685,12.3234466889063,2.1894196983969327,-0.0807391859064324,0.0,2.0,2.0,5.0,8.0,0.5,0.5,1.25,2.0,1.25,2.0,0.6666666666666666,0.0,1.6666666666666667,2.0,0.0,2.0,0.0,0.25,0.0,12.399126934901318,12.350307166820569,4.239178867422799,12.201756721470954,2.158890670394148,0.04881976808074908
ligue1-2023-2023-09-17-marseille-v-toulouse,2023-09-17,2023,Marseille,Toulouse,0,0,1,0.75,0.0,321.8261915873199,16,14,999,0,1.0,0,999,0,1.0,0,0,0,1521.5988672093513,1495.0600855952962,26.538781614055097,0.3333333333333333,0.3333333333333333,0.3333333333333333,0,2.0,2.0,0.0,7.0,4.0,2.0,2.0,1.75,1.0,1.75,1.0,3.0,1.0,2.0,0.5,1.5,1.5,0.25,0.0,0.0,12.289596697550415,12.37033588345685,4.1808457906541685,12.3234466889063,2.1894196983969327,-0.0807391859064324,1.0,2.0,1.0,5.0,6.0,1.25,1.25,1.25,1.5,1.25,1.5,1.0,1.5,1.5,1.5,1.0,1.5,0.0,0.25,0.0,12.399126934901318,12.350307166820569,4.239178867422799,12.201756721470954,2.158890670394148,0.04881976808074908
ligue1-2023-2023-09-17-lyon-v-le-havre,2023-09-17,2023,Lyon,Le Havre,0,0,1,0.6428571428571429,0.0,552.2473546806608,14,14,999,0,1.0,0,999,0,1.0,0,0,0,1453.9071664846665,1506.9733298076005,-53.06616332293402,0.3333333333333333,0.3333333333333333,0.3333333333333333,0,0.0,1.0,3.0,3.0,10.0,0.25,0.25,0.75,2.5,0.75,2.5,0.0,0.5,1.0,4.0,0.5,1.0,0.25,0.25,0.0,12.289596697550415,12.37033588345685,4.1808457906541685,12.3234466889063,2.1894196983969327,-0.0807391859064324,1.0,2.0,1.0,8.0,6.0,1.25,1.25,2.0,1.5,2.0,1.5,1.5,1.0,2.0,1.0,2.0,2.0,0.25,0.0,0.0,12.399126934901318,12.350307166820569,4.239178867422799,12.201756721470954,2.158890670394148,0.04881976808074908
ligue1-2023-2023-09-17-lorient-v-monaco,2023-09-17,2023,Lorient,Monaco,2,2,1,0.75,0.0,947.4178585943507,14,15,999,0,1.0,0,999,0,1.0,0,0,0,1499.5347530250644,1541.6823836657725,-42.14763064070803,0.3333333333333333,0.3333333333333333,0.3333333333333333,0,1.0,2.0,1.0,5.0,5.0,1.25,1.25,1.25,1.25,1.25,1.25,2.0,0.5,2.5,1.0,0.0,1.5,0.25,0.5,0.0,12.289596697550415,12.37033588345685,4.1808457906541685,12.3234466889063,2.1894196983969327,-0.0807391859064324,3.0,1.0,0.0,13.0,5.0,2.5,2.5,3.25,1.25,3.25,1.25,3.0,2.0,3.0,0.0,3.5,2.5,0.5,0.0,0.0,12.399126934901318,12.350307166820569,4.239178867422799,12.201756721470954,2.158890670394148,0.04881976808074908
ligue1-2023-2023-09-17-reims-v-brest,2023-09-17,2023,Reims,Brest,1,2,0,0.25,0.0,630.2473601689082,14,15,999,0,1.0,0,999,0,1.0,0,0,0,1523.4083841275958,1506.6070613144645,16.801322813131264,0.3333333333333333,0.3333333333333333,0.3333333333333333,0,2.0,1.0,1.0,8.0,5.0,1.75,1.75,2.0,1.25,2.0,1.25,3.0,1.3333333333333333,2.0,0.0,2.0,1.6666666666666667,0.25,0.0,0.0,12.289596697550415,12.37033588345685,4.1808457906541685,12.3234466889063,2.1894196983969327,-0.0807391859064324,2.0,1.0,1.0,5.0,5.0,1.75,1.75,1.25,1.25,1.25,1.25,2.0,1.5,1.5,1.0,1.0,1.5,0.25,0.5,0.0,12.399126934901318,12.350307166820569,4.239178867422799,12.201756721470954,2.158890670394148,0.04881976808074908
ligue1-2023-2023-09-17-strasbourg-v-montpellier,2023-09-17,2023,Strasbourg,Montpellier,2,2,1,0.625,0.0,628.5157781530908,14,14,999,0,1.0,0,999,0,1.0,0,0,0,1495.4176704719346,1493.2231720067882,2.194498465146353,0.3333333333333333,0.3333333333333333,0.3333333333333333,0,2.0,0.0,2.0,4.0,6.0,1.5,1.5,1.0,1.5,1.0,1.5,3.0,0.0,2.0,0.5,0.0,2.5,0.25,0.5,0.0,12.289596697550415,12.37033588345685,4.1808457906541685,12.3234466889063,2.1894196983969327,-0.0807391859064324,1.0,1.0,2.0,7.0,7.0,1.0,1.0,1.75,1.75,1.75,1.75,0.5,1.5,1.5,2.5,2.0,1.0,0.0,0.25,0.0,12.399126934901318,12.350307166820569,4.239178867422799,12.201756721470954,2.158890670394148,0.04881976808074908
ligue1-2023-2023-09-22-monaco-v-nice,2023-09-22,2023,Monaco,Nice,0,1,0,0.5,0.0,12.293477051345318,5,7,999,0,1.0,0,999,0,1.0,0,0,0,1543.3322881734216,1520.5372869394057,22.7950012340159,0.3333333333333333,0.3333333333333333,0.3333333333333333,0,3.0,2.0,0.0,15.0,7.0,2.2,2.2,3.0,1.4,3.0,1.4,3.0,1.6666666666666667,3.0,0.0,3.0,2.3333333333333335,0.4,0.0,0.0,12.289596697550415,12.37033588345685,4.1808457906541685,12.3234466889063,2.1894196983969327,-0.0807391859064324,2.0,3.0,0.0,7.0,4.0,1.8,1.8,1.4,0.8,1.4,0.8,1.6666666666666667,2.0,1.0,0.3333333333333333,2.0,1.5,0.4,0.2,0.0,12.399126934901318,12.350307166820569,4.239178867422799,12.201756721470954,2.158890670394148,0.04881976808074908
ligue1-2023-2023-09-23-nantes-v-lorient,2023-09-23,2023,Nantes,Lorient,5,3,2,0.625,0.0,148.7176825787002,6,6,999,0,1.0,0,999,0,1.0,0,0,0,1487.1332506196472,1497.8848485174153,-10.751597897768079,0.3333333333333333,0.3333333333333333,0.3333333333333333,0,1.0,2.0,2.0,6.0,8.0,1.0,1.0,1.2,1.6,1.2,1.6,0.6666666666666666,1.5,1.6666666666666667,2.0,0.5,1.0,0.2,0.2,0.0,12.289596697550415,12.37033588345685,4.1808457906541685,12.3234466889063,2.1894196983969327,-0.0807391859064324,1.0,3.0,1.0,7.0,7.0,1.2,1.2,1.4,1.4,1.4,1.4,1.6666666666666667,0.5,2.3333333333333335,1.3333333333333333,0.0,1.5,0.2,0.4,0.0,12.399126934901318,12.350307166820569,4.239178867422799,12.201756721470954,2.158890670394148,0.04881976808074908
ligue1-2023-2023-09-23-brest-v-lyon,2023-09-23,2023,Brest,Lyon,1,0,2,0.4166666666666667,0.0,773.3172145406065,6,6,999,0,1.0,0,999,0,1.0,0,0,0,1519.847700353192,1452.564459550981,67.28324080221114,0.3333333333333333,0.3333333333333333,0.3333333333333333,0,3.0,1.0,1.0,7.0,6.0,2.0,2.0,1.4,1.2,1.4,1.2,2.0,2.0,1.5,1.0,1.3333333333333333,1.3333333333333333,0.2,0.4,0.0,12.289596697550415,12.37033588345685,4.1808457906541685,12.3234466889063,2.1894196983969327,-0.0807391859064324,0.0,2.0,3.0,3.0,10.0,0.4,0.4,0.6,2.0,0.6,2.0,0.3333333333333333,0.5,0.6666666666666666,2.6666666666666665,0.5,1.0,0.4,0.4,0.0,12.399126934901318,12.350307166820569,4.239178867422799,12.201756721470954,2.158890670394148,0.04881976808074908
ligue1-2023-2023-09-24-montpellier-v-rennes,2023-09-24,2023,Montpellier,Rennes,0,0,1,0.125,0.0,653.737336719376,7,8,999,0,1.0,0,999,0,1.0,0,0,0,1496.0825746094954,1512.783288118407,-16.700713508911576,0.3333333333333333,0.3333333333333333,0.3333333333333333,0,1.0,2.0,2.0,9.0,9.0,1.0,1.0,1.8,1.8,1.8,1.8,0.5,1.3333333333333333,1.5,2.5,2.0,1.3333333333333333,0.0,0.2,0.0,12.289596697550415,12.37033588345685,4.1808457906541685,12.3234466889063,2.1894196983969327,-0.0807391859064324,1.0,4.0,0.0,10.0,6.0,1.4,1.4,2.0,1.2,2.0,1.2,1.6666666666666667,1.0,3.0,1.6666666666666667,0.5,0.5,0.2,0.2,0.0,12.399126934901318,12.350307166820569,4.239178867422799,12.201756721470954,2.158890670394148,0.04881976808074908
ligue1-2023-2023-09-24-le-havre-v-clermont,2023-09-24,2023,Le Havre,Clermont,2,1,2,0.5,0.0,470.3889918288353,7,7,999,0,1.0,0,999,0,1.0,0,0,0,1508.316036741286,1450.9257802164154,57.390256524870665,0.3333333333333333,0.3333333333333333,0.3333333333333333,0,1.0,3.0,1.0,8.0,6.0,1.2,1.2,1.6,1.2,1.6,1.2,1.5,1.0,2.0,1.0,1.3333333333333333,1.3333333333333333,0.4,0.2,0.0,12.289596697550415,12.37033588345685,4.1808457906541685,12.3234466889063,2.1894196983969327,-0.0807391859064324,0.0,1.0,4.0,4.0,10.0,0.2,0.2,0.8,2.0,0.8,2.0,0.0,0.5,0.6666666666666666,2.0,1.0,2.0,0.0,0.6,0.0,12.399126934901318,12.350307166820569,4.239178867422799,12.201756721470954,2.158890670394148,0.04881976808074908
ligue1-2023-2023-09-24-lens-v-toulouse,2023-09-24,2023,Lens,Toulouse,2,1,2,0.75,0.0,768.8008670304964,8,7,999,0,1.0,0,999,0,1.0,0,0,0,1458.3461773747158,1498.5492362014315,-40.20305882671573,0.3333333333333333,0.3333333333333333,0.3333333333333333,0,0.0,1.0,4.0,4.0,11.0,0.2,0.2,0.8,2.2,0.8,2.2,0.5,0.0,0.5,1.0,1.0,3.0,0.0,0.4,0.0,12.289596697550415,12.37033588345685,4.1808457906541685,12.3234466889063,2.1894196983969327,-0.0807391859064324,1.0,3.0,1.0,5.0,6.0,1.2,1.2,1.0,1.2,1.0,1.2,1.0,1.3333333333333333,1.5,1.5,0.6666666666666666,1.0,0.2,0.4,0.0,12.399126934901318,12.350307166820569,4.239178867422799,12.201756721470954,2.158890670394148,0.04881976808074908
ligue1-2023-2023-09-24-metz-v-strasbourg,2023-09-24,2023,Metz,Strasbourg,0,1,0,0.0,0.0,131.10177131399777,8,7,999,0,1.0,0,999,0,1.0,0,0,0,1505.9427969219264,1492.5582678692274,13.384529052699008,0.3333333333333333,0.3333333333333333,0.3333333333333333,0,2.0,2.0,1.0,7.0,9.0,1.6,1.6,1.4,1.8,1.4,1.8,1.0,2.0,2.0,2.0,1.0,1.6666666666666667,0.4,0.0,0.0,12.289596697550415,12.37033588345685,4.1808457906541685,12.3234466889063,2.1894196983969327,-0.0807391859064324,2.0,1.0,2.0,6.0,8.0,1.4,1.4,1.2,1.6,1.2,1.6,2.3333333333333335,0.0,2.0,1.0,0.0,2.5,0.2,0.4,0.0,12.399126934901318,12.350307166820569,4.239178867422799,12.201756721470954,2.158890670394148,0.04881976808074908
ligue1-2023-2023-09-24-paris-sg-v-marseille,2023-09-24,2023,Paris SG,Marseille,4,0,2,0.8571428571428571,0.0,665.2028643500363,9,7,999,0,1.0,0,999,0,1.0,0,0,0,1517.2926271038243,1518.109716603216,-0.8170894993916136,0.3333333333333333,0.3333333333333333,0.3333333333333333,0,2.0,2.0,1.0,10.0,6.0,1.6,1.6,2.0,1.2,2.0,1.2,1.3333333333333333,2.0,1.6666666666666667,1.3333333333333333,2.5,1.0,0.2,0.2,0.0,12.289596697550415,12.37033588345685,4.1808457906541685,12.3234466889063,2.1894196983969327,-0.0807391859064324,2.0,3.0,0.0,7.0,4.0,1.8,1.8,1.4,0.8,1.4,0.8,2.3333333333333335,1.0,1.3333333333333333,0.3333333333333333,1.5,1.5,0.4,0.2,0.0,12.399126934901318,12.350307166820569,4.239178867422799,12.201756721470954,2.158890670394148,0.04881976808074908
ligue1-2023-2023-09-26-lille-v-reims,2023-09-26,2023,Lille,Reims,1,2,0,0.75,0.0,163.43788280404343,10,9,999,0,1.0,0,999,0,1.0,0,0,0,1509.6259189971233,1510.1677450888683,-0.5418260917449516,0.3333333333333333,0.3333333333333333,0.3333333333333333,0,2.0,2.0,1.0,7.0,7.0,1.6,1.6,1.4,1.4,1.4,1.4,3.0,0.6666666666666666,1.5,0.0,1.3333333333333333,2.3333333333333335,0.4,0.0,0.0,12.289596697550415,12.37033588345685,4.1808457906541685,12.3234466889063,2.1894196983969327,-0.0807391859064324,2.0,1.0,2.0,9.0,7.0,1.4,1.4,1.8,1.4,1.8,1.4,1.5,1.3333333333333333,1.5,1.0,2.0,1.6666666666666667,0.2,0.0,0.0,12.399126934901318,12.350307166820569,4.239178867422799,12.201756721470954,2.158890670394148,0.04881976808074908
ligue1-2023-2023-09-29-strasbourg-v-lens,2023-09-29,2023,Strasbourg,Lens,0,1,0,0.42857142857142855,0.0,413.0470096073049,5,5,999,0,1.0,0,999,0,1.0,0,0,0,1505.7106128877267,1466.6418779767246,39.06873491100214,0.3333333333333333,0.3333333333333333,0.3333333333333333,0,2.0,1.0,2.0,5.0,7.0,1.4,1.6666666666666667,1.1666666666666667,1.3333333333333333,1.0,1.4,2.3333333333333335,1.0,2.0,1.0,0.3333333333333333,1.6666666666666667,0.3333333333333333,0.3333333333333333,-0.26666666666666683,12.289596697550415,12.37033588345685,4.1808457906541685,12.3234466889063,2.1894196983969327,-0.0807391859064324,1.0,1.0,3.0,4.0,9.0,0.8,0.6666666666666666,1.0,2.0,0.8,1.8,1.3333333333333333,0.0,1.0,1.0,1.0,3.0,0.0,0.3333333333333333,0.13333333333333341,12.399126934901318,12.350307166820569,4.239178867422799,12.201756721470954,2.158890670394148,0.04881976808074908
ligue1-2023-2023-09-30-clermont-v-paris-sg,2023-09-30,2023,Clermont,Paris SG,0,0,1,0.5,0.0,346.4429982611766,6,6,999,0,1.0,0,999,0,1.0,0,0,0,1445.1694447537704,1531.7334000540102,-86.56395530023974,0.3333333333333333,0.3333333333333333,0.3333333333333333,0,0.0,1.0,4.0,3.0,8.0,0.2,0.16666666666666666,0.8333333333333334,2.0,0.6,1.6,0.0,0.3333333333333333,0.6666666666666666,2.0,1.0,2.0,0.0,0.5,0.033333333333333354,12.289596697550415,12.37033588345685,4.1808457906541685,12.3234466889063,2.1894196983969327,-0.0807391859064324,3.0,1.0,1.0,14.0,6.0,2.0,1.8333333333333333,2.3333333333333335,1.0,2.8,1.2,1.75,2.0,2.25,1.0,2.5,1.0,0.3333333333333333,0.16666666666666666,0.16666666666666674,12.399126934901318,12.350307166820569,4.239178867422799,12.201756721470954,2.158890670394148,0.04881976808074908
ligue1-2023-2023-09-30-monaco-v-marseille,2023-09-30,2023,Monaco,Marseille,3,2,2,0.6428571428571429,0.0,170.65760939507788,8,6,999,0,1.0,0,999,0,1.0,0,0,0,1529.938127449902,1503.66894365303,26.269183796871857,0.3333333333333333,0.3333333333333333,0.3333333333333333,0,2.0,2.0,1.0,11.0,6.0,1.6,1.8333333333333333,2.5,1.3333333333333333,2.2,1.2,2.0,1.6666666666666667,2.0,0.3333333333333333,3.0,2.3333333333333335,0.3333333333333333,0.16666666666666666,-0.23333333333333317,12.289596697550415,12.37033588345685,4.1808457906541685,12.3234466889063,2.1894196983969327,-0.0807391859064324,1.0,3.0,1.0,5.0,7.0,1.2,1.5,1.1666666666666667,1.3333333333333333,1.0,1.4,2.3333333333333335,0.6666666666666666,1.3333333333333333,0.3333333333333333,1.0,2.3333333333333335,0.3333333333333333,0.3333333333333333,-0.30000000000000004,12.399126934901318,12.350307166820569,4.239178867422799,12.201756721470954,2.158890670394148,0.04881976808074908
ligue1-2023-2023-10-01-lorient-v-montpellier,2023-10-01,2023,Lorient,Montpellier,0,3,0,0.0,0.0,721.9210354166613,8,7,999,0,1.0,0,999,0,1.0,0,0,0,1487.297659548581,1493.7299349724487,-6.43227542386785,0.3333333333333333,0.3333333333333333,0.3333333333333333,0,1.0,2.0,2.0,10.0,12.0,1.0,1.0,1.6666666666666667,2.0,2.0,2.4,1.6666666666666667,0.3333333333333333,2.3333333333333335,1.3333333333333333,1.0,2.6666666666666665,0.16666666666666666,0.3333333333333333,0.0,12.289596697550415,12.37033588345685,4.1808457906541685,12.3234466889063,2.1894196983969327,-0.0807391859064324,1.0,2.0,2.0,7.0,7.0,1.0,1.0,1.5,1.5,1.4,1.4,0.6666666666666666,1.3333333333333333,1.0,1.6666666666666667,2.0,1.3333333333333333,0.16666666666666666,0.3333333333333333,0.0,12.399126934901318,12.350307166820569,4.239178867422799,12.201756721470954,2.158890670394148,0.04881976808074908
ligue1-2023-2023-10-01-rennes-v-nantes,2023-10-01,2023,Rennes,Nantes,3,1,2,0.75,0.0,95.03828213317865,7,8,999,0,1.0,0,999,0,1.0,0,0,0,1515.1359277554536,1497.7204395884817,17.415488166971954,0.3333333333333333,0.3333333333333333,0.3333333333333333,0,0.0,5.0,0.0,5.0,5.0,1.0,1.3333333333333333,1.6666666666666667,1.0,1.0,1.0,1.6666666666666667,1.0,3.0,1.6666666666666667,0.3333333333333333,0.3333333333333333,0.3333333333333333,0.3333333333333333,-0.33333333333333326,12.289596697550415,12.37033588345685,4.1808457906541685,12.3234466889063,2.1894196983969327,-0.0807391859064324,2.0,2.0,1.0,10.0,9.0,1.6,1.3333333333333333,1.8333333333333333,1.8333333333333333,2.0,1.8,1.25,1.5,2.5,2.25,0.5,1.0,0.16666666666666666,0.16666666666666666,0.26666666666666683,12.399126934901318,12.350307166820569,4.239178867422799,12.201756721470954,2.158890670394148,0.04881976808074908
ligue1-2023-2023-10-01-le-havre-v-lille,2023-10-01,2023,Le Havre,Lille,0,2,0,0.25,0.0,249.04377134052066,7,5,999,0,1.0,0,999,0,1.0,0,0,0,1514.072372203931,1496.8389964946828,17.23337570924832,0.3333333333333333,0.3333333333333333,0.3333333333333333,0,2.0,2.0,1.0,8.0,5.0,1.6,1.5,1.6666666666666667,1.1666666666666667,1.6,1.0,2.0,1.0,2.0,1.0,1.3333333333333333,1.3333333333333333,0.3333333333333333,0.16666666666666666,0.10000000000000009,12.289596697550415,12.37033588345685,4.1808457906541685,12.3234466889063,2.1894196983969327,-0.0807391859064324,2.0,1.0,2.0,7.0,8.0,1.4,1.3333333333333333,1.3333333333333333,1.5,1.4,1.6,2.0,0.6666666666666666,1.3333333333333333,0.6666666666666666,1.3333333333333333,2.3333333333333335,0.3333333333333333,0.0,0.06666666666666665,12.399126934901318,12.350307166820569,4.239178867422799,12.201756721470954,2.158890670394148,0.04881976808074908
ligue1-2023-2023-10-01-nice-v-brest,2023-10-01,2023,Nice,Brest,0,0,1,0.5833333333333334,0.0,1044.4207383793846,9,8,999,0,1.0,0,999,0,1.0,0,0,0,1533.9314476629254,1525.3734202899536,8.558027372971765,0.3333333333333333,0.3333333333333333,0.3333333333333333,0,3.0,2.0,0.0,7.0,3.0,2.2,2.0,1.3333333333333333,0.6666666666666666,1.4,0.6,1.6666666666666667,2.3333333333333335,1.0,0.3333333333333333,1.6666666666666667,1.0,0.5,0.16666666666666666,0.20000000000000018,12.289596697550415,12.37033588345685,4.1808457906541685,12.3234466889063,2.1894196983969327,-0.0807391859064324,3.0,1.0,1.0,5.0,4.0,2.0,2.1666666666666665,1.3333333333333333,1.0,1.0,0.8,2.3333333333333335,2.0,1.3333333333333333,0.6666666666666666,1.3333333333333333,1.3333333333333333,0.3333333333333333,0.3333333333333333,-0.16666666666666652,12.399126934901318,12.350307166820569,4.239178867422799,12.201756721470954,2.158890670394148,0.04881976808074908
ligue1-2023-2023-10-01-reims-v-lyon,2023-10-01,2023,Reims,Lyon,2,0,2,0.5,0.0,395.0707834348555,5,8,999,0,1.0,0,999,0,1.0,0,0,0,1522.9546675913089,1447.0387396142194,75.9159279770895,0.3333333333333333,0.3333333333333333,0.3333333333333333,0,3.0,1.0,1.0,10.0,6.0,2.0,1.6666666666666667,1.8333333333333333,1.3333333333333333,2.0,1.2,1.5,1.75,1.5,1.0,2.0,1.5,0.16666666666666666,0.0,0.33333333333333326,12.289596697550415,12.37033588345685,4.1808457906541685,12.3234466889063,2.1894196983969327,-0.0807391859064324,0.0,2.0,3.0,2.0,9.0,0.4,0.3333333333333333,0.5,1.8333333333333333,0.4,1.8,0.3333333333333333,0.3333333333333333,0.6666666666666666,2.6666666666666665,0.3333333333333333,1.0,0.3333333333333333,0.5,0.06666666666666671,12.399126934901318,12.350307166820569,4.239178867422799,12.201756721470954,2.158890670394148,0.04881976808074908
ligue1-2023-2023-10-01-toulouse-v-metz,2023-10-01,2023,Toulouse,Metz,3,0,2,1.0,0.0,713.4752312441526,7,7,999,0,1.0,0,999,0,1.0,0,0,0,1490.2535355994228,1492.790451903427,-2.5369163040043077,0.3333333333333333,0.3333333333333333,0.3333333333333333,0,0.0,3.0,2.0,4.0,7.0,0.6,1.0,1.0,1.3333333333333333,0.8,1.4,1.0,1.0,1.5,1.5,0.75,1.25,0.16666666666666666,0.3333333333333333,-0.4,12.289596697550415,12.37033588345685,4.1808457906541685,12.3234466889063,2.1894196983969327,-0.0807391859064324,2.0,2.0,1.0,6.0,5.0,1.6,1.3333333333333333,1.1666666666666667,1.6666666666666667,1.2,1.0,0.6666666666666666,2.0,1.3333333333333333,1.6666666666666667,1.0,1.6666666666666667,0.3333333333333333,0.16666666666666666,0.26666666666666683,12.399126934901318,12.350307166820569,4.239178867422799,12.201756721470954,2.158890670394148,0.04881976808074908
ligue1-2023-2023-10-06-strasbourg-v-nantes,2023-10-06,2023,Strasbourg,Nantes,1,2,0,0.8333333333333334,0.0,706.2569780971394,7,5,999,0,1.0,0,999,0,1.0,0,0,0,1491.908796211991,1488.183620654876,3.725175557115108,0.3333333333333333,0.3333333333333333,0.3333333333333333,0,2.0,1.0,2.0,5.0,5.0,1.4,1.4285714285714286,1.0,1.2857142857142858,1.0,1.0,1.75,1.0,1.5,1.0,0.3333333333333333,1.6666666666666667,0.2857142857142857,0.42857142857142855,-0.028571428571428692,12.289596697550415,12.37033588345685,4.1808457906541685,12.3234466889063,2.1894196983969327,-0.0807391859064324,2.0,2.0,1.0,11.0,10.0,1.6,1.1428571428571428,1.7142857142857142,2.0,2.2,2.0,1.25,1.0,2.5,2.25,0.6666666666666666,1.6666666666666667,0.14285714285714285,0.14285714285714285,0.4571428571428573,12.399126934901318,12.350307166820569,4.239178867422799,12.201756721470954,2.158890670394148,0.04881976808074908
ligue1-2023-2023-10-07-metz-v-nice,2023-10-07,2023,Metz,Nice,0,1,0,0.375,0.0,606.8470847117709,6,6,999,0,1.0,0,999,0,1.0,0,0,0,1480.2051540758048,1530.9047580552374,-50.699603979432595,0.3333333333333333,0.3333333333333333,0.3333333333333333,0,2.0,1.0,2.0,4.0,6.0,1.4,1.1428571428571428,1.0,1.8571428571428572,0.8,1.2,0.6666666666666666,1.5,1.3333333333333333,1.6666666666666667,0.75,2.0,0.2857142857142857,0.2857142857142857,0.2571428571428571,12.289596697550415,12.37033588345685,4.1808457906541685,12.3234466889063,2.1894196983969327,-0.0807391859064324,3.0,2.0,0.0,6.0,2.0,2.2,1.8571428571428572,1.1428571428571428,0.5714285714285714,1.2,0.4,1.5,2.3333333333333335,0.75,0.25,1.6666666666666667,1.0,0.5714285714285714,0.2857142857142857,0.34285714285714297,12.399126934901318,12.350307166820569,4.239178867422799,12.201756721470954,2.158890670394148,0.04881976808074908
ligue1-2023-2023-10-07-reims-v-monaco,2023-10-07,2023,Reims,Monaco,1,3,0,0.375,0.0,667.4213901042692,6,7,999,0,1.0,0,999,0,1.0,0,0,0,1530.4913194254732,1536.4557936639565,-5.9644742384832625,0.3333333333333333,0.3333333333333333,0.3333333333333333,0,3.0,1.0,1.0,10.0,6.0,2.0,1.8571428571428572,1.8571428571428572,1.1428571428571428,2.0,1.2,2.0,1.75,1.6666666666666667,0.6666666666666666,2.0,1.5,0.2857142857142857,0.0,0.1428571428571428,12.289596697550415,12.37033588345685,4.1808457906541685,12.3234466889063,2.1894196983969327,-0.0807391859064324,2.0,2.0,1.0,11.0,8.0,1.6,2.0,2.5714285714285716,1.4285714285714286,2.2,1.6,2.25,1.6666666666666667,2.25,0.75,3.0,2.3333333333333335,0.2857142857142857,0.14285714285714285,-0.3999999999999999,12.399126934901318,12.350307166820569,4.239178867422799,12.201756721470954,2.158890670394148,0.04881976808074908
ligue1-2023-2023-10-08-rennes-v-paris-sg,2023-10-08,2023,Rennes,Paris SG,1,3,0,0.2857142857142857,0.0,298.53722794303593,7,8,999,0,1.0,0,999,0,1.0,0,0,0,1524.6727466890593,1532.119927838559,-7.447181149499784,0.3333333333333333,0.3333333333333333,0.3333333333333333,0,1.0,4.0,0.0,7.0,5.0,1.4,1.5714285714285714,1.8571428571428572,1.0,1.4,1.0,2.0,1.0,3.0,1.5,0.3333333333333333,0.3333333333333333,0.2857142857142857,0.2857142857142857,-0.17142857142857149,12.289596697550415,12.37033588345685,4.1808457906541685,12.3234466889063,2.1894196983969327,-0.0807391859064324,3.0,1.0,1.0,13.0,5.0,2.0,1.7142857142857142,2.0,0.8571428571428571,2.6,1.0,1.75,1.6666666666666667,2.25,1.0,1.6666666666666667,0.6666666666666666,0.42857142857142855,0.2857142857142857,0.2857142857142858,12.399126934901318,12.350307166820569,4.239178867422799,12.201756721470954,2.158890670394148,0.04881976808074908
ligue1-2023-2023-10-08-marseille-v-le-havre,2023-10-08,2023,Marseille,Le Havre,3,0,2,1.0,0.0,801.8519083335606,8,7,999,0,1.0,0,999,0,1.0,0,0,0,1497.1512774389755,1495.3315477031385,1.8197297358369724,0.3333333333333333,0.3333333333333333,0.3333333333333333,0,1.0,2.0,2.0,5.0,8.0,1.0,1.2857142857142858,1.2857142857142858,1.5714285714285714,1.0,1.6,2.3333333333333335,0.5,1.3333333333333333,0.3333333333333333,1.25,2.5,0.2857142857142857,0.2857142857142857,-0.2857142857142858,12.289596697550415,12.37033588345685,4.1808457906541685,12.3234466889063,2.1894196983969327,-0.0807391859064324,2.0,2.0,1.0,7.0,5.0,1.6,1.2857142857142858,1.4285714285714286,1.2857142857142858,1.4,1.0,1.5,1.0,1.5,1.25,1.3333333333333333,1.3333333333333333,0.2857142857142857,0.2857142857142857,0.3142857142857143,12.399126934901318,12.350307166820569,4.239178867422799,12.201756721470954,2.158890670394148,0.04881976808074908
ligue1-2023-2023-10-08-lyon-v-lorient,2023-10-08,2023,Lyon,Lorient,3,3,1,0.625,0.0,672.5620790199815,7,7,999,0,1.0,0,999,0,1.0,0,0,0,1439.502087780055,1465.4221650695556,-25.92007728950057,0.3333333333333333,0.3333333333333333,0.3333333333333333,0,0.0,2.0,3.0,1.0,7.0,0.4,0.2857142857142857,0.42857142857142855,1.8571428571428572,0.2,1.4,0.3333333333333333,0.25,0.6666666666666666,2.6666666666666665,0.25,1.25,0.2857142857142857,0.5714285714285714,0.11428571428571432,12.289596697550415,12.37033588345685,4.1808457906541685,12.3234466889063,2.1894196983969327,-0.0807391859064324,1.0,1.0,3.0,9.0,14.0,0.8,0.8571428571428571,1.4285714285714286,2.142857142857143,1.8,2.8,1.25,0.3333333333333333,1.75,1.75,1.0,2.6666666666666665,0.14285714285714285,0.42857142857142855,-0.05714285714285705,12.399126934901318,12.350307166820569,4.239178867422799,12.201756721470954,2.158890670394148,0.04881976808074908
ligue1-2023-2023-10-08-brest-v-toulouse,2023-10-08,2023,Brest,Toulouse,1,1,1,0.5714285714285714,0.0,703.0608682042306,7,7,999,0,1.0,0,999,0,1.0,0,0,0,1528.4001098976416,1502.838833427045,25.561276470596567,0.3333333333333333,0.3333333333333333,0.3333333333333333,0,2.0,2.0,1.0,3.0,3.0,1.6,2.0,1.1428571428571428,0.8571428571428571,0.6,0.6,2.3333333333333335,1.75,1.3333333333333333,0.6666666666666666,1.0,1.0,0.42857142857142855,0.42857142857142855,-0.3999999999999999,12.289596697550415,12.37033588345685,4.1808457906541685,12.3234466889063,2.1894196983969327,-0.0807391859064324,1.0,2.0,2.0,6.0,6.0,1.0,1.2857142857142858,1.2857142857142858,1.1428571428571428,1.2,1.2,1.6666666666666667,1.0,2.0,1.0,0.75,1.25,0.2857142857142857,0.2857142857142857,-0.2857142857142858,12.399126934901318,12.350307166820569,4.239178867422799,12.201756721470954,2.158890670394148,0.04881976808074908
ligue1-2023-2023-10-08-lens-v-lille,2023-10-08,2023,Lens,Lille,1,1,1,0.25,0.0,29.920230271899374,9,7,999,0,1.0,0,999,0,1.0,0,0,0,1480.4436946524602,1515.5798209954753,-35.13612634301512,0.3333333333333333,0.3333333333333333,0.3333333333333333,0,2.0,0.0,3.0,4.0,8.0,1.2,1.0,1.0,1.7142857142857142,0.8,1.6,1.3333333333333333,0.75,1.0,1.0,1.0,2.25,0.14285714285714285,0.2857142857142857,0.19999999999999996,12.289596697550415,12.37033588345685,4.1808457906541685,12.3234466889063,2.1894196983969327,-0.0807391859064324,2.0,1.0,2.0,7.0,8.0,1.4,1.5714285714285714,1.4285714285714286,1.2857142857142858,1.4,1.6,2.0,1.25,1.3333333333333333,0.6666666666666666,1.5,1.75,0.42857142857142855,0.0,-0.17142857142857149,12.399126934901318,12.350307166820569,4.239178867422799,12.201756721470954,2.158890670394148,0.04881976808074908
ligue1-2023-2023-10-20-le-havre-v-lens,2023-10-20,2023,Le Havre,Lens,0,0,1,0.3333333333333333,0.0,219.96713203595905,12,12,999,0,1.0,0,999,0,1.0,0,0,0,1482.9465093636547,1478.5981543491591,4.34835501449561,0.3333333333333333,0.3333333333333333,0.3333333333333333,0,2.0,1.0,2.0,5.0,6.0,1.4,1.125,1.25,1.5,1.0,1.2,1.5,0.75,1.5,1.25,1.0,1.75,0.25,0.375,0.2749999999999999,12.289596697550415,12.37033588345685,4.1808457906541685,12.3234466889063,2.1894196983969327,-0.0807391859064324,2.0,1.0,2.0,4.0,6.0,1.4,1.0,1.0,1.625,0.8,1.2,1.25,0.75,1.0,1.0,1.0,2.25,0.125,0.25,0.3999999999999999,12.399126934901318,12.350307166820569,4.239178867422799,12.201756721470954,2.158890670394148,0.04881976808074908
ligue1-2023-2023-10-21-nice-v-marseille,2023-10-21,2023,Nice,Marseille,1,0,2,0.5,0.0,158.3915479065629,14,13,999,0,1.0,0,999,0,1.0,0,0,0,1542.3142898713463,1509.5363157784593,32.77797409288701,0.3333333333333333,0.3333333333333333,0.3333333333333333,0,4.0,1.0,0.0,7.0,2.0,2.6,2.0,1.125,0.5,1.4,0.4,1.5,2.5,0.75,0.25,1.5,0.75,0.625,0.25,0.6000000000000001,12.289596697550415,12.37033588345685,4.1808457906541685,12.3234466889063,2.1894196983969327,-0.0807391859064324,1.0,2.0,2.0,6.0,8.0,1.0,1.5,1.5,1.375,1.2,1.6,2.5,0.5,1.75,0.25,1.25,2.5,0.375,0.25,-0.5,12.399126934901318,12.350307166820569,4.239178867422799,12.201756721470954,2.158890670394148,0.04881976808074908
ligue1-2023-2023-10-21-paris-sg-v-strasbourg,2023-10-21,2023,Paris SG,Strasbourg,3,0,2,0.75,0.0,404.8992067304394,13,15,999,0,1.0,0,999,0,1.0,0,0,0,1549.9427108266862,1479.0089904746847,70.9337203520015,0.3333333333333333,0.3333333333333333,0.3333333333333333,0,3.0,1.0,1.0,13.0,5.0,2.0,1.875,2.125,0.875,2.6,1.0,1.75,2.0,2.25,1.0,2.0,0.75,0.375,0.25,0.125,12.289596697550415,12.37033588345685,4.1808457906541685,12.3234466889063,2.1894196983969327,-0.0807391859064324,1.0,1.0,3.0,4.0,7.0,0.8,1.25,1.0,1.375,0.8,1.4,1.4,1.0,1.4,1.2,0.3333333333333333,1.6666666666666667,0.25,0.375,-0.44999999999999996,12.399126934901318,12.350307166820569,4.239178867422799,12.201756721470954,2.158890670394148,0.04881976808074908
ligue1-2023-2023-10-22-lorient-v-rennes,2023-10-22,2023,Lorient,Rennes,2,1,2,1.0,0.0,134.43773953799976,14,14,999,0,1.0,0,999,0,1.0,0,0,0,1467.5226220863901,1506.8499637009322,-39.32734161454209,0.3333333333333333,0.3333333333333333,0.3333333333333333,0,0.0,2.0,3.0,8.0,16.0,0.4,0.875,1.625,2.25,1.6,3.2,1.25,0.5,1.75,1.75,1.5,2.75,0.125,0.375,-0.475,12.289596697550415,12.37033588345685,4.1808457906541685,12.3234466889063,2.1894196983969327,-0.0807391859064324,1.0,3.0,1.0,6.0,6.0,1.2,1.375,1.75,1.25,1.2,1.2,1.6,1.0,2.6,1.8,0.3333333333333333,0.3333333333333333,0.25,0.25,-0.17500000000000004,12.399126934901318,12.350307166820569,4.239178867422799,12.201756721470954,2.158890670394148,0.04881976808074908
ligue1-2023-2023-10-22-lille-v-brest,2023-10-22,2023,Lille,Brest,1,0,2,0.5833333333333334,0.0,602.5557773352601,14,14,999,0,1.0,0,999,0,1.0,0,0,0,1517.4253612987764,1524.935693180156,-7.5103318813796704,0.3333333333333333,0.3333333333333333,0.3333333333333333,0,2.0,2.0,1.0,7.0,5.0,1.6,1.5,1.375,1.25,1.4,1.0,2.0,1.2,1.3333333333333333,0.6666666666666666,1.4,1.6,0.375,0.0,0.10000000000000009,12.289596697550415,12.37033588345685,4.1808457906541685,12.3234466889063,2.1894196983969327,-0.0807391859064324,2.0,3.0,0.0,4.0,2.0,1.8,1.875,1.125,0.875,0.8,0.4,2.0,1.75,1.25,0.75,1.0,1.0,0.375,0.375,-0.07499999999999996,12.399126934901318,12.350307166820569,4.239178867422799,12.201756721470954,2.158890670394148,0.04881976808074908
ligue1-2023-2023-10-22-nantes-v-montpellier,2023-10-22,2023,Nantes,Montpellier,2,0,2,0.875,0.0,580.4176568086543,16,21,999,0,1.0,0,999,0,1.0,0,0,0,1501.0834263921824,1515.605429451474,-14.522003059291592,0.3333333333333333,0.3333333333333333,0.3333333333333333,0,3.0,1.0,1.0,10.0,8.0,2.0,1.375,1.75,1.875,2.0,1.6,1.25,1.5,2.5,2.25,1.0,1.5,0.125,0.125,0.625,12.289596697550415,12.37033588345685,4.1808457906541685,12.3234466889063,2.1894196983969327,-0.0807391859064324,1.0,2.0,2.0,6.0,6.0,1.0,1.2857142857142858,1.7142857142857142,1.2857142857142858,1.2,1.2,0.6666666666666666,1.75,1.0,1.6666666666666667,2.25,1.0,0.2857142857142857,0.2857142857142857,-0.2857142857142858,12.399126934901318,12.350307166820569,4.239178867422799,12.201756721470954,2.158890670394148,0.04881976808074908
ligue1-2023-2023-10-22-toulouse-v-reims,2023-10-22,2023,Toulouse,Reims,1,1,1,0.625,0.0,661.6741610962407,14,15,999,0,1.0,0,999,0,1.0,0,0,0,1506.3032501445307,1512.6123346305887,-6.309084486058055,0.3333333333333333,0.3333333333333333,0.3333333333333333,0,1.0,3.0,1.0,7.0,5.0,1.2,1.25,1.25,1.125,1.4,1.0,1.6666666666666667,1.0,2.0,1.0,0.8,1.2,0.25,0.25,-0.050000000000000044,12.289596697550415,12.37033588345685,4.1808457906541685,12.3234466889063,2.1894196983969327,-0.0807391859064324,2.0,1.0,2.0,8.0,8.0,1.4,1.625,1.75,1.375,1.6,1.6,1.5,1.75,1.5,1.25,2.0,1.5,0.25,0.0,-0.2250000000000001,12.399126934901318,12.350307166820569,4.239178867422799,12.201756721470954,2.158890670394148,0.04881976808074908
ligue1-2023-2023-10-22-monaco-v-metz,2023-10-22,2023,Monaco,Metz,2,1,2,1.0,0.0,605.781717920081,15,15,999,0,1.0,0,999,0,1.0,0,0,0,1554.334778458841,1468.7956222596958,85.53915619914505,0.3333333333333333,0.3333333333333333,0.3333333333333333,0,3.0,1.0,1.0,11.0,6.0,2.0,2.125,2.625,1.375,2.2,1.2,2.25,2.0,2.25,0.75,3.0,2.0,0.25,0.125,-0.125,12.289596697550415,12.37033588345685,4.1808457906541685,12.3234466889063,2.1894196983969327,-0.0807391859064324,1.0,1.0,3.0,3.0,7.0,0.8,1.0,0.875,1.75,0.6,1.4,0.5,1.5,1.0,1.5,0.75,2.0,0.25,0.375,-0.19999999999999996,12.399126934901318,12.350307166820569,4.239178867422799,12.201756721470954,2.158890670394148,0.04881976808074908
ligue1-2023-2023-10-22-lyon-v-clermont,2023-10-22,2023,Lyon,Clermont,1,2,0,0.5,0.0,144.49706718362276,14,22,999,0,1.0,0,999,0,1.0,0,0,0,1437.4016307632205,1444.7829169692216,-7.38128620600105,0.3333333333333333,0.3333333333333333,0.3333333333333333,0,0.0,2.0,3.0,4.0,10.0,0.4,0.375,0.75,2.0,0.8,2.0,0.5,0.25,1.25,2.75,0.25,1.25,0.25,0.5,0.025000000000000022,12.289596697550415,12.37033588345685,4.1808457906541685,12.3234466889063,2.1894196983969327,-0.0807391859064324,0.0,2.0,3.0,3.0,6.0,0.4,0.2857142857142857,0.7142857142857143,1.7142857142857142,0.6,1.2,0.25,0.3333333333333333,0.5,1.5,1.0,2.0,0.14285714285714285,0.5714285714285714,0.11428571428571432,12.399126934901318,12.350307166820569,4.239178867422799,12.201756721470954,2.158890670394148,0.04881976808074908
ligue1-2023-2023-10-27-clermont-v-nice,2023-10-27,2023,Clermont,Nice,0,1,0,0.25,0.0,400.8091758304146,5,6,999,0,1.0,0,999,0,1.0,0,0,0,1457.3872957330093,1548.6684218525943,-91.281126119585,0.3333333333333333,0.3333333333333333,0.3333333333333333,0,1.0,2.0,2.0,5.0,6.0,1.0,0.625,0.875,1.625,1.0,1.2,0.25,1.0,0.5,1.5,1.25,1.75,0.125,0.5,0.375,12.289596697550415,12.37033588345685,4.1808457906541685,12.3234466889063,2.1894196983969327,-0.0807391859064324,4.0,1.0,0.0,6.0,2.0,2.6,2.111111111111111,1.1111111111111112,0.4444444444444444,1.2,0.4,1.8,2.5,0.8,0.2,1.5,0.75,0.6666666666666666,0.2222222222222222,0.48888888888888893,12.399126934901318,12.350307166820569,4.239178867422799,12.201756721470954,2.158890670394148,0.04881976808074908
ligue1-2023-2023-10-28-reims-v-lorient,2023-10-28,2023,Reims,Lorient,1,0,2,0.5,0.0,569.685118173187,6,6,999,0,1.0,0,999,0,1.0,0,0,0,1515.2454574482128,1475.7938601995893,39.45159724862356,0.3333333333333333,0.3333333333333333,0.3333333333333333,0,2.0,1.0,2.0,7.0,7.0,1.4,1.5555555555555556,1.6666666666666667,1.3333333333333333,1.4,1.4,1.5,1.6,1.5,1.25,1.8,1.4,0.2222222222222222,0.0,-0.15555555555555567,12.289596697550415,12.37033588345685,4.1808457906541685,12.3234466889063,2.1894196983969327,-0.0807391859064324,1.0,2.0,2.0,10.0,14.0,1.0,1.1111111111111112,1.6666666666666667,2.111111111111111,2.0,2.8,1.6,0.5,1.8,1.6,1.5,2.75,0.1111111111111111,0.3333333333333333,-0.11111111111111116,12.399126934901318,12.350307166820569,4.239178867422799,12.201756721470954,2.158890670394148,0.04881976808074908
ligue1-2023-2023-10-28-lens-v-nantes,2023-10-28,2023,Lens,Nantes,4,0,2,0.8333333333333334,0.0,474.827116586979,8,6,999,0,1.0,0,999,0,1.0,0,0,0,1481.5143798136753,1511.8147771971558,-30.30039738348046,0.3333333333333333,0.3333333333333333,0.3333333333333333,0,2.0,2.0,1.0,4.0,3.0,1.6,1.0,0.8888888888888888,1.4444444444444444,0.8,0.6,1.25,0.8,1.0,1.0,0.8,1.8,0.2222222222222222,0.3333333333333333,0.6000000000000001,12.289596697550415,12.37033588345685,4.1808457906541685,12.3234466889063,2.1894196983969327,-0.0807391859064324,4.0,0.0,1.0,11.0,7.0,2.4,1.5555555555555556,1.7777777777777777,1.6666666666666667,2.2,1.4,1.6,1.5,2.4,1.8,1.0,1.5,0.2222222222222222,0.1111111111111111,0.8444444444444443,12.399126934901318,12.350307166820569,4.239178867422799,12.201756721470954,2.158890670394148,0.04881976808074908
ligue1-2023-2023-10-29-brest-v-paris-sg,2023-10-29,2023,Brest,Paris SG,2,3,0,0.07142857142857142,0.0,497.76269074981866,7,8,999,0,1.0,0,999,0,1.0,0,0,0,1517.536609304632,1559.3686715579968,-41.83206225336471,0.3333333333333333,0.3333333333333333,0.3333333333333333,0,2.0,2.0,1.0,4.0,3.0,1.6,1.6666666666666667,1.0,0.8888888888888888,0.8,0.6,2.0,1.4,1.25,0.75,0.8,1.0,0.3333333333333333,0.4444444444444444,-0.06666666666666665,12.289596697550415,12.37033588345685,4.1808457906541685,12.3234466889063,2.1894196983969327,-0.0807391859064324,3.0,1.0,1.0,12.0,4.0,2.0,2.0,2.2222222222222223,0.7777777777777778,2.4,0.8,2.0,2.0,2.4,0.8,2.0,0.75,0.4444444444444444,0.2222222222222222,0.0,12.399126934901318,12.350307166820569,4.239178867422799,12.201756721470954,2.158890670394148,0.04881976808074908
ligue1-2023-2023-10-29-lille-v-monaco,2023-10-29,2023,Lille,Monaco,2,0,2,0.75,0.0,830.8226397080704,7,7,999,0,1.0,0,999,0,1.0,0,0,0,1524.8244451743003,1559.4502633014356,-34.62581812713529,0.3333333333333333,0.3333333333333333,0.3333333333333333,0,2.0,2.0,1.0,7.0,5.0,1.6,1.6666666666666667,1.3333333333333333,1.1111111111111112,1.4,1.0,2.25,1.2,1.25,0.5,1.4,1.6,0.4444444444444444,0.0,-0.06666666666666665,12.289596697550415,12.37033588345685,4.1808457906541685,12.3234466889063,2.1894196983969327,-0.0807391859064324,3.0,1.0,1.0,10.0,7.0,2.0,2.2222222222222223,2.5555555555555554,1.3333333333333333,2.0,1.4,2.4,2.0,2.2,0.8,3.0,2.0,0.2222222222222222,0.1111111111111111,-0.22222222222222232,12.399126934901318,12.350307166820569,4.239178867422799,12.201756721470954,2.158890670394148,0.04881976808074908
ligue1-2023-2023-10-29-metz-v-le-havre,2023-10-29,2023,Metz,Le Havre,0,0,1,0.625,0.0,441.51603152901566,7,9,999,0,1.0,0,999,0,1.0,0,0,0,1463.6801374171012,1480.0302838991386,-16.350146482037417,0.3333333333333333,0.3333333333333333,0.3333333333333333,0,1.0,0.0,4.0,2.0,7.0,0.6,0.8888888888888888,0.8888888888888888,1.7777777777777777,0.4,1.4,0.5,1.2,1.0,1.5,0.8,2.0,0.2222222222222222,0.3333333333333333,-0.28888888888888886,12.289596697550415,12.37033588345685,4.1808457906541685,12.3234466889063,2.1894196983969327,-0.0807391859064324,1.0,2.0,2.0,2.0,6.0,1.0,1.1111111111111112,1.1111111111111112,1.3333333333333333,0.4,1.2,1.4,0.75,1.2,1.0,1.0,1.75,0.3333333333333333,0.4444444444444444,-0.11111111111111116,12.399126934901318,12.350307166820569,4.239178867422799,12.201756721470954,2.158890670394148,0.04881976808074908
ligue1-2023-2023-10-29-montpellier-v-toulouse,2023-10-29,2023,Montpellier,Toulouse,3,0,2,0.75,0.0,191.11297829745882,7,7,999,0,1.0,0,999,0,1.0,0,0,0,1504.8740786465007,1503.6701273269066,1.2039513195941254,0.3333333333333333,0.3333333333333333,0.3333333333333333,0,1.0,2.0,2.0,5.0,5.0,1.0,1.125,1.5,1.375,1.0,1.0,0.6666666666666666,1.4,1.0,1.6666666666666667,1.8,1.2,0.25,0.375,-0.125,12.289596697550415,12.37033588345685,4.1808457906541685,12.3234466889063,2.1894196983969327,-0.0807391859064324,1.0,3.0,1.0,6.0,4.0,1.2,1.2222222222222223,1.2222222222222223,1.1111111111111112,1.2,0.8,1.5,1.0,1.75,1.0,0.8,1.2,0.2222222222222222,0.2222222222222222,-0.022222222222222365,12.399126934901318,12.350307166820569,4.239178867422799,12.201756721470954,2.158890670394148,0.04881976808074908
ligue1-2023-2023-10-29-rennes-v-strasbourg,2023-10-29,2023,Rennes,Strasbourg,1,1,1,0.5833333333333334,0.0,696.097186019301,7,8,999,0,1.0,0,999,0,1.0,0,0,0,1498.578725587733,1469.583029743374,28.995695844359034,0.3333333333333333,0.3333333333333333,0.3333333333333333,0,1.0,2.0,2.0,7.0,8.0,1.0,1.2222222222222223,1.6666666666666667,1.3333333333333333,1.4,1.6,1.6,0.75,2.6,1.8,0.5,0.75,0.2222222222222222,0.2222222222222222,-0.22222222222222232,12.289596697550415,12.37033588345685,4.1808457906541685,12.3234466889063,2.1894196983969327,-0.0807391859064324,1.0,1.0,3.0,4.0,8.0,0.8,1.1111111111111112,0.8888888888888888,1.5555555555555556,0.8,1.6,1.4,0.75,1.4,1.2,0.25,2.0,0.2222222222222222,0.4444444444444444,-0.3111111111111111,12.399126934901318,12.350307166820569,4.239178867422799,12.201756721470954,2.158890670394148,0.04881976808074908
ligue1-2023-2023-11-03-paris-sg-v-montpellier,2023-11-03,2023,Paris SG,Montpellier,3,0,2,1.0,0.0,593.454733547531,5,5,999,0,1.0,0,999,0,1.0,0,0,0,1571.0274102773612,1517.2873366932465,53.740073584114725,0.3333333333333333,0.3333333333333333,0.3333333333333333,0,4.0,1.0,0.0,13.0,3.0,2.6,2.1,2.3,0.9,2.6,0.6,2.0,2.2,2.4,0.8,2.2,1.0,0.4,0.2,0.5,12.289596697550415,12.37033588345685,4.1808457906541685,12.3234466889063,2.1894196983969327,-0.0807391859064324,2.0,2.0,1.0,8.0,4.0,1.6,1.3333333333333333,1.6666666666666667,1.2222222222222223,1.6,0.8,1.25,1.4,1.5,1.25,1.8,1.2,0.3333333333333333,0.3333333333333333,0.26666666666666683,12.399126934901318,12.350307166820569,4.239178867422799,12.201756721470954,2.158890670394148,0.04881976808074908
ligue1-2023-2023-11-04-lorient-v-lens,2023-11-04,2023,Lorient,Lens,0,0,1,0.5,0.0,539.770660062649,7,7,999,0,1.0,0,999,0,1.0,0,0,0,1469.6050998263952,1497.5551196887097,-27.950019862314548,0.3333333333333333,0.3333333333333333,0.3333333333333333,0,1.0,1.0,3.0,8.0,13.0,0.8,1.0,1.5,2.0,1.6,2.6,1.6,0.4,1.8,1.6,1.2,2.4,0.1,0.4,-0.19999999999999996,12.289596697550415,12.37033588345685,4.1808457906541685,12.3234466889063,2.1894196983969327,-0.0807391859064324,3.0,2.0,0.0,8.0,2.0,2.2,1.2,1.2,1.3,1.6,0.4,1.6,0.8,1.6,0.8,0.8,1.8,0.3,0.3,1.0000000000000002,12.399126934901318,12.350307166820569,4.239178867422799,12.201756721470954,2.158890670394148,0.04881976808074908
ligue1-2023-2023-11-04-marseille-v-lille,2023-11-04,2023,Marseille,Lille,0,0,1,0.25,0.0,834.3217055250366,14,6,999,0,1.0,0,999,0,1.0,0,0,0,1503.1821837972113,1536.336533854729,-33.154350057517604,0.3333333333333333,0.3333333333333333,0.3333333333333333,0,1.0,1.0,3.0,5.0,8.0,0.8,1.3333333333333333,1.3333333333333333,1.3333333333333333,1.0,1.6,2.5,0.4,1.75,0.25,1.0,2.2,0.3333333333333333,0.3333333333333333,-0.5333333333333332,12.289596697550415,12.37033588345685,4.1808457906541685,12.3234466889063,2.1894196983969327,-0.0807391859064324,3.0,1.0,1.0,7.0,3.0,2.0,1.8,1.4,1.0,1.4,0.6,2.4,1.2,1.4,0.4,1.4,1.6,0.5,0.0,0.19999999999999996,12.399126934901318,12.350307166820569,4.239178867422799,12.201756721470954,2.158890670394148,0.04881976808074908
ligue1-2023-2023-11-05-nice-v-rennes,2023-11-05,2023,Nice,Rennes,2,0,2,0.5,0.0,844.6974651904027,9,7,999,0,1.0,0,999,0,1.0,0,0,0,1558.9193185497288,1495.0276222469809,63.89169630274796,0.3333333333333333,0.3333333333333333,0.3333333333333333,0,4.0,1.0,0.0,4.0,0.0,2.6,2.2,1.1,0.4,0.8,0.0,1.8,2.6,0.8,0.2,1.4,0.6,0.7,0.2,0.3999999999999999,12.289596697550415,12.37033588345685,4.1808457906541685,12.3234466889063,2.1894196983969327,-0.0807391859064324,1.0,2.0,2.0,6.0,7.0,1.0,1.2,1.6,1.3,1.2,1.4,1.5,0.75,2.3333333333333335,1.6666666666666667,0.5,0.75,0.2,0.2,-0.19999999999999996,12.399126934901318,12.350307166820569,4.239178867422799,12.201756721470954,2.158890670394148,0.04881976808074908
ligue1-2023-2023-11-05-toulouse-v-le-havre,2023-11-05,2023,Toulouse,Le Havre,1,2,0,0.5,0.0,665.0339281280934,7,7,999,0,1.0,0,999,0,1.0,0,0,0,1491.2568692801608,1482.3924529210005,8.86441635916026,0.3333333333333333,0.3333333333333333,0.3333333333333333,0,1.0,2.0,2.0,6.0,7.0,1.0,1.1,1.1,1.3,1.2,1.4,1.5,0.8333333333333334,1.75,1.0,0.6666666666666666,1.5,0.2,0.3,-0.10000000000000009,12.289596697550415,12.37033588345685,4.1808457906541685,12.3234466889063,2.1894196983969327,-0.0807391859064324,1.0,2.0,2.0,2.0,6.0,1.0,1.1,1.0,1.2,0.4,1.2,1.4,0.8,1.2,1.0,0.8,1.4,0.4,0.5,-0.10000000000000009,12.399126934901318,12.350307166820569,4.239178867422799,12.201756721470954,2.158890670394148,0.04881976808074908
ligue1-2023-2023-11-05-monaco-v-brest,2023-11-05,2023,Monaco,Brest,2,0,2,0.6666666666666666,0.0,1052.8195441727441,7,7,999,0,1.0,0,999,0,1.0,0,0,0,1547.938174621007,1505.8778705852676,42.060304035739364,0.3333333333333333,0.3333333333333333,0.3333333333333333,0,3.0,0.0,2.0,8.0,7.0,1.8,2.0,2.3,1.4,1.6,1.4,2.4,1.6,2.2,0.8,2.4,2.0,0.2,0.2,-0.19999999999999996,12.289596697550415,12.37033588345685,4.1808457906541685,12.3234466889063,2.1894196983969327,-0.0807391859064324,1.0,2.0,2.0,4.0,5.0,1.0,1.5,1.1,1.1,0.8,1.0,1.6,1.4,1.4,1.2,0.8,1.0,0.3,0.4,-0.5,12.399126934901318,12.350307166820569,4.239178867422799,12.201756721470954,2.158890670394148,0.04881976808074908
ligue1-2023-2023-11-05-nantes-v-reims,2023-11-05,2023,Nantes,Reims,0,1,0,0.375,0.0,467.30789973273426,8,8,999,0,1.0,0,999,0,1.0,0,0,0,1495.7740373221213,1521.434217821407,-25.660180499285616,0.3333333333333333,0.3333333333333333,0.3333333333333333,0,3.0,0.0,2.0,10.0,11.0,1.8,1.4,1.6,1.9,2.0,2.2,1.6,1.2,2.4,1.8,0.8,2.0,0.2,0.2,0.40000000000000013,12.289596697550415,12.37033588345685,4.1808457906541685,12.3234466889063,2.1894196983969327,-0.0807391859064324,3.0,1.0,1.0,7.0,5.0,2.0,1.7,1.6,1.2,1.4,1.0,1.8,1.6,1.4,1.0,1.8,1.4,0.3,0.0,0.30000000000000004,12.399126934901318,12.350307166820569,4.239178867422799,12.201756721470954,2.158890670394148,0.04881976808074908
ligue1-2023-2023-11-05-strasbourg-v-clermont,2023-11-05,2023,Strasbourg,Clermont,0,0,1,0.5,0.0,467.12853126742556,7,9,999,0,1.0,0,999,0,1.0,0,0,0,1473.1341330841262,1447.1363990358745,25.997734048251687,0.3333333333333333,0.3333333333333333,0.3333333333333333,0,1.0,1.0,3.0,3.0,7.0,0.8,1.1,0.9,1.5,0.6,1.4,1.4,0.8,1.4,1.2,0.4,1.8,0.2,0.4,-0.30000000000000004,12.289596697550415,12.37033588345685,4.1808457906541685,12.3234466889063,2.1894196983969327,-0.0807391859064324,1.0,1.0,3.0,3.0,5.0,0.8,0.5555555555555556,0.7777777777777778,1.5555555555555556,0.6,1.0,0.2,1.0,0.4,1.4,1.25,1.75,0.1111111111111111,0.5555555555555556,0.24444444444444446,12.399126934901318,12.350307166820569,4.239178867422799,12.201756721470954,2.158890670394148,0.04881976808074908
ligue1-2023-2023-11-05-lyon-v-metz,2023-11-05,2023,Lyon,Metz,1,1,1,0.875,0.0,382.19091774610337,14,7,999,0,1.0,0,999,0,1.0,0,0,0,1424.7972519994328,1461.3179683952392,-36.5207163958064,0.3333333333333333,0.3333333333333333,0.3333333333333333,0,0.0,2.0,3.0,4.0,8.0,0.4,0.3333333333333333,0.7777777777777778,2.0,0.8,1.6,0.4,0.25,1.2,2.6,0.25,1.25,0.2222222222222222,0.4444444444444444,0.06666666666666671,12.289596697550415,12.37033588345685,4.1808457906541685,12.3234466889063,2.1894196983969327,-0.0807391859064324,0.0,1.0,4.0,1.0,7.0,0.2,0.9,0.8,1.6,0.2,1.4,0.6,1.2,0.8,1.2,0.8,2.0,0.3,0.4,-0.7,12.399126934901318,12.350307166820569,4.239178867422799,12.201756721470954,2.158890670394148,0.04881976808074908
ligue1-2023-2023-11-10-montpellier-v-nice,2023-11-10,2023,Montpellier,Nice,0,0,1,0.5,0.0,278.424351039194,7,5,999,0,1.0,0,999,0,1.0,0,0,0,1507.167208579754,1566.8447614307552,-59.67755285100111,0.3333333333333333,0.3333333333333333,0.3333333333333333,0,2.0,1.0,2.0,6.0,5.0,1.4,1.2,1.5,1.4,1.2,1.0,1.25,1.1666666666666667,1.5,1.25,1.5,1.5,0.3,0.4,0.19999999999999996,12.289596697550415,12.37033588345685,4.1808457906541685,12.3234466889063,2.1894196983969327,-0.0807391859064324,4.0,1.0,0.0,5.0,0.0,2.6,2.272727272727273,1.1818181818181819,0.36363636363636365,1.0,0.0,2.0,2.6,1.0,0.16666666666666666,1.4,0.6,0.7272727272727273,0.18181818181818182,0.32727272727272716,12.399126934901318,12.350307166820569,4.239178867422799,12.201756721470954,2.158890670394148,0.04881976808074908
ligue1-2023-2023-11-11-reims-v-paris-sg,2023-11-11,2023,Reims,Paris SG,0,3,0,0.375,0.0,137.3490665469945,6,8,999,0,1.0,0,999,0,1.0,0,0,0,1533.5418241139218,1581.1475383908537,-47.60571427693185,0.3333333333333333,0.3333333333333333,0.3333333333333333,0,3.0,1.0,1.0,6.0,4.0,2.0,1.8181818181818181,1.5454545454545454,1.0909090909090908,1.2,0.8,1.8,1.8333333333333333,1.4,1.0,1.6666666666666667,1.1666666666666667,0.36363636363636365,0.0,0.18181818181818188,12.289596697550415,12.37033588345685,4.1808457906541685,12.3234466889063,2.1894196983969327,-0.0807391859064324,4.0,1.0,0.0,12.0,3.0,2.6,2.1818181818181817,2.3636363636363638,0.8181818181818182,2.4,0.6,2.1666666666666665,2.2,2.5,0.6666666666666666,2.2,1.0,0.45454545454545453,0.18181818181818182,0.41818181818181843,12.399126934901318,12.350307166820569,4.239178867422799,12.201756721470954,2.158890670394148,0.04881976808074908
ligue1-2023-2023-11-11-le-havre-v-monaco,2023-11-11,2023,Le Havre,Monaco,0,0,1,0.2857142857142857,0.0,849.3032279621074,6,6,999,0,1.0,0,999,0,1.0,0,0,0,1495.4271511156926,1556.5999025264632,-61.172751410770616,0.3333333333333333,0.3333333333333333,0.3333333333333333,0,1.0,2.0,2.0,2.0,6.0,1.0,1.2727272727272727,1.0909090909090908,1.1818181818181819,0.4,1.2,1.4,1.1666666666666667,1.2,1.0,1.0,1.3333333333333333,0.36363636363636365,0.45454545454545453,-0.2727272727272727,12.289596697550415,12.37033588345685,4.1808457906541685,12.3234466889063,2.1894196983969327,-0.0807391859064324,4.0,0.0,1.0,10.0,6.0,2.4,2.090909090909091,2.272727272727273,1.2727272727272727,2.0,1.2,2.5,1.6,2.1666666666666665,0.6666666666666666,2.4,2.0,0.2727272727272727,0.18181818181818182,0.3090909090909091,12.399126934901318,12.350307166820569,4.239178867422799,12.201756721470954,2.158890670394148,0.04881976808074908
ligue1-2023-2023-11-12-lille-v-toulouse,2023-11-12,2023,Lille,Toulouse,1,1,1,0.7857142857142857,0.0,792.0037973750112,8,7,999,0,1.0,0,999,0,1.0,0,0,0,1538.2371129316878,1478.2221710854687,60.01494184621902,0.3333333333333333,0.3333333333333333,0.3333333333333333,0,3.0,2.0,0.0,6.0,1.0,2.2,1.7272727272727273,1.2727272727272727,0.9090909090909091,1.2,0.2,2.4,1.1666666666666667,1.4,0.4,1.1666666666666667,1.3333333333333333,0.5454545454545454,0.09090909090909091,0.4727272727272729,12.289596697550415,12.37033588345685,4.1808457906541685,12.3234466889063,2.1894196983969327,-0.0807391859064324,1.0,2.0,2.0,6.0,7.0,1.0,1.0,1.0909090909090908,1.3636363636363635,1.2,1.4,1.2,0.8333333333333334,1.6,1.2,0.6666666666666666,1.5,0.18181818181818182,0.2727272727272727,0.0,12.399126934901318,12.350307166820569,4.239178867422799,12.201756721470954,2.158890670394148,0.04881976808074908
ligue1-2023-2023-11-12-clermont-v-lorient,2023-11-12,2023,Clermont,Lorient,1,0,2,0.5,0.0,539.9151759934421,7,8,999,0,1.0,0,999,0,1.0,0,0,0,1450.6118654521936,1467.5605595115946,-16.948694059401078,0.3333333333333333,0.3333333333333333,0.3333333333333333,0,1.0,2.0,2.0,3.0,4.0,1.0,0.6,0.7,1.4,0.6,0.8,0.2,1.0,0.4,1.4,1.0,1.4,0.2,0.6,0.4,12.289596697550415,12.37033588345685,4.1808457906541685,12.3234466889063,2.1894196983969327,-0.0807391859064324,1.0,2.0,2.0,5.0,8.0,1.0,1.0,1.3636363636363635,1.8181818181818181,1.0,1.6,1.5,0.4,1.5,1.3333333333333333,1.2,2.4,0.18181818181818182,0.45454545454545453,0.0,12.399126934901318,12.350307166820569,4.239178867422799,12.201756721470954,2.158890670394148,0.04881976808074908
ligue1-2023-2023-11-12-metz-v-nantes,2023-11-12,2023,Metz,Nantes,3,1,2,0.875,0.0,606.1398722175958,7,7,999,0,1.0,0,999,0,1.0,0,0,0,1463.1249862214509,1483.6664310296064,-20.541444808155575,0.3333333333333333,0.3333333333333333,0.3333333333333333,0,0.0,2.0,3.0,2.0,7.0,0.4,0.9090909090909091,0.8181818181818182,1.5454545454545454,0.4,1.4,0.6,1.1666666666666667,0.8,1.2,0.8333333333333334,1.8333333333333333,0.2727272727272727,0.36363636363636365,-0.509090909090909,12.289596697550415,12.37033588345685,4.1808457906541685,12.3234466889063,2.1894196983969327,-0.0807391859064324,2.0,0.0,3.0,5.0,9.0,1.2,1.2727272727272727,1.4545454545454546,1.8181818181818181,1.0,1.8,1.3333333333333333,1.2,2.0,1.6666666666666667,0.8,2.0,0.18181818181818182,0.2727272727272727,-0.07272727272727275,12.399126934901318,12.350307166820569,4.239178867422799,12.201756721470954,2.158890670394148,0.04881976808074908
ligue1-2023-2023-11-12-rennes-v-lyon,2023-11-12,2023,Rennes,Lyon,0,1,0,0.42857142857142855,0.0,566.0283882163013,7,7,999,0,1.0,0,999,0,1.0,0,0,0,1487.1021793659545,1422.990234173221,64.1119451927334,0.3333333333333333,0.3333333333333333,0.3333333333333333,0,1.0,1.0,3.0,6.0,9.0,0.8,1.0909090909090908,1.4545454545454546,1.3636363636363635,1.2,1.8,1.5,0.6,2.3333333333333335,1.6666666666666667,0.4,1.0,0.18181818181818182,0.2727272727272727,-0.2909090909090908,12.289596697550415,12.37033588345685,4.1808457906541685,12.3234466889063,2.1894196983969327,-0.0807391859064324,0.0,2.0,3.0,5.0,9.0,0.4,0.4,0.8,1.9,1.0,1.8,0.5,0.25,1.1666666666666667,2.3333333333333335,0.25,1.25,0.2,0.4,0.0,12.399126934901318,12.350307166820569,4.239178867422799,12.201756721470954,2.158890670394148,0.04881976808074908
ligue1-2023-2023-11-12-lens-v-marseille,2023-11-12,2023,Lens,Marseille,1,0,2,0.5,0.0,820.3051102875671,8,8,999,0,1.0,0,999,0,1.0,0,0,0,1499.5996600035103,1501.2816047202525,-1.6819447167422368,0.3333333333333333,0.3333333333333333,0.3333333333333333,0,2.0,3.0,0.0,6.0,1.0,1.8,1.1818181818181819,1.0909090909090908,1.1818181818181819,1.2,0.2,1.6,0.8333333333333334,1.6,0.8,0.6666666666666666,1.5,0.36363636363636365,0.36363636363636365,0.6181818181818182,12.289596697550415,12.37033588345685,4.1808457906541685,12.3234466889063,2.1894196983969327,-0.0807391859064324,1.0,1.0,3.0,5.0,8.0,0.8,1.3,1.2,1.2,1.0,1.6,2.2,0.4,1.4,0.2,1.0,2.2,0.4,0.4,-0.5,12.399126934901318,12.350307166820569,4.239178867422799,12.201756721470954,2.158890670394148,0.04881976808074908
ligue1-2023-2023-11-24-paris-sg-v-monaco,2023-11-24,2023,Paris SG,Monaco,5,2,2,0.5,0.0,692.8795120593559,13,13,999,0,1.0,0,999,0,1.0,0,0,0,1601.0604072398985,1557.7128114194386,43.3475958204599,0.3333333333333333,0.3333333333333333,0.3333333333333333,0,5.0,0.0,0.0,15.0,3.0,3.0,2.25,2.4166666666666665,0.75,3.0,0.6,2.1666666666666665,2.3333333333333335,2.5,0.6666666666666666,2.3333333333333335,0.8333333333333334,0.5,0.16666666666666666,0.75,12.289596697550415,12.37033588345685,4.1808457906541685,12.3234466889063,2.1894196983969327,-0.0807391859064324,3.0,1.0,1.0,7.0,4.0,2.0,2.0,2.0833333333333335,1.1666666666666667,1.4,0.8,2.5,1.5,2.1666666666666665,0.6666666666666666,2.0,1.6666666666666667,0.3333333333333333,0.25,0.0,12.399126934901318,12.350307166820569,4.239178867422799,12.201756721470954,2.158890670394148,0.04881976808074908
ligue1-2023-2023-11-25-clermont-v-lens,2023-11-25,2023,Clermont,Lens,0,3,0,0.0,0.0,517.7697548329149,13,13,999,0,1.0,0,999,0,1.0,0,0,0,1458.2659693484654,1506.8430316092977,-48.577062260832236,0.3333333333333333,0.3333333333333333,0.3333333333333333,0,2.0,2.0,1.0,3.0,2.0,1.6,0.8181818181818182,0.7272727272727273,1.2727272727272727,0.6,0.4,0.6666666666666666,1.0,0.5,1.1666666666666667,1.0,1.4,0.2727272727272727,0.5454545454545454,0.7818181818181819,12.289596697550415,12.37033588345685,4.1808457906541685,12.3234466889063,2.1894196983969327,-0.0807391859064324,2.0,3.0,0.0,6.0,1.0,1.8,1.3333333333333333,1.0833333333333333,1.0833333333333333,1.2,0.2,1.8333333333333333,0.8333333333333334,1.5,0.6666666666666666,0.6666666666666666,1.5,0.4166666666666667,0.3333333333333333,0.4666666666666668,12.399126934901318,12.350307166820569,4.239178867422799,12.201756721470954,2.158890670394148,0.04881976808074908
ligue1-2023-2023-11-25-strasbourg-v-marseille,2023-11-25,2023,Strasbourg,Marseille,1,1,1,0.42857142857142855,0.0,615.9042624672749,20,13,999,0,1.0,0,999,0,1.0,0,0,0,1469.6586666678072,1494.0382331144651,-24.37956644665792,0.3333333333333333,0.3333333333333333,0.3333333333333333,0,0.0,2.0,3.0,2.0,7.0,0.4,1.0909090909090908,0.8181818181818182,1.3636363636363635,0.4,1.4,1.3333333333333333,0.8,1.1666666666666667,1.0,0.4,1.8,0.2727272727272727,0.45454545454545453,-0.6909090909090908,12.289596697550415,12.37033588345685,4.1808457906541685,12.3234466889063,2.1894196983969327,-0.0807391859064324,1.0,1.0,3.0,5.0,5.0,0.8,1.1818181818181819,1.0909090909090908,1.1818181818181819,1.0,1.0,2.2,0.3333333333333333,1.4,0.2,0.8333333333333334,2.0,0.36363636363636365,0.45454545454545453,-0.38181818181818183,12.399126934901318,12.350307166820569,4.239178867422799,12.201756721470954,2.158890670394148,0.04881976808074908
ligue1-2023-2023-11-26-lyon-v-lille,2023-11-26,2023,Lyon,Lille,0,2,0,0.75,0.0,555.9982645185426,14,14,999,0,1.0,0,999,0,1.0,0,0,0,1437.3912126374455,1533.9317075616182,-96.54049492417266,0.3333333333333333,0.3333333333333333,0.3333333333333333,0,1.0,2.0,2.0,6.0,8.0,1.0,0.6363636363636364,0.8181818181818182,1.7272727272727273,1.2,1.6,0.5,0.8,1.1666666666666667,2.3333333333333335,0.4,1.0,0.2727272727272727,0.36363636363636365,0.36363636363636365,12.289596697550415,12.37033588345685,4.1808457906541685,12.3234466889063,2.1894196983969327,-0.0807391859064324,2.0,3.0,0.0,5.0,2.0,1.8,1.6666666666666667,1.25,0.9166666666666666,1.0,0.4,2.1666666666666665,1.1666666666666667,1.3333333333333333,0.5,1.1666666666666667,1.3333333333333333,0.5,0.08333333333333333,0.1333333333333333,12.399126934901318,12.350307166820569,4.239178867422799,12.201756721470954,2.158890670394148,0.04881976808074908
ligue1-2023-2023-11-26-nice-v-toulouse,2023-11-26,2023,Nice,Toulouse,1,0,2,0.3333333333333333,0.0,469.3744281916945,16,14,999,0,1.0,0,999,0,1.0,0,0,0,1568.0001519687455,1482.5275764555383,85.47257551320718,0.3333333333333333,0.3333333333333333,0.3333333333333333,0,4.0,1.0,0.0,5.0,0.0,2.6,2.1666666666666665,1.0833333333333333,0.3333333333333333,1.0,0.0,2.0,2.3333333333333335,1.0,0.16666666666666666,1.1666666666666667,0.5,0.75,0.25,0.43333333333333357,12.289596697550415,12.37033588345685,4.1808457906541685,12.3234466889063,2.1894196983969327,-0.0807391859064324,0.0,3.0,2.0,4.0,8.0,0.6,1.0,1.0833333333333333,1.3333333333333333,0.8,1.6,1.2,0.8571428571428571,1.6,1.2,0.7142857142857143,1.4285714285714286,0.16666666666666666,0.25,-0.4,12.399126934901318,12.350307166820569,4.239178867422799,12.201756721470954,2.158890670394148,0.04881976808074908
ligue1-2023-2023-11-26-nantes-v-le-havre,2023-11-26,2023,Nantes,Le Havre,0,0,1,0.5,0.0,276.4948213461697,14,15,999,0,1.0,0,999,0,1.0,0,0,0,1472.703369802505,1494.3142422227172,-21.610872420212218,0.3333333333333333,0.3333333333333333,0.3333333333333333,0,2.0,0.0,3.0,5.0,9.0,1.2,1.1666666666666667,1.4166666666666667,1.9166666666666667,1.0,1.8,1.3333333333333333,1.0,2.0,1.6666666666666667,0.8333333333333334,2.1666666666666665,0.16666666666666666,0.25,0.033333333333333215,12.289596697550415,12.37033588345685,4.1808457906541685,12.3234466889063,2.1894196983969327,-0.0807391859064324,1.0,3.0,1.0,2.0,4.0,1.2,1.25,1.0,1.0833333333333333,0.4,0.8,1.3333333333333333,1.1666666666666667,1.0,0.8333333333333334,1.0,1.3333333333333333,0.4166666666666667,0.5,-0.050000000000000044,12.399126934901318,12.350307166820569,4.239178867422799,12.201756721470954,2.158890670394148,0.04881976808074908
ligue1-2023-2023-11-26-montpellier-v-brest,2023-11-26,2023,Montpellier,Brest,1,3,0,0.25,0.0,831.3163419387308,16,21,999,0,1.0,0,999,0,1.0,0,0,0,1506.0118180417637,1497.2161426798114,8.795675361952362,0.3333333333333333,0.3333333333333333,0.3333333333333333,0,2.0,1.0,2.0,6.0,5.0,1.4,1.1818181818181819,1.3636363636363635,1.2727272727272727,1.2,1.0,1.2,1.1666666666666667,1.2,1.0,1.5,1.5,0.36363636363636365,0.45454545454545453,0.21818181818181803,12.289596697550415,12.37033588345685,4.1808457906541685,12.3234466889063,2.1894196983969327,-0.0807391859064324,0.0,2.0,3.0,3.0,7.0,0.4,1.3636363636363635,1.0,1.1818181818181819,0.6,1.4,1.6,1.1666666666666667,1.4,1.2,0.6666666666666666,1.1666666666666667,0.2727272727272727,0.45454545454545453,-0.9636363636363635,12.399126934901318,12.350307166820569,4.239178867422799,12.201756721470954,2.158890670394148,0.04881976808074908
ligue1-2023-2023-11-26-lorient-v-metz,2023-11-26,2023,Lorient,Metz,2,3,0,0.625,0.0,719.08297103437,14,14,999,0,1.0,0,999,0,1.0,0,0,0,1459.9064556153228,1474.0880474485523,-14.181591833229504,0.3333333333333333,0.3333333333333333,0.3333333333333333,0,1.0,2.0,2.0,5.0,6.0,1.0,0.9166666666666666,1.25,1.75,1.0,1.2,1.5,0.3333333333333333,1.5,1.3333333333333333,1.0,2.1666666666666665,0.16666666666666666,0.5,0.08333333333333337,12.289596697550415,12.37033588345685,4.1808457906541685,12.3234466889063,2.1894196983969327,-0.0807391859064324,1.0,2.0,2.0,5.0,5.0,1.0,1.0833333333333333,1.0,1.5,1.0,1.0,1.0,1.1666666666666667,1.1666666666666667,1.1666666666666667,0.8333333333333334,1.8333333333333333,0.25,0.3333333333333333,-0.08333333333333326,12.399126934901318,12.350307166820569,4.239178867422799,12.201756721470954,2.158890670394148,0.04881976808074908
ligue1-2023-2023-11-26-rennes-v-reims,2023-11-26,2023,Rennes,Reims,3,1,2,0.5,0.0,435.3536766450835,14,15,999,0,1.0,0,999,0,1.0,0,0,0,1472.70120090173,1513.628955264877,-40.92775436314696,0.3333333333333333,0.3333333333333333,0.3333333333333333,0,0.0,1.0,4.0,3.0,9.0,0.2,1.0,1.3333333333333333,1.3333333333333333,0.6,1.8,1.2857142857142858,0.6,2.0,1.5714285714285714,0.4,1.0,0.16666666666666666,0.3333333333333333,-0.8,12.289596697550415,12.37033588345685,4.1808457906541685,12.3234466889063,2.1894196983969327,-0.0807391859064324,2.0,1.0,2.0,4.0,7.0,1.4,1.6666666666666667,1.4166666666666667,1.25,0.8,1.4,1.5,1.8333333333333333,1.1666666666666667,1.3333333333333333,1.6666666666666667,1.1666666666666667,0.3333333333333333,0.08333333333333333,-0.26666666666666683,12.399126934901318,12.350307166820569,4.239178867422799,12.201756721470954,2.158890670394148,0.04881976808074908
ligue1-2023-2023-11-29-montpellier-v-clermont,2023-11-29,2023,Montpellier,Clermont,1,1,1,0.5,0.0,247.14259588382225,3,4,999,0,1.0,0,999,0,1.0,0,0,0,1487.5805115986523,1438.400459497184,49.18005210146816,0.3333333333333333,0.3333333333333333,0.3333333333333333,0,1.0,1.0,3.0,4.0,8.0,0.8,1.0833333333333333,1.3333333333333333,1.4166666666666667,0.8,1.6,1.0,1.1666666666666667,1.1666666666666667,1.3333333333333333,1.5,1.5,0.3333333333333333,0.4166666666666667,-0.2833333333333332,12.289596697550415,12.37033588345685,4.1808457906541685,12.3234466889063,2.1894196983969327,-0.0807391859064324,2.0,1.0,2.0,3.0,5.0,1.4,0.75,0.6666666666666666,1.4166666666666667,0.6,1.0,0.5714285714285714,1.0,0.42857142857142855,1.4285714285714286,1.0,1.4,0.25,0.5833333333333334,0.6499999999999999,12.399126934901318,12.350307166820569,4.239178867422799,12.201756721470954,2.158890670394148,0.04881976808074908
ligue1-2023-2023-12-01-reims-v-strasbourg,2023-12-01,2023,Reims,Strasbourg,2,1,2,0.375,0.0,283.38675868985155,5,6,999,0,1.0,0,999,0,1.0,0,0,0,1501.8684113850147,1467.515866119683,34.35254526533163,0.3333333333333333,0.3333333333333333,0.3333333333333333,0,2.0,1.0,2.0,4.0,7.0,1.4,1.5384615384615385,1.3846153846153846,1.3846153846153846,0.8,1.4,1.5,1.5714285714285714,1.1666666666666667,1.3333333333333333,1.5714285714285714,1.4285714285714286,0.3076923076923077,0.07692307692307693,-0.13846153846153864,12.289596697550415,12.37033588345685,4.1808457906541685,12.3234466889063,2.1894196983969327,-0.0807391859064324,0.0,3.0,2.0,3.0,7.0,0.6,1.0833333333333333,0.8333333333333334,1.3333333333333333,0.6,1.4,1.2857142857142858,0.8,1.1428571428571428,1.0,0.4,1.8,0.25,0.4166666666666667,-0.4833333333333333,12.399126934901318,12.350307166820569,4.239178867422799,12.201756721470954,2.158890670394148,0.04881976808074908
ligue1-2023-2023-12-02-lens-v-lyon,2023-12-02,2023,Lens,Lyon,3,2,2,0.75,0.0,543.2607224588958,7,6,999,0,1.0,0,999,0,1.0,0,0,0,1526.708541460579,1423.108264802296,103.60027665828306,0.3333333333333333,0.3333333333333333,0.3333333333333333,0,3.0,2.0,0.0,8.0,0.0,2.2,1.4615384615384615,1.2307692307692308,1.0,1.6,0.0,1.8333333333333333,1.1428571428571428,1.5,0.6666666666666666,1.0,1.2857142857142858,0.46153846153846156,0.3076923076923077,0.7384615384615387,12.289596697550415,12.37033588345685,4.1808457906541685,12.3234466889063,2.1894196983969327,-0.0807391859064324,1.0,2.0,2.0,6.0,8.0,1.0,0.5833333333333334,0.75,1.75,1.2,1.6,0.42857142857142855,0.8,1.0,2.2857142857142856,0.4,1.0,0.25,0.4166666666666667,0.41666666666666663,12.399126934901318,12.350307166820569,4.239178867422799,12.201756721470954,2.158890670394148,0.04881976808074908
ligue1-2023-2023-12-02-nantes-v-nice,2023-12-02,2023,Nantes,Nice,1,0,2,0.5833333333333334,0.0,790.4235154760573,6,6,999,0,1.0,0,999,0,1.0,0,0,0,1470.4846700602286,1573.1170960828717,-102.63242602264313,0.3333333333333333,0.3333333333333333,0.3333333333333333,0,1.0,1.0,3.0,3.0,8.0,0.8,1.1538461538461537,1.3076923076923077,1.7692307692307692,0.6,1.6,1.2857142857142858,1.0,1.7142857142857142,1.4285714285714286,0.8333333333333334,2.1666666666666665,0.23076923076923078,0.3076923076923077,-0.3538461538461537,12.289596697550415,12.37033588345685,4.1808457906541685,12.3234466889063,2.1894196983969327,-0.0807391859064324,4.0,1.0,0.0,5.0,0.0,2.6,2.230769230769231,1.0769230769230769,0.3076923076923077,1.0,0.0,2.142857142857143,2.3333333333333335,1.0,0.14285714285714285,1.1666666666666667,0.5,0.7692307692307693,0.23076923076923078,0.36923076923076925,12.399126934901318,12.350307166820569,4.239178867422799,12.201756721470954,2.158890670394148,0.04881976808074908
ligue1-2023-2023-12-03-monaco-v-montpellier,2023-12-03,2023,Monaco,Montpellier,2,0,2,0.75,0.0,290.4493781085042,9,4,999,0,1.0,0,999,0,1.0,0,0,0,1547.1588633886931,1483.5325255162018,63.626337872491376,0.3333333333333333,0.3333333333333333,0.3333333333333333,0,2.0,1.0,2.0,6.0,8.0,1.4,1.8461538461538463,2.076923076923077,1.4615384615384615,1.2,1.6,2.5,1.2857142857142858,2.1666666666666665,0.6666666666666666,2.0,2.142857142857143,0.3076923076923077,0.23076923076923078,-0.44615384615384635,12.289596697550415,12.37033588345685,4.1808457906541685,12.3234466889063,2.1894196983969327,-0.0807391859064324,1.0,2.0,2.0,5.0,7.0,1.0,1.0769230769230769,1.3076923076923077,1.3846153846153846,1.0,1.4,1.0,1.1666666666666667,1.1428571428571428,1.2857142857142858,1.5,1.5,0.3076923076923077,0.38461538461538464,-0.07692307692307687,12.399126934901318,12.350307166820569,4.239178867422799,12.201756721470954,2.158890670394148,0.04881976808074908
ligue1-2023-2023-12-03-toulouse-v-lorient,2023-12-03,2023,Toulouse,Lorient,1,1,1,0.7,0.0,594.4066721144292,7,7,999,0,1.0,0,999,0,1.0,0,0,0,1477.410632341412,1447.4854408136982,29.925191527713878,0.3333333333333333,0.3333333333333333,0.3333333333333333,0,0.0,2.0,3.0,3.0,8.0,0.4,0.9230769230769231,1.0,1.3076923076923077,0.6,1.6,1.2,0.75,1.6,1.2,0.625,1.375,0.15384615384615385,0.3076923076923077,-0.5230769230769231,12.289596697550415,12.37033588345685,4.1808457906541685,12.3234466889063,2.1894196983969327,-0.0807391859064324,1.0,1.0,3.0,4.0,6.0,0.8,0.8461538461538461,1.3076923076923077,1.8461538461538463,0.8,1.2,1.2857142857142858,0.3333333333333333,1.5714285714285714,1.5714285714285714,1.0,2.1666666666666665,0.15384615384615385,0.46153846153846156,-0.0461538461538461,12.399126934901318,12.350307166820569,4.239178867422799,12.201756721470954,2.158890670394148,0.04881976808074908
ligue1-2023-2023-12-03-le-havre-v-paris-sg,2023-12-03,2023,Le Havre,Paris SG,0,2,0,0.08333333333333333,0.0,172.08411043805535,7,9,999,0,1.0,0,999,0,1.0,0,0,0,1496.5329419649936,1611.614355270644,-115.08141330565036,0.3333333333333333,0.3333333333333333,0.3333333333333333,0,1.0,4.0,0.0,2.0,1.0,1.4,1.2307692307692308,0.9230769230769231,1.0,0.4,0.2,1.3333333333333333,1.1428571428571428,1.0,0.8333333333333334,0.8571428571428571,1.1428571428571428,0.46153846153846156,0.5384615384615384,0.16923076923076907,12.289596697550415,12.37033588345685,4.1808457906541685,12.3234466889063,2.1894196983969327,-0.0807391859064324,5.0,0.0,0.0,17.0,4.0,3.0,2.3076923076923075,2.6153846153846154,0.8461538461538461,3.4,0.8,2.2857142857142856,2.3333333333333335,2.857142857142857,0.8571428571428571,2.3333333333333335,0.8333333333333334,0.46153846153846156,0.15384615384615385,0.6923076923076925,12.399126934901318,12.350307166820569,4.239178867422799,12.201756721470954,2.158890670394148,0.04881976808074908
ligue1-2023-2023-12-03-lille-v-metz,2023-12-03,2023,Lille,Metz,2,0,2,0.875,0.0,274.59672208803795,7,7,999,0,1.0,0,999,0,1.0,0,0,0,1548.2146553967677,1486.5090622501768,61.7055931465909,0.3333333333333333,0.3333333333333333,0.3333333333333333,0,3.0,2.0,0.0,6.0,1.0,2.2,1.7692307692307692,1.3076923076923077,0.8461538461538461,1.2,0.2,2.1666666666666665,1.4285714285714286,1.3333333333333333,0.5,1.2857142857142858,1.1428571428571428,0.5384615384615384,0.07692307692307693,0.430769230769231,12.289596697550415,12.37033588345685,4.1808457906541685,12.3234466889063,2.1894196983969327,-0.0807391859064324,2.0,2.0,1.0,8.0,6.0,1.6,1.2307692307692308,1.1538461538461537,1.5384615384615385,1.6,1.2,1.0,1.4285714285714286,1.1666666666666667,1.1666666666666667,1.1428571428571428,1.8571428571428572,0.23076923076923078,0.3076923076923077,0.36923076923076925,12.399126934901318,12.350307166820569,4.239178867422799,12.201756721470954,2.158890670394148,0.04881976808074908
ligue1-2023-2023-12-03-marseille-v-rennes,2023-12-03,2023,Marseille,Rennes,2,0,2,0.5714285714285714,0.0,766.4381524621508,8,7,999,0,1.0,0,999,0,1.0,0,0,0,1496.1810336625892,1484.4617447815924,11.719288880996828,0.3333333333333333,0.3333333333333333,0.3333333333333333,0,1.0,2.0,2.0,4.0,3.0,1.0,1.1666666666666667,1.0833333333333333,1.1666666666666667,0.8,0.6,2.2,0.42857142857142855,1.4,0.2,0.8571428571428571,1.8571428571428572,0.3333333333333333,0.4166666666666667,-0.16666666666666674,12.289596697550415,12.37033588345685,4.1808457906541685,12.3234466889063,2.1894196983969327,-0.0807391859064324,1.0,1.0,3.0,5.0,7.0,0.8,1.1538461538461537,1.4615384615384615,1.3076923076923077,1.0,1.4,1.5,0.6,2.125,1.5,0.4,1.0,0.15384615384615385,0.3076923076923077,-0.3538461538461537,12.399126934901318,12.350307166820569,4.239178867422799,12.201756721470954,2.158890670394148,0.04881976808074908
ligue1-2023-2023-12-03-brest-v-clermont,2023-12-03,2023,Brest,Clermont,3,0,2,0.75,0.0,644.285270585019,7,4,999,0,1.0,0,999,0,1.0,0,0,0,1515.6474491229228,1442.4484455796346,73.1990035432882,0.3333333333333333,0.3333333333333333,0.3333333333333333,0,1.0,1.0,3.0,6.0,8.0,0.8,1.5,1.1666666666666667,1.1666666666666667,1.2,1.6,1.6,1.4285714285714286,1.4,1.2,1.0,1.1428571428571428,0.25,0.4166666666666667,-0.7,12.289596697550415,12.37033588345685,4.1808457906541685,12.3234466889063,2.1894196983969327,-0.0807391859064324,1.0,2.0,2.0,2.0,5.0,1.0,0.7692307692307693,0.6923076923076923,1.3846153846153846,0.4,1.0,0.5714285714285714,1.0,0.42857142857142855,1.4285714285714286,1.0,1.3333333333333333,0.23076923076923078,0.5384615384615384,0.23076923076923073,12.399126934901318,12.350307166820569,4.239178867422799,12.201756721470954,2.158890670394148,0.04881976808074908
ligue1-2023-2023-12-06-marseille-v-lyon,2023-12-06,2023,Marseille,Lyon,3,0,2,0.6666666666666666,0.0,279.5953816441229,3,4,999,0,1.0,0,999,0,1.0,0,0,0,1505.9262188774678,1418.378454353127,87.54776452434089,0.3333333333333333,0.3333333333333333,0.3333333333333333,0,1.0,2.0,2.0,3.0,3.0,1.0,1.3076923076923077,1.1538461538461537,1.0769230769230769,0.6,0.6,2.3333333333333335,0.42857142857142855,1.5,0.16666666666666666,0.8571428571428571,1.8571428571428572,0.38461538461538464,0.38461538461538464,-0.3076923076923077,12.289596697550415,12.37033588345685,4.1808457906541685,12.3234466889063,2.1894196983969327,-0.0807391859064324,1.0,1.0,3.0,5.0,8.0,0.8,0.5384615384615384,0.8461538461538461,1.8461538461538463,1.0,1.6,0.42857142857142855,0.6666666666666666,1.0,2.2857142857142856,0.6666666666666666,1.3333333333333333,0.23076923076923078,0.38461538461538464,0.2615384615384616,12.399126934901318,12.350307166820569,4.239178867422799,12.201756721470954,2.158890670394148,0.04881976808074908
ligue1-2023-2023-12-07-brest-v-strasbourg,2023-12-07,2023,Brest,Strasbourg,1,1,1,0.6666666666666666,0.0,901.5945093265977,4,6,999,0,1.0,0,999,0,1.0,0,0,0,1524.9842070954571,1461.200964782169,63.783242313288156,0.3333333333333333,0.3333333333333333,0.3333333333333333,0,2.0,0.0,3.0,8.0,7.0,1.2,1.6153846153846154,1.3076923076923077,1.0769230769230769,1.6,1.4,1.8333333333333333,1.4285714285714286,1.6666666666666667,1.0,1.0,1.1428571428571428,0.3076923076923077,0.38461538461538464,-0.41538461538461546,12.289596697550415,12.37033588345685,4.1808457906541685,12.3234466889063,2.1894196983969327,-0.0807391859064324,0.0,3.0,2.0,3.0,7.0,0.6,1.0,0.8461538461538461,1.3846153846153846,0.6,1.4,1.2857142857142858,0.6666666666666666,1.1428571428571428,1.0,0.5,1.8333333333333333,0.23076923076923078,0.38461538461538464,-0.4,12.399126934901318,12.350307166820569,4.239178867422799,12.201756721470954,2.158890670394148,0.04881976808074908
ligue1-2023-2023-12-08-montpellier-v-lens,2023-12-08,2023,Montpellier,Lens,0,0,1,0.25,0.0,762.0562309939912,5,6,999,0,1.0,0,999,0,1.0,0,0,0,1475.598365662899,1531.438351909748,-55.839986246849094,0.3333333333333333,0.3333333333333333,0.3333333333333333,0,0.0,2.0,3.0,2.0,9.0,0.4,1.0,1.2142857142857142,1.4285714285714286,0.4,1.8,1.0,1.0,1.1428571428571428,1.2857142857142858,1.2857142857142858,1.5714285714285714,0.2857142857142857,0.42857142857142855,-0.6,12.289596697550415,12.37033588345685,4.1808457906541685,12.3234466889063,2.1894196983969327,-0.0807391859064324,4.0,1.0,0.0,11.0,2.0,2.6,1.5714285714285714,1.3571428571428572,1.0714285714285714,2.2,0.4,2.0,1.1428571428571428,1.7142857142857142,0.8571428571428571,1.0,1.2857142857142858,0.42857142857142855,0.2857142857142857,1.0285714285714287,12.399126934901318,12.350307166820569,4.239178867422799,12.201756721470954,2.158890670394148,0.04881976808074908
ligue1-2023-2023-12-09-paris-sg-v-nantes,2023-12-09,2023,Paris SG,Nantes,2,1,2,0.8333333333333334,0.0,331.4965700309614,6,7,999,0,1.0,0,999,0,1.0,0,0,0,1625.1429972186331,1480.5604359218844,144.58256129674874,0.3333333333333333,0.3333333333333333,0.3333333333333333,0,5.0,0.0,0.0,16.0,4.0,3.0,2.357142857142857,2.5714285714285716,0.7857142857142857,3.2,0.8,2.2857142857142856,2.4285714285714284,2.857142857142857,0.8571428571428571,2.2857142857142856,0.7142857142857143,0.5,0.14285714285714285,0.6428571428571428,12.289596697550415,12.37033588345685,4.1808457906541685,12.3234466889063,2.1894196983969327,-0.0807391859064324,1.0,1.0,3.0,2.0,8.0,0.8,1.2857142857142858,1.2857142857142858,1.6428571428571428,0.4,1.6,1.5,1.0,1.625,1.25,0.8333333333333334,2.1666666666666665,0.2857142857142857,0.2857142857142857,-0.48571428571428577,12.399126934901318,12.350307166820569,4.239178867422799,12.201756721470954,2.158890670394148,0.04881976808074908
ligue1-2023-2023-12-09-rennes-v-monaco,2023-12-09,2023,Rennes,Monaco,1,2,0,0.16666666666666666,0.0,852.3786639659552,6,6,999,0,1.0,0,999,0,1.0,0,0,0,1474.7165595667138,1555.093023241996,-80.37646367528214,0.3333333333333333,0.3333333333333333,0.3333333333333333,0,1.0,1.0,3.0,4.0,7.0,0.8,1.0714285714285714,1.3571428571428572,1.3571428571428572,0.8,1.4,1.5,0.5,2.125,1.5,0.3333333333333333,1.1666666666666667,0.14285714285714285,0.35714285714285715,-0.27142857142857135,12.289596697550415,12.37033588345685,4.1808457906541685,12.3234466889063,2.1894196983969327,-0.0807391859064324,2.0,1.0,2.0,6.0,7.0,1.4,1.9285714285714286,2.0714285714285716,1.3571428571428572,1.2,1.4,2.5714285714285716,1.2857142857142858,2.142857142857143,0.5714285714285714,2.0,2.142857142857143,0.35714285714285715,0.21428571428571427,-0.5285714285714287,12.399126934901318,12.350307166820569,4.239178867422799,12.201756721470954,2.158890670394148,0.04881976808074908
ligue1-2023-2023-12-10-nice-v-reims,2023-12-10,2023,Nice,Reims,2,1,2,0.875,0.0,665.6866286005725,8,9,999,0,1.0,0,999,0,1.0,0,0,0,1563.041330221216,1508.1833127225289,54.858017498687104,0.3333333333333333,0.3333333333333333,0.3333333333333333,0,3.0,1.0,1.0,4.0,1.0,2.0,2.0714285714285716,1.0,0.35714285714285715,0.8,0.2,2.142857142857143,2.0,1.0,0.14285714285714285,1.0,0.5714285714285714,0.7142857142857143,0.2857142857142857,-0.07142857142857162,12.289596697550415,12.37033588345685,4.1808457906541685,12.3234466889063,2.1894196983969327,-0.0807391859064324,3.0,0.0,2.0,5.0,7.0,1.8,1.6428571428571428,1.4285714285714286,1.3571428571428572,1.0,1.4,1.7142857142857142,1.5714285714285714,1.2857142857142858,1.2857142857142858,1.5714285714285714,1.4285714285714286,0.2857142857142857,0.07142857142857142,0.15714285714285725,12.399126934901318,12.350307166820569,4.239178867422799,12.201756721470954,2.158890670394148,0.04881976808074908
ligue1-2023-2023-12-10-strasbourg-v-le-havre,2023-12-10,2023,Strasbourg,Le Havre,2,1,2,0.5,0.0,566.9490982566977,3,7,999,0,1.0,0,999,0,1.0,0,0,0,1465.594311673023,1483.0043000170044,-17.409988343981468,0.3333333333333333,0.3333333333333333,0.3333333333333333,0,0.0,4.0,1.0,4.0,5.0,0.8,1.0,0.8571428571428571,1.3571428571428572,0.8,1.0,1.2857142857142858,0.7142857142857143,1.1428571428571428,1.0,0.5714285714285714,1.7142857142857142,0.21428571428571427,0.35714285714285715,-0.19999999999999996,12.289596697550415,12.37033588345685,4.1808457906541685,12.3234466889063,2.1894196983969327,-0.0807391859064324,1.0,3.0,1.0,2.0,3.0,1.2,1.1428571428571428,0.8571428571428571,1.0714285714285714,0.4,0.6,1.1428571428571428,1.1428571428571428,0.8571428571428571,1.0,0.8571428571428571,1.1428571428571428,0.42857142857142855,0.5714285714285714,0.05714285714285716,12.399126934901318,12.350307166820569,4.239178867422799,12.201756721470954,2.158890670394148,0.04881976808074908
ligue1-2023-2023-12-10-clermont-v-lille,2023-12-10,2023,Clermont,Lille,0,0,1,0.25,0.0,537.1834248921756,7,7,999,0,1.0,0,999,0,1.0,0,0,0,1433.1116876071003,1556.2120854013822,-123.10039779428189,0.3333333333333333,0.3333333333333333,0.3333333333333333,0,1.0,2.0,2.0,2.0,7.0,1.0,0.7142857142857143,0.6428571428571429,1.5,0.4,1.4,0.5714285714285714,0.8571428571428571,0.42857142857142855,1.4285714285714286,0.8571428571428571,1.5714285714285714,0.21428571428571427,0.5714285714285714,0.2857142857142857,12.289596697550415,12.37033588345685,4.1808457906541685,12.3234466889063,2.1894196983969327,-0.0807391859064324,3.0,2.0,0.0,7.0,1.0,2.2,1.8571428571428572,1.3571428571428572,0.7857142857142857,1.4,0.2,2.2857142857142856,1.4285714285714286,1.4285714285714286,0.42857142857142855,1.2857142857142858,1.1428571428571428,0.5714285714285714,0.07142857142857142,0.34285714285714297,12.399126934901318,12.350307166820569,4.239178867422799,12.201756721470954,2.158890670394148,0.04881976808074908
ligue1-2023-2023-12-10-metz-v-brest,2023-12-10,2023,Metz,Brest,0,1,0,0.0,0.0,784.6069654115464,7,3,999,0,1.0,0,999,0,1.0,0,0,0,1478.5116322455624,1520.5908602046031,-42.079227959040736,0.3333333333333333,0.3333333333333333,0.3333333333333333,0,2.0,2.0,1.0,7.0,6.0,1.6,1.1428571428571428,1.0714285714285714,1.5714285714285714,1.4,1.2,1.0,1.25,1.1666666666666667,1.1666666666666667,1.0,1.875,0.21428571428571427,0.35714285714285715,0.4571428571428573,12.289596697550415,12.37033588345685,4.1808457906541685,12.3234466889063,2.1894196983969327,-0.0807391859064324,2.0,1.0,2.0,9.0,7.0,1.4,1.5714285714285714,1.2857142857142858,1.0714285714285714,1.8,1.4,1.7142857142857142,1.4285714285714286,1.5714285714285714,1.0,1.0,1.1428571428571428,0.2857142857142857,0.35714285714285715,-0.17142857142857149,12.399126934901318,12.350307166820569,4.239178867422799,12.201756721470954,2.158890670394148,0.04881976808074908
ligue1-2023-2023-12-10-lyon-v-toulouse,2023-12-10,2023,Lyon,Toulouse,3,0,2,0.6428571428571429,0.0,370.8569193679967,4,7,999,0,1.0,0,999,0,1.0,0,0,0,1409.594202706546,1473.8361718575013,-64.24196915095536,0.3333333333333333,0.3333333333333333,0.3333333333333333,0,1.0,1.0,3.0,4.0,9.0,0.8,0.5,0.7857142857142857,1.9285714285714286,0.8,1.8,0.42857142857142855,0.5714285714285714,1.0,2.2857142857142856,0.5714285714285714,1.5714285714285714,0.21428571428571427,0.42857142857142855,0.30000000000000004,12.289596697550415,12.37033588345685,4.1808457906541685,12.3234466889063,2.1894196983969327,-0.0807391859064324,0.0,2.0,3.0,3.0,8.0,0.4,0.9285714285714286,1.0,1.2857142857142858,0.6,1.6,1.1666666666666667,0.75,1.5,1.1666666666666667,0.625,1.375,0.14285714285714285,0.2857142857142857,-0.5285714285714286,12.399126934901318,12.350307166820569,4.239178867422799,12.201756721470954,2.158890670394148,0.04881976808074908
ligue1-2023-2023-12-10-lorient-v-marseille,2023-12-10,2023,Lorient,Marseille,2,4,0,0.25,0.0,844.2772240208271,7,4,999,0,1.0,0,999,0,1.0,0,0,0,1451.059901297609,1514.7104705240488,-63.65056922643976,0.3333333333333333,0.3333333333333333,0.3333333333333333,0,0.0,2.0,3.0,3.0,6.0,0.4,0.8571428571428571,1.2857142857142858,1.7857142857142858,0.6,1.2,1.2857142857142858,0.42857142857142855,1.5714285714285714,1.5714285714285714,1.0,2.0,0.14285714285714285,0.42857142857142855,-0.4571428571428571,12.289596697550415,12.37033588345685,4.1808457906541685,12.3234466889063,2.1894196983969327,-0.0807391859064324,2.0,2.0,1.0,6.0,2.0,1.6,1.4285714285714286,1.2857142857142858,1.0,1.2,0.4,2.4285714285714284,0.42857142857142855,1.7142857142857142,0.14285714285714285,0.8571428571428571,1.8571428571428572,0.42857142857142855,0.35714285714285715,0.17142857142857149,12.399126934901318,12.350307166820569,4.239178867422799,12.201756721470954,2.158890670394148,0.04881976808074908
ligue1-2023-2023-12-15-monaco-v-lyon,2023-12-15,2023,Monaco,Lyon,0,1,0,0.5,0.0,297.1280574136071,6,5,999,0,1.0,0,999,0,1.0,0,0,0,1565.6572341818278,1425.138353663916,140.51888051791184,0.3333333333333333,0.3333333333333333,0.3333333333333333,0,3.0,1.0,1.0,8.0,6.0,2.0,2.0,2.066666666666667,1.3333333333333333,1.6,1.2,2.5714285714285716,1.5,2.142857142857143,0.5714285714285714,2.0,2.0,0.3333333333333333,0.2,0.0,12.289596697550415,12.37033588345685,4.1808457906541685,12.3234466889063,2.1894196983969327,-0.0807391859064324,2.0,0.0,3.0,6.0,8.0,1.2,0.6666666666666666,0.9333333333333333,1.8,1.2,1.6,0.75,0.5714285714285714,1.25,2.0,0.5714285714285714,1.5714285714285714,0.26666666666666666,0.4,0.5333333333333333,12.399126934901318,12.350307166820569,4.239178867422799,12.201756721470954,2.158890670394148,0.04881976808074908
ligue1-2023-2023-12-16-le-havre-v-nice,2023-12-16,2023,Le Havre,Nice,3,1,2,0.4166666666666667,0.0,844.0993952448574,6,6,999,0,1.0,0,999,0,1.0,0,0,0,1475.337645772373,1568.857608321077,-93.51996254870392,0.3333333333333333,0.3333333333333333,0.3333333333333333,0,1.0,2.0,2.0,3.0,5.0,1.0,1.0666666666666667,0.8666666666666667,1.1333333333333333,0.6,1.0,1.1428571428571428,1.0,0.8571428571428571,1.0,0.875,1.25,0.4,0.5333333333333333,-0.06666666666666665,12.289596697550415,12.37033588345685,4.1808457906541685,12.3234466889063,2.1894196983969327,-0.0807391859064324,3.0,1.0,1.0,5.0,2.0,2.0,2.1333333333333333,1.0666666666666667,0.4,1.0,0.4,2.25,2.0,1.125,0.25,1.0,0.5714285714285714,0.6666666666666666,0.26666666666666666,-0.1333333333333333,12.399126934901318,12.350307166820569,4.239178867422799,12.201756721470954,2.158890670394148,0.04881976808074908
ligue1-2023-2023-12-16-lens-v-reims,2023-12-16,2023,Lens,Reims,2,0,2,0.625,0.0,156.72624768390958,8,6,999,0,1.0,0,999,0,1.0,0,0,0,1532.70257869207,1502.367034622668,30.335544069401976,0.3333333333333333,0.3333333333333333,0.3333333333333333,0,3.0,2.0,0.0,7.0,2.0,2.2,1.5333333333333334,1.2666666666666666,1.0,1.4,0.4,2.0,1.125,1.7142857142857142,0.8571428571428571,0.875,1.125,0.4666666666666667,0.3333333333333333,0.6666666666666667,12.289596697550415,12.37033588345685,4.1808457906541685,12.3234466889063,2.1894196983969327,-0.0807391859064324,2.0,0.0,3.0,5.0,9.0,1.2,1.5333333333333334,1.4,1.4,1.0,1.8,1.7142857142857142,1.375,1.2857142857142858,1.2857142857142858,1.5,1.5,0.26666666666666666,0.06666666666666667,-0.3333333333333335,12.399126934901318,12.350307166820569,4.239178867422799,12.201756721470954,2.158890670394148,0.04881976808074908
ligue1-2023-2023-12-17-marseille-v-clermont,2023-12-17,2023,Marseille,Clermont,2,1,2,1.0,0.0,332.58224297637486,7,7,999,0,1.0,0,999,0,1.0,0,0,0,1530.32681082495,1433.7755924838725,96.5512183410774,0.3333333333333333,0.3333333333333333,0.3333333333333333,0,3.0,1.0,1.0,10.0,4.0,2.0,1.5333333333333334,1.4666666666666666,1.0666666666666667,2.0,0.8,2.4285714285714284,0.75,1.7142857142857142,0.14285714285714285,1.25,1.875,0.4,0.3333333333333333,0.46666666666666656,12.289596697550415,12.37033588345685,4.1808457906541685,12.3234466889063,2.1894196983969327,-0.0807391859064324,1.0,2.0,2.0,2.0,7.0,1.0,0.7333333333333333,0.6,1.4,0.4,1.4,0.625,0.8571428571428571,0.375,1.25,0.8571428571428571,1.5714285714285714,0.26666666666666666,0.6,0.2666666666666667,12.399126934901318,12.350307166820569,4.239178867422799,12.201756721470954,2.158890670394148,0.04881976808074908
ligue1-2023-2023-12-17-metz-v-montpellier,2023-12-17,2023,Metz,Montpellier,0,1,0,0.0,0.0,637.2465048196078,7,9,999,0,1.0,0,999,0,1.0,0,0,0,1466.8598126067425,1474.334138880577,-7.474326273834549,0.3333333333333333,0.3333333333333333,0.3333333333333333,0,2.0,1.0,2.0,7.0,7.0,1.4,1.0666666666666667,1.0,1.5333333333333334,1.4,1.4,0.8571428571428571,1.25,1.0,1.1428571428571428,1.0,1.875,0.2,0.4,0.33333333333333326,12.289596697550415,12.37033588345685,4.1808457906541685,12.3234466889063,2.1894196983969327,-0.0807391859064324,0.0,3.0,2.0,2.0,6.0,0.6,1.0,1.1333333333333333,1.3333333333333333,0.4,1.2,1.0,1.0,1.0,1.125,1.2857142857142858,1.5714285714285714,0.3333333333333333,0.4666666666666667,-0.4,12.399126934901318,12.350307166820569,4.239178867422799,12.201756721470954,2.158890670394148,0.04881976808074908
ligue1-2023-2023-12-17-lille-v-paris-sg,2023-12-17,2023,Lille,Paris SG,1,1,1,0.21428571428571427,0.0,206.76603215117404,7,8,999,0,1.0,0,999,0,1.0,0,0,0,1555.54818052461,1629.0742110583412,-73.52603053373127,0.3333333333333333,0.3333333333333333,0.3333333333333333,0,2.0,3.0,0.0,5.0,1.0,1.8,1.8,1.2666666666666666,0.7333333333333333,1.0,0.2,2.2857142857142856,1.375,1.4285714285714286,0.42857142857142855,1.125,1.0,0.6,0.13333333333333333,0.0,12.289596697550415,12.37033588345685,4.1808457906541685,12.3234466889063,2.1894196983969327,-0.0807391859064324,5.0,0.0,0.0,15.0,3.0,3.0,2.4,2.533333333333333,0.8,3.0,0.6,2.375,2.4285714285714284,2.75,0.875,2.2857142857142856,0.7142857142857143,0.4666666666666667,0.13333333333333333,0.6000000000000001,12.399126934901318,12.350307166820569,4.239178867422799,12.201756721470954,2.158890670394148,0.04881976808074908
ligue1-2023-2023-12-17-toulouse-v-rennes,2023-12-17,2023,Toulouse,Rennes,0,0,1,0.6666666666666666,0.0,556.5344633984116,7,8,999,0,1.0,0,999,0,1.0,0,0,0,1458.2920209001313,1464.152348626882,-5.860327726750711,0.3333333333333333,0.3333333333333333,0.3333333333333333,0,0.0,2.0,3.0,3.0,8.0,0.4,0.8666666666666667,0.9333333333333333,1.4,0.6,1.6,1.1666666666666667,0.6666666666666666,1.5,1.1666666666666667,0.5555555555555556,1.5555555555555556,0.13333333333333333,0.3333333333333333,-0.4666666666666667,12.289596697550415,12.37033588345685,4.1808457906541685,12.3234466889063,2.1894196983969327,-0.0807391859064324,1.0,0.0,4.0,4.0,8.0,0.6,1.0,1.3333333333333333,1.4,0.8,1.6,1.3333333333333333,0.5,2.0,1.5555555555555556,0.3333333333333333,1.1666666666666667,0.13333333333333333,0.3333333333333333,-0.4,12.399126934901318,12.350307166820569,4.239178867422799,12.201756721470954,2.158890670394148,0.04881976808074908
ligue1-2023-2023-12-17-nantes-v-brest,2023-12-17,2023,Nantes,Brest,0,2,0,0.25,0.0,254.4724542753612,8,7,999,0,1.0,0,999,0,1.0,0,0,0,1476.6292220821763,1532.242679843423,-55.613457761246764,0.3333333333333333,0.3333333333333333,0.3333333333333333,0,1.0,1.0,3.0,3.0,6.0,0.8,1.2,1.2666666666666666,1.6666666666666667,0.6,1.2,1.5,0.8571428571428571,1.625,1.25,0.8571428571428571,2.142857142857143,0.26666666666666666,0.26666666666666666,-0.3999999999999999,12.289596697550415,12.37033588345685,4.1808457906541685,12.3234466889063,2.1894196983969327,-0.0807391859064324,3.0,1.0,1.0,8.0,4.0,2.0,1.6666666666666667,1.2666666666666666,1.0,1.6,0.8,1.7142857142857142,1.625,1.5714285714285714,1.0,1.0,1.0,0.3333333333333333,0.3333333333333333,0.33333333333333326,12.399126934901318,12.350307166820569,4.239178867422799,12.201756721470954,2.158890670394148,0.04881976808074908
ligue1-2023-2023-12-17-lorient-v-strasbourg,2023-12-17,2023,Lorient,Strasbourg,1,2,0,0.375,0.0,829.1514160284663,7,7,999,0,1.0,0,999,0,1.0,0,0,0,1435.443560996708,1473.2609659176544,-37.8174049209465,0.3333333333333333,0.3333333333333333,0.3333333333333333,0,0.0,2.0,3.0,5.0,9.0,0.4,0.8,1.3333333333333333,1.9333333333333333,1.0,1.8,1.125,0.42857142857142855,1.625,1.875,1.0,2.0,0.13333333333333333,0.4,-0.4,12.289596697550415,12.37033588345685,4.1808457906541685,12.3234466889063,2.1894196983969327,-0.0807391859064324,1.0,3.0,1.0,5.0,5.0,1.2,1.1333333333333333,0.9333333333333333,1.3333333333333333,1.0,1.0,1.5,0.7142857142857143,1.25,1.0,0.5714285714285714,1.7142857142857142,0.2,0.3333333333333333,0.06666666666666665,12.399126934901318,12.350307166820569,4.239178867422799,12.201756721470954,2.158890670394148,0.04881976808074908
ligue1-2023-2023-12-20-clermont-v-rennes,2023-12-20,2023,Clermont,Rennes,1,3,0,0.0,0.0,444.3022237856693,3,3,999,0,1.0,0,999,0,1.0,0,0,0,1428.897682572876,1466.797488081236,-37.89980550836003,0.3333333333333333,0.3333333333333333,0.3333333333333333,0,0.0,2.0,3.0,2.0,9.0,0.4,0.6875,0.625,1.4375,0.4,1.8,0.625,0.75,0.375,1.25,0.875,1.625,0.25,0.5625,-0.2875,12.289596697550415,12.37033588345685,4.1808457906541685,12.3234466889063,2.1894196983969327,-0.0807391859064324,1.0,1.0,3.0,4.0,6.0,0.8,1.0,1.25,1.3125,0.8,1.2,1.3333333333333333,0.5714285714285714,2.0,1.5555555555555556,0.2857142857142857,1.0,0.1875,0.375,-0.19999999999999996,12.399126934901318,12.350307166820569,4.239178867422799,12.201756721470954,2.158890670394148,0.04881976808074908
ligue1-2023-2023-12-20-strasbourg-v-lille,2023-12-20,2023,Strasbourg,Lille,2,1,2,0.75,0.0,403.89067096392466,3,3,999,0,1.0,0,999,0,1.0,0,0,0,1485.0318565215484,1554.787669746344,-69.75581322479547,0.3333333333333333,0.3333333333333333,0.3333333333333333,0,2.0,2.0,1.0,7.0,6.0,1.6,1.25,1.0,1.3125,1.4,1.2,1.5,1.0,1.25,1.0,0.75,1.625,0.1875,0.3125,0.3500000000000001,12.289596697550415,12.37033588345685,4.1808457906541685,12.3234466889063,2.1894196983969327,-0.0807391859064324,2.0,3.0,0.0,6.0,2.0,1.8,1.75,1.25,0.75,1.2,0.4,2.125,1.375,1.375,0.5,1.125,1.0,0.5625,0.125,0.050000000000000044,12.399126934901318,12.350307166820569,4.239178867422799,12.201756721470954,2.158890670394148,0.04881976808074908
ligue1-2023-2023-12-20-brest-v-lorient,2023-12-20,2023,Brest,Lorient,4,0,2,0.875,0.0,109.64203448542227,3,3,999,0,1.0,0,999,0,1.0,0,0,0,1548.181774700136,1423.6726703928139,124.5091043073221,0.3333333333333333,0.3333333333333333,0.3333333333333333,0,4.0,1.0,0.0,10.0,2.0,2.6,1.75,1.3125,0.9375,2.0,0.4,1.7142857142857142,1.7777777777777777,1.5714285714285714,1.0,1.1111111111111112,0.8888888888888888,0.375,0.3125,0.8500000000000001,12.289596697550415,12.37033588345685,4.1808457906541685,12.3234466889063,2.1894196983969327,-0.0807391859064324,0.0,1.0,4.0,6.0,11.0,0.2,0.75,1.3125,1.9375,1.2,2.2,1.0,0.42857142857142855,1.5555555555555556,1.8888888888888888,1.0,2.0,0.125,0.375,-0.55,12.399126934901318,12.350307166820569,4.239178867422799,12.201756721470954,2.158890670394148,0.04881976808074908
ligue1-2023-2023-12-20-reims-v-le-havre,2023-12-20,2023,Reims,Le Havre,1,0,2,0.875,0.0,284.88044882027987,4,4,999,0,1.0,0,999,0,1.0,0,0,0,1493.2945123473287,1489.2160463396308,4.078466007697898,0.3333333333333333,0.3333333333333333,0.3333333333333333,0,1.0,0.0,4.0,4.0,11.0,0.6,1.4375,1.3125,1.4375,0.8,2.2,1.7142857142857142,1.2222222222222223,1.2857142857142858,1.2857142857142858,1.3333333333333333,1.5555555555555556,0.25,0.125,-0.8375,12.289596697550415,12.37033588345685,4.1808457906541685,12.3234466889063,2.1894196983969327,-0.0807391859064324,1.0,2.0,2.0,4.0,5.0,1.0,1.1875,1.0,1.125,0.8,1.0,1.375,1.0,1.125,1.0,0.875,1.25,0.375,0.5,-0.1875,12.399126934901318,12.350307166820569,4.239178867422799,12.201756721470954,2.158890670394148,0.04881976808074908
ligue1-2023-2023-12-20-toulouse-v-monaco,2023-12-20,2023,Toulouse,Monaco,1,2,0,0.3333333333333333,0.0,481.3364476327756,3,5,999,0,1.0,0,999,0,1.0,0,0,0,1455.6468814457774,1549.662857588119,-94.01597614234174,0.3333333333333333,0.3333333333333333,0.3333333333333333,0,0.0,3.0,2.0,2.0,6.0,0.6,0.875,0.875,1.3125,0.4,1.2,1.1428571428571428,0.6666666666666666,1.2857142857142858,1.0,0.5555555555555556,1.5555555555555556,0.1875,0.375,-0.275,12.289596697550415,12.37033588345685,4.1808457906541685,12.3234466889063,2.1894196983969327,-0.0807391859064324,2.0,1.0,2.0,6.0,7.0,1.4,1.875,1.9375,1.3125,1.2,1.4,2.25,1.5,1.875,0.625,2.0,2.0,0.3125,0.25,-0.4750000000000001,12.399126934901318,12.350307166820569,4.239178867422799,12.201756721470954,2.158890670394148,0.04881976808074908
ligue1-2023-2023-12-20-lyon-v-nantes,2023-12-20,2023,Lyon,Nantes,1,0,2,0.9166666666666666,0.0,524.5304602260443,5,3,999,0,1.0,0,999,0,1.0,0,0,0,1441.1327302576246,1460.6901272254634,-19.557396967838713,0.3333333333333333,0.3333333333333333,0.3333333333333333,0,2.0,0.0,3.0,6.0,8.0,1.2,0.8125,0.9375,1.6875,1.2,1.6,0.75,0.875,1.25,2.0,0.625,1.375,0.3125,0.375,0.38749999999999996,12.289596697550415,12.37033588345685,4.1808457906541685,12.3234466889063,2.1894196983969327,-0.0807391859064324,1.0,1.0,3.0,3.0,7.0,0.8,1.125,1.1875,1.6875,0.6,1.4,1.3333333333333333,0.8571428571428571,1.4444444444444444,1.3333333333333333,0.8571428571428571,2.142857142857143,0.25,0.3125,-0.32499999999999996,12.399126934901318,12.350307166820569,4.239178867422799,12.201756721470954,2.158890670394148,0.04881976808074908
ligue1-2023-2023-12-20-paris-sg-v-metz,2023-12-20,2023,Paris SG,Metz,3,1,2,1.0,0.0,287.32517309596955,3,3,999,0,1.0,0,999,0,1.0,0,0,0,1629.8347218366073,1454.2579302885492,175.57679154805805,0.3333333333333333,0.3333333333333333,0.3333333333333333,0,4.0,1.0,0.0,13.0,4.0,2.6,2.3125,2.4375,0.8125,2.6,0.8,2.375,2.25,2.75,0.875,2.125,0.75,0.4375,0.125,0.2875000000000001,12.289596697550415,12.37033588345685,4.1808457906541685,12.3234466889063,2.1894196983969327,-0.0807391859064324,2.0,0.0,3.0,6.0,7.0,1.2,1.0,0.9375,1.5,1.2,1.4,0.75,1.25,0.875,1.125,1.0,1.875,0.1875,0.4375,0.19999999999999996,12.399126934901318,12.350307166820569,4.239178867422799,12.201756721470954,2.158890670394148,0.04881976808074908
ligue1-2023-2023-12-20-nice-v-lens,2023-12-20,2023,Nice,Lens,2,0,2,0.6666666666666666,0.0,820.4237860395572,4,4,999,0,1.0,0,999,0,1.0,0,0,0,1554.979207753819,1541.7751009674091,13.204106786409966,0.3333333333333333,0.3333333333333333,0.3333333333333333,0,2.0,1.0,2.0,4.0,5.0,1.4,2.0,1.0625,0.5625,0.8,1.0,2.25,1.75,1.125,0.25,1.0,0.875,0.625,0.25,-0.6000000000000001,12.289596697550415,12.37033588345685,4.1808457906541685,12.3234466889063,2.1894196983969327,-0.0807391859064324,4.0,1.0,0.0,9.0,2.0,2.6,1.625,1.3125,0.9375,1.8,0.4,2.125,1.125,1.75,0.75,0.875,1.125,0.5,0.3125,0.9750000000000001,12.399126934901318,12.350307166820569,4.239178867422799,12.201756721470954,2.158890670394148,0.04881976808074908
ligue1-2023-2023-12-20-montpellier-v-marseille,2023-12-20,2023,Montpellier,Marseille,1,1,1,0.125,0.0,133.8691695133372,3,3,999,0,1.0,0,999,0,1.0,0,0,0,1486.9360211987703,1535.2047207359465,-48.26869953717619,0.3333333333333333,0.3333333333333333,0.3333333333333333,0,1.0,2.0,2.0,3.0,6.0,1.0,1.125,1.125,1.25,0.6,1.2,1.0,1.25,1.0,1.125,1.25,1.375,0.375,0.4375,-0.125,12.289596697550415,12.37033588345685,4.1808457906541685,12.3234466889063,2.1894196983969327,-0.0807391859064324,4.0,1.0,0.0,12.0,4.0,2.6,1.625,1.5,1.0625,2.4,0.8,2.5,0.75,1.75,0.25,1.25,1.875,0.375,0.3125,0.9750000000000001,12.399126934901318,12.350307166820569,4.239178867422799,12.201756721470954,2.158890670394148,0.04881976808074908
ligue1-2023-2024-01-12-marseille-v-strasbourg,2024-01-12,2023,Marseille,Strasbourg,1,1,1,0.5714285714285714,0.0,615.9042624672749,23,23,999,0,1.0,0,999,0,1.0,0,0,0,1536.6827608334795,1494.163550986078,42.5192098474015,0.3333333333333333,0.3333333333333333,0.3333333333333333,0,4.0,1.0,0.0,12.0,4.0,2.6,1.588235294117647,1.4705882352941178,1.0588235294117647,2.4,0.8,2.5,0.7777777777777778,1.75,0.25,1.2222222222222223,1.7777777777777777,0.35294117647058826,0.29411764705882354,1.0117647058823531,12.289596697550415,12.37033588345685,4.1808457906541685,12.3234466889063,2.1894196983969327,-0.0807391859064324,3.0,1.0,1.0,8.0,6.0,2.0,1.3529411764705883,1.0588235294117647,1.2941176470588236,1.6,1.2,1.6666666666666667,1.0,1.3333333333333333,1.0,0.75,1.625,0.17647058823529413,0.29411764705882354,0.6470588235294117,12.399126934901318,12.350307166820569,4.239178867422799,12.201756721470954,2.158890670394148,0.04881976808074908
ligue1-2023-2024-01-13-monaco-v-reims,2024-01-13,2023,Monaco,Reims,1,3,0,0.625,0.0,667.4213901042692,24,24,999,0,1.0,0,999,0,1.0,0,0,0,1559.8350746109447,1500.3853958997677,59.44967871117706,0.3333333333333333,0.3333333333333333,0.3333333333333333,0,3.0,0.0,2.0,8.0,8.0,1.8,1.9411764705882353,1.9411764705882353,1.2941176470588236,1.6,1.6,2.25,1.6666666666666667,1.875,0.625,2.0,1.8888888888888888,0.29411764705882354,0.23529411764705882,-0.14117647058823524,12.289596697550415,12.37033588345685,4.1808457906541685,12.3234466889063,2.1894196983969327,-0.0807391859064324,2.0,0.0,3.0,5.0,8.0,1.2,1.5294117647058822,1.2941176470588236,1.3529411764705883,1.0,1.6,1.875,1.2222222222222223,1.25,1.125,1.3333333333333333,1.5555555555555556,0.29411764705882354,0.11764705882352941,-0.3294117647058823,12.399126934901318,12.350307166820569,4.239178867422799,12.201756721470954,2.158890670394148,0.04881976808074908
ligue1-2023-2024-01-13-rennes-v-nice,2024-01-13,2023,Rennes,Nice,2,0,2,0.5,0.0,844.6974651904027,24,24,999,0,1.0,0,999,0,1.0,0,0,0,1483.440792201847,1564.6698695597108,-81.22907735786384,0.3333333333333333,0.3333333333333333,0.3333333333333333,0,2.0,1.0,2.0,7.0,6.0,1.4,1.1176470588235294,1.3529411764705883,1.2941176470588236,1.4,1.2,1.3333333333333333,0.875,2.0,1.5555555555555556,0.625,1.0,0.17647058823529413,0.35294117647058826,0.2823529411764705,12.289596697550415,12.37033588345685,4.1808457906541685,12.3234466889063,2.1894196983969327,-0.0807391859064324,3.0,0.0,2.0,6.0,5.0,1.8,2.0588235294117645,1.1176470588235294,0.5294117647058824,1.2,1.0,2.3333333333333335,1.75,1.2222222222222223,0.2222222222222222,1.0,0.875,0.6470588235294118,0.23529411764705882,-0.25882352941176445,12.399126934901318,12.350307166820569,4.239178867422799,12.201756721470954,2.158890670394148,0.04881976808074908
ligue1-2023-2024-01-14-lens-v-paris-sg,2024-01-14,2023,Lens,Paris SG,0,2,0,0.0,0.0,181.57217493042117,25,25,999,0,1.0,0,999,0,1.0,0,0,0,1532.0844391615174,1634.6401741116413,-102.5557349501239,0.3333333333333333,0.3333333333333333,0.3333333333333333,0,3.0,1.0,1.0,8.0,4.0,2.0,1.5294117647058822,1.2352941176470589,1.0,1.6,0.8,2.125,1.0,1.75,0.75,0.7777777777777778,1.2222222222222223,0.47058823529411764,0.35294117647058826,0.47058823529411775,12.289596697550415,12.37033588345685,4.1808457906541685,12.3234466889063,2.1894196983969327,-0.0807391859064324,4.0,1.0,0.0,13.0,5.0,2.6,2.3529411764705883,2.4705882352941178,0.8235294117647058,2.6,1.0,2.4444444444444446,2.25,2.7777777777777777,0.8888888888888888,2.125,0.75,0.4117647058823529,0.11764705882352941,0.24705882352941178,12.399126934901318,12.350307166820569,4.239178867422799,12.201756721470954,2.158890670394148,0.04881976808074908
ligue1-2023-2024-01-14-le-havre-v-lyon,2024-01-14,2023,Le Havre,Lyon,3,1,2,0.35714285714285715,0.0,552.2473546806608,25,25,999,0,1.0,0,999,0,1.0,0,0,0,1482.1251627871918,1448.8579104457579,33.26725234143396,0.3333333333333333,0.3333333333333333,0.3333333333333333,0,1.0,1.0,3.0,4.0,6.0,0.8,1.1176470588235294,0.9411764705882353,1.1176470588235294,0.8,1.2,1.375,0.8888888888888888,1.125,1.0,0.7777777777777778,1.2222222222222223,0.35294117647058826,0.5294117647058824,-0.3176470588235294,12.289596697550415,12.37033588345685,4.1808457906541685,12.3234466889063,2.1894196983969327,-0.0807391859064324,3.0,0.0,2.0,7.0,6.0,1.8,0.9411764705882353,0.9411764705882353,1.588235294117647,1.4,1.2,1.0,0.875,1.2222222222222223,1.7777777777777777,0.625,1.375,0.35294117647058826,0.35294117647058826,0.8588235294117648,12.399126934901318,12.350307166820569,4.239178867422799,12.201756721470954,2.158890670394148,0.04881976808074908
ligue1-2023-2024-01-14-metz-v-toulouse,2024-01-14,2023,Metz,Toulouse,0,1,0,0.0,0.0,713.4752312441526,25,25,999,0,1.0,0,999,0,1.0,0,0,0,1449.4524780135152,1445.4746644229517,3.977813590563528,0.3333333333333333,0.3333333333333333,0.3333333333333333,0,1.0,0.0,4.0,4.0,9.0,0.6,0.9411764705882353,0.9411764705882353,1.588235294117647,0.8,1.8,0.75,1.1111111111111112,0.875,1.125,1.0,2.0,0.17647058823529413,0.4117647058823529,-0.3411764705882353,12.289596697550415,12.37033588345685,4.1808457906541685,12.3234466889063,2.1894196983969327,-0.0807391859064324,0.0,2.0,3.0,2.0,7.0,0.4,0.8235294117647058,0.8823529411764706,1.3529411764705883,0.4,1.4,1.0,0.6666666666666666,1.25,1.125,0.5555555555555556,1.5555555555555556,0.17647058823529413,0.35294117647058826,-0.4235294117647058,12.399126934901318,12.350307166820569,4.239178867422799,12.201756721470954,2.158890670394148,0.04881976808074908
ligue1-2023-2024-01-14-brest-v-montpellier,2024-01-14,2023,Brest,Montpellier,2,0,2,0.75,0.0,831.3163419387308,25,25,999,0,1.0,0,999,0,1.0,0,0,0,1556.799795990624,1485.4579811012372,71.3418148893868,0.3333333333333333,0.3333333333333333,0.3333333333333333,0,4.0,1.0,0.0,11.0,1.0,2.6,1.8235294117647058,1.4705882352941178,0.8823529411764706,2.2,0.2,1.875,1.7777777777777777,1.875,0.875,1.1111111111111112,0.8888888888888888,0.4117647058823529,0.29411764705882354,0.7764705882352942,12.289596697550415,12.37033588345685,4.1808457906541685,12.3234466889063,2.1894196983969327,-0.0807391859064324,1.0,3.0,1.0,3.0,4.0,1.2,1.1176470588235294,1.1176470588235294,1.2352941176470589,0.6,0.8,1.0,1.25,1.0,1.1111111111111112,1.25,1.375,0.35294117647058826,0.4117647058823529,0.08235294117647052,12.399126934901318,12.350307166820569,4.239178867422799,12.201756721470954,2.158890670394148,0.04881976808074908
ligue1-2023-2024-01-14-nantes-v-clermont,2024-01-14,2023,Nantes,Clermont,1,2,0,0.5,0.0,391.20862687717613,25,25,999,0,1.0,0,999,0,1.0,0,0,0,1452.9649470373301,1412.254378452265,40.710568585065175,0.3333333333333333,0.3333333333333333,0.3333333333333333,0,1.0,1.0,3.0,2.0,5.0,0.8,1.0588235294117647,1.1176470588235294,1.6470588235294117,0.4,1.0,1.3333333333333333,0.75,1.4444444444444444,1.3333333333333333,0.75,2.0,0.23529411764705882,0.35294117647058826,-0.2588235294117647,12.289596697550415,12.37033588345685,4.1808457906541685,12.3234466889063,2.1894196983969327,-0.0807391859064324,0.0,2.0,3.0,3.0,9.0,0.4,0.6470588235294118,0.6470588235294118,1.5294117647058822,0.6,1.8,0.5555555555555556,0.75,0.4444444444444444,1.4444444444444444,0.875,1.625,0.23529411764705882,0.5294117647058824,-0.24705882352941178,12.399126934901318,12.350307166820569,4.239178867422799,12.201756721470954,2.158890670394148,0.04881976808074908
ligue1-2023-2024-01-14-lille-v-lorient,2024-01-14,2023,Lille,Lorient,3,0,2,0.625,0.0,569.2045962354017,25,25,999,0,1.0,0,999,0,1.0,0,0,0,1545.6559752818143,1415.0546491023258,130.60132617948852,0.3333333333333333,0.3333333333333333,0.3333333333333333,0,2.0,2.0,1.0,6.0,3.0,1.6,1.6470588235294117,1.2352941176470589,0.8235294117647058,1.2,0.6,2.125,1.2222222222222223,1.375,0.5,1.1111111111111112,1.1111111111111112,0.5294117647058824,0.11764705882352941,-0.0470588235294116,12.289596697550415,12.37033588345685,4.1808457906541685,12.3234466889063,2.1894196983969327,-0.0807391859064324,0.0,1.0,4.0,6.0,14.0,0.2,0.7058823529411765,1.2352941176470589,2.0588235294117645,1.2,2.8,1.0,0.375,1.5555555555555556,1.8888888888888888,0.875,2.25,0.11764705882352941,0.4117647058823529,-0.5058823529411764,12.399126934901318,12.350307166820569,4.239178867422799,12.201756721470954,2.158890670394148,0.04881976808074908
ligue1-2023-2024-01-26-lyon-v-rennes,2024-01-26,2023,Lyon,Rennes,2,3,0,0.5714285714285714,0.0,566.0283882163013,12,13,999,0,1.0,0,999,0,1.0,0,0,0,1439.8890704235398,1496.8196123812988,-56.93054195775903,0.3333333333333333,0.3333333333333333,0.3333333333333333,0,3.0,0.0,2.0,6.0,6.0,1.8,0.8888888888888888,0.9444444444444444,1.6666666666666667,1.2,1.2,1.0,0.7777777777777778,1.2222222222222223,1.7777777777777777,0.6666666666666666,1.5555555555555556,0.3333333333333333,0.3333333333333333,0.9111111111111112,12.289596697550415,12.37033588345685,4.1808457906541685,12.3234466889063,2.1894196983969327,-0.0807391859064324,2.0,1.0,2.0,6.0,5.0,1.4,1.2222222222222223,1.3888888888888888,1.2222222222222223,1.2,1.0,1.5,0.875,2.0,1.4,0.625,1.0,0.2222222222222222,0.3333333333333333,0.1777777777777776,12.399126934901318,12.350307166820569,4.239178867422799,12.201756721470954,2.158890670394148,0.04881976808074908
ligue1-2023-2024-01-27-nice-v-metz,2024-01-27,2023,Nice,Metz,1,0,2,0.625,0.0,606.8470847117709,14,13,999,0,1.0,0,999,0,1.0,0,0,0,1551.291049380259,1436.5460136261227,114.74503575413632,0.3333333333333333,0.3333333333333333,0.3333333333333333,0,2.0,0.0,3.0,5.0,7.0,1.2,1.9444444444444444,1.0555555555555556,0.6111111111111112,1.0,1.4,2.3333333333333335,1.5555555555555556,1.2222222222222223,0.2222222222222222,0.8888888888888888,1.0,0.6111111111111112,0.2777777777777778,-0.7444444444444445,12.289596697550415,12.37033588345685,4.1808457906541685,12.3234466889063,2.1894196983969327,-0.0807391859064324,0.0,0.0,5.0,1.0,8.0,0.0,0.8888888888888888,0.8888888888888888,1.5555555555555556,0.2,1.6,0.6666666666666666,1.1111111111111112,0.7777777777777778,1.1111111111111112,1.0,2.0,0.16666666666666666,0.4444444444444444,-0.8888888888888888,12.399126934901318,12.350307166820569,4.239178867422799,12.201756721470954,2.158890670394148,0.04881976808074908
ligue1-2023-2024-01-27-marseille-v-monaco,2024-01-27,2023,Marseille,Monaco,2,2,1,0.35714285714285715,0.0,170.65760939507788,15,14,999,0,1.0,0,999,0,1.0,0,0,0,1532.7963083087175,1539.6229331011282,-6.826624792410712,0.3333333333333333,0.3333333333333333,0.3333333333333333,0,3.0,2.0,0.0,11.0,5.0,2.2,1.5555555555555556,1.4444444444444444,1.0555555555555556,2.2,1.0,2.3333333333333335,0.7777777777777778,1.6666666666666667,0.3333333333333333,1.2222222222222223,1.7777777777777777,0.3333333333333333,0.2777777777777778,0.6444444444444446,12.289596697550415,12.37033588345685,4.1808457906541685,12.3234466889063,2.1894196983969327,-0.0807391859064324,3.0,0.0,2.0,7.0,6.0,1.8,1.8333333333333333,1.8888888888888888,1.3888888888888888,1.4,1.2,2.0,1.6666666666666667,1.7777777777777777,0.8888888888888888,2.0,1.8888888888888888,0.2777777777777778,0.2222222222222222,-0.033333333333333215,12.399126934901318,12.350307166820569,4.239178867422799,12.201756721470954,2.158890670394148,0.04881976808074908
ligue1-2023-2024-01-28-paris-sg-v-brest,2024-01-28,2023,Paris SG,Brest,2,2,1,0.9285714285714286,0.0,497.76269074981866,14,14,999,0,1.0,0,999,0,1.0,0,0,0,1648.678282111589,1564.4829074478914,84.19537466369752,0.3333333333333333,0.3333333333333333,0.3333333333333333,0,4.0,1.0,0.0,10.0,3.0,2.6,2.388888888888889,2.4444444444444446,0.7777777777777778,2.0,0.6,2.4444444444444446,2.3333333333333335,2.7777777777777777,0.8888888888888888,2.111111111111111,0.6666666666666666,0.4444444444444444,0.1111111111111111,0.21111111111111125,12.289596697550415,12.37033588345685,4.1808457906541685,12.3234466889063,2.1894196983969327,-0.0807391859064324,4.0,1.0,0.0,10.0,1.0,2.6,1.8888888888888888,1.5,0.8333333333333334,2.0,0.2,2.0,1.7777777777777777,1.8888888888888888,0.7777777777777778,1.1111111111111112,0.8888888888888888,0.4444444444444444,0.2777777777777778,0.7111111111111112,12.399126934901318,12.350307166820569,4.239178867422799,12.201756721470954,2.158890670394148,0.04881976808074908
ligue1-2023-2024-01-28-toulouse-v-lens,2024-01-28,2023,Toulouse,Lens,0,2,0,0.25,0.0,768.8008670304964,14,14,999,0,1.0,0,999,0,1.0,0,0,0,1458.3811288103443,1518.0463311615697,-59.66520235122539,0.3333333333333333,0.3333333333333333,0.3333333333333333,0,1.0,2.0,2.0,3.0,6.0,1.0,0.9444444444444444,0.8888888888888888,1.2777777777777777,0.6,1.2,1.0,0.9,1.25,1.125,0.6,1.4,0.2222222222222222,0.3333333333333333,0.05555555555555558,12.289596697550415,12.37033588345685,4.1808457906541685,12.3234466889063,2.1894196983969327,-0.0807391859064324,2.0,1.0,2.0,5.0,6.0,1.4,1.4444444444444444,1.1666666666666667,1.0555555555555556,1.0,1.2,1.8888888888888888,1.0,1.5555555555555556,0.8888888888888888,0.7777777777777778,1.2222222222222223,0.4444444444444444,0.3888888888888889,-0.04444444444444451,12.399126934901318,12.350307166820569,4.239178867422799,12.201756721470954,2.158890670394148,0.04881976808074908
ligue1-2023-2024-01-28-clermont-v-strasbourg,2024-01-28,2023,Clermont,Strasbourg,1,1,1,0.5,0.0,467.12853126742556,14,16,999,0,1.0,0,999,0,1.0,0,0,0,1426.0965478431383,1498.05000351084,-71.95345566770175,0.3333333333333333,0.3333333333333333,0.3333333333333333,0,1.0,1.0,3.0,4.0,9.0,0.8,0.7777777777777778,0.7222222222222222,1.5,0.8,1.8,0.5555555555555556,1.0,0.4444444444444444,1.4444444444444444,1.0,1.5555555555555556,0.2222222222222222,0.5,0.022222222222222254,12.289596697550415,12.37033588345685,4.1808457906541685,12.3234466889063,2.1894196983969327,-0.0807391859064324,3.0,2.0,0.0,8.0,5.0,2.2,1.3333333333333333,1.0555555555555556,1.2777777777777777,1.6,1.0,1.6666666666666667,1.0,1.3333333333333333,1.0,0.7777777777777778,1.5555555555555556,0.16666666666666666,0.2777777777777778,0.8666666666666669,12.399126934901318,12.350307166820569,4.239178867422799,12.201756721470954,2.158890670394148,0.04881976808074908
ligue1-2023-2024-01-28-lorient-v-le-havre,2024-01-28,2023,Lorient,Le Havre,3,3,1,0.25,0.0,320.6626057493012,14,14,999,0,1.0,0,999,0,1.0,0,0,0,1407.7945219198018,1491.0940028094099,-83.29948088960805,0.3333333333333333,0.3333333333333333,0.3333333333333333,0,0.0,1.0,4.0,4.0,14.0,0.2,0.6666666666666666,1.1666666666666667,2.111111111111111,0.8,2.8,1.0,0.3333333333333333,1.5555555555555556,1.8888888888888888,0.7777777777777778,2.3333333333333335,0.1111111111111111,0.4444444444444444,-0.4666666666666666,12.289596697550415,12.37033588345685,4.1808457906541685,12.3234466889063,2.1894196983969327,-0.0807391859064324,2.0,0.0,3.0,7.0,7.0,1.2,1.2222222222222223,1.0555555555555556,1.1111111111111112,1.4,1.4,1.5555555555555556,0.8888888888888888,1.3333333333333333,1.0,0.7777777777777778,1.2222222222222223,0.3333333333333333,0.5,-0.022222222222222365,12.399126934901318,12.350307166820569,4.239178867422799,12.201756721470954,2.158890670394148,0.04881976808074908
ligue1-2023-2024-01-28-reims-v-nantes,2024-01-28,2023,Reims,Nantes,0,0,1,0.625,0.0,467.30789973273426,15,14,999,0,1.0,0,999,0,1.0,0,0,0,1520.5975374095842,1439.1227776464568,81.4747597631274,0.3333333333333333,0.3333333333333333,0.3333333333333333,0,3.0,0.0,2.0,7.0,6.0,1.8,1.6111111111111112,1.3888888888888888,1.3333333333333333,1.4,1.2,1.875,1.4,1.25,1.125,1.5,1.5,0.2777777777777778,0.1111111111111111,0.18888888888888888,12.289596697550415,12.37033588345685,4.1808457906541685,12.3234466889063,2.1894196983969327,-0.0807391859064324,1.0,0.0,4.0,3.0,7.0,0.6,1.0,1.1111111111111112,1.6666666666666667,0.6,1.4,1.2,0.75,1.4,1.4,0.75,2.0,0.2222222222222222,0.3333333333333333,-0.4,12.399126934901318,12.350307166820569,4.239178867422799,12.201756721470954,2.158890670394148,0.04881976808074908
ligue1-2023-2024-01-28-montpellier-v-lille,2024-01-28,2023,Montpellier,Lille,0,0,1,0.25,0.0,779.9283636877819,14,14,999,0,1.0,0,999,0,1.0,0,0,0,1477.7748696439699,1552.9161024643383,-75.14123282036849,0.3333333333333333,0.3333333333333333,0.3333333333333333,0,1.0,2.0,2.0,2.0,5.0,1.0,1.0555555555555556,1.0555555555555556,1.2777777777777777,0.4,1.0,1.0,1.1111111111111112,1.0,1.1111111111111112,1.1111111111111112,1.4444444444444444,0.3333333333333333,0.4444444444444444,-0.05555555555555558,12.289596697550415,12.37033588345685,4.1808457906541685,12.3234466889063,2.1894196983969327,-0.0807391859064324,2.0,2.0,1.0,7.0,3.0,1.6,1.7222222222222223,1.3333333333333333,0.7777777777777778,1.4,0.6,2.2222222222222223,1.2222222222222223,1.5555555555555556,0.4444444444444444,1.1111111111111112,1.1111111111111112,0.5555555555555556,0.1111111111111111,-0.12222222222222223,12.399126934901318,12.350307166820569,4.239178867422799,12.201756721470954,2.158890670394148,0.04881976808074908
ligue1-2023-2024-02-02-strasbourg-v-paris-sg,2024-02-02,2023,Strasbourg,Paris SG,1,2,0,0.25,0.0,404.8992067304394,5,5,999,0,1.0,0,999,0,1.0,0,0,0,1498.8554990532593,1643.8232719078721,-144.9677728546128,0.3333333333333333,0.3333333333333333,0.3333333333333333,0,3.0,2.0,0.0,8.0,5.0,2.2,1.3157894736842106,1.0526315789473684,1.263157894736842,1.6,1.0,1.6666666666666667,1.0,1.3333333333333333,1.0,0.8,1.5,0.15789473684210525,0.2631578947368421,0.8842105263157896,12.289596697550415,12.37033588345685,4.1808457906541685,12.3234466889063,2.1894196983969327,-0.0807391859064324,3.0,2.0,0.0,10.0,5.0,2.2,2.3157894736842106,2.4210526315789473,0.8421052631578947,2.0,1.0,2.3,2.3333333333333335,2.7,1.0,2.111111111111111,0.6666666666666666,0.42105263157894735,0.10526315789473684,-0.11578947368421044,12.399126934901318,12.350307166820569,4.239178867422799,12.201756721470954,2.158890670394148,0.04881976808074908
ligue1-2023-2024-02-03-rennes-v-montpellier,2024-02-03,2023,Rennes,Montpellier,2,1,2,0.875,0.0,653.737336719376,8,6,999,0,1.0,0,999,0,1.0,0,0,0,1508.0529399632376,1477.0605952555816,30.992344707656002,0.3333333333333333,0.3333333333333333,0.3333333333333333,0,3.0,1.0,1.0,9.0,5.0,2.0,1.3157894736842106,1.4736842105263157,1.263157894736842,1.8,1.0,1.5,1.1111111111111112,2.0,1.4,0.8888888888888888,1.1111111111111112,0.21052631578947367,0.3157894736842105,0.6842105263157894,12.289596697550415,12.37033588345685,4.1808457906541685,12.3234466889063,2.1894196983969327,-0.0807391859064324,1.0,3.0,1.0,2.0,3.0,1.2,1.0526315789473684,1.0,1.2105263157894737,0.4,0.6,1.0,1.1111111111111112,0.9,1.0,1.1111111111111112,1.4444444444444444,0.3684210526315789,0.47368421052631576,0.1473684210526316,12.399126934901318,12.350307166820569,4.239178867422799,12.201756721470954,2.158890670394148,0.04881976808074908
ligue1-2023-2024-02-03-nantes-v-lens,2024-02-03,2023,Nantes,Lens,0,1,0,0.16666666666666666,0.0,474.827116586979,6,6,999,0,1.0,0,999,0,1.0,0,0,0,1443.9177126040174,1533.8229317599162,-89.90521915589875,0.3333333333333333,0.3333333333333333,0.3333333333333333,0,0.0,1.0,4.0,2.0,7.0,0.2,1.0,1.0526315789473684,1.5789473684210527,0.4,1.4,1.2,0.7777777777777778,1.4,1.4,0.6666666666666666,1.7777777777777777,0.2631578947368421,0.3684210526315789,-0.8,12.289596697550415,12.37033588345685,4.1808457906541685,12.3234466889063,2.1894196983969327,-0.0807391859064324,2.0,1.0,2.0,4.0,4.0,1.4,1.5263157894736843,1.2105263157894737,1.0,0.8,0.8,1.8888888888888888,1.2,1.5555555555555556,0.8888888888888888,0.9,1.1,0.47368421052631576,0.3684210526315789,-0.12631578947368438,12.399126934901318,12.350307166820569,4.239178867422799,12.201756721470954,2.158890670394148,0.04881976808074908
ligue1-2023-2024-02-04-lille-v-clermont,2024-02-04,2023,Lille,Clermont,4,0,2,0.75,0.0,537.1834248921756,7,7,999,0,1.0,0,999,0,1.0,0,0,0,1553.6303768527266,1425.291052300719,128.3393245520076,0.3333333333333333,0.3333333333333333,0.3333333333333333,0,1.0,3.0,1.0,5.0,3.0,1.2,1.6842105263157894,1.263157894736842,0.7368421052631579,1.0,0.6,2.2222222222222223,1.2,1.5555555555555556,0.4444444444444444,1.0,1.0,0.5789473684210527,0.15789473684210525,-0.4842105263157894,12.289596697550415,12.37033588345685,4.1808457906541685,12.3234466889063,2.1894196983969327,-0.0807391859064324,1.0,2.0,2.0,5.0,7.0,1.0,0.7894736842105263,0.7368421052631579,1.4736842105263157,1.0,1.4,0.6,1.0,0.5,1.4,1.0,1.5555555555555556,0.21052631578947367,0.47368421052631576,0.21052631578947367,12.399126934901318,12.350307166820569,4.239178867422799,12.201756721470954,2.158890670394148,0.04881976808074908
ligue1-2023-2024-02-04-reims-v-toulouse,2024-02-04,2023,Reims,Toulouse,2,3,0,0.375,0.0,661.6741610962407,7,7,999,0,1.0,0,999,0,1.0,0,0,0,1515.8026024520236,1442.6045282119978,73.19807424002579,0.3333333333333333,0.3333333333333333,0.3333333333333333,0,2.0,1.0,2.0,5.0,5.0,1.4,1.5789473684210527,1.3157894736842106,1.263157894736842,1.0,1.0,1.7777777777777777,1.4,1.1111111111111112,1.0,1.5,1.5,0.3157894736842105,0.15789473684210525,-0.17894736842105274,12.289596697550415,12.37033588345685,4.1808457906541685,12.3234466889063,2.1894196983969327,-0.0807391859064324,1.0,1.0,3.0,2.0,7.0,0.8,0.8947368421052632,0.8421052631578947,1.3157894736842106,0.4,1.4,0.8888888888888888,0.9,1.1111111111111112,1.2222222222222223,0.6,1.4,0.21052631578947367,0.3684210526315789,-0.09473684210526312,12.399126934901318,12.350307166820569,4.239178867422799,12.201756721470954,2.158890670394148,0.04881976808074908
ligue1-2023-2024-02-04-lyon-v-marseille,2024-02-04,2023,Lyon,Marseille,1,0,2,0.3333333333333333,0.0,279.5953816441229,9,8,999,0,1.0,0,999,0,1.0,0,0,0,1428.655742841601,1530.177054137756,-101.52131129615486,0.3333333333333333,0.3333333333333333,0.3333333333333333,0,3.0,0.0,2.0,8.0,6.0,1.8,0.8421052631578947,1.0,1.736842105263158,1.6,1.2,0.9,0.7777777777777778,1.3,1.9,0.6666666666666666,1.5555555555555556,0.3157894736842105,0.3157894736842105,0.9578947368421054,12.289596697550415,12.37033588345685,4.1808457906541685,12.3234466889063,2.1894196983969327,-0.0807391859064324,2.0,3.0,0.0,10.0,7.0,1.8,1.5263157894736843,1.4736842105263157,1.105263157894737,2.0,1.4,2.2,0.7777777777777778,1.7,0.5,1.2222222222222223,1.7777777777777777,0.3157894736842105,0.2631578947368421,0.27368421052631575,12.399126934901318,12.350307166820569,4.239178867422799,12.201756721470954,2.158890670394148,0.04881976808074908
ligue1-2023-2024-02-04-metz-v-lorient,2024-02-04,2023,Metz,Lorient,1,2,0,0.375,0.0,719.08297103437,8,7,999,0,1.0,0,999,0,1.0,0,0,0,1432.0439527652804,1407.314212206579,24.72974055870145,0.3333333333333333,0.3333333333333333,0.3333333333333333,0,0.0,0.0,5.0,1.0,7.0,0.0,0.8421052631578947,0.8421052631578947,1.5263157894736843,0.2,1.4,0.6666666666666666,1.0,0.7777777777777778,1.1111111111111112,0.9,1.9,0.15789473684210525,0.47368421052631576,-0.8421052631578947,12.289596697550415,12.37033588345685,4.1808457906541685,12.3234466889063,2.1894196983969327,-0.0807391859064324,0.0,1.0,4.0,6.0,16.0,0.2,0.6842105263157895,1.263157894736842,2.1578947368421053,1.2,3.2,1.0,0.3333333333333333,1.7,2.0,0.7777777777777778,2.3333333333333335,0.10526315789473684,0.42105263157894735,-0.4842105263157895,12.399126934901318,12.350307166820569,4.239178867422799,12.201756721470954,2.158890670394148,0.04881976808074908
ligue1-2023-2024-02-04-brest-v-nice,2024-02-04,2023,Brest,Nice,0,0,1,0.4166666666666667,0.0,1044.4207383793846,7,8,999,0,1.0,0,999,0,1.0,0,0,0,1569.3379176516082,1555.7931102411012,13.544807410507019,0.3333333333333333,0.3333333333333333,0.3333333333333333,0,4.0,1.0,0.0,11.0,2.0,2.6,1.8421052631578947,1.5263157894736843,0.8947368421052632,2.2,0.4,2.0,1.7,1.8888888888888888,0.7777777777777778,1.2,1.0,0.42105263157894735,0.2631578947368421,0.7578947368421054,12.289596697550415,12.37033588345685,4.1808457906541685,12.3234466889063,2.1894196983969327,-0.0807391859064324,3.0,0.0,2.0,6.0,6.0,1.8,2.0,1.0526315789473684,0.5789473684210527,1.2,1.2,2.4,1.5555555555555556,1.2,0.2,0.8888888888888888,1.0,0.631578947368421,0.2631578947368421,-0.19999999999999996,12.399126934901318,12.350307166820569,4.239178867422799,12.201756721470954,2.158890670394148,0.04881976808074908
ligue1-2023-2024-02-04-monaco-v-le-havre,2024-02-04,2023,Monaco,Le Havre,1,1,1,0.7142857142857143,0.0,849.3032279621074,8,7,999,0,1.0,0,999,0,1.0,0,0,0,1542.2421872720897,1491.5743125226327,50.66787474945704,0.3333333333333333,0.3333333333333333,0.3333333333333333,0,2.0,1.0,2.0,7.0,8.0,1.4,1.7894736842105263,1.894736842105263,1.4210526315789473,1.4,1.6,2.0,1.6,1.7777777777777777,0.8888888888888888,2.0,1.9,0.2631578947368421,0.21052631578947367,-0.3894736842105264,12.289596697550415,12.37033588345685,4.1808457906541685,12.3234466889063,2.1894196983969327,-0.0807391859064324,2.0,1.0,2.0,10.0,8.0,1.4,1.2105263157894737,1.1578947368421053,1.2105263157894737,2.0,1.6,1.5555555555555556,0.9,1.3333333333333333,1.0,1.0,1.4,0.3157894736842105,0.47368421052631576,0.18947368421052624,12.399126934901318,12.350307166820569,4.239178867422799,12.201756721470954,2.158890670394148,0.04881976808074908
ligue1-2023-2024-02-09-marseille-v-metz,2024-02-09,2023,Marseille,Metz,1,1,1,0.75,0.0,651.9782095988006,5,5,999,0,1.0,0,999,0,1.0,0,0,0,1520.1332675586898,1418.6006144664993,101.53265309219046,0.3333333333333333,0.3333333333333333,0.3333333333333333,0,1.0,3.0,1.0,6.0,6.0,1.2,1.45,1.4,1.1,1.2,1.2,2.2,0.7,1.7,0.5,1.1,1.7,0.3,0.3,-0.25,12.289596697550415,12.37033588345685,4.1808457906541685,12.3234466889063,2.1894196983969327,-0.0807391859064324,0.0,0.0,5.0,2.0,8.0,0.0,0.8,0.85,1.55,0.4,1.6,0.6,1.0,0.8,1.2,0.9,1.9,0.15,0.45,-0.8,12.399126934901318,12.350307166820569,4.239178867422799,12.201756721470954,2.158890670394148,0.04881976808074908
ligue1-2023-2024-02-10-lens-v-strasbourg,2024-02-10,2023,Lens,Strasbourg,3,1,2,0.5714285714285714,0.0,413.0470096073049,7,8,999,0,1.0,0,999,0,1.0,0,0,0,1544.11340117506,1490.1425966634963,53.970804511563756,0.3333333333333333,0.3333333333333333,0.3333333333333333,0,3.0,0.0,2.0,5.0,4.0,1.8,1.6,1.2,0.95,1.0,0.8,1.8888888888888888,1.3636363636363635,1.5555555555555556,0.8888888888888888,0.9090909090909091,1.0,0.5,0.35,0.19999999999999996,12.289596697550415,12.37033588345685,4.1808457906541685,12.3234466889063,2.1894196983969327,-0.0807391859064324,2.0,2.0,1.0,7.0,6.0,1.6,1.25,1.05,1.3,1.4,1.2,1.5,1.0,1.3,1.1,0.8,1.5,0.15,0.25,0.3500000000000001,12.399126934901318,12.350307166820569,4.239178867422799,12.201756721470954,2.158890670394148,0.04881976808074908
ligue1-2023-2024-02-10-paris-sg-v-lille,2024-02-10,2023,Paris SG,Lille,3,1,2,0.7857142857142857,0.0,206.76603215117404,8,6,999,0,1.0,0,999,0,1.0,0,0,0,1652.5361742976352,1562.1002576965668,90.43591660106836,0.3333333333333333,0.3333333333333333,0.3333333333333333,0,3.0,2.0,0.0,10.0,5.0,2.2,2.35,2.4,0.85,2.0,1.0,2.3,2.4,2.7,1.0,2.1,0.7,0.4,0.1,-0.1499999999999999,12.289596697550415,12.37033588345685,4.1808457906541685,12.3234466889063,2.1894196983969327,-0.0807391859064324,2.0,2.0,1.0,9.0,3.0,1.6,1.75,1.4,0.7,1.8,0.6,2.3,1.2,1.8,0.4,1.0,1.0,0.6,0.15,-0.1499999999999999,12.399126934901318,12.350307166820569,4.239178867422799,12.201756721470954,2.158890670394148,0.04881976808074908
ligue1-2023-2024-02-11-clermont-v-brest,2024-02-11,2023,Clermont,Brest,1,1,1,0.25,0.0,644.285270585019,7,7,999,0,1.0,0,999,0,1.0,0,0,0,1416.8211714568788,1566.1814184803152,-149.3602470234364,0.3333333333333333,0.3333333333333333,0.3333333333333333,0,1.0,1.0,3.0,5.0,11.0,0.8,0.75,0.7,1.6,1.0,2.2,0.6,0.9,0.5,1.4,0.9,1.8,0.2,0.5,0.050000000000000044,12.289596697550415,12.37033588345685,4.1808457906541685,12.3234466889063,2.1894196983969327,-0.0807391859064324,3.0,2.0,0.0,10.0,2.0,2.2,1.8,1.45,0.85,2.0,0.4,1.9,1.7,1.7,0.7,1.2,1.0,0.45,0.3,0.40000000000000013,12.399126934901318,12.350307166820569,4.239178867422799,12.201756721470954,2.158890670394148,0.04881976808074908
ligue1-2023-2024-02-11-montpellier-v-lyon,2024-02-11,2023,Montpellier,Lyon,1,2,0,0.25,0.0,256.753910594718,8,7,999,0,1.0,0,999,0,1.0,0,0,0,1470.6618170098861,1438.6995294206672,31.96228758921893,0.3333333333333333,0.3333333333333333,0.3333333333333333,0,1.0,2.0,2.0,3.0,5.0,1.0,1.0,1.0,1.25,0.6,1.0,1.0,1.0,0.9,1.0,1.1,1.5,0.35,0.45,0.0,12.289596697550415,12.37033588345685,4.1808457906541685,12.3234466889063,2.1894196983969327,-0.0807391859064324,3.0,0.0,2.0,6.0,6.0,1.8,0.95,1.0,1.65,1.2,1.2,1.0909090909090908,0.7777777777777778,1.2727272727272727,1.7272727272727273,0.6666666666666666,1.5555555555555556,0.35,0.3,0.8500000000000001,12.399126934901318,12.350307166820569,4.239178867422799,12.201756721470954,2.158890670394148,0.04881976808074908
ligue1-2023-2024-02-11-nice-v-monaco,2024-02-11,2023,Nice,Monaco,2,3,0,0.5,0.0,12.293477051345318,7,7,999,0,1.0,0,999,0,1.0,0,0,0,1558.9496094123942,1538.1584574457709,20.791151966623374,0.3333333333333333,0.3333333333333333,0.3333333333333333,0,2.0,1.0,2.0,4.0,5.0,1.4,1.95,1.0,0.55,0.8,1.0,2.4,1.5,1.2,0.2,0.8,0.9,0.65,0.3,-0.55,12.289596697550415,12.37033588345685,4.1808457906541685,12.3234466889063,2.1894196983969327,-0.0807391859064324,1.0,2.0,2.0,6.0,8.0,1.0,1.75,1.85,1.4,1.2,1.6,1.9,1.6,1.7,0.9,2.0,1.9,0.25,0.2,-0.75,12.399126934901318,12.350307166820569,4.239178867422799,12.201756721470954,2.158890670394148,0.04881976808074908
ligue1-2023-2024-02-11-le-havre-v-rennes,2024-02-11,2023,Le Havre,Rennes,0,1,0,0.25,0.0,200.52418203135207,7,8,999,0,1.0,0,999,0,1.0,0,0,0,1495.6580423489515,1514.451718208933,-18.793675859981477,0.3333333333333333,0.3333333333333333,0.3333333333333333,0,2.0,2.0,1.0,10.0,7.0,1.6,1.2,1.15,1.2,2.0,1.4,1.5555555555555556,0.9090909090909091,1.3333333333333333,1.0,1.0,1.3636363636363635,0.3,0.45,0.40000000000000013,12.289596697550415,12.37033588345685,4.1808457906541685,12.3234466889063,2.1894196983969327,-0.0807391859064324,4.0,1.0,0.0,10.0,4.0,2.6,1.4,1.5,1.25,2.0,0.8,1.6363636363636365,1.1111111111111112,2.0,1.3636363636363635,0.8888888888888888,1.1111111111111112,0.2,0.3,1.2000000000000002,12.399126934901318,12.350307166820569,4.239178867422799,12.201756721470954,2.158890670394148,0.04881976808074908
ligue1-2023-2024-02-11-toulouse-v-nantes,2024-02-11,2023,Toulouse,Nantes,1,2,0,0.5,0.0,469.10735603864345,7,8,999,0,1.0,0,999,0,1.0,0,0,0,1457.2139274186482,1433.6272431888735,23.58668422977462,0.3333333333333333,0.3333333333333333,0.3333333333333333,0,2.0,1.0,2.0,5.0,6.0,1.4,1.0,0.95,1.35,1.0,1.2,0.8888888888888888,1.0909090909090908,1.1111111111111112,1.2222222222222223,0.8181818181818182,1.4545454545454546,0.2,0.35,0.3999999999999999,12.289596697550415,12.37033588345685,4.1808457906541685,12.3234466889063,2.1894196983969327,-0.0807391859064324,0.0,1.0,4.0,1.0,6.0,0.2,0.95,1.0,1.55,0.2,1.2,1.0909090909090908,0.7777777777777778,1.2727272727272727,1.3636363636363635,0.6666666666666666,1.7777777777777777,0.25,0.4,-0.75,12.399126934901318,12.350307166820569,4.239178867422799,12.201756721470954,2.158890670394148,0.04881976808074908
ligue1-2023-2024-02-11-lorient-v-reims,2024-02-11,2023,Lorient,Reims,2,0,2,0.5,0.0,569.685118173187,7,7,999,0,1.0,0,999,0,1.0,0,0,0,1420.75755050536,1501.1932032453733,-80.43565274001321,0.3333333333333333,0.3333333333333333,0.3333333333333333,0,1.0,1.0,3.0,6.0,13.0,0.8,0.8,1.3,2.1,1.2,2.6,1.0,0.6,1.7,2.0,0.9,2.2,0.1,0.4,0.0,12.289596697550415,12.37033588345685,4.1808457906541685,12.3234466889063,2.1894196983969327,-0.0807391859064324,2.0,1.0,2.0,6.0,6.0,1.4,1.5,1.35,1.35,1.2,1.2,1.6,1.4,1.2,1.2,1.5,1.5,0.3,0.15,-0.10000000000000009,12.399126934901318,12.350307166820569,4.239178867422799,12.201756721470954,2.158890670394148,0.04881976808074908
ligue1-2023-2024-02-16-lyon-v-nice,2024-02-16,2023,Lyon,Nice,1,0,2,0.75,0.0,291.8624197335015,5,5,999,0,1.0,0,999,0,1.0,0,0,0,1452.3250233845088,1545.6065792362733,-93.28155585176455,0.3333333333333333,0.3333333333333333,0.3333333333333333,0,3.0,0.0,2.0,7.0,7.0,1.8,1.0476190476190477,1.0476190476190477,1.619047619047619,1.4,1.4,1.0909090909090908,1.0,1.2727272727272727,1.7272727272727273,0.8,1.5,0.3333333333333333,0.2857142857142857,0.7523809523809524,12.289596697550415,12.37033588345685,4.1808457906541685,12.3234466889063,2.1894196983969327,-0.0807391859064324,2.0,1.0,2.0,5.0,5.0,1.4,1.8571428571428572,1.0476190476190477,0.6666666666666666,1.0,1.0,2.1818181818181817,1.5,1.2727272727272727,0.45454545454545453,0.8,0.9,0.6190476190476191,0.2857142857142857,-0.4571428571428573,12.399126934901318,12.350307166820569,4.239178867422799,12.201756721470954,2.158890670394148,0.04881976808074908
ligue1-2023-2024-02-17-lille-v-le-havre,2024-02-17,2023,Lille,Le Havre,3,0,2,0.75,0.0,249.04377134052066,7,6,999,0,1.0,0,999,0,1.0,0,0,0,1555.0165868991724,1483.3623888360175,71.65419806315481,0.3333333333333333,0.3333333333333333,0.3333333333333333,0,2.0,1.0,2.0,9.0,5.0,1.4,1.6666666666666667,1.380952380952381,0.8095238095238095,1.8,1.0,2.3,1.0909090909090908,1.8,0.4,1.0,1.1818181818181819,0.5714285714285714,0.14285714285714285,-0.26666666666666683,12.289596697550415,12.37033588345685,4.1808457906541685,12.3234466889063,2.1894196983969327,-0.0807391859064324,1.0,2.0,2.0,7.0,7.0,1.0,1.1428571428571428,1.0952380952380953,1.1904761904761905,1.4,1.4,1.4,0.9090909090909091,1.2,1.0,1.0,1.3636363636363635,0.2857142857142857,0.47619047619047616,-0.1428571428571428,12.399126934901318,12.350307166820569,4.239178867422799,12.201756721470954,2.158890670394148,0.04881976808074908
ligue1-2023-2024-02-17-nantes-v-paris-sg,2024-02-17,2023,Nantes,Paris SG,0,2,0,0.16666666666666666,0.0,331.4965700309614,6,7,999,0,1.0,0,999,0,1.0,0,0,0,1447.0415496892344,1659.6198450950296,-212.5782954057952,0.3333333333333333,0.3333333333333333,0.3333333333333333,0,1.0,1.0,3.0,3.0,5.0,0.8,1.0476190476190477,1.0476190476190477,1.5238095238095237,0.6,1.0,1.0909090909090908,1.0,1.2727272727272727,1.3636363636363635,0.8,1.7,0.23809523809523808,0.38095238095238093,-0.24761904761904763,12.289596697550415,12.37033588345685,4.1808457906541685,12.3234466889063,2.1894196983969327,-0.0807391859064324,4.0,1.0,0.0,12.0,5.0,2.6,2.380952380952381,2.4285714285714284,0.8571428571428571,2.4,1.0,2.3636363636363638,2.4,2.727272727272727,1.0,2.1,0.7,0.38095238095238093,0.09523809523809523,0.21904761904761916,12.399126934901318,12.350307166820569,4.239178867422799,12.201756721470954,2.158890670394148,0.04881976808074908
ligue1-2023-2024-02-18-reims-v-lens,2024-02-18,2023,Reims,Lens,1,1,1,0.375,0.0,156.72624768390958,7,8,999,0,1.0,0,999,0,1.0,0,0,0,1487.8465807794812,1552.3686846394737,-64.52210385999251,0.3333333333333333,0.3333333333333333,0.3333333333333333,0,2.0,1.0,2.0,6.0,6.0,1.4,1.4285714285714286,1.2857142857142858,1.380952380952381,1.2,1.2,1.6,1.2727272727272727,1.2,1.2,1.3636363636363635,1.5454545454545454,0.2857142857142857,0.19047619047619047,-0.028571428571428692,12.289596697550415,12.37033588345685,4.1808457906541685,12.3234466889063,2.1894196983969327,-0.0807391859064324,3.0,0.0,2.0,6.0,5.0,1.8,1.6666666666666667,1.2857142857142858,0.9523809523809523,1.2,1.0,2.0,1.3636363636363635,1.7,0.9,0.9090909090909091,1.0,0.47619047619047616,0.3333333333333333,0.1333333333333333,12.399126934901318,12.350307166820569,4.239178867422799,12.201756721470954,2.158890670394148,0.04881976808074908
ligue1-2023-2024-02-18-rennes-v-clermont,2024-02-18,2023,Rennes,Clermont,3,1,2,1.0,0.0,444.3022237856693,7,7,999,0,1.0,0,999,0,1.0,0,0,0,1526.747371721867,1418.232391657041,108.51498006482598,0.3333333333333333,0.3333333333333333,0.3333333333333333,0,5.0,0.0,0.0,11.0,4.0,3.0,1.4761904761904763,1.4761904761904763,1.1904761904761905,2.2,0.8,1.6363636363636365,1.3,2.0,1.3636363636363635,0.9,1.0,0.23809523809523808,0.2857142857142857,1.5238095238095237,12.289596697550415,12.37033588345685,4.1808457906541685,12.3234466889063,2.1894196983969327,-0.0807391859064324,1.0,2.0,2.0,5.0,10.0,1.0,0.7619047619047619,0.7142857142857143,1.5714285714285714,1.0,2.0,0.6363636363636364,0.9,0.5454545454545454,1.3636363636363635,0.9,1.8,0.19047619047619047,0.47619047619047616,0.23809523809523814,12.399126934901318,12.350307166820569,4.239178867422799,12.201756721470954,2.158890670394148,0.04881976808074908
ligue1-2023-2024-02-18-brest-v-marseille,2024-02-18,2023,Brest,Marseille,1,0,2,0.3333333333333333,0.0,952.9448024767538,7,9,999,0,1.0,0,999,0,1.0,0,0,0,1564.770198280153,1514.906194600538,49.86400367961505,0.3333333333333333,0.3333333333333333,0.3333333333333333,0,2.0,3.0,0.0,9.0,3.0,1.8,1.7619047619047619,1.4285714285714286,0.8571428571428571,1.8,0.6,1.9,1.6363636363636365,1.7,0.7,1.1818181818181819,1.0,0.42857142857142855,0.2857142857142857,0.03809523809523818,12.289596697550415,12.37033588345685,4.1808457906541685,12.3234466889063,2.1894196983969327,-0.0807391859064324,0.0,4.0,1.0,5.0,6.0,0.8,1.4285714285714286,1.380952380952381,1.0952380952380953,1.0,1.2,2.090909090909091,0.7,1.6363636363636365,0.5454545454545454,1.1,1.7,0.2857142857142857,0.2857142857142857,-0.6285714285714286,12.399126934901318,12.350307166820569,4.239178867422799,12.201756721470954,2.158890670394148,0.04881976808074908
ligue1-2023-2024-02-18-montpellier-v-metz,2024-02-18,2023,Montpellier,Metz,3,0,2,1.0,0.0,637.2465048196078,7,9,999,0,1.0,0,999,0,1.0,0,0,0,1457.0363230460446,1423.8276874246512,33.20863562139334,0.3333333333333333,0.3333333333333333,0.3333333333333333,0,0.0,2.0,3.0,3.0,7.0,0.4,0.9523809523809523,1.0,1.2857142857142858,0.6,1.4,0.9090909090909091,1.0,0.9090909090909091,1.0909090909090908,1.1,1.5,0.3333333333333333,0.42857142857142855,-0.5523809523809523,12.289596697550415,12.37033588345685,4.1808457906541685,12.3234466889063,2.1894196983969327,-0.0807391859064324,0.0,1.0,4.0,3.0,8.0,0.2,0.8095238095238095,0.8571428571428571,1.5238095238095237,0.6,1.6,0.6,1.0,0.8,1.2,0.9090909090909091,1.8181818181818181,0.14285714285714285,0.42857142857142855,-0.6095238095238096,12.399126934901318,12.350307166820569,4.239178867422799,12.201756721470954,2.158890670394148,0.04881976808074908
ligue1-2023-2024-02-18-strasbourg-v-lorient,2024-02-18,2023,Strasbourg,Lorient,1,3,0,0.625,0.0,829.1514160284663,8,7,999,0,1.0,0,999,0,1.0,0,0,0,1481.8873131990827,1434.1041729712522,47.78314022783047,0.3333333333333333,0.3333333333333333,0.3333333333333333,0,1.0,2.0,2.0,6.0,8.0,1.0,1.1904761904761905,1.0476190476190477,1.380952380952381,1.2,1.6,1.5,0.9090909090909091,1.3,1.1,0.8181818181818182,1.6363636363636365,0.14285714285714285,0.23809523809523808,-0.19047619047619047,12.289596697550415,12.37033588345685,4.1808457906541685,12.3234466889063,2.1894196983969327,-0.0807391859064324,2.0,1.0,2.0,7.0,11.0,1.4,0.9047619047619048,1.3333333333333333,2.0,1.4,2.2,1.1818181818181819,0.6,1.7272727272727273,1.8181818181818181,0.9,2.2,0.14285714285714285,0.38095238095238093,0.49523809523809514,12.399126934901318,12.350307166820569,4.239178867422799,12.201756721470954,2.158890670394148,0.04881976808074908
ligue1-2023-2024-02-18-monaco-v-toulouse,2024-02-18,2023,Monaco,Toulouse,1,2,0,0.6666666666666666,0.0,481.3364476327756,7,7,999,0,1.0,0,999,0,1.0,0,0,0,1551.5014876218916,1443.7996209182872,107.70186670360431,0.3333333333333333,0.3333333333333333,0.3333333333333333,0,2.0,2.0,1.0,9.0,9.0,1.6,1.8095238095238095,1.9047619047619047,1.4285714285714286,1.8,1.8,1.9,1.7272727272727273,1.7,0.9,2.090909090909091,1.9090909090909092,0.23809523809523808,0.19047619047619047,-0.20952380952380945,12.289596697550415,12.37033588345685,4.1808457906541685,12.3234466889063,2.1894196983969327,-0.0807391859064324,2.0,0.0,3.0,6.0,8.0,1.2,0.9523809523809523,0.9523809523809523,1.380952380952381,1.2,1.6,0.8,1.0909090909090908,1.1,1.3,0.8181818181818182,1.4545454545454546,0.19047619047619047,0.3333333333333333,0.24761904761904763,12.399126934901318,12.350307166820569,4.239178867422799,12.201756721470954,2.158890670394148,0.04881976808074908
ligue1-2023-2024-02-23-metz-v-lyon,2024-02-23,2023,Metz,Lyon,1,2,0,0.125,0.0,382.19091774610337,5,7,999,0,1.0,0,999,0,1.0,0,0,0,1412.8406152951218,1462.1316751166003,-49.291059821478484,0.3333333333333333,0.3333333333333333,0.3333333333333333,0,0.0,1.0,4.0,2.0,8.0,0.2,0.7727272727272727,0.8181818181818182,1.5909090909090908,0.4,1.6,0.6,0.9166666666666666,0.8,1.2,0.8333333333333334,1.9166666666666667,0.13636363636363635,0.45454545454545453,-0.5727272727272728,12.289596697550415,12.37033588345685,4.1808457906541685,12.3234466889063,2.1894196983969327,-0.0807391859064324,3.0,0.0,2.0,7.0,7.0,1.8,1.1363636363636365,1.0454545454545454,1.5454545454545454,1.4,1.4,1.25,1.0,1.25,1.5833333333333333,0.8,1.5,0.36363636363636365,0.2727272727272727,0.6636363636363636,12.399126934901318,12.350307166820569,4.239178867422799,12.201756721470954,2.158890670394148,0.04881976808074908
ligue1-2023-2024-02-24-lorient-v-nantes,2024-02-24,2023,Lorient,Nantes,0,1,0,0.375,0.0,148.7176825787002,6,7,999,0,1.0,0,999,0,1.0,0,0,0,1453.9234050413204,1437.3279254910099,16.59547955031053,0.3333333333333333,0.3333333333333333,0.3333333333333333,0,3.0,1.0,1.0,10.0,8.0,2.0,1.0,1.4090909090909092,1.9545454545454546,2.0,1.6,1.1818181818181819,0.8181818181818182,1.7272727272727273,1.8181818181818181,1.0909090909090908,2.090909090909091,0.13636363636363635,0.36363636363636365,1.0,12.289596697550415,12.37033588345685,4.1808457906541685,12.3234466889063,2.1894196983969327,-0.0807391859064324,1.0,1.0,3.0,3.0,6.0,0.8,1.0,1.0,1.5454545454545454,0.6,1.2,1.0,1.0,1.1666666666666667,1.4166666666666667,0.8,1.7,0.22727272727272727,0.4090909090909091,-0.19999999999999996,12.399126934901318,12.350307166820569,4.239178867422799,12.201756721470954,2.158890670394148,0.04881976808074908
ligue1-2023-2024-02-24-strasbourg-v-brest,2024-02-24,2023,Strasbourg,Brest,0,3,0,0.3333333333333333,0.0,901.5945093265977,6,6,999,0,1.0,0,999,0,1.0,0,0,0,1462.0680811290144,1570.705765354086,-108.63768422507155,0.3333333333333333,0.3333333333333333,0.3333333333333333,0,0.0,2.0,3.0,5.0,10.0,0.4,1.1363636363636365,1.0454545454545454,1.4545454545454546,1.0,2.0,1.3636363636363635,0.9090909090909091,1.2727272727272727,1.2727272727272727,0.8181818181818182,1.6363636363636365,0.13636363636363635,0.22727272727272727,-0.7363636363636364,12.289596697550415,12.37033588345685,4.1808457906541685,12.3234466889063,2.1894196983969327,-0.0807391859064324,2.0,3.0,0.0,6.0,3.0,1.8,1.8181818181818181,1.4090909090909092,0.8181818181818182,1.2,0.6,2.0,1.6363636363636365,1.6363636363636365,0.6363636363636364,1.1818181818181819,1.0,0.45454545454545453,0.2727272727272727,-0.018181818181818077,12.399126934901318,12.350307166820569,4.239178867422799,12.201756721470954,2.158890670394148,0.04881976808074908
ligue1-2023-2024-02-25-paris-sg-v-rennes,2024-02-25,2023,Paris SG,Rennes,1,1,1,0.7142857142857143,0.0,298.53722794303593,8,7,999,0,1.0,0,999,0,1.0,0,0,0,1669.3334692932542,1533.292926341865,136.04054295138917,0.3333333333333333,0.3333333333333333,0.3333333333333333,0,4.0,1.0,0.0,11.0,4.0,2.6,2.409090909090909,2.409090909090909,0.8181818181818182,2.2,0.8,2.3636363636363638,2.4545454545454546,2.727272727272727,1.0,2.090909090909091,0.6363636363636364,0.4090909090909091,0.09090909090909091,0.19090909090909092,12.289596697550415,12.37033588345685,4.1808457906541685,12.3234466889063,2.1894196983969327,-0.0807391859064324,5.0,0.0,0.0,11.0,4.0,3.0,1.5454545454545454,1.5454545454545454,1.1818181818181819,2.2,0.8,1.75,1.3,2.0833333333333335,1.3333333333333333,0.9,1.0,0.22727272727272727,0.2727272727272727,1.4545454545454546,12.399126934901318,12.350307166820569,4.239178867422799,12.201756721470954,2.158890670394148,0.04881976808074908
ligue1-2023-2024-02-25-nice-v-clermont,2024-02-25,2023,Nice,Clermont,0,0,1,0.75,0.0,400.8091758304146,9,7,999,0,1.0,0,999,0,1.0,0,0,0,1535.7999275041818,1411.686837037043,124.11309046713882,0.3333333333333333,0.3333333333333333,0.3333333333333333,0,1.0,1.0,3.0,3.0,6.0,0.8,1.7727272727272727,1.0,0.6818181818181818,0.6,1.2,2.1818181818181817,1.3636363636363635,1.2727272727272727,0.45454545454545453,0.7272727272727273,0.9090909090909091,0.5909090909090909,0.3181818181818182,-0.9727272727272727,12.289596697550415,12.37033588345685,4.1808457906541685,12.3234466889063,2.1894196983969327,-0.0807391859064324,1.0,2.0,2.0,5.0,10.0,1.0,0.7272727272727273,0.7272727272727273,1.6363636363636365,1.0,2.0,0.6363636363636364,0.8181818181818182,0.5454545454545454,1.3636363636363635,0.9090909090909091,1.9090909090909092,0.18181818181818182,0.45454545454545453,0.2727272727272727,12.399126934901318,12.350307166820569,4.239178867422799,12.201756721470954,2.158890670394148,0.04881976808074908
ligue1-2023-2024-02-25-toulouse-v-lille,2024-02-25,2023,Toulouse,Lille,3,1,2,0.21428571428571427,0.0,792.0037973750112,7,8,999,0,1.0,0,999,0,1.0,0,0,0,1459.1545434368904,1564.4141187168239,-105.25957527993342,0.3333333333333333,0.3333333333333333,0.3333333333333333,0,3.0,0.0,2.0,7.0,7.0,1.8,1.0454545454545454,1.0,1.3636363636363635,1.4,1.4,0.8,1.25,1.1,1.3,0.9166666666666666,1.4166666666666667,0.18181818181818182,0.3181818181818182,0.7545454545454546,12.289596697550415,12.37033588345685,4.1808457906541685,12.3234466889063,2.1894196983969327,-0.0807391859064324,3.0,1.0,1.0,11.0,3.0,2.0,1.7272727272727273,1.4545454545454546,0.7727272727272727,2.2,0.6,2.3636363636363638,1.0909090909090908,1.9090909090909092,0.36363636363636365,1.0,1.1818181818181819,0.5909090909090909,0.13636363636363635,0.2727272727272727,12.399126934901318,12.350307166820569,4.239178867422799,12.201756721470954,2.158890670394148,0.04881976808074908
ligue1-2023-2024-02-25-le-havre-v-reims,2024-02-25,2023,Le Havre,Reims,1,2,0,0.125,0.0,284.88044882027987,8,7,999,0,1.0,0,999,0,1.0,0,0,0,1473.964857018366,1486.8289792951114,-12.86412227674532,0.3333333333333333,0.3333333333333333,0.3333333333333333,0,1.0,2.0,2.0,7.0,9.0,1.0,1.0909090909090908,1.0454545454545454,1.2727272727272727,1.4,1.8,1.4,0.8333333333333334,1.2,1.0,0.9166666666666666,1.5,0.2727272727272727,0.5,-0.09090909090909083,12.289596697550415,12.37033588345685,4.1808457906541685,12.3234466889063,2.1894196983969327,-0.0807391859064324,1.0,2.0,2.0,6.0,7.0,1.0,1.4090909090909092,1.2727272727272727,1.3636363636363635,1.2,1.4,1.5454545454545454,1.2727272727272727,1.1818181818181819,1.1818181818181819,1.3636363636363635,1.5454545454545454,0.2727272727272727,0.18181818181818182,-0.40909090909090917,12.399126934901318,12.350307166820569,4.239178867422799,12.201756721470954,2.158890670394148,0.04881976808074908
ligue1-2023-2024-02-25-lens-v-monaco,2024-02-25,2023,Lens,Monaco,2,3,0,0.35714285714285715,0.0,822.5469199461746,7,7,999,0,1.0,0,999,0,1.0,0,0,0,1553.3862861238435,1536.1465651032884,17.23972102055518,0.3333333333333333,0.3333333333333333,0.3333333333333333,0,3.0,1.0,1.0,7.0,4.0,2.0,1.6363636363636365,1.2727272727272727,0.9545454545454546,1.4,0.8,2.0,1.3333333333333333,1.7,0.9,0.9166666666666666,1.0,0.45454545454545453,0.3181818181818182,0.36363636363636354,12.289596697550415,12.37033588345685,4.1808457906541685,12.3234466889063,2.1894196983969327,-0.0807391859064324,1.0,2.0,2.0,8.0,10.0,1.0,1.7272727272727273,1.8636363636363635,1.4545454545454546,1.6,2.0,1.7272727272727273,1.7272727272727273,1.6363636363636365,1.0,2.090909090909091,1.9090909090909092,0.22727272727272727,0.18181818181818182,-0.7272727272727273,12.399126934901318,12.350307166820569,4.239178867422799,12.201756721470954,2.158890670394148,0.04881976808074908
ligue1-2023-2024-02-25-marseille-v-montpellier,2024-02-25,2023,Marseille,Montpellier,4,1,2,0.875,0.0,133.8691695133372,7,7,999,0,1.0,0,999,0,1.0,0,0,0,1508.9706275266049,1468.023395175574,40.947232351030834,0.3333333333333333,0.3333333333333333,0.3333333333333333,0,0.0,3.0,2.0,4.0,6.0,0.6,1.3636363636363635,1.3181818181818181,1.0909090909090908,0.8,1.2,2.090909090909091,0.6363636363636364,1.6363636363636365,0.5454545454545454,1.0,1.6363636363636365,0.2727272727272727,0.3181818181818182,-0.7636363636363636,12.289596697550415,12.37033588345685,4.1808457906541685,12.3234466889063,2.1894196983969327,-0.0807391859064324,1.0,1.0,3.0,5.0,6.0,0.8,1.0454545454545454,1.0909090909090908,1.2272727272727273,1.0,1.2,1.0833333333333333,1.0,1.0833333333333333,1.0,1.1,1.5,0.36363636363636365,0.4090909090909091,-0.24545454545454537,12.399126934901318,12.350307166820569,4.239178867422799,12.201756721470954,2.158890670394148,0.04881976808074908
ligue1-2023-2024-03-01-monaco-v-paris-sg,2024-03-01,2023,Monaco,Paris SG,0,0,1,0.5,0.0,692.8795120593559,5,5,999,0,1.0,0,999,0,1.0,0,0,0,1549.3984925130655,1663.4223120572865,-114.02381954422094,0.3333333333333333,0.3333333333333333,0.3333333333333333,0,2.0,2.0,1.0,10.0,9.0,1.6,1.7826086956521738,1.9130434782608696,1.4782608695652173,2.0,1.8,1.7272727272727273,1.8333333333333333,1.6363636363636365,1.0,2.1666666666666665,1.9166666666666667,0.21739130434782608,0.17391304347826086,-0.18260869565217375,12.289596697550415,12.37033588345685,4.1808457906541685,12.3234466889063,2.1894196983969327,-0.0807391859064324,3.0,2.0,0.0,10.0,5.0,2.2,2.347826086956522,2.347826086956522,0.8260869565217391,2.0,1.0,2.25,2.4545454545454546,2.5833333333333335,1.0,2.090909090909091,0.6363636363636364,0.391304347826087,0.08695652173913043,-0.14782608695652177,12.399126934901318,12.350307166820569,4.239178867422799,12.201756721470954,2.158890670394148,0.04881976808074908
ligue1-2023-2024-03-02-reims-v-lille,2024-03-02,2023,Reims,Lille,0,1,0,0.25,0.0,163.43788280404343,6,6,999,0,1.0,0,999,0,1.0,0,0,0,1499.2856584070548,1550.0579119138438,-50.77225350678896,0.3333333333333333,0.3333333333333333,0.3333333333333333,0,1.0,2.0,2.0,5.0,7.0,1.0,1.4782608695652173,1.3043478260869565,1.3478260869565217,1.0,1.4,1.5454545454545454,1.4166666666666667,1.1818181818181819,1.1818181818181819,1.4166666666666667,1.5,0.2608695652173913,0.17391304347826086,-0.4782608695652173,12.289596697550415,12.37033588345685,4.1808457906541685,12.3234466889063,2.1894196983969327,-0.0807391859064324,2.0,1.0,2.0,9.0,6.0,1.4,1.6521739130434783,1.434782608695652,0.8695652173913043,1.8,1.2,2.3636363636363638,1.0,1.9090909090909092,0.36363636363636365,1.0,1.3333333333333333,0.5652173913043478,0.13043478260869565,-0.25217391304347836,12.399126934901318,12.350307166820569,4.239178867422799,12.201756721470954,2.158890670394148,0.04881976808074908
ligue1-2023-2024-03-02-clermont-v-marseille,2024-03-02,2023,Clermont,Marseille,1,5,0,0.0,0.0,332.58224297637486,6,6,999,0,1.0,0,999,0,1.0,0,0,0,1417.3701147725671,1519.626249066165,-102.25613429359782,0.3333333333333333,0.3333333333333333,0.3333333333333333,0,0.0,3.0,2.0,3.0,9.0,0.6,0.7391304347826086,0.6956521739130435,1.565217391304348,0.6,1.8,0.6363636363636364,0.8333333333333334,0.5454545454545454,1.3636363636363635,0.8333333333333334,1.75,0.21739130434782608,0.4782608695652174,-0.13913043478260867,12.289596697550415,12.37033588345685,4.1808457906541685,12.3234466889063,2.1894196983969327,-0.0807391859064324,1.0,2.0,2.0,7.0,6.0,1.0,1.434782608695652,1.434782608695652,1.0869565217391304,1.4,1.2,2.1666666666666665,0.6363636363636364,1.8333333333333333,0.5833333333333334,1.0,1.6363636363636365,0.2608695652173913,0.30434782608695654,-0.4347826086956521,12.399126934901318,12.350307166820569,4.239178867422799,12.201756721470954,2.158890670394148,0.04881976808074908
ligue1-2023-2024-03-03-toulouse-v-nice,2024-03-03,2023,Toulouse,Nice,2,1,2,0.6666666666666666,0.0,469.3744281916945,7,7,999,0,1.0,0,999,0,1.0,0,0,0,1473.5107502398705,1530.1166497686577,-56.60589952878718,0.3333333333333333,0.3333333333333333,0.3333333333333333,0,3.0,0.0,2.0,9.0,8.0,1.8,1.1304347826086956,1.0869565217391304,1.3478260869565217,1.8,1.6,1.0,1.25,1.2727272727272727,1.2727272727272727,0.9166666666666666,1.4166666666666667,0.17391304347826086,0.30434782608695654,0.6695652173913045,12.289596697550415,12.37033588345685,4.1808457906541685,12.3234466889063,2.1894196983969327,-0.0807391859064324,1.0,2.0,2.0,3.0,4.0,1.0,1.7391304347826086,0.9565217391304348,0.6521739130434783,0.6,0.8,2.0833333333333335,1.3636363636363635,1.1666666666666667,0.4166666666666667,0.7272727272727273,0.9090909090909091,0.6086956521739131,0.34782608695652173,-0.7391304347826086,12.399126934901318,12.350307166820569,4.239178867422799,12.201756721470954,2.158890670394148,0.04881976808074908
ligue1-2023-2024-03-03-montpellier-v-strasbourg,2024-03-03,2023,Montpellier,Strasbourg,2,2,1,0.375,0.0,628.5157781530908,7,8,999,0,1.0,0,999,0,1.0,0,0,0,1457.367773636014,1445.1780939028608,12.18967973315307,0.3333333333333333,0.3333333333333333,0.3333333333333333,0,1.0,1.0,3.0,6.0,8.0,0.8,1.0,1.0869565217391304,1.3478260869565217,1.2,1.6,1.0833333333333333,0.9090909090909091,1.0833333333333333,1.0,1.0909090909090908,1.7272727272727273,0.34782608695652173,0.391304347826087,-0.19999999999999996,12.289596697550415,12.37033588345685,4.1808457906541685,12.3234466889063,2.1894196983969327,-0.0807391859064324,0.0,1.0,4.0,4.0,12.0,0.2,1.0869565217391304,1.0,1.5217391304347827,0.8,2.4,1.25,0.9090909090909091,1.1666666666666667,1.4166666666666667,0.8181818181818182,1.6363636363636365,0.13043478260869565,0.2608695652173913,-0.8869565217391304,12.399126934901318,12.350307166820569,4.239178867422799,12.201756721470954,2.158890670394148,0.04881976808074908
ligue1-2023-2024-03-03-nantes-v-metz,2024-03-03,2023,Nantes,Metz,0,2,0,0.125,0.0,606.1398722175958,8,9,999,0,1.0,0,999,0,1.0,0,0,0,1450.5632610576877,1401.3913706939477,49.171890363739976,0.3333333333333333,0.3333333333333333,0.3333333333333333,0,2.0,1.0,2.0,3.0,4.0,1.4,1.0869565217391304,1.0,1.4782608695652173,0.6,0.8,1.0,1.1818181818181819,1.1666666666666667,1.4166666666666667,0.8181818181818182,1.5454545454545454,0.2608695652173913,0.391304347826087,0.31304347826086953,12.289596697550415,12.37033588345685,4.1808457906541685,12.3234466889063,2.1894196983969327,-0.0807391859064324,0.0,1.0,4.0,3.0,9.0,0.2,0.7391304347826086,0.8260869565217391,1.608695652173913,0.6,1.8,0.5454545454545454,0.9166666666666666,0.8181818181818182,1.2727272727272727,0.8333333333333334,1.9166666666666667,0.13043478260869565,0.43478260869565216,-0.5391304347826087,12.399126934901318,12.350307166820569,4.239178867422799,12.201756721470954,2.158890670394148,0.04881976808074908
ligue1-2023-2024-03-03-brest-v-le-havre,2024-03-03,2023,Brest,Le Havre,1,0,2,0.8571428571428571,0.0,357.13572034857475,8,7,999,0,1.0,0,999,0,1.0,0,0,0,1587.5957525802396,1461.5081779064226,126.08757467381702,0.3333333333333333,0.3333333333333333,0.3333333333333333,0,2.0,3.0,0.0,7.0,3.0,1.8,1.8695652173913044,1.4782608695652173,0.782608695652174,1.4,0.6,2.0,1.75,1.6363636363636365,0.6363636363636364,1.3333333333333333,0.9166666666666666,0.4782608695652174,0.2608695652173913,-0.06956521739130439,12.289596697550415,12.37033588345685,4.1808457906541685,12.3234466889063,2.1894196983969327,-0.0807391859064324,0.0,2.0,3.0,5.0,10.0,0.4,1.0434782608695652,1.0434782608695652,1.3043478260869565,1.0,2.0,1.2727272727272727,0.8333333333333334,1.1818181818181819,1.0909090909090908,0.9166666666666666,1.5,0.2608695652173913,0.4782608695652174,-0.6434782608695652,12.399126934901318,12.350307166820569,4.239178867422799,12.201756721470954,2.158890670394148,0.04881976808074908
ligue1-2023-2024-03-03-rennes-v-lorient,2024-03-03,2023,Rennes,Lorient,1,2,0,0.0,0.0,134.43773953799976,7,8,999,0,1.0,0,999,0,1.0,0,0,0,1539.2040835778328,1440.6880694746426,98.51601410319017,0.3333333333333333,0.3333333333333333,0.3333333333333333,0,4.0,1.0,0.0,10.0,5.0,2.6,1.5217391304347827,1.5217391304347827,1.173913043478261,2.0,1.0,1.75,1.2727272727272727,2.0833333333333335,1.3333333333333333,0.9090909090909091,1.0,0.21739130434782608,0.2608695652173913,1.0782608695652174,12.289596697550415,12.37033588345685,4.1808457906541685,12.3234466889063,2.1894196983969327,-0.0807391859064324,3.0,1.0,1.0,10.0,6.0,2.0,0.9565217391304348,1.3478260869565217,1.9130434782608696,2.0,1.2,1.0833333333333333,0.8181818181818182,1.5833333333333333,1.75,1.0909090909090908,2.090909090909091,0.13043478260869565,0.391304347826087,1.0434782608695652,12.399126934901318,12.350307166820569,4.239178867422799,12.201756721470954,2.158890670394148,0.04881976808074908
ligue1-2023-2024-03-03-lyon-v-lens,2024-03-03,2023,Lyon,Lens,0,3,0,0.25,0.0,543.2607224588958,9,7,999,0,1.0,0,999,0,1.0,0,0,0,1473.5809197177743,1540.1343587140664,-66.55343899629202,0.3333333333333333,0.3333333333333333,0.3333333333333333,0,4.0,0.0,1.0,8.0,5.0,2.4,1.2173913043478262,1.0869565217391304,1.5217391304347827,1.6,1.0,1.25,1.1818181818181819,1.25,1.5833333333333333,0.9090909090909091,1.4545454545454546,0.34782608695652173,0.2608695652173913,1.1826086956521737,12.289596697550415,12.37033588345685,4.1808457906541685,12.3234466889063,2.1894196983969327,-0.0807391859064324,3.0,1.0,1.0,9.0,5.0,2.0,1.565217391304348,1.3043478260869565,1.0434782608695652,1.8,1.0,1.8181818181818181,1.3333333333333333,1.7272727272727273,1.0909090909090908,0.9166666666666666,1.0,0.43478260869565216,0.30434782608695654,0.4347826086956521,12.399126934901318,12.350307166820569,4.239178867422799,12.201756721470954,2.158890670394148,0.04881976808074908
ligue1-2023-2024-03-08-nice-v-montpellier,2024-03-08,2023,Nice,Montpellier,1,2,0,0.5,0.0,278.424351039194,5,5,999,0,1.0,0,999,0,1.0,0,0,0,1521.3591781171347,1454.2464351548622,67.11274296227248,0.3333333333333333,0.3333333333333333,0.3333333333333333,0,0.0,2.0,3.0,3.0,6.0,0.4,1.6666666666666667,0.9583333333333334,0.7083333333333334,0.6,1.2,2.0833333333333335,1.25,1.1666666666666667,0.4166666666666667,0.75,1.0,0.5833333333333334,0.3333333333333333,-1.2666666666666666,12.289596697550415,12.37033588345685,4.1808457906541685,12.3234466889063,2.1894196983969327,-0.0807391859064324,1.0,1.0,3.0,8.0,10.0,0.8,1.0,1.125,1.375,1.6,2.0,1.0769230769230769,0.9090909090909091,1.1538461538461537,1.0769230769230769,1.0909090909090908,1.7272727272727273,0.3333333333333333,0.375,-0.19999999999999996,12.399126934901318,12.350307166820569,4.239178867422799,12.201756721470954,2.158890670394148,0.04881976808074908
ligue1-2023-2024-03-09-lorient-v-lyon,2024-03-09,2023,Lorient,Lyon,0,2,0,0.375,0.0,672.5620790199815,6,6,999,0,1.0,0,999,0,1.0,0,0,0,1455.8517532995704,1454.598151046333,1.2536022532374318,0.3333333333333333,0.3333333333333333,0.3333333333333333,0,4.0,0.0,1.0,9.0,4.0,2.4,1.0416666666666667,1.375,1.875,1.8,0.8,1.0833333333333333,1.0,1.5833333333333333,1.75,1.1666666666666667,2.0,0.125,0.375,1.3583333333333332,12.289596697550415,12.37033588345685,4.1808457906541685,12.3234466889063,2.1894196983969327,-0.0807391859064324,4.0,0.0,1.0,6.0,5.0,2.4,1.1666666666666667,1.0416666666666667,1.5833333333333333,1.2,1.0,1.1538461538461537,1.1818181818181819,1.1538461538461537,1.6923076923076923,0.9090909090909091,1.4545454545454546,0.3333333333333333,0.2916666666666667,1.2333333333333332,12.399126934901318,12.350307166820569,4.239178867422799,12.201756721470954,2.158890670394148,0.04881976808074908
ligue1-2023-2024-03-09-lens-v-brest,2024-03-09,2023,Lens,Brest,1,0,2,0.75,0.0,574.5906900951455,6,6,999,0,1.0,0,999,0,1.0,0,0,0,1559.1171273855077,1591.8741248583403,-32.75699747283261,0.3333333333333333,0.3333333333333333,0.3333333333333333,0,3.0,1.0,1.0,10.0,5.0,2.0,1.625,1.375,1.0,2.0,1.0,1.8181818181818181,1.4615384615384615,1.7272727272727273,1.0909090909090908,1.0769230769230769,0.9230769230769231,0.4583333333333333,0.2916666666666667,0.375,12.289596697550415,12.37033588345685,4.1808457906541685,12.3234466889063,2.1894196983969327,-0.0807391859064324,3.0,2.0,0.0,6.0,1.0,2.2,1.9166666666666667,1.4583333333333333,0.75,1.2,0.2,2.0833333333333335,1.75,1.5833333333333333,0.5833333333333334,1.3333333333333333,0.9166666666666666,0.5,0.25,0.28333333333333344,12.399126934901318,12.350307166820569,4.239178867422799,12.201756721470954,2.158890670394148,0.04881976808074908
ligue1-2023-2024-03-10-marseille-v-nantes,2024-03-10,2023,Marseille,Nantes,2,0,2,0.5833333333333334,0.0,699.4985464471042,8,7,999,0,1.0,0,999,0,1.0,0,0,0,1539.4963773618235,1430.696686398734,108.79969096308946,0.3333333333333333,0.3333333333333333,0.3333333333333333,0,2.0,1.0,2.0,10.0,5.0,1.4,1.5,1.5833333333333333,1.0833333333333333,2.0,1.0,2.1666666666666665,0.8333333333333334,1.8333333333333333,0.5833333333333334,1.3333333333333333,1.5833333333333333,0.25,0.2916666666666667,-0.10000000000000009,12.289596697550415,12.37033588345685,4.1808457906541685,12.3234466889063,2.1894196983969327,-0.0807391859064324,2.0,0.0,3.0,3.0,6.0,1.2,1.0416666666666667,0.9583333333333334,1.5,0.6,1.2,0.9230769230769231,1.1818181818181819,1.0769230769230769,1.4615384615384615,0.8181818181818182,1.5454545454545454,0.25,0.4166666666666667,0.15833333333333321,12.399126934901318,12.350307166820569,4.239178867422799,12.201756721470954,2.158890670394148,0.04881976808074908
ligue1-2023-2024-03-10-metz-v-clermont,2024-03-10,2023,Metz,Clermont,1,0,2,1.0,0.0,435.2335161299717,7,8,999,0,1.0,0,999,0,1.0,0,0,0,1421.2579453529013,1397.4999864769086,23.7579588759927,0.3333333333333333,0.3333333333333333,0.3333333333333333,0,1.0,1.0,3.0,5.0,8.0,0.8,0.8333333333333334,0.875,1.5416666666666667,1.0,1.6,0.5454545454545454,1.0769230769230769,0.8181818181818182,1.2727272727272727,0.9230769230769231,1.7692307692307692,0.16666666666666666,0.4166666666666667,-0.033333333333333326,12.289596697550415,12.37033588345685,4.1808457906541685,12.3234466889063,2.1894196983969327,-0.0807391859064324,0.0,2.0,3.0,3.0,13.0,0.4,0.7083333333333334,0.7083333333333334,1.7083333333333333,0.6,2.6,0.5833333333333334,0.8333333333333334,0.5833333333333334,1.6666666666666667,0.8333333333333334,1.75,0.20833333333333334,0.4583333333333333,-0.30833333333333335,12.399126934901318,12.350307166820569,4.239178867422799,12.201756721470954,2.158890670394148,0.04881976808074908
ligue1-2023-2024-03-10-lille-v-rennes,2024-03-10,2023,Lille,Rennes,2,2,1,0.6666666666666666,0.0,443.77856157497973,8,7,999,0,1.0,0,999,0,1.0,0,0,0,1561.465394192087,1524.040399752905,37.424994439182,0.3333333333333333,0.3333333333333333,0.3333333333333333,0,3.0,0.0,2.0,10.0,6.0,1.8,1.7083333333333333,1.4166666666666667,0.8333333333333334,2.0,1.2,2.3636363636363638,1.1538461538461537,1.9090909090909092,0.36363636363636365,1.0,1.2307692307692308,0.5833333333333334,0.125,0.09166666666666679,12.289596697550415,12.37033588345685,4.1808457906541685,12.3234466889063,2.1894196983969327,-0.0807391859064324,3.0,1.0,1.0,8.0,5.0,2.0,1.4583333333333333,1.5,1.2083333333333333,1.6,1.0,1.6153846153846154,1.2727272727272727,2.0,1.3846153846153846,0.9090909090909091,1.0,0.20833333333333334,0.25,0.5416666666666667,12.399126934901318,12.350307166820569,4.239178867422799,12.201756721470954,2.158890670394148,0.04881976808074908
ligue1-2023-2024-03-10-strasbourg-v-monaco,2024-03-10,2023,Strasbourg,Monaco,0,1,0,0.2857142857142857,0.0,537.9304004859993,7,9,999,0,1.0,0,999,0,1.0,0,0,0,1448.2994323840126,1549.8019114215047,-101.5024790374921,0.3333333333333333,0.3333333333333333,0.3333333333333333,0,0.0,1.0,4.0,5.0,13.0,0.2,1.0833333333333333,1.0416666666666667,1.5416666666666667,1.0,2.6,1.25,0.9166666666666666,1.1666666666666667,1.4166666666666667,0.9166666666666666,1.6666666666666667,0.125,0.25,-0.8833333333333333,12.289596697550415,12.37033588345685,4.1808457906541685,12.3234466889063,2.1894196983969327,-0.0807391859064324,2.0,2.0,1.0,8.0,7.0,1.6,1.75,1.8333333333333333,1.4166666666666667,1.6,1.4,1.6666666666666667,1.8333333333333333,1.5,0.9166666666666666,2.1666666666666665,1.9166666666666667,0.25,0.20833333333333334,-0.1499999999999999,12.399126934901318,12.350307166820569,4.239178867422799,12.201756721470954,2.158890670394148,0.04881976808074908
ligue1-2023-2024-03-10-le-havre-v-toulouse,2024-03-10,2023,Le Havre,Toulouse,1,0,2,0.5,0.0,665.0339281280934,7,7,999,0,1.0,0,999,0,1.0,0,0,0,1457.2298056283219,1482.2682218913935,-25.038416263071667,0.3333333333333333,0.3333333333333333,0.3333333333333333,0,0.0,1.0,4.0,2.0,8.0,0.2,1.0,1.0,1.2916666666666667,0.4,1.6,1.2727272727272727,0.7692307692307693,1.1818181818181819,1.0909090909090908,0.8461538461538461,1.4615384615384615,0.25,0.5,-0.8,12.289596697550415,12.37033588345685,4.1808457906541685,12.3234466889063,2.1894196983969327,-0.0807391859064324,4.0,0.0,1.0,11.0,7.0,2.4,1.2083333333333333,1.125,1.3333333333333333,2.2,1.4,1.1666666666666667,1.25,1.3333333333333333,1.25,0.9166666666666666,1.4166666666666667,0.16666666666666666,0.2916666666666667,1.1916666666666667,12.399126934901318,12.350307166820569,4.239178867422799,12.201756721470954,2.158890670394148,0.04881976808074908
ligue1-2023-2024-03-10-paris-sg-v-reims,2024-03-10,2023,Paris SG,Reims,2,2,1,0.625,0.0,137.3490665469945,9,8,999,0,1.0,0,999,0,1.0,0,0,0,1663.0188931488474,1487.8781761288117,175.1407170200357,0.3333333333333333,0.3333333333333333,0.3333333333333333,0,3.0,2.0,0.0,8.0,3.0,2.2,2.2916666666666665,2.25,0.7916666666666666,1.6,0.6,2.25,2.3333333333333335,2.5833333333333335,1.0,1.9166666666666667,0.5833333333333334,0.4166666666666667,0.125,-0.09166666666666634,12.289596697550415,12.37033588345685,4.1808457906541685,12.3234466889063,2.1894196983969327,-0.0807391859064324,1.0,1.0,3.0,5.0,8.0,0.8,1.4166666666666667,1.25,1.3333333333333333,1.0,1.6,1.4166666666666667,1.4166666666666667,1.0833333333333333,1.1666666666666667,1.4166666666666667,1.5,0.25,0.20833333333333334,-0.6166666666666667,12.399126934901318,12.350307166820569,4.239178867422799,12.201756721470954,2.158890670394148,0.04881976808074908
ligue1-2023-2024-03-15-toulouse-v-lyon,2024-03-15,2023,Toulouse,Lyon,2,3,0,0.35714285714285715,0.0,370.8569193679967,5,6,999,0,1.0,0,999,0,1.0,0,0,0,1474.3929225985817,1472.7488982465493,1.6440243520323747,0.3333333333333333,0.3333333333333333,0.3333333333333333,0,3.0,0.0,2.0,8.0,6.0,1.8,1.16,1.08,1.32,1.6,1.2,1.1666666666666667,1.1538461538461537,1.3333333333333333,1.25,0.8461538461538461,1.3846153846153846,0.16,0.32,0.6400000000000001,12.289596697550415,12.37033588345685,4.1808457906541685,12.3234466889063,2.1894196983969327,-0.0807391859064324,4.0,0.0,1.0,7.0,5.0,2.4,1.24,1.08,1.52,1.4,1.0,1.1538461538461537,1.3333333333333333,1.1538461538461537,1.6923076923076923,1.0,1.3333333333333333,0.36,0.28,1.16,12.399126934901318,12.350307166820569,4.239178867422799,12.201756721470954,2.158890670394148,0.04881976808074908
ligue1-2023-2024-03-16-nantes-v-strasbourg,2024-03-16,2023,Nantes,Strasbourg,1,3,0,0.16666666666666666,0.0,706.2569780971394,6,6,999,0,1.0,0,999,0,1.0,0,0,0,1424.1593732343504,1438.342676937367,-14.18330370301669,0.3333333333333333,0.3333333333333333,0.3333333333333333,0,2.0,0.0,3.0,3.0,7.0,1.2,1.0,0.92,1.52,0.6,1.4,0.9230769230769231,1.0833333333333333,1.0769230769230769,1.4615384615384615,0.75,1.5833333333333333,0.24,0.44,0.19999999999999996,12.289596697550415,12.37033588345685,4.1808457906541685,12.3234466889063,2.1894196983969327,-0.0807391859064324,0.0,1.0,4.0,4.0,12.0,0.2,1.04,1.0,1.52,0.8,2.4,1.1538461538461537,0.9166666666666666,1.0769230769230769,1.3846153846153846,0.9166666666666666,1.6666666666666667,0.12,0.28,-0.8400000000000001,12.399126934901318,12.350307166820569,4.239178867422799,12.201756721470954,2.158890670394148,0.04881976808074908
ligue1-2023-2024-03-16-lens-v-nice,2024-03-16,2023,Lens,Nice,1,3,0,0.3333333333333333,0.0,820.4237860395572,7,8,999,0,1.0,0,999,0,1.0,0,0,0,1567.205527099779,1506.8888238320735,60.31670326770541,0.3333333333333333,0.3333333333333333,0.3333333333333333,0,3.0,1.0,1.0,10.0,5.0,2.0,1.68,1.36,0.96,2.0,1.0,1.9166666666666667,1.4615384615384615,1.6666666666666667,1.0,1.0769230769230769,0.9230769230769231,0.48,0.28,0.32000000000000006,12.289596697550415,12.37033588345685,4.1808457906541685,12.3234466889063,2.1894196983969327,-0.0807391859064324,0.0,1.0,4.0,4.0,8.0,0.2,1.6,0.96,0.76,0.8,1.6,1.9230769230769231,1.25,1.1538461538461537,0.5384615384615384,0.75,1.0,0.56,0.32,-1.4000000000000001,12.399126934901318,12.350307166820569,4.239178867422799,12.201756721470954,2.158890670394148,0.04881976808074908
ligue1-2023-2024-03-17-montpellier-v-paris-sg,2024-03-17,2023,Montpellier,Paris SG,2,6,0,0.0,0.0,593.454733547531,9,7,999,0,1.0,0,999,0,1.0,0,0,0,1468.7167894399233,1656.4239474566757,-187.70715801675237,0.3333333333333333,0.3333333333333333,0.3333333333333333,0,2.0,1.0,2.0,9.0,9.0,1.4,1.08,1.16,1.36,1.8,1.8,1.0769230769230769,1.0833333333333333,1.1538461538461537,1.0769230769230769,1.1666666666666667,1.6666666666666667,0.32,0.36,0.31999999999999984,12.289596697550415,12.37033588345685,4.1808457906541685,12.3234466889063,2.1894196983969327,-0.0807391859064324,2.0,3.0,0.0,8.0,4.0,1.8,2.24,2.24,0.84,1.6,0.8,2.1538461538461537,2.3333333333333335,2.5384615384615383,1.0769230769230769,1.9166666666666667,0.5833333333333334,0.4,0.12,-0.44000000000000017,12.399126934901318,12.350307166820569,4.239178867422799,12.201756721470954,2.158890670394148,0.04881976808074908
ligue1-2023-2024-03-17-rennes-v-marseille,2024-03-17,2023,Rennes,Marseille,2,0,2,0.42857142857142855,0.0,766.4381524621508,7,7,999,0,1.0,0,999,0,1.0,0,0,0,1527.8016713423394,1546.0336905262072,-18.232019183867806,0.3333333333333333,0.3333333333333333,0.3333333333333333,0,2.0,2.0,1.0,8.0,6.0,1.6,1.44,1.52,1.24,1.6,1.2,1.6153846153846154,1.25,2.0,1.3846153846153846,1.0,1.0833333333333333,0.2,0.24,0.16000000000000014,12.289596697550415,12.37033588345685,4.1808457906541685,12.3234466889063,2.1894196983969327,-0.0807391859064324,3.0,1.0,1.0,12.0,4.0,2.0,1.56,1.6,1.04,2.4,0.8,2.230769230769231,0.8333333333333334,1.8461538461538463,0.5384615384615384,1.3333333333333333,1.5833333333333333,0.28,0.28,0.43999999999999995,12.399126934901318,12.350307166820569,4.239178867422799,12.201756721470954,2.158890670394148,0.04881976808074908
ligue1-2023-2024-03-17-clermont-v-le-havre,2024-03-17,2023,Clermont,Le Havre,2,1,2,0.5,0.0,470.3889918288353,7,7,999,0,1.0,0,999,0,1.0,0,0,0,1390.9186472476538,1465.1051049211337,-74.18645767347994,0.3333333333333333,0.3333333333333333,0.3333333333333333,0,0.0,2.0,3.0,3.0,10.0,0.4,0.68,0.68,1.68,0.6,2.0,0.5833333333333334,0.7692307692307693,0.5833333333333334,1.6666666666666667,0.7692307692307693,1.6923076923076923,0.2,0.48,-0.28,12.289596697550415,12.37033588345685,4.1808457906541685,12.3234466889063,2.1894196983969327,-0.0807391859064324,1.0,0.0,4.0,2.0,7.0,0.6,1.08,1.0,1.24,0.4,1.4,1.4166666666666667,0.7692307692307693,1.1666666666666667,1.0,0.8461538461538461,1.4615384615384615,0.28,0.48,-0.4800000000000001,12.399126934901318,12.350307166820569,4.239178867422799,12.201756721470954,2.158890670394148,0.04881976808074908
ligue1-2023-2024-03-17-reims-v-metz,2024-03-17,2023,Reims,Metz,2,1,2,0.75,0.0,156.6633930290871,7,7,999,0,1.0,0,999,0,1.0,0,0,0,1494.4731218209834,1427.839284582156,66.63383723882725,0.3333333333333333,0.3333333333333333,0.3333333333333333,0,1.0,2.0,2.0,5.0,7.0,1.0,1.4,1.28,1.36,1.0,1.4,1.4166666666666667,1.3846153846153846,1.0833333333333333,1.1666666666666667,1.4615384615384615,1.5384615384615385,0.24,0.2,-0.3999999999999999,12.289596697550415,12.37033588345685,4.1808457906541685,12.3234466889063,2.1894196983969327,-0.0807391859064324,2.0,1.0,2.0,5.0,6.0,1.4,0.92,0.88,1.48,1.0,1.2,0.75,1.0769230769230769,0.8333333333333334,1.1666666666666667,0.9230769230769231,1.7692307692307692,0.2,0.4,0.47999999999999987,12.399126934901318,12.350307166820569,4.239178867422799,12.201756721470954,2.158890670394148,0.04881976808074908
ligue1-2023-2024-03-17-monaco-v-lorient,2024-03-17,2023,Monaco,Lorient,2,2,1,0.25,0.0,947.4178585943507,7,8,999,0,1.0,0,999,0,1.0,0,0,0,1559.7586668681502,1437.7010060993541,122.05766076879604,0.3333333333333333,0.3333333333333333,0.3333333333333333,0,3.0,1.0,1.0,8.0,6.0,2.0,1.8,1.8,1.36,1.6,1.2,1.6666666666666667,1.9230769230769231,1.5,0.9166666666666666,2.076923076923077,1.7692307692307692,0.28,0.2,0.19999999999999996,12.289596697550415,12.37033588345685,4.1808457906541685,12.3234466889063,2.1894196983969327,-0.0807391859064324,3.0,0.0,2.0,7.0,5.0,1.8,1.0,1.32,1.88,1.4,1.0,1.0,1.0,1.4615384615384615,1.7692307692307692,1.1666666666666667,2.0,0.12,0.4,0.8,12.399126934901318,12.350307166820569,4.239178867422799,12.201756721470954,2.158890670394148,0.04881976808074908
ligue1-2023-2024-03-17-brest-v-lille,2024-03-17,2023,Brest,Lille,1,1,1,0.4166666666666667,0.0,602.5557773352601,8,7,999,0,1.0,0,999,0,1.0,0,0,0,1583.7857251440691,1557.7041226026524,26.081602541416714,0.3333333333333333,0.3333333333333333,0.3333333333333333,0,3.0,1.0,1.0,6.0,2.0,2.0,1.84,1.4,0.76,1.2,0.4,2.0833333333333335,1.6153846153846154,1.5833333333333333,0.5833333333333334,1.2307692307692308,0.9230769230769231,0.48,0.28,0.15999999999999992,12.289596697550415,12.37033588345685,4.1808457906541685,12.3234466889063,2.1894196983969327,-0.0807391859064324,2.0,1.0,2.0,8.0,8.0,1.4,1.68,1.44,0.88,1.6,1.6,2.25,1.1538461538461537,1.9166666666666667,0.5,1.0,1.2307692307692308,0.56,0.12,-0.28,12.399126934901318,12.350307166820569,4.239178867422799,12.201756721470954,2.158890670394148,0.04881976808074908
ligue1-2023-2024-03-29-lille-v-lens,2024-03-29,2023,Lille,Lens,2,1,2,0.75,0.0,29.920230271899374,12,13,999,0,1.0,0,999,0,1.0,0,0,0,1561.181711194864,1546.964626394017,14.217084800847033,0.3333333333333333,0.3333333333333333,0.3333333333333333,0,2.0,2.0,1.0,8.0,6.0,1.6,1.6538461538461537,1.4230769230769231,0.8846153846153846,1.6,1.2,2.25,1.1428571428571428,1.9166666666666667,0.5,1.0,1.2142857142857142,0.5384615384615384,0.11538461538461539,-0.053846153846153655,12.289596697550415,12.37033588345685,4.1808457906541685,12.3234466889063,2.1894196983969327,-0.0807391859064324,2.0,1.0,2.0,8.0,7.0,1.4,1.6153846153846154,1.3461538461538463,1.0384615384615385,1.6,1.4,1.7692307692307692,1.4615384615384615,1.6153846153846154,1.1538461538461537,1.0769230769230769,0.9230769230769231,0.46153846153846156,0.2692307692307692,-0.2153846153846155,12.399126934901318,12.350307166820569,4.239178867422799,12.201756721470954,2.158890670394148,0.04881976808074908
ligue1-2023-2024-03-30-metz-v-monaco,2024-03-30,2023,Metz,Monaco,2,5,0,0.0,0.0,605.781717920081,13,13,999,0,1.0,0,999,0,1.0,0,0,0,1422.2986026658177,1554.1155753235748,-131.8169726577571,0.3333333333333333,0.3333333333333333,0.3333333333333333,0,2.0,0.0,3.0,5.0,7.0,1.2,0.8846153846153846,0.8846153846153846,1.5,1.0,1.4,0.75,1.0,0.8333333333333334,1.1666666666666667,0.9285714285714286,1.7857142857142858,0.19230769230769232,0.38461538461538464,0.3153846153846154,12.289596697550415,12.37033588345685,4.1808457906541685,12.3234466889063,2.1894196983969327,-0.0807391859064324,2.0,2.0,1.0,7.0,6.0,1.6,1.7692307692307692,1.8076923076923077,1.3846153846153846,1.4,1.2,1.6153846153846154,1.9230769230769231,1.5384615384615385,1.0,2.076923076923077,1.7692307692307692,0.2692307692307692,0.19230769230769232,-0.16923076923076907,12.399126934901318,12.350307166820569,4.239178867422799,12.201756721470954,2.158890670394148,0.04881976808074908
ligue1-2023-2024-03-30-lyon-v-reims,2024-03-30,2023,Lyon,Reims,1,1,1,0.5,0.0,395.0707834348555,15,13,999,0,1.0,0,999,0,1.0,0,0,0,1485.593745776615,1500.0138037373217,-14.4200579607068,0.3333333333333333,0.3333333333333333,0.3333333333333333,0,4.0,0.0,1.0,8.0,6.0,2.4,1.3076923076923077,1.1538461538461537,1.5384615384615385,1.6,1.2,1.1538461538461537,1.4615384615384615,1.1538461538461537,1.6923076923076923,1.1538461538461537,1.3846153846153846,0.34615384615384615,0.2692307692307692,1.0923076923076922,12.289596697550415,12.37033588345685,4.1808457906541685,12.3234466889063,2.1894196983969327,-0.0807391859064324,2.0,2.0,1.0,7.0,6.0,1.6,1.4615384615384615,1.3076923076923077,1.3461538461538463,1.4,1.2,1.5384615384615385,1.3846153846153846,1.1538461538461537,1.1538461538461537,1.4615384615384615,1.5384615384615385,0.23076923076923078,0.19230769230769232,0.13846153846153864,12.399126934901318,12.350307166820569,4.239178867422799,12.201756721470954,2.158890670394148,0.04881976808074908
ligue1-2023-2024-03-31-marseille-v-paris-sg,2024-03-31,2023,Marseille,Paris SG,0,2,0,0.14285714285714285,0.0,665.2028643500363,14,14,999,0,1.0,0,999,0,1.0,0,0,0,1535.1597482194052,1671.4797009323433,-136.31995271293817,0.3333333333333333,0.3333333333333333,0.3333333333333333,0,3.0,0.0,2.0,11.0,5.0,1.8,1.5,1.5384615384615385,1.0769230769230769,2.2,1.0,2.230769230769231,0.7692307692307693,1.8461538461538463,0.5384615384615384,1.2307692307692308,1.6153846153846154,0.2692307692307692,0.3076923076923077,0.30000000000000004,12.289596697550415,12.37033588345685,4.1808457906541685,12.3234466889063,2.1894196983969327,-0.0807391859064324,2.0,3.0,0.0,11.0,5.0,1.8,2.269230769230769,2.3846153846153846,0.8846153846153846,2.2,1.0,2.1538461538461537,2.3846153846153846,2.5384615384615383,1.0769230769230769,2.230769230769231,0.6923076923076923,0.38461538461538464,0.11538461538461539,-0.4692307692307691,12.399126934901318,12.350307166820569,4.239178867422799,12.201756721470954,2.158890670394148,0.04881976808074908
ligue1-2023-2024-03-31-le-havre-v-montpellier,2024-03-31,2023,Le Havre,Montpellier,0,2,0,0.625,0.0,712.2923765989436,14,14,999,0,1.0,0,999,0,1.0,0,0,0,1455.8467143100681,1453.6610359642557,2.1856783458124482,0.3333333333333333,0.3333333333333333,0.3333333333333333,0,1.0,0.0,4.0,3.0,8.0,0.6,1.0384615384615385,1.0,1.2692307692307692,0.6,1.6,1.4166666666666667,0.7142857142857143,1.1666666666666667,1.0,0.8571428571428571,1.5,0.2692307692307692,0.46153846153846156,-0.43846153846153857,12.289596697550415,12.37033588345685,4.1808457906541685,12.3234466889063,2.1894196983969327,-0.0807391859064324,2.0,1.0,2.0,10.0,13.0,1.4,1.0384615384615385,1.1923076923076923,1.5384615384615385,2.0,2.6,1.0,1.0833333333333333,1.2142857142857142,1.4285714285714286,1.1666666666666667,1.6666666666666667,0.3076923076923077,0.34615384615384615,0.36153846153846136,12.399126934901318,12.350307166820569,4.239178867422799,12.201756721470954,2.158890670394148,0.04881976808074908
ligue1-2023-2024-03-31-strasbourg-v-rennes,2024-03-31,2023,Strasbourg,Rennes,2,0,2,0.4166666666666667,0.0,696.097186019301,15,14,999,0,1.0,0,999,0,1.0,0,0,0,1455.90857893185,1538.6756136491415,-82.76703471729161,0.3333333333333333,0.3333333333333333,0.3333333333333333,0,1.0,1.0,3.0,6.0,10.0,0.8,1.1153846153846154,1.0769230769230769,1.5,1.2,2.0,1.1538461538461537,1.0769230769230769,1.0769230769230769,1.3846153846153846,1.0769230769230769,1.6153846153846154,0.11538461538461539,0.2692307692307692,-0.3153846153846154,12.289596697550415,12.37033588345685,4.1808457906541685,12.3234466889063,2.1894196983969327,-0.0807391859064324,2.0,2.0,1.0,9.0,6.0,1.6,1.5,1.5384615384615385,1.1923076923076923,1.8,1.2,1.7142857142857142,1.25,2.0,1.2857142857142858,1.0,1.0833333333333333,0.23076923076923078,0.23076923076923078,0.10000000000000009,12.399126934901318,12.350307166820569,4.239178867422799,12.201756721470954,2.158890670394148,0.04881976808074908
ligue1-2023-2024-03-31-nice-v-nantes,2024-03-31,2023,Nice,Nantes,1,2,0,0.4166666666666667,0.0,790.4235154760573,15,15,999,0,1.0,0,999,0,1.0,0,0,0,1527.1297245378355,1406.5934712398675,120.53625329796796,0.3333333333333333,0.3333333333333333,0.3333333333333333,0,1.0,1.0,3.0,5.0,6.0,0.8,1.6538461538461537,1.0384615384615385,0.7692307692307693,1.0,1.2,1.9230769230769231,1.3846153846153846,1.1538461538461537,0.5384615384615384,0.9230769230769231,1.0,0.5384615384615384,0.3076923076923077,-0.8538461538461537,12.289596697550415,12.37033588345685,4.1808457906541685,12.3234466889063,2.1894196983969327,-0.0807391859064324,1.0,0.0,4.0,2.0,9.0,0.6,0.9615384615384616,0.9230769230769231,1.5769230769230769,0.4,1.8,0.8571428571428571,1.0833333333333333,1.0714285714285714,1.5714285714285714,0.75,1.5833333333333333,0.23076923076923078,0.4230769230769231,-0.3615384615384616,12.399126934901318,12.350307166820569,4.239178867422799,12.201756721470954,2.158890670394148,0.04881976808074908
ligue1-2023-2024-03-31-lorient-v-brest,2024-03-31,2023,Lorient,Brest,0,1,0,0.125,0.0,109.64203448542227,14,14,999,0,1.0,0,999,0,1.0,0,0,0,1443.3440976439294,1580.3081365518576,-136.96403890792817,0.3333333333333333,0.3333333333333333,0.3333333333333333,0,2.0,1.0,2.0,7.0,7.0,1.4,1.0,1.3461538461538463,1.8846153846153846,1.4,1.4,1.0,1.0,1.4615384615384615,1.7692307692307692,1.2307692307692308,2.0,0.11538461538461539,0.38461538461538464,0.3999999999999999,12.289596697550415,12.37033588345685,4.1808457906541685,12.3234466889063,2.1894196983969327,-0.0807391859064324,3.0,1.0,1.0,6.0,2.0,2.0,1.8076923076923077,1.3846153846153846,0.7692307692307693,1.2,0.4,2.0,1.6153846153846154,1.5384615384615385,0.6153846153846154,1.2307692307692308,0.9230769230769231,0.46153846153846156,0.2692307692307692,0.1923076923076923,12.399126934901318,12.350307166820569,4.239178867422799,12.201756721470954,2.158890670394148,0.04881976808074908
ligue1-2023-2024-03-31-clermont-v-toulouse,2024-03-31,2023,Clermont,Toulouse,0,3,0,0.25,0.0,278.30133800683916,14,16,999,0,1.0,0,999,0,1.0,0,0,0,1400.1770378587194,1461.548075068516,-61.37103720979667,0.3333333333333333,0.3333333333333333,0.3333333333333333,0,1.0,1.0,3.0,4.0,10.0,0.8,0.7692307692307693,0.7307692307692307,1.6538461538461537,0.8,2.0,0.7692307692307693,0.7692307692307693,0.6923076923076923,1.6153846153846154,0.7692307692307693,1.6923076923076923,0.19230769230769232,0.46153846153846156,0.03076923076923077,12.289596697550415,12.37033588345685,4.1808457906541685,12.3234466889063,2.1894196983969327,-0.0807391859064324,3.0,0.0,2.0,9.0,7.0,1.8,1.1153846153846154,1.1153846153846154,1.3846153846153846,1.8,1.4,1.0769230769230769,1.1538461538461537,1.3846153846153846,1.3846153846153846,0.8461538461538461,1.3846153846153846,0.15384615384615385,0.3076923076923077,0.6846153846153846,12.399126934901318,12.350307166820569,4.239178867422799,12.201756721470954,2.158890670394148,0.04881976808074908
ligue1-2023-2024-04-05-lille-v-marseille,2024-04-05,2023,Lille,Marseille,3,1,2,0.75,0.0,834.3217055250366,7,5,999,0,1.0,0,999,0,1.0,0,0,0,1568.007800885558,1522.4906304158237,45.51717046973431,0.3333333333333333,0.3333333333333333,0.3333333333333333,0,2.0,2.0,1.0,7.0,7.0,1.6,1.7037037037037037,1.4444444444444444,0.8888888888888888,1.4,1.4,2.3076923076923075,1.1428571428571428,1.9230769230769231,0.5384615384615384,1.0,1.2142857142857142,0.5185185185185185,0.1111111111111111,-0.10370370370370363,12.289596697550415,12.37033588345685,4.1808457906541685,12.3234466889063,2.1894196983969327,-0.0807391859064324,3.0,0.0,2.0,11.0,6.0,1.8,1.4444444444444444,1.4814814814814814,1.1111111111111112,2.2,1.2,2.0714285714285716,0.7692307692307693,1.7142857142857142,0.6428571428571429,1.2307692307692308,1.6153846153846154,0.25925925925925924,0.3333333333333333,0.3555555555555556,12.399126934901318,12.350307166820569,4.239178867422799,12.201756721470954,2.158890670394148,0.04881976808074908
ligue1-2023-2024-04-06-lens-v-le-havre,2024-04-06,2023,Lens,Le Havre,1,1,1,0.6666666666666666,0.0,219.96713203595905,8,6,999,0,1.0,0,999,0,1.0,0,0,0,1540.1385367033229,1437.6611024109204,102.47743429240245,0.3333333333333333,0.3333333333333333,0.3333333333333333,0,2.0,0.0,3.0,8.0,8.0,1.2,1.5555555555555556,1.3333333333333333,1.0740740740740742,1.6,1.6,1.7692307692307692,1.3571428571428572,1.6153846153846154,1.1538461538461537,1.0714285714285714,1.0,0.4444444444444444,0.25925925925925924,-0.3555555555555556,12.289596697550415,12.37033588345685,4.1808457906541685,12.3234466889063,2.1894196983969327,-0.0807391859064324,1.0,0.0,4.0,3.0,7.0,0.6,1.0,0.9629629629629629,1.2962962962962963,0.6,1.4,1.3076923076923077,0.7142857142857143,1.0769230769230769,1.0769230769230769,0.8571428571428571,1.5,0.25925925925925924,0.48148148148148145,-0.4,12.399126934901318,12.350307166820569,4.239178867422799,12.201756721470954,2.158890670394148,0.04881976808074908
ligue1-2023-2024-04-06-paris-sg-v-clermont,2024-04-06,2023,Paris SG,Clermont,1,1,1,0.5,0.0,346.4429982611766,6,6,999,0,1.0,0,999,0,1.0,0,0,0,1684.1488187359248,1380.9386782514682,303.2101404844566,0.3333333333333333,0.3333333333333333,0.3333333333333333,0,2.0,3.0,0.0,11.0,5.0,1.8,2.2962962962962963,2.3703703703703702,0.8518518518518519,2.2,1.0,2.1538461538461537,2.4285714285714284,2.5384615384615383,1.0769230769230769,2.2142857142857144,0.6428571428571429,0.4074074074074074,0.1111111111111111,-0.49629629629629624,12.289596697550415,12.37033588345685,4.1808457906541685,12.3234466889063,2.1894196983969327,-0.0807391859064324,1.0,1.0,3.0,3.0,10.0,0.8,0.7407407407407407,0.7037037037037037,1.7037037037037037,0.6,2.0,0.7142857142857143,0.7692307692307693,0.6428571428571429,1.7142857142857142,0.7692307692307693,1.6923076923076923,0.18518518518518517,0.48148148148148145,0.059259259259259345,12.399126934901318,12.350307166820569,4.239178867422799,12.201756721470954,2.158890670394148,0.04881976808074908
ligue1-2023-2024-04-07-monaco-v-rennes,2024-04-07,2023,Monaco,Rennes,1,0,2,0.8333333333333334,0.0,852.3786639659552,8,7,999,0,1.0,0,999,0,1.0,0,0,0,1569.8543491585226,1525.2343597979682,44.61998936055443,0.3333333333333333,0.3333333333333333,0.3333333333333333,0,3.0,2.0,0.0,11.0,6.0,2.2,1.8148148148148149,1.9259259259259258,1.4074074074074074,2.2,1.2,1.6153846153846154,2.0,1.5384615384615385,1.0,2.2857142857142856,1.7857142857142858,0.25925925925925924,0.18518518518518517,0.3851851851851853,12.289596697550415,12.37033588345685,4.1808457906541685,12.3234466889063,2.1894196983969327,-0.0807391859064324,1.0,2.0,2.0,6.0,7.0,1.0,1.4444444444444444,1.4814814814814814,1.2222222222222223,1.2,1.4,1.7142857142857142,1.1538461538461537,2.0,1.2857142857142858,0.9230769230769231,1.1538461538461537,0.2222222222222222,0.25925925925925924,-0.4444444444444444,12.399126934901318,12.350307166820569,4.239178867422799,12.201756721470954,2.158890670394148,0.04881976808074908
ligue1-2023-2024-04-07-toulouse-v-strasbourg,2024-04-07,2023,Toulouse,Strasbourg,0,0,1,0.4166666666666667,0.0,737.0780289455665,7,7,999,0,1.0,0,999,0,1.0,0,0,0,1480.7864346757672,1469.3498327830232,11.436601892743965,0.3333333333333333,0.3333333333333333,0.3333333333333333,0,3.0,0.0,2.0,10.0,6.0,1.8,1.1851851851851851,1.1851851851851851,1.3333333333333333,2.0,1.2,1.0769230769230769,1.2857142857142858,1.3846153846153846,1.3846153846153846,1.0,1.2857142857142858,0.18518518518518517,0.2962962962962963,0.6148148148148149,12.289596697550415,12.37033588345685,4.1808457906541685,12.3234466889063,2.1894196983969327,-0.0807391859064324,2.0,1.0,2.0,7.0,7.0,1.4,1.1851851851851851,1.1111111111111112,1.4444444444444444,1.4,1.4,1.2857142857142858,1.0769230769230769,1.1428571428571428,1.2857142857142858,1.0769230769230769,1.6153846153846154,0.14814814814814814,0.25925925925925924,0.2148148148148148,12.399126934901318,12.350307166820569,4.239178867422799,12.201756721470954,2.158890670394148,0.04881976808074908
ligue1-2023-2024-04-07-nantes-v-lyon,2024-04-07,2023,Nantes,Lyon,1,3,0,0.08333333333333333,0.0,524.5304602260443,7,8,999,0,1.0,0,999,0,1.0,0,0,0,1422.2066439966409,1483.179193357242,-60.97254936060108,0.3333333333333333,0.3333333333333333,0.3333333333333333,0,2.0,0.0,3.0,4.0,8.0,1.2,1.037037037037037,0.9629629629629629,1.5555555555555556,0.8,1.6,0.8571428571428571,1.2307692307692308,1.0714285714285714,1.5714285714285714,0.8461538461538461,1.5384615384615385,0.2222222222222222,0.4074074074074074,0.16296296296296298,12.289596697550415,12.37033588345685,4.1808457906541685,12.3234466889063,2.1894196983969327,-0.0807391859064324,3.0,1.0,1.0,8.0,7.0,2.0,1.2962962962962963,1.1481481481481481,1.5185185185185186,1.6,1.4,1.1428571428571428,1.4615384615384615,1.1428571428571428,1.6428571428571428,1.1538461538461537,1.3846153846153846,0.3333333333333333,0.25925925925925924,0.7037037037037037,12.399126934901318,12.350307166820569,4.239178867422799,12.201756721470954,2.158890670394148,0.04881976808074908
ligue1-2023-2024-04-07-montpellier-v-lorient,2024-04-07,2023,Montpellier,Lorient,2,0,2,1.0,0.0,721.9210354166613,7,7,999,0,1.0,0,999,0,1.0,0,0,0,1471.8466478634034,1434.40401214299,37.442635720413364,0.3333333333333333,0.3333333333333333,0.3333333333333333,0,2.0,1.0,2.0,9.0,13.0,1.4,1.1111111111111112,1.2222222222222223,1.4814814814814814,1.8,2.6,1.0,1.2307692307692308,1.2142857142857142,1.4285714285714286,1.2307692307692308,1.5384615384615385,0.3333333333333333,0.3333333333333333,0.28888888888888875,12.289596697550415,12.37033588345685,4.1808457906541685,12.3234466889063,2.1894196983969327,-0.0807391859064324,1.0,1.0,3.0,4.0,7.0,0.8,0.9629629629629629,1.2962962962962963,1.8518518518518519,0.8,1.4,0.9285714285714286,1.0,1.3571428571428572,1.7142857142857142,1.2307692307692308,2.0,0.1111111111111111,0.4074074074074074,-0.16296296296296287,12.399126934901318,12.350307166820569,4.239178867422799,12.201756721470954,2.158890670394148,0.04881976808074908
ligue1-2023-2024-04-07-brest-v-metz,2024-04-07,2023,Brest,Metz,4,3,2,1.0,0.0,784.6069654115464,7,8,999,0,1.0,0,999,0,1.0,0,0,0,1589.248222052797,1406.55982883087,182.68839322192707,0.3333333333333333,0.3333333333333333,0.3333333333333333,0,3.0,1.0,1.0,6.0,2.0,2.0,1.8518518518518519,1.3703703703703705,0.7407407407407407,1.2,0.4,2.0,1.7142857142857142,1.5384615384615385,0.6153846153846154,1.2142857142857142,0.8571428571428571,0.48148148148148145,0.25925925925925924,0.14814814814814814,12.289596697550415,12.37033588345685,4.1808457906541685,12.3234466889063,2.1894196983969327,-0.0807391859064324,2.0,0.0,3.0,7.0,9.0,1.2,0.8518518518518519,0.9259259259259259,1.6296296296296295,1.4,1.8,0.6923076923076923,1.0,0.9230769230769231,1.4615384615384615,0.9285714285714286,1.7857142857142858,0.18518518518518517,0.37037037037037035,0.3481481481481481,12.399126934901318,12.350307166820569,4.239178867422799,12.201756721470954,2.158890670394148,0.04881976808074908
ligue1-2023-2024-04-07-reims-v-nice,2024-04-07,2023,Reims,Nice,0,0,1,0.125,0.0,665.6866286005725,8,7,999,0,1.0,0,999,0,1.0,0,0,0,1502.4283561566947,1511.5165517810622,-9.088195624367472,0.3333333333333333,0.3333333333333333,0.3333333333333333,0,2.0,2.0,1.0,7.0,6.0,1.6,1.4444444444444444,1.2962962962962963,1.3333333333333333,1.4,1.2,1.5384615384615385,1.3571428571428572,1.1538461538461537,1.1538461538461537,1.4285714285714286,1.5,0.2222222222222222,0.18518518518518517,0.15555555555555567,12.289596697550415,12.37033588345685,4.1808457906541685,12.3234466889063,2.1894196983969327,-0.0807391859064324,1.0,1.0,3.0,6.0,7.0,0.8,1.5925925925925926,1.037037037037037,0.8148148148148148,1.2,1.4,1.7857142857142858,1.3846153846153846,1.1428571428571428,0.6428571428571429,0.9230769230769231,1.0,0.5185185185185185,0.2962962962962963,-0.7925925925925925,12.399126934901318,12.350307166820569,4.239178867422799,12.201756721470954,2.158890670394148,0.04881976808074908
ligue1-2023-2024-04-12-metz-v-lens,2024-04-12,2023,Metz,Lens,2,1,2,0.75,0.0,282.376166484511,5,6,999,0,1.0,0,999,0,1.0,0,0,0,1403.2757768103183,1534.8917286041833,-131.61595179386495,0.3333333333333333,0.3333333333333333,0.3333333333333333,0,2.0,0.0,3.0,9.0,11.0,1.2,0.8214285714285714,1.0,1.7142857142857142,1.8,2.2,0.6923076923076923,0.9333333333333333,0.9230769230769231,1.4615384615384615,1.0666666666666667,1.9333333333333333,0.17857142857142858,0.35714285714285715,0.37857142857142856,12.289596697550415,12.37033588345685,4.1808457906541685,12.3234466889063,2.1894196983969327,-0.0807391859064324,2.0,1.0,2.0,7.0,6.0,1.4,1.5357142857142858,1.3214285714285714,1.0714285714285714,1.4,1.2,1.7142857142857142,1.3571428571428572,1.5714285714285714,1.1428571428571428,1.0714285714285714,1.0,0.42857142857142855,0.25,-0.1357142857142859,12.399126934901318,12.350307166820569,4.239178867422799,12.201756721470954,2.158890670394148,0.04881976808074908
ligue1-2023-2024-04-13-rennes-v-toulouse,2024-04-13,2023,Rennes,Toulouse,1,2,0,0.3333333333333333,0.0,556.5344633984116,6,6,999,0,1.0,0,999,0,1.0,0,0,0,1519.1720236607084,1477.6846729580882,41.48735070262023,0.3333333333333333,0.3333333333333333,0.3333333333333333,0,1.0,1.0,3.0,5.0,7.0,0.8,1.3928571428571428,1.4285714285714286,1.2142857142857142,1.0,1.4,1.7142857142857142,1.0714285714285714,2.0,1.2857142857142858,0.8571428571428571,1.1428571428571428,0.21428571428571427,0.2857142857142857,-0.5928571428571427,12.289596697550415,12.37033588345685,4.1808457906541685,12.3234466889063,2.1894196983969327,-0.0807391859064324,2.0,1.0,2.0,7.0,5.0,1.4,1.1785714285714286,1.1428571428571428,1.2857142857142858,1.4,1.0,1.0714285714285714,1.2857142857142858,1.2857142857142858,1.2857142857142858,1.0,1.2857142857142858,0.21428571428571427,0.32142857142857145,0.2214285714285713,12.399126934901318,12.350307166820569,4.239178867422799,12.201756721470954,2.158890670394148,0.04881976808074908
ligue1-2023-2024-04-13-strasbourg-v-reims,2024-04-13,2023,Strasbourg,Reims,3,1,2,0.625,0.0,283.38675868985155,6,6,999,0,1.0,0,999,0,1.0,0,0,0,1472.4515945007022,1499.869832194609,-27.418237693906804,0.3333333333333333,0.3333333333333333,0.3333333333333333,0,2.0,2.0,1.0,7.0,4.0,1.6,1.1785714285714286,1.0714285714285714,1.3928571428571428,1.4,0.8,1.2857142857142858,1.0714285714285714,1.1428571428571428,1.2857142857142858,1.0,1.5,0.17857142857142858,0.2857142857142857,0.4214285714285715,12.289596697550415,12.37033588345685,4.1808457906541685,12.3234466889063,2.1894196983969327,-0.0807391859064324,1.0,3.0,1.0,5.0,5.0,1.2,1.4285714285714286,1.25,1.2857142857142858,1.0,1.0,1.5,1.3571428571428572,1.0714285714285714,1.0714285714285714,1.4285714285714286,1.5,0.25,0.21428571428571427,-0.22857142857142865,12.399126934901318,12.350307166820569,4.239178867422799,12.201756721470954,2.158890670394148,0.04881976808074908
ligue1-2023-2024-04-14-lyon-v-brest,2024-04-14,2023,Lyon,Brest,4,3,2,0.5833333333333334,0.0,773.3172145406065,7,7,999,0,1.0,0,999,0,1.0,0,0,0,1498.9032674742139,1592.5322740733486,-93.62900659913475,0.3333333333333333,0.3333333333333333,0.3333333333333333,0,3.0,1.0,1.0,9.0,7.0,2.0,1.3571428571428572,1.2142857142857142,1.5,1.8,1.4,1.1428571428571428,1.5714285714285714,1.1428571428571428,1.6428571428571428,1.2857142857142858,1.3571428571428572,0.32142857142857145,0.25,0.6428571428571428,12.289596697550415,12.37033588345685,4.1808457906541685,12.3234466889063,2.1894196983969327,-0.0807391859064324,3.0,1.0,1.0,7.0,5.0,2.0,1.8928571428571428,1.4642857142857142,0.8214285714285714,1.4,1.0,2.0714285714285716,1.7142857142857142,1.7142857142857142,0.7857142857142857,1.2142857142857142,0.8571428571428571,0.4642857142857143,0.25,0.1071428571428572,12.399126934901318,12.350307166820569,4.239178867422799,12.201756721470954,2.158890670394148,0.04881976808074908
ligue1-2023-2024-04-14-clermont-v-montpellier,2024-04-14,2023,Clermont,Montpellier,1,1,1,0.5,0.0,247.14259588382225,8,7,999,0,1.0,0,999,0,1.0,0,0,0,1389.1508103005813,1480.668925716167,-91.51811541558573,0.3333333333333333,0.3333333333333333,0.3333333333333333,0,1.0,1.0,3.0,4.0,11.0,0.8,0.75,0.7142857142857143,1.6785714285714286,0.8,2.2,0.7142857142857143,0.7857142857142857,0.6428571428571429,1.7142857142857142,0.7857142857142857,1.6428571428571428,0.17857142857142858,0.4642857142857143,0.050000000000000044,12.289596697550415,12.37033588345685,4.1808457906541685,12.3234466889063,2.1894196983969327,-0.0807391859064324,3.0,1.0,1.0,10.0,9.0,2.0,1.1785714285714286,1.25,1.4285714285714286,2.0,1.8,1.1333333333333333,1.2307692307692308,1.2666666666666666,1.3333333333333333,1.2307692307692308,1.5384615384615385,0.35714285714285715,0.32142857142857145,0.8214285714285714,12.399126934901318,12.350307166820569,4.239178867422799,12.201756721470954,2.158890670394148,0.04881976808074908
ligue1-2023-2024-04-14-le-havre-v-nantes,2024-04-14,2023,Le Havre,Nantes,0,1,0,0.5,0.0,276.4948213461697,8,7,999,0,1.0,0,999,0,1.0,0,0,0,1442.90791051006,1406.482569879669,36.42534063039102,0.3333333333333333,0.3333333333333333,0.3333333333333333,0,1.0,1.0,3.0,3.0,6.0,0.8,1.0,0.9642857142857143,1.2857142857142858,0.6,1.2,1.3076923076923077,0.7333333333333333,1.0769230769230769,1.0769230769230769,0.8666666666666667,1.4666666666666666,0.25,0.4642857142857143,-0.19999999999999996,12.289596697550415,12.37033588345685,4.1808457906541685,12.3234466889063,2.1894196983969327,-0.0807391859064324,1.0,0.0,4.0,4.0,11.0,0.6,1.0,0.9642857142857143,1.6071428571428572,0.8,2.2,0.8,1.2307692307692308,1.0666666666666667,1.6666666666666667,0.8461538461538461,1.5384615384615385,0.21428571428571427,0.39285714285714285,-0.4,12.399126934901318,12.350307166820569,4.239178867422799,12.201756721470954,2.158890670394148,0.04881976808074908
ligue1-2023-2024-04-19-nice-v-lorient,2024-04-19,2023,Nice,Lorient,3,0,2,0.5,0.0,938.7534291162799,12,12,999,0,1.0,0,999,0,1.0,0,0,0,1514.0750757431479,1425.5817342902264,88.49334145292141,0.3333333333333333,0.3333333333333333,0.3333333333333333,0,1.0,1.0,3.0,6.0,7.0,0.8,1.5714285714285714,1.0,0.7857142857142857,1.2,1.4,1.7857142857142858,1.3571428571428572,1.1428571428571428,0.6428571428571429,0.8571428571428571,0.9285714285714286,0.5357142857142857,0.32142857142857145,-0.7714285714285714,12.289596697550415,12.37033588345685,4.1808457906541685,12.3234466889063,2.1894196983969327,-0.0807391859064324,1.0,1.0,3.0,4.0,8.0,0.8,0.9285714285714286,1.25,1.8571428571428572,0.8,1.6,0.9285714285714286,0.9285714285714286,1.3571428571428572,1.7142857142857142,1.1428571428571428,2.0,0.10714285714285714,0.42857142857142855,-0.12857142857142856,12.399126934901318,12.350307166820569,4.239178867422799,12.201756721470954,2.158890670394148,0.04881976808074908
ligue1-2023-2024-04-20-nantes-v-rennes,2024-04-20,2023,Nantes,Rennes,0,3,0,0.25,0.0,95.03828213317865,6,7,999,0,1.0,0,999,0,1.0,0,0,0,1420.2191128979086,1505.3108135576044,-85.09170065969579,0.3333333333333333,0.3333333333333333,0.3333333333333333,0,2.0,0.0,3.0,5.0,9.0,1.2,1.0689655172413792,0.9655172413793104,1.5517241379310345,1.0,1.8,0.8,1.3571428571428572,1.0666666666666667,1.6666666666666667,0.8571428571428571,1.4285714285714286,0.2413793103448276,0.3793103448275862,0.13103448275862073,12.289596697550415,12.37033588345685,4.1808457906541685,12.3234466889063,2.1894196983969327,-0.0807391859064324,1.0,1.0,3.0,5.0,7.0,0.8,1.3448275862068966,1.4137931034482758,1.2413793103448276,1.0,1.4,1.6,1.0714285714285714,1.9333333333333333,1.3333333333333333,0.8571428571428571,1.1428571428571428,0.20689655172413793,0.27586206896551724,-0.5448275862068965,12.399126934901318,12.350307166820569,4.239178867422799,12.201756721470954,2.158890670394148,0.04881976808074908
ligue1-2023-2024-04-20-lens-v-clermont,2024-04-20,2023,Lens,Clermont,1,0,2,1.0,0.0,517.7697548329149,8,6,999,0,1.0,0,999,0,1.0,0,0,0,1523.984251810897,1388.906730525481,135.07752128541597,0.3333333333333333,0.3333333333333333,0.3333333333333333,0,1.0,1.0,3.0,5.0,8.0,0.8,1.4827586206896552,1.3103448275862069,1.103448275862069,1.0,1.6,1.7142857142857142,1.2666666666666666,1.5714285714285714,1.1428571428571428,1.0666666666666667,1.0666666666666667,0.41379310344827586,0.2413793103448276,-0.6827586206896552,12.289596697550415,12.37033588345685,4.1808457906541685,12.3234466889063,2.1894196983969327,-0.0807391859064324,1.0,2.0,2.0,4.0,7.0,1.0,0.7586206896551724,0.7241379310344828,1.6551724137931034,0.8,1.4,0.7333333333333333,0.7857142857142857,0.6666666666666666,1.6666666666666667,0.7857142857142857,1.6428571428571428,0.1724137931034483,0.4482758620689655,0.24137931034482762,12.399126934901318,12.350307166820569,4.239178867422799,12.201756721470954,2.158890670394148,0.04881976808074908
ligue1-2023-2024-04-21-paris-sg-v-lyon,2024-04-21,2023,Paris SG,Lyon,4,1,2,0.8333333333333334,0.0,398.9663802706939,15,7,999,0,1.0,0,999,0,1.0,0,0,0,1675.9366866868118,1508.719916094144,167.21677059266767,0.3333333333333333,0.3333333333333333,0.3333333333333333,0,2.0,3.0,0.0,11.0,5.0,1.8,2.25,2.3214285714285716,0.8571428571428571,2.2,1.0,2.0714285714285716,2.4285714285714284,2.4285714285714284,1.0714285714285714,2.2142857142857144,0.6428571428571429,0.39285714285714285,0.10714285714285714,-0.44999999999999996,12.289596697550415,12.37033588345685,4.1808457906541685,12.3234466889063,2.1894196983969327,-0.0807391859064324,4.0,1.0,0.0,13.0,7.0,2.6,1.4137931034482758,1.3103448275862069,1.5517241379310345,2.6,1.4,1.2666666666666666,1.5714285714285714,1.3333333333333333,1.7333333333333334,1.2857142857142858,1.3571428571428572,0.3103448275862069,0.2413793103448276,1.1862068965517243,12.399126934901318,12.350307166820569,4.239178867422799,12.201756721470954,2.158890670394148,0.04881976808074908
ligue1-2023-2024-04-21-brest-v-monaco,2024-04-21,2023,Brest,Monaco,0,2,0,0.3333333333333333,0.0,1052.8195441727441,7,14,999,0,1.0,0,999,0,1.0,0,0,0,1582.7156254534184,1575.9166852957824,6.798940157636025,0.3333333333333333,0.3333333333333333,0.3333333333333333,0,2.0,1.0,2.0,9.0,9.0,1.4,1.8275862068965518,1.5172413793103448,0.9310344827586207,1.8,1.8,2.0714285714285716,1.6,1.7142857142857142,0.7857142857142857,1.3333333333333333,1.0666666666666667,0.4482758620689655,0.2413793103448276,-0.4275862068965519,12.289596697550415,12.37033588345685,4.1808457906541685,12.3234466889063,2.1894196983969327,-0.0807391859064324,3.0,2.0,0.0,9.0,4.0,2.2,1.8571428571428572,1.8928571428571428,1.3571428571428572,1.8,0.8,1.7142857142857142,2.0,1.5,0.9285714285714286,2.2857142857142856,1.7857142857142858,0.2857142857142857,0.17857142857142858,0.34285714285714297,12.399126934901318,12.350307166820569,4.239178867422799,12.201756721470954,2.158890670394148,0.04881976808074908
ligue1-2023-2024-04-21-toulouse-v-marseille,2024-04-21,2023,Toulouse,Marseille,2,2,1,0.25,0.0,321.8261915873199,8,16,999,0,1.0,0,999,0,1.0,0,0,0,1491.5458830611922,1513.9480178137346,-22.40213475254245,0.3333333333333333,0.3333333333333333,0.3333333333333333,0,2.0,1.0,2.0,7.0,5.0,1.4,1.2413793103448276,1.1724137931034482,1.2758620689655173,1.4,1.0,1.0714285714285714,1.4,1.2857142857142858,1.2857142857142858,1.0666666666666667,1.2666666666666666,0.20689655172413793,0.3103448275862069,0.1586206896551723,12.289596697550415,12.37033588345685,4.1808457906541685,12.3234466889063,2.1894196983969327,-0.0807391859064324,2.0,0.0,3.0,8.0,8.0,1.2,1.3928571428571428,1.4642857142857142,1.1785714285714286,1.6,1.6,2.0714285714285716,0.7142857142857143,1.7142857142857142,0.6428571428571429,1.2142857142857142,1.7142857142857142,0.25,0.32142857142857145,-0.19285714285714284,12.399126934901318,12.350307166820569,4.239178867422799,12.201756721470954,2.158890670394148,0.04881976808074908
ligue1-2023-2024-04-21-reims-v-montpellier,2024-04-21,2023,Reims,Montpellier,1,2,0,0.625,0.0,628.1411925442256,8,7,999,0,1.0,0,999,0,1.0,0,0,0,1488.6398477218577,1480.9130054912673,7.726842230590364,0.3333333333333333,0.3333333333333333,0.3333333333333333,0,1.0,3.0,1.0,6.0,7.0,1.2,1.3793103448275863,1.2413793103448276,1.3448275862068966,1.2,1.4,1.5,1.2666666666666666,1.0714285714285714,1.0714285714285714,1.4,1.6,0.2413793103448276,0.20689655172413793,-0.17931034482758634,12.289596697550415,12.37033588345685,4.1808457906541685,12.3234466889063,2.1894196983969327,-0.0807391859064324,3.0,1.0,1.0,9.0,8.0,2.0,1.1724137931034482,1.2413793103448276,1.4137931034482758,1.8,1.6,1.1333333333333333,1.2142857142857142,1.2666666666666666,1.3333333333333333,1.2142857142857142,1.5,0.3448275862068966,0.3103448275862069,0.8275862068965518,12.399126934901318,12.350307166820569,4.239178867422799,12.201756721470954,2.158890670394148,0.04881976808074908
ligue1-2023-2024-04-21-le-havre-v-metz,2024-04-21,2023,Le Havre,Metz,0,1,0,0.375,0.0,441.51603152901566,7,9,999,0,1.0,0,999,0,1.0,0,0,0,1429.1713674918203,1414.1832536036047,14.988113888215594,0.3333333333333333,0.3333333333333333,0.3333333333333333,0,1.0,1.0,3.0,3.0,6.0,0.8,0.9655172413793104,0.9310344827586207,1.2758620689655173,0.6,1.2,1.2142857142857142,0.7333333333333333,1.0,1.0714285714285714,0.8666666666666667,1.4666666666666666,0.2413793103448276,0.4827586206896552,-0.16551724137931034,12.289596697550415,12.37033588345685,4.1808457906541685,12.3234466889063,2.1894196983969327,-0.0807391859064324,2.0,0.0,3.0,9.0,12.0,1.2,0.896551724137931,1.0344827586206897,1.6896551724137931,1.8,2.4,0.8571428571428571,0.9333333333333333,1.0,1.4285714285714286,1.0666666666666667,1.9333333333333333,0.1724137931034483,0.3448275862068966,0.3034482758620689,12.399126934901318,12.350307166820569,4.239178867422799,12.201756721470954,2.158890670394148,0.04881976808074908
ligue1-2023-2024-04-21-lille-v-strasbourg,2024-04-21,2023,Lille,Strasbourg,1,0,2,0.25,0.0,403.89067096392466,16,8,999,0,1.0,0,999,0,1.0,0,0,0,1576.5504134876471,1483.6815789734535,92.86883451419362,0.3333333333333333,0.3333333333333333,0.3333333333333333,0,3.0,2.0,0.0,9.0,5.0,2.2,1.75,1.5,0.8928571428571429,1.8,1.0,2.357142857142857,1.1428571428571428,2.0,0.5714285714285714,1.0,1.2142857142857142,0.5,0.10714285714285714,0.4500000000000002,12.289596697550415,12.37033588345685,4.1808457906541685,12.3234466889063,2.1894196983969327,-0.0807391859064324,3.0,1.0,1.0,8.0,3.0,2.0,1.2413793103448276,1.1379310344827587,1.3793103448275863,1.6,0.6,1.4,1.0714285714285714,1.2666666666666666,1.2666666666666666,1.0,1.5,0.1724137931034483,0.27586206896551724,0.7586206896551724,12.399126934901318,12.350307166820569,4.239178867422799,12.201756721470954,2.158890670394148,0.04881976808074908
ligue1-2023-2024-04-24-marseille-v-nice,2024-04-24,2023,Marseille,Nice,2,2,1,0.5,0.0,158.3915479065629,3,5,999,0,1.0,0,999,0,1.0,0,0,0,1516.1450533832146,1522.8236857491831,-6.678632365968497,0.3333333333333333,0.3333333333333333,0.3333333333333333,0,1.0,1.0,3.0,5.0,9.0,0.8,1.3793103448275863,1.4827586206896552,1.206896551724138,1.0,1.8,2.0714285714285716,0.7333333333333333,1.7142857142857142,0.6428571428571429,1.2666666666666666,1.7333333333333334,0.2413793103448276,0.3103448275862069,-0.5793103448275863,12.289596697550415,12.37033588345685,4.1808457906541685,12.3234466889063,2.1894196983969327,-0.0807391859064324,2.0,1.0,2.0,8.0,5.0,1.4,1.6206896551724137,1.0689655172413792,0.7586206896551724,1.6,1.0,1.8666666666666667,1.3571428571428572,1.2666666666666666,0.6,0.8571428571428571,0.9285714285714286,0.5517241379310345,0.3103448275862069,-0.2206896551724138,12.399126934901318,12.350307166820569,4.239178867422799,12.201756721470954,2.158890670394148,0.04881976808074908
ligue1-2023-2024-04-24-lorient-v-paris-sg,2024-04-24,2023,Lorient,Paris SG,1,4,0,0.375,0.0,432.96835104246736,5,3,999,0,1.0,0,999,0,1.0,0,0,0,1416.8331242841912,1682.0609998017594,-265.22787551756824,0.3333333333333333,0.3333333333333333,0.3333333333333333,0,0.0,1.0,4.0,2.0,10.0,0.2,0.896551724137931,1.206896551724138,1.896551724137931,0.4,2.0,0.9285714285714286,0.8666666666666667,1.3571428571428572,1.7142857142857142,1.0666666666666667,2.066666666666667,0.10344827586206896,0.4482758620689655,-0.6965517241379311,12.289596697550415,12.37033588345685,4.1808457906541685,12.3234466889063,2.1894196983969327,-0.0807391859064324,3.0,2.0,0.0,15.0,6.0,2.2,2.2758620689655173,2.3793103448275863,0.8620689655172413,3.0,1.2,2.1333333333333333,2.4285714285714284,2.533333333333333,1.0666666666666667,2.2142857142857144,0.6428571428571429,0.3793103448275862,0.10344827586206896,-0.07586206896551717,12.399126934901318,12.350307166820569,4.239178867422799,12.201756721470954,2.158890670394148,0.04881976808074908
ligue1-2023-2024-04-24-monaco-v-lille,2024-04-24,2023,Monaco,Lille,1,0,2,0.25,0.0,830.8226397080704,3,3,999,0,1.0,0,999,0,1.0,0,0,0,1594.2740640569646,1581.5069280259188,12.767136031045766,0.3333333333333333,0.3333333333333333,0.3333333333333333,0,4.0,1.0,0.0,11.0,4.0,2.6,1.896551724137931,1.896551724137931,1.3103448275862069,2.2,0.8,1.7142857142857142,2.066666666666667,1.5,0.9285714285714286,2.2666666666666666,1.6666666666666667,0.3103448275862069,0.1724137931034483,0.703448275862069,12.289596697550415,12.37033588345685,4.1808457906541685,12.3234466889063,2.1894196983969327,-0.0807391859064324,3.0,2.0,0.0,9.0,5.0,2.2,1.793103448275862,1.4827586206896552,0.8620689655172413,1.8,1.0,2.4,1.1428571428571428,1.9333333333333333,0.5333333333333333,1.0,1.2142857142857142,0.5172413793103449,0.10344827586206896,0.4068965517241381,12.399126934901318,12.350307166820569,4.239178867422799,12.201756721470954,2.158890670394148,0.04881976808074908
ligue1-2023-2024-04-26-montpellier-v-nantes,2024-04-26,2023,Montpellier,Nantes,1,1,1,0.125,0.0,580.4176568086543,5,6,999,0,1.0,0,999,0,1.0,0,0,0,1493.9179475514948,1402.1558456856328,91.76210186586195,0.3333333333333333,0.3333333333333333,0.3333333333333333,0,3.0,1.0,1.0,9.0,8.0,2.0,1.2333333333333334,1.2666666666666666,1.4,1.8,1.6,1.1333333333333333,1.3333333333333333,1.2666666666666666,1.3333333333333333,1.2666666666666666,1.4666666666666666,0.3333333333333333,0.3,0.7666666666666666,12.289596697550415,12.37033588345685,4.1808457906541685,12.3234466889063,2.1894196983969327,-0.0807391859064324,2.0,0.0,3.0,5.0,10.0,1.2,1.0333333333333334,0.9333333333333333,1.6,1.0,2.0,0.75,1.3571428571428572,1.0,1.75,0.8571428571428571,1.4285714285714286,0.23333333333333334,0.4,0.16666666666666652,12.399126934901318,12.350307166820569,4.239178867422799,12.201756721470954,2.158890670394148,0.04881976808074908
ligue1-2023-2024-04-27-paris-sg-v-le-havre,2024-04-27,2023,Paris SG,Le Havre,3,3,1,0.9166666666666666,0.0,172.08411043805535,3,6,999,0,1.0,0,999,0,1.0,0,0,0,1691.7139963226084,1415.9775148177894,275.73648150481904,0.3333333333333333,0.3333333333333333,0.3333333333333333,0,4.0,1.0,0.0,17.0,5.0,2.6,2.3,2.433333333333333,0.8666666666666667,3.4,1.0,2.1333333333333333,2.466666666666667,2.533333333333333,1.0666666666666667,2.3333333333333335,0.6666666666666666,0.36666666666666664,0.1,0.30000000000000027,12.289596697550415,12.37033588345685,4.1808457906541685,12.3234466889063,2.1894196983969327,-0.0807391859064324,0.0,1.0,4.0,2.0,7.0,0.2,0.9333333333333333,0.9,1.2666666666666666,0.4,1.4,1.1333333333333333,0.7333333333333333,0.9333333333333333,1.0666666666666667,0.8666666666666667,1.4666666666666666,0.23333333333333334,0.5,-0.7333333333333334,12.399126934901318,12.350307166820569,4.239178867422799,12.201756721470954,2.158890670394148,0.04881976808074908
ligue1-2023-2024-04-28-metz-v-lille,2024-04-28,2023,Metz,Lille,1,2,0,0.125,0.0,274.59672208803795,7,4,999,0,1.0,0,999,0,1.0,0,0,0,1427.3771062776357,1574.6432599460456,-147.26615366840997,0.3333333333333333,0.3333333333333333,0.3333333333333333,0,2.0,0.0,3.0,9.0,12.0,1.2,0.9666666666666667,1.0333333333333334,1.6333333333333333,1.8,2.4,0.8571428571428571,1.0625,1.0,1.4285714285714286,1.0625,1.8125,0.2,0.3333333333333333,0.23333333333333328,12.289596697550415,12.37033588345685,4.1808457906541685,12.3234466889063,2.1894196983969327,-0.0807391859064324,3.0,1.0,1.0,7.0,4.0,2.0,1.7333333333333334,1.4333333333333333,0.8666666666666667,1.4,0.8,2.4,1.0666666666666667,1.9333333333333333,0.5333333333333333,0.9333333333333333,1.2,0.5,0.13333333333333333,0.2666666666666666,12.399126934901318,12.350307166820569,4.239178867422799,12.201756721470954,2.158890670394148,0.04881976808074908
ligue1-2023-2024-04-28-rennes-v-brest,2024-04-28,2023,Rennes,Brest,4,5,0,0.5,0.0,212.8355943201449,8,7,999,0,1.0,0,999,0,1.0,0,0,0,1523.3740807698803,1564.3582466922362,-40.98416592235594,0.3333333333333333,0.3333333333333333,0.3333333333333333,0,2.0,0.0,3.0,6.0,5.0,1.2,1.4,1.4666666666666666,1.2,1.2,1.0,1.6,1.2,1.9333333333333333,1.3333333333333333,1.0,1.0666666666666667,0.23333333333333334,0.26666666666666666,-0.19999999999999996,12.289596697550415,12.37033588345685,4.1808457906541685,12.3234466889063,2.1894196983969327,-0.0807391859064324,2.0,1.0,2.0,9.0,10.0,1.4,1.7666666666666666,1.4666666666666666,0.9666666666666667,1.8,2.0,1.9333333333333333,1.6,1.6,0.8666666666666667,1.3333333333333333,1.0666666666666667,0.43333333333333335,0.26666666666666666,-0.3666666666666667,12.399126934901318,12.350307166820569,4.239178867422799,12.201756721470954,2.158890670394148,0.04881976808074908
ligue1-2023-2024-04-28-lyon-v-monaco,2024-04-28,2023,Lyon,Monaco,3,2,2,0.5,0.0,297.1280574136071,7,4,999,0,1.0,0,999,0,1.0,0,0,0,1502.5956029791964,1601.1377321368377,-98.54212915764128,0.3333333333333333,0.3333333333333333,0.3333333333333333,0,3.0,1.0,1.0,12.0,11.0,2.0,1.3666666666666667,1.3,1.6333333333333333,2.4,2.2,1.2666666666666666,1.4666666666666666,1.3333333333333333,1.7333333333333334,1.2666666666666666,1.5333333333333334,0.3,0.23333333333333334,0.6333333333333333,12.289596697550415,12.37033588345685,4.1808457906541685,12.3234466889063,2.1894196983969327,-0.0807391859064324,4.0,1.0,0.0,11.0,4.0,2.6,1.9333333333333333,1.8666666666666667,1.2666666666666666,2.2,0.8,1.8,2.066666666666667,1.4666666666666666,0.8666666666666667,2.2666666666666666,1.6666666666666667,0.3333333333333333,0.16666666666666666,0.6666666666666667,12.399126934901318,12.350307166820569,4.239178867422799,12.201756721470954,2.158890670394148,0.04881976808074908
ligue1-2023-2024-04-28-marseille-v-lens,2024-04-28,2023,Marseille,Lens,2,1,2,0.5,0.0,820.3051102875671,4,8,999,0,1.0,0,999,0,1.0,0,0,0,1513.521832317732,1528.0911569550788,-14.569324637346654,0.3333333333333333,0.3333333333333333,0.3333333333333333,0,0.0,2.0,3.0,5.0,11.0,0.4,1.3666666666666667,1.5,1.2333333333333334,1.0,2.2,2.0,0.7333333333333333,1.7333333333333334,0.7333333333333333,1.2666666666666666,1.7333333333333334,0.23333333333333334,0.3,-0.9666666666666667,12.289596697550415,12.37033588345685,4.1808457906541685,12.3234466889063,2.1894196983969327,-0.0807391859064324,1.0,1.0,3.0,5.0,8.0,0.8,1.5333333333333334,1.3,1.0666666666666667,1.0,1.6,1.8,1.2666666666666666,1.5333333333333334,1.0666666666666667,1.0666666666666667,1.0666666666666667,0.43333333333333335,0.23333333333333334,-0.7333333333333334,12.399126934901318,12.350307166820569,4.239178867422799,12.201756721470954,2.158890670394148,0.04881976808074908
ligue1-2023-2024-04-28-strasbourg-v-nice,2024-04-28,2023,Strasbourg,Nice,1,3,0,0.3333333333333333,0.0,541.383374978608,7,4,999,0,1.0,0,999,0,1.0,0,0,0,1478.7250644351818,1525.4469068146657,-46.72184237948386,0.3333333333333333,0.3333333333333333,0.3333333333333333,0,3.0,1.0,1.0,8.0,3.0,2.0,1.2,1.1,1.3666666666666667,1.6,0.6,1.4,1.0,1.2666666666666666,1.2666666666666666,0.9333333333333333,1.4666666666666666,0.16666666666666666,0.3,0.8,12.289596697550415,12.37033588345685,4.1808457906541685,12.3234466889063,2.1894196983969327,-0.0807391859064324,2.0,2.0,1.0,9.0,5.0,1.6,1.6,1.1,0.8,1.8,1.0,1.8666666666666667,1.3333333333333333,1.2666666666666666,0.6,0.9333333333333333,1.0,0.5333333333333333,0.3,0.0,12.399126934901318,12.350307166820569,4.239178867422799,12.201756721470954,2.158890670394148,0.04881976808074908
ligue1-2023-2024-04-28-lorient-v-toulouse,2024-04-28,2023,Lorient,Toulouse,1,2,0,0.3,0.0,594.4066721144292,4,7,999,0,1.0,0,999,0,1.0,0,0,0,1407.1801277633422,1489.3488474917121,-82.16871972836998,0.3333333333333333,0.3333333333333333,0.3333333333333333,0,0.0,1.0,4.0,3.0,12.0,0.2,0.8666666666666667,1.2,1.9666666666666666,0.6,2.4,0.8666666666666667,0.8666666666666667,1.3333333333333333,1.8666666666666667,1.0666666666666667,2.066666666666667,0.1,0.43333333333333335,-0.6666666666666667,12.289596697550415,12.37033588345685,4.1808457906541685,12.3234466889063,2.1894196983969327,-0.0807391859064324,2.0,2.0,1.0,9.0,6.0,1.6,1.2333333333333334,1.2,1.3,1.8,1.2,1.0666666666666667,1.4,1.3333333333333333,1.3333333333333333,1.0666666666666667,1.2666666666666666,0.2,0.3,0.3666666666666667,12.399126934901318,12.350307166820569,4.239178867422799,12.201756721470954,2.158890670394148,0.04881976808074908
ligue1-2023-2024-04-28-clermont-v-reims,2024-04-28,2023,Clermont,Reims,4,1,2,0.5,0.0,392.8017634481676,8,7,999,0,1.0,0,999,0,1.0,0,0,0,1384.7998253812991,1475.6349056616302,-90.83508028033111,0.3333333333333333,0.3333333333333333,0.3333333333333333,0,1.0,2.0,2.0,4.0,7.0,1.0,0.7333333333333333,0.7,1.6333333333333333,0.8,1.4,0.7333333333333333,0.7333333333333333,0.6666666666666666,1.6666666666666667,0.7333333333333333,1.6,0.16666666666666666,0.4666666666666667,0.2666666666666667,12.289596697550415,12.37033588345685,4.1808457906541685,12.3234466889063,2.1894196983969327,-0.0807391859064324,1.0,2.0,2.0,5.0,7.0,1.0,1.3333333333333333,1.2333333333333334,1.3666666666666667,1.0,1.4,1.4,1.2666666666666666,1.0666666666666667,1.1333333333333333,1.4,1.6,0.23333333333333334,0.2,-0.33333333333333326,12.399126934901318,12.350307166820569,4.239178867422799,12.201756721470954,2.158890670394148,0.04881976808074908
ligue1-2023-2024-05-03-toulouse-v-montpellier,2024-05-03,2023,Toulouse,Montpellier,1,2,0,0.25,0.0,191.11297829745882,5,7,999,0,1.0,0,999,0,1.0,0,0,0,1499.8616228550518,1488.8982518514786,10.96337100357323,0.3333333333333333,0.3333333333333333,0.3333333333333333,0,3.0,2.0,0.0,9.0,4.0,2.2,1.2903225806451613,1.2258064516129032,1.2903225806451613,1.8,0.8,1.0666666666666667,1.5,1.3333333333333333,1.3333333333333333,1.125,1.25,0.1935483870967742,0.2903225806451613,0.9096774193548389,12.289596697550415,12.37033588345685,4.1808457906541685,12.3234466889063,2.1894196983969327,-0.0807391859064324,3.0,2.0,0.0,8.0,3.0,2.2,1.2258064516129032,1.2580645161290323,1.3870967741935485,1.6,0.6,1.125,1.3333333333333333,1.25,1.3125,1.2666666666666666,1.4666666666666666,0.3225806451612903,0.2903225806451613,0.9741935483870969,12.399126934901318,12.350307166820569,4.239178867422799,12.201756721470954,2.158890670394148,0.04881976808074908
ligue1-2023-2024-05-03-lens-v-lorient,2024-05-03,2023,Lens,Lorient,2,0,2,0.5,0.0,539.770660062649,5,5,999,0,1.0,0,999,0,1.0,0,0,0,1520.5016631881963,1396.6673524000025,123.83431078819376,0.3333333333333333,0.3333333333333333,0.3333333333333333,0,1.0,1.0,3.0,5.0,7.0,0.8,1.4838709677419355,1.2903225806451613,1.096774193548387,1.0,1.4,1.8,1.1875,1.5333333333333334,1.0666666666666667,1.0625,1.125,0.41935483870967744,0.22580645161290322,-0.6838709677419355,12.289596697550415,12.37033588345685,4.1808457906541685,12.3234466889063,2.1894196983969327,-0.0807391859064324,0.0,0.0,5.0,2.0,12.0,0.0,0.8387096774193549,1.1935483870967742,1.967741935483871,0.4,2.4,0.8125,0.8666666666666667,1.3125,1.875,1.0666666666666667,2.066666666666667,0.0967741935483871,0.41935483870967744,-0.8387096774193549,12.399126934901318,12.350307166820569,4.239178867422799,12.201756721470954,2.158890670394148,0.04881976808074908
ligue1-2023-2024-05-04-brest-v-nantes,2024-05-04,2023,Brest,Nantes,0,0,1,0.75,0.0,254.4724542753612,6,8,999,0,1.0,0,999,0,1.0,0,0,0,1576.040708712721,1407.175541385649,168.86516732707196,0.3333333333333333,0.3333333333333333,0.3333333333333333,0,3.0,0.0,2.0,13.0,13.0,1.8,1.8064516129032258,1.5806451612903225,1.064516129032258,2.6,2.6,1.9333333333333333,1.6875,1.6,0.8666666666666667,1.5625,1.25,0.41935483870967744,0.25806451612903225,-0.006451612903225712,12.289596697550415,12.37033588345685,4.1808457906541685,12.3234466889063,2.1894196983969327,-0.0807391859064324,2.0,1.0,2.0,5.0,8.0,1.4,1.032258064516129,0.9354838709677419,1.5806451612903225,1.0,1.6,0.75,1.3333333333333333,1.0,1.75,0.8666666666666667,1.4,0.22580645161290322,0.3870967741935484,0.3677419354838709,12.399126934901318,12.350307166820569,4.239178867422799,12.201756721470954,2.158890670394148,0.04881976808074908
ligue1-2023-2024-05-04-metz-v-rennes,2024-05-04,2023,Metz,Rennes,2,3,0,0.125,0.0,584.7711336428284,6,6,999,0,1.0,0,999,0,1.0,0,0,0,1418.7292044131736,1511.6916187493955,-92.96241433622185,0.3333333333333333,0.3333333333333333,0.3333333333333333,0,2.0,0.0,3.0,9.0,12.0,1.2,0.9354838709677419,1.032258064516129,1.6451612903225807,1.8,2.4,0.8,1.0625,1.0,1.4666666666666666,1.0625,1.8125,0.1935483870967742,0.3225806451612903,0.2645161290322581,12.289596697550415,12.37033588345685,4.1808457906541685,12.3234466889063,2.1894196983969327,-0.0807391859064324,1.0,0.0,4.0,8.0,10.0,0.6,1.3548387096774193,1.5483870967741935,1.3225806451612903,1.6,2.0,1.5,1.2,2.0625,1.5625,1.0,1.0666666666666667,0.22580645161290322,0.25806451612903225,-0.7548387096774193,12.399126934901318,12.350307166820569,4.239178867422799,12.201756721470954,2.158890670394148,0.04881976808074908
ligue1-2023-2024-05-04-le-havre-v-strasbourg,2024-05-04,2023,Le Havre,Strasbourg,3,1,2,0.5,0.0,566.9490982566977,7,6,999,0,1.0,0,999,0,1.0,0,0,0,1423.9149008646752,1462.4311170796086,-38.516216214933365,0.3333333333333333,0.3333333333333333,0.3333333333333333,0,0.0,2.0,3.0,4.0,8.0,0.4,0.9354838709677419,0.967741935483871,1.3225806451612903,0.8,1.6,1.1333333333333333,0.75,0.9333333333333333,1.0666666666666667,1.0,1.5625,0.22580645161290322,0.4838709677419355,-0.5354838709677419,12.289596697550415,12.37033588345685,4.1808457906541685,12.3234466889063,2.1894196983969327,-0.0807391859064324,2.0,1.0,2.0,6.0,5.0,1.4,1.1612903225806452,1.096774193548387,1.4193548387096775,1.2,1.0,1.3125,1.0,1.25,1.375,0.9333333333333333,1.4666666666666666,0.16129032258064516,0.2903225806451613,0.23870967741935467,12.399126934901318,12.350307166820569,4.239178867422799,12.201756721470954,2.158890670394148,0.04881976808074908
ligue1-2023-2024-05-04-monaco-v-clermont,2024-05-04,2023,Monaco,Clermont,4,1,2,1.0,0.0,408.8577053116482,6,6,999,0,1.0,0,999,0,1.0,0,0,0,1591.1796927864327,1401.6635458869448,189.51614689948792,0.3333333333333333,0.3333333333333333,0.3333333333333333,0,4.0,0.0,1.0,11.0,5.0,2.4,1.8709677419354838,1.8709677419354838,1.3225806451612903,2.2,1.0,1.8,1.9375,1.4666666666666666,0.8666666666666667,2.25,1.75,0.3225806451612903,0.16129032258064516,0.5290322580645161,12.289596697550415,12.37033588345685,4.1808457906541685,12.3234466889063,2.1894196983969327,-0.0807391859064324,1.0,2.0,2.0,6.0,7.0,1.0,0.8064516129032258,0.8064516129032258,1.6129032258064515,1.2,1.4,0.875,0.7333333333333333,0.875,1.625,0.7333333333333333,1.6,0.16129032258064516,0.45161290322580644,0.19354838709677424,12.399126934901318,12.350307166820569,4.239178867422799,12.201756721470954,2.158890670394148,0.04881976808074908
ligue1-2023-2024-05-06-lille-v-lyon,2024-05-06,2023,Lille,Lyon,3,4,0,0.25,0.0,555.9982645185426,8,8,999,0,1.0,0,999,0,1.0,0,0,0,1583.2911618105077,1512.5536423296014,70.73751948090626,0.3333333333333333,0.3333333333333333,0.3333333333333333,0,4.0,0.0,1.0,8.0,4.0,2.4,1.7741935483870968,1.4516129032258065,0.8709677419354839,1.6,0.8,2.4,1.1875,1.9333333333333333,0.5333333333333333,1.0,1.1875,0.4838709677419355,0.12903225806451613,0.6258064516129032,12.289596697550415,12.37033588345685,4.1808457906541685,12.3234466889063,2.1894196983969327,-0.0807391859064324,3.0,1.0,1.0,12.0,11.0,2.0,1.4193548387096775,1.3548387096774193,1.6451612903225807,2.4,2.2,1.375,1.4666666666666666,1.4375,1.75,1.2666666666666666,1.5333333333333334,0.2903225806451613,0.22580645161290322,0.5806451612903225,12.399126934901318,12.350307166820569,4.239178867422799,12.201756721470954,2.158890670394148,0.04881976808074908
ligue1-2023-2024-05-10-brest-v-reims,2024-05-10,2023,Brest,Reims,1,1,1,0.75,0.0,630.2473601689082,6,12,999,0,1.0,0,999,0,1.0,0,0,0,1569.5490472421302,1458.7711851559845,110.77786208614566,0.3333333333333333,0.3333333333333333,0.3333333333333333,0,2.0,1.0,2.0,12.0,13.0,1.4,1.78125,1.53125,1.03125,2.4,2.6,1.875,1.6875,1.5,0.8125,1.5625,1.25,0.4375,0.28125,-0.3812500000000001,12.289596697550415,12.37033588345685,4.1808457906541685,12.3234466889063,2.1894196983969327,-0.0807391859064324,0.0,2.0,3.0,4.0,10.0,0.4,1.2903225806451613,1.2258064516129032,1.4516129032258065,0.8,2.0,1.4,1.1875,1.0666666666666667,1.1333333333333333,1.375,1.75,0.22580645161290322,0.1935483870967742,-0.8903225806451612,12.399126934901318,12.350307166820569,4.239178867422799,12.201756721470954,2.158890670394148,0.04881976808074908
ligue1-2023-2024-05-10-nice-v-le-havre,2024-05-10,2023,Nice,Le Havre,1,0,2,0.5833333333333334,0.0,844.0993952448574,12,6,999,0,1.0,0,999,0,1.0,0,0,0,1541.740854170239,1435.580181370934,106.16067279930485,0.3333333333333333,0.3333333333333333,0.3333333333333333,0,2.0,2.0,1.0,9.0,5.0,1.6,1.6451612903225807,1.1612903225806452,0.8064516129032258,1.8,1.0,1.8666666666666667,1.4375,1.2666666666666666,0.6,1.0625,1.0,0.5161290322580645,0.2903225806451613,-0.04516129032258065,12.289596697550415,12.37033588345685,4.1808457906541685,12.3234466889063,2.1894196983969327,-0.0807391859064324,1.0,2.0,2.0,7.0,7.0,1.0,1.0,1.03125,1.3125,1.4,1.4,1.25,0.75,1.0625,1.0625,1.0,1.5625,0.21875,0.46875,0.0,12.399126934901318,12.350307166820569,4.239178867422799,12.201756721470954,2.158890670394148,0.04881976808074908
ligue1-2023-2024-05-12-nantes-v-lille,2024-05-12,2023,Nantes,Lille,1,2,0,0.25,0.0,504.6575730247583,8,6,999,0,1.0,0,999,0,1.0,0,0,0,1413.6672028562398,1568.7377178754682,-155.07051501922842,0.3333333333333333,0.3333333333333333,0.3333333333333333,0,1.0,2.0,2.0,3.0,7.0,1.0,1.03125,0.90625,1.53125,0.6,1.4,0.75,1.3125,1.0,1.75,0.8125,1.3125,0.25,0.40625,-0.03125,12.289596697550415,12.37033588345685,4.1808457906541685,12.3234466889063,2.1894196983969327,-0.0807391859064324,3.0,0.0,2.0,9.0,7.0,1.8,1.71875,1.5,0.96875,1.8,1.4,2.25,1.1875,2.0,0.75,1.0,1.1875,0.46875,0.125,0.08125000000000004,12.399126934901318,12.350307166820569,4.239178867422799,12.201756721470954,2.158890670394148,0.04881976808074908
ligue1-2023-2024-05-12-paris-sg-v-toulouse,2024-05-12,2023,Paris SG,Toulouse,1,3,0,0.75,0.0,588.0392604779165,15,9,999,0,1.0,0,999,0,1.0,0,0,0,1683.7766102757225,1486.7721765771844,197.00443369853815,0.3333333333333333,0.3333333333333333,0.3333333333333333,0,3.0,2.0,0.0,14.0,6.0,2.2,2.2580645161290325,2.4516129032258065,0.9354838709677419,2.8,1.2,2.0625,2.466666666666667,2.5625,1.1875,2.3333333333333335,0.6666666666666666,0.3548387096774194,0.0967741935483871,-0.058064516129032295,12.289596697550415,12.37033588345685,4.1808457906541685,12.3234466889063,2.1894196983969327,-0.0807391859064324,2.0,2.0,1.0,7.0,6.0,1.6,1.25,1.21875,1.3125,1.4,1.2,1.0,1.5,1.3125,1.375,1.125,1.25,0.1875,0.28125,0.3500000000000001,12.399126934901318,12.350307166820569,4.239178867422799,12.201756721470954,2.158890670394148,0.04881976808074908
ligue1-2023-2024-05-12-rennes-v-lens,2024-05-12,2023,Rennes,Lens,1,1,1,0.3333333333333333,0.0,413.9592539188141,8,9,999,0,1.0,0,999,0,1.0,0,0,0,1521.894149048934,1526.6141161892506,-4.719967140316612,0.3333333333333333,0.3333333333333333,0.3333333333333333,0,2.0,0.0,3.0,11.0,10.0,1.2,1.40625,1.59375,1.34375,2.2,2.0,1.5,1.3125,2.0625,1.5625,1.125,1.125,0.21875,0.25,-0.20625000000000004,12.289596697550415,12.37033588345685,4.1808457906541685,12.3234466889063,2.1894196983969327,-0.0807391859064324,2.0,1.0,2.0,6.0,5.0,1.4,1.53125,1.3125,1.0625,1.2,1.0,1.875,1.1875,1.5625,1.0,1.0625,1.125,0.4375,0.21875,-0.1312500000000001,12.399126934901318,12.350307166820569,4.239178867422799,12.201756721470954,2.158890670394148,0.04881976808074908
ligue1-2023-2024-05-12-marseille-v-lorient,2024-05-12,2023,Marseille,Lorient,3,1,2,0.75,0.0,844.2772240208271,14,9,999,0,1.0,0,999,0,1.0,0,0,0,1521.1113260846146,1390.5548993989482,130.55642668566634,0.3333333333333333,0.3333333333333333,0.3333333333333333,0,1.0,2.0,2.0,7.0,10.0,1.0,1.4193548387096775,1.5161290322580645,1.2258064516129032,1.4,2.0,2.0625,0.7333333333333333,1.75,0.75,1.2666666666666666,1.7333333333333334,0.22580645161290322,0.2903225806451613,-0.4193548387096775,12.289596697550415,12.37033588345685,4.1808457906541685,12.3234466889063,2.1894196983969327,-0.0807391859064324,0.0,0.0,5.0,2.0,13.0,0.0,0.8125,1.15625,1.96875,0.4,2.6,0.8125,0.8125,1.3125,1.875,1.0,2.0625,0.09375,0.4375,-0.8125,12.399126934901318,12.350307166820569,4.239178867422799,12.201756721470954,2.158890670394148,0.04881976808074908
ligue1-2023-2024-05-12-montpellier-v-monaco,2024-05-12,2023,Montpellier,Monaco,0,2,0,0.25,0.0,290.4493781085042,9,8,999,0,1.0,0,999,0,1.0,0,0,0,1501.987698129346,1596.6834399647237,-94.6957418353777,0.3333333333333333,0.3333333333333333,0.3333333333333333,0,3.0,2.0,0.0,8.0,4.0,2.2,1.28125,1.28125,1.375,1.6,0.8,1.125,1.4375,1.25,1.3125,1.3125,1.4375,0.3125,0.28125,0.9187500000000002,12.289596697550415,12.37033588345685,4.1808457906541685,12.3234466889063,2.1894196983969327,-0.0807391859064324,4.0,0.0,1.0,10.0,4.0,2.4,1.90625,1.9375,1.3125,2.0,0.8,1.875,1.9375,1.625,0.875,2.25,1.75,0.3125,0.15625,0.4937499999999999,12.399126934901318,12.350307166820569,4.239178867422799,12.201756721470954,2.158890670394148,0.04881976808074908
ligue1-2023-2024-05-12-strasbourg-v-metz,2024-05-12,2023,Strasbourg,Metz,2,1,2,1.0,0.0,131.10177131399777,8,8,999,0,1.0,0,999,0,1.0,0,0,0,1450.7658365733498,1408.5266741136352,42.239162459714635,0.3333333333333333,0.3333333333333333,0.3333333333333333,0,1.0,1.0,3.0,5.0,8.0,0.8,1.125,1.09375,1.46875,1.0,1.6,1.3125,0.9375,1.25,1.375,0.9375,1.5625,0.15625,0.28125,-0.32499999999999996,12.289596697550415,12.37033588345685,4.1808457906541685,12.3234466889063,2.1894196983969327,-0.0807391859064324,2.0,0.0,3.0,9.0,10.0,1.2,0.90625,1.0625,1.6875,1.8,2.0,0.75,1.0625,1.0625,1.5625,1.0625,1.8125,0.1875,0.3125,0.29374999999999996,12.399126934901318,12.350307166820569,4.239178867422799,12.201756721470954,2.158890670394148,0.04881976808074908
ligue1-2023-2024-05-12-clermont-v-lyon,2024-05-12,2023,Clermont,Lyon,0,1,0,0.5,0.0,144.49706718362276,8,6,999,0,1.0,0,999,0,1.0,0,0,0,1396.1597987086539,1527.1070862646409,-130.94728755598703,0.3333333333333333,0.3333333333333333,0.3333333333333333,0,1.0,2.0,2.0,7.0,8.0,1.0,0.78125,0.8125,1.6875,1.4,1.6,0.875,0.6875,0.875,1.625,0.75,1.75,0.15625,0.4375,0.21875,12.289596697550415,12.37033588345685,4.1808457906541685,12.3234466889063,2.1894196983969327,-0.0807391859064324,4.0,0.0,1.0,15.0,13.0,2.4,1.46875,1.4375,1.6875,3.0,2.6,1.375,1.5625,1.4375,1.75,1.4375,1.625,0.28125,0.21875,0.9312499999999999,12.399126934901318,12.350307166820569,4.239178867422799,12.201756721470954,2.158890670394148,0.04881976808074908
ligue1-2023-2024-05-15-nice-v-paris-sg,2024-05-15,2023,Nice,Paris SG,1,2,0,0.4166666666666667,0.0,688.7622533510902,5,3,999,0,1.0,0,999,0,1.0,0,0,0,1546.4176458376987,1659.8255823204631,-113.4079364827644,0.3333333333333333,0.3333333333333333,0.3333333333333333,0,3.0,2.0,0.0,9.0,3.0,2.2,1.6875,1.15625,0.78125,1.8,0.6,1.9375,1.4375,1.25,0.5625,1.0625,1.0,0.53125,0.28125,0.5125000000000002,12.289596697550415,12.37033588345685,4.1808457906541685,12.3234466889063,2.1894196983969327,-0.0807391859064324,2.0,2.0,1.0,13.0,9.0,1.6,2.1875,2.40625,1.0,2.6,1.8,1.9411764705882353,2.466666666666667,2.4705882352941178,1.2941176470588236,2.3333333333333335,0.6666666666666666,0.34375,0.09375,-0.5874999999999999,12.399126934901318,12.350307166820569,4.239178867422799,12.201756721470954,2.158890670394148,0.04881976808074908
ligue1-2023-2024-05-15-reims-v-marseille,2024-05-15,2023,Reims,Marseille,1,0,2,0.625,0.0,674.4098471386122,5,3,999,0,1.0,0,999,0,1.0,0,0,0,1464.1889549681568,1527.0404062209043,-62.85145125274744,0.3333333333333333,0.3333333333333333,0.3333333333333333,0,0.0,2.0,3.0,4.0,10.0,0.4,1.28125,1.21875,1.4375,0.8,2.0,1.4,1.1764705882352942,1.0666666666666667,1.1333333333333333,1.3529411764705883,1.7058823529411764,0.21875,0.1875,-0.88125,12.289596697550415,12.37033588345685,4.1808457906541685,12.3234466889063,2.1894196983969327,-0.0807391859064324,2.0,2.0,1.0,10.0,9.0,1.6,1.46875,1.5625,1.21875,2.0,1.8,2.1176470588235294,0.7333333333333333,1.8235294117647058,0.7647058823529411,1.2666666666666666,1.7333333333333334,0.21875,0.28125,0.1312500000000001,12.399126934901318,12.350307166820569,4.239178867422799,12.201756721470954,2.158890670394148,0.04881976808074908
ligue1-2023-2024-05-19-lens-v-montpellier,2024-05-19,2023,Lens,Montpellier,2,2,1,0.75,0.0,762.0562309939912,7,7,999,0,1.0,0,999,0,1.0,0,0,0,1529.289754778439,1487.6296729594026,41.66008181903635,0.3333333333333333,0.3333333333333333,0.3333333333333333,0,2.0,1.0,2.0,6.0,5.0,1.4,1.5151515151515151,1.303030303030303,1.0606060606060606,1.2,1.0,1.875,1.1764705882352942,1.5625,1.0,1.0588235294117647,1.1176470588235294,0.42424242424242425,0.21212121212121213,-0.11515151515151523,12.289596697550415,12.37033588345685,4.1808457906541685,12.3234466889063,2.1894196983969327,-0.0807391859064324,2.0,2.0,1.0,6.0,6.0,1.6,1.2424242424242424,1.2424242424242424,1.393939393939394,1.2,1.2,1.0588235294117647,1.4375,1.1764705882352942,1.3529411764705883,1.3125,1.4375,0.30303030303030304,0.30303030303030304,0.35757575757575766,12.399126934901318,12.350307166820569,4.239178867422799,12.201756721470954,2.158890670394148,0.04881976808074908
ligue1-2023-2024-05-19-le-havre-v-marseille,2024-05-19,2023,Le Havre,Marseille,1,2,0,0.0,0.0,801.8519083335606,9,4,999,0,1.0,0,999,0,1.0,0,0,0,1430.9033897034742,1518.1055713834896,-87.20218168001543,0.3333333333333333,0.3333333333333333,0.3333333333333333,0,1.0,1.0,3.0,6.0,7.0,0.8,0.9696969696969697,1.0,1.303030303030303,1.2,1.4,1.25,0.7058823529411765,1.0625,1.0625,0.9411764705882353,1.5294117647058822,0.21212121212121213,0.48484848484848486,-0.16969696969696968,12.289596697550415,12.37033588345685,4.1808457906541685,12.3234466889063,2.1894196983969327,-0.0807391859064324,2.0,2.0,1.0,9.0,7.0,1.6,1.4242424242424243,1.5151515151515151,1.2121212121212122,1.8,1.4,2.1176470588235294,0.6875,1.8235294117647058,0.7647058823529411,1.1875,1.6875,0.21212121212121213,0.30303030303030304,0.17575757575757578,12.399126934901318,12.350307166820569,4.239178867422799,12.201756721470954,2.158890670394148,0.04881976808074908
ligue1-2023-2024-05-19-reims-v-rennes,2024-05-19,2023,Reims,Rennes,2,1,2,0.5,0.0,435.3536766450835,4,7,999,0,1.0,0,999,0,1.0,0,0,0,1473.1237898055715,1519.2185104597456,-46.094720654174125,0.3333333333333333,0.3333333333333333,0.3333333333333333,0,1.0,1.0,3.0,5.0,10.0,0.8,1.3333333333333333,1.2121212121212122,1.393939393939394,1.0,2.0,1.5,1.1764705882352942,1.0625,1.0625,1.3529411764705883,1.7058823529411764,0.24242424242424243,0.18181818181818182,-0.5333333333333332,12.289596697550415,12.37033588345685,4.1808457906541685,12.3234466889063,2.1894196983969327,-0.0807391859064324,2.0,1.0,2.0,12.0,10.0,1.4,1.393939393939394,1.5757575757575757,1.3333333333333333,2.4,2.0,1.4705882352941178,1.3125,2.0,1.5294117647058822,1.125,1.125,0.21212121212121213,0.24242424242424243,0.006060606060605878,12.399126934901318,12.350307166820569,4.239178867422799,12.201756721470954,2.158890670394148,0.04881976808074908
ligue1-2023-2024-05-19-lorient-v-clermont,2024-05-19,2023,Lorient,Clermont,5,0,2,0.5,0.0,539.9151759934421,7,7,999,0,1.0,0,999,0,1.0,0,0,0,1384.6258192626585,1387.048184978606,-2.422365715947535,0.3333333333333333,0.3333333333333333,0.3333333333333333,0,0.0,0.0,5.0,3.0,14.0,0.0,0.7878787878787878,1.1515151515151516,2.0,0.6,2.8,0.8125,0.7647058823529411,1.3125,1.875,1.0,2.1176470588235294,0.09090909090909091,0.42424242424242425,-0.7878787878787878,12.289596697550415,12.37033588345685,4.1808457906541685,12.3234466889063,2.1894196983969327,-0.0807391859064324,1.0,1.0,3.0,6.0,8.0,0.8,0.7575757575757576,0.7878787878787878,1.6666666666666667,1.2,1.6,0.8235294117647058,0.6875,0.8235294117647058,1.588235294117647,0.75,1.75,0.15151515151515152,0.45454545454545453,0.042424242424242475,12.399126934901318,12.350307166820569,4.239178867422799,12.201756721470954,2.158890670394148,0.04881976808074908
ligue1-2023-2024-05-19-lille-v-nice,2024-05-19,2023,Lille,Nice,2,2,1,0.42857142857142855,0.0,829.1226524257995,7,4,999,0,1.0,0,999,0,1.0,0,0,0,1577.1658033293836,1536.8033658089105,40.36243752047312,0.3333333333333333,0.3333333333333333,0.3333333333333333,0,3.0,0.0,2.0,8.0,7.0,1.8,1.7575757575757576,1.5151515151515151,0.9696969696969697,1.6,1.4,2.25,1.2941176470588236,2.0,0.75,1.0588235294117647,1.1764705882352942,0.45454545454545453,0.12121212121212122,0.042424242424242475,12.289596697550415,12.37033588345685,4.1808457906541685,12.3234466889063,2.1894196983969327,-0.0807391859064324,3.0,1.0,1.0,10.0,5.0,2.0,1.6363636363636365,1.1515151515151516,0.8181818181818182,2.0,1.0,1.8235294117647058,1.4375,1.2352941176470589,0.6470588235294118,1.0625,1.0,0.5151515151515151,0.2727272727272727,0.36363636363636354,12.399126934901318,12.350307166820569,4.239178867422799,12.201756721470954,2.158890670394148,0.04881976808074908
ligue1-2023-2024-05-19-toulouse-v-brest,2024-05-19,2023,Toulouse,Brest,0,3,0,0.42857142857142855,0.0,703.0608682042306,7,9,999,0,1.0,0,999,0,1.0,0,0,0,1510.7232045324438,1564.131277429958,-53.4080728975141,0.3333333333333333,0.3333333333333333,0.3333333333333333,0,3.0,1.0,1.0,10.0,7.0,2.0,1.303030303030303,1.2727272727272727,1.303030303030303,2.0,1.4,1.0,1.588235294117647,1.3125,1.375,1.2352941176470589,1.2352941176470589,0.18181818181818182,0.2727272727272727,0.696969696969697,12.289596697550415,12.37033588345685,4.1808457906541685,12.3234466889063,2.1894196983969327,-0.0807391859064324,1.0,2.0,2.0,9.0,11.0,1.0,1.7575757575757576,1.5151515151515151,1.0303030303030303,1.8,2.2,1.8235294117647058,1.6875,1.4705882352941178,0.8235294117647058,1.5625,1.25,0.42424242424242425,0.2727272727272727,-0.7575757575757576,12.399126934901318,12.350307166820569,4.239178867422799,12.201756721470954,2.158890670394148,0.04881976808074908
ligue1-2023-2024-05-19-metz-v-paris-sg,2024-05-19,2023,Metz,Paris SG,0,2,0,0.0,0.0,287.32517309596955,7,4,999,0,1.0,0,999,0,1.0,0,0,0,1402.4062815697723,1669.4398623492514,-267.03358077947905,0.3333333333333333,0.3333333333333333,0.3333333333333333,0,2.0,0.0,3.0,7.0,8.0,1.2,0.8787878787878788,1.0606060606060606,1.696969696969697,1.4,1.6,0.75,1.0,1.0625,1.5625,1.0588235294117647,1.8235294117647058,0.18181818181818182,0.30303030303030304,0.32121212121212117,12.289596697550415,12.37033588345685,4.1808457906541685,12.3234466889063,2.1894196983969327,-0.0807391859064324,3.0,1.0,1.0,14.0,9.0,2.0,2.212121212121212,2.393939393939394,1.0,2.8,1.8,1.9411764705882353,2.5,2.4705882352941178,1.2941176470588236,2.3125,0.6875,0.3333333333333333,0.09090909090909091,-0.21212121212121193,12.399126934901318,12.350307166820569,4.239178867422799,12.201756721470954,2.158890670394148,0.04881976808074908
ligue1-2023-2024-05-19-monaco-v-nantes,2024-05-19,2023,Monaco,Nantes,4,0,2,0.8333333333333334,0.0,798.9865341619475,7,7,999,0,1.0,0,999,0,1.0,0,0,0,1611.041465134667,1405.2391174023244,205.8023477323427,0.3333333333333333,0.3333333333333333,0.3333333333333333,0,4.0,0.0,1.0,11.0,4.0,2.4,1.9393939393939394,1.9393939393939394,1.2727272727272727,2.2,0.8,1.875,2.0,1.625,0.875,2.235294117647059,1.6470588235294117,0.3333333333333333,0.15151515151515152,0.46060606060606046,12.289596697550415,12.37033588345685,4.1808457906541685,12.3234466889063,2.1894196983969327,-0.0807391859064324,1.0,2.0,2.0,3.0,6.0,1.0,1.0,0.9090909090909091,1.5454545454545454,0.6,1.2,0.7058823529411765,1.3125,1.0,1.7647058823529411,0.8125,1.3125,0.24242424242424243,0.3939393939393939,0.0,12.399126934901318,12.350307166820569,4.239178867422799,12.201756721470954,2.158890670394148,0.04881976808074908
ligue1-2023-2024-05-19-lyon-v-strasbourg,2024-05-19,2023,Lyon,Strasbourg,2,1,2,0.5,0.0,374.78151610700206,7,7,999,0,1.0,0,999,0,1.0,0,0,0,1536.2186999946887,1456.8862291172127,79.332470877476,0.3333333333333333,0.3333333333333333,0.3333333333333333,0,4.0,0.0,1.0,13.0,12.0,2.4,1.5151515151515151,1.4242424242424243,1.6363636363636365,2.6,2.4,1.375,1.6470588235294117,1.4375,1.75,1.411764705882353,1.5294117647058822,0.30303030303030304,0.21212121212121213,0.8848484848484848,12.289596697550415,12.37033588345685,4.1808457906541685,12.3234466889063,2.1894196983969327,-0.0807391859064324,2.0,0.0,3.0,7.0,9.0,1.2,1.1818181818181819,1.121212121212121,1.4545454545454546,1.4,1.8,1.411764705882353,0.9375,1.2941176470588236,1.3529411764705883,0.9375,1.5625,0.15151515151515152,0.2727272727272727,0.018181818181818077,12.399126934901318,12.350307166820569,4.239178867422799,12.201756721470954,2.158890670394148,0.04881976808074908
ligue1-2024-2024-08-16-le-havre-v-paris-sg,2024-08-16,2024,Le Havre,Paris SG,1,4,0,0.08333333333333333,0.0,172.08411043805535,30,30,999,0,1.0,0,999,0,1.0,0,0,0,1420.5352053876827,1677.2625408858376,-256.72733549815484,0.3333333333333333,0.3333333333333333,0.3333333333333333,0,1.0,1.0,3.0,7.0,8.0,0.8,0.9411764705882353,1.0,1.3235294117647058,1.4,1.6,1.1764705882352942,0.7058823529411765,1.0588235294117647,1.1176470588235294,0.9411764705882353,1.5294117647058822,0.20588235294117646,0.47058823529411764,-0.14117647058823524,12.289596697550415,12.37033588345685,4.1808457906541685,12.3234466889063,2.1894196983969327,-0.0807391859064324,3.0,1.0,1.0,12.0,8.0,2.0,2.235294117647059,2.3823529411764706,0.9705882352941176,2.4,1.6,1.9411764705882353,2.5294117647058822,2.4705882352941178,1.2941176470588236,2.2941176470588234,0.6470588235294118,0.35294117647058826,0.08823529411764706,-0.23529411764705888,12.399126934901318,12.350307166820569,4.239178867422799,12.201756721470954,2.158890670394148,0.04881976808074908
ligue1-2024-2024-08-17-brest-v-marseille,2024-08-17,2024,Brest,Marseille,1,5,0,0.3333333333333333,0.0,952.9448024767538,30,30,999,0,1.0,0,999,0,1.0,0,0,0,1583.7606822031596,1528.4737556992811,55.286926503878476,0.3333333333333333,0.3333333333333333,0.3333333333333333,0,2.0,2.0,1.0,9.0,7.0,1.6,1.7941176470588236,1.5588235294117647,1.0,1.8,1.4,1.8235294117647058,1.7647058823529411,1.4705882352941178,0.8235294117647058,1.6470588235294117,1.1764705882352942,0.4411764705882353,0.2647058823529412,-0.1941176470588235,12.289596697550415,12.37033588345685,4.1808457906541685,12.3234466889063,2.1894196983969327,-0.0807391859064324,3.0,1.0,1.0,9.0,6.0,2.0,1.4705882352941178,1.5294117647058822,1.2058823529411764,1.8,1.2,2.1176470588235294,0.8235294117647058,1.8235294117647058,0.7647058823529411,1.2352941176470589,1.6470588235294117,0.20588235294117646,0.29411764705882354,0.5294117647058822,12.399126934901318,12.350307166820569,4.239178867422799,12.201756721470954,2.158890670394148,0.04881976808074908
ligue1-2024-2024-08-17-reims-v-lille,2024-08-17,2024,Reims,Lille,0,2,0,0.25,0.0,163.43788280404343,30,30,999,0,1.0,0,999,0,1.0,0,0,0,1481.584601868615,1573.3321780609167,-91.74757619230172,0.3333333333333333,0.3333333333333333,0.3333333333333333,0,2.0,1.0,2.0,6.0,8.0,1.4,1.3823529411764706,1.2352941176470589,1.3823529411764706,1.2,1.6,1.588235294117647,1.1764705882352942,1.1176470588235294,1.0588235294117647,1.3529411764705883,1.7058823529411764,0.23529411764705882,0.17647058823529413,0.01764705882352935,12.289596697550415,12.37033588345685,4.1808457906541685,12.3234466889063,2.1894196983969327,-0.0807391859064324,2.0,1.0,2.0,9.0,9.0,1.4,1.7352941176470589,1.5294117647058822,1.0,1.8,1.8,2.176470588235294,1.2941176470588236,2.0,0.8235294117647058,1.0588235294117647,1.1764705882352942,0.4411764705882353,0.11764705882352941,-0.33529411764705896,12.399126934901318,12.350307166820569,4.239178867422799,12.201756721470954,2.158890670394148,0.04881976808074908
ligue1-2024-2024-08-17-monaco-v-st-etienne,2024-08-17,2024,Monaco,St Etienne,1,0,2,1.0,0.0,307.37794371190523,30,7,999,0,1.0,0,999,0,1.0,0,0,0,1616.9113765377467,1500.0,116.91137653774672,0.3333333333333333,0.3333333333333333,0.3333333333333333,0,4.0,0.0,1.0,13.0,4.0,2.4,1.9705882352941178,2.0,1.2352941176470589,2.6,0.8,1.9411764705882353,2.0,1.7647058823529411,0.8235294117647058,2.235294117647059,1.6470588235294117,0.35294117647058826,0.14705882352941177,0.42941176470588216,12.289596697550415,12.37033588345685,4.1808457906541685,12.3234466889063,2.1894196983969327,-0.0807391859064324,1.8771008403361344,1.171218487394958,1.8172268907563025,6.980042016806722,6.847689075630252,1.3964110644257701,1.3873382832485541,1.4018867829775616,1.3774764278309484,1.4377801120448181,1.4112394957983194,1.5523986139019719,1.218961348862106,1.5380375240281081,1.2381949845099693,1.2568217486453637,1.51538844277295,0.27276738482315277,0.2657550619881402,0.009072781177216334,12.399126934901318,12.350307166820569,4.239178867422799,12.201756721470954,2.158890670394148,0.04881976808074908
ligue1-2024-2024-08-18-montpellier-v-strasbourg,2024-08-18,2024,Montpellier,Strasbourg,1,1,1,0.375,0.0,628.5157781530908,30,30,999,0,1.0,0,999,0,1.0,0,0,0,1491.4951126381961,1451.6335403503924,39.86157228780371,0.3333333333333333,0.3333333333333333,0.3333333333333333,0,2.0,2.0,1.0,7.0,7.0,1.6,1.2352941176470589,1.2647058823529411,1.411764705882353,1.4,1.4,1.0588235294117647,1.411764705882353,1.1764705882352942,1.3529411764705883,1.3529411764705883,1.4705882352941178,0.29411764705882354,0.29411764705882354,0.3647058823529412,12.289596697550415,12.37033588345685,4.1808457906541685,12.3234466889063,2.1894196983969327,-0.0807391859064324,1.0,0.0,4.0,5.0,10.0,0.6,1.1470588235294117,1.1176470588235294,1.4705882352941178,1.0,2.0,1.411764705882353,0.8823529411764706,1.2941176470588236,1.3529411764705883,0.9411764705882353,1.588235294117647,0.14705882352941177,0.2647058823529412,-0.5470588235294117,12.399126934901318,12.350307166820569,4.239178867422799,12.201756721470954,2.158890670394148,0.04881976808074908
ligue1-2024-2024-08-18-rennes-v-lyon,2024-08-18,2024,Rennes,Lyon,3,0,2,0.42857142857142855,0.0,566.0283882163013,30,30,999,0,1.0,0,999,0,1.0,0,0,0,1510.7576983967022,1541.471388761509,-30.71369036480678,0.3333333333333333,0.3333333333333333,0.3333333333333333,0,2.0,1.0,2.0,12.0,10.0,1.4,1.3529411764705883,1.5588235294117647,1.3529411764705883,2.4,2.0,1.4705882352941178,1.2352941176470589,2.0,1.5294117647058822,1.1176470588235294,1.1764705882352942,0.20588235294117646,0.23529411764705882,0.0470588235294116,12.289596697550415,12.37033588345685,4.1808457906541685,12.3234466889063,2.1894196983969327,-0.0807391859064324,4.0,0.0,1.0,11.0,10.0,2.4,1.5588235294117647,1.4411764705882353,1.6176470588235294,2.2,2.0,1.4705882352941178,1.6470588235294117,1.4705882352941178,1.7058823529411764,1.411764705882353,1.5294117647058822,0.29411764705882354,0.20588235294117646,0.8411764705882352,12.399126934901318,12.350307166820569,4.239178867422799,12.201756721470954,2.158890670394148,0.04881976808074908
ligue1-2024-2024-08-18-angers-v-lens,2024-08-18,2024,Angers,Lens,0,1,0,0.0,0.0,410.81850335191115,7,30,999,0,1.0,0,999,0,1.0,0,0,0,1500.0,1525.4243150996454,-25.424315099645355,0.3333333333333333,0.3333333333333333,0.3333333333333333,0,1.8526315789473684,1.171578947368421,1.8578947368421053,6.890526315789474,6.908421052631579,1.3693508771929823,1.368124595033066,1.388802834952689,1.387963152868503,1.4091754385964912,1.4225789473684212,1.5425158622095096,1.207225300561266,1.5363599350802901,1.2422312520740564,1.2475430931002784,1.5188124260627864,0.2702226614472671,0.2683123248098637,0.0012262821599161456,12.289596697550415,12.37033588345685,4.1808457906541685,12.3234466889063,2.1894196983969327,-0.0807391859064324,2.0,2.0,1.0,7.0,5.0,1.6,1.5,1.3235294117647058,1.088235294117647,1.4,1.0,1.8235294117647058,1.1764705882352942,1.588235294117647,1.0588235294117647,1.0588235294117647,1.1176470588235294,0.4117647058823529,0.20588235294117646,0.10000000000000009,12.399126934901318,12.350307166820569,4.239178867422799,12.201756721470954,2.158890670394148,0.04881976808074908
ligue1-2024-2024-08-18-toulouse-v-nantes,2024-08-18,2024,Toulouse,Nantes,0,0,1,0.5,0.0,469.10735603864345,30,30,999,0,1.0,0,999,0,1.0,0,0,0,1491.093799759242,1399.3692059992447,91.72459375999733,0.3333333333333333,0.3333333333333333,0.3333333333333333,0,2.0,1.0,2.0,8.0,9.0,1.4,1.2647058823529411,1.2352941176470589,1.3529411764705883,1.6,1.8,0.9411764705882353,1.588235294117647,1.2352941176470589,1.4705882352941178,1.2352941176470589,1.2352941176470589,0.17647058823529413,0.29411764705882354,0.1352941176470588,12.289596697550415,12.37033588345685,4.1808457906541685,12.3234466889063,2.1894196983969327,-0.0807391859064324,0.0,2.0,3.0,2.0,10.0,0.4,0.9705882352941176,0.8823529411764706,1.6176470588235294,0.4,2.0,0.7058823529411765,1.2352941176470589,1.0,1.7647058823529411,0.7647058823529411,1.4705882352941178,0.23529411764705882,0.4117647058823529,-0.5705882352941176,12.399126934901318,12.350307166820569,4.239178867422799,12.201756721470954,2.158890670394148,0.04881976808074908
ligue1-2024-2024-08-18-auxerre-v-nice,2024-08-18,2024,Auxerre,Nice,2,1,2,0.7,0.0,537.2523581843685,7,30,999,0,1.0,0,999,0,1.0,0,0,0,1500.0,1540.6369910773774,-40.63699107737739,0.3333333333333333,0.3333333333333333,0.3333333333333333,0,1.8526315789473684,1.171578947368421,1.8578947368421053,6.890526315789474,6.908421052631579,1.3693508771929823,1.368124595033066,1.388802834952689,1.387963152868503,1.4091754385964912,1.4225789473684212,1.5425158622095096,1.207225300561266,1.5363599350802901,1.2422312520740564,1.2475430931002784,1.5188124260627864,0.2702226614472671,0.2683123248098637,0.0012262821599161456,12.289596697550415,12.37033588345685,4.1808457906541685,12.3234466889063,2.1894196983969327,-0.0807391859064324,2.0,2.0,1.0,9.0,7.0,1.6,1.6176470588235294,1.1764705882352942,0.8529411764705882,1.8,1.4,1.8235294117647058,1.411764705882353,1.2352941176470589,0.6470588235294118,1.1176470588235294,1.0588235294117647,0.5,0.2647058823529412,-0.01764705882352935,12.399126934901318,12.350307166820569,4.239178867422799,12.201756721470954,2.158890670394148,0.04881976808074908
ligue1-2024-2024-08-23-paris-sg-v-montpellier,2024-08-23,2024,Paris SG,Montpellier,6,0,2,1.0,0.0,593.454733547531,7,5,999,0,1.0,0,999,0,1.0,0,0,0,1687.259924969868,1487.6737915387994,199.58613343106867,0.3333333333333333,0.3333333333333333,0.3333333333333333,0,3.0,1.0,1.0,12.0,8.0,2.0,2.257142857142857,2.4285714285714284,0.9714285714285714,2.4,1.6,1.9411764705882353,2.5555555555555554,2.4705882352941178,1.2941176470588236,2.388888888888889,0.6666666666666666,0.34285714285714286,0.08571428571428572,-0.2571428571428571,12.289596697550415,12.37033588345685,4.1808457906541685,12.3234466889063,2.1894196983969327,-0.0807391859064324,1.0,3.0,1.0,6.0,7.0,1.2,1.2285714285714286,1.2571428571428571,1.4,1.2,1.4,1.0555555555555556,1.411764705882353,1.1666666666666667,1.3333333333333333,1.3529411764705883,1.4705882352941178,0.2857142857142857,0.2857142857142857,-0.028571428571428692,12.399126934901318,12.350307166820569,4.239178867422799,12.201756721470954,2.158890670394148,0.04881976808074908
ligue1-2024-2024-08-24-lyon-v-monaco,2024-08-24,2024,Lyon,Monaco,0,2,0,0.5,0.0,297.1280574136071,6,7,999,0,1.0,0,999,0,1.0,0,0,0,1527.5598996655017,1621.3700817261708,-93.81018206066915,0.3333333333333333,0.3333333333333333,0.3333333333333333,0,4.0,0.0,1.0,10.0,9.0,2.4,1.5142857142857142,1.4,1.6571428571428573,2.0,1.8,1.4705882352941178,1.5555555555555556,1.4705882352941178,1.7058823529411764,1.3333333333333333,1.6111111111111112,0.2857142857142857,0.22857142857142856,0.8857142857142857,12.289596697550415,12.37033588345685,4.1808457906541685,12.3234466889063,2.1894196983969327,-0.0807391859064324,4.0,0.0,1.0,13.0,4.0,2.4,2.0,1.9714285714285715,1.2,2.6,0.8,2.0,2.0,1.7222222222222223,0.7777777777777778,2.235294117647059,1.6470588235294117,0.37142857142857144,0.14285714285714285,0.3999999999999999,12.399126934901318,12.350307166820569,4.239178867422799,12.201756721470954,2.158890670394148,0.04881976808074908
ligue1-2024-2024-08-24-lille-v-angers,2024-08-24,2024,Lille,Angers,2,0,2,1.0,0.0,440.2764989963635,7,6,999,0,1.0,0,999,0,1.0,0,0,0,1587.8101599790157,1487.885907441274,99.92425253774172,0.3333333333333333,0.3333333333333333,0.3333333333333333,0,3.0,1.0,1.0,11.0,8.0,2.0,1.7714285714285714,1.542857142857143,0.9714285714285714,2.2,1.6,2.176470588235294,1.3888888888888888,2.0,0.8235294117647058,1.1111111111111112,1.1111111111111112,0.45714285714285713,0.11428571428571428,0.22857142857142865,12.289596697550415,12.37033588345685,4.1808457906541685,12.3234466889063,2.1894196983969327,-0.0807391859064324,0.0,0.0,1.0,0.0,1.0,0.0,0.0,0.0,1.0,0.0,1.0,0.0,0.0,0.0,1.0,0.0,1.0,0.0,1.0,0.0,12.399126934901318,12.350307166820569,4.239178867422799,12.201756721470954,2.158890670394148,0.04881976808074908
ligue1-2024-2024-08-24-st-etienne-v-le-havre,2024-08-24,2024,St Etienne,Le Havre,0,2,0,0.25,0.0,551.8113342529326,7,8,999,0,1.0,0,999,0,1.0,0,0,0,1495.5412948115759,1410.5378213036522,85.00347350792367,0.3333333333333333,0.3333333333333333,0.3333333333333333,0,0.0,0.0,1.0,0.0,1.0,0.0,0.0,0.0,1.0,0.0,1.0,0.0,0.0,0.0,1.0,0.0,1.0,0.0,1.0,0.0,12.289596697550415,12.37033588345685,4.1808457906541685,12.3234466889063,2.1894196983969327,-0.0807391859064324,1.0,1.0,3.0,8.0,11.0,0.8,0.9142857142857143,1.0,1.4,1.6,2.2,1.1111111111111112,0.7058823529411765,1.0555555555555556,1.2777777777777777,0.9411764705882353,1.5294117647058822,0.2,0.45714285714285713,-0.11428571428571421,12.399126934901318,12.350307166820569,4.239178867422799,12.201756721470954,2.158890670394148,0.04881976808074908
ligue1-2024-2024-08-25-nantes-v-auxerre,2024-08-25,2024,Nantes,Auxerre,2,0,2,0.75,0.0,388.13126040606693,7,7,999,0,1.0,0,999,0,1.0,0,0,0,1404.3880941084255,1508.3078299749823,-103.91973586655672,0.3333333333333333,0.3333333333333333,0.3333333333333333,0,0.0,3.0,2.0,2.0,7.0,0.6,0.9714285714285714,0.8571428571428571,1.5714285714285714,0.4,1.4,0.7058823529411765,1.2222222222222223,1.0,1.7647058823529411,0.7222222222222222,1.3888888888888888,0.2571428571428571,0.42857142857142855,-0.37142857142857144,12.289596697550415,12.37033588345685,4.1808457906541685,12.3234466889063,2.1894196983969327,-0.0807391859064324,1.0,0.0,0.0,2.0,1.0,3.0,3.0,2.0,1.0,2.0,1.0,3.0,3.0,2.0,1.0,2.0,1.0,0.0,0.0,0.0,12.399126934901318,12.350307166820569,4.239178867422799,12.201756721470954,2.158890670394148,0.04881976808074908
ligue1-2024-2024-08-25-marseille-v-reims,2024-08-25,2024,Marseille,Reims,2,2,1,0.375,0.0,674.4098471386122,8,8,999,0,1.0,0,999,0,1.0,0,0,0,1556.8615573428083,1467.106619950516,89.75493739229228,0.3333333333333333,0.3333333333333333,0.3333333333333333,0,4.0,0.0,1.0,12.0,5.0,2.4,1.5142857142857142,1.6285714285714286,1.2,2.4,1.0,2.1176470588235294,0.9444444444444444,1.8235294117647058,0.7647058823529411,1.4444444444444444,1.6111111111111112,0.2,0.2857142857142857,0.8857142857142857,12.289596697550415,12.37033588345685,4.1808457906541685,12.3234466889063,2.1894196983969327,-0.0807391859064324,2.0,1.0,2.0,5.0,8.0,1.4,1.3428571428571427,1.2,1.4,1.0,1.6,1.5,1.1764705882352942,1.0555555555555556,1.1111111111111112,1.3529411764705883,1.7058823529411764,0.22857142857142856,0.2,0.05714285714285716,12.399126934901318,12.350307166820569,4.239178867422799,12.201756721470954,2.158890670394148,0.04881976808074908
ligue1-2024-2024-08-25-lens-v-brest,2024-08-25,2024,Lens,Brest,2,0,2,0.75,0.0,574.5906900951455,7,8,999,0,1.0,0,999,0,1.0,0,0,0,1537.5384076583714,1555.3728805596324,-17.83447290126105,0.3333333333333333,0.3333333333333333,0.3333333333333333,0,2.0,2.0,1.0,7.0,5.0,1.6,1.542857142857143,1.3142857142857143,1.0571428571428572,1.4,1.0,1.8235294117647058,1.2777777777777777,1.588235294117647,1.0588235294117647,1.0555555555555556,1.0555555555555556,0.42857142857142855,0.2,0.05714285714285716,12.289596697550415,12.37033588345685,4.1808457906541685,12.3234466889063,2.1894196983969327,-0.0807391859064324,2.0,2.0,1.0,10.0,10.0,1.6,1.7428571428571429,1.542857142857143,1.1142857142857143,2.0,2.0,1.7222222222222223,1.7647058823529411,1.4444444444444444,1.0555555555555556,1.6470588235294117,1.1764705882352942,0.42857142857142855,0.2571428571428571,-0.1428571428571428,12.399126934901318,12.350307166820569,4.239178867422799,12.201756721470954,2.158890670394148,0.04881976808074908
ligue1-2024-2024-08-25-nice-v-toulouse,2024-08-25,2024,Nice,Toulouse,1,1,1,0.3333333333333333,0.0,469.3744281916945,7,7,999,0,1.0,0,999,0,1.0,0,0,0,1532.3291611023951,1486.0749116500613,46.25424945233385,0.3333333333333333,0.3333333333333333,0.3333333333333333,0,2.0,1.0,2.0,8.0,7.0,1.4,1.5714285714285714,1.1714285714285715,0.8857142857142857,1.6,1.4,1.8235294117647058,1.3333333333333333,1.2352941176470589,0.6470588235294118,1.1111111111111112,1.1111111111111112,0.4857142857142857,0.2571428571428571,-0.17142857142857149,12.289596697550415,12.37033588345685,4.1808457906541685,12.3234466889063,2.1894196983969327,-0.0807391859064324,2.0,1.0,2.0,6.0,7.0,1.4,1.2571428571428571,1.2,1.3142857142857143,1.2,1.4,0.9444444444444444,1.588235294117647,1.1666666666666667,1.3888888888888888,1.2352941176470589,1.2352941176470589,0.2,0.3142857142857143,0.1428571428571428,12.399126934901318,12.350307166820569,4.239178867422799,12.201756721470954,2.158890670394148,0.04881976808074908
ligue1-2024-2024-08-25-strasbourg-v-rennes,2024-08-25,2024,Strasbourg,Rennes,3,1,2,0.4166666666666667,0.0,696.097186019301,7,7,999,0,1.0,0,999,0,1.0,0,0,0,1455.4548614497892,1524.6691874927094,-69.21432604292022,0.3333333333333333,0.3333333333333333,0.3333333333333333,0,1.0,1.0,3.0,6.0,10.0,0.8,1.1428571428571428,1.1142857142857143,1.457142857142857,1.2,2.0,1.411764705882353,0.8888888888888888,1.2941176470588236,1.3529411764705883,0.9444444444444444,1.5555555555555556,0.14285714285714285,0.2571428571428571,-0.34285714285714275,12.289596697550415,12.37033588345685,4.1808457906541685,12.3234466889063,2.1894196983969327,-0.0807391859064324,2.0,1.0,2.0,12.0,10.0,1.4,1.4,1.6,1.3142857142857143,2.4,2.0,1.5555555555555556,1.2352941176470589,2.0555555555555554,1.4444444444444444,1.1176470588235294,1.1764705882352942,0.22857142857142856,0.22857142857142856,0.0,12.399126934901318,12.350307166820569,4.239178867422799,12.201756721470954,2.158890670394148,0.04881976808074908
ligue1-2024-2024-08-30-lyon-v-strasbourg,2024-08-30,2024,Lyon,Strasbourg,4,3,2,0.5,0.0,374.78151610700206,6,5,999,0,1.0,0,999,0,1.0,0,0,0,1513.1658382513172,1468.3471558872623,44.818682364054894,0.3333333333333333,0.3333333333333333,0.3333333333333333,0,3.0,0.0,2.0,7.0,9.0,1.8,1.4722222222222223,1.3611111111111112,1.6666666666666667,1.4,1.8,1.3888888888888888,1.5555555555555556,1.3888888888888888,1.7222222222222223,1.3333333333333333,1.6111111111111112,0.2777777777777778,0.25,0.3277777777777777,12.289596697550415,12.37033588345685,4.1808457906541685,12.3234466889063,2.1894196983969327,-0.0807391859064324,2.0,1.0,2.0,8.0,8.0,1.4,1.1944444444444444,1.1666666666666667,1.4444444444444444,1.6,1.6,1.5,0.8888888888888888,1.3888888888888888,1.3333333333333333,0.9444444444444444,1.5555555555555556,0.1388888888888889,0.25,0.2055555555555555,12.399126934901318,12.350307166820569,4.239178867422799,12.201756721470954,2.158890670394148,0.04881976808074908
ligue1-2024-2024-08-31-brest-v-st-etienne,2024-08-31,2024,Brest,St Etienne,4,0,2,0.75,0.0,747.9906890569027,6,7,999,0,1.0,0,999,0,1.0,0,0,0,1544.5142518559746,1474.508026465464,70.00622539051074,0.3333333333333333,0.3333333333333333,0.3333333333333333,0,1.0,2.0,2.0,5.0,8.0,1.0,1.6944444444444444,1.5,1.1388888888888888,1.0,1.6,1.7222222222222223,1.6666666666666667,1.4444444444444444,1.0555555555555556,1.5555555555555556,1.2222222222222223,0.4166666666666667,0.2777777777777778,-0.6944444444444444,12.289596697550415,12.37033588345685,4.1808457906541685,12.3234466889063,2.1894196983969327,-0.0807391859064324,0.0,0.0,2.0,0.0,3.0,0.0,0.0,0.0,1.5,0.0,1.5,0.0,0.0,0.0,2.0,0.0,1.0,0.0,1.0,0.0,12.399126934901318,12.350307166820569,4.239178867422799,12.201756721470954,2.158890670394148,0.04881976808074908
ligue1-2024-2024-08-31-montpellier-v-nantes,2024-08-31,2024,Montpellier,Nantes,1,3,0,0.125,0.0,580.4176568086543,8,6,999,0,1.0,0,999,0,1.0,0,0,0,1480.2623606519749,1418.6897732181476,61.572587433827266,0.3333333333333333,0.3333333333333333,0.3333333333333333,0,1.0,2.0,2.0,5.0,12.0,1.0,1.1944444444444444,1.2222222222222223,1.5277777777777777,1.0,2.4,1.0555555555555556,1.3333333333333333,1.1666666666666667,1.3333333333333333,1.2777777777777777,1.7222222222222223,0.2777777777777778,0.3055555555555556,-0.19444444444444442,12.289596697550415,12.37033588345685,4.1808457906541685,12.3234466889063,2.1894196983969327,-0.0807391859064324,1.0,2.0,2.0,3.0,6.0,1.0,1.0277777777777777,0.8888888888888888,1.5277777777777777,0.6,1.2,0.8333333333333334,1.2222222222222223,1.0555555555555556,1.6666666666666667,0.7222222222222222,1.3888888888888888,0.2777777777777778,0.4166666666666667,-0.02777777777777768,12.399126934901318,12.350307166820569,4.239178867422799,12.201756721470954,2.158890670394148,0.04881976808074908
ligue1-2024-2024-08-31-toulouse-v-marseille,2024-08-31,2024,Toulouse,Marseille,1,3,0,0.25,0.0,321.8261915873199,6,6,999,0,1.0,0,999,0,1.0,0,0,0,1490.0522462277638,1551.8852009614898,-61.832954733725956,0.3333333333333333,0.3333333333333333,0.3333333333333333,0,1.0,2.0,2.0,5.0,7.0,1.0,1.25,1.1944444444444444,1.3055555555555556,1.0,1.4,0.9444444444444444,1.5555555555555556,1.1666666666666667,1.3888888888888888,1.2222222222222223,1.2222222222222223,0.19444444444444445,0.3055555555555556,-0.25,12.289596697550415,12.37033588345685,4.1808457906541685,12.3234466889063,2.1894196983969327,-0.0807391859064324,3.0,1.0,1.0,12.0,6.0,2.0,1.5,1.6388888888888888,1.2222222222222223,2.4,1.2,2.0555555555555554,0.9444444444444444,1.8333333333333333,0.8333333333333334,1.4444444444444444,1.6111111111111112,0.19444444444444445,0.2777777777777778,0.5,12.399126934901318,12.350307166820569,4.239178867422799,12.201756721470954,2.158890670394148,0.04881976808074908
ligue1-2024-2024-09-01-le-havre-v-auxerre,2024-09-01,2024,Le Havre,Auxerre,3,1,2,0.875,0.0,317.541084685558,8,7,999,0,1.0,0,999,0,1.0,0,0,0,1431.5710896497642,1494.0061508652602,-62.435061215496034,0.3333333333333333,0.3333333333333333,0.3333333333333333,0,2.0,0.0,3.0,7.0,8.0,1.2,0.9722222222222222,1.0277777777777777,1.3611111111111112,1.4,1.6,1.1111111111111112,0.8333333333333334,1.0555555555555556,1.2777777777777777,1.0,1.4444444444444444,0.2222222222222222,0.4444444444444444,0.22777777777777775,12.289596697550415,12.37033588345685,4.1808457906541685,12.3234466889063,2.1894196983969327,-0.0807391859064324,1.0,0.0,1.0,2.0,3.0,1.5,1.5,1.0,1.5,1.0,1.5,3.0,0.0,2.0,1.0,0.0,2.0,0.0,0.5,0.0,12.399126934901318,12.350307166820569,4.239178867422799,12.201756721470954,2.158890670394148,0.04881976808074908
ligue1-2024-2024-09-01-lille-v-paris-sg,2024-09-01,2024,Lille,Paris SG,1,3,0,0.21428571428571427,0.0,206.76603215117404,8,9,999,0,1.0,0,999,0,1.0,0,0,0,1594.607794490352,1694.6713558566926,-100.06356136634054,0.3333333333333333,0.3333333333333333,0.3333333333333333,0,3.0,1.0,1.0,11.0,7.0,2.0,1.8055555555555556,1.5555555555555556,0.9444444444444444,2.2,1.4,2.2222222222222223,1.3888888888888888,2.0,0.7777777777777778,1.1111111111111112,1.1111111111111112,0.4722222222222222,0.1111111111111111,0.19444444444444442,12.289596697550415,12.37033588345685,4.1808457906541685,12.3234466889063,2.1894196983969327,-0.0807391859064324,4.0,0.0,1.0,15.0,5.0,2.4,2.2777777777777777,2.5277777777777777,0.9444444444444444,3.0,1.0,2.0,2.5555555555555554,2.6666666666666665,1.2222222222222223,2.388888888888889,0.6666666666666666,0.3611111111111111,0.08333333333333333,0.12222222222222223,12.399126934901318,12.350307166820569,4.239178867422799,12.201756721470954,2.158890670394148,0.04881976808074908
ligue1-2024-2024-09-01-monaco-v-lens,2024-09-01,2024,Monaco,Lens,1,1,1,0.6428571428571429,0.0,822.5469199461746,8,7,999,0,1.0,0,999,0,1.0,0,0,0,1635.7641431403554,1548.3970363620292,87.36710677832616,0.3333333333333333,0.3333333333333333,0.3333333333333333,0,5.0,0.0,0.0,13.0,1.0,3.0,2.0277777777777777,1.9722222222222223,1.1666666666666667,2.6,0.2,2.0,2.0555555555555554,1.7222222222222223,0.7777777777777778,2.2222222222222223,1.5555555555555556,0.3888888888888889,0.1388888888888889,0.9722222222222223,12.289596697550415,12.37033588345685,4.1808457906541685,12.3234466889063,2.1894196983969327,-0.0807391859064324,3.0,2.0,0.0,8.0,3.0,2.2,1.5833333333333333,1.3333333333333333,1.0277777777777777,1.6,0.6,1.8888888888888888,1.2777777777777777,1.6111111111111112,1.0,1.0555555555555556,1.0555555555555556,0.4444444444444444,0.19444444444444445,0.6166666666666669,12.399126934901318,12.350307166820569,4.239178867422799,12.201756721470954,2.158890670394148,0.04881976808074908
ligue1-2024-2024-09-01-angers-v-nice,2024-09-01,2024,Angers,Nice,1,4,0,0.25,0.0,736.1286832320784,8,7,999,0,1.0,0,999,0,1.0,0,0,0,1481.0882729299376,1528.3518265246926,-47.26355359475497,0.3333333333333333,0.3333333333333333,0.3333333333333333,0,0.0,0.0,2.0,0.0,3.0,0.0,0.0,0.0,1.5,0.0,1.5,0.0,0.0,0.0,1.0,0.0,2.0,0.0,1.0,0.0,12.289596697550415,12.37033588345685,4.1808457906541685,12.3234466889063,2.1894196983969327,-0.0807391859064324,1.0,2.0,2.0,6.0,7.0,1.0,1.5555555555555556,1.1666666666666667,0.8888888888888888,1.2,1.4,1.7777777777777777,1.3333333333333333,1.2222222222222223,0.6666666666666666,1.1111111111111112,1.1111111111111112,0.4722222222222222,0.25,-0.5555555555555556,12.399126934901318,12.350307166820569,4.239178867422799,12.201756721470954,2.158890670394148,0.04881976808074908
ligue1-2024-2024-09-01-reims-v-rennes,2024-09-01,2024,Reims,Rennes,2,1,2,0.5,0.0,435.3536766450835,7,7,999,0,1.0,0,999,0,1.0,0,0,0,1472.0829763318345,1511.7768930552363,-39.6939167234018,0.3333333333333333,0.3333333333333333,0.3333333333333333,0,2.0,2.0,1.0,6.0,6.0,1.6,1.3333333333333333,1.2222222222222223,1.4166666666666667,1.2,1.2,1.5,1.1666666666666667,1.0555555555555556,1.1111111111111112,1.3888888888888888,1.7222222222222223,0.2222222222222222,0.19444444444444445,0.26666666666666683,12.289596697550415,12.37033588345685,4.1808457906541685,12.3234466889063,2.1894196983969327,-0.0807391859064324,2.0,1.0,2.0,9.0,8.0,1.4,1.3611111111111112,1.5833333333333333,1.3611111111111112,1.8,1.6,1.5555555555555556,1.1666666666666667,2.0555555555555554,1.4444444444444444,1.1111111111111112,1.2777777777777777,0.2222222222222222,0.2222222222222222,0.03888888888888875,12.399126934901318,12.350307166820569,4.239178867422799,12.201756721470954,2.158890670394148,0.04881976808074908
ligue1-2024-2024-09-13-st-etienne-v-lille,2024-09-13,2024,St Etienne,Lille,1,0,2,0.5,0.0,580.3517901552992,13,12,999,0,1.0,0,999,0,1.0,0,0,0,1463.581513962849,1580.468246089953,-116.8867321271041,0.3333333333333333,0.3333333333333333,0.3333333333333333,0,0.0,0.0,3.0,0.0,7.0,0.0,0.0,0.0,2.3333333333333335,0.0,2.3333333333333335,0.0,0.0,0.0,2.0,0.0,2.5,0.0,1.0,0.0,12.289596697550415,12.37033588345685,4.1808457906541685,12.3234466889063,2.1894196983969327,-0.0807391859064324,3.0,1.0,1.0,9.0,6.0,2.0,1.7567567567567568,1.5405405405405406,1.0,1.8,1.2,2.1052631578947367,1.3888888888888888,1.9473684210526316,0.8947368421052632,1.1111111111111112,1.1111111111111112,0.4594594594594595,0.10810810810810811,0.2432432432432432,12.399126934901318,12.350307166820569,4.239178867422799,12.201756721470954,2.158890670394148,0.04881976808074908
ligue1-2024-2024-09-14-marseille-v-nice,2024-09-14,2024,Marseille,Nice,2,0,2,0.5,0.0,158.3915479065629,14,13,999,0,1.0,0,999,0,1.0,0,0,0,1567.5746815556552,1548.28136834418,19.29331321147515,0.3333333333333333,0.3333333333333333,0.3333333333333333,0,3.0,1.0,1.0,12.0,6.0,2.0,1.5405405405405406,1.6756756756756757,1.2162162162162162,2.4,1.2,2.0555555555555554,1.0526315789473684,1.8333333333333333,0.8333333333333334,1.5263157894736843,1.5789473684210527,0.1891891891891892,0.2702702702702703,0.45945945945945943,12.289596697550415,12.37033588345685,4.1808457906541685,12.3234466889063,2.1894196983969327,-0.0807391859064324,1.0,2.0,2.0,9.0,8.0,1.0,1.5945945945945945,1.2432432432432432,0.8918918918918919,1.8,1.6,1.7777777777777777,1.4210526315789473,1.2222222222222223,0.6666666666666666,1.263157894736842,1.105263157894737,0.4594594594594595,0.24324324324324326,-0.5945945945945945,12.399126934901318,12.350307166820569,4.239178867422799,12.201756721470954,2.158890670394148,0.04881976808074908
ligue1-2024-2024-09-14-auxerre-v-monaco,2024-09-14,2024,Auxerre,Monaco,0,3,0,0.125,0.0,541.1160891482517,13,13,999,0,1.0,0,999,0,1.0,0,0,0,1481.3871406966718,1630.83967097136,-149.45253027468812,0.3333333333333333,0.3333333333333333,0.3333333333333333,0,1.0,0.0,2.0,3.0,6.0,1.0,1.0,1.0,2.0,1.0,2.0,3.0,0.0,2.0,1.0,0.5,2.5,0.0,0.3333333333333333,0.0,12.289596697550415,12.37033588345685,4.1808457906541685,12.3234466889063,2.1894196983969327,-0.0807391859064324,4.0,1.0,0.0,10.0,1.0,2.6,2.0,1.945945945945946,1.162162162162162,2.0,0.2,1.9473684210526316,2.0555555555555554,1.6842105263157894,0.7894736842105263,2.2222222222222223,1.5555555555555556,0.3783783783783784,0.13513513513513514,0.6000000000000001,12.399126934901318,12.350307166820569,4.239178867422799,12.201756721470954,2.158890670394148,0.04881976808074908
ligue1-2024-2024-09-14-paris-sg-v-brest,2024-09-14,2024,Paris SG,Brest,3,1,2,0.9285714285714286,0.0,497.76269074981866,13,14,999,0,1.0,0,999,0,1.0,0,0,0,1708.8109042570916,1555.4407643585896,153.37013989850198,0.3333333333333333,0.3333333333333333,0.3333333333333333,0,5.0,0.0,0.0,17.0,3.0,3.0,2.2972972972972974,2.5405405405405403,0.9459459459459459,3.4,0.6,2.0,2.5789473684210527,2.6666666666666665,1.2222222222222223,2.4210526315789473,0.6842105263157895,0.35135135135135137,0.08108108108108109,0.7027027027027026,12.289596697550415,12.37033588345685,4.1808457906541685,12.3234466889063,2.1894196983969327,-0.0807391859064324,2.0,1.0,2.0,9.0,8.0,1.4,1.7297297297297298,1.5675675675675675,1.1081081081081081,1.8,1.6,1.7894736842105263,1.6666666666666667,1.5789473684210527,1.0,1.5555555555555556,1.2222222222222223,0.43243243243243246,0.2702702702702703,-0.3297297297297299,12.399126934901318,12.350307166820569,4.239178867422799,12.201756721470954,2.158890670394148,0.04881976808074908
ligue1-2024-2024-09-15-nantes-v-reims,2024-09-15,2024,Nantes,Reims,1,2,0,0.375,0.0,467.30789973273426,15,14,999,0,1.0,0,999,0,1.0,0,0,0,1438.9722218969744,1480.3644518628437,-41.39222996586932,0.3333333333333333,0.3333333333333333,0.3333333333333333,0,2.0,1.0,2.0,6.0,7.0,1.4,1.0810810810810811,0.9459459459459459,1.5135135135135136,1.2,1.4,0.8333333333333334,1.3157894736842106,1.0555555555555556,1.6666666666666667,0.8421052631578947,1.368421052631579,0.2702702702702703,0.40540540540540543,0.31891891891891877,12.289596697550415,12.37033588345685,4.1808457906541685,12.3234466889063,2.1894196983969327,-0.0807391859064324,3.0,1.0,1.0,7.0,6.0,2.0,1.3783783783783783,1.2432432432432432,1.4054054054054055,1.4,1.2,1.5789473684210527,1.1666666666666667,1.105263157894737,1.105263157894737,1.3888888888888888,1.7222222222222223,0.21621621621621623,0.1891891891891892,0.6216216216216217,12.399126934901318,12.350307166820569,4.239178867422799,12.201756721470954,2.158890670394148,0.04881976808074908
ligue1-2024-2024-09-15-toulouse-v-le-havre,2024-09-15,2024,Toulouse,Le Havre,2,0,2,0.5,0.0,665.0339281280934,15,14,999,0,1.0,0,999,0,1.0,0,0,0,1474.3627656335984,1444.1900998183526,30.172665815245864,0.3333333333333333,0.3333333333333333,0.3333333333333333,0,1.0,2.0,2.0,5.0,8.0,1.0,1.2162162162162162,1.1891891891891893,1.3513513513513513,1.0,1.6,0.8947368421052632,1.5555555555555556,1.1578947368421053,1.4736842105263157,1.2222222222222223,1.2222222222222223,0.1891891891891892,0.2972972972972973,-0.21621621621621623,12.289596697550415,12.37033588345685,4.1808457906541685,12.3234466889063,2.1894196983969327,-0.0807391859064324,2.0,0.0,3.0,7.0,8.0,1.2,1.027027027027027,1.0810810810810811,1.3513513513513513,1.4,1.6,1.2105263157894737,0.8333333333333334,1.1578947368421053,1.263157894736842,1.0,1.4444444444444444,0.21621621621621623,0.43243243243243246,0.17297297297297298,12.399126934901318,12.350307166820569,4.239178867422799,12.201756721470954,2.158890670394148,0.04881976808074908
ligue1-2024-2024-09-15-strasbourg-v-angers,2024-09-15,2024,Strasbourg,Angers,1,1,1,0.5,0.0,627.9748219799196,16,14,999,0,1.0,0,999,0,1.0,0,0,0,1462.289650787864,1461.1587311104502,1.1309196774138854,0.3333333333333333,0.3333333333333333,0.3333333333333333,0,2.0,1.0,2.0,10.0,9.0,1.4,1.162162162162162,1.2162162162162162,1.5135135135135136,2.0,1.8,1.5,0.8421052631578947,1.3888888888888888,1.3333333333333333,1.0526315789473684,1.6842105263157894,0.13513513513513514,0.24324324324324326,0.23783783783783785,12.289596697550415,12.37033588345685,4.1808457906541685,12.3234466889063,2.1894196983969327,-0.0807391859064324,0.0,0.0,3.0,1.0,7.0,0.0,0.0,0.3333333333333333,2.3333333333333335,0.3333333333333333,2.3333333333333335,0.0,0.0,0.5,2.5,0.0,2.0,0.0,0.6666666666666666,0.0,12.399126934901318,12.350307166820569,4.239178867422799,12.201756721470954,2.158890670394148,0.04881976808074908
ligue1-2024-2024-09-15-lens-v-lyon,2024-09-15,2024,Lens,Lyon,0,0,1,0.75,0.0,543.2607224588958,14,16,999,0,1.0,0,999,0,1.0,0,0,0,1553.3215085310246,1519.2233433507154,34.09816518030925,0.3333333333333333,0.3333333333333333,0.3333333333333333,0,2.0,3.0,0.0,7.0,4.0,1.8,1.5675675675675675,1.3243243243243243,1.027027027027027,1.4,0.8,1.8888888888888888,1.263157894736842,1.6111111111111112,1.0,1.0526315789473684,1.0526315789473684,0.43243243243243246,0.1891891891891892,0.2324324324324325,12.289596697550415,12.37033588345685,4.1808457906541685,12.3234466889063,2.1894196983969327,-0.0807391859064324,3.0,0.0,2.0,7.0,9.0,1.8,1.5135135135135136,1.4324324324324325,1.7027027027027026,1.4,1.8,1.4736842105263157,1.5555555555555556,1.5263157894736843,1.7894736842105263,1.3333333333333333,1.6111111111111112,0.2702702702702703,0.24324324324324326,0.28648648648648645,12.399126934901318,12.350307166820569,4.239178867422799,12.201756721470954,2.158890670394148,0.04881976808074908
ligue1-2024-2024-09-15-rennes-v-montpellier,2024-09-15,2024,Rennes,Montpellier,3,0,2,0.875,0.0,653.737336719376,14,15,999,0,1.0,0,999,0,1.0,0,0,0,1503.4954175242272,1459.979911973148,43.51550555107906,0.3333333333333333,0.3333333333333333,0.3333333333333333,0,1.0,1.0,3.0,7.0,8.0,0.8,1.3243243243243243,1.5675675675675675,1.3783783783783783,1.4,1.6,1.5555555555555556,1.105263157894737,2.0555555555555554,1.4444444444444444,1.105263157894737,1.3157894736842106,0.21621621621621623,0.21621621621621623,-0.5243243243243243,12.289596697550415,12.37033588345685,4.1808457906541685,12.3234466889063,2.1894196983969327,-0.0807391859064324,0.0,2.0,3.0,4.0,14.0,0.4,1.162162162162162,1.2162162162162162,1.5675675675675675,0.8,2.8,1.0,1.3333333333333333,1.1578947368421053,1.4210526315789473,1.2777777777777777,1.7222222222222223,0.2702702702702703,0.2972972972972973,-0.762162162162162,12.399126934901318,12.350307166820569,4.239178867422799,12.201756721470954,2.158890670394148,0.04881976808074908
ligue1-2024-2024-09-20-nice-v-st-etienne,2024-09-20,2024,Nice,St Etienne,8,0,2,1.0,0.0,300.12066753454985,6,7,999,0,1.0,0,999,0,1.0,0,0,0,1538.8127587267347,1474.0671708148093,64.74558791192544,0.3333333333333333,0.3333333333333333,0.3333333333333333,0,1.0,2.0,2.0,8.0,8.0,1.0,1.5526315789473684,1.2105263157894737,0.9210526315789473,1.6,1.6,1.7777777777777777,1.35,1.2222222222222223,0.6666666666666666,1.2,1.15,0.4473684210526316,0.2631578947368421,-0.5526315789473684,12.289596697550415,12.37033588345685,4.1808457906541685,12.3234466889063,2.1894196983969327,-0.0807391859064324,1.0,0.0,3.0,1.0,7.0,0.75,0.75,0.25,1.75,0.25,1.75,1.5,0.0,0.5,1.0,0.0,2.5,0.25,0.75,0.0,12.399126934901318,12.350307166820569,4.239178867422799,12.201756721470954,2.158890670394148,0.04881976808074908
ligue1-2024-2024-09-21-rennes-v-lens,2024-09-21,2024,Rennes,Lens,1,1,1,0.3333333333333333,0.0,413.9592539188141,6,6,999,0,1.0,0,999,0,1.0,0,0,0,1514.0422737332553,1549.6427389462392,-35.60046521298386,0.3333333333333333,0.3333333333333333,0.3333333333333333,0,2.0,0.0,3.0,9.0,7.0,1.2,1.368421052631579,1.605263157894737,1.3421052631578947,1.8,1.4,1.631578947368421,1.105263157894737,2.1052631578947367,1.368421052631579,1.105263157894737,1.3157894736842106,0.23684210526315788,0.21052631578947367,-0.16842105263157903,12.289596697550415,12.37033588345685,4.1808457906541685,12.3234466889063,2.1894196983969327,-0.0807391859064324,2.0,3.0,0.0,6.0,3.0,1.8,1.5526315789473684,1.2894736842105263,1.0,1.2,0.6,1.8421052631578947,1.263157894736842,1.5263157894736843,0.9473684210526315,1.0526315789473684,1.0526315789473684,0.4473684210526316,0.21052631578947367,0.24736842105263168,12.399126934901318,12.350307166820569,4.239178867422799,12.201756721470954,2.158890670394148,0.04881976808074908
ligue1-2024-2024-09-21-lille-v-strasbourg,2024-09-21,2024,Lille,Strasbourg,3,3,1,0.25,0.0,403.89067096392466,8,6,999,0,1.0,0,999,0,1.0,0,0,0,1569.9825892379927,1459.4583820675834,110.52420717040923,0.3333333333333333,0.3333333333333333,0.3333333333333333,0,2.0,1.0,2.0,7.0,6.0,1.4,1.7105263157894737,1.5,1.0,1.4,1.2,2.1052631578947367,1.3157894736842106,1.9473684210526316,0.8947368421052632,1.0526315789473684,1.105263157894737,0.4473684210526316,0.13157894736842105,-0.31052631578947376,12.289596697550415,12.37033588345685,4.1808457906541685,12.3234466889063,2.1894196983969327,-0.0807391859064324,1.0,2.0,2.0,9.0,9.0,1.0,1.1578947368421053,1.2105263157894737,1.5,1.8,1.8,1.4736842105263157,0.8421052631578947,1.368421052631579,1.3157894736842106,1.0526315789473684,1.6842105263157894,0.13157894736842105,0.23684210526315788,-0.1578947368421053,12.399126934901318,12.350307166820569,4.239178867422799,12.201756721470954,2.158890670394148,0.04881976808074908
ligue1-2024-2024-09-21-reims-v-paris-sg,2024-09-21,2024,Reims,Paris SG,1,1,1,0.375,0.0,137.3490665469945,6,7,999,0,1.0,0,999,0,1.0,0,0,0,1492.0354990696078,1714.1479889703064,-222.11248990069862,0.3333333333333333,0.3333333333333333,0.3333333333333333,0,3.0,1.0,1.0,8.0,7.0,2.0,1.4210526315789473,1.263157894736842,1.394736842105263,1.6,1.4,1.5789473684210527,1.263157894736842,1.105263157894737,1.105263157894737,1.4210526315789473,1.6842105263157894,0.21052631578947367,0.18421052631578946,0.5789473684210527,12.289596697550415,12.37033588345685,4.1808457906541685,12.3234466889063,2.1894196983969327,-0.0807391859064324,5.0,0.0,0.0,18.0,3.0,3.0,2.3157894736842106,2.5526315789473686,0.9473684210526315,3.6,0.6,2.0526315789473686,2.5789473684210527,2.6842105263157894,1.2105263157894737,2.4210526315789473,0.6842105263157895,0.34210526315789475,0.07894736842105263,0.6842105263157894,12.399126934901318,12.350307166820569,4.239178867422799,12.201756721470954,2.158890670394148,0.04881976808074908
ligue1-2024-2024-09-22-monaco-v-le-havre,2024-09-22,2024,Monaco,Le Havre,3,1,2,0.7142857142857143,0.0,849.3032279621074,8,7,999,0,1.0,0,999,0,1.0,0,0,0,1645.7113652063156,1435.1117986891084,210.59956651720722,0.3333333333333333,0.3333333333333333,0.3333333333333333,0,4.0,1.0,0.0,11.0,1.0,2.6,2.026315789473684,1.9736842105263157,1.131578947368421,2.2,0.2,1.9473684210526316,2.1052631578947367,1.6842105263157894,0.7894736842105263,2.263157894736842,1.4736842105263157,0.39473684210526316,0.13157894736842105,0.573684210526316,12.289596697550415,12.37033588345685,4.1808457906541685,12.3234466889063,2.1894196983969327,-0.0807391859064324,2.0,0.0,3.0,7.0,9.0,1.2,1.0,1.0526315789473684,1.368421052631579,1.4,1.8,1.2105263157894737,0.7894736842105263,1.1578947368421053,1.263157894736842,0.9473684210526315,1.4736842105263157,0.21052631578947367,0.4473684210526316,0.19999999999999996,12.399126934901318,12.350307166820569,4.239178867422799,12.201756721470954,2.158890670394148,0.04881976808074908
ligue1-2024-2024-09-22-angers-v-nantes,2024-09-22,2024,Angers,Nantes,1,1,1,0.875,0.0,78.33697648526338,7,7,999,0,1.0,0,999,0,1.0,0,0,0,1463.9899998307308,1427.3011746902102,36.68882514052052,0.3333333333333333,0.3333333333333333,0.3333333333333333,0,0.0,1.0,3.0,2.0,8.0,0.25,0.25,0.5,2.0,0.5,2.0,0.0,0.5,0.5,2.5,0.5,1.5,0.0,0.5,0.0,12.289596697550415,12.37033588345685,4.1808457906541685,12.3234466889063,2.1894196983969327,-0.0807391859064324,2.0,1.0,2.0,6.0,7.0,1.4,1.0526315789473684,0.9473684210526315,1.5263157894736843,1.2,1.4,0.7894736842105263,1.3157894736842106,1.0526315789473684,1.6842105263157894,0.8421052631578947,1.368421052631579,0.2631578947368421,0.39473684210526316,0.34736842105263155,12.399126934901318,12.350307166820569,4.239178867422799,12.201756721470954,2.158890670394148,0.04881976808074908
ligue1-2024-2024-09-22-lyon-v-marseille,2024-09-22,2024,Lyon,Marseille,2,3,0,0.3333333333333333,0.0,279.5953816441229,7,8,999,0,1.0,0,999,0,1.0,0,0,0,1522.9021129355008,1577.0432911731004,-54.14117823759966,0.3333333333333333,0.3333333333333333,0.3333333333333333,0,2.0,1.0,2.0,6.0,9.0,1.4,1.5,1.394736842105263,1.6578947368421053,1.2,1.8,1.4736842105263157,1.5263157894736843,1.5263157894736843,1.7894736842105263,1.263157894736842,1.5263157894736843,0.2894736842105263,0.2631578947368421,-0.10000000000000009,12.289596697550415,12.37033588345685,4.1808457906541685,12.3234466889063,2.1894196983969327,-0.0807391859064324,4.0,1.0,0.0,14.0,5.0,2.6,1.5789473684210527,1.6842105263157894,1.1842105263157894,2.8,1.0,2.1052631578947367,1.0526315789473684,1.8421052631578947,0.7894736842105263,1.5263157894736843,1.5789473684210527,0.21052631578947367,0.2631578947368421,1.0210526315789474,12.399126934901318,12.350307166820569,4.239178867422799,12.201756721470954,2.158890670394148,0.04881976808074908
ligue1-2024-2024-09-22-brest-v-toulouse,2024-09-22,2024,Brest,Toulouse,2,0,2,0.5714285714285714,0.0,703.0608682042306,8,7,999,0,1.0,0,999,0,1.0,0,0,0,1550.1036796453748,1483.4410667628426,66.66261288253213,0.3333333333333333,0.3333333333333333,0.3333333333333333,0,2.0,0.0,3.0,9.0,10.0,1.2,1.6842105263157894,1.5526315789473684,1.1578947368421053,1.8,2.0,1.7894736842105263,1.5789473684210527,1.5789473684210527,1.0,1.5263157894736843,1.3157894736842106,0.42105263157894735,0.2631578947368421,-0.4842105263157894,12.289596697550415,12.37033588345685,4.1808457906541685,12.3234466889063,2.1894196983969327,-0.0807391859064324,1.0,2.0,2.0,4.0,7.0,1.0,1.263157894736842,1.2105263157894737,1.3157894736842106,0.8,1.4,1.0,1.5555555555555556,1.2,1.4,1.2222222222222223,1.2222222222222223,0.21052631578947367,0.2894736842105263,-0.26315789473684204,12.399126934901318,12.350307166820569,4.239178867422799,12.201756721470954,2.158890670394148,0.04881976808074908
ligue1-2024-2024-09-22-montpellier-v-auxerre,2024-09-22,2024,Montpellier,Auxerre,3,2,2,0.5,0.0,465.45291733255516,7,8,999,0,1.0,0,999,0,1.0,0,0,0,1449.43305576412,1466.5154464617162,-17.082390697596338,0.3333333333333333,0.3333333333333333,0.3333333333333333,0,0.0,2.0,3.0,4.0,15.0,0.4,1.131578947368421,1.1842105263157894,1.605263157894737,0.8,3.0,1.0,1.263157894736842,1.1578947368421053,1.4210526315789473,1.2105263157894737,1.7894736842105263,0.2631578947368421,0.3157894736842105,-0.731578947368421,12.289596697550415,12.37033588345685,4.1808457906541685,12.3234466889063,2.1894196983969327,-0.0807391859064324,1.0,0.0,3.0,3.0,9.0,0.75,0.75,0.75,2.25,0.75,2.25,1.5,0.0,1.0,2.0,0.5,2.5,0.0,0.5,0.0,12.399126934901318,12.350307166820569,4.239178867422799,12.201756721470954,2.158890670394148,0.04881976808074908
ligue1-2024-2024-09-27-paris-sg-v-rennes,2024-09-27,2024,Paris SG,Rennes,3,1,2,0.7142857142857143,0.0,298.53722794303593,6,6,999,0,1.0,0,999,0,1.0,0,0,0,1710.7712209939864,1512.2096461483889,198.56157484559753,0.3333333333333333,0.3333333333333333,0.3333333333333333,0,4.0,1.0,0.0,17.0,4.0,2.6,2.282051282051282,2.5128205128205128,0.9487179487179487,3.4,0.8,2.0526315789473686,2.5,2.6842105263157894,1.2105263157894737,2.35,0.7,0.3333333333333333,0.07692307692307693,0.31794871794871815,12.289596697550415,12.37033588345685,4.1808457906541685,12.3234466889063,2.1894196983969327,-0.0807391859064324,2.0,1.0,2.0,9.0,6.0,1.4,1.358974358974359,1.5897435897435896,1.3333333333333333,1.8,1.2,1.6,1.105263157894737,2.05,1.35,1.105263157894737,1.3157894736842106,0.23076923076923078,0.20512820512820512,0.04102564102564088,12.399126934901318,12.350307166820569,4.239178867422799,12.201756721470954,2.158890670394148,0.04881976808074908
ligue1-2024-2024-09-27-auxerre-v-brest,2024-09-27,2024,Auxerre,Brest,3,0,2,0.7,0.0,602.6256194989534,5,5,999,0,1.0,0,999,0,1.0,0,0,0,1458.8577059084168,1557.9384488151613,-99.08074290674449,0.3333333333333333,0.3333333333333333,0.3333333333333333,0,1.0,0.0,4.0,5.0,12.0,0.6,0.6,1.0,2.4,1.0,2.4,1.5,0.0,1.0,2.0,1.0,2.6666666666666665,0.0,0.4,0.0,12.289596697550415,12.37033588345685,4.1808457906541685,12.3234466889063,2.1894196983969327,-0.0807391859064324,2.0,0.0,3.0,8.0,10.0,1.2,1.7179487179487178,1.564102564102564,1.1282051282051282,1.6,2.0,1.85,1.5789473684210527,1.6,0.95,1.5263157894736843,1.3157894736842106,0.4358974358974359,0.2564102564102564,-0.5179487179487179,12.399126934901318,12.350307166820569,4.239178867422799,12.201756721470954,2.158890670394148,0.04881976808074908
ligue1-2024-2024-09-28-lens-v-nice,2024-09-28,2024,Lens,Nice,0,0,1,0.3333333333333333,0.0,820.4237860395572,7,8,999,0,1.0,0,999,0,1.0,0,0,0,1551.4753665311057,1554.607623606077,-3.1322570749712213,0.3333333333333333,0.3333333333333333,0.3333333333333333,0,2.0,3.0,0.0,5.0,2.0,1.8,1.5384615384615385,1.2820512820512822,1.0,1.0,0.4,1.8421052631578947,1.25,1.5263157894736843,0.9473684210526315,1.05,1.05,0.4358974358974359,0.20512820512820512,0.2615384615384615,12.289596697550415,12.37033588345685,4.1808457906541685,12.3234466889063,2.1894196983969327,-0.0807391859064324,2.0,1.0,2.0,14.0,6.0,1.4,1.5897435897435896,1.3846153846153846,0.8974358974358975,2.8,1.2,1.8421052631578947,1.35,1.5789473684210527,0.631578947368421,1.2,1.15,0.46153846153846156,0.2564102564102564,-0.18974358974358974,12.399126934901318,12.350307166820569,4.239178867422799,12.201756721470954,2.158890670394148,0.04881976808074908
ligue1-2024-2024-09-28-le-havre-v-lille,2024-09-28,2024,Le Havre,Lille,0,3,0,0.25,0.0,249.04377134052066,6,7,999,0,1.0,0,999,0,1.0,0,0,0,1431.0579936835554,1564.5699793008307,-133.5119856172753,0.3333333333333333,0.3333333333333333,0.3333333333333333,0,2.0,0.0,3.0,7.0,10.0,1.2,0.9743589743589743,1.0512820512820513,1.4102564102564104,1.4,2.0,1.2105263157894737,0.75,1.1578947368421053,1.263157894736842,0.95,1.55,0.20512820512820512,0.4358974358974359,0.22564102564102562,12.289596697550415,12.37033588345685,4.1808457906541685,12.3234466889063,2.1894196983969327,-0.0807391859064324,2.0,1.0,2.0,8.0,7.0,1.4,1.6923076923076923,1.5384615384615385,1.0512820512820513,1.6,1.4,2.05,1.3157894736842106,2.0,1.0,1.0526315789473684,1.105263157894737,0.4358974358974359,0.1282051282051282,-0.2923076923076924,12.399126934901318,12.350307166820569,4.239178867422799,12.201756721470954,2.158890670394148,0.04881976808074908
ligue1-2024-2024-09-28-monaco-v-montpellier,2024-09-28,2024,Monaco,Montpellier,2,1,2,0.75,0.0,290.4493781085042,6,6,999,0,1.0,0,999,0,1.0,0,0,0,1649.7651702118685,1457.0907963174193,192.67437389444922,0.3333333333333333,0.3333333333333333,0.3333333333333333,0,4.0,1.0,0.0,10.0,2.0,2.6,2.051282051282051,2.0,1.1282051282051282,2.0,0.4,2.0,2.1052631578947367,1.75,0.8,2.263157894736842,1.4736842105263157,0.38461538461538464,0.1282051282051282,0.548717948717949,12.289596697550415,12.37033588345685,4.1808457906541685,12.3234466889063,2.1894196983969327,-0.0807391859064324,1.0,1.0,3.0,5.0,15.0,0.8,1.1794871794871795,1.2307692307692308,1.6153846153846154,1.0,3.0,1.1,1.263157894736842,1.25,1.45,1.2105263157894737,1.7894736842105263,0.2564102564102564,0.3076923076923077,-0.37948717948717947,12.399126934901318,12.350307166820569,4.239178867422799,12.201756721470954,2.158890670394148,0.04881976808074908
ligue1-2024-2024-09-29-angers-v-reims,2024-09-29,2024,Angers,Reims,1,3,0,0.5,0.0,391.46313383785196,7,8,999,0,1.0,0,999,0,1.0,0,0,0,1460.2469337849968,1495.4122670459278,-35.16533326093099,0.3333333333333333,0.3333333333333333,0.3333333333333333,0,0.0,2.0,3.0,3.0,9.0,0.4,0.4,0.6,1.8,0.6,1.8,0.3333333333333333,0.5,0.6666666666666666,2.0,0.5,1.5,0.0,0.4,0.0,12.289596697550415,12.37033588345685,4.1808457906541685,12.3234466889063,2.1894196983969327,-0.0807391859064324,2.0,2.0,1.0,7.0,7.0,1.6,1.4102564102564104,1.2564102564102564,1.3846153846153846,1.4,1.4,1.55,1.263157894736842,1.1,1.1,1.4210526315789473,1.6842105263157894,0.20512820512820512,0.1794871794871795,0.18974358974358974,12.399126934901318,12.350307166820569,4.239178867422799,12.201756721470954,2.158890670394148,0.04881976808074908
ligue1-2024-2024-09-29-strasbourg-v-marseille,2024-09-29,2024,Strasbourg,Marseille,1,0,2,0.42857142857142855,0.0,615.9042624672749,8,7,999,0,1.0,0,999,0,1.0,0,0,0,1464.8709920047454,1588.3556019901894,-123.48460998544397,0.3333333333333333,0.3333333333333333,0.3333333333333333,0,1.0,3.0,1.0,11.0,10.0,1.2,1.1538461538461537,1.2564102564102564,1.5384615384615385,2.2,2.0,1.4736842105263157,0.85,1.368421052631579,1.3157894736842106,1.15,1.75,0.1282051282051282,0.23076923076923078,0.04615384615384621,12.289596697550415,12.37033588345685,4.1808457906541685,12.3234466889063,2.1894196983969327,-0.0807391859064324,4.0,1.0,0.0,15.0,6.0,2.6,1.6153846153846154,1.7179487179487178,1.205128205128205,3.0,1.2,2.1052631578947367,1.15,1.8421052631578947,0.7894736842105263,1.6,1.6,0.20512820512820512,0.2564102564102564,0.9846153846153847,12.399126934901318,12.350307166820569,4.239178867422799,12.201756721470954,2.158890670394148,0.04881976808074908
ligue1-2024-2024-09-29-nantes-v-st-etienne,2024-09-29,2024,Nantes,St Etienne,2,2,1,0.5,0.0,495.69469630854894,7,9,999,0,1.0,0,999,0,1.0,0,0,0,1431.0442407359442,1458.272305935467,-27.228065199522916,0.3333333333333333,0.3333333333333333,0.3333333333333333,0,2.0,2.0,1.0,7.0,4.0,1.6,1.0512820512820513,0.9487179487179487,1.5128205128205128,1.4,0.8,0.7894736842105263,1.3,1.0526315789473684,1.6842105263157894,0.85,1.35,0.2564102564102564,0.38461538461538464,0.5487179487179488,12.289596697550415,12.37033588345685,4.1808457906541685,12.3234466889063,2.1894196983969327,-0.0807391859064324,1.0,0.0,4.0,1.0,15.0,0.6,0.6,0.2,3.0,0.2,3.0,1.5,0.0,0.5,1.0,0.0,4.333333333333333,0.2,0.8,0.0,12.399126934901318,12.350307166820569,4.239178867422799,12.201756721470954,2.158890670394148,0.04881976808074908
ligue1-2024-2024-09-29-toulouse-v-lyon,2024-09-29,2024,Toulouse,Lyon,1,2,0,0.35714285714285715,0.0,370.8569193679967,7,7,999,0,1.0,0,999,0,1.0,0,0,0,1475.606297593056,1511.5898021184119,-35.983504525355784,0.3333333333333333,0.3333333333333333,0.3333333333333333,0,1.0,2.0,2.0,4.0,6.0,1.0,1.2307692307692308,1.1794871794871795,1.3333333333333333,0.8,1.2,1.0,1.4736842105263157,1.2,1.4,1.1578947368421053,1.263157894736842,0.20512820512820512,0.3076923076923077,-0.23076923076923084,12.289596697550415,12.37033588345685,4.1808457906541685,12.3234466889063,2.1894196983969327,-0.0807391859064324,1.0,1.0,3.0,6.0,11.0,0.8,1.4615384615384615,1.4102564102564104,1.6923076923076923,1.2,2.2,1.4,1.5263157894736843,1.55,1.85,1.263157894736842,1.5263157894736843,0.28205128205128205,0.2564102564102564,-0.6615384615384614,12.399126934901318,12.350307166820569,4.239178867422799,12.201756721470954,2.158890670394148,0.04881976808074908
ligue1-2024-2024-10-04-marseille-v-angers,2024-10-04,2024,Marseille,Angers,1,1,1,0.75,0.0,656.6013588083166,5,5,999,0,1.0,0,999,0,1.0,0,0,0,1577.6806881529474,1443.4959584081155,134.18472974483188,0.3333333333333333,0.3333333333333333,0.3333333333333333,0,3.0,1.0,1.0,10.0,6.0,2.0,1.575,1.675,1.2,2.0,1.2,2.1052631578947367,1.0952380952380953,1.8421052631578947,0.7894736842105263,1.5238095238095237,1.5714285714285714,0.2,0.275,0.42500000000000004,12.289596697550415,12.37033588345685,4.1808457906541685,12.3234466889063,2.1894196983969327,-0.0807391859064324,0.0,2.0,3.0,4.0,11.0,0.4,0.3333333333333333,0.6666666666666666,2.0,0.8,2.2,0.25,0.5,0.75,2.25,0.5,1.5,0.0,0.3333333333333333,0.06666666666666671,12.399126934901318,12.350307166820569,4.239178867422799,12.201756721470954,2.158890670394148,0.04881976808074908
ligue1-2024-2024-10-05-rennes-v-monaco,2024-10-05,2024,Rennes,Monaco,1,2,0,0.16666666666666666,0.0,852.3786639659552,8,7,999,0,1.0,0,999,0,1.0,0,0,0,1507.9091916229509,1652.8944700166073,-144.98527839365647,0.3333333333333333,0.3333333333333333,0.3333333333333333,0,1.0,1.0,3.0,7.0,9.0,0.8,1.325,1.575,1.375,1.4,1.8,1.6,1.05,2.05,1.35,1.1,1.4,0.225,0.2,-0.5249999999999999,12.289596697550415,12.37033588345685,4.1808457906541685,12.3234466889063,2.1894196983969327,-0.0807391859064324,4.0,1.0,0.0,11.0,3.0,2.6,2.075,2.0,1.125,2.2,0.6,2.0476190476190474,2.1052631578947367,1.7619047619047619,0.8095238095238095,2.263157894736842,1.4736842105263157,0.375,0.125,0.5249999999999999,12.399126934901318,12.350307166820569,4.239178867422799,12.201756721470954,2.158890670394148,0.04881976808074908
ligue1-2024-2024-10-05-st-etienne-v-auxerre,2024-10-05,2024,St Etienne,Auxerre,3,1,2,0.75,0.0,266.84839021597287,6,8,999,0,1.0,0,999,0,1.0,0,0,0,1460.3367486773955,1476.1323868914956,-15.795638214100109,0.3333333333333333,0.3333333333333333,0.3333333333333333,0,1.0,1.0,3.0,3.0,16.0,0.8,0.6666666666666666,0.5,2.8333333333333335,0.6,3.2,1.5,0.25,0.5,1.0,0.5,3.75,0.16666666666666666,0.6666666666666666,0.13333333333333341,12.289596697550415,12.37033588345685,4.1808457906541685,12.3234466889063,2.1894196983969327,-0.0807391859064324,1.0,0.0,4.0,6.0,11.0,0.6,1.0,1.3333333333333333,2.0,1.2,2.2,2.0,0.0,1.6666666666666667,1.3333333333333333,1.0,2.6666666666666665,0.16666666666666666,0.3333333333333333,-0.4,12.399126934901318,12.350307166820569,4.239178867422799,12.201756721470954,2.158890670394148,0.04881976808074908
ligue1-2024-2024-10-05-lille-v-toulouse,2024-10-05,2024,Lille,Toulouse,2,1,2,0.7857142857142857,0.0,792.0037973750112,7,6,999,0,1.0,0,999,0,1.0,0,0,0,1580.2249953035744,1463.7843266454859,116.4406686580885,0.3333333333333333,0.3333333333333333,0.3333333333333333,0,2.0,1.0,2.0,9.0,7.0,1.4,1.725,1.575,1.025,1.8,1.4,2.05,1.4,2.0,1.0,1.15,1.05,0.45,0.125,-0.3250000000000002,12.289596697550415,12.37033588345685,4.1808457906541685,12.3234466889063,2.1894196983969327,-0.0807391859064324,1.0,1.0,3.0,5.0,8.0,0.8,1.2,1.175,1.35,1.0,1.6,0.9523809523809523,1.4736842105263157,1.1904761904761905,1.4285714285714286,1.1578947368421053,1.263157894736842,0.2,0.3,-0.3999999999999999,12.399126934901318,12.350307166820569,4.239178867422799,12.201756721470954,2.158890670394148,0.04881976808074908
ligue1-2024-2024-10-06-lyon-v-nantes,2024-10-06,2024,Lyon,Nantes,2,0,2,0.9166666666666666,0.0,524.5304602260443,7,7,999,0,1.0,0,999,0,1.0,0,0,0,1523.411773065982,1428.9797979940158,94.43197507196624,0.3333333333333333,0.3333333333333333,0.3333333333333333,0,2.0,1.0,2.0,8.0,9.0,1.4,1.5,1.425,1.675,1.6,1.8,1.4,1.6,1.55,1.85,1.3,1.5,0.275,0.25,-0.10000000000000009,12.289596697550415,12.37033588345685,4.1808457906541685,12.3234466889063,2.1894196983969327,-0.0807391859064324,2.0,2.0,1.0,9.0,6.0,1.6,1.05,0.975,1.525,1.8,1.2,0.8,1.3,1.1,1.7,0.85,1.35,0.25,0.375,0.55,12.399126934901318,12.350307166820569,4.239178867422799,12.201756721470954,2.158890670394148,0.04881976808074908
ligue1-2024-2024-10-06-reims-v-montpellier,2024-10-06,2024,Reims,Montpellier,4,2,2,0.625,0.0,628.1411925442256,7,8,999,0,1.0,0,999,0,1.0,0,0,0,1512.1632424228092,1453.9614965126805,58.20174591012869,0.3333333333333333,0.3333333333333333,0.3333333333333333,0,3.0,2.0,0.0,10.0,6.0,2.2,1.45,1.3,1.375,2.0,1.2,1.55,1.35,1.1,1.1,1.5,1.65,0.2,0.175,0.7500000000000002,12.289596697550415,12.37033588345685,4.1808457906541685,12.3234466889063,2.1894196983969327,-0.0807391859064324,1.0,0.0,4.0,5.0,16.0,0.6,1.15,1.225,1.625,1.0,3.2,1.1,1.2,1.25,1.45,1.2,1.8,0.25,0.3,-0.5499999999999999,12.399126934901318,12.350307166820569,4.239178867422799,12.201756721470954,2.158890670394148,0.04881976808074908
ligue1-2024-2024-10-06-strasbourg-v-lens,2024-10-06,2024,Strasbourg,Lens,2,2,1,0.42857142857142855,0.0,413.0470096073049,7,8,999,0,1.0,0,999,0,1.0,0,0,0,1475.5459058419874,1548.7573536161347,-73.21144777414725,0.3333333333333333,0.3333333333333333,0.3333333333333333,0,2.0,2.0,1.0,11.0,9.0,1.6,1.2,1.25,1.5,2.2,1.8,1.55,0.85,1.35,1.25,1.15,1.75,0.15,0.225,0.40000000000000013,12.289596697550415,12.37033588345685,4.1808457906541685,12.3234466889063,2.1894196983969327,-0.0807391859064324,1.0,4.0,0.0,4.0,2.0,1.4,1.525,1.25,0.975,0.8,0.4,1.8,1.25,1.45,0.9,1.05,1.05,0.45,0.225,-0.125,12.399126934901318,12.350307166820569,4.239178867422799,12.201756721470954,2.158890670394148,0.04881976808074908
ligue1-2024-2024-10-06-brest-v-le-havre,2024-10-06,2024,Brest,Le Havre,2,0,2,0.8571428571428571,0.0,357.13572034857475,9,8,999,0,1.0,0,999,0,1.0,0,0,0,1540.6637678320826,1415.4029776808118,125.26079015127084,0.3333333333333333,0.3333333333333333,0.3333333333333333,0,2.0,0.0,3.0,7.0,8.0,1.2,1.675,1.525,1.175,1.4,1.6,1.85,1.5,1.6,0.95,1.45,1.4,0.425,0.275,-0.4750000000000001,12.289596697550415,12.37033588345685,4.1808457906541685,12.3234466889063,2.1894196983969327,-0.0807391859064324,2.0,0.0,3.0,6.0,9.0,1.2,0.95,1.025,1.45,1.2,1.8,1.15,0.75,1.1,1.35,0.95,1.55,0.2,0.45,0.25,12.399126934901318,12.350307166820569,4.239178867422799,12.201756721470954,2.158890670394148,0.04881976808074908
ligue1-2024-2024-10-06-nice-v-paris-sg,2024-10-06,2024,Nice,Paris SG,1,1,1,0.4166666666666667,0.0,688.7622533510902,8,9,999,0,1.0,0,999,0,1.0,0,0,0,1557.325636521048,1715.0716755194244,-157.74603899837643,0.3333333333333333,0.3333333333333333,0.3333333333333333,0,2.0,2.0,1.0,13.0,4.0,1.6,1.575,1.35,0.875,2.6,0.8,1.8421052631578947,1.3333333333333333,1.5789473684210527,0.631578947368421,1.1428571428571428,1.0952380952380953,0.475,0.275,0.025000000000000133,12.289596697550415,12.37033588345685,4.1808457906541685,12.3234466889063,2.1894196983969327,-0.0807391859064324,4.0,1.0,0.0,16.0,4.0,2.6,2.3,2.525,0.95,3.2,0.8,2.1,2.5,2.7,1.2,2.35,0.7,0.325,0.075,0.30000000000000027,12.399126934901318,12.350307166820569,4.239178867422799,12.201756721470954,2.158890670394148,0.04881976808074908
ligue1-2024-2024-10-18-monaco-v-lille,2024-10-18,2024,Monaco,Lille,0,0,1,0.25,0.0,830.8226397080704,13,13,999,0,1.0,0,999,0,1.0,0,0,0,1661.6068769065482,1584.6930955404584,76.91378136608978,0.3333333333333333,0.3333333333333333,0.3333333333333333,0,4.0,1.0,0.0,11.0,4.0,2.6,2.097560975609756,2.0,1.1219512195121952,2.2,0.8,2.0476190476190474,2.15,1.7619047619047619,0.8095238095238095,2.25,1.45,0.36585365853658536,0.12195121951219512,0.5024390243902439,12.289596697550415,12.37033588345685,4.1808457906541685,12.3234466889063,2.1894196983969327,-0.0807391859064324,2.0,1.0,2.0,9.0,8.0,1.4,1.7560975609756098,1.5853658536585367,1.024390243902439,1.8,1.6,2.0952380952380953,1.4,2.0,1.0,1.15,1.05,0.43902439024390244,0.12195121951219512,-0.35609756097560985,12.399126934901318,12.350307166820569,4.239178867422799,12.201756721470954,2.158890670394148,0.04881976808074908
ligue1-2024-2024-10-19-st-etienne-v-lens,2024-10-19,2024,St Etienne,Lens,0,2,0,0.0,0.0,565.1484392939193,14,13,999,0,1.0,0,999,0,1.0,0,0,0,1471.1169694114126,1549.5268658231146,-78.409896411702,0.3333333333333333,0.3333333333333333,0.3333333333333333,0,2.0,1.0,2.0,6.0,15.0,1.4,1.0,0.8571428571428571,2.5714285714285716,1.2,3.0,2.0,0.25,1.3333333333333333,1.0,0.5,3.75,0.14285714285714285,0.5714285714285714,0.3999999999999999,12.289596697550415,12.37033588345685,4.1808457906541685,12.3234466889063,2.1894196983969327,-0.0807391859064324,0.0,5.0,0.0,4.0,4.0,1.0,1.5121951219512195,1.2682926829268293,1.0,0.8,0.8,1.8,1.2380952380952381,1.45,0.9,1.0952380952380953,1.0952380952380953,0.43902439024390244,0.21951219512195122,-0.5121951219512195,12.399126934901318,12.350307166820569,4.239178867422799,12.201756721470954,2.158890670394148,0.04881976808074908
ligue1-2024-2024-10-19-brest-v-rennes,2024-10-19,2024,Brest,Rennes,1,1,1,0.5,0.0,212.8355943201449,13,14,999,0,1.0,0,999,0,1.0,0,0,0,1546.7369672444509,1499.19678473301,47.54018251144089,0.3333333333333333,0.3333333333333333,0.3333333333333333,0,3.0,0.0,2.0,9.0,6.0,1.8,1.7073170731707317,1.5365853658536586,1.146341463414634,1.8,1.2,1.9047619047619047,1.5,1.619047619047619,0.9047619047619048,1.45,1.4,0.43902439024390244,0.2682926829268293,0.09268292682926838,12.289596697550415,12.37033588345685,4.1808457906541685,12.3234466889063,2.1894196983969327,-0.0807391859064324,1.0,1.0,3.0,7.0,8.0,0.8,1.2926829268292683,1.5609756097560976,1.3902439024390243,1.4,1.6,1.5238095238095237,1.05,2.0,1.380952380952381,1.1,1.4,0.21951219512195122,0.1951219512195122,-0.4926829268292683,12.399126934901318,12.350307166820569,4.239178867422799,12.201756721470954,2.158890670394148,0.04881976808074908
ligue1-2024-2024-10-19-paris-sg-v-strasbourg,2024-10-19,2024,Paris SG,Strasbourg,4,2,2,0.75,0.0,404.8992067304394,13,13,999,0,1.0,0,999,0,1.0,0,0,0,1713.424748285151,1474.7763936350075,238.64835465014357,0.3333333333333333,0.3333333333333333,0.3333333333333333,0,3.0,2.0,0.0,11.0,5.0,2.2,2.268292682926829,2.4878048780487805,0.9512195121951219,2.2,1.0,2.1,2.4285714285714284,2.7,1.2,2.2857142857142856,0.7142857142857143,0.3170731707317073,0.07317073170731707,-0.06829268292682888,12.289596697550415,12.37033588345685,4.1808457906541685,12.3234466889063,2.1894196983969327,-0.0807391859064324,1.0,3.0,1.0,10.0,10.0,1.2,1.1951219512195121,1.2682926829268293,1.5121951219512195,2.0,2.0,1.5238095238095237,0.85,1.380952380952381,1.2857142857142858,1.15,1.75,0.14634146341463414,0.21951219512195122,0.004878048780487809,12.399126934901318,12.350307166820569,4.239178867422799,12.201756721470954,2.158890670394148,0.04881976808074908
ligue1-2024-2024-10-20-auxerre-v-reims,2024-10-20,2024,Auxerre,Reims,2,1,2,1.0,0.0,166.02501199614719,15,14,999,0,1.0,0,999,0,1.0,0,0,0,1465.3521661574785,1520.2768743062459,-54.92470814876742,0.3333333333333333,0.3333333333333333,0.3333333333333333,0,1.0,0.0,4.0,7.0,12.0,0.6,0.8571428571428571,1.2857142857142858,2.142857142857143,1.4,2.4,2.0,0.0,1.6666666666666667,1.3333333333333333,1.0,2.75,0.14285714285714285,0.2857142857142857,-0.2571428571428571,12.289596697550415,12.37033588345685,4.1808457906541685,12.3234466889063,2.1894196983969327,-0.0807391859064324,4.0,1.0,0.0,12.0,6.0,2.6,1.4878048780487805,1.3658536585365855,1.3902439024390243,2.4,1.2,1.619047619047619,1.35,1.2380952380952381,1.1428571428571428,1.5,1.65,0.1951219512195122,0.17073170731707318,1.1121951219512196,12.399126934901318,12.350307166820569,4.239178867422799,12.201756721470954,2.158890670394148,0.04881976808074908
ligue1-2024-2024-10-20-toulouse-v-angers,2024-10-20,2024,Toulouse,Angers,1,1,1,0.375,0.0,457.5144189951031,15,16,999,0,1.0,0,999,0,1.0,0,0,0,1459.3162264086018,1449.3722553202786,9.943971088323224,0.3333333333333333,0.3333333333333333,0.3333333333333333,0,1.0,0.0,4.0,5.0,9.0,0.6,1.170731707317073,1.170731707317073,1.3658536585365855,1.0,1.8,0.9523809523809523,1.4,1.1904761904761905,1.4285714285714286,1.15,1.3,0.1951219512195122,0.2926829268292683,-0.5707317073170731,12.289596697550415,12.37033588345685,4.1808457906541685,12.3234466889063,2.1894196983969327,-0.0807391859064324,0.0,3.0,2.0,5.0,10.0,0.6,0.42857142857142855,0.7142857142857143,1.8571428571428572,1.0,2.0,0.25,0.6666666666666666,0.75,2.25,0.6666666666666666,1.3333333333333333,0.0,0.2857142857142857,0.17142857142857143,12.399126934901318,12.350307166820569,4.239178867422799,12.201756721470954,2.158890670394148,0.04881976808074908
ligue1-2024-2024-10-20-le-havre-v-lyon,2024-10-20,2024,Le Havre,Lyon,0,4,0,0.35714285714285715,0.0,552.2473546806608,14,14,999,0,1.0,0,999,0,1.0,0,0,0,1409.3297782684435,1530.3740088088327,-121.04423054038921,0.3333333333333333,0.3333333333333333,0.3333333333333333,0,1.0,0.0,4.0,4.0,11.0,0.6,0.926829268292683,1.0,1.4634146341463414,0.8,2.2,1.15,0.7142857142857143,1.1,1.35,0.9047619047619048,1.5714285714285714,0.1951219512195122,0.4634146341463415,-0.326829268292683,12.289596697550415,12.37033588345685,4.1808457906541685,12.3234466889063,2.1894196983969327,-0.0807391859064324,3.0,1.0,1.0,10.0,7.0,2.0,1.5365853658536586,1.4390243902439024,1.6341463414634145,2.0,1.4,1.4761904761904763,1.6,1.5714285714285714,1.7619047619047619,1.3,1.5,0.2926829268292683,0.24390243902439024,0.46341463414634143,12.399126934901318,12.350307166820569,4.239178867422799,12.201756721470954,2.158890670394148,0.04881976808074908
ligue1-2024-2024-10-20-nantes-v-nice,2024-10-20,2024,Nantes,Nice,1,1,1,0.5833333333333334,0.0,790.4235154760573,14,14,999,0,1.0,0,999,0,1.0,0,0,0,1422.0175622511651,1558.9725637553213,-136.95500150415614,0.3333333333333333,0.3333333333333333,0.3333333333333333,0,1.0,2.0,2.0,7.0,8.0,1.0,1.024390243902439,0.9512195121951219,1.5365853658536586,1.4,1.6,0.8,1.2380952380952381,1.1,1.7,0.8095238095238095,1.380952380952381,0.24390243902439024,0.3902439024390244,-0.024390243902439046,12.289596697550415,12.37033588345685,4.1808457906541685,12.3234466889063,2.1894196983969327,-0.0807391859064324,2.0,2.0,1.0,13.0,4.0,1.6,1.5609756097560976,1.3414634146341464,0.8780487804878049,2.6,0.8,1.8,1.3333333333333333,1.55,0.65,1.1428571428571428,1.0952380952380953,0.4634146341463415,0.2682926829268293,0.039024390243902474,12.399126934901318,12.350307166820569,4.239178867422799,12.201756721470954,2.158890670394148,0.04881976808074908
ligue1-2024-2024-10-20-montpellier-v-marseille,2024-10-20,2024,Montpellier,Marseille,0,5,0,0.125,0.0,133.8691695133372,14,16,999,0,1.0,0,999,0,1.0,0,0,0,1445.8478646292438,1571.8043912407843,-125.95652661154054,0.3333333333333333,0.3333333333333333,0.3333333333333333,0,1.0,0.0,4.0,7.0,14.0,0.6,1.1219512195121952,1.2439024390243902,1.6829268292682926,1.4,2.8,1.1,1.1428571428571428,1.25,1.45,1.2380952380952381,1.9047619047619047,0.24390243902439024,0.2926829268292683,-0.5219512195121953,12.289596697550415,12.37033588345685,4.1808457906541685,12.3234466889063,2.1894196983969327,-0.0807391859064324,3.0,1.0,1.0,9.0,5.0,2.0,1.5609756097560976,1.6585365853658536,1.1951219512195121,1.8,1.0,2.05,1.0952380952380953,1.8,0.8,1.5238095238095237,1.5714285714285714,0.1951219512195122,0.2682926829268293,0.4390243902439024,12.399126934901318,12.350307166820569,4.239178867422799,12.201756721470954,2.158890670394148,0.04881976808074908
ligue1-2024-2024-10-25-rennes-v-le-havre,2024-10-25,2024,Rennes,Le Havre,1,0,2,0.75,0.0,200.52418203135207,6,5,999,0,1.0,0,999,0,1.0,0,0,0,1503.2052304795895,1390.5397022844516,112.665528195138,0.3333333333333333,0.3333333333333333,0.3333333333333333,0,1.0,2.0,2.0,7.0,7.0,1.0,1.2857142857142858,1.5476190476190477,1.380952380952381,1.4,1.4,1.5238095238095237,1.0476190476190477,2.0,1.380952380952381,1.0952380952380953,1.380952380952381,0.21428571428571427,0.19047619047619047,-0.2857142857142858,12.289596697550415,12.37033588345685,4.1808457906541685,12.3234466889063,2.1894196983969327,-0.0807391859064324,0.0,0.0,5.0,1.0,14.0,0.0,0.9047619047619048,0.9761904761904762,1.5238095238095237,0.2,2.8,1.0952380952380953,0.7142857142857143,1.0476190476190477,1.4761904761904763,0.9047619047619048,1.5714285714285714,0.19047619047619047,0.47619047619047616,-0.9047619047619048,12.399126934901318,12.350307166820569,4.239178867422799,12.201756721470954,2.158890670394148,0.04881976808074908
ligue1-2024-2024-10-26-angers-v-st-etienne,2024-10-26,2024,Angers,St Etienne,4,2,2,0.75,0.0,437.45660524003773,6,7,999,0,1.0,0,999,0,1.0,0,0,0,1452.4351373810305,1456.0971523505646,-3.6620149695340842,0.3333333333333333,0.3333333333333333,0.3333333333333333,0,0.0,4.0,1.0,5.0,7.0,0.8,0.5,0.75,1.75,1.0,1.4,0.25,0.75,0.75,2.25,0.75,1.25,0.0,0.25,0.30000000000000004,12.289596697550415,12.37033588345685,4.1808457906541685,12.3234466889063,2.1894196983969327,-0.0807391859064324,2.0,1.0,2.0,6.0,13.0,1.4,0.875,0.75,2.5,1.2,2.6,1.5,0.25,1.0,1.25,0.5,3.75,0.125,0.625,0.5249999999999999,12.399126934901318,12.350307166820569,4.239178867422799,12.201756721470954,2.158890670394148,0.04881976808074908
ligue1-2024-2024-10-26-reims-v-brest,2024-10-26,2024,Reims,Brest,1,2,0,0.25,0.0,630.2473601689082,6,7,999,0,1.0,0,999,0,1.0,0,0,0,1511.5670151741308,1542.7285214978713,-31.16150632374047,0.3333333333333333,0.3333333333333333,0.3333333333333333,0,3.0,1.0,1.0,11.0,7.0,2.0,1.4523809523809523,1.3571428571428572,1.4047619047619047,2.2,1.4,1.619047619047619,1.2857142857142858,1.2380952380952381,1.1428571428571428,1.4761904761904763,1.6666666666666667,0.19047619047619047,0.16666666666666666,0.5476190476190477,12.289596697550415,12.37033588345685,4.1808457906541685,12.3234466889063,2.1894196983969327,-0.0807391859064324,2.0,1.0,2.0,6.0,7.0,1.4,1.6904761904761905,1.5238095238095237,1.1428571428571428,1.2,1.4,1.8636363636363635,1.5,1.5909090909090908,0.9090909090909091,1.45,1.4,0.42857142857142855,0.2619047619047619,-0.29047619047619055,12.399126934901318,12.350307166820569,4.239178867422799,12.201756721470954,2.158890670394148,0.04881976808074908
ligue1-2024-2024-10-26-lens-v-lille,2024-10-26,2024,Lens,Lille,0,2,0,0.25,0.0,29.920230271899374,7,8,999,0,1.0,0,999,0,1.0,0,0,0,1564.5466828839626,1589.386302576164,-24.839619692201495,0.3333333333333333,0.3333333333333333,0.3333333333333333,0,1.0,4.0,0.0,5.0,3.0,1.4,1.5476190476190477,1.2857142857142858,0.9761904761904762,1.0,0.6,1.8,1.3181818181818181,1.45,0.9,1.1363636363636365,1.0454545454545454,0.4523809523809524,0.21428571428571427,-0.14761904761904776,12.289596697550415,12.37033588345685,4.1808457906541685,12.3234466889063,2.1894196983969327,-0.0807391859064324,2.0,2.0,1.0,8.0,5.0,1.6,1.7380952380952381,1.5476190476190477,1.0,1.6,1.0,2.0952380952380953,1.380952380952381,2.0,1.0,1.0952380952380953,1.0,0.4523809523809524,0.14285714285714285,-0.13809523809523805,12.399126934901318,12.350307166820569,4.239178867422799,12.201756721470954,2.158890670394148,0.04881976808074908
ligue1-2024-2024-10-27-marseille-v-paris-sg,2024-10-27,2024,Marseille,Paris SG,0,3,0,0.14285714285714285,0.0,665.2028643500363,7,8,999,0,1.0,0,999,0,1.0,0,0,0,1592.4976305451114,1716.9494488161827,-124.45181827107126,0.3333333333333333,0.3333333333333333,0.3333333333333333,0,3.0,1.0,1.0,11.0,4.0,2.0,1.5952380952380953,1.7380952380952381,1.1666666666666667,2.2,0.8,2.05,1.1818181818181819,1.8,0.8,1.6818181818181819,1.5,0.21428571428571427,0.2619047619047619,0.40476190476190466,12.289596697550415,12.37033588345685,4.1808457906541685,12.3234466889063,2.1894196983969327,-0.0807391859064324,3.0,2.0,0.0,12.0,6.0,2.2,2.2857142857142856,2.5238095238095237,0.9761904761904762,2.4,1.2,2.142857142857143,2.4285714285714284,2.761904761904762,1.2380952380952381,2.2857142857142856,0.7142857142857143,0.30952380952380953,0.07142857142857142,-0.08571428571428541,12.399126934901318,12.350307166820569,4.239178867422799,12.201756721470954,2.158890670394148,0.04881976808074908
ligue1-2024-2024-10-27-strasbourg-v-nantes,2024-10-27,2024,Strasbourg,Nantes,3,1,2,0.8333333333333334,0.0,706.2569780971394,8,7,999,0,1.0,0,999,0,1.0,0,0,0,1471.2516931039759,1423.077219554334,48.17447354964179,0.3333333333333333,0.3333333333333333,0.3333333333333333,0,1.0,3.0,1.0,9.0,10.0,1.2,1.1666666666666667,1.2857142857142858,1.5714285714285714,1.8,2.0,1.5238095238095237,0.8095238095238095,1.380952380952381,1.2857142857142858,1.1904761904761905,1.8571428571428572,0.14285714285714285,0.21428571428571427,0.033333333333333215,12.289596697550415,12.37033588345685,4.1808457906541685,12.3234466889063,2.1894196983969327,-0.0807391859064324,0.0,3.0,2.0,5.0,8.0,0.6,1.0238095238095237,0.9523809523809523,1.5238095238095237,1.0,1.6,0.8095238095238095,1.2380952380952381,1.0952380952380953,1.6666666666666667,0.8095238095238095,1.380952380952381,0.23809523809523808,0.38095238095238093,-0.42380952380952375,12.399126934901318,12.350307166820569,4.239178867422799,12.201756721470954,2.158890670394148,0.04881976808074908
ligue1-2024-2024-10-27-nice-v-monaco,2024-10-27,2024,Nice,Monaco,2,1,2,0.5,0.0,12.293477051345318,7,9,999,0,1.0,0,999,0,1.0,0,0,0,1557.9129064521524,1656.9136698708426,-99.00076341869021,0.3333333333333333,0.3333333333333333,0.3333333333333333,0,1.0,3.0,1.0,10.0,4.0,1.2,1.5476190476190477,1.3333333333333333,0.8809523809523809,2.0,0.8,1.8,1.3181818181818181,1.55,0.65,1.1363636363636365,1.0909090909090908,0.4523809523809524,0.2619047619047619,-0.3476190476190477,12.289596697550415,12.37033588345685,4.1808457906541685,12.3234466889063,2.1894196983969327,-0.0807391859064324,4.0,1.0,0.0,10.0,3.0,2.6,2.0714285714285716,1.9523809523809523,1.0952380952380953,2.0,0.6,2.0,2.15,1.6818181818181819,0.7727272727272727,2.25,1.45,0.38095238095238093,0.14285714285714285,0.5285714285714285,12.399126934901318,12.350307166820569,4.239178867422799,12.201756721470954,2.158890670394148,0.04881976808074908
ligue1-2024-2024-10-27-montpellier-v-toulouse,2024-10-27,2024,Montpellier,Toulouse,0,3,0,0.75,0.0,191.11297829745882,7,7,999,0,1.0,0,999,0,1.0,0,0,0,1425.1546253249167,1456.2533443478499,-31.09871902293321,0.3333333333333333,0.3333333333333333,0.3333333333333333,0,1.0,0.0,4.0,6.0,16.0,0.6,1.0952380952380953,1.2142857142857142,1.7619047619047619,1.2,3.2,1.0476190476190477,1.1428571428571428,1.1904761904761905,1.619047619047619,1.2380952380952381,1.9047619047619047,0.23809523809523808,0.30952380952380953,-0.49523809523809537,12.289596697550415,12.37033588345685,4.1808457906541685,12.3234466889063,2.1894196983969327,-0.0807391859064324,1.0,1.0,3.0,5.0,7.0,0.8,1.1666666666666667,1.1666666666666667,1.3571428571428572,1.0,1.4,0.9545454545454546,1.4,1.1818181818181819,1.4090909090909092,1.15,1.3,0.19047619047619047,0.2857142857142857,-0.3666666666666667,12.399126934901318,12.350307166820569,4.239178867422799,12.201756721470954,2.158890670394148,0.04881976808074908
ligue1-2024-2024-10-27-lyon-v-auxerre,2024-10-27,2024,Lyon,Auxerre,2,2,1,0.8,0.0,249.5562986910852,7,7,999,0,1.0,0,999,0,1.0,0,0,0,1549.1640847928247,1474.0620252895935,75.1020595032312,0.3333333333333333,0.3333333333333333,0.3333333333333333,0,3.0,1.0,1.0,10.0,4.0,2.0,1.5714285714285714,1.5,1.5952380952380953,2.0,0.8,1.4761904761904763,1.6666666666666667,1.5714285714285714,1.7619047619047619,1.4285714285714286,1.4285714285714286,0.30952380952380953,0.23809523809523808,0.4285714285714286,12.289596697550415,12.37033588345685,4.1808457906541685,12.3234466889063,2.1894196983969327,-0.0807391859064324,2.0,0.0,3.0,8.0,10.0,1.2,1.125,1.375,2.0,1.6,2.0,2.25,0.0,1.75,1.25,1.0,2.75,0.125,0.25,0.07499999999999996,12.399126934901318,12.350307166820569,4.239178867422799,12.201756721470954,2.158890670394148,0.04881976808074908
ligue1-2024-2024-11-01-lille-v-lyon,2024-11-01,2024,Lille,Lyon,1,1,1,0.25,0.0,555.9982645185426,6,5,999,0,1.0,0,999,0,1.0,0,0,0,1606.540944402637,1544.5116370062265,62.02930739641056,0.3333333333333333,0.3333333333333333,0.3333333333333333,0,3.0,2.0,0.0,10.0,4.0,2.2,1.7674418604651163,1.558139534883721,0.9767441860465116,2.0,0.8,2.0952380952380953,1.4545454545454546,2.0,1.0,1.1363636363636365,0.9545454545454546,0.46511627906976744,0.13953488372093023,0.43255813953488387,12.289596697550415,12.37033588345685,4.1808457906541685,12.3234466889063,2.1894196983969327,-0.0807391859064324,3.0,1.0,1.0,12.0,6.0,2.0,1.558139534883721,1.5116279069767442,1.6046511627906976,2.4,1.2,1.4545454545454546,1.6666666666666667,1.5909090909090908,1.7727272727272727,1.4285714285714286,1.4285714285714286,0.3023255813953488,0.23255813953488372,0.44186046511627897,12.399126934901318,12.350307166820569,4.239178867422799,12.201756721470954,2.158890670394148,0.04881976808074908
ligue1-2024-2024-11-01-monaco-v-angers,2024-11-01,2024,Monaco,Angers,0,1,0,0.625,0.0,744.0217591552394,5,6,999,0,1.0,0,999,0,1.0,0,0,0,1646.9424301322513,1462.7534009668507,184.1890291654006,0.3333333333333333,0.3333333333333333,0.3333333333333333,0,3.0,1.0,1.0,8.0,5.0,2.0,2.0232558139534884,1.930232558139535,1.1162790697674418,1.6,1.0,2.0,2.0476190476190474,1.6818181818181819,0.7727272727272727,2.1904761904761907,1.4761904761904763,0.37209302325581395,0.13953488372093023,-0.023255813953488413,12.289596697550415,12.37033588345685,4.1808457906541685,12.3234466889063,2.1894196983969327,-0.0807391859064324,1.0,3.0,1.0,8.0,8.0,1.2,0.7777777777777778,1.1111111111111112,1.7777777777777777,1.6,1.6,0.8,0.75,1.4,2.2,0.75,1.25,0.0,0.2222222222222222,0.42222222222222217,12.399126934901318,12.350307166820569,4.239178867422799,12.201756721470954,2.158890670394148,0.04881976808074908
ligue1-2024-2024-11-02-paris-sg-v-lens,2024-11-02,2024,Paris SG,Lens,1,0,2,1.0,0.0,181.57217493042117,6,7,999,0,1.0,0,999,0,1.0,0,0,0,1733.0529829281863,1547.3920410574897,185.66094187069666,0.3333333333333333,0.3333333333333333,0.3333333333333333,0,3.0,2.0,0.0,12.0,5.0,2.2,2.302325581395349,2.5348837209302326,0.9534883720930233,2.4,1.0,2.142857142857143,2.4545454545454546,2.761904761904762,1.2380952380952381,2.3181818181818183,0.6818181818181818,0.32558139534883723,0.06976744186046512,-0.10232558139534875,12.289596697550415,12.37033588345685,4.1808457906541685,12.3234466889063,2.1894196983969327,-0.0807391859064324,1.0,3.0,1.0,5.0,5.0,1.2,1.5116279069767442,1.255813953488372,1.0,1.0,1.0,1.7142857142857142,1.3181818181818181,1.380952380952381,0.9523809523809523,1.1363636363636365,1.0454545454545454,0.4418604651162791,0.23255813953488372,-0.31162790697674425,12.399126934901318,12.350307166820569,4.239178867422799,12.201756721470954,2.158890670394148,0.04881976808074908
ligue1-2024-2024-11-02-brest-v-nice,2024-11-02,2024,Brest,Nice,0,1,0,0.4166666666666667,0.0,1044.4207383793846,7,6,999,0,1.0,0,999,0,1.0,0,0,0,1554.6843265084945,1567.8841461907436,-13.199819682249199,0.3333333333333333,0.3333333333333333,0.3333333333333333,0,3.0,1.0,1.0,7.0,5.0,2.0,1.7209302325581395,1.5348837209302326,1.1395348837209303,1.4,1.0,1.8636363636363635,1.5714285714285714,1.5909090909090908,0.9090909090909091,1.4761904761904763,1.380952380952381,0.4186046511627907,0.2558139534883721,0.2790697674418605,12.289596697550415,12.37033588345685,4.1808457906541685,12.3234466889063,2.1894196983969327,-0.0807391859064324,2.0,3.0,0.0,12.0,3.0,1.8,1.5813953488372092,1.3488372093023255,0.8837209302325582,2.4,0.6,1.8571428571428572,1.3181818181818181,1.5714285714285714,0.6666666666666666,1.1363636363636365,1.0909090909090908,0.4418604651162791,0.2558139534883721,0.21860465116279082,12.399126934901318,12.350307166820569,4.239178867422799,12.201756721470954,2.158890670394148,0.04881976808074908
ligue1-2024-2024-11-02-st-etienne-v-strasbourg,2024-11-02,2024,St Etienne,Strasbourg,2,0,2,0.5,0.0,428.66883298345147,7,6,999,0,1.0,0,999,0,1.0,0,0,0,1445.7788887647444,1479.70337626869,-33.92448750394556,0.3333333333333333,0.3333333333333333,0.3333333333333333,0,1.0,1.0,3.0,7.0,17.0,0.8,0.7777777777777778,0.8888888888888888,2.6666666666666665,1.4,3.4,1.5,0.2,1.0,1.25,0.8,3.8,0.1111111111111111,0.5555555555555556,0.022222222222222254,12.289596697550415,12.37033588345685,4.1808457906541685,12.3234466889063,2.1894196983969327,-0.0807391859064324,2.0,2.0,1.0,11.0,10.0,1.6,1.2093023255813953,1.3255813953488371,1.558139534883721,2.2,2.0,1.5909090909090908,0.8095238095238095,1.4545454545454546,1.2727272727272727,1.1904761904761905,1.8571428571428572,0.13953488372093023,0.20930232558139536,0.3906976744186048,12.399126934901318,12.350307166820569,4.239178867422799,12.201756721470954,2.158890670394148,0.04881976808074908
ligue1-2024-2024-11-03-le-havre-v-montpellier,2024-11-03,2024,Le Havre,Montpellier,1,0,2,0.625,0.0,712.2923765989436,9,7,999,0,1.0,0,999,0,1.0,0,0,0,1385.99574298903,1404.4435533397937,-18.447810350763575,0.3333333333333333,0.3333333333333333,0.3333333333333333,0,0.0,0.0,5.0,1.0,13.0,0.0,0.8837209302325582,0.9534883720930233,1.5116279069767442,0.2,2.6,1.0952380952380953,0.6818181818181818,1.0476190476190477,1.4761904761904763,0.8636363636363636,1.5454545454545454,0.18604651162790697,0.4883720930232558,-0.8837209302325582,12.289596697550415,12.37033588345685,4.1808457906541685,12.3234466889063,2.1894196983969327,-0.0807391859064324,1.0,0.0,4.0,6.0,16.0,0.6,1.069767441860465,1.186046511627907,1.7906976744186047,1.2,3.2,1.0,1.1428571428571428,1.1363636363636365,1.6818181818181819,1.2380952380952381,1.9047619047619047,0.23255813953488372,0.32558139534883723,-0.46976744186046504,12.399126934901318,12.350307166820569,4.239178867422799,12.201756721470954,2.158890670394148,0.04881976808074908
ligue1-2024-2024-11-03-nantes-v-marseille,2024-11-03,2024,Nantes,Marseille,1,2,0,0.4166666666666667,0.0,699.4985464471042,7,7,999,0,1.0,0,999,0,1.0,0,0,0,1414.62553638962,1576.3940964331077,-161.7685600434877,0.3333333333333333,0.3333333333333333,0.3333333333333333,0,0.0,3.0,2.0,5.0,9.0,0.6,1.0,0.9534883720930233,1.558139534883721,1.0,1.8,0.8095238095238095,1.1818181818181819,1.0952380952380953,1.6666666666666667,0.8181818181818182,1.4545454545454546,0.23255813953488372,0.37209302325581395,-0.4,12.289596697550415,12.37033588345685,4.1808457906541685,12.3234466889063,2.1894196983969327,-0.0807391859064324,2.0,1.0,2.0,9.0,7.0,1.4,1.558139534883721,1.697674418604651,1.2093023255813953,1.8,1.4,1.9523809523809523,1.1818181818181819,1.7142857142857142,0.9047619047619048,1.6818181818181819,1.5,0.20930232558139536,0.27906976744186046,-0.15813953488372112,12.399126934901318,12.350307166820569,4.239178867422799,12.201756721470954,2.158890670394148,0.04881976808074908
ligue1-2024-2024-11-03-auxerre-v-rennes,2024-11-03,2024,Auxerre,Rennes,4,0,2,0.625,0.0,390.65730544837464,7,9,999,0,1.0,0,999,0,1.0,0,0,0,1478.7144730761918,1507.749189775011,-29.03471669881924,0.3333333333333333,0.3333333333333333,0.3333333333333333,0,2.0,1.0,2.0,10.0,9.0,1.4,1.1111111111111112,1.4444444444444444,2.0,2.0,1.8,2.25,0.2,1.75,1.25,1.2,2.6,0.1111111111111111,0.2222222222222222,0.28888888888888875,12.289596697550415,12.37033588345685,4.1808457906541685,12.3234466889063,2.1894196983969327,-0.0807391859064324,1.0,2.0,2.0,5.0,7.0,1.0,1.3255813953488371,1.5348837209302326,1.3488372093023255,1.0,1.4,1.5909090909090908,1.0476190476190477,1.9545454545454546,1.3181818181818181,1.0952380952380953,1.380952380952381,0.23255813953488372,0.18604651162790697,-0.3255813953488371,12.399126934901318,12.350307166820569,4.239178867422799,12.201756721470954,2.158890670394148,0.04881976808074908
ligue1-2024-2024-11-03-toulouse-v-reims,2024-11-03,2024,Toulouse,Reims,1,0,2,0.625,0.0,661.6741610962407,7,8,999,0,1.0,0,999,0,1.0,0,0,0,1476.9644163329729,1499.6112101635076,-22.64679383053476,0.3333333333333333,0.3333333333333333,0.3333333333333333,0,1.0,1.0,3.0,6.0,7.0,0.8,1.2093023255813953,1.2093023255813953,1.3255813953488371,1.2,1.4,0.9545454545454546,1.4761904761904763,1.1818181818181819,1.4090909090909092,1.2380952380952381,1.2380952380952381,0.20930232558139536,0.27906976744186046,-0.40930232558139523,12.289596697550415,12.37033588345685,4.1808457906541685,12.3234466889063,2.1894196983969327,-0.0807391859064324,2.0,1.0,2.0,10.0,8.0,1.4,1.4186046511627908,1.3488372093023255,1.4186046511627908,2.0,1.6,1.5454545454545454,1.2857142857142858,1.2272727272727273,1.1818181818181819,1.4761904761904763,1.6666666666666667,0.18604651162790697,0.16279069767441862,-0.018604651162790864,12.399126934901318,12.350307166820569,4.239178867422799,12.201756721470954,2.158890670394148,0.04881976808074908
ligue1-2024-2024-11-08-marseille-v-auxerre,2024-11-08,2024,Marseille,Auxerre,1,3,0,0.5,0.0,522.7716260939638,5,5,999,0,1.0,0,999,0,1.0,0,0,0,1584.6347514266024,1494.6852605458034,89.94949088079898,0.3333333333333333,0.3333333333333333,0.3333333333333333,0,2.0,1.0,2.0,8.0,6.0,1.4,1.5909090909090908,1.7045454545454546,1.2045454545454546,1.6,1.2,1.9523809523809523,1.2608695652173914,1.7142857142857142,0.9047619047619048,1.6956521739130435,1.4782608695652173,0.20454545454545456,0.2727272727272727,-0.19090909090909092,12.289596697550415,12.37033588345685,4.1808457906541685,12.3234466889063,2.1894196983969327,-0.0807391859064324,3.0,1.0,1.0,12.0,6.0,2.0,1.3,1.7,1.8,2.4,1.2,2.4,0.2,2.2,1.0,1.2,2.6,0.2,0.2,0.7,12.399126934901318,12.350307166820569,4.239178867422799,12.201756721470954,2.158890670394148,0.04881976808074908
ligue1-2024-2024-11-09-strasbourg-v-monaco,2024-11-09,2024,Strasbourg,Monaco,1,3,0,0.2857142857142857,0.0,537.9304004859993,7,8,999,0,1.0,0,999,0,1.0,0,0,0,1468.2188370818226,1630.2028403036634,-161.9840032218408,0.3333333333333333,0.3333333333333333,0.3333333333333333,0,2.0,1.0,2.0,8.0,9.0,1.4,1.1818181818181819,1.2954545454545454,1.5681818181818181,1.6,1.8,1.5909090909090908,0.7727272727272727,1.4545454545454546,1.2727272727272727,1.1363636363636365,1.8636363636363635,0.13636363636363635,0.22727272727272727,0.21818181818181803,12.289596697550415,12.37033588345685,4.1808457906541685,12.3234466889063,2.1894196983969327,-0.0807391859064324,2.0,1.0,2.0,5.0,5.0,1.4,1.9772727272727273,1.8863636363636365,1.1136363636363635,1.0,1.0,1.9130434782608696,2.0476190476190474,1.608695652173913,0.782608695652174,2.1904761904761907,1.4761904761904763,0.36363636363636365,0.1590909090909091,-0.5772727272727274,12.399126934901318,12.350307166820569,4.239178867422799,12.201756721470954,2.158890670394148,0.04881976808074908
ligue1-2024-2024-11-09-lens-v-nantes,2024-11-09,2024,Lens,Nantes,3,2,2,0.8333333333333334,0.0,474.827116586979,7,6,999,0,1.0,0,999,0,1.0,0,0,0,1544.1546868865528,1406.3848813961254,137.76980549042742,0.3333333333333333,0.3333333333333333,0.3333333333333333,0,1.0,2.0,2.0,4.0,5.0,1.0,1.4772727272727273,1.2272727272727273,1.0,0.8,1.0,1.7142857142857142,1.2608695652173914,1.380952380952381,0.9523809523809523,1.0869565217391304,1.0434782608695652,0.4318181818181818,0.25,-0.4772727272727273,12.289596697550415,12.37033588345685,4.1808457906541685,12.3234466889063,2.1894196983969327,-0.0807391859064324,0.0,2.0,3.0,5.0,10.0,0.4,0.9772727272727273,0.9545454545454546,1.5681818181818181,1.0,2.0,0.7727272727272727,1.1818181818181819,1.0909090909090908,1.6818181818181819,0.8181818181818182,1.4545454545454546,0.22727272727272727,0.36363636363636365,-0.5772727272727273,12.399126934901318,12.350307166820569,4.239178867422799,12.201756721470954,2.158890670394148,0.04881976808074908
ligue1-2024-2024-11-09-angers-v-paris-sg,2024-11-09,2024,Angers,Paris SG,2,4,0,0.0,0.0,257.21126926641097,8,7,999,0,1.0,0,999,0,1.0,0,0,0,1479.4929907954386,1736.2903370991232,-256.79734630368466,0.3333333333333333,0.3333333333333333,0.3333333333333333,0,2.0,2.0,1.0,8.0,7.0,1.6,1.0,1.1,1.6,1.6,1.4,0.8,1.2,1.4,2.2,0.8,1.0,0.1,0.2,0.6000000000000001,12.289596697550415,12.37033588345685,4.1808457906541685,12.3234466889063,2.1894196983969327,-0.0807391859064324,4.0,1.0,0.0,12.0,4.0,2.6,2.3181818181818183,2.5,0.9318181818181818,2.4,0.8,2.1818181818181817,2.4545454545454546,2.6818181818181817,1.1818181818181819,2.3181818181818183,0.6818181818181818,0.3409090909090909,0.06818181818181818,0.28181818181818175,12.399126934901318,12.350307166820569,4.239178867422799,12.201756721470954,2.158890670394148,0.04881976808074908
ligue1-2024-2024-11-10-rennes-v-toulouse,2024-11-10,2024,Rennes,Toulouse,0,2,0,0.3333333333333333,0.0,556.5344633984116,7,7,999,0,1.0,0,999,0,1.0,0,0,0,1491.7784023053994,1484.774083745876,7.004318559523426,0.3333333333333333,0.3333333333333333,0.3333333333333333,0,1.0,1.0,3.0,4.0,10.0,0.8,1.2954545454545454,1.5,1.4090909090909092,0.8,2.0,1.5909090909090908,1.0,1.9545454545454546,1.3181818181818181,1.0454545454545454,1.5,0.22727272727272727,0.20454545454545456,-0.49545454545454537,12.289596697550415,12.37033588345685,4.1808457906541685,12.3234466889063,2.1894196983969327,-0.0807391859064324,2.0,1.0,2.0,7.0,5.0,1.4,1.25,1.2045454545454546,1.2954545454545454,1.4,1.0,1.0434782608695652,1.4761904761904763,1.173913043478261,1.3478260869565217,1.2380952380952381,1.2380952380952381,0.22727272727272727,0.2727272727272727,0.1499999999999999,12.399126934901318,12.350307166820569,4.239178867422799,12.201756721470954,2.158890670394148,0.04881976808074908
ligue1-2024-2024-11-10-montpellier-v-brest,2024-11-10,2024,Montpellier,Brest,3,1,2,0.25,0.0,831.3163419387308,7,8,999,0,1.0,0,999,0,1.0,0,0,0,1396.748634883658,1542.236728560384,-145.48809367672607,0.3333333333333333,0.3333333333333333,0.3333333333333333,0,0.0,0.0,5.0,3.0,15.0,0.0,1.0454545454545454,1.1590909090909092,1.7727272727272727,0.6,3.0,1.0,1.0909090909090908,1.1363636363636365,1.6818181818181819,1.1818181818181819,1.8636363636363635,0.22727272727272727,0.3409090909090909,-1.0454545454545454,12.289596697550415,12.37033588345685,4.1808457906541685,12.3234466889063,2.1894196983969327,-0.0807391859064324,2.0,1.0,2.0,5.0,6.0,1.4,1.6818181818181819,1.5,1.1363636363636365,1.0,1.2,1.7826086956521738,1.5714285714285714,1.5217391304347827,0.9130434782608695,1.4761904761904763,1.380952380952381,0.4090909090909091,0.2727272727272727,-0.28181818181818197,12.399126934901318,12.350307166820569,4.239178867422799,12.201756721470954,2.158890670394148,0.04881976808074908
ligue1-2024-2024-11-10-nice-v-lille,2024-11-10,2024,Nice,Lille,2,2,1,0.5714285714285714,0.0,829.1226524257995,8,9,999,0,1.0,0,999,0,1.0,0,0,0,1580.331744138854,1602.1884261817363,-21.856682042882312,0.3333333333333333,0.3333333333333333,0.3333333333333333,0,2.0,3.0,0.0,5.0,3.0,1.8,1.6136363636363635,1.3409090909090908,0.8636363636363636,1.0,0.6,1.8571428571428572,1.391304347826087,1.5714285714285714,0.6666666666666666,1.1304347826086956,1.0434782608695652,0.45454545454545453,0.25,0.1863636363636365,12.289596697550415,12.37033588345685,4.1808457906541685,12.3234466889063,2.1894196983969327,-0.0807391859064324,3.0,2.0,0.0,8.0,2.0,2.2,1.75,1.5454545454545454,0.9772727272727273,1.6,0.4,2.0454545454545454,1.4545454545454546,1.9545454545454546,1.0,1.1363636363636365,0.9545454545454546,0.45454545454545453,0.13636363636363635,0.4500000000000002,12.399126934901318,12.350307166820569,4.239178867422799,12.201756721470954,2.158890670394148,0.04881976808074908
ligue1-2024-2024-11-10-lyon-v-st-etienne,2024-11-10,2024,Lyon,St Etienne,1,0,2,0.5,0.0,57.12469696409717,9,8,999,0,1.0,0,999,0,1.0,0,0,0,1548.8641552271272,1457.2634279516117,91.60072727551551,0.3333333333333333,0.3333333333333333,0.3333333333333333,0,3.0,2.0,0.0,11.0,4.0,2.2,1.5454545454545454,1.5,1.5909090909090908,2.2,0.8,1.4545454545454546,1.6363636363636365,1.5909090909090908,1.7727272727272727,1.4090909090909092,1.4090909090909092,0.29545454545454547,0.22727272727272727,0.6545454545454548,12.289596697550415,12.37033588345685,4.1808457906541685,12.3234466889063,2.1894196983969327,-0.0807391859064324,2.0,1.0,2.0,9.0,9.0,1.4,1.0,1.0,2.4,1.8,1.8,1.8,0.2,1.2,1.0,0.8,3.8,0.2,0.5,0.3999999999999999,12.399126934901318,12.350307166820569,4.239178867422799,12.201756721470954,2.158890670394148,0.04881976808074908
ligue1-2024-2024-11-10-le-havre-v-reims,2024-11-10,2024,Le Havre,Reims,0,3,0,0.125,0.0,284.88044882027987,7,7,999,0,1.0,0,999,0,1.0,0,0,0,1393.6906614451657,1491.8015427506045,-98.11088130543885,0.3333333333333333,0.3333333333333333,0.3333333333333333,0,1.0,0.0,4.0,1.0,10.0,0.6,0.9318181818181818,0.9545454545454546,1.4772727272727273,0.2,2.0,1.1818181818181819,0.6818181818181818,1.0454545454545454,1.4090909090909092,0.8636363636363636,1.5454545454545454,0.20454545454545456,0.4772727272727273,-0.3318181818181818,12.289596697550415,12.37033588345685,4.1808457906541685,12.3234466889063,2.1894196983969327,-0.0807391859064324,2.0,0.0,3.0,9.0,8.0,1.2,1.3863636363636365,1.3181818181818181,1.4090909090909092,1.8,1.6,1.5454545454545454,1.2272727272727273,1.2272727272727273,1.1818181818181819,1.4090909090909092,1.6363636363636365,0.18181818181818182,0.18181818181818182,-0.1863636363636365,12.399126934901318,12.350307166820569,4.239178867422799,12.201756721470954,2.158890670394148,0.04881976808074908
ligue1-2024-2024-11-22-paris-sg-v-toulouse,2024-11-22,2024,Paris SG,Toulouse,3,0,2,0.75,0.0,588.0392604779165,13,12,999,0,1.0,0,999,0,1.0,0,0,0,1744.450826899372,1503.1390782608878,241.31174863848423,0.3333333333333333,0.3333333333333333,0.3333333333333333,0,4.0,1.0,0.0,13.0,5.0,2.6,2.3333333333333335,2.533333333333333,0.9555555555555556,2.6,1.0,2.1818181818181817,2.4782608695652173,2.6818181818181817,1.1818181818181819,2.391304347826087,0.7391304347826086,0.3333333333333333,0.06666666666666667,0.2666666666666666,12.289596697550415,12.37033588345685,4.1808457906541685,12.3234466889063,2.1894196983969327,-0.0807391859064324,3.0,1.0,1.0,8.0,3.0,2.0,1.288888888888889,1.2222222222222223,1.2666666666666666,1.6,0.6,1.0434782608695652,1.5454545454545454,1.173913043478261,1.3478260869565217,1.2727272727272727,1.1818181818181819,0.24444444444444444,0.26666666666666666,0.711111111111111,12.399126934901318,12.350307166820569,4.239178867422799,12.201756721470954,2.158890670394148,0.04881976808074908
ligue1-2024-2024-11-22-monaco-v-brest,2024-11-22,2024,Monaco,Brest,3,2,2,0.6666666666666666,0.0,1052.8195441727441,13,12,999,0,1.0,0,999,0,1.0,0,0,0,1641.8483892553832,1526.2535376157955,115.59485163958766,0.3333333333333333,0.3333333333333333,0.3333333333333333,0,2.0,1.0,2.0,6.0,5.0,1.4,2.0,1.9111111111111112,1.1111111111111112,1.2,1.0,1.9130434782608696,2.090909090909091,1.608695652173913,0.782608695652174,2.227272727272727,1.4545454545454546,0.35555555555555557,0.15555555555555556,-0.6000000000000001,12.289596697550415,12.37033588345685,4.1808457906541685,12.3234466889063,2.1894196983969327,-0.0807391859064324,2.0,1.0,2.0,6.0,6.0,1.4,1.6444444444444444,1.488888888888889,1.1777777777777778,1.2,1.2,1.7826086956521738,1.5,1.5217391304347827,0.9130434782608695,1.4545454545454546,1.4545454545454546,0.4,0.26666666666666666,-0.24444444444444446,12.399126934901318,12.350307166820569,4.239178867422799,12.201756721470954,2.158890670394148,0.04881976808074908
ligue1-2024-2024-11-23-lens-v-marseille,2024-11-23,2024,Lens,Marseille,1,3,0,0.5,0.0,820.3051102875671,14,15,999,0,1.0,0,999,0,1.0,0,0,0,1548.211244012787,1563.449028719865,-15.237784707078163,0.3333333333333333,0.3333333333333333,0.3333333333333333,0,2.0,1.0,2.0,7.0,7.0,1.4,1.511111111111111,1.2666666666666666,1.0222222222222221,1.4,1.4,1.7727272727272727,1.2608695652173914,1.4545454545454546,1.0,1.0869565217391304,1.0434782608695652,0.4222222222222222,0.24444444444444444,-0.11111111111111116,12.289596697550415,12.37033588345685,4.1808457906541685,12.3234466889063,2.1894196983969327,-0.0807391859064324,2.0,1.0,2.0,9.0,8.0,1.4,1.5555555555555556,1.6888888888888889,1.2444444444444445,1.8,1.6,1.8636363636363635,1.2608695652173914,1.6818181818181819,1.0,1.6956521739130435,1.4782608695652173,0.2,0.26666666666666666,-0.15555555555555567,12.399126934901318,12.350307166820569,4.239178867422799,12.201756721470954,2.158890670394148,0.04881976808074908
ligue1-2024-2024-11-23-st-etienne-v-montpellier,2024-11-23,2024,St Etienne,Montpellier,1,0,2,1.0,0.0,210.6178616183815,13,13,999,0,1.0,0,999,0,1.0,0,0,0,1452.2796484572202,1412.7318258282467,39.54782262897356,0.3333333333333333,0.3333333333333333,0.3333333333333333,0,2.0,0.0,3.0,7.0,8.0,1.2,0.9090909090909091,0.9090909090909091,2.272727272727273,1.4,1.6,1.8,0.16666666666666666,1.2,1.0,0.6666666666666666,3.3333333333333335,0.18181818181818182,0.5454545454545454,0.2909090909090909,12.289596697550415,12.37033588345685,4.1808457906541685,12.3234466889063,2.1894196983969327,-0.0807391859064324,1.0,0.0,4.0,5.0,14.0,0.6,1.0888888888888888,1.2,1.7555555555555555,1.0,2.8,1.0869565217391304,1.0909090909090908,1.2173913043478262,1.6521739130434783,1.1818181818181819,1.8636363636363635,0.2222222222222222,0.3333333333333333,-0.4888888888888888,12.399126934901318,12.350307166820569,4.239178867422799,12.201756721470954,2.158890670394148,0.04881976808074908
ligue1-2024-2024-11-23-reims-v-lyon,2024-11-23,2024,Reims,Lyon,1,1,1,0.5,0.0,395.0707834348555,13,13,999,0,1.0,0,999,0,1.0,0,0,0,1509.216227054975,1553.8479347215186,-44.63170766654366,0.3333333333333333,0.3333333333333333,0.3333333333333333,0,2.0,0.0,3.0,9.0,7.0,1.2,1.4222222222222223,1.3555555555555556,1.3777777777777778,1.8,1.4,1.5454545454545454,1.3043478260869565,1.2272727272727273,1.1818181818181819,1.4782608695652173,1.565217391304348,0.2,0.17777777777777778,-0.22222222222222232,12.289596697550415,12.37033588345685,4.1808457906541685,12.3234466889063,2.1894196983969327,-0.0807391859064324,3.0,2.0,0.0,10.0,3.0,2.2,1.5777777777777777,1.488888888888889,1.5555555555555556,2.0,0.6,1.5217391304347827,1.6363636363636365,1.565217391304348,1.6956521739130435,1.4090909090909092,1.4090909090909092,0.3111111111111111,0.2222222222222222,0.6222222222222225,12.399126934901318,12.350307166820569,4.239178867422799,12.201756721470954,2.158890670394148,0.04881976808074908
ligue1-2024-2024-11-24-lille-v-rennes,2024-11-24,2024,Lille,Rennes,1,0,2,0.6666666666666666,0.0,443.77856157497973,14,14,999,0,1.0,0,999,0,1.0,0,0,0,1604.40039817388,1473.4134077903875,130.9869903834924,0.3333333333333333,0.3333333333333333,0.3333333333333333,0,2.0,3.0,0.0,7.0,4.0,1.8,1.7333333333333334,1.5555555555555556,1.0,1.4,0.8,2.0454545454545454,1.434782608695652,1.9545454545454546,1.0,1.173913043478261,1.0,0.4444444444444444,0.13333333333333333,0.06666666666666665,12.289596697550415,12.37033588345685,4.1808457906541685,12.3234466889063,2.1894196983969327,-0.0807391859064324,1.0,1.0,3.0,3.0,9.0,0.8,1.2666666666666666,1.4666666666666666,1.4222222222222223,0.6,1.8,1.5217391304347827,1.0,1.8695652173913044,1.3478260869565217,1.0454545454545454,1.5,0.2222222222222222,0.2222222222222222,-0.46666666666666656,12.399126934901318,12.350307166820569,4.239178867422799,12.201756721470954,2.158890670394148,0.04881976808074908
ligue1-2024-2024-11-24-nantes-v-le-havre,2024-11-24,2024,Nantes,Le Havre,0,2,0,0.5,0.0,276.4948213461697,15,14,999,0,1.0,0,999,0,1.0,0,0,0,1402.3283242698913,1376.2759771407952,26.052347129096006,0.3333333333333333,0.3333333333333333,0.3333333333333333,0,0.0,1.0,4.0,5.0,11.0,0.2,0.9555555555555556,0.9777777777777777,1.6,1.0,2.2,0.7727272727272727,1.1304347826086956,1.0909090909090908,1.6818181818181819,0.8695652173913043,1.5217391304347827,0.2222222222222222,0.35555555555555557,-0.7555555555555555,12.289596697550415,12.37033588345685,4.1808457906541685,12.3234466889063,2.1894196983969327,-0.0807391859064324,1.0,0.0,4.0,1.0,10.0,0.6,0.9111111111111111,0.9333333333333333,1.511111111111111,0.2,2.0,1.1304347826086956,0.6818181818181818,1.0,1.4782608695652173,0.8636363636363636,1.5454545454545454,0.2,0.4888888888888889,-0.3111111111111111,12.399126934901318,12.350307166820569,4.239178867422799,12.201756721470954,2.158890670394148,0.04881976808074908
ligue1-2024-2024-11-24-auxerre-v-angers,2024-11-24,2024,Auxerre,Angers,1,0,2,0.4,0.0,310.425540474441,16,15,999,0,1.0,0,999,0,1.0,0,0,0,1515.8709832525408,1471.3325009951898,44.538482257351006,0.3333333333333333,0.3333333333333333,0.3333333333333333,0,3.0,1.0,1.0,12.0,7.0,2.0,1.4545454545454546,1.8181818181818181,1.7272727272727273,2.4,1.4,2.4,0.6666666666666666,2.2,1.0,1.5,2.3333333333333335,0.18181818181818182,0.18181818181818182,0.5454545454545454,12.289596697550415,12.37033588345685,4.1808457906541685,12.3234466889063,2.1894196983969327,-0.0807391859064324,2.0,2.0,1.0,9.0,8.0,1.6,0.9090909090909091,1.1818181818181819,1.8181818181818181,1.8,1.6,0.6666666666666666,1.2,1.5,2.5,0.8,1.0,0.09090909090909091,0.18181818181818182,0.690909090909091,12.399126934901318,12.350307166820569,4.239178867422799,12.201756721470954,2.158890670394148,0.04881976808074908
ligue1-2024-2024-11-24-nice-v-strasbourg,2024-11-24,2024,Nice,Strasbourg,2,1,2,0.6666666666666666,0.0,541.383374978608,14,15,999,0,1.0,0,999,0,1.0,0,0,0,1578.1197721467104,1456.5732881301028,121.54648401660756,0.3333333333333333,0.3333333333333333,0.3333333333333333,0,2.0,3.0,0.0,7.0,5.0,1.8,1.6,1.3555555555555556,0.8888888888888888,1.4,1.0,1.8181818181818181,1.391304347826087,1.5909090909090908,0.7272727272727273,1.1304347826086956,1.0434782608695652,0.4444444444444444,0.24444444444444444,0.19999999999999996,12.289596697550415,12.37033588345685,4.1808457906541685,12.3234466889063,2.1894196983969327,-0.0807391859064324,1.0,1.0,3.0,8.0,12.0,0.8,1.1555555555555554,1.288888888888889,1.6,1.6,2.4,1.5217391304347827,0.7727272727272727,1.434782608695652,1.3478260869565217,1.1363636363636365,1.8636363636363635,0.13333333333333333,0.2222222222222222,-0.3555555555555554,12.399126934901318,12.350307166820569,4.239178867422799,12.201756721470954,2.158890670394148,0.04881976808074908
ligue1-2024-2024-11-29-reims-v-lens,2024-11-29,2024,Reims,Lens,0,2,0,0.375,0.0,156.72624768390958,6,6,999,0,1.0,0,999,0,1.0,0,0,0,1507.6359546921158,1530.685777863514,-23.049823171398202,0.3333333333333333,0.3333333333333333,0.3333333333333333,0,1.0,1.0,3.0,6.0,6.0,0.8,1.4130434782608696,1.3478260869565217,1.3695652173913044,1.2,1.2,1.5217391304347827,1.3043478260869565,1.2173913043478262,1.173913043478261,1.4782608695652173,1.565217391304348,0.1956521739130435,0.17391304347826086,-0.6130434782608696,12.289596697550415,12.37033588345685,4.1808457906541685,12.3234466889063,2.1894196983969327,-0.0807391859064324,2.0,0.0,3.0,6.0,8.0,1.2,1.4782608695652173,1.2608695652173914,1.065217391304348,1.2,1.6,1.6956521739130435,1.2608695652173914,1.434782608695652,1.0869565217391304,1.0869565217391304,1.0434782608695652,0.41304347826086957,0.2391304347826087,-0.27826086956521734,12.399126934901318,12.350307166820569,4.239178867422799,12.201756721470954,2.158890670394148,0.04881976808074908
ligue1-2024-2024-11-30-brest-v-strasbourg,2024-11-30,2024,Brest,Strasbourg,3,1,2,0.6666666666666666,0.0,901.5945093265977,8,6,999,0,1.0,0,999,0,1.0,0,0,0,1521.768519963468,1452.2063437306376,69.56217623283032,0.3333333333333333,0.3333333333333333,0.3333333333333333,0,1.0,1.0,3.0,6.0,9.0,0.8,1.608695652173913,1.5,1.2173913043478262,1.2,1.8,1.7826086956521738,1.434782608695652,1.5217391304347827,0.9130434782608695,1.4782608695652173,1.5217391304347827,0.391304347826087,0.2608695652173913,-0.808695652173913,12.289596697550415,12.37033588345685,4.1808457906541685,12.3234466889063,2.1894196983969327,-0.0807391859064324,1.0,0.0,4.0,7.0,12.0,0.6,1.1304347826086956,1.2826086956521738,1.608695652173913,1.4,2.4,1.5217391304347827,0.7391304347826086,1.434782608695652,1.3478260869565217,1.1304347826086956,1.8695652173913044,0.13043478260869565,0.21739130434782608,-0.5304347826086956,12.399126934901318,12.350307166820569,4.239178867422799,12.201756721470954,2.158890670394148,0.04881976808074908
ligue1-2024-2024-11-30-rennes-v-st-etienne,2024-11-30,2024,Rennes,St Etienne,5,0,2,1.0,0.0,545.2588227809615,6,7,999,0,1.0,0,999,0,1.0,0,0,0,1469.229122052277,1458.4660417892271,10.763080263049915,0.3333333333333333,0.3333333333333333,0.3333333333333333,0,1.0,1.0,3.0,2.0,8.0,0.8,1.2391304347826086,1.434782608695652,1.4130434782608696,0.4,1.6,1.5217391304347827,0.9565217391304348,1.8695652173913044,1.3478260869565217,1.0,1.4782608695652173,0.21739130434782608,0.2391304347826087,-0.4391304347826086,12.289596697550415,12.37033588345685,4.1808457906541685,12.3234466889063,2.1894196983969327,-0.0807391859064324,2.0,0.0,3.0,5.0,7.0,1.2,1.0833333333333333,0.9166666666666666,2.0833333333333335,1.0,1.4,2.0,0.16666666666666666,1.1666666666666667,0.8333333333333334,0.6666666666666666,3.3333333333333335,0.25,0.5,0.1166666666666667,12.399126934901318,12.350307166820569,4.239178867422799,12.201756721470954,2.158890670394148,0.04881976808074908
ligue1-2024-2024-11-30-paris-sg-v-nantes,2024-11-30,2024,Paris SG,Nantes,1,1,1,0.8333333333333334,0.0,331.4965700309614,8,6,999,0,1.0,0,999,0,1.0,0,0,0,1748.7100813117008,1383.2691825340132,365.4408987776876,0.3333333333333333,0.3333333333333333,0.3333333333333333,0,5.0,0.0,0.0,15.0,4.0,3.0,2.347826086956522,2.5434782608695654,0.9347826086956522,3.0,0.8,2.217391304347826,2.4782608695652173,2.6956521739130435,1.1304347826086956,2.391304347826087,0.7391304347826086,0.34782608695652173,0.06521739130434782,0.652173913043478,12.289596697550415,12.37033588345685,4.1808457906541685,12.3234466889063,2.1894196983969327,-0.0807391859064324,0.0,1.0,4.0,5.0,11.0,0.2,0.9347826086956522,0.9565217391304348,1.608695652173913,1.0,2.2,0.7391304347826086,1.1304347826086956,1.0434782608695652,1.6956521739130435,0.8695652173913043,1.5217391304347827,0.21739130434782608,0.3695652173913043,-0.7347826086956522,12.399126934901318,12.350307166820569,4.239178867422799,12.201756721470954,2.158890670394148,0.04881976808074908
ligue1-2024-2024-12-01-montpellier-v-lille,2024-12-01,2024,Montpellier,Lille,2,2,1,0.25,0.0,779.9283636877819,8,7,999,0,1.0,0,999,0,1.0,0,0,0,1406.5454324962398,1608.5846839119904,-202.03925141575064,0.3333333333333333,0.3333333333333333,0.3333333333333333,0,1.0,0.0,4.0,3.0,11.0,0.6,1.065217391304348,1.173913043478261,1.7391304347826086,0.6,2.2,1.0869565217391304,1.0434782608695652,1.2173913043478262,1.6521739130434783,1.1304347826086956,1.826086956521739,0.21739130434782608,0.34782608695652173,-0.4652173913043479,12.289596697550415,12.37033588345685,4.1808457906541685,12.3234466889063,2.1894196983969327,-0.0807391859064324,2.0,3.0,0.0,6.0,3.0,1.8,1.7608695652173914,1.5434782608695652,0.9782608695652174,1.2,0.6,2.0869565217391304,1.434782608695652,1.9130434782608696,0.9565217391304348,1.173913043478261,1.0,0.45652173913043476,0.13043478260869565,0.03913043478260869,12.399126934901318,12.350307166820569,4.239178867422799,12.201756721470954,2.158890670394148,0.04881976808074908
ligue1-2024-2024-12-01-toulouse-v-auxerre,2024-12-01,2024,Toulouse,Auxerre,2,0,2,0.5,0.0,497.2608128320571,9,7,999,0,1.0,0,999,0,1.0,0,0,0,1498.879823848559,1521.9353017897215,-23.055477941162508,0.3333333333333333,0.3333333333333333,0.3333333333333333,0,3.0,1.0,1.0,7.0,4.0,2.0,1.2608695652173914,1.1956521739130435,1.3043478260869565,1.4,0.8,1.0434782608695652,1.4782608695652173,1.173913043478261,1.3478260869565217,1.2173913043478262,1.2608695652173914,0.2391304347826087,0.2826086956521739,0.7391304347826086,12.289596697550415,12.37033588345685,4.1808457906541685,12.3234466889063,2.1894196983969327,-0.0807391859064324,4.0,1.0,0.0,12.0,4.0,2.6,1.5833333333333333,1.75,1.5833333333333333,2.4,0.8,2.5,0.6666666666666666,2.0,0.8333333333333334,1.5,2.3333333333333335,0.25,0.16666666666666666,1.0166666666666668,12.399126934901318,12.350307166820569,4.239178867422799,12.201756721470954,2.158890670394148,0.04881976808074908
ligue1-2024-2024-12-01-le-havre-v-angers,2024-12-01,2024,Le Havre,Angers,0,1,0,0.5,0.0,230.88187812503108,7,7,999,0,1.0,0,999,0,1.0,0,0,0,1395.3351188766733,1465.268182458009,-69.93306358133577,0.3333333333333333,0.3333333333333333,0.3333333333333333,0,2.0,0.0,3.0,3.0,8.0,1.2,0.9565217391304348,0.9565217391304348,1.4782608695652173,0.6,1.6,1.1304347826086956,0.782608695652174,1.0,1.4782608695652173,0.9130434782608695,1.4782608695652173,0.21739130434782608,0.4782608695652174,0.24347826086956514,12.289596697550415,12.37033588345685,4.1808457906541685,12.3234466889063,2.1894196983969327,-0.0807391859064324,2.0,1.0,2.0,8.0,8.0,1.4,0.8333333333333334,1.0833333333333333,1.75,1.6,1.6,0.6666666666666666,1.0,1.5,2.5,0.6666666666666666,1.0,0.08333333333333333,0.25,0.5666666666666665,12.399126934901318,12.350307166820569,4.239178867422799,12.201756721470954,2.158890670394148,0.04881976808074908
ligue1-2024-2024-12-01-lyon-v-nice,2024-12-01,2024,Lyon,Nice,4,1,2,0.75,0.0,291.8624197335015,8,7,999,0,1.0,0,999,0,1.0,0,0,0,1555.4282070843778,1582.4867165461756,-27.058509461797712,0.3333333333333333,0.3333333333333333,0.3333333333333333,0,2.0,3.0,0.0,9.0,4.0,1.8,1.565217391304348,1.4782608695652173,1.5434782608695652,1.8,0.8,1.5217391304347827,1.608695652173913,1.565217391304348,1.6956521739130435,1.391304347826087,1.391304347826087,0.30434782608695654,0.21739130434782608,0.23478260869565215,12.289596697550415,12.37033588345685,4.1808457906541685,12.3234466889063,2.1894196983969327,-0.0807391859064324,3.0,2.0,0.0,8.0,5.0,2.2,1.6304347826086956,1.3695652173913044,0.8913043478260869,1.6,1.0,1.8695652173913044,1.391304347826087,1.608695652173913,0.7391304347826086,1.1304347826086956,1.0434782608695652,0.43478260869565216,0.2391304347826087,0.5695652173913046,12.399126934901318,12.350307166820569,4.239178867422799,12.201756721470954,2.158890670394148,0.04881976808074908
ligue1-2024-2024-12-01-marseille-v-monaco,2024-12-01,2024,Marseille,Monaco,2,1,2,0.35714285714285715,0.0,170.65760939507788,8,9,999,0,1.0,0,999,0,1.0,0,0,0,1580.974494869138,1646.3334069077107,-65.35891203857273,0.3333333333333333,0.3333333333333333,0.3333333333333333,0,3.0,0.0,2.0,11.0,8.0,1.8,1.5869565217391304,1.7173913043478262,1.2391304347826086,2.2,1.6,1.8636363636363635,1.3333333333333333,1.6818181818181819,1.0,1.75,1.4583333333333333,0.1956521739130435,0.2608695652173913,0.21304347826086967,12.289596697550415,12.37033588345685,4.1808457906541685,12.3234466889063,2.1894196983969327,-0.0807391859064324,2.0,1.0,2.0,7.0,6.0,1.4,2.0217391304347827,1.934782608695652,1.1304347826086956,1.4,1.2,1.9583333333333333,2.090909090909091,1.6666666666666667,0.8333333333333334,2.227272727272727,1.4545454545454546,0.34782608695652173,0.15217391304347827,-0.6217391304347828,12.399126934901318,12.350307166820569,4.239178867422799,12.201756721470954,2.158890670394148,0.04881976808074908
ligue1-2024-2024-12-06-auxerre-v-paris-sg,2024-12-06,2024,Auxerre,Paris SG,0,0,1,0.125,0.0,152.2245208320034,5,6,999,0,1.0,0,999,0,1.0,0,0,0,1510.8749230102987,1739.9942079383648,-229.119284928066,0.3333333333333333,0.3333333333333333,0.3333333333333333,0,3.0,1.0,1.0,10.0,5.0,2.0,1.4615384615384615,1.6153846153846154,1.6153846153846154,2.0,1.0,2.5,0.5714285714285714,2.0,0.8333333333333334,1.2857142857142858,2.2857142857142856,0.23076923076923078,0.23076923076923078,0.5384615384615385,12.289596697550415,12.37033588345685,4.1808457906541685,12.3234466889063,2.1894196983969327,-0.0807391859064324,4.0,1.0,0.0,12.0,3.0,2.6,2.3191489361702127,2.5106382978723403,0.9361702127659575,2.4,0.6,2.1666666666666665,2.4782608695652173,2.625,1.125,2.391304347826087,0.7391304347826086,0.3404255319148936,0.06382978723404255,0.2808510638297874,12.399126934901318,12.350307166820569,4.239178867422799,12.201756721470954,2.158890670394148,0.04881976808074908
ligue1-2024-2024-12-06-lille-v-brest,2024-12-06,2024,Lille,Brest,3,1,2,0.5833333333333334,0.0,602.5557773352601,5,6,999,0,1.0,0,999,0,1.0,0,0,0,1605.7293848605266,1529.5090939478982,76.22029091262834,0.3333333333333333,0.3333333333333333,0.3333333333333333,0,2.0,3.0,0.0,8.0,5.0,1.8,1.7446808510638299,1.553191489361702,1.0,1.6,1.0,2.0869565217391304,1.4166666666666667,1.9130434782608696,0.9565217391304348,1.2083333333333333,1.0416666666666667,0.44680851063829785,0.1276595744680851,0.05531914893617018,12.289596697550415,12.37033588345685,4.1808457906541685,12.3234466889063,2.1894196983969327,-0.0807391859064324,2.0,0.0,3.0,8.0,9.0,1.2,1.6382978723404256,1.5319148936170213,1.2127659574468086,1.6,1.8,1.8333333333333333,1.434782608695652,1.5833333333333333,0.9166666666666666,1.4782608695652173,1.5217391304347827,0.3829787234042553,0.2553191489361702,-0.4382978723404256,12.399126934901318,12.350307166820569,4.239178867422799,12.201756721470954,2.158890670394148,0.04881976808074908
ligue1-2024-2024-12-07-monaco-v-toulouse,2024-12-07,2024,Monaco,Toulouse,2,0,2,0.6666666666666666,0.0,481.3364476327756,6,6,999,0,1.0,0,999,0,1.0,0,0,0,1637.3271667254123,1509.9402026279818,127.38696409743056,0.3333333333333333,0.3333333333333333,0.3333333333333333,0,2.0,0.0,3.0,8.0,8.0,1.2,1.9787234042553192,1.9148936170212767,1.148936170212766,1.6,1.6,1.9583333333333333,2.0,1.6666666666666667,0.8333333333333334,2.1739130434782608,1.4782608695652173,0.3404255319148936,0.14893617021276595,-0.7787234042553193,12.289596697550415,12.37033588345685,4.1808457906541685,12.3234466889063,2.1894196983969327,-0.0807391859064324,4.0,0.0,1.0,8.0,3.0,2.4,1.297872340425532,1.2127659574468086,1.2765957446808511,1.6,0.6,1.125,1.4782608695652173,1.2083333333333333,1.2916666666666667,1.2173913043478262,1.2608695652173914,0.2553191489361702,0.2765957446808511,1.102127659574468,12.399126934901318,12.350307166820569,4.239178867422799,12.201756721470954,2.158890670394148,0.04881976808074908
ligue1-2024-2024-12-07-nice-v-le-havre,2024-12-07,2024,Nice,Le Havre,2,1,2,0.5833333333333334,0.0,844.0993952448574,6,6,999,0,1.0,0,999,0,1.0,0,0,0,1568.7500198880055,1384.4718767761117,184.27814311189377,0.3333333333333333,0.3333333333333333,0.3333333333333333,0,3.0,1.0,1.0,8.0,8.0,2.0,1.5957446808510638,1.3617021276595744,0.9574468085106383,1.6,1.6,1.8695652173913044,1.3333333333333333,1.608695652173913,0.7391304347826086,1.125,1.1666666666666667,0.425531914893617,0.23404255319148937,0.4042553191489362,12.289596697550415,12.37033588345685,4.1808457906541685,12.3234466889063,2.1894196983969327,-0.0807391859064324,2.0,0.0,3.0,3.0,5.0,1.2,0.9361702127659575,0.9361702127659575,1.4680851063829787,0.6,1.0,1.0833333333333333,0.782608695652174,0.9583333333333334,1.4583333333333333,0.9130434782608695,1.4782608695652173,0.2127659574468085,0.48936170212765956,0.2638297872340425,12.399126934901318,12.350307166820569,4.239178867422799,12.201756721470954,2.158890670394148,0.04881976808074908
ligue1-2024-2024-12-07-angers-v-lyon,2024-12-07,2024,Angers,Lyon,0,3,0,0.125,0.0,461.06850790020417,6,6,999,0,1.0,0,999,0,1.0,0,0,0,1476.1314245585706,1569.164903742548,-93.0334791839773,0.3333333333333333,0.3333333333333333,0.3333333333333333,0,3.0,0.0,2.0,8.0,7.0,1.8,1.0,1.0769230769230769,1.6153846153846154,1.6,1.4,0.6666666666666666,1.2857142857142858,1.5,2.5,0.7142857142857143,0.8571428571428571,0.15384615384615385,0.23076923076923078,0.8,12.289596697550415,12.37033588345685,4.1808457906541685,12.3234466889063,2.1894196983969327,-0.0807391859064324,2.0,3.0,0.0,9.0,5.0,1.8,1.5957446808510638,1.5319148936170213,1.5319148936170213,1.8,1.0,1.5833333333333333,1.608695652173913,1.6666666666666667,1.6666666666666667,1.391304347826087,1.391304347826087,0.2978723404255319,0.2127659574468085,0.20425531914893624,12.399126934901318,12.350307166820569,4.239178867422799,12.201756721470954,2.158890670394148,0.04881976808074908
ligue1-2024-2024-12-08-lens-v-montpellier,2024-12-08,2024,Lens,Montpellier,2,0,2,0.75,0.0,762.0562309939912,9,7,999,0,1.0,0,999,0,1.0,0,0,0,1547.9098895743816,1409.4007315477036,138.50915802667805,0.3333333333333333,0.3333333333333333,0.3333333333333333,0,2.0,0.0,3.0,6.0,8.0,1.2,1.5106382978723405,1.2765957446808511,1.0425531914893618,1.2,1.6,1.6956521739130435,1.3333333333333333,1.434782608695652,1.0869565217391304,1.125,1.0,0.425531914893617,0.23404255319148937,-0.31063829787234054,12.289596697550415,12.37033588345685,4.1808457906541685,12.3234466889063,2.1894196983969327,-0.0807391859064324,1.0,1.0,3.0,5.0,8.0,0.8,1.0638297872340425,1.1914893617021276,1.7446808510638299,1.0,1.6,1.0833333333333333,1.0434782608695652,1.25,1.6666666666666667,1.1304347826086956,1.826086956521739,0.2127659574468085,0.3404255319148936,-0.2638297872340425,12.399126934901318,12.350307166820569,4.239178867422799,12.201756721470954,2.158890670394148,0.04881976808074908
ligue1-2024-2024-12-08-nantes-v-rennes,2024-12-08,2024,Nantes,Rennes,1,0,2,0.25,0.0,95.03828213317865,8,8,999,0,1.0,0,999,0,1.0,0,0,0,1391.9850559073493,1484.6932522048207,-92.70819629747143,0.3333333333333333,0.3333333333333333,0.3333333333333333,0,0.0,1.0,4.0,5.0,11.0,0.2,0.9361702127659575,0.9574468085106383,1.5957446808510638,1.0,2.2,0.7391304347826086,1.125,1.0434782608695652,1.6956521739130435,0.875,1.5,0.2127659574468085,0.3617021276595745,-0.7361702127659575,12.289596697550415,12.37033588345685,4.1808457906541685,12.3234466889063,2.1894196983969327,-0.0807391859064324,2.0,0.0,3.0,6.0,7.0,1.2,1.2765957446808511,1.5106382978723405,1.3829787234042554,1.2,1.4,1.5833333333333333,0.9565217391304348,2.0,1.2916666666666667,1.0,1.4782608695652173,0.23404255319148937,0.23404255319148937,-0.07659574468085117,12.399126934901318,12.350307166820569,4.239178867422799,12.201756721470954,2.158890670394148,0.04881976808074908
ligue1-2024-2024-12-08-strasbourg-v-reims,2024-12-08,2024,Strasbourg,Reims,0,0,1,0.625,0.0,283.38675868985155,8,9,999,0,1.0,0,999,0,1.0,0,0,0,1444.4657697462073,1490.4118429812481,-45.946073235040785,0.3333333333333333,0.3333333333333333,0.3333333333333333,0,1.0,0.0,4.0,6.0,11.0,0.6,1.1063829787234043,1.2765957446808511,1.6382978723404256,1.2,2.2,1.5217391304347827,0.7083333333333334,1.434782608695652,1.3478260869565217,1.125,1.9166666666666667,0.1276595744680851,0.2127659574468085,-0.5063829787234043,12.289596697550415,12.37033588345685,4.1808457906541685,12.3234466889063,2.1894196983969327,-0.0807391859064324,1.0,1.0,3.0,5.0,6.0,0.8,1.3829787234042554,1.3191489361702127,1.3829787234042554,1.0,1.2,1.4583333333333333,1.3043478260869565,1.1666666666666667,1.2083333333333333,1.4782608695652173,1.565217391304348,0.19148936170212766,0.19148936170212766,-0.5829787234042554,12.399126934901318,12.350307166820569,4.239178867422799,12.201756721470954,2.158890670394148,0.04881976808074908
ligue1-2024-2024-12-08-st-etienne-v-marseille,2024-12-08,2024,St Etienne,Marseille,0,2,0,0.0,0.0,256.51699927372124,8,7,999,0,1.0,0,999,0,1.0,0,0,0,1443.0019116366834,1589.9807350514363,-146.97882341475292,0.3333333333333333,0.3333333333333333,0.3333333333333333,0,2.0,0.0,3.0,5.0,10.0,1.2,1.0,0.8461538461538461,2.3076923076923075,1.0,2.0,2.0,0.14285714285714285,1.1666666666666667,0.8333333333333334,0.5714285714285714,3.5714285714285716,0.23076923076923078,0.5384615384615384,0.19999999999999996,12.289596697550415,12.37033588345685,4.1808457906541685,12.3234466889063,2.1894196983969327,-0.0807391859064324,3.0,0.0,2.0,8.0,9.0,1.8,1.6170212765957446,1.7234042553191489,1.2340425531914894,1.6,1.8,1.9130434782608696,1.3333333333333333,1.6956521739130435,1.0,1.75,1.4583333333333333,0.19148936170212766,0.2553191489361702,0.18297872340425547,12.399126934901318,12.350307166820569,4.239178867422799,12.201756721470954,2.158890670394148,0.04881976808074908
ligue1-2024-2024-12-13-toulouse-v-st-etienne,2024-12-13,2024,Toulouse,St Etienne,2,1,2,1.0,0.0,313.8516995518013,6,5,999,0,1.0,0,999,0,1.0,0,0,0,1503.925170314748,1430.76044847978,73.16472183496785,0.3333333333333333,0.3333333333333333,0.3333333333333333,0,3.0,0.0,2.0,5.0,5.0,1.8,1.2708333333333333,1.1875,1.2916666666666667,1.0,1.0,1.125,1.4166666666666667,1.2083333333333333,1.2916666666666667,1.1666666666666667,1.2916666666666667,0.25,0.2916666666666667,0.5291666666666668,12.289596697550415,12.37033588345685,4.1808457906541685,12.3234466889063,2.1894196983969327,-0.0807391859064324,2.0,0.0,3.0,3.0,8.0,1.2,0.9285714285714286,0.7857142857142857,2.2857142857142856,0.6,1.6,1.7142857142857142,0.14285714285714285,1.0,1.0,0.5714285714285714,3.5714285714285716,0.21428571428571427,0.5714285714285714,0.27142857142857135,12.399126934901318,12.350307166820569,4.239178867422799,12.201756721470954,2.158890670394148,0.04881976808074908
ligue1-2024-2024-12-14-auxerre-v-lens,2024-12-14,2024,Auxerre,Lens,2,2,1,0.3,0.0,298.510290385125,8,6,999,0,1.0,0,999,0,1.0,0,0,0,1514.4291345657816,1553.6272883002616,-39.19815373448,0.3333333333333333,0.3333333333333333,0.3333333333333333,0,3.0,1.0,1.0,8.0,3.0,2.0,1.4285714285714286,1.5,1.5,1.6,0.6,2.2857142857142856,0.5714285714285714,1.7142857142857142,0.7142857142857143,1.2857142857142858,2.2857142857142856,0.2857142857142857,0.2857142857142857,0.5714285714285714,12.289596697550415,12.37033588345685,4.1808457906541685,12.3234466889063,2.1894196983969327,-0.0807391859064324,3.0,0.0,2.0,8.0,6.0,1.8,1.5416666666666667,1.2916666666666667,1.0208333333333333,1.6,1.2,1.75,1.3333333333333333,1.4583333333333333,1.0416666666666667,1.125,1.0,0.4375,0.22916666666666666,0.2583333333333333,12.399126934901318,12.350307166820569,4.239178867422799,12.201756721470954,2.158890670394148,0.04881976808074908
ligue1-2024-2024-12-14-reims-v-monaco,2024-12-14,2024,Reims,Monaco,0,0,1,0.375,0.0,667.4213901042692,6,7,999,0,1.0,0,999,0,1.0,0,0,0,1491.9552076995917,1643.3421990386462,-151.38699133905448,0.3333333333333333,0.3333333333333333,0.3333333333333333,0,1.0,2.0,2.0,4.0,4.0,1.0,1.375,1.2916666666666667,1.3541666666666667,0.8,0.8,1.4583333333333333,1.2916666666666667,1.1666666666666667,1.2083333333333333,1.4166666666666667,1.5,0.20833333333333334,0.20833333333333334,-0.375,12.289596697550415,12.37033588345685,4.1808457906541685,12.3234466889063,2.1894196983969327,-0.0807391859064324,3.0,0.0,2.0,9.0,6.0,1.8,2.0,1.9166666666666667,1.125,1.8,1.2,2.0,2.0,1.68,0.8,2.1739130434782608,1.4782608695652173,0.3541666666666667,0.14583333333333334,-0.19999999999999996,12.399126934901318,12.350307166820569,4.239178867422799,12.201756721470954,2.158890670394148,0.04881976808074908
ligue1-2024-2024-12-14-marseille-v-lille,2024-12-14,2024,Marseille,Lille,1,1,1,0.25,0.0,834.3217055250366,6,8,999,0,1.0,0,999,0,1.0,0,0,0,1602.2221982083397,1613.256354553367,-11.034156345027213,0.3333333333333333,0.3333333333333333,0.3333333333333333,0,4.0,0.0,1.0,10.0,6.0,2.4,1.6458333333333333,1.7291666666666667,1.2083333333333333,2.0,1.2,1.9130434782608696,1.4,1.6956521739130435,1.0,1.76,1.4,0.20833333333333334,0.25,0.7541666666666667,12.289596697550415,12.37033588345685,4.1808457906541685,12.3234466889063,2.1894196983969327,-0.0807391859064324,2.0,3.0,0.0,9.0,6.0,1.8,1.7708333333333333,1.5833333333333333,1.0,1.8,1.2,2.125,1.4166666666666667,1.9583333333333333,0.9583333333333334,1.2083333333333333,1.0416666666666667,0.4375,0.125,0.029166666666666785,12.399126934901318,12.350307166820569,4.239178867422799,12.201756721470954,2.158890670394148,0.04881976808074908
ligue1-2024-2024-12-15-montpellier-v-nice,2024-12-15,2024,Montpellier,Nice,2,2,1,0.5,0.0,278.424351039194,7,8,999,0,1.0,0,999,0,1.0,0,0,0,1403.6833328218236,1572.0090304290602,-168.32569760723663,0.3333333333333333,0.3333333333333333,0.3333333333333333,0,1.0,1.0,3.0,5.0,7.0,0.8,1.0416666666666667,1.1666666666666667,1.75,1.0,1.4,1.0833333333333333,1.0,1.25,1.6666666666666667,1.0833333333333333,1.8333333333333333,0.20833333333333334,0.3541666666666667,-0.2416666666666667,12.289596697550415,12.37033588345685,4.1808457906541685,12.3234466889063,2.1894196983969327,-0.0807391859064324,3.0,1.0,1.0,8.0,8.0,2.0,1.625,1.375,0.9583333333333334,1.6,1.6,1.9166666666666667,1.3333333333333333,1.625,0.75,1.125,1.1666666666666667,0.4166666666666667,0.22916666666666666,0.375,12.399126934901318,12.350307166820569,4.239178867422799,12.201756721470954,2.158890670394148,0.04881976808074908
ligue1-2024-2024-12-15-rennes-v-angers,2024-12-15,2024,Rennes,Angers,2,0,2,0.9,0.0,109.88434816339439,7,8,999,0,1.0,0,999,0,1.0,0,0,0,1474.9030963766804,1458.4636650307652,16.43943134591518,0.3333333333333333,0.3333333333333333,0.3333333333333333,0,1.0,0.0,4.0,5.0,8.0,0.6,1.25,1.4791666666666667,1.375,1.0,1.6,1.5833333333333333,0.9166666666666666,2.0,1.2916666666666667,0.9583333333333334,1.4583333333333333,0.22916666666666666,0.25,-0.65,12.289596697550415,12.37033588345685,4.1808457906541685,12.3234466889063,2.1894196983969327,-0.0807391859064324,2.0,0.0,3.0,4.0,8.0,1.2,0.9285714285714286,1.0,1.7142857142857142,0.8,1.6,0.5714285714285714,1.2857142857142858,1.2857142857142858,2.5714285714285716,0.7142857142857143,0.8571428571428571,0.14285714285714285,0.2857142857142857,0.27142857142857135,12.399126934901318,12.350307166820569,4.239178867422799,12.201756721470954,2.158890670394148,0.04881976808074908
ligue1-2024-2024-12-15-brest-v-nantes,2024-12-15,2024,Brest,Nantes,4,1,2,0.75,0.0,254.4724542753612,9,7,999,0,1.0,0,999,0,1.0,0,0,0,1521.982124255058,1401.7752117354896,120.20691251956828,0.3333333333333333,0.3333333333333333,0.3333333333333333,0,1.0,0.0,4.0,7.0,11.0,0.6,1.6041666666666667,1.5208333333333333,1.25,1.4,2.2,1.8333333333333333,1.375,1.5833333333333333,0.9166666666666666,1.4583333333333333,1.5833333333333333,0.375,0.25,-1.0041666666666669,12.289596697550415,12.37033588345685,4.1808457906541685,12.3234466889063,2.1894196983969327,-0.0807391859064324,1.0,1.0,3.0,5.0,8.0,0.8,0.9791666666666666,0.9583333333333334,1.5625,1.0,1.6,0.8333333333333334,1.125,1.0416666666666667,1.625,0.875,1.5,0.22916666666666666,0.3541666666666667,-0.17916666666666659,12.399126934901318,12.350307166820569,4.239178867422799,12.201756721470954,2.158890670394148,0.04881976808074908
ligue1-2024-2024-12-15-le-havre-v-strasbourg,2024-12-15,2024,Le Havre,Strasbourg,0,3,0,0.5,0.0,566.9490982566977,8,7,999,0,1.0,0,999,0,1.0,0,0,0,1381.212866235057,1442.9224050278638,-61.709538792806825,0.3333333333333333,0.3333333333333333,0.3333333333333333,0,2.0,0.0,3.0,4.0,6.0,1.2,0.9166666666666666,0.9375,1.4791666666666667,0.8,1.2,1.0833333333333333,0.75,0.9583333333333334,1.4583333333333333,0.9166666666666666,1.5,0.20833333333333334,0.4791666666666667,0.2833333333333333,12.289596697550415,12.37033588345685,4.1808457906541685,12.3234466889063,2.1894196983969327,-0.0807391859064324,0.0,1.0,4.0,3.0,10.0,0.2,1.1041666666666667,1.25,1.6041666666666667,0.6,2.0,1.5,0.7083333333333334,1.375,1.2916666666666667,1.125,1.9166666666666667,0.14583333333333334,0.22916666666666666,-0.9041666666666668,12.399126934901318,12.350307166820569,4.239178867422799,12.201756721470954,2.158890670394148,0.04881976808074908
ligue1-2024-2024-12-15-paris-sg-v-lyon,2024-12-15,2024,Paris SG,Lyon,3,1,2,0.8333333333333334,0.0,398.9663802706939,9,8,999,0,1.0,0,999,0,1.0,0,0,0,1736.4399963828819,1586.8326632703534,149.60733311252852,0.3333333333333333,0.3333333333333333,0.3333333333333333,0,3.0,2.0,0.0,9.0,3.0,2.2,2.2916666666666665,2.4583333333333335,0.9166666666666666,1.8,0.6,2.1666666666666665,2.4166666666666665,2.625,1.125,2.2916666666666665,0.7083333333333334,0.3541666666666667,0.08333333333333333,-0.09166666666666634,12.289596697550415,12.37033588345685,4.1808457906541685,12.3234466889063,2.1894196983969327,-0.0807391859064324,3.0,2.0,0.0,10.0,3.0,2.2,1.625,1.5625,1.5,2.0,0.6,1.5833333333333333,1.6666666666666667,1.6666666666666667,1.6666666666666667,1.4583333333333333,1.3333333333333333,0.3125,0.20833333333333334,0.5750000000000002,12.399126934901318,12.350307166820569,4.239178867422799,12.201756721470954,2.158890670394148,0.04881976808074908
ligue1-2024-2024-12-18-monaco-v-paris-sg,2024-12-18,2024,Monaco,Paris SG,2,4,0,0.5,0.0,692.8795120593559,4,3,999,0,1.0,0,999,0,1.0,0,0,0,1641.8738538767932,1741.8715040199472,-99.99765014315403,0.3333333333333333,0.3333333333333333,0.3333333333333333,0,3.0,1.0,1.0,9.0,5.0,2.0,1.9795918367346939,1.8775510204081634,1.1020408163265305,1.8,1.0,2.0,1.9583333333333333,1.68,0.8,2.0833333333333335,1.4166666666666667,0.3673469387755102,0.16326530612244897,0.020408163265306145,12.289596697550415,12.37033588345685,4.1808457906541685,12.3234466889063,2.1894196983969327,-0.0807391859064324,3.0,2.0,0.0,11.0,4.0,2.2,2.306122448979592,2.4693877551020407,0.9183673469387755,2.2,0.8,2.2,2.4166666666666665,2.64,1.12,2.2916666666666665,0.7083333333333334,0.3469387755102041,0.08163265306122448,-0.10612244897959178,12.399126934901318,12.350307166820569,4.239178867422799,12.201756721470954,2.158890670394148,0.04881976808074908
ligue1-2024-2025-01-03-nice-v-rennes,2025-01-03,2024,Nice,Rennes,3,2,2,0.5,0.0,844.6974651904027,19,19,999,0,1.0,0,999,0,1.0,0,0,0,1570.0674243893823,1484.4754643560766,85.59196003330567,0.3333333333333333,0.3333333333333333,0.3333333333333333,0,2.0,2.0,1.0,9.0,10.0,1.6,1.6122448979591837,1.3877551020408163,0.9795918367346939,1.8,2.0,1.9166666666666667,1.32,1.625,0.75,1.16,1.2,0.40816326530612246,0.22448979591836735,-0.012244897959183598,12.289596697550415,12.37033588345685,4.1808457906541685,12.3234466889063,2.1894196983969327,-0.0807391859064324,2.0,0.0,3.0,7.0,4.0,1.2,1.2857142857142858,1.489795918367347,1.346938775510204,1.4,0.8,1.64,0.9166666666666666,2.0,1.24,0.9583333333333334,1.4583333333333333,0.24489795918367346,0.24489795918367346,-0.08571428571428585,12.399126934901318,12.350307166820569,4.239178867422799,12.201756721470954,2.158890670394148,0.04881976808074908
ligue1-2024-2025-01-04-st-etienne-v-reims,2025-01-04,2024,St Etienne,Reims,3,1,2,1.0,0.0,423.31684136945614,22,21,999,0,1.0,0,999,0,1.0,0,0,0,1425.3690916519522,1493.4235528614447,-68.0544612094925,0.3333333333333333,0.3333333333333333,0.3333333333333333,0,1.0,0.0,4.0,2.0,10.0,0.6,0.8666666666666667,0.8,2.2666666666666666,0.4,2.0,1.7142857142857142,0.125,1.0,1.0,0.625,3.375,0.2,0.5333333333333333,-0.2666666666666667,12.289596697550415,12.37033588345685,4.1808457906541685,12.3234466889063,2.1894196983969327,-0.0807391859064324,1.0,3.0,1.0,4.0,3.0,1.2,1.3673469387755102,1.2653061224489797,1.3265306122448979,0.8,0.6,1.44,1.2916666666666667,1.12,1.16,1.4166666666666667,1.5,0.22448979591836735,0.22448979591836735,-0.1673469387755102,12.399126934901318,12.350307166820569,4.239178867422799,12.201756721470954,2.158890670394148,0.04881976808074908
ligue1-2024-2025-01-04-lille-v-nantes,2025-01-04,2024,Lille,Nantes,1,1,1,0.75,0.0,504.6575730247583,21,20,999,0,1.0,0,999,0,1.0,0,0,0,1615.7624610877815,1394.1657527184939,221.59670836928763,0.3333333333333333,0.3333333333333333,0.3333333333333333,0,2.0,3.0,0.0,9.0,6.0,1.8,1.7551020408163265,1.5714285714285714,1.0,1.8,1.2,2.125,1.4,1.9583333333333333,0.9583333333333334,1.2,1.04,0.42857142857142855,0.12244897959183673,0.044897959183673564,12.289596697550415,12.37033588345685,4.1808457906541685,12.3234466889063,2.1894196983969327,-0.0807391859064324,1.0,1.0,3.0,5.0,10.0,0.8,0.9591836734693877,0.9591836734693877,1.6122448979591837,1.0,2.0,0.8333333333333334,1.08,1.0416666666666667,1.625,0.88,1.6,0.22448979591836735,0.3469387755102041,-0.15918367346938767,12.399126934901318,12.350307166820569,4.239178867422799,12.201756721470954,2.158890670394148,0.04881976808074908
ligue1-2024-2025-01-04-lyon-v-montpellier,2025-01-04,2024,Lyon,Montpellier,1,0,2,0.75,0.0,256.753910594718,20,20,999,0,1.0,0,999,0,1.0,0,0,0,1581.401155633288,1405.6249388615015,175.7762167717865,0.3333333333333333,0.3333333333333333,0.3333333333333333,0,3.0,1.0,1.0,10.0,5.0,2.0,1.5918367346938775,1.5510204081632653,1.530612244897959,2.0,1.0,1.5833333333333333,1.6,1.6666666666666667,1.6666666666666667,1.44,1.4,0.30612244897959184,0.20408163265306123,0.40816326530612246,12.289596697550415,12.37033588345685,4.1808457906541685,12.3234466889063,2.1894196983969327,-0.0807391859064324,1.0,2.0,2.0,7.0,8.0,1.0,1.0408163265306123,1.183673469387755,1.7551020408163265,1.4,1.6,1.08,1.0,1.28,1.68,1.0833333333333333,1.8333333333333333,0.20408163265306123,0.3469387755102041,-0.04081632653061229,12.399126934901318,12.350307166820569,4.239178867422799,12.201756721470954,2.158890670394148,0.04881976808074908
ligue1-2024-2025-01-05-strasbourg-v-auxerre,2025-01-05,2024,Strasbourg,Auxerre,3,1,2,0.875,0.0,320.7466828446168,21,22,999,0,1.0,0,999,0,1.0,0,0,0,1462.1440946134237,1512.6967657114712,-50.55267109804754,0.3333333333333333,0.3333333333333333,0.3333333333333333,0,1.0,1.0,3.0,6.0,8.0,0.8,1.1428571428571428,1.2857142857142858,1.5714285714285714,1.2,1.6,1.5,0.8,1.375,1.2916666666666667,1.2,1.84,0.16326530612244897,0.22448979591836735,-0.34285714285714275,12.289596697550415,12.37033588345685,4.1808457906541685,12.3234466889063,2.1894196983969327,-0.0807391859064324,2.0,2.0,1.0,6.0,5.0,1.6,1.4,1.5333333333333334,1.5333333333333334,1.2,1.0,2.125,0.5714285714285714,1.75,0.875,1.2857142857142858,2.2857142857142856,0.26666666666666666,0.26666666666666666,0.20000000000000018,12.399126934901318,12.350307166820569,4.239178867422799,12.201756721470954,2.158890670394148,0.04881976808074908
ligue1-2024-2025-01-05-lens-v-toulouse,2025-01-05,2024,Lens,Toulouse,0,1,0,0.75,0.0,768.8008670304964,22,23,999,0,1.0,0,999,0,1.0,0,0,0,1555.359657154572,1509.3165271425758,46.043130011996254,0.3333333333333333,0.3333333333333333,0.3333333333333333,0,3.0,1.0,1.0,10.0,7.0,2.0,1.530612244897959,1.3061224489795917,1.0408163265306123,2.0,1.4,1.75,1.32,1.4583333333333333,1.0416666666666667,1.16,1.04,0.42857142857142855,0.22448979591836735,0.4693877551020409,12.289596697550415,12.37033588345685,4.1808457906541685,12.3234466889063,2.1894196983969327,-0.0807391859064324,3.0,0.0,2.0,6.0,6.0,1.8,1.3061224489795917,1.2040816326530612,1.2857142857142858,1.2,1.2,1.2,1.4166666666666667,1.24,1.28,1.1666666666666667,1.2916666666666667,0.24489795918367346,0.2857142857142857,0.4938775510204083,12.399126934901318,12.350307166820569,4.239178867422799,12.201756721470954,2.158890670394148,0.04881976808074908
ligue1-2024-2025-01-05-marseille-v-le-havre,2025-01-05,2024,Marseille,Le Havre,5,1,2,1.0,0.0,801.8519083335606,22,21,999,0,1.0,0,999,0,1.0,0,0,0,1599.7160916739251,1361.991176649497,237.72491502442813,0.3333333333333333,0.3333333333333333,0.3333333333333333,0,3.0,1.0,1.0,9.0,6.0,2.0,1.6326530612244898,1.7142857142857142,1.2040816326530612,1.8,1.2,1.875,1.4,1.6666666666666667,1.0,1.76,1.4,0.20408163265306123,0.24489795918367346,0.36734693877551017,12.289596697550415,12.37033588345685,4.1808457906541685,12.3234466889063,2.1894196983969327,-0.0807391859064324,1.0,0.0,4.0,3.0,9.0,0.6,0.8979591836734694,0.9183673469387755,1.510204081632653,0.6,1.8,1.04,0.75,0.92,1.52,0.9166666666666666,1.5,0.20408163265306123,0.4897959183673469,-0.2979591836734694,12.399126934901318,12.350307166820569,4.239178867422799,12.201756721470954,2.158890670394148,0.04881976808074908
ligue1-2024-2025-01-05-angers-v-brest,2025-01-05,2024,Angers,Brest,2,0,2,0.375,0.0,312.2985985315176,21,21,999,0,1.0,0,999,0,1.0,0,0,0,1448.891297051369,1529.5915832720536,-80.70028622068457,0.3333333333333333,0.3333333333333333,0.3333333333333333,0,1.0,0.0,4.0,3.0,10.0,0.6,0.8666666666666667,0.9333333333333333,1.7333333333333334,0.6,2.0,0.5714285714285714,1.125,1.2857142857142858,2.5714285714285716,0.625,1.0,0.13333333333333333,0.3333333333333333,-0.2666666666666667,12.289596697550415,12.37033588345685,4.1808457906541685,12.3234466889063,2.1894196983969327,-0.0807391859064324,2.0,0.0,3.0,11.0,11.0,1.2,1.6326530612244898,1.5714285714285714,1.2448979591836735,2.2,2.2,1.88,1.375,1.68,0.92,1.4583333333333333,1.5833333333333333,0.3673469387755102,0.24489795918367346,-0.4326530612244899,12.399126934901318,12.350307166820569,4.239178867422799,12.201756721470954,2.158890670394148,0.04881976808074908
ligue1-2024-2025-01-10-auxerre-v-lille,2025-01-10,2024,Auxerre,Lille,0,0,1,0.375,0.0,314.84797078484587,5,6,999,0,1.0,0,999,0,1.0,0,0,0,1500.5538707291848,1608.4769628679583,-107.92309213877343,0.3333333333333333,0.3333333333333333,0.3333333333333333,0,1.0,2.0,2.0,4.0,7.0,1.0,1.3125,1.5,1.625,0.8,1.4,2.125,0.5,1.75,0.875,1.25,2.375,0.25,0.25,-0.3125,12.289596697550415,12.37033588345685,4.1808457906541685,12.3234466889063,2.1894196983969327,-0.0807391859064324,2.0,3.0,0.0,8.0,5.0,1.8,1.74,1.56,1.0,1.6,1.0,2.08,1.4,1.92,0.96,1.2,1.04,0.42,0.12,0.06000000000000005,12.399126934901318,12.350307166820569,4.239178867422799,12.201756721470954,2.158890670394148,0.04881976808074908
ligue1-2024-2025-01-10-nantes-v-monaco,2025-01-10,2024,Nantes,Monaco,2,2,1,0.16666666666666666,0.0,798.9865341619475,6,23,999,0,1.0,0,999,0,1.0,0,0,0,1401.4512509383171,1627.7316226036942,-226.28037166537706,0.3333333333333333,0.3333333333333333,0.3333333333333333,0,1.0,2.0,2.0,4.0,8.0,1.0,0.96,0.96,1.6,0.8,1.6,0.8333333333333334,1.0769230769230769,1.0416666666666667,1.625,0.8846153846153846,1.5769230769230769,0.22,0.34,0.040000000000000036,12.289596697550415,12.37033588345685,4.1808457906541685,12.3234466889063,2.1894196983969327,-0.0807391859064324,2.0,1.0,2.0,8.0,8.0,1.4,1.94,1.88,1.16,1.6,1.6,1.9230769230769231,1.9583333333333333,1.6923076923076923,0.9230769230769231,2.0833333333333335,1.4166666666666667,0.36,0.16,-0.54,12.399126934901318,12.350307166820569,4.239178867422799,12.201756721470954,2.158890670394148,0.04881976808074908
ligue1-2024-2025-01-11-brest-v-lyon,2025-01-11,2024,Brest,Lyon,2,1,2,0.4166666666666667,0.0,773.3172145406065,6,7,999,0,1.0,0,999,0,1.0,0,0,0,1516.2342227014026,1584.7958866800225,-68.56166397861989,0.3333333333333333,0.3333333333333333,0.3333333333333333,0,2.0,0.0,3.0,10.0,10.0,1.2,1.6,1.54,1.26,2.0,2.0,1.88,1.32,1.68,0.92,1.4,1.6,0.36,0.26,-0.40000000000000013,12.289596697550415,12.37033588345685,4.1808457906541685,12.3234466889063,2.1894196983969327,-0.0807391859064324,3.0,1.0,1.0,10.0,5.0,2.0,1.62,1.54,1.5,2.0,1.0,1.64,1.6,1.64,1.6,1.44,1.4,0.32,0.2,0.3799999999999999,12.399126934901318,12.350307166820569,4.239178867422799,12.201756721470954,2.158890670394148,0.04881976808074908
ligue1-2024-2025-01-11-reims-v-nice,2025-01-11,2024,Reims,Nice,2,4,0,0.125,0.0,665.6866286005725,7,8,999,0,1.0,0,999,0,1.0,0,0,0,1480.578087218135,1575.1817521066148,-94.6036648884799,0.3333333333333333,0.3333333333333333,0.3333333333333333,0,0.0,3.0,2.0,2.0,6.0,0.6,1.34,1.26,1.36,0.4,1.2,1.44,1.24,1.12,1.16,1.4,1.56,0.22,0.22,-0.7400000000000001,12.289596697550415,12.37033588345685,4.1808457906541685,12.3234466889063,2.1894196983969327,-0.0807391859064324,3.0,1.0,1.0,10.0,10.0,2.0,1.64,1.42,1.0,2.0,2.0,1.96,1.32,1.68,0.8,1.16,1.2,0.4,0.22,0.3600000000000001,12.399126934901318,12.350307166820569,4.239178867422799,12.201756721470954,2.158890670394148,0.04881976808074908
ligue1-2024-2025-01-11-rennes-v-marseille,2025-01-11,2024,Rennes,Marseille,1,2,0,0.42857142857142855,0.0,766.4381524621508,8,6,999,0,1.0,0,999,0,1.0,0,0,0,1479.361136638844,1604.724012566627,-125.36287592778285,0.3333333333333333,0.3333333333333333,0.3333333333333333,0,2.0,0.0,3.0,9.0,5.0,1.2,1.26,1.5,1.38,1.8,1.0,1.64,0.88,2.0,1.24,1.0,1.52,0.24,0.24,-0.06000000000000005,12.289596697550415,12.37033588345685,4.1808457906541685,12.3234466889063,2.1894196983969327,-0.0807391859064324,4.0,1.0,0.0,13.0,4.0,2.6,1.66,1.78,1.2,2.6,0.8,1.92,1.4,1.8,1.0,1.76,1.4,0.2,0.24,0.9400000000000002,12.399126934901318,12.350307166820569,4.239178867422799,12.201756721470954,2.158890670394148,0.04881976808074908
ligue1-2024-2025-01-12-le-havre-v-lens,2025-01-12,2024,Le Havre,Lens,1,2,0,0.3333333333333333,0.0,219.96713203595905,7,7,999,0,1.0,0,999,0,1.0,0,0,0,1356.9832557567952,1541.387439064717,-184.4041833079218,0.3333333333333333,0.3333333333333333,0.3333333333333333,0,1.0,0.0,4.0,4.0,11.0,0.6,0.88,0.92,1.58,0.8,2.2,1.04,0.72,0.92,1.52,0.92,1.64,0.2,0.48,-0.28,12.289596697550415,12.37033588345685,4.1808457906541685,12.3234466889063,2.1894196983969327,-0.0807391859064324,2.0,1.0,2.0,7.0,6.0,1.4,1.5,1.28,1.04,1.4,1.2,1.68,1.32,1.4,1.04,1.16,1.04,0.42,0.24,-0.10000000000000009,12.399126934901318,12.350307166820569,4.239178867422799,12.201756721470954,2.158890670394148,0.04881976808074908
ligue1-2024-2025-01-12-montpellier-v-angers,2025-01-12,2024,Montpellier,Angers,1,3,0,0.0,0.0,544.9582313364865,8,7,999,0,1.0,0,999,0,1.0,0,0,0,1402.230207814767,1462.2486576220201,-60.01844980725309,0.3333333333333333,0.3333333333333333,0.3333333333333333,0,0.0,2.0,3.0,4.0,8.0,0.4,1.02,1.16,1.74,0.8,1.6,1.08,0.96,1.28,1.68,1.04,1.8,0.2,0.36,-0.62,12.289596697550415,12.37033588345685,4.1808457906541685,12.3234466889063,2.1894196983969327,-0.0807391859064324,2.0,0.0,3.0,3.0,6.0,1.2,1.0,1.0,1.625,0.6,1.2,0.875,1.125,1.375,2.25,0.625,1.0,0.1875,0.3125,0.19999999999999996,12.399126934901318,12.350307166820569,4.239178867422799,12.201756721470954,2.158890670394148,0.04881976808074908
ligue1-2024-2025-01-12-toulouse-v-strasbourg,2025-01-12,2024,Toulouse,Strasbourg,1,2,0,0.4166666666666667,0.0,737.0780289455665,7,7,999,0,1.0,0,999,0,1.0,0,0,0,1523.2887452324308,1474.28698959571,49.001755636720645,0.3333333333333333,0.3333333333333333,0.3333333333333333,0,3.0,0.0,2.0,5.0,6.0,1.8,1.34,1.2,1.26,1.0,1.2,1.2,1.48,1.24,1.28,1.16,1.24,0.26,0.28,0.45999999999999996,12.289596697550415,12.37033588345685,4.1808457906541685,12.3234466889063,2.1894196983969327,-0.0807391859064324,2.0,1.0,2.0,8.0,6.0,1.4,1.18,1.32,1.56,1.6,1.2,1.56,0.8,1.44,1.28,1.2,1.84,0.16,0.22,0.21999999999999997,12.399126934901318,12.350307166820569,4.239178867422799,12.201756721470954,2.158890670394148,0.04881976808074908
ligue1-2024-2025-01-12-paris-sg-v-st-etienne,2025-01-12,2024,Paris SG,St Etienne,2,1,2,1.0,0.0,409.0646513580453,25,8,999,0,1.0,0,999,0,1.0,0,0,0,1756.0137352930462,1438.214557295262,317.7991779977842,0.3333333333333333,0.3333333333333333,0.3333333333333333,0,3.0,2.0,0.0,11.0,4.0,2.2,2.32,2.5,0.94,2.2,0.8,2.2,2.44,2.64,1.12,2.36,0.76,0.34,0.08,-0.11999999999999966,12.289596697550415,12.37033588345685,4.1808457906541685,12.3234466889063,2.1894196983969327,-0.0807391859064324,2.0,0.0,3.0,5.0,10.0,1.2,1.0,0.9375,2.1875,1.0,2.0,1.875,0.125,1.25,1.0,0.625,3.375,0.1875,0.5,0.19999999999999996,12.399126934901318,12.350307166820569,4.239178867422799,12.201756721470954,2.158890670394148,0.04881976808074908
ligue1-2024-2025-01-17-montpellier-v-monaco,2025-01-17,2024,Montpellier,Monaco,2,1,2,0.25,0.0,290.4493781085042,5,7,999,0,1.0,0,999,0,1.0,0,0,0,1386.467795520935,1624.2490058575347,-237.78121033659977,0.3333333333333333,0.3333333333333333,0.3333333333333333,0,0.0,2.0,3.0,5.0,10.0,0.4,1.0,1.1568627450980393,1.7647058823529411,1.0,2.0,1.0384615384615385,0.96,1.2692307692307692,1.7307692307692308,1.04,1.8,0.19607843137254902,0.35294117647058826,-0.6,12.289596697550415,12.37033588345685,4.1808457906541685,12.3234466889063,2.1894196983969327,-0.0807391859064324,1.0,2.0,2.0,7.0,8.0,1.0,1.9215686274509804,1.8823529411764706,1.1764705882352942,1.4,1.6,1.9230769230769231,1.92,1.6923076923076923,0.9230769230769231,2.08,1.44,0.35294117647058826,0.1568627450980392,-0.9215686274509804,12.399126934901318,12.350307166820569,4.239178867422799,12.201756721470954,2.158890670394148,0.04881976808074908
ligue1-2024-2025-01-17-lille-v-nice,2025-01-17,2024,Lille,Nice,2,1,2,0.42857142857142855,0.0,829.1226524257995,7,6,999,0,1.0,0,999,0,1.0,0,0,0,1608.2489574678198,1589.5435243190873,18.70543314873248,0.3333333333333333,0.3333333333333333,0.3333333333333333,0,1.0,4.0,0.0,7.0,5.0,1.4,1.7254901960784315,1.5294117647058822,0.9803921568627451,1.4,1.0,2.08,1.3846153846153846,1.92,0.96,1.1538461538461537,1.0,0.43137254901960786,0.13725490196078433,-0.32549019607843155,12.289596697550415,12.37033588345685,4.1808457906541685,12.3234466889063,2.1894196983969327,-0.0807391859064324,3.0,1.0,1.0,12.0,11.0,2.0,1.6666666666666667,1.4705882352941178,1.0196078431372548,2.4,2.2,1.96,1.3846153846153846,1.68,0.8,1.2692307692307692,1.2307692307692308,0.39215686274509803,0.21568627450980393,0.33333333333333326,12.399126934901318,12.350307166820569,4.239178867422799,12.201756721470954,2.158890670394148,0.04881976808074908
ligue1-2024-2025-01-18-lens-v-paris-sg,2025-01-18,2024,Lens,Paris SG,1,2,0,0.0,0.0,181.57217493042117,6,6,999,0,1.0,0,999,0,1.0,0,0,0,1549.004780686081,1757.6695106516063,-208.66472996552534,0.3333333333333333,0.3333333333333333,0.3333333333333333,0,3.0,1.0,1.0,8.0,4.0,2.0,1.5294117647058822,1.2941176470588236,1.0392156862745099,1.6,0.8,1.68,1.3846153846153846,1.4,1.04,1.1923076923076923,1.0384615384615385,0.4117647058823529,0.23529411764705882,0.47058823529411775,12.289596697550415,12.37033588345685,4.1808457906541685,12.3234466889063,2.1894196983969327,-0.0807391859064324,3.0,2.0,0.0,10.0,5.0,2.2,2.3333333333333335,2.4901960784313726,0.9411764705882353,2.0,1.0,2.230769230769231,2.44,2.6153846153846154,1.1153846153846154,2.36,0.76,0.3333333333333333,0.0784313725490196,-0.1333333333333333,12.399126934901318,12.350307166820569,4.239178867422799,12.201756721470954,2.158890670394148,0.04881976808074908
ligue1-2024-2025-01-18-rennes-v-brest,2025-01-18,2024,Rennes,Brest,1,2,0,0.5,0.0,212.8355943201449,7,7,999,0,1.0,0,999,0,1.0,0,0,0,1470.089844912042,1525.3318162361413,-55.24197132409927,0.3333333333333333,0.3333333333333333,0.3333333333333333,0,2.0,0.0,3.0,10.0,6.0,1.2,1.2352941176470589,1.4901960784313726,1.392156862745098,2.0,1.2,1.5769230769230769,0.88,1.9615384615384615,1.2692307692307692,1.0,1.52,0.23529411764705882,0.23529411764705882,-0.03529411764705892,12.289596697550415,12.37033588345685,4.1808457906541685,12.3234466889063,2.1894196983969327,-0.0807391859064324,3.0,0.0,2.0,10.0,8.0,1.8,1.6274509803921569,1.5490196078431373,1.2549019607843137,2.0,1.6,1.9230769230769231,1.32,1.6923076923076923,0.9230769230769231,1.4,1.6,0.35294117647058826,0.2549019607843137,0.1725490196078432,12.399126934901318,12.350307166820569,4.239178867422799,12.201756721470954,2.158890670394148,0.04881976808074908
ligue1-2024-2025-01-18-lyon-v-toulouse,2025-01-18,2024,Lyon,Toulouse,0,0,1,0.6428571428571429,0.0,370.8569193679967,7,6,999,0,1.0,0,999,0,1.0,0,0,0,1575.6982931452837,1509.2450509218522,66.45324222343152,0.3333333333333333,0.3333333333333333,0.3333333333333333,0,3.0,0.0,2.0,10.0,6.0,1.8,1.588235294117647,1.5294117647058822,1.5098039215686274,2.0,1.2,1.64,1.5384615384615385,1.64,1.6,1.4230769230769231,1.4230769230769231,0.3137254901960784,0.19607843137254902,0.21176470588235308,12.289596697550415,12.37033588345685,4.1808457906541685,12.3234466889063,2.1894196983969327,-0.0807391859064324,3.0,0.0,2.0,6.0,5.0,1.8,1.3137254901960784,1.196078431372549,1.2745098039215685,1.2,1.0,1.1538461538461537,1.48,1.2307692307692308,1.3076923076923077,1.16,1.24,0.2549019607843137,0.27450980392156865,0.4862745098039216,12.399126934901318,12.350307166820569,4.239178867422799,12.201756721470954,2.158890670394148,0.04881976808074908
ligue1-2024-2025-01-19-st-etienne-v-nantes,2025-01-19,2024,St Etienne,Nantes,1,1,1,0.5,0.0,495.69469630854894,7,9,999,0,1.0,0,999,0,1.0,0,0,0,1436.558781936702,1404.9338676844766,31.62491425222538,0.3333333333333333,0.3333333333333333,0.3333333333333333,0,1.0,0.0,4.0,5.0,12.0,0.6,0.9411764705882353,0.9411764705882353,2.176470588235294,1.0,2.4,1.875,0.1111111111111111,1.25,1.0,0.6666666666666666,3.2222222222222223,0.17647058823529413,0.47058823529411764,-0.3411764705882353,12.289596697550415,12.37033588345685,4.1808457906541685,12.3234466889063,2.1894196983969327,-0.0807391859064324,1.0,3.0,1.0,6.0,8.0,1.2,0.9607843137254902,0.9803921568627451,1.607843137254902,1.2,1.6,0.84,1.0769230769230769,1.08,1.64,0.8846153846153846,1.5769230769230769,0.21568627450980393,0.3333333333333333,0.23921568627450973,12.399126934901318,12.350307166820569,4.239178867422799,12.201756721470954,2.158890670394148,0.04881976808074908
ligue1-2024-2025-01-19-angers-v-auxerre,2025-01-19,2024,Angers,Auxerre,2,0,2,0.6,0.0,310.425540474441,7,9,999,0,1.0,0,999,0,1.0,0,0,0,1478.0110699158522,1500.7818761293233,-22.770806213471133,0.3333333333333333,0.3333333333333333,0.3333333333333333,0,3.0,0.0,2.0,6.0,6.0,1.8,1.1176470588235294,1.1176470588235294,1.588235294117647,1.2,1.2,0.875,1.3333333333333333,1.375,2.25,0.8888888888888888,1.0,0.17647058823529413,0.29411764705882354,0.6823529411764706,12.289596697550415,12.37033588345685,4.1808457906541685,12.3234466889063,2.1894196983969327,-0.0807391859064324,0.0,3.0,2.0,3.0,7.0,0.6,1.2941176470588236,1.411764705882353,1.5294117647058822,0.6,1.4,2.0,0.5,1.5555555555555556,0.7777777777777778,1.25,2.375,0.29411764705882354,0.29411764705882354,-0.6941176470588236,12.399126934901318,12.350307166820569,4.239178867422799,12.201756721470954,2.158890670394148,0.04881976808074908
ligue1-2024-2025-01-19-reims-v-le-havre,2025-01-19,2024,Reims,Le Havre,1,1,1,0.875,0.0,284.88044882027987,8,7,999,0,1.0,0,999,0,1.0,0,0,0,1466.2163150056624,1349.3659141354312,116.85040087023117,0.3333333333333333,0.3333333333333333,0.3333333333333333,0,0.0,2.0,3.0,3.0,9.0,0.4,1.3137254901960784,1.2745098039215685,1.411764705882353,0.6,1.8,1.3846153846153846,1.24,1.1538461538461537,1.2692307692307692,1.4,1.56,0.21568627450980393,0.21568627450980393,-0.9137254901960784,12.289596697550415,12.37033588345685,4.1808457906541685,12.3234466889063,2.1894196983969327,-0.0807391859064324,0.0,0.0,5.0,3.0,13.0,0.0,0.8627450980392157,0.9215686274509803,1.588235294117647,0.6,2.6,1.0,0.72,0.9230769230769231,1.5384615384615385,0.92,1.64,0.19607843137254902,0.47058823529411764,-0.8627450980392157,12.399126934901318,12.350307166820569,4.239178867422799,12.201756721470954,2.158890670394148,0.04881976808074908
ligue1-2024-2025-01-19-marseille-v-strasbourg,2025-01-19,2024,Marseille,Strasbourg,1,1,1,0.5714285714285714,0.0,615.9042624672749,8,7,999,0,1.0,0,999,0,1.0,0,0,0,1613.995304293429,1488.3306839062886,125.6646203871403,0.3333333333333333,0.3333333333333333,0.3333333333333333,0,4.0,1.0,0.0,12.0,4.0,2.6,1.6862745098039216,1.7843137254901962,1.196078431372549,2.4,0.8,1.92,1.4615384615384615,1.8,1.0,1.7692307692307692,1.3846153846153846,0.19607843137254902,0.23529411764705882,0.9137254901960785,12.289596697550415,12.37033588345685,4.1808457906541685,12.3234466889063,2.1894196983969327,-0.0807391859064324,3.0,1.0,1.0,9.0,5.0,2.0,1.2156862745098038,1.3333333333333333,1.5490196078431373,1.8,1.0,1.56,0.8846153846153846,1.44,1.28,1.2307692307692308,1.8076923076923077,0.1568627450980392,0.21568627450980393,0.7843137254901962,12.399126934901318,12.350307166820569,4.239178867422799,12.201756721470954,2.158890670394148,0.04881976808074908
ligue1-2024-2025-01-24-auxerre-v-st-etienne,2025-01-24,2024,Auxerre,St Etienne,1,1,1,0.25,0.0,266.84839021597287,5,5,999,0,1.0,0,999,0,1.0,0,0,0,1489.7325325119316,1432.9417249725743,56.790807539357274,0.3333333333333333,0.3333333333333333,0.3333333333333333,0,0.0,3.0,2.0,3.0,7.0,0.6,1.2222222222222223,1.3333333333333333,1.5555555555555556,0.6,1.4,2.0,0.4444444444444444,1.5555555555555556,0.7777777777777778,1.1111111111111112,2.3333333333333335,0.2777777777777778,0.3333333333333333,-0.6222222222222223,12.289596697550415,12.37033588345685,4.1808457906541685,12.3234466889063,2.1894196983969327,-0.0807391859064324,1.0,1.0,3.0,6.0,8.0,0.8,0.9444444444444444,0.9444444444444444,2.111111111111111,1.2,1.6,1.7777777777777777,0.1111111111111111,1.2222222222222223,1.0,0.6666666666666666,3.2222222222222223,0.16666666666666666,0.4444444444444444,-0.14444444444444438,12.399126934901318,12.350307166820569,4.239178867422799,12.201756721470954,2.158890670394148,0.04881976808074908
ligue1-2024-2025-01-25-monaco-v-rennes,2025-01-25,2024,Monaco,Rennes,3,2,2,0.8333333333333334,0.0,852.3786639659552,8,7,999,0,1.0,0,999,0,1.0,0,0,0,1610.4789354153993,1458.8086846762797,151.67025073911964,0.3333333333333333,0.3333333333333333,0.3333333333333333,0,1.0,2.0,2.0,7.0,8.0,1.0,1.8846153846153846,1.8653846153846154,1.1923076923076923,1.4,1.6,1.9230769230769231,1.8461538461538463,1.6923076923076923,0.9230769230769231,2.0384615384615383,1.4615384615384615,0.34615384615384615,0.15384615384615385,-0.8846153846153846,12.289596697550415,12.37033588345685,4.1808457906541685,12.3234466889063,2.1894196983969327,-0.0807391859064324,1.0,0.0,4.0,6.0,8.0,0.6,1.2115384615384615,1.4807692307692308,1.4038461538461537,1.2,1.6,1.5185185185185186,0.88,1.9259259259259258,1.2962962962962963,1.0,1.52,0.23076923076923078,0.23076923076923078,-0.6115384615384615,12.399126934901318,12.350307166820569,4.239178867422799,12.201756721470954,2.158890670394148,0.04881976808074908
ligue1-2024-2025-01-25-strasbourg-v-lille,2025-01-25,2024,Strasbourg,Lille,2,1,2,0.75,0.0,403.89067096392466,6,8,999,0,1.0,0,999,0,1.0,0,0,0,1494.0441175972094,1614.9593566235874,-120.915239026378,0.3333333333333333,0.3333333333333333,0.3333333333333333,0,3.0,2.0,0.0,9.0,3.0,2.2,1.2115384615384615,1.3269230769230769,1.5384615384615385,1.8,0.6,1.56,0.8888888888888888,1.44,1.28,1.2222222222222223,1.7777777777777777,0.15384615384615385,0.21153846153846154,0.9884615384615387,12.289596697550415,12.37033588345685,4.1808457906541685,12.3234466889063,2.1894196983969327,-0.0807391859064324,2.0,3.0,0.0,7.0,4.0,1.8,1.75,1.5384615384615385,0.9807692307692307,1.4,0.8,2.1153846153846154,1.3846153846153846,1.9230769230769231,0.9615384615384616,1.1538461538461537,1.0,0.4230769230769231,0.1346153846153846,0.050000000000000044,12.399126934901318,12.350307166820569,4.239178867422799,12.201756721470954,2.158890670394148,0.04881976808074908
ligue1-2024-2025-01-25-paris-sg-v-reims,2025-01-25,2024,Paris SG,Reims,1,1,1,0.625,0.0,137.3490665469945,7,6,999,0,1.0,0,999,0,1.0,0,0,0,1764.6400314990321,1460.676236437369,303.9637950616632,0.3333333333333333,0.3333333333333333,0.3333333333333333,0,4.0,1.0,0.0,11.0,5.0,2.6,2.3461538461538463,2.480769230769231,0.9423076923076923,2.2,1.0,2.230769230769231,2.4615384615384617,2.6153846153846154,1.1153846153846154,2.3461538461538463,0.7692307692307693,0.3269230769230769,0.07692307692307693,0.25384615384615383,12.289596697550415,12.37033588345685,4.1808457906541685,12.3234466889063,2.1894196983969327,-0.0807391859064324,0.0,3.0,2.0,4.0,8.0,0.6,1.3076923076923077,1.2692307692307692,1.4038461538461537,0.8,1.6,1.3703703703703705,1.24,1.1481481481481481,1.2592592592592593,1.4,1.56,0.21153846153846154,0.21153846153846154,-0.7076923076923077,12.399126934901318,12.350307166820569,4.239178867422799,12.201756721470954,2.158890670394148,0.04881976808074908
ligue1-2024-2025-01-26-nice-v-marseille,2025-01-26,2024,Nice,Marseille,2,0,2,0.5,0.0,158.3915479065629,9,7,999,0,1.0,0,999,0,1.0,0,0,0,1582.8331251633197,1608.2818706025082,-25.448745439188542,0.3333333333333333,0.3333333333333333,0.3333333333333333,0,3.0,1.0,1.0,12.0,9.0,2.0,1.6346153846153846,1.4615384615384615,1.0384615384615385,2.4,1.8,1.96,1.3333333333333333,1.68,0.8,1.2592592592592593,1.2592592592592593,0.38461538461538464,0.21153846153846154,0.3653846153846154,12.289596697550415,12.37033588345685,4.1808457906541685,12.3234466889063,2.1894196983969327,-0.0807391859064324,3.0,2.0,0.0,11.0,4.0,2.2,1.6730769230769231,1.7692307692307692,1.1923076923076923,2.2,0.8,1.8846153846153846,1.4615384615384615,1.7692307692307692,1.0,1.7692307692307692,1.3846153846153846,0.19230769230769232,0.23076923076923078,0.526923076923077,12.399126934901318,12.350307166820569,4.239178867422799,12.201756721470954,2.158890670394148,0.04881976808074908
ligue1-2024-2025-01-26-le-havre-v-brest,2025-01-26,2024,Le Havre,Brest,0,1,0,0.14285714285714285,0.0,357.13572034857475,7,8,999,0,1.0,0,999,0,1.0,0,0,0,1354.9059927037247,1536.6129764719037,-181.70698376817904,0.3333333333333333,0.3333333333333333,0.3333333333333333,0,0.0,1.0,4.0,4.0,13.0,0.2,0.8653846153846154,0.9230769230769231,1.5769230769230769,0.8,2.6,1.0,0.7307692307692307,0.9230769230769231,1.5384615384615385,0.9230769230769231,1.6153846153846154,0.19230769230769232,0.46153846153846156,-0.6653846153846155,12.289596697550415,12.37033588345685,4.1808457906541685,12.3234466889063,2.1894196983969327,-0.0807391859064324,3.0,0.0,2.0,9.0,8.0,1.8,1.6538461538461537,1.5576923076923077,1.25,1.8,1.6,1.9230769230769231,1.3846153846153846,1.6923076923076923,0.9230769230769231,1.4230769230769231,1.5769230769230769,0.34615384615384615,0.25,0.1461538461538463,12.399126934901318,12.350307166820569,4.239178867422799,12.201756721470954,2.158890670394148,0.04881976808074908
ligue1-2024-2025-01-26-nantes-v-lyon,2025-01-26,2024,Nantes,Lyon,1,1,1,0.08333333333333333,0.0,524.5304602260443,7,8,999,0,1.0,0,999,0,1.0,0,0,0,1408.5509246486042,1571.2431403313499,-162.69221568274565,0.3333333333333333,0.3333333333333333,0.3333333333333333,0,1.0,3.0,1.0,6.0,8.0,1.2,0.9615384615384616,0.9807692307692307,1.5961538461538463,1.2,1.6,0.84,1.0740740740740742,1.08,1.64,0.8888888888888888,1.5555555555555556,0.21153846153846154,0.3269230769230769,0.2384615384615384,12.289596697550415,12.37033588345685,4.1808457906541685,12.3234466889063,2.1894196983969327,-0.0807391859064324,2.0,1.0,2.0,6.0,5.0,1.4,1.5769230769230769,1.5,1.4807692307692308,1.2,1.0,1.6153846153846154,1.5384615384615385,1.5769230769230769,1.5384615384615385,1.4230769230769231,1.4230769230769231,0.3269230769230769,0.21153846153846154,-0.17692307692307696,12.399126934901318,12.350307166820569,4.239178867422799,12.201756721470954,2.158890670394148,0.04881976808074908
ligue1-2024-2025-01-26-toulouse-v-montpellier,2025-01-26,2024,Toulouse,Montpellier,1,2,0,0.25,0.0,191.11297829745882,8,9,999,0,1.0,0,999,0,1.0,0,0,0,1513.700203735786,1400.2378659630704,113.46233777271573,0.3333333333333333,0.3333333333333333,0.3333333333333333,0,2.0,1.0,2.0,4.0,5.0,1.4,1.3076923076923077,1.1730769230769231,1.25,0.8,1.0,1.1538461538461537,1.4615384615384615,1.2307692307692308,1.3076923076923077,1.1153846153846154,1.1923076923076923,0.2692307692307692,0.28846153846153844,0.0923076923076922,12.289596697550415,12.37033588345685,4.1808457906541685,12.3234466889063,2.1894196983969327,-0.0807391859064324,1.0,1.0,3.0,5.0,9.0,0.8,1.0384615384615385,1.1730769230769231,1.75,1.0,1.8,1.1111111111111112,0.96,1.2962962962962963,1.7037037037037037,1.04,1.8,0.19230769230769232,0.34615384615384615,-0.2384615384615385,12.399126934901318,12.350307166820569,4.239178867422799,12.201756721470954,2.158890670394148,0.04881976808074908
ligue1-2024-2025-01-26-lens-v-angers,2025-01-26,2024,Lens,Angers,1,0,2,1.0,0.0,410.81850335191115,8,7,999,0,1.0,0,999,0,1.0,0,0,0,1542.034259838655,1489.060413533244,52.97384630541114,0.3333333333333333,0.3333333333333333,0.3333333333333333,0,2.0,1.0,2.0,7.0,6.0,1.4,1.5,1.2884615384615385,1.0576923076923077,1.4,1.2,1.6153846153846154,1.3846153846153846,1.3846153846153846,1.0769230769230769,1.1923076923076923,1.0384615384615385,0.40384615384615385,0.23076923076923078,-0.10000000000000009,12.289596697550415,12.37033588345685,4.1808457906541685,12.3234466889063,2.1894196983969327,-0.0807391859064324,3.0,0.0,2.0,7.0,6.0,1.8,1.2222222222222223,1.1666666666666667,1.5,1.4,1.2,1.1111111111111112,1.3333333333333333,1.4444444444444444,2.0,0.8888888888888888,1.0,0.2222222222222222,0.2777777777777778,0.5777777777777777,12.399126934901318,12.350307166820569,4.239178867422799,12.201756721470954,2.158890670394148,0.04881976808074908
ligue1-2024-2025-01-31-montpellier-v-lens,2025-01-31,2024,Montpellier,Lens,0,2,0,0.25,0.0,762.0562309939912,5,5,999,0,1.0,0,999,0,1.0,0,0,0,1415.709993446205,1547.8953777358458,-132.18538428964075,0.3333333333333333,0.3333333333333333,0.3333333333333333,0,2.0,1.0,2.0,7.0,8.0,1.4,1.0754716981132075,1.1886792452830188,1.7358490566037736,1.4,1.6,1.1111111111111112,1.0384615384615385,1.2962962962962963,1.7037037037037037,1.0769230769230769,1.7692307692307692,0.18867924528301888,0.33962264150943394,0.3245283018867924,12.289596697550415,12.37033588345685,4.1808457906541685,12.3234466889063,2.1894196983969327,-0.0807391859064324,2.0,1.0,2.0,6.0,6.0,1.4,1.528301886792453,1.2830188679245282,1.0377358490566038,1.2,1.2,1.6666666666666667,1.3846153846153846,1.3703703703703705,1.037037037037037,1.1923076923076923,1.0384615384615385,0.41509433962264153,0.22641509433962265,-0.12830188679245302,12.399126934901318,12.350307166820569,4.239178867422799,12.201756721470954,2.158890670394148,0.04881976808074908
ligue1-2024-2025-02-01-monaco-v-auxerre,2025-02-01,2024,Monaco,Auxerre,4,2,2,0.875,0.0,541.1160891482517,7,8,999,0,1.0,0,999,0,1.0,0,0,0,1614.2828760679554,1485.5030247202885,128.77985134766686,0.3333333333333333,0.3333333333333333,0.3333333333333333,0,1.0,2.0,2.0,8.0,10.0,1.0,1.9056603773584906,1.8867924528301887,1.2075471698113207,1.6,2.0,1.962962962962963,1.8461538461538463,1.7407407407407407,0.9629629629629629,2.0384615384615383,1.4615384615384615,0.33962264150943394,0.1509433962264151,-0.9056603773584906,12.289596697550415,12.37033588345685,4.1808457906541685,12.3234466889063,2.1894196983969327,-0.0807391859064324,0.0,3.0,2.0,4.0,8.0,0.6,1.2105263157894737,1.3157894736842106,1.5263157894736843,0.8,1.6,1.9,0.4444444444444444,1.5,0.8,1.1111111111111112,2.3333333333333335,0.2631578947368421,0.3157894736842105,-0.6105263157894737,12.399126934901318,12.350307166820569,4.239178867422799,12.201756721470954,2.158890670394148,0.04881976808074908
ligue1-2024-2025-02-01-brest-v-paris-sg,2025-02-01,2024,Brest,Paris SG,2,5,0,0.07142857142857142,0.0,497.76269074981866,6,7,999,0,1.0,0,999,0,1.0,0,0,0,1544.3036767583346,1756.4208489381458,-212.11717217981118,0.3333333333333333,0.3333333333333333,0.3333333333333333,0,4.0,0.0,1.0,9.0,5.0,2.4,1.679245283018868,1.5471698113207548,1.2264150943396226,1.8,1.0,1.9230769230769231,1.4444444444444444,1.6923076923076923,0.9230769230769231,1.4074074074074074,1.5185185185185186,0.3584905660377358,0.24528301886792453,0.7207547169811319,12.289596697550415,12.37033588345685,4.1808457906541685,12.3234466889063,2.1894196983969327,-0.0807391859064324,4.0,1.0,0.0,12.0,6.0,2.6,2.3207547169811322,2.452830188679245,0.9433962264150944,2.4,1.2,2.185185185185185,2.4615384615384617,2.5555555555555554,1.1111111111111112,2.3461538461538463,0.7692307692307693,0.32075471698113206,0.07547169811320754,0.27924528301886786,12.399126934901318,12.350307166820569,4.239178867422799,12.201756721470954,2.158890670394148,0.04881976808074908
ligue1-2024-2025-02-01-lille-v-st-etienne,2025-02-01,2024,Lille,St Etienne,4,1,2,0.5,0.0,580.3517901552992,7,8,999,0,1.0,0,999,0,1.0,0,0,0,1604.3580937851045,1437.1712327642174,167.18686102088714,0.3333333333333333,0.3333333333333333,0.3333333333333333,0,1.0,3.0,1.0,5.0,5.0,1.2,1.7169811320754718,1.528301886792453,1.0,1.0,1.0,2.1153846153846154,1.3333333333333333,1.9230769230769231,0.9615384615384616,1.1481481481481481,1.037037037037037,0.41509433962264153,0.1320754716981132,-0.5169811320754718,12.289596697550415,12.37033588345685,4.1808457906541685,12.3234466889063,2.1894196983969327,-0.0807391859064324,1.0,2.0,2.0,7.0,7.0,1.0,0.9473684210526315,0.9473684210526315,2.0526315789473686,1.4,1.4,1.7777777777777777,0.2,1.2222222222222223,1.0,0.7,3.0,0.15789473684210525,0.42105263157894735,0.052631578947368474,12.399126934901318,12.350307166820569,4.239178867422799,12.201756721470954,2.158890670394148,0.04881976808074908
ligue1-2024-2025-02-02-marseille-v-lyon,2025-02-02,2024,Marseille,Lyon,3,2,2,0.6666666666666666,0.0,279.5953816441229,7,7,999,0,1.0,0,999,0,1.0,0,0,0,1597.1285633570303,1569.4580453654526,27.670517991577753,0.3333333333333333,0.3333333333333333,0.3333333333333333,0,2.0,2.0,1.0,9.0,6.0,1.6,1.6415094339622642,1.7358490566037736,1.2075471698113207,1.8,1.2,1.8846153846153846,1.4074074074074074,1.7692307692307692,1.0,1.7037037037037037,1.4074074074074074,0.18867924528301888,0.24528301886792453,-0.04150943396226414,12.289596697550415,12.37033588345685,4.1808457906541685,12.3234466889063,2.1894196983969327,-0.0807391859064324,1.0,2.0,2.0,4.0,6.0,1.0,1.5660377358490567,1.490566037735849,1.471698113207547,0.8,1.2,1.6153846153846154,1.5185185185185186,1.5769230769230769,1.5384615384615385,1.4074074074074074,1.4074074074074074,0.32075471698113206,0.20754716981132076,-0.5660377358490567,12.399126934901318,12.350307166820569,4.239178867422799,12.201756721470954,2.158890670394148,0.04881976808074908
ligue1-2024-2025-02-02-angers-v-le-havre,2025-02-02,2024,Angers,Le Havre,1,1,1,0.5,0.0,230.88187812503108,7,7,999,0,1.0,0,999,0,1.0,0,0,0,1483.1992956360532,1347.2152924172938,135.98400321875943,0.3333333333333333,0.3333333333333333,0.3333333333333333,0,3.0,0.0,2.0,7.0,4.0,1.8,1.1578947368421053,1.105263157894737,1.4736842105263157,1.4,0.8,1.1111111111111112,1.2,1.4444444444444444,2.0,0.8,1.0,0.21052631578947367,0.3157894736842105,0.6421052631578947,12.289596697550415,12.37033588345685,4.1808457906541685,12.3234466889063,2.1894196983969327,-0.0807391859064324,0.0,1.0,4.0,3.0,12.0,0.2,0.8490566037735849,0.9056603773584906,1.5660377358490567,0.6,2.4,0.9629629629629629,0.7307692307692307,0.8888888888888888,1.5185185185185186,0.9230769230769231,1.6153846153846154,0.18867924528301888,0.4716981132075472,-0.649056603773585,12.399126934901318,12.350307166820569,4.239178867422799,12.201756721470954,2.158890670394148,0.04881976808074908
ligue1-2024-2025-02-02-toulouse-v-nice,2025-02-02,2024,Toulouse,Nice,1,1,1,0.6666666666666666,0.0,469.3744281916945,7,7,999,0,1.0,0,999,0,1.0,0,0,0,1498.2280762526514,1593.9864324087976,-95.75835615614619,0.3333333333333333,0.3333333333333333,0.3333333333333333,0,2.0,1.0,2.0,5.0,5.0,1.4,1.2830188679245282,1.169811320754717,1.2641509433962264,1.0,1.0,1.1111111111111112,1.4615384615384615,1.2222222222222223,1.3333333333333333,1.1153846153846154,1.1923076923076923,0.2641509433962264,0.2830188679245283,0.11698113207547167,12.289596697550415,12.37033588345685,4.1808457906541685,12.3234466889063,2.1894196983969327,-0.0807391859064324,3.0,1.0,1.0,12.0,8.0,2.0,1.6603773584905661,1.471698113207547,1.0188679245283019,2.4,1.6,2.0,1.3333333333333333,1.6923076923076923,0.7692307692307693,1.2592592592592593,1.2592592592592593,0.39622641509433965,0.20754716981132076,0.3396226415094339,12.399126934901318,12.350307166820569,4.239178867422799,12.201756721470954,2.158890670394148,0.04881976808074908
ligue1-2024-2025-02-02-rennes-v-strasbourg,2025-02-02,2024,Rennes,Strasbourg,1,0,2,0.5833333333333334,0.0,696.097186019301,8,8,999,0,1.0,0,999,0,1.0,0,0,0,1455.0047440237236,1504.6453804356922,-49.64063641196867,0.3333333333333333,0.3333333333333333,0.3333333333333333,0,1.0,0.0,4.0,8.0,10.0,0.6,1.1886792452830188,1.490566037735849,1.4339622641509433,1.6,2.0,1.5185185185185186,0.8461538461538461,1.9259259259259258,1.2962962962962963,1.0384615384615385,1.5769230769230769,0.22641509433962265,0.22641509433962265,-0.5886792452830188,12.289596697550415,12.37033588345685,4.1808457906541685,12.3234466889063,2.1894196983969327,-0.0807391859064324,4.0,1.0,0.0,11.0,4.0,2.6,1.2452830188679245,1.3396226415094339,1.528301886792453,2.2,0.8,1.6153846153846154,0.8888888888888888,1.4615384615384615,1.2692307692307692,1.2222222222222223,1.7777777777777777,0.1509433962264151,0.20754716981132076,1.3547169811320756,12.399126934901318,12.350307166820569,4.239178867422799,12.201756721470954,2.158890670394148,0.04881976808074908
ligue1-2024-2025-02-02-reims-v-nantes,2025-02-02,2024,Reims,Nantes,1,2,0,0.625,0.0,467.30789973273426,8,7,999,0,1.0,0,999,0,1.0,0,0,0,1468.8954189982553,1410.3360196145015,58.55939938375377,0.3333333333333333,0.3333333333333333,0.3333333333333333,0,0.0,3.0,2.0,5.0,9.0,0.6,1.3018867924528301,1.2641509433962264,1.3962264150943395,1.0,1.8,1.3703703703703705,1.2307692307692308,1.1481481481481481,1.2592592592592593,1.3846153846153846,1.5384615384615385,0.20754716981132076,0.20754716981132076,-0.7018867924528301,12.289596697550415,12.37033588345685,4.1808457906541685,12.3234466889063,2.1894196983969327,-0.0807391859064324,0.0,4.0,1.0,6.0,9.0,0.8,0.9622641509433962,0.9811320754716981,1.5849056603773586,1.2,1.8,0.8461538461538461,1.0740740740740742,1.0769230769230769,1.6153846153846154,0.8888888888888888,1.5555555555555556,0.20754716981132076,0.32075471698113206,-0.1622641509433962,12.399126934901318,12.350307166820569,4.239178867422799,12.201756721470954,2.158890670394148,0.04881976808074908
ligue1-2024-2025-02-07-paris-sg-v-monaco,2025-02-07,2024,Paris SG,Monaco,4,1,2,0.5,0.0,692.8795120593559,6,6,999,0,1.0,0,999,0,1.0,0,0,0,1768.3383028978942,1620.2600232960283,148.07827960186592,0.3333333333333333,0.3333333333333333,0.3333333333333333,0,4.0,1.0,0.0,14.0,7.0,2.6,2.3333333333333335,2.5,0.9629629629629629,2.8,1.4,2.185185185185185,2.4814814814814814,2.5555555555555554,1.1111111111111112,2.4444444444444446,0.8148148148148148,0.3148148148148148,0.07407407407407407,0.2666666666666666,12.289596697550415,12.37033588345685,4.1808457906541685,12.3234466889063,2.1894196983969327,-0.0807391859064324,2.0,1.0,2.0,12.0,12.0,1.4,1.9259259259259258,1.9259259259259258,1.2222222222222223,2.4,2.4,2.0,1.8461538461538463,1.8214285714285714,1.0,2.0384615384615383,1.4615384615384615,0.3333333333333333,0.14814814814814814,-0.5259259259259259,12.399126934901318,12.350307166820569,4.239178867422799,12.201756721470954,2.158890670394148,0.04881976808074908
ligue1-2024-2025-02-07-nantes-v-brest,2025-02-07,2024,Nantes,Brest,0,2,0,0.25,0.0,254.4724542753612,5,6,999,0,1.0,0,999,0,1.0,0,0,0,1424.6072353023753,1532.3862227985862,-107.7789874962109,0.3333333333333333,0.3333333333333333,0.3333333333333333,0,1.0,4.0,0.0,7.0,6.0,1.4,1.0,1.0,1.5740740740740742,1.4,1.2,0.8461538461538461,1.1428571428571428,1.0769230769230769,1.6153846153846154,0.9285714285714286,1.5357142857142858,0.2037037037037037,0.3148148148148148,0.3999999999999999,12.289596697550415,12.37033588345685,4.1808457906541685,12.3234466889063,2.1894196983969327,-0.0807391859064324,3.0,0.0,2.0,7.0,9.0,1.8,1.6481481481481481,1.5555555555555556,1.2962962962962963,1.4,1.8,1.8518518518518519,1.4444444444444444,1.7037037037037037,1.0740740740740742,1.4074074074074074,1.5185185185185186,0.35185185185185186,0.24074074074074073,0.1518518518518519,12.399126934901318,12.350307166820569,4.239178867422799,12.201756721470954,2.158890670394148,0.04881976808074908
ligue1-2024-2025-02-08-st-etienne-v-rennes,2025-02-08,2024,St Etienne,Rennes,0,2,0,0.0,0.0,545.2588227809615,7,6,999,0,1.0,0,999,0,1.0,0,0,0,1431.0460515764942,1463.5653511535895,-32.51929957709535,0.3333333333333333,0.3333333333333333,0.3333333333333333,0,1.0,2.0,2.0,7.0,9.0,1.0,0.9,0.95,2.15,1.4,1.8,1.7777777777777777,0.18181818181818182,1.2222222222222223,1.0,0.7272727272727273,3.090909090909091,0.15,0.4,0.09999999999999998,12.289596697550415,12.37033588345685,4.1808457906541685,12.3234466889063,2.1894196983969327,-0.0807391859064324,1.0,0.0,4.0,7.0,10.0,0.6,1.2222222222222223,1.4814814814814814,1.4074074074074074,1.4,2.0,1.5714285714285714,0.8461538461538461,1.8928571428571428,1.25,1.0384615384615385,1.5769230769230769,0.24074074074074073,0.2222222222222222,-0.6222222222222223,12.399126934901318,12.350307166820569,4.239178867422799,12.201756721470954,2.158890670394148,0.04881976808074908
ligue1-2024-2025-02-08-lille-v-le-havre,2025-02-08,2024,Lille,Le Havre,1,2,0,0.75,0.0,249.04377134052066,7,6,999,0,1.0,0,999,0,1.0,0,0,0,1610.4832749728278,1353.125390830168,257.3578841426597,0.3333333333333333,0.3333333333333333,0.3333333333333333,0,2.0,2.0,1.0,8.0,5.0,1.6,1.7407407407407407,1.5740740740740742,1.0,1.6,1.0,2.1481481481481484,1.3333333333333333,2.0,0.9629629629629629,1.1481481481481481,1.037037037037037,0.4074074074074074,0.12962962962962962,-0.1407407407407406,12.289596697550415,12.37033588345685,4.1808457906541685,12.3234466889063,2.1894196983969327,-0.0807391859064324,0.0,2.0,3.0,4.0,10.0,0.4,0.8518518518518519,0.9074074074074074,1.5555555555555556,0.8,2.0,0.9629629629629629,0.7407407407407407,0.8888888888888888,1.5185185185185186,0.9259259259259259,1.5925925925925926,0.18518518518518517,0.46296296296296297,-0.45185185185185184,12.399126934901318,12.350307166820569,4.239178867422799,12.201756721470954,2.158890670394148,0.04881976808074908
ligue1-2024-2025-02-08-nice-v-lens,2025-02-08,2024,Nice,Lens,2,0,2,0.6666666666666666,0.0,820.4237860395572,6,8,999,0,1.0,0,999,0,1.0,0,0,0,1594.108510667331,1560.7311633142174,33.37734735311369,0.3333333333333333,0.3333333333333333,0.3333333333333333,0,3.0,1.0,1.0,11.0,7.0,2.0,1.6481481481481481,1.462962962962963,1.0185185185185186,2.2,1.4,2.0,1.3214285714285714,1.6923076923076923,0.7692307692307693,1.25,1.25,0.3888888888888889,0.2037037037037037,0.35185185185185186,12.289596697550415,12.37033588345685,4.1808457906541685,12.3234466889063,2.1894196983969327,-0.0807391859064324,3.0,0.0,2.0,6.0,4.0,1.8,1.5555555555555556,1.2962962962962963,1.0185185185185186,1.2,0.8,1.6666666666666667,1.4444444444444444,1.3703703703703705,1.037037037037037,1.2222222222222223,1.0,0.42592592592592593,0.2222222222222222,0.24444444444444446,12.399126934901318,12.350307166820569,4.239178867422799,12.201756721470954,2.158890670394148,0.04881976808074908
ligue1-2024-2025-02-09-lyon-v-reims,2025-02-09,2024,Lyon,Reims,4,0,2,0.5,0.0,395.0707834348555,7,7,999,0,1.0,0,999,0,1.0,0,0,0,1562.9757717702105,1454.6242033103815,108.35156845982897,0.3333333333333333,0.3333333333333333,0.3333333333333333,0,1.0,2.0,2.0,5.0,6.0,1.0,1.537037037037037,1.5,1.5,1.0,1.2,1.6153846153846154,1.4642857142857142,1.5769230769230769,1.5384615384615385,1.4285714285714286,1.4642857142857142,0.3148148148148148,0.2037037037037037,-0.537037037037037,12.289596697550415,12.37033588345685,4.1808457906541685,12.3234466889063,2.1894196983969327,-0.0807391859064324,0.0,2.0,3.0,6.0,11.0,0.4,1.2777777777777777,1.2592592592592593,1.4074074074074074,1.2,2.2,1.3214285714285714,1.2307692307692308,1.1428571428571428,1.2857142857142858,1.3846153846153846,1.5384615384615385,0.2037037037037037,0.2037037037037037,-0.8777777777777777,12.399126934901318,12.350307166820569,4.239178867422799,12.201756721470954,2.158890670394148,0.04881976808074908
ligue1-2024-2025-02-09-strasbourg-v-montpellier,2025-02-09,2024,Strasbourg,Montpellier,2,0,2,0.625,0.0,628.5157781530908,7,9,999,0,1.0,0,999,0,1.0,0,0,0,1496.0847733058263,1402.8742078678335,93.21056543799273,0.3333333333333333,0.3333333333333333,0.3333333333333333,0,3.0,1.0,1.0,8.0,5.0,2.0,1.2222222222222223,1.3148148148148149,1.5185185185185186,1.6,1.0,1.6153846153846154,0.8571428571428571,1.4615384615384615,1.2692307692307692,1.1785714285714286,1.75,0.14814814814814814,0.2222222222222222,0.7777777777777777,12.289596697550415,12.37033588345685,4.1808457906541685,12.3234466889063,2.1894196983969327,-0.0807391859064324,2.0,0.0,3.0,5.0,8.0,1.2,1.0555555555555556,1.1666666666666667,1.7407407407407407,1.0,1.6,1.0714285714285714,1.0384615384615385,1.25,1.7142857142857142,1.0769230769230769,1.7692307692307692,0.18518518518518517,0.35185185185185186,0.14444444444444438,12.399126934901318,12.350307166820569,4.239178867422799,12.201756721470954,2.158890670394148,0.04881976808074908
ligue1-2024-2025-02-09-auxerre-v-toulouse,2025-02-09,2024,Auxerre,Toulouse,2,2,1,0.5,0.0,497.2608128320571,8,7,999,0,1.0,0,999,0,1.0,0,0,0,1479.5258774922156,1498.1059979941178,-18.58012050190223,0.3333333333333333,0.3333333333333333,0.3333333333333333,0,0.0,2.0,3.0,4.0,10.0,0.4,1.15,1.35,1.65,0.8,2.0,1.9,0.4,1.5,0.8,1.2,2.5,0.25,0.3,-0.7499999999999999,12.289596697550415,12.37033588345685,4.1808457906541685,12.3234466889063,2.1894196983969327,-0.0807391859064324,1.0,2.0,2.0,4.0,5.0,1.0,1.2777777777777777,1.1666666666666667,1.2592592592592593,0.8,1.0,1.1071428571428572,1.4615384615384615,1.2142857142857142,1.3214285714285714,1.1153846153846154,1.1923076923076923,0.25925925925925924,0.2777777777777778,-0.2777777777777777,12.399126934901318,12.350307166820569,4.239178867422799,12.201756721470954,2.158890670394148,0.04881976808074908
ligue1-2024-2025-02-09-angers-v-marseille,2025-02-09,2024,Angers,Marseille,0,2,0,0.25,0.0,656.6013588083166,7,7,999,0,1.0,0,999,0,1.0,0,0,0,1477.289197223179,1603.6108369522724,-126.32163972909348,0.3333333333333333,0.3333333333333333,0.3333333333333333,0,3.0,1.0,1.0,8.0,3.0,2.0,1.15,1.1,1.45,1.6,0.6,1.1,1.2,1.4,1.9,0.8,1.0,0.2,0.3,0.8500000000000001,12.289596697550415,12.37033588345685,4.1808457906541685,12.3234466889063,2.1894196983969327,-0.0807391859064324,3.0,1.0,1.0,11.0,7.0,2.0,1.6666666666666667,1.7592592592592593,1.2222222222222223,2.2,1.4,1.9259259259259258,1.4074074074074074,1.8148148148148149,1.037037037037037,1.7037037037037037,1.4074074074074074,0.18518518518518517,0.24074074074074073,0.33333333333333326,12.399126934901318,12.350307166820569,4.239178867422799,12.201756721470954,2.158890670394148,0.04881976808074908
ligue1-2024-2025-02-14-brest-v-auxerre,2025-02-14,2024,Brest,Auxerre,2,2,1,0.3,0.0,602.6256194989534,7,5,999,0,1.0,0,999,0,1.0,0,0,0,1546.211772783019,1477.2244021124804,68.98737067053844,0.3333333333333333,0.3333333333333333,0.3333333333333333,0,4.0,0.0,1.0,9.0,7.0,2.4,1.6727272727272726,1.5636363636363637,1.2727272727272727,1.8,1.4,1.8518518518518519,1.5,1.7037037037037037,1.0740740740740742,1.4285714285714286,1.4642857142857142,0.36363636363636365,0.23636363636363636,0.7272727272727273,12.289596697550415,12.37033588345685,4.1808457906541685,12.3234466889063,2.1894196983969327,-0.0807391859064324,0.0,3.0,2.0,5.0,9.0,0.6,1.1428571428571428,1.380952380952381,1.6666666666666667,1.0,1.8,1.8181818181818181,0.4,1.5454545454545454,0.9090909090909091,1.2,2.5,0.23809523809523808,0.2857142857142857,-0.5428571428571428,12.399126934901318,12.350307166820569,4.239178867422799,12.201756721470954,2.158890670394148,0.04881976808074908
ligue1-2024-2025-02-15-toulouse-v-paris-sg,2025-02-15,2024,Toulouse,Paris SG,0,1,0,0.25,0.0,588.0392604779165,6,8,999,0,1.0,0,999,0,1.0,0,0,0,1500.407473373853,1775.0379506878921,-274.6304773140391,0.3333333333333333,0.3333333333333333,0.3333333333333333,0,0.0,3.0,2.0,5.0,7.0,0.6,1.2727272727272727,1.1818181818181819,1.2727272727272727,1.0,1.4,1.1071428571428572,1.4444444444444444,1.2142857142857142,1.3214285714285714,1.1481481481481481,1.2222222222222223,0.2545454545454545,0.2727272727272727,-0.6727272727272727,12.289596697550415,12.37033588345685,4.1808457906541685,12.3234466889063,2.1894196983969327,-0.0807391859064324,4.0,1.0,0.0,14.0,6.0,2.6,2.3454545454545452,2.5272727272727273,0.9636363636363636,2.8,1.2,2.2142857142857144,2.4814814814814814,2.607142857142857,1.1071428571428572,2.4444444444444446,0.8148148148148148,0.3090909090909091,0.07272727272727272,0.25454545454545485,12.399126934901318,12.350307166820569,4.239178867422799,12.201756721470954,2.158890670394148,0.04881976808074908
ligue1-2024-2025-02-15-marseille-v-st-etienne,2025-02-15,2024,Marseille,St Etienne,5,1,2,1.0,0.0,256.51699927372124,6,7,999,0,1.0,0,999,0,1.0,0,0,0,1616.6836127432384,1414.1911843453215,202.4924283979169,0.3333333333333333,0.3333333333333333,0.3333333333333333,0,3.0,1.0,1.0,8.0,6.0,2.0,1.690909090909091,1.7636363636363637,1.2,1.6,1.2,1.9259259259259258,1.4642857142857142,1.8148148148148149,1.037037037037037,1.7142857142857142,1.3571428571428572,0.2,0.23636363636363636,0.3090909090909091,12.289596697550415,12.37033588345685,4.1808457906541685,12.3234466889063,2.1894196983969327,-0.0807391859064324,0.0,2.0,3.0,4.0,10.0,0.4,0.8571428571428571,0.9047619047619048,2.142857142857143,0.8,2.0,1.6,0.18181818181818182,1.1,1.1,0.7272727272727273,3.090909090909091,0.14285714285714285,0.42857142857142855,-0.4571428571428571,12.399126934901318,12.350307166820569,4.239178867422799,12.201756721470954,2.158890670394148,0.04881976808074908
ligue1-2024-2025-02-15-monaco-v-nantes,2025-02-15,2024,Monaco,Nantes,7,1,2,0.8333333333333334,0.0,798.9865341619475,8,8,999,0,1.0,0,999,0,1.0,0,0,0,1613.5603755060304,1410.7816853179427,202.7786901880877,0.3333333333333333,0.3333333333333333,0.3333333333333333,0,2.0,1.0,2.0,11.0,12.0,1.4,1.8909090909090909,1.9090909090909092,1.2727272727272727,2.2,2.4,2.0,1.7777777777777777,1.8214285714285714,1.0,2.0,1.5555555555555556,0.32727272727272727,0.14545454545454545,-0.49090909090909096,12.289596697550415,12.37033588345685,4.1808457906541685,12.3234466889063,2.1894196983969327,-0.0807391859064324,1.0,3.0,1.0,6.0,7.0,1.2,0.9818181818181818,0.9818181818181818,1.5818181818181818,1.2,1.4,0.8148148148148148,1.1428571428571428,1.037037037037037,1.6296296296296295,0.9285714285714286,1.5357142857142858,0.2,0.32727272727272727,0.21818181818181814,12.399126934901318,12.350307166820569,4.239178867422799,12.201756721470954,2.158890670394148,0.04881976808074908
ligue1-2024-2025-02-16-reims-v-angers,2025-02-16,2024,Reims,Angers,0,1,0,0.5,0.0,391.46313383785196,7,7,999,0,1.0,0,999,0,1.0,0,0,0,1445.3606969939758,1464.2164214322129,-18.855724438237075,0.3333333333333333,0.3333333333333333,0.3333333333333333,0,0.0,2.0,3.0,5.0,12.0,0.4,1.2545454545454546,1.2363636363636363,1.4545454545454546,1.0,2.4,1.3214285714285714,1.1851851851851851,1.1428571428571428,1.2857142857142858,1.3333333333333333,1.6296296296296295,0.2,0.21818181818181817,-0.8545454545454546,12.289596697550415,12.37033588345685,4.1808457906541685,12.3234466889063,2.1894196983969327,-0.0807391859064324,2.0,1.0,2.0,6.0,5.0,1.4,1.0952380952380953,1.0476190476190477,1.4761904761904763,1.2,1.0,1.0,1.2,1.2727272727272727,1.9090909090909092,0.8,1.0,0.19047619047619047,0.3333333333333333,0.30476190476190457,12.399126934901318,12.350307166820569,4.239178867422799,12.201756721470954,2.158890670394148,0.04881976808074908
ligue1-2024-2025-02-16-rennes-v-lille,2025-02-16,2024,Rennes,Lille,0,2,0,0.3333333333333333,0.0,443.77856157497973,8,8,999,0,1.0,0,999,0,1.0,0,0,0,1480.4202183847622,1592.7499787039571,-112.32976031919497,0.3333333333333333,0.3333333333333333,0.3333333333333333,0,2.0,0.0,3.0,7.0,7.0,1.2,1.2545454545454546,1.490909090909091,1.3818181818181818,1.4,1.4,1.5714285714285714,0.9259259259259259,1.8928571428571428,1.25,1.0740740740740742,1.5185185185185186,0.2545454545454545,0.21818181818181817,-0.054545454545454675,12.289596697550415,12.37033588345685,4.1808457906541685,12.3234466889063,2.1894196983969327,-0.0807391859064324,2.0,1.0,2.0,8.0,6.0,1.4,1.709090909090909,1.5636363636363637,1.018181818181818,1.6,1.2,2.0714285714285716,1.3333333333333333,1.9642857142857142,1.0,1.1481481481481481,1.037037037037037,0.4,0.12727272727272726,-0.3090909090909091,12.399126934901318,12.350307166820569,4.239178867422799,12.201756721470954,2.158890670394148,0.04881976808074908
ligue1-2024-2025-02-16-montpellier-v-lyon,2025-02-16,2024,Montpellier,Lyon,1,4,0,0.25,0.0,256.753910594718,7,7,999,0,1.0,0,999,0,1.0,0,0,0,1395.8750043372027,1572.2392780866162,-176.36427374941354,0.3333333333333333,0.3333333333333333,0.3333333333333333,0,2.0,0.0,3.0,5.0,9.0,1.2,1.0363636363636364,1.1454545454545455,1.7454545454545454,1.0,1.8,1.0714285714285714,1.0,1.25,1.7142857142857142,1.037037037037037,1.7777777777777777,0.18181818181818182,0.36363636363636365,0.16363636363636358,12.289596697550415,12.37033588345685,4.1808457906541685,12.3234466889063,2.1894196983969327,-0.0807391859064324,1.0,2.0,2.0,8.0,6.0,1.0,1.5636363636363637,1.5454545454545454,1.4727272727272727,1.6,1.2,1.6666666666666667,1.4642857142857142,1.6666666666666667,1.4814814814814814,1.4285714285714286,1.4642857142857142,0.32727272727272727,0.2,-0.5636363636363637,12.399126934901318,12.350307166820569,4.239178867422799,12.201756721470954,2.158890670394148,0.04881976808074908
ligue1-2024-2025-02-16-le-havre-v-nice,2025-02-16,2024,Le Havre,Nice,1,3,0,0.4166666666666667,0.0,844.0993952448574,8,8,999,0,1.0,0,999,0,1.0,0,0,0,1370.8586870990387,1603.073469465818,-232.21478236677945,0.3333333333333333,0.3333333333333333,0.3333333333333333,0,1.0,2.0,2.0,5.0,6.0,1.0,0.8909090909090909,0.9272727272727272,1.5454545454545454,1.0,1.2,0.9629629629629629,0.8214285714285714,0.8888888888888888,1.5185185185185186,0.9642857142857143,1.5714285714285714,0.18181818181818182,0.45454545454545453,0.10909090909090913,12.289596697550415,12.37033588345685,4.1808457906541685,12.3234466889063,2.1894196983969327,-0.0807391859064324,3.0,1.0,1.0,10.0,5.0,2.0,1.6727272727272726,1.4727272727272727,1.0,2.0,1.0,2.037037037037037,1.3214285714285714,1.7037037037037037,0.7407407407407407,1.25,1.25,0.4,0.2,0.3272727272727274,12.399126934901318,12.350307166820569,4.239178867422799,12.201756721470954,2.158890670394148,0.04881976808074908
ligue1-2024-2025-02-16-lens-v-strasbourg,2025-02-16,2024,Lens,Strasbourg,0,2,0,0.5714285714285714,0.0,413.0470096073049,8,7,999,0,1.0,0,999,0,1.0,0,0,0,1551.7662045157304,1503.0839768364572,48.68222767927318,0.3333333333333333,0.3333333333333333,0.3333333333333333,0,3.0,0.0,2.0,6.0,5.0,1.8,1.5272727272727273,1.2727272727272727,1.0363636363636364,1.2,1.0,1.6666666666666667,1.3928571428571428,1.3703703703703705,1.037037037037037,1.1785714285714286,1.0357142857142858,0.41818181818181815,0.23636363636363636,0.2727272727272727,12.289596697550415,12.37033588345685,4.1808457906541685,12.3234466889063,2.1894196983969327,-0.0807391859064324,3.0,1.0,1.0,7.0,4.0,2.0,1.2545454545454546,1.3272727272727274,1.490909090909091,1.4,0.8,1.6666666666666667,0.8571428571428571,1.4814814814814814,1.2222222222222223,1.1785714285714286,1.75,0.16363636363636364,0.21818181818181817,0.7454545454545454,12.399126934901318,12.350307166820569,4.239178867422799,12.201756721470954,2.158890670394148,0.04881976808074908
ligue1-2024-2025-02-21-rennes-v-reims,2025-02-21,2024,Rennes,Reims,1,0,2,0.5,0.0,435.3536766450835,5,5,999,0,1.0,0,999,0,1.0,0,0,0,1466.7797469172183,1433.0667353345643,33.71301158265396,0.3333333333333333,0.3333333333333333,0.3333333333333333,0,2.0,0.0,3.0,6.0,7.0,1.2,1.2321428571428572,1.4642857142857142,1.3928571428571428,1.2,1.4,1.5172413793103448,0.9259259259259259,1.8275862068965518,1.2758620689655173,1.0740740740740742,1.5185185185185186,0.25,0.23214285714285715,-0.03214285714285725,12.289596697550415,12.37033588345685,4.1808457906541685,12.3234466889063,2.1894196983969327,-0.0807391859064324,0.0,2.0,3.0,3.0,9.0,0.4,1.2321428571428572,1.2142857142857142,1.4464285714285714,0.6,1.8,1.2758620689655173,1.1851851851851851,1.103448275862069,1.2758620689655173,1.3333333333333333,1.6296296296296295,0.19642857142857142,0.23214285714285715,-0.8321428571428572,12.399126934901318,12.350307166820569,4.239178867422799,12.201756721470954,2.158890670394148,0.04881976808074908
ligue1-2024-2025-02-22-lille-v-monaco,2025-02-22,2024,Lille,Monaco,2,1,2,0.75,0.0,830.8226397080704,6,7,999,0,1.0,0,999,0,1.0,0,0,0,1606.390450171501,1620.8569456373084,-14.466495465807384,0.3333333333333333,0.3333333333333333,0.3333333333333333,0,3.0,0.0,2.0,10.0,6.0,1.8,1.7321428571428572,1.5714285714285714,1.0,2.0,1.2,2.0714285714285716,1.3928571428571428,1.9642857142857142,1.0,1.1785714285714286,1.0,0.4107142857142857,0.125,0.06785714285714284,12.289596697550415,12.37033588345685,4.1808457906541685,12.3234466889063,2.1894196983969327,-0.0807391859064324,3.0,0.0,2.0,16.0,11.0,1.8,1.9107142857142858,2.0,1.2678571428571428,3.2,2.2,2.0344827586206895,1.7777777777777777,2.0,1.0,2.0,1.5555555555555556,0.32142857142857145,0.14285714285714285,-0.11071428571428577,12.399126934901318,12.350307166820569,4.239178867422799,12.201756721470954,2.158890670394148,0.04881976808074908
ligue1-2024-2025-02-22-st-etienne-v-angers,2025-02-22,2024,St Etienne,Angers,3,3,1,0.25,0.0,437.45660524003773,7,6,999,0,1.0,0,999,0,1.0,0,0,0,1408.2251998381591,1476.5103830916244,-68.28518325346522,0.3333333333333333,0.3333333333333333,0.3333333333333333,0,0.0,2.0,3.0,4.0,13.0,0.4,0.8181818181818182,0.9090909090909091,2.272727272727273,0.8,2.6,1.6,0.16666666666666666,1.1,1.1,0.75,3.25,0.13636363636363635,0.4090909090909091,-0.4181818181818182,12.289596697550415,12.37033588345685,4.1808457906541685,12.3234466889063,2.1894196983969327,-0.0807391859064324,2.0,1.0,2.0,4.0,4.0,1.4,1.1818181818181819,1.0454545454545454,1.4090909090909092,0.8,0.8,1.0,1.3636363636363635,1.2727272727272727,1.9090909090909092,0.8181818181818182,0.9090909090909091,0.22727272727272727,0.3181818181818182,0.21818181818181803,12.399126934901318,12.350307166820569,4.239178867422799,12.201756721470954,2.158890670394148,0.04881976808074908
ligue1-2024-2025-02-22-auxerre-v-marseille,2025-02-22,2024,Auxerre,Marseille,3,0,2,0.5,0.0,522.7716260939638,8,7,999,0,1.0,0,999,0,1.0,0,0,0,1481.7378255901665,1622.6495972504008,-140.9117716602343,0.3333333333333333,0.3333333333333333,0.3333333333333333,0,0.0,3.0,2.0,7.0,11.0,0.6,1.1363636363636365,1.4090909090909092,1.6818181818181819,1.4,2.2,1.8181818181818181,0.45454545454545453,1.5454545454545454,0.9090909090909091,1.2727272727272727,2.4545454545454546,0.22727272727272727,0.2727272727272727,-0.5363636363636365,12.289596697550415,12.37033588345685,4.1808457906541685,12.3234466889063,2.1894196983969327,-0.0807391859064324,3.0,1.0,1.0,11.0,6.0,2.0,1.7142857142857142,1.8214285714285714,1.1964285714285714,2.2,1.2,1.9642857142857142,1.4642857142857142,1.9285714285714286,1.0357142857142858,1.7142857142857142,1.3571428571428572,0.19642857142857142,0.23214285714285715,0.2857142857142858,12.399126934901318,12.350307166820569,4.239178867422799,12.201756721470954,2.158890670394148,0.04881976808074908
ligue1-2024-2025-02-23-lyon-v-paris-sg,2025-02-23,2024,Lyon,Paris SG,2,3,0,0.16666666666666666,0.0,398.9663802706939,7,8,999,0,1.0,0,999,0,1.0,0,0,0,1585.8129834448216,1780.3961448799434,-194.58316143512184,0.3333333333333333,0.3333333333333333,0.3333333333333333,0,2.0,2.0,1.0,11.0,5.0,1.6,1.5892857142857142,1.5892857142857142,1.4642857142857142,2.2,1.0,1.6666666666666667,1.5172413793103448,1.6666666666666667,1.4814814814814814,1.5172413793103448,1.4482758620689655,0.32142857142857145,0.19642857142857142,0.010714285714285898,12.289596697550415,12.37033588345685,4.1808457906541685,12.3234466889063,2.1894196983969327,-0.0807391859064324,4.0,1.0,0.0,13.0,5.0,2.6,2.357142857142857,2.5,0.9464285714285714,2.6,1.0,2.2142857142857144,2.5,2.607142857142857,1.1071428571428572,2.392857142857143,0.7857142857142857,0.32142857142857145,0.07142857142857142,0.24285714285714288,12.399126934901318,12.350307166820569,4.239178867422799,12.201756721470954,2.158890670394148,0.04881976808074908
ligue1-2024-2025-02-23-strasbourg-v-brest,2025-02-23,2024,Strasbourg,Brest,0,0,1,0.3333333333333333,0.0,901.5945093265977,7,9,999,0,1.0,0,999,0,1.0,0,0,0,1522.9338762776545,1541.6983493053328,-18.764473027678378,0.3333333333333333,0.3333333333333333,0.3333333333333333,0,3.0,1.0,1.0,7.0,3.0,2.0,1.2857142857142858,1.3392857142857142,1.4642857142857142,1.4,0.6,1.6666666666666667,0.9310344827586207,1.4814814814814814,1.2222222222222223,1.206896551724138,1.6896551724137931,0.17857142857142858,0.21428571428571427,0.7142857142857142,12.289596697550415,12.37033588345685,4.1808457906541685,12.3234466889063,2.1894196983969327,-0.0807391859064324,3.0,1.0,1.0,9.0,8.0,2.0,1.6607142857142858,1.5714285714285714,1.2857142857142858,1.8,1.6,1.8214285714285714,1.5,1.7142857142857142,1.1071428571428572,1.4285714285714286,1.4642857142857142,0.35714285714285715,0.23214285714285715,0.3392857142857142,12.399126934901318,12.350307166820569,4.239178867422799,12.201756721470954,2.158890670394148,0.04881976808074908
ligue1-2024-2025-02-23-le-havre-v-toulouse,2025-02-23,2024,Le Havre,Toulouse,1,4,0,0.5,0.0,665.0339281280934,7,8,999,0,1.0,0,999,0,1.0,0,0,0,1361.8526985758945,1495.0492791818017,-133.19658060590723,0.3333333333333333,0.3333333333333333,0.3333333333333333,0,1.0,2.0,2.0,5.0,7.0,1.0,0.875,0.9285714285714286,1.5714285714285714,1.0,1.4,0.9285714285714286,0.8214285714285714,0.8928571428571429,1.5714285714285714,0.9642857142857143,1.5714285714285714,0.17857142857142858,0.44642857142857145,0.125,12.289596697550415,12.37033588345685,4.1808457906541685,12.3234466889063,2.1894196983969327,-0.0807391859064324,0.0,3.0,2.0,4.0,6.0,0.6,1.25,1.1607142857142858,1.2678571428571428,0.8,1.2,1.0689655172413792,1.4444444444444444,1.1724137931034482,1.3103448275862069,1.1481481481481481,1.2222222222222223,0.25,0.2857142857142857,-0.65,12.399126934901318,12.350307166820569,4.239178867422799,12.201756721470954,2.158890670394148,0.04881976808074908
ligue1-2024-2025-02-23-nantes-v-lens,2025-02-23,2024,Nantes,Lens,3,1,2,0.16666666666666666,0.0,474.827116586979,8,7,999,0,1.0,0,999,0,1.0,0,0,0,1403.4851151866646,1531.916305074533,-128.4311898878684,0.3333333333333333,0.3333333333333333,0.3333333333333333,0,1.0,2.0,2.0,5.0,12.0,1.0,0.9642857142857143,0.9821428571428571,1.6785714285714286,1.0,2.4,0.8148148148148148,1.103448275862069,1.037037037037037,1.6296296296296295,0.9310344827586207,1.7241379310344827,0.19642857142857142,0.32142857142857145,0.0357142857142857,12.289596697550415,12.37033588345685,4.1808457906541685,12.3234466889063,2.1894196983969327,-0.0807391859064324,2.0,0.0,3.0,4.0,6.0,1.2,1.5,1.25,1.0535714285714286,0.8,1.2,1.6071428571428572,1.3928571428571428,1.3214285714285714,1.0714285714285714,1.1785714285714286,1.0357142857142858,0.4107142857142857,0.25,-0.30000000000000004,12.399126934901318,12.350307166820569,4.239178867422799,12.201756721470954,2.158890670394148,0.04881976808074908
ligue1-2024-2025-02-23-nice-v-montpellier,2025-02-23,2024,Nice,Montpellier,2,0,2,0.5,0.0,278.424351039194,7,7,999,0,1.0,0,999,0,1.0,0,0,0,1612.0794579889623,1382.3012989789972,229.77815900996507,0.3333333333333333,0.3333333333333333,0.3333333333333333,0,3.0,1.0,1.0,9.0,4.0,2.0,1.6964285714285714,1.5,1.0,1.8,0.8,2.037037037037037,1.3793103448275863,1.7037037037037037,0.7407407407407407,1.3103448275862069,1.2413793103448276,0.39285714285714285,0.19642857142857142,0.3035714285714286,12.289596697550415,12.37033588345685,4.1808457906541685,12.3234466889063,2.1894196983969327,-0.0807391859064324,2.0,0.0,3.0,5.0,10.0,1.2,1.0178571428571428,1.1428571428571428,1.7857142857142858,1.0,2.0,1.0344827586206897,1.0,1.2413793103448276,1.793103448275862,1.037037037037037,1.7777777777777777,0.17857142857142858,0.35714285714285715,0.18214285714285716,12.399126934901318,12.350307166820569,4.239178867422799,12.201756721470954,2.158890670394148,0.04881976808074908
ligue1-2024-2025-02-28-monaco-v-reims,2025-02-28,2024,Monaco,Reims,3,0,2,0.625,0.0,667.4213901042692,6,7,999,0,1.0,0,999,0,1.0,0,0,0,1613.2702393606237,1426.7359156551283,186.53432370549535,0.3333333333333333,0.3333333333333333,0.3333333333333333,0,3.0,0.0,2.0,16.0,11.0,1.8,1.8771929824561404,1.9824561403508771,1.280701754385965,3.2,2.2,2.0344827586206895,1.7142857142857142,2.0,1.0,1.9642857142857142,1.5714285714285714,0.3157894736842105,0.14035087719298245,-0.07719298245614037,12.289596697550415,12.37033588345685,4.1808457906541685,12.3234466889063,2.1894196983969327,-0.0807391859064324,0.0,1.0,4.0,2.0,9.0,0.2,1.2105263157894737,1.1929824561403508,1.4385964912280702,0.4,1.8,1.2758620689655173,1.1428571428571428,1.103448275862069,1.2758620689655173,1.2857142857142858,1.6071428571428572,0.19298245614035087,0.24561403508771928,-1.0105263157894737,12.399126934901318,12.350307166820569,4.239178867422799,12.201756721470954,2.158890670394148,0.04881976808074908
ligue1-2024-2025-03-01-paris-sg-v-lille,2025-03-01,2024,Paris SG,Lille,4,1,2,0.7857142857142857,0.0,206.76603215117404,6,7,999,0,1.0,0,999,0,1.0,0,0,0,1787.7391379067183,1613.9771564481857,173.76198145853255,0.3333333333333333,0.3333333333333333,0.3333333333333333,0,4.0,1.0,0.0,14.0,6.0,2.6,2.3684210526315788,2.508771929824561,0.9649122807017544,2.8,1.2,2.2142857142857144,2.5172413793103448,2.607142857142857,1.1071428571428572,2.413793103448276,0.8275862068965517,0.3157894736842105,0.07017543859649122,0.23157894736842133,12.289596697550415,12.37033588345685,4.1808457906541685,12.3234466889063,2.1894196983969327,-0.0807391859064324,3.0,0.0,2.0,10.0,6.0,1.8,1.7543859649122806,1.5789473684210527,1.0,2.0,1.2,2.103448275862069,1.3928571428571428,1.9655172413793103,1.0,1.1785714285714286,1.0,0.40350877192982454,0.12280701754385964,0.04561403508771944,12.399126934901318,12.350307166820569,4.239178867422799,12.201756721470954,2.158890670394148,0.04881976808074908
ligue1-2024-2025-03-01-lens-v-le-havre,2025-03-01,2024,Lens,Le Havre,3,4,0,0.6666666666666666,0.0,219.96713203595905,6,6,999,0,1.0,0,999,0,1.0,0,0,0,1516.619472965389,1346.182102896045,170.43737006934384,0.3333333333333333,0.3333333333333333,0.3333333333333333,0,2.0,0.0,3.0,4.0,7.0,1.2,1.4736842105263157,1.2456140350877194,1.087719298245614,0.8,1.4,1.6071428571428572,1.3448275862068966,1.3214285714285714,1.0714285714285714,1.1724137931034482,1.103448275862069,0.40350877192982454,0.24561403508771928,-0.27368421052631575,12.289596697550415,12.37033588345685,4.1808457906541685,12.3234466889063,2.1894196983969327,-0.0807391859064324,1.0,1.0,3.0,5.0,10.0,0.8,0.8596491228070176,0.9298245614035088,1.6140350877192982,1.0,2.0,0.896551724137931,0.8214285714285714,0.896551724137931,1.6551724137931034,0.9642857142857143,1.5714285714285714,0.17543859649122806,0.43859649122807015,-0.05964912280701751,12.399126934901318,12.350307166820569,4.239178867422799,12.201756721470954,2.158890670394148,0.04881976808074908
ligue1-2024-2025-03-01-st-etienne-v-nice,2025-03-01,2024,St Etienne,Nice,1,3,0,0.0,0.0,300.12066753454985,7,6,999,0,1.0,0,999,0,1.0,0,0,0,1407.31490098935,1615.764748396271,-208.44984740692098,0.3333333333333333,0.3333333333333333,0.3333333333333333,0,0.0,2.0,3.0,6.0,15.0,0.4,0.8260869565217391,1.0,2.3043478260869565,1.2,3.0,1.5454545454545454,0.16666666666666666,1.2727272727272727,1.2727272727272727,0.75,3.25,0.13043478260869565,0.391304347826087,-0.4260869565217391,12.289596697550415,12.37033588345685,4.1808457906541685,12.3234466889063,2.1894196983969327,-0.0807391859064324,4.0,1.0,0.0,10.0,2.0,2.6,1.719298245614035,1.5087719298245614,0.9824561403508771,2.0,0.4,2.0714285714285716,1.3793103448275863,1.7142857142857142,0.7142857142857143,1.3103448275862069,1.2413793103448276,0.40350877192982454,0.19298245614035087,0.880701754385965,12.399126934901318,12.350307166820569,4.239178867422799,12.201756721470954,2.158890670394148,0.04881976808074908
ligue1-2024-2025-03-02-lyon-v-brest,2025-03-02,2024,Lyon,Brest,2,1,2,0.5833333333333334,0.0,773.3172145406065,7,7,999,0,1.0,0,999,0,1.0,0,0,0,1578.4699904180468,1543.9947990320986,34.475191385948165,0.3333333333333333,0.3333333333333333,0.3333333333333333,0,2.0,1.0,2.0,13.0,8.0,1.4,1.5614035087719298,1.5964912280701755,1.4912280701754386,2.6,1.6,1.6071428571428572,1.5172413793103448,1.6785714285714286,1.5357142857142858,1.5172413793103448,1.4482758620689655,0.3157894736842105,0.19298245614035087,-0.16140350877192988,12.289596697550415,12.37033588345685,4.1808457906541685,12.3234466889063,2.1894196983969327,-0.0807391859064324,2.0,2.0,1.0,7.0,7.0,1.6,1.6491228070175439,1.543859649122807,1.263157894736842,1.4,1.4,1.8214285714285714,1.4827586206896552,1.7142857142857142,1.1071428571428572,1.3793103448275863,1.4137931034482758,0.3684210526315789,0.24561403508771928,-0.04912280701754379,12.399126934901318,12.350307166820569,4.239178867422799,12.201756721470954,2.158890670394148,0.04881976808074908
ligue1-2024-2025-03-02-angers-v-toulouse,2025-03-02,2024,Angers,Toulouse,0,4,0,0.625,0.0,457.5144189951031,8,7,999,0,1.0,0,999,0,1.0,0,0,0,1477.4206819404335,1510.719874861651,-33.29919292121758,0.3333333333333333,0.3333333333333333,0.3333333333333333,0,1.0,2.0,2.0,5.0,7.0,1.0,1.173913043478261,1.1304347826086956,1.4782608695652173,1.0,1.4,1.0,1.3333333333333333,1.2727272727272727,1.9090909090909092,1.0,1.0833333333333333,0.21739130434782608,0.30434782608695654,-0.17391304347826098,12.289596697550415,12.37033588345685,4.1808457906541685,12.3234466889063,2.1894196983969327,-0.0807391859064324,1.0,2.0,2.0,8.0,7.0,1.0,1.280701754385965,1.2105263157894737,1.263157894736842,1.6,1.4,1.0689655172413792,1.5,1.1724137931034482,1.3103448275862069,1.25,1.2142857142857142,0.24561403508771928,0.2807017543859649,-0.2807017543859649,12.399126934901318,12.350307166820569,4.239178867422799,12.201756721470954,2.158890670394148,0.04881976808074908
ligue1-2024-2025-03-02-montpellier-v-rennes,2025-03-02,2024,Montpellier,Rennes,0,4,0,0.125,0.0,653.737336719376,7,9,999,0,1.0,0,999,0,1.0,0,0,0,1378.6160085716886,1473.1105665966543,-94.49455802496573,0.3333333333333333,0.3333333333333333,0.3333333333333333,0,1.0,0.0,4.0,3.0,11.0,0.6,1.0,1.1228070175438596,1.7894736842105263,0.6,2.2,1.0344827586206897,0.9642857142857143,1.2413793103448276,1.793103448275862,1.0,1.7857142857142858,0.17543859649122806,0.3684210526315789,-0.4,12.289596697550415,12.37033588345685,4.1808457906541685,12.3234466889063,2.1894196983969327,-0.0807391859064324,3.0,0.0,2.0,6.0,5.0,1.8,1.263157894736842,1.456140350877193,1.368421052631579,1.2,1.0,1.5666666666666667,0.9259259259259259,1.8,1.2333333333333334,1.0740740740740742,1.5185185185185186,0.2631578947368421,0.22807017543859648,0.536842105263158,12.399126934901318,12.350307166820569,4.239178867422799,12.201756721470954,2.158890670394148,0.04881976808074908
ligue1-2024-2025-03-02-auxerre-v-strasbourg,2025-03-02,2024,Auxerre,Strasbourg,0,1,0,0.125,0.0,320.7466828446168,8,7,999,0,1.0,0,999,0,1.0,0,0,0,1501.088510139691,1520.6374265508887,-19.54891641119775,0.3333333333333333,0.3333333333333333,0.3333333333333333,0,1.0,3.0,1.0,10.0,9.0,1.2,1.2173913043478262,1.4782608695652173,1.608695652173913,2.0,1.8,1.9166666666666667,0.45454545454545453,1.6666666666666667,0.8333333333333334,1.2727272727272727,2.4545454545454546,0.2608695652173913,0.2608695652173913,-0.01739130434782621,12.289596697550415,12.37033588345685,4.1808457906541685,12.3234466889063,2.1894196983969327,-0.0807391859064324,3.0,1.0,1.0,6.0,2.0,2.0,1.280701754385965,1.3157894736842106,1.4385964912280702,1.2,0.4,1.6428571428571428,0.9310344827586207,1.4285714285714286,1.1785714285714286,1.206896551724138,1.6896551724137931,0.19298245614035087,0.22807017543859648,0.7192982456140351,12.399126934901318,12.350307166820569,4.239178867422799,12.201756721470954,2.158890670394148,0.04881976808074908
ligue1-2024-2025-03-02-marseille-v-nantes,2025-03-02,2024,Marseille,Nantes,2,0,2,0.5833333333333334,0.0,699.4985464471042,8,7,999,0,1.0,0,999,0,1.0,0,0,0,1603.2989127008764,1418.7819472958088,184.5169654050676,0.3333333333333333,0.3333333333333333,0.3333333333333333,0,3.0,0.0,2.0,10.0,8.0,1.8,1.6842105263157894,1.7894736842105263,1.2280701754385965,2.0,1.6,1.9642857142857142,1.4137931034482758,1.9285714285714286,1.0357142857142858,1.6551724137931034,1.4137931034482758,0.19298245614035087,0.24561403508771928,0.11578947368421066,12.289596697550415,12.37033588345685,4.1808457906541685,12.3234466889063,2.1894196983969327,-0.0807391859064324,2.0,1.0,2.0,7.0,12.0,1.4,1.0,1.0175438596491229,1.6666666666666667,1.4,2.4,0.8928571428571429,1.103448275862069,1.1071428571428572,1.6071428571428572,0.9310344827586207,1.7241379310344827,0.19298245614035087,0.3157894736842105,0.3999999999999999,12.399126934901318,12.350307166820569,4.239178867422799,12.201756721470954,2.158890670394148,0.04881976808074908
ligue1-2024-2025-03-07-toulouse-v-monaco,2025-03-07,2024,Toulouse,Monaco,1,1,1,0.3333333333333333,0.0,481.3364476327756,5,7,999,0,1.0,0,999,0,1.0,0,0,0,1534.5129957327438,1618.85391361626,-84.34091788351611,0.3333333333333333,0.3333333333333333,0.3333333333333333,0,2.0,2.0,1.0,11.0,5.0,1.6,1.3103448275862069,1.2586206896551724,1.2413793103448276,2.2,1.0,1.0689655172413792,1.5517241379310345,1.1724137931034482,1.3103448275862069,1.3448275862068966,1.1724137931034482,0.25862068965517243,0.27586206896551724,0.28965517241379324,12.289596697550415,12.37033588345685,4.1808457906541685,12.3234466889063,2.1894196983969327,-0.0807391859064324,3.0,0.0,2.0,16.0,9.0,1.8,1.896551724137931,2.0,1.2586206896551724,3.2,1.8,2.066666666666667,1.7142857142857142,2.033333333333333,0.9666666666666667,1.9642857142857142,1.5714285714285714,0.3275862068965517,0.13793103448275862,-0.096551724137931,12.399126934901318,12.350307166820569,4.239178867422799,12.201756721470954,2.158890670394148,0.04881976808074908
ligue1-2024-2025-03-08-marseille-v-lens,2025-03-08,2024,Marseille,Lens,0,1,0,0.5,0.0,820.3051102875671,6,7,999,0,1.0,0,999,0,1.0,0,0,0,1607.9025483224655,1500.1017065190542,107.80084180341123,0.3333333333333333,0.3333333333333333,0.3333333333333333,0,4.0,0.0,1.0,12.0,6.0,2.4,1.706896551724138,1.793103448275862,1.206896551724138,2.4,1.2,2.0,1.4137931034482758,1.9310344827586208,1.0,1.6551724137931034,1.4137931034482758,0.20689655172413793,0.2413793103448276,0.693103448275862,12.289596697550415,12.37033588345685,4.1808457906541685,12.3234466889063,2.1894196983969327,-0.0807391859064324,1.0,0.0,4.0,6.0,11.0,0.6,1.4482758620689655,1.2758620689655173,1.1379310344827587,1.2,2.2,1.5517241379310345,1.3448275862068966,1.3793103448275863,1.1724137931034482,1.1724137931034482,1.103448275862069,0.39655172413793105,0.2413793103448276,-0.8482758620689655,12.399126934901318,12.350307166820569,4.239178867422799,12.201756721470954,2.158890670394148,0.04881976808074908
ligue1-2024-2025-03-08-lille-v-montpellier,2025-03-08,2024,Lille,Montpellier,1,0,2,0.75,0.0,779.9283636877819,7,6,999,0,1.0,0,999,0,1.0,0,0,0,1608.0404887543668,1358.2991163789022,249.7413723754646,0.3333333333333333,0.3333333333333333,0.3333333333333333,0,3.0,0.0,2.0,10.0,8.0,1.8,1.7241379310344827,1.5689655172413792,1.0517241379310345,2.0,1.6,2.103448275862069,1.3448275862068966,1.9655172413793103,1.0,1.1724137931034482,1.103448275862069,0.39655172413793105,0.1206896551724138,0.07586206896551739,12.289596697550415,12.37033588345685,4.1808457906541685,12.3234466889063,2.1894196983969327,-0.0807391859064324,0.0,0.0,5.0,1.0,14.0,0.0,0.9827586206896551,1.103448275862069,1.8275862068965518,0.2,2.8,1.0,0.9642857142857143,1.2,1.8666666666666667,1.0,1.7857142857142858,0.1724137931034483,0.3793103448275862,-0.9827586206896551,12.399126934901318,12.350307166820569,4.239178867422799,12.201756721470954,2.158890670394148,0.04881976808074908
ligue1-2024-2025-03-08-rennes-v-paris-sg,2025-03-08,2024,Rennes,Paris SG,1,4,0,0.2857142857142857,0.0,298.53722794303593,6,7,999,0,1.0,0,999,0,1.0,0,0,0,1493.4274587894406,1793.6758056005372,-300.24834681109655,0.3333333333333333,0.3333333333333333,0.3333333333333333,0,4.0,0.0,1.0,8.0,2.0,2.4,1.293103448275862,1.5,1.3448275862068966,1.6,0.4,1.5666666666666667,1.0,1.8,1.2333333333333334,1.1785714285714286,1.4642857142857142,0.27586206896551724,0.22413793103448276,1.1068965517241378,12.289596697550415,12.37033588345685,4.1808457906541685,12.3234466889063,2.1894196983969327,-0.0807391859064324,5.0,0.0,0.0,17.0,6.0,3.0,2.3793103448275863,2.5344827586206895,0.9655172413793104,3.4,1.2,2.2413793103448274,2.5172413793103448,2.6551724137931036,1.103448275862069,2.413793103448276,0.8275862068965517,0.3103448275862069,0.06896551724137931,0.6206896551724137,12.399126934901318,12.350307166820569,4.239178867422799,12.201756721470954,2.158890670394148,0.04881976808074908
ligue1-2024-2025-03-09-nice-v-lyon,2025-03-09,2024,Nice,Lyon,0,2,0,0.25,0.0,291.8624197335015,8,7,999,0,1.0,0,999,0,1.0,0,0,0,1625.6304989102136,1584.781841490992,40.84865741922158,0.3333333333333333,0.3333333333333333,0.3333333333333333,0,4.0,1.0,0.0,11.0,3.0,2.6,1.7413793103448276,1.5344827586206897,0.9827586206896551,2.2,0.6,2.0714285714285716,1.4333333333333333,1.7142857142857142,0.7142857142857143,1.3666666666666667,1.2333333333333334,0.39655172413793105,0.1896551724137931,0.8586206896551725,12.289596697550415,12.37033588345685,4.1808457906541685,12.3234466889063,2.1894196983969327,-0.0807391859064324,3.0,0.0,2.0,14.0,8.0,1.8,1.5862068965517242,1.603448275862069,1.4827586206896552,2.8,1.6,1.6551724137931034,1.5172413793103448,1.6896551724137931,1.5172413793103448,1.5172413793103448,1.4482758620689655,0.3103448275862069,0.1896551724137931,0.21379310344827585,12.399126934901318,12.350307166820569,4.239178867422799,12.201756721470954,2.158890670394148,0.04881976808074908
ligue1-2024-2025-03-09-brest-v-angers,2025-03-09,2024,Brest,Angers,2,0,2,0.625,0.0,312.2985985315176,7,7,999,0,1.0,0,999,0,1.0,0,0,0,1537.6829479591534,1453.6275610693408,84.05538688981255,0.3333333333333333,0.3333333333333333,0.3333333333333333,0,1.0,2.0,2.0,7.0,9.0,1.0,1.6206896551724137,1.5344827586206897,1.2758620689655173,1.4,1.8,1.8214285714285714,1.4333333333333333,1.7142857142857142,1.1071428571428572,1.3666666666666667,1.4333333333333333,0.3620689655172414,0.2413793103448276,-0.6206896551724137,12.289596697550415,12.37033588345685,4.1808457906541685,12.3234466889063,2.1894196983969327,-0.0807391859064324,1.0,2.0,2.0,5.0,10.0,1.0,1.125,1.0833333333333333,1.5833333333333333,1.0,2.0,0.9166666666666666,1.3333333333333333,1.1666666666666667,2.0833333333333335,1.0,1.0833333333333333,0.20833333333333334,0.3333333333333333,-0.125,12.399126934901318,12.350307166820569,4.239178867422799,12.201756721470954,2.158890670394148,0.04881976808074908
ligue1-2024-2025-03-09-reims-v-auxerre,2025-03-09,2024,Reims,Auxerre,0,2,0,0.0,0.0,166.02501199614719,9,7,999,0,1.0,0,999,0,1.0,0,0,0,1421.1522413994921,1488.8134588702521,-67.66121747076,0.3333333333333333,0.3333333333333333,0.3333333333333333,0,0.0,0.0,5.0,1.0,11.0,0.0,1.1896551724137931,1.1724137931034482,1.4655172413793103,0.2,2.2,1.2758620689655173,1.103448275862069,1.103448275862069,1.2758620689655173,1.2413793103448276,1.6551724137931034,0.1896551724137931,0.25862068965517243,-1.1896551724137931,12.289596697550415,12.37033588345685,4.1808457906541685,12.3234466889063,2.1894196983969327,-0.0807391859064324,1.0,2.0,2.0,9.0,9.0,1.0,1.1666666666666667,1.4166666666666667,1.5833333333333333,1.8,1.8,1.7692307692307692,0.45454545454545453,1.5384615384615385,0.8461538461538461,1.2727272727272727,2.4545454545454546,0.25,0.2916666666666667,-0.16666666666666674,12.399126934901318,12.350307166820569,4.239178867422799,12.201756721470954,2.158890670394148,0.04881976808074908
ligue1-2024-2025-03-09-nantes-v-strasbourg,2025-03-09,2024,Nantes,Strasbourg,0,1,0,0.16666666666666666,0.0,706.2569780971394,7,7,999,0,1.0,0,999,0,1.0,0,0,0,1414.1783116742197,1532.9124778203275,-118.73416614610778,0.3333333333333333,0.3333333333333333,0.3333333333333333,0,2.0,0.0,3.0,6.0,13.0,1.2,0.9827586206896551,1.0,1.6724137931034482,1.2,2.6,0.8928571428571429,1.0666666666666667,1.1071428571428572,1.6071428571428572,0.9,1.7333333333333334,0.1896551724137931,0.3275862068965517,0.21724137931034482,12.289596697550415,12.37033588345685,4.1808457906541685,12.3234466889063,2.1894196983969327,-0.0807391859064324,3.0,1.0,1.0,5.0,1.0,2.0,1.3103448275862069,1.3103448275862069,1.4137931034482758,1.0,0.2,1.6428571428571428,1.0,1.4285714285714286,1.1785714285714286,1.2,1.6333333333333333,0.20689655172413793,0.22413793103448276,0.6896551724137931,12.399126934901318,12.350307166820569,4.239178867422799,12.201756721470954,2.158890670394148,0.04881976808074908
ligue1-2024-2025-03-09-le-havre-v-st-etienne,2025-03-09,2024,Le Havre,St Etienne,1,1,1,0.75,0.0,551.8113342529326,8,8,999,0,1.0,0,999,0,1.0,0,0,0,1362.6998693423798,1397.4491504754074,-34.74928113302758,0.3333333333333333,0.3333333333333333,0.3333333333333333,0,2.0,1.0,2.0,9.0,12.0,1.4,0.896551724137931,0.9827586206896551,1.6379310344827587,1.8,2.4,0.896551724137931,0.896551724137931,0.896551724137931,1.6551724137931034,1.0689655172413792,1.6206896551724137,0.1724137931034483,0.43103448275862066,0.5034482758620689,12.289596697550415,12.37033588345685,4.1808457906541685,12.3234466889063,2.1894196983969327,-0.0807391859064324,0.0,1.0,4.0,6.0,17.0,0.2,0.7916666666666666,1.0,2.3333333333333335,1.2,3.4,1.4166666666666667,0.16666666666666666,1.25,1.4166666666666667,0.75,3.25,0.125,0.375,-0.5916666666666666,12.399126934901318,12.350307166820569,4.239178867422799,12.201756721470954,2.158890670394148,0.04881976808074908
ligue1-2024-2025-03-14-nice-v-auxerre,2025-03-14,2024,Nice,Auxerre,1,1,1,0.3,0.0,537.2523581843685,5,5,999,0,1.0,0,999,0,1.0,0,0,0,1606.0499249017057,1504.2681349820323,101.78178991967343,0.3333333333333333,0.3333333333333333,0.3333333333333333,0,4.0,0.0,1.0,10.0,4.0,2.4,1.7118644067796611,1.5084745762711864,1.0,2.0,0.8,2.0,1.4333333333333333,1.6551724137931034,0.7586206896551724,1.3666666666666667,1.2333333333333334,0.3898305084745763,0.2033898305084746,0.6881355932203388,12.289596697550415,12.37033588345685,4.1808457906541685,12.3234466889063,2.1894196983969327,-0.0807391859064324,2.0,2.0,1.0,9.0,5.0,1.6,1.24,1.44,1.52,1.8,1.0,1.7692307692307692,0.6666666666666666,1.5384615384615385,0.8461538461538461,1.3333333333333333,2.25,0.28,0.28,0.3600000000000001,12.399126934901318,12.350307166820569,4.239178867422799,12.201756721470954,2.158890670394148,0.04881976808074908
ligue1-2024-2025-03-15-lens-v-rennes,2025-03-15,2024,Lens,Rennes,1,0,2,0.6666666666666666,0.0,413.9592539188141,7,7,999,0,1.0,0,999,0,1.0,0,0,0,1515.4586605804966,1485.1138843048398,30.34477627565684,0.3333333333333333,0.3333333333333333,0.3333333333333333,0,1.0,0.0,4.0,5.0,11.0,0.6,1.4745762711864407,1.271186440677966,1.11864406779661,1.0,2.2,1.5517241379310345,1.4,1.3793103448275863,1.1724137931034482,1.1666666666666667,1.0666666666666667,0.4067796610169492,0.23728813559322035,-0.8745762711864408,12.289596697550415,12.37033588345685,4.1808457906541685,12.3234466889063,2.1894196983969327,-0.0807391859064324,3.0,0.0,2.0,8.0,6.0,1.8,1.271186440677966,1.4915254237288136,1.3898305084745763,1.6,1.2,1.5161290322580645,1.0,1.7741935483870968,1.3225806451612903,1.1785714285714286,1.4642857142857142,0.2711864406779661,0.22033898305084745,0.528813559322034,12.399126934901318,12.350307166820569,4.239178867422799,12.201756721470954,2.158890670394148,0.04881976808074908
ligue1-2024-2025-03-15-nantes-v-lille,2025-03-15,2024,Nantes,Lille,1,0,2,0.25,0.0,504.6575730247583,6,7,999,0,1.0,0,999,0,1.0,0,0,0,1404.717002340074,1610.3968158001935,-205.67981346011948,0.3333333333333333,0.3333333333333333,0.3333333333333333,0,1.0,0.0,4.0,4.0,13.0,0.6,0.9661016949152542,0.9830508474576272,1.6610169491525424,0.8,2.6,0.8620689655172413,1.0666666666666667,1.0689655172413792,1.5862068965517242,0.9,1.7333333333333334,0.1864406779661017,0.3389830508474576,-0.36610169491525424,12.289596697550415,12.37033588345685,4.1808457906541685,12.3234466889063,2.1894196983969327,-0.0807391859064324,3.0,0.0,2.0,7.0,7.0,1.8,1.7457627118644068,1.5593220338983051,1.0338983050847457,1.4,1.4,2.1333333333333333,1.3448275862068966,1.9333333333333333,0.9666666666666667,1.1724137931034482,1.103448275862069,0.4067796610169492,0.11864406779661017,0.05423728813559325,12.399126934901318,12.350307166820569,4.239178867422799,12.201756721470954,2.158890670394148,0.04881976808074908
ligue1-2024-2025-03-15-angers-v-monaco,2025-03-15,2024,Angers,Monaco,0,2,0,0.375,0.0,744.0217591552394,6,8,999,0,1.0,0,999,0,1.0,0,0,0,1446.347090868123,1619.3043132980913,-172.9572224299684,0.3333333333333333,0.3333333333333333,0.3333333333333333,0,1.0,1.0,3.0,4.0,11.0,0.8,1.08,1.04,1.6,0.8,2.2,0.9166666666666666,1.2307692307692308,1.1666666666666667,2.0833333333333335,0.9230769230769231,1.1538461538461537,0.2,0.36,-0.28,12.289596697550415,12.37033588345685,4.1808457906541685,12.3234466889063,2.1894196983969327,-0.0807391859064324,2.0,1.0,2.0,13.0,8.0,1.4,1.88135593220339,1.9830508474576272,1.2542372881355932,2.6,1.6,2.066666666666667,1.6896551724137931,2.033333333333333,0.9666666666666667,1.9310344827586208,1.5517241379310345,0.3220338983050847,0.13559322033898305,-0.48135593220339,12.399126934901318,12.350307166820569,4.239178867422799,12.201756721470954,2.158890670394148,0.04881976808074908
ligue1-2024-2025-03-16-strasbourg-v-toulouse,2025-03-16,2024,Strasbourg,Toulouse,2,1,2,0.5833333333333334,0.0,737.0780289455665,7,9,999,0,1.0,0,999,0,1.0,0,0,0,1542.3737871544731,1534.0625960509124,8.311191103560759,0.3333333333333333,0.3333333333333333,0.3333333333333333,0,4.0,1.0,0.0,6.0,0.0,2.6,1.3389830508474576,1.305084745762712,1.3898305084745763,1.2,0.0,1.6428571428571428,1.064516129032258,1.4285714285714286,1.1785714285714286,1.1935483870967742,1.5806451612903225,0.22033898305084745,0.22033898305084745,1.2610169491525425,12.289596697550415,12.37033588345685,4.1808457906541685,12.3234466889063,2.1894196983969327,-0.0807391859064324,2.0,2.0,1.0,11.0,5.0,1.6,1.305084745762712,1.2542372881355932,1.2372881355932204,2.2,1.0,1.0666666666666667,1.5517241379310345,1.1666666666666667,1.3,1.3448275862068966,1.1724137931034482,0.2542372881355932,0.2711864406779661,0.29491525423728815,12.399126934901318,12.350307166820569,4.239178867422799,12.201756721470954,2.158890670394148,0.04881976808074908
ligue1-2024-2025-03-16-paris-sg-v-marseille,2025-03-16,2024,Paris SG,Marseille,3,1,2,0.8571428571428571,0.0,665.2028643500363,8,8,999,0,1.0,0,999,0,1.0,0,0,0,1801.989380085138,1592.545594261023,209.4437858241149,0.3333333333333333,0.3333333333333333,0.3333333333333333,0,5.0,0.0,0.0,16.0,5.0,3.0,2.389830508474576,2.559322033898305,0.9661016949152542,3.2,1.0,2.2413793103448274,2.533333333333333,2.6551724137931036,1.103448275862069,2.466666666666667,0.8333333333333334,0.3050847457627119,0.06779661016949153,0.6101694915254239,12.289596697550415,12.37033588345685,4.1808457906541685,12.3234466889063,2.1894196983969327,-0.0807391859064324,3.0,0.0,2.0,9.0,5.0,1.8,1.6779661016949152,1.7627118644067796,1.2033898305084745,1.8,1.0,1.9333333333333333,1.4137931034482758,1.8666666666666667,1.0,1.6551724137931034,1.4137931034482758,0.2033898305084746,0.2542372881355932,0.12203389830508482,12.399126934901318,12.350307166820569,4.239178867422799,12.201756721470954,2.158890670394148,0.04881976808074908
ligue1-2024-2025-03-16-lyon-v-le-havre,2025-03-16,2024,Lyon,Le Havre,4,2,2,0.6428571428571429,0.0,552.2473546806608,7,7,999,0,1.0,0,999,0,1.0,0,0,0,1604.3624154995,1360.8435761893118,243.51883931018824,0.3333333333333333,0.3333333333333333,0.3333333333333333,0,4.0,0.0,1.0,14.0,5.0,2.4,1.6101694915254237,1.6101694915254237,1.4576271186440677,2.8,1.0,1.6551724137931034,1.5666666666666667,1.6896551724137931,1.5172413793103448,1.5333333333333334,1.4,0.3220338983050847,0.1864406779661017,0.7898305084745763,12.289596697550415,12.37033588345685,4.1808457906541685,12.3234466889063,2.1894196983969327,-0.0807391859064324,2.0,1.0,2.0,9.0,12.0,1.4,0.8983050847457628,0.9830508474576272,1.6271186440677967,1.8,2.4,0.9,0.896551724137931,0.9,1.6333333333333333,1.0689655172413792,1.6206896551724137,0.1694915254237288,0.423728813559322,0.5016949152542372,12.399126934901318,12.350307166820569,4.239178867422799,12.201756721470954,2.158890670394148,0.04881976808074908
ligue1-2024-2025-03-16-montpellier-v-st-etienne,2025-03-16,2024,Montpellier,St Etienne,0,2,0,0.0,0.0,210.6178616183815,8,7,999,0,1.0,0,999,0,1.0,0,0,0,1355.9427893330758,1399.3054436284754,-43.36265429539958,0.3333333333333333,0.3333333333333333,0.3333333333333333,0,0.0,0.0,5.0,1.0,13.0,0.0,0.9661016949152542,1.0847457627118644,1.8135593220338984,0.2,2.6,1.0,0.9310344827586207,1.2,1.8666666666666667,0.9655172413793104,1.7586206896551724,0.1694915254237288,0.3898305084745763,-0.9661016949152542,12.289596697550415,12.37033588345685,4.1808457906541685,12.3234466889063,2.1894196983969327,-0.0807391859064324,0.0,2.0,3.0,6.0,14.0,0.4,0.8,1.0,2.28,1.2,2.8,1.4166666666666667,0.23076923076923078,1.25,1.4166666666666667,0.7692307692307693,3.076923076923077,0.12,0.36,-0.4,12.399126934901318,12.350307166820569,4.239178867422799,12.201756721470954,2.158890670394148,0.04881976808074908
ligue1-2024-2025-03-16-brest-v-reims,2025-03-16,2024,Brest,Reims,0,0,1,0.75,0.0,630.2473601689082,7,7,999,0,1.0,0,999,0,1.0,0,0,0,1544.9634181603712,1405.697565287712,139.26585287265925,0.3333333333333333,0.3333333333333333,0.3333333333333333,0,2.0,2.0,1.0,7.0,4.0,1.6,1.6440677966101696,1.5423728813559323,1.2542372881355932,1.4,0.8,1.8620689655172413,1.4333333333333333,1.7241379310344827,1.0689655172413792,1.3666666666666667,1.4333333333333333,0.3728813559322034,0.23728813559322035,-0.04406779661016946,12.289596697550415,12.37033588345685,4.1808457906541685,12.3234466889063,2.1894196983969327,-0.0807391859064324,0.0,0.0,5.0,0.0,11.0,0.0,1.1694915254237288,1.152542372881356,1.4745762711864407,0.0,2.2,1.2333333333333334,1.103448275862069,1.0666666666666667,1.3,1.2413793103448276,1.6551724137931034,0.1864406779661017,0.2711864406779661,-1.1694915254237288,12.399126934901318,12.350307166820569,4.239178867422799,12.201756721470954,2.158890670394148,0.04881976808074908
ligue1-2024-2025-03-28-strasbourg-v-lyon,2025-03-28,2024,Strasbourg,Lyon,4,2,2,0.5,0.0,374.78151610700206,12,12,999,0,1.0,0,999,0,1.0,0,0,0,1549.3535526183528,1607.801516139999,-58.447963521646216,0.3333333333333333,0.3333333333333333,0.3333333333333333,0,4.0,1.0,0.0,6.0,1.0,2.6,1.3666666666666667,1.3166666666666667,1.3833333333333333,1.2,0.2,1.6896551724137931,1.064516129032258,1.4482758620689655,1.1724137931034482,1.1935483870967742,1.5806451612903225,0.21666666666666667,0.21666666666666667,1.2333333333333334,12.289596697550415,12.37033588345685,4.1808457906541685,12.3234466889063,2.1894196983969327,-0.0807391859064324,4.0,0.0,1.0,14.0,7.0,2.4,1.6333333333333333,1.65,1.4666666666666666,2.8,1.4,1.7,1.5666666666666667,1.7666666666666666,1.5333333333333334,1.5333333333333334,1.4,0.31666666666666665,0.18333333333333332,0.7666666666666666,12.399126934901318,12.350307166820569,4.239178867422799,12.201756721470954,2.158890670394148,0.04881976808074908
ligue1-2024-2025-03-29-reims-v-marseille,2025-03-29,2024,Reims,Marseille,3,1,2,0.625,0.0,674.4098471386122,13,13,999,0,1.0,0,999,0,1.0,0,0,0,1411.6687859738483,1588.468629125999,-176.79984315215074,0.3333333333333333,0.3333333333333333,0.3333333333333333,0,0.0,1.0,4.0,0.0,7.0,0.2,1.1666666666666667,1.1333333333333333,1.45,0.0,1.4,1.2333333333333334,1.1,1.0666666666666667,1.3,1.2,1.6,0.2,0.2833333333333333,-0.9666666666666668,12.289596697550415,12.37033588345685,4.1808457906541685,12.3234466889063,2.1894196983969327,-0.0807391859064324,2.0,0.0,3.0,8.0,8.0,1.2,1.65,1.75,1.2333333333333334,1.6,1.6,1.9333333333333333,1.3666666666666667,1.8666666666666667,1.0,1.6333333333333333,1.4666666666666666,0.2,0.25,-0.44999999999999996,12.399126934901318,12.350307166820569,4.239178867422799,12.201756721470954,2.158890670394148,0.04881976808074908
ligue1-2024-2025-03-29-st-etienne-v-paris-sg,2025-03-29,2024,St Etienne,Paris SG,1,6,0,0.0,0.0,409.0646513580453,13,13,999,0,1.0,0,999,0,1.0,0,0,0,1415.7327585743792,1806.066345220162,-390.3335866457828,0.3333333333333333,0.3333333333333333,0.3333333333333333,0,1.0,2.0,2.0,8.0,12.0,1.0,0.8846153846153846,1.0384615384615385,2.1923076923076925,1.6,2.4,1.4166666666666667,0.42857142857142855,1.25,1.4166666666666667,0.8571428571428571,2.857142857142857,0.15384615384615385,0.34615384615384615,0.11538461538461542,12.289596697550415,12.37033588345685,4.1808457906541685,12.3234466889063,2.1894196983969327,-0.0807391859064324,5.0,0.0,0.0,15.0,5.0,3.0,2.4,2.566666666666667,0.9666666666666667,3.0,1.0,2.2666666666666666,2.533333333333333,2.6666666666666665,1.1,2.466666666666667,0.8333333333333334,0.3,0.06666666666666667,0.6000000000000001,12.399126934901318,12.350307166820569,4.239178867422799,12.201756721470954,2.158890670394148,0.04881976808074908
ligue1-2024-2025-03-29-monaco-v-nice,2025-03-29,2024,Monaco,Nice,2,1,2,0.5,0.0,12.293477051345318,14,15,999,0,1.0,0,999,0,1.0,0,0,0,1630.5196662173805,1600.8176423717293,29.702023845651183,0.3333333333333333,0.3333333333333333,0.3333333333333333,0,3.0,1.0,1.0,14.0,4.0,2.0,1.9,1.9833333333333334,1.2333333333333334,2.8,0.8,2.066666666666667,1.7333333333333334,2.033333333333333,0.9666666666666667,1.9333333333333333,1.5,0.3333333333333333,0.13333333333333333,0.10000000000000009,12.289596697550415,12.37033588345685,4.1808457906541685,12.3234466889063,2.1894196983969327,-0.0807391859064324,3.0,1.0,1.0,9.0,5.0,2.0,1.7,1.5,1.0,1.8,1.0,1.9666666666666666,1.4333333333333333,1.6333333333333333,0.7666666666666667,1.3666666666666667,1.2333333333333334,0.38333333333333336,0.2,0.30000000000000004,12.399126934901318,12.350307166820569,4.239178867422799,12.201756721470954,2.158890670394148,0.04881976808074908
ligue1-2024-2025-03-30-auxerre-v-montpellier,2025-03-30,2024,Auxerre,Montpellier,1,0,2,0.5,0.0,465.45291733255516,16,14,999,0,1.0,0,999,0,1.0,0,0,0,1509.5004175120087,1339.515474387172,169.98494312483672,0.3333333333333333,0.3333333333333333,0.3333333333333333,0,2.0,2.0,1.0,8.0,4.0,1.6,1.2307692307692308,1.4230769230769231,1.5,1.6,0.8,1.7692307692307692,0.6923076923076923,1.5384615384615385,0.8461538461538461,1.3076923076923077,2.1538461538461537,0.2692307692307692,0.2692307692307692,0.36923076923076925,12.289596697550415,12.37033588345685,4.1808457906541685,12.3234466889063,2.1894196983969327,-0.0807391859064324,0.0,0.0,5.0,1.0,13.0,0.0,0.95,1.0666666666666667,1.8166666666666667,0.2,2.6,0.967741935483871,0.9310344827586207,1.1612903225806452,1.8709677419354838,0.9655172413793104,1.7586206896551724,0.16666666666666666,0.4,-0.95,12.399126934901318,12.350307166820569,4.239178867422799,12.201756721470954,2.158890670394148,0.04881976808074908
ligue1-2024-2025-03-30-lille-v-lens,2025-03-30,2024,Lille,Lens,1,0,2,0.75,0.0,29.920230271899374,15,15,999,0,1.0,0,999,0,1.0,0,0,0,1597.4455662780308,1521.873671028673,75.5718952493578,0.3333333333333333,0.3333333333333333,0.3333333333333333,0,3.0,0.0,2.0,6.0,6.0,1.8,1.7166666666666666,1.5333333333333334,1.0333333333333334,1.2,1.2,2.1333333333333333,1.3,1.9333333333333333,0.9666666666666667,1.1333333333333333,1.1,0.4,0.13333333333333333,0.08333333333333348,12.289596697550415,12.37033588345685,4.1808457906541685,12.3234466889063,2.1894196983969327,-0.0807391859064324,2.0,0.0,3.0,6.0,9.0,1.2,1.5,1.2666666666666666,1.1,1.2,1.8,1.6,1.4,1.3666666666666667,1.1333333333333333,1.1666666666666667,1.0666666666666667,0.4166666666666667,0.23333333333333334,-0.30000000000000004,12.399126934901318,12.350307166820569,4.239178867422799,12.201756721470954,2.158890670394148,0.04881976808074908
ligue1-2024-2025-03-30-toulouse-v-brest,2025-03-30,2024,Toulouse,Brest,2,4,0,0.42857142857142855,0.0,703.0608682042306,14,14,999,0,1.0,0,999,0,1.0,0,0,0,1527.0828305870327,1538.992197474235,-11.909366887202168,0.3333333333333333,0.3333333333333333,0.3333333333333333,0,2.0,1.0,2.0,10.0,5.0,1.4,1.2833333333333334,1.25,1.25,2.0,1.0,1.0666666666666667,1.5,1.1666666666666667,1.3,1.3333333333333333,1.2,0.25,0.26666666666666666,0.11666666666666647,12.289596697550415,12.37033588345685,4.1808457906541685,12.3234466889063,2.1894196983969327,-0.0807391859064324,1.0,3.0,1.0,5.0,4.0,1.2,1.6333333333333333,1.5166666666666666,1.2333333333333334,1.0,0.8,1.8333333333333333,1.4333333333333333,1.6666666666666667,1.0333333333333334,1.3666666666666667,1.4333333333333333,0.38333333333333336,0.25,-0.43333333333333335,12.399126934901318,12.350307166820569,4.239178867422799,12.201756721470954,2.158890670394148,0.04881976808074908
ligue1-2024-2025-03-30-le-havre-v-nantes,2025-03-30,2024,Le Havre,Nantes,3,2,2,0.5,0.0,276.4948213461697,14,15,999,0,1.0,0,999,0,1.0,0,0,0,1357.4044755488128,1417.6682518622367,-60.26377631342393,0.3333333333333333,0.3333333333333333,0.3333333333333333,0,1.0,1.0,3.0,9.0,15.0,0.8,0.8833333333333333,1.0,1.6666666666666667,1.8,3.0,0.9,0.8666666666666667,0.9,1.6333333333333333,1.1,1.7,0.16666666666666666,0.4166666666666667,-0.08333333333333326,12.289596697550415,12.37033588345685,4.1808457906541685,12.3234466889063,2.1894196983969327,-0.0807391859064324,2.0,0.0,3.0,5.0,11.0,1.2,1.0,0.9833333333333333,1.6333333333333333,1.0,2.2,0.9333333333333333,1.0666666666666667,1.0666666666666667,1.5333333333333334,0.9,1.7333333333333334,0.2,0.3333333333333333,0.19999999999999996,12.399126934901318,12.350307166820569,4.239178867422799,12.201756721470954,2.158890670394148,0.04881976808074908
ligue1-2024-2025-03-30-angers-v-rennes,2025-03-30,2024,Angers,Rennes,0,3,0,0.1,0.0,109.88434816339439,15,15,999,0,1.0,0,999,0,1.0,0,0,0,1435.1317379488337,1478.6988738566633,-43.56713590782965,0.3333333333333333,0.3333333333333333,0.3333333333333333,0,1.0,1.0,3.0,4.0,11.0,0.8,1.0384615384615385,1.0,1.6153846153846154,0.8,2.2,0.8461538461538461,1.2307692307692308,1.0769230769230769,2.076923076923077,0.9230769230769231,1.1538461538461537,0.19230769230769232,0.38461538461538464,-0.2384615384615385,12.289596697550415,12.37033588345685,4.1808457906541685,12.3234466889063,2.1894196983969327,-0.0807391859064324,2.0,0.0,3.0,6.0,7.0,1.2,1.25,1.4666666666666666,1.3833333333333333,1.2,1.4,1.5161290322580645,0.9655172413793104,1.7741935483870968,1.3225806451612903,1.1379310344827587,1.4482758620689655,0.26666666666666666,0.23333333333333334,-0.050000000000000044,12.399126934901318,12.350307166820569,4.239178867422799,12.201756721470954,2.158890670394148,0.04881976808074908
ligue1-2024-2025-04-04-nice-v-nantes,2025-04-04,2024,Nice,Nantes,1,2,0,0.4166666666666667,0.0,790.4235154760573,6,5,999,0,1.0,0,999,0,1.0,0,0,0,1594.3864989754004,1408.8069915429282,185.57950743247216,0.3333333333333333,0.3333333333333333,0.3333333333333333,0,2.0,1.0,2.0,7.0,6.0,1.4,1.6721311475409837,1.4918032786885247,1.0163934426229508,1.4,1.2,1.9666666666666666,1.3870967741935485,1.6333333333333333,0.7666666666666667,1.3548387096774193,1.2580645161290323,0.3770491803278688,0.19672131147540983,-0.2721311475409838,12.289596697550415,12.37033588345685,4.1808457906541685,12.3234466889063,2.1894196983969327,-0.0807391859064324,2.0,0.0,3.0,6.0,7.0,1.2,0.9836065573770492,1.0,1.6557377049180328,1.2,1.4,0.9333333333333333,1.032258064516129,1.0666666666666667,1.5333333333333334,0.9354838709677419,1.7741935483870968,0.19672131147540983,0.32786885245901637,0.2163934426229508,12.399126934901318,12.350307166820569,4.239178867422799,12.201756721470954,2.158890670394148,0.04881976808074908
ligue1-2024-2025-04-05-paris-sg-v-angers,2025-04-05,2024,Paris SG,Angers,1,0,2,1.0,0.0,257.21126926641097,7,6,999,0,1.0,0,999,0,1.0,0,0,0,1813.1435749861287,1415.0223969012436,398.12117808488506,0.3333333333333333,0.3333333333333333,0.3333333333333333,0,5.0,0.0,0.0,20.0,6.0,3.0,2.4098360655737703,2.622950819672131,0.9672131147540983,4.0,1.2,2.2666666666666666,2.5483870967741935,2.6666666666666665,1.1,2.5806451612903225,0.8387096774193549,0.29508196721311475,0.06557377049180328,0.5901639344262297,12.289596697550415,12.37033588345685,4.1808457906541685,12.3234466889063,2.1894196983969327,-0.0807391859064324,0.0,1.0,4.0,3.0,14.0,0.2,1.0,0.9629629629629629,1.6666666666666667,0.6,2.8,0.7857142857142857,1.2307692307692308,1.0,2.142857142857143,0.9230769230769231,1.1538461538461537,0.18518518518518517,0.4074074074074074,-0.8,12.399126934901318,12.350307166820569,4.239178867422799,12.201756721470954,2.158890670394148,0.04881976808074908
ligue1-2024-2025-04-05-brest-v-monaco,2025-04-05,2024,Brest,Monaco,2,1,2,0.3333333333333333,0.0,1052.8195441727441,6,7,999,0,1.0,0,999,0,1.0,0,0,0,1556.6450945061165,1636.9508096137095,-80.30571510759296,0.3333333333333333,0.3333333333333333,0.3333333333333333,0,2.0,2.0,1.0,7.0,4.0,1.6,1.6557377049180328,1.5573770491803278,1.2459016393442623,1.4,0.8,1.8333333333333333,1.4838709677419355,1.6666666666666667,1.0333333333333334,1.4516129032258065,1.4516129032258065,0.3770491803278688,0.2459016393442623,-0.05573770491803276,12.289596697550415,12.37033588345685,4.1808457906541685,12.3234466889063,2.1894196983969327,-0.0807391859064324,3.0,1.0,1.0,9.0,4.0,2.0,1.9180327868852458,1.9836065573770492,1.2295081967213115,1.8,0.8,2.096774193548387,1.7333333333333334,2.032258064516129,0.967741935483871,1.9333333333333333,1.5,0.32786885245901637,0.13114754098360656,0.08196721311475419,12.399126934901318,12.350307166820569,4.239178867422799,12.201756721470954,2.158890670394148,0.04881976808074908
ligue1-2024-2025-04-05-lyon-v-lille,2025-04-05,2024,Lyon,Lille,2,1,2,0.75,0.0,555.9982645185426,8,6,999,0,1.0,0,999,0,1.0,0,0,0,1595.3427105892526,1602.7825292814784,-7.439818692225799,0.3333333333333333,0.3333333333333333,0.3333333333333333,0,3.0,0.0,2.0,12.0,10.0,1.8,1.6065573770491803,1.6557377049180328,1.5081967213114753,2.4,2.0,1.7,1.5161290322580645,1.7666666666666666,1.5333333333333334,1.5483870967741935,1.4838709677419355,0.3114754098360656,0.18032786885245902,0.1934426229508197,12.289596697550415,12.37033588345685,4.1808457906541685,12.3234466889063,2.1894196983969327,-0.0807391859064324,3.0,0.0,2.0,5.0,6.0,1.8,1.7377049180327868,1.5245901639344261,1.0163934426229508,1.0,1.2,2.161290322580645,1.3,1.903225806451613,0.9354838709677419,1.1333333333333333,1.1,0.4098360655737705,0.13114754098360656,0.06229508196721323,12.399126934901318,12.350307166820569,4.239178867422799,12.201756721470954,2.158890670394148,0.04881976808074908
ligue1-2024-2025-04-06-lens-v-st-etienne,2025-04-06,2024,Lens,St Etienne,1,0,2,1.0,0.0,565.1484392939193,7,8,999,0,1.0,0,999,0,1.0,0,0,0,1516.5367080252254,1408.6555288084126,107.88117921681282,0.3333333333333333,0.3333333333333333,0.3333333333333333,0,2.0,0.0,3.0,6.0,8.0,1.2,1.4754098360655739,1.2459016393442623,1.098360655737705,1.2,1.6,1.6,1.3548387096774193,1.3666666666666667,1.1333333333333333,1.1290322580645162,1.064516129032258,0.4098360655737705,0.2459016393442623,-0.2754098360655739,12.289596697550415,12.37033588345685,4.1808457906541685,12.3234466889063,2.1894196983969327,-0.0807391859064324,1.0,2.0,2.0,8.0,13.0,1.0,0.8518518518518519,1.037037037037037,2.3333333333333335,1.6,2.6,1.3076923076923077,0.42857142857142855,1.2307692307692308,1.7692307692307692,0.8571428571428571,2.857142857142857,0.14814814814814814,0.3333333333333333,0.14814814814814814,12.399126934901318,12.350307166820569,4.239178867422799,12.201756721470954,2.158890670394148,0.04881976808074908
ligue1-2024-2025-04-06-rennes-v-auxerre,2025-04-06,2024,Rennes,Auxerre,0,1,0,0.375,0.0,390.65730544837464,7,7,999,0,1.0,0,999,0,1.0,0,0,0,1498.8082149042534,1512.990147450844,-14.181932546590588,0.3333333333333333,0.3333333333333333,0.3333333333333333,0,3.0,0.0,2.0,9.0,5.0,1.8,1.278688524590164,1.4918032786885247,1.360655737704918,1.8,1.0,1.5161290322580645,1.0333333333333334,1.7741935483870968,1.3225806451612903,1.2,1.4,0.2786885245901639,0.22950819672131148,0.521311475409836,12.289596697550415,12.37033588345685,4.1808457906541685,12.3234466889063,2.1894196983969327,-0.0807391859064324,3.0,1.0,1.0,7.0,2.0,2.0,1.2962962962962963,1.4074074074074074,1.4444444444444444,1.4,0.4,1.8571428571428572,0.6923076923076923,1.5,0.7857142857142857,1.3076923076923077,2.1538461538461537,0.2962962962962963,0.25925925925925924,0.7037037037037037,12.399126934901318,12.350307166820569,4.239178867422799,12.201756721470954,2.158890670394148,0.04881976808074908
ligue1-2024-2025-04-06-marseille-v-toulouse,2025-04-06,2024,Marseille,Toulouse,3,2,2,0.75,0.0,321.8261915873199,8,7,999,0,1.0,0,999,0,1.0,0,0,0,1571.250346577259,1509.4299335551511,61.820413022107914,0.3333333333333333,0.3333333333333333,0.3333333333333333,0,1.0,0.0,4.0,4.0,10.0,0.6,1.6229508196721312,1.7377049180327868,1.2622950819672132,0.8,2.0,1.9333333333333333,1.3225806451612903,1.8666666666666667,1.0,1.6129032258064515,1.5161290322580645,0.19672131147540983,0.2459016393442623,-1.0229508196721313,12.289596697550415,12.37033588345685,4.1808457906541685,12.3234466889063,2.1894196983969327,-0.0807391859064324,2.0,1.0,2.0,12.0,8.0,1.4,1.2622950819672132,1.2622950819672132,1.2950819672131149,2.4,1.6,1.032258064516129,1.5,1.1935483870967742,1.3870967741935485,1.3333333333333333,1.2,0.2459016393442623,0.26229508196721313,0.13770491803278673,12.399126934901318,12.350307166820569,4.239178867422799,12.201756721470954,2.158890670394148,0.04881976808074908
ligue1-2024-2025-04-06-reims-v-strasbourg,2025-04-06,2024,Reims,Strasbourg,0,1,0,0.375,0.0,283.38675868985155,8,9,999,0,1.0,0,999,0,1.0,0,0,0,1428.8870685225884,1561.812358169099,-132.9252896465107,0.3333333333333333,0.3333333333333333,0.3333333333333333,0,1.0,1.0,3.0,3.0,7.0,0.8,1.1967213114754098,1.1639344262295082,1.4426229508196722,0.6,1.4,1.2903225806451613,1.1,1.1290322580645162,1.2903225806451613,1.2,1.6,0.19672131147540983,0.2786885245901639,-0.3967213114754098,12.289596697550415,12.37033588345685,4.1808457906541685,12.3234466889063,2.1894196983969327,-0.0807391859064324,4.0,1.0,0.0,8.0,3.0,2.6,1.3934426229508197,1.360655737704918,1.3934426229508197,1.6,0.6,1.7333333333333334,1.064516129032258,1.5333333333333334,1.2,1.1935483870967742,1.5806451612903225,0.21311475409836064,0.21311475409836064,1.2065573770491804,12.399126934901318,12.350307166820569,4.239178867422799,12.201756721470954,2.158890670394148,0.04881976808074908
ligue1-2024-2025-04-06-montpellier-v-le-havre,2025-04-06,2024,Montpellier,Le Havre,0,2,0,0.375,0.0,712.2923765989436,7,7,999,0,1.0,0,999,0,1.0,0,0,0,1336.0257444483366,1366.2657358681213,-30.2399914197847,0.3333333333333333,0.3333333333333333,0.3333333333333333,0,0.0,0.0,5.0,0.0,10.0,0.0,0.9344262295081968,1.0491803278688525,1.8032786885245902,0.0,2.0,0.967741935483871,0.9,1.1612903225806452,1.8709677419354838,0.9333333333333333,1.7333333333333334,0.16393442622950818,0.4098360655737705,-0.9344262295081968,12.289596697550415,12.37033588345685,4.1808457906541685,12.3234466889063,2.1894196983969327,-0.0807391859064324,2.0,1.0,2.0,11.0,14.0,1.4,0.9180327868852459,1.0327868852459017,1.6721311475409837,2.2,2.8,0.967741935483871,0.8666666666666667,0.967741935483871,1.6451612903225807,1.1,1.7,0.16393442622950818,0.4098360655737705,0.481967213114754,12.399126934901318,12.350307166820569,4.239178867422799,12.201756721470954,2.158890670394148,0.04881976808074908
ligue1-2024-2025-04-11-lens-v-reims,2025-04-11,2024,Lens,Reims,0,2,0,0.625,0.0,156.72624768390958,5,5,999,0,1.0,0,999,0,1.0,0,0,0,1521.1781054301484,1419.831907786522,101.34619764362651,0.3333333333333333,0.3333333333333333,0.3333333333333333,0,3.0,0.0,2.0,6.0,5.0,1.8,1.5,1.2419354838709677,1.0806451612903225,1.2,1.0,1.6451612903225807,1.3548387096774193,1.3548387096774193,1.096774193548387,1.1290322580645162,1.064516129032258,0.41935483870967744,0.24193548387096775,0.30000000000000004,12.289596697550415,12.37033588345685,4.1808457906541685,12.3234466889063,2.1894196983969327,-0.0807391859064324,1.0,1.0,3.0,3.0,7.0,0.8,1.1774193548387097,1.1451612903225807,1.435483870967742,0.6,1.4,1.25,1.1,1.09375,1.28125,1.2,1.6,0.1935483870967742,0.2903225806451613,-0.3774193548387097,12.399126934901318,12.350307166820569,4.239178867422799,12.201756721470954,2.158890670394148,0.04881976808074908
ligue1-2024-2025-04-12-monaco-v-marseille,2025-04-12,2024,Monaco,Marseille,3,0,2,0.6428571428571429,0.0,170.65760939507788,7,6,999,0,1.0,0,999,0,1.0,0,0,0,1627.5170503554004,1576.9027030688446,50.61434728655581,0.3333333333333333,0.3333333333333333,0.3333333333333333,0,3.0,1.0,1.0,9.0,4.0,2.0,1.8870967741935485,1.967741935483871,1.2419354838709677,1.8,0.8,2.096774193548387,1.6774193548387097,2.032258064516129,0.967741935483871,1.903225806451613,1.5161290322580645,0.3225806451612903,0.12903225806451613,0.11290322580645151,12.289596697550415,12.37033588345685,4.1808457906541685,12.3234466889063,2.1894196983969327,-0.0807391859064324,2.0,0.0,3.0,7.0,9.0,1.2,1.6451612903225807,1.7580645161290323,1.2741935483870968,1.4,1.8,1.967741935483871,1.3225806451612903,1.903225806451613,1.032258064516129,1.6129032258064515,1.5161290322580645,0.1935483870967742,0.24193548387096775,-0.4451612903225808,12.399126934901318,12.350307166820569,4.239178867422799,12.201756721470954,2.158890670394148,0.04881976808074908
ligue1-2024-2025-04-12-toulouse-v-lille,2025-04-12,2024,Toulouse,Lille,1,2,0,0.21428571428571427,0.0,792.0037973750112,6,7,999,0,1.0,0,999,0,1.0,0,0,0,1503.7775770635656,1595.3853375456636,-91.607760482098,0.3333333333333333,0.3333333333333333,0.3333333333333333,0,1.0,1.0,3.0,10.0,10.0,0.8,1.2419354838709677,1.2741935483870968,1.3225806451612903,2.0,2.0,1.032258064516129,1.4516129032258065,1.1935483870967742,1.3870967741935485,1.3548387096774193,1.2580645161290323,0.24193548387096775,0.25806451612903225,-0.4419354838709677,12.289596697550415,12.37033588345685,4.1808457906541685,12.3234466889063,2.1894196983969327,-0.0807391859064324,2.0,0.0,3.0,4.0,7.0,1.2,1.7096774193548387,1.5161290322580645,1.032258064516129,0.8,1.4,2.161290322580645,1.2580645161290323,1.903225806451613,0.9354838709677419,1.1290322580645162,1.1290322580645162,0.4032258064516129,0.12903225806451613,-0.5096774193548388,12.399126934901318,12.350307166820569,4.239178867422799,12.201756721470954,2.158890670394148,0.04881976808074908
ligue1-2024-2025-04-12-strasbourg-v-nice,2025-04-12,2024,Strasbourg,Nice,2,2,1,0.3333333333333333,0.0,541.383374978608,6,8,999,0,1.0,0,999,0,1.0,0,0,0,1570.8675189051655,1577.6251252878549,-6.757606382689346,0.3333333333333333,0.3333333333333333,0.3333333333333333,0,5.0,0.0,0.0,9.0,3.0,3.0,1.4193548387096775,1.3548387096774193,1.3709677419354838,1.8,0.6,1.7333333333333334,1.125,1.5333333333333334,1.2,1.1875,1.53125,0.22580645161290322,0.20967741935483872,1.5806451612903225,12.289596697550415,12.37033588345685,4.1808457906541685,12.3234466889063,2.1894196983969327,-0.0807391859064324,1.0,1.0,3.0,6.0,8.0,0.8,1.6451612903225807,1.4838709677419355,1.032258064516129,1.2,1.6,1.903225806451613,1.3870967741935485,1.6129032258064515,0.8064516129032258,1.3548387096774193,1.2580645161290323,0.3709677419354839,0.1935483870967742,-0.8451612903225807,12.399126934901318,12.350307166820569,4.239178867422799,12.201756721470954,2.158890670394148,0.04881976808074908
ligue1-2024-2025-04-13-st-etienne-v-brest,2025-04-13,2024,St Etienne,Brest,3,3,1,0.25,0.0,747.9906890569027,7,8,999,0,1.0,0,999,0,1.0,0,0,0,1404.0141314034895,1566.0788537644255,-162.064722360936,0.3333333333333333,0.3333333333333333,0.3333333333333333,0,1.0,1.0,3.0,5.0,11.0,0.8,0.8214285714285714,1.0,2.2857142857142856,1.0,2.2,1.3076923076923077,0.4,1.2307692307692308,1.7692307692307692,0.8,2.7333333333333334,0.14285714285714285,0.35714285714285715,-0.021428571428571352,12.289596697550415,12.37033588345685,4.1808457906541685,12.3234466889063,2.1894196983969327,-0.0807391859064324,3.0,1.0,1.0,9.0,5.0,2.0,1.6774193548387097,1.564516129032258,1.2419354838709677,1.8,1.0,1.8709677419354838,1.4838709677419355,1.6774193548387097,1.032258064516129,1.4516129032258065,1.4516129032258065,0.3709677419354839,0.24193548387096775,0.32258064516129026,12.399126934901318,12.350307166820569,4.239178867422799,12.201756721470954,2.158890670394148,0.04881976808074908
ligue1-2024-2025-04-13-angers-v-montpellier,2025-04-13,2024,Angers,Montpellier,2,0,2,1.0,0.0,544.9582313364865,8,7,999,0,1.0,0,999,0,1.0,0,0,0,1413.9466366431498,1319.0816267964908,94.86500984665895,0.3333333333333333,0.3333333333333333,0.3333333333333333,0,0.0,0.0,5.0,0.0,12.0,0.0,0.9642857142857143,0.9285714285714286,1.6428571428571428,0.0,2.4,0.7857142857142857,1.1428571428571428,1.0,2.142857142857143,0.8571428571428571,1.1428571428571428,0.17857142857142858,0.42857142857142855,-0.9642857142857143,12.289596697550415,12.37033588345685,4.1808457906541685,12.3234466889063,2.1894196983969327,-0.0807391859064324,0.0,0.0,5.0,0.0,10.0,0.0,0.9193548387096774,1.032258064516129,1.8064516129032258,0.0,2.0,0.9375,0.9,1.125,1.875,0.9333333333333333,1.7333333333333334,0.16129032258064516,0.41935483870967744,-0.9193548387096774,12.399126934901318,12.350307166820569,4.239178867422799,12.201756721470954,2.158890670394148,0.04881976808074908
ligue1-2024-2025-04-13-le-havre-v-rennes,2025-04-13,2024,Le Havre,Rennes,1,5,0,0.25,0.0,200.52418203135207,7,7,999,0,1.0,0,999,0,1.0,0,0,0,1383.209853519967,1486.387209334359,-103.17735581439206,0.3333333333333333,0.3333333333333333,0.3333333333333333,0,3.0,1.0,1.0,12.0,10.0,2.0,0.9516129032258065,1.0483870967741935,1.6451612903225807,2.4,2.0,0.967741935483871,0.9354838709677419,0.967741935483871,1.6451612903225807,1.1290322580645162,1.6451612903225807,0.1774193548387097,0.4032258064516129,1.0483870967741935,12.289596697550415,12.37033588345685,4.1808457906541685,12.3234466889063,2.1894196983969327,-0.0807391859064324,2.0,0.0,3.0,8.0,6.0,1.2,1.2580645161290323,1.467741935483871,1.3548387096774193,1.6,1.2,1.46875,1.0333333333333334,1.71875,1.3125,1.2,1.4,0.27419354838709675,0.24193548387096775,-0.058064516129032295,12.399126934901318,12.350307166820569,4.239178867422799,12.201756721470954,2.158890670394148,0.04881976808074908
ligue1-2024-2025-04-13-auxerre-v-lyon,2025-04-13,2024,Auxerre,Lyon,1,3,0,0.2,0.0,249.5562986910852,7,8,999,0,1.0,0,999,0,1.0,0,0,0,1525.4111530207383,1602.7399023250675,-77.32874930432922,0.3333333333333333,0.3333333333333333,0.3333333333333333,0,3.0,1.0,1.0,5.0,2.0,2.0,1.3571428571428572,1.3928571428571428,1.3928571428571428,1.0,0.4,1.8571428571428572,0.8571428571428571,1.5,0.7857142857142857,1.2857142857142858,2.0,0.32142857142857145,0.25,0.6428571428571428,12.289596697550415,12.37033588345685,4.1808457906541685,12.3234466889063,2.1894196983969327,-0.0807391859064324,4.0,0.0,1.0,12.0,8.0,2.4,1.6290322580645162,1.6612903225806452,1.5,2.4,1.6,1.7419354838709677,1.5161290322580645,1.7741935483870968,1.5161290322580645,1.5483870967741935,1.4838709677419355,0.3064516129032258,0.1774193548387097,0.7709677419354837,12.399126934901318,12.350307166820569,4.239178867422799,12.201756721470954,2.158890670394148,0.04881976808074908
ligue1-2024-2025-04-18-rennes-v-nantes,2025-04-18,2024,Rennes,Nantes,2,1,2,0.75,0.0,95.03828213317865,5,14,999,0,1.0,0,999,0,1.0,0,0,0,1506.2043111298358,1425.5683652304738,80.63594589936201,0.3333333333333333,0.3333333333333333,0.3333333333333333,0,2.0,0.0,3.0,9.0,7.0,1.2,1.2857142857142858,1.5238095238095237,1.3492063492063493,1.8,1.4,1.46875,1.096774193548387,1.71875,1.3125,1.3225806451612903,1.3870967741935485,0.2698412698412698,0.23809523809523808,-0.08571428571428585,12.289596697550415,12.37033588345685,4.1808457906541685,12.3234466889063,2.1894196983969327,-0.0807391859064324,2.0,0.0,3.0,5.0,7.0,1.2,1.0161290322580645,1.0161290322580645,1.6451612903225807,1.0,1.4,0.9333333333333333,1.09375,1.0666666666666667,1.5333333333333334,0.96875,1.75,0.1935483870967742,0.3225806451612903,0.18387096774193545,12.399126934901318,12.350307166820569,4.239178867422799,12.201756721470954,2.158890670394148,0.04881976808074908
ligue1-2024-2025-04-19-monaco-v-strasbourg,2025-04-19,2024,Monaco,Strasbourg,0,0,1,0.7142857142857143,0.0,537.9304004859993,7,7,999,0,1.0,0,999,0,1.0,0,0,0,1637.7665544840788,1568.2464146053112,69.52013987876762,0.3333333333333333,0.3333333333333333,0.3333333333333333,0,3.0,1.0,1.0,9.0,4.0,2.0,1.9047619047619047,1.9841269841269842,1.2222222222222223,1.8,0.8,2.125,1.6774193548387097,2.0625,0.9375,1.903225806451613,1.5161290322580645,0.3333333333333333,0.12698412698412698,0.09523809523809534,12.289596697550415,12.37033588345685,4.1808457906541685,12.3234466889063,2.1894196983969327,-0.0807391859064324,4.0,1.0,0.0,10.0,5.0,2.6,1.4126984126984128,1.3650793650793651,1.380952380952381,2.0,1.0,1.7096774193548387,1.125,1.5483870967741935,1.2258064516129032,1.1875,1.53125,0.2222222222222222,0.20634920634920634,1.1873015873015873,12.399126934901318,12.350307166820569,4.239178867422799,12.201756721470954,2.158890670394148,0.04881976808074908
ligue1-2024-2025-04-19-marseille-v-montpellier,2025-04-19,2024,Marseille,Montpellier,5,1,2,0.875,0.0,133.8691695133372,7,6,999,0,1.0,0,999,0,1.0,0,0,0,1566.6531989401662,1312.1324658795213,254.52073306064494,0.3333333333333333,0.3333333333333333,0.3333333333333333,0,1.0,0.0,4.0,5.0,12.0,0.6,1.619047619047619,1.7301587301587302,1.3015873015873016,1.0,2.4,1.967741935483871,1.28125,1.903225806451613,1.032258064516129,1.5625,1.5625,0.19047619047619047,0.25396825396825395,-1.019047619047619,12.289596697550415,12.37033588345685,4.1808457906541685,12.3234466889063,2.1894196983969327,-0.0807391859064324,0.0,0.0,5.0,0.0,8.0,0.0,0.9047619047619048,1.0158730158730158,1.8095238095238095,0.0,1.6,0.9375,0.8709677419354839,1.125,1.875,0.9032258064516129,1.7419354838709677,0.15873015873015872,0.42857142857142855,-0.9047619047619048,12.399126934901318,12.350307166820569,4.239178867422799,12.201756721470954,2.158890670394148,0.04881976808074908
ligue1-2024-2025-04-19-paris-sg-v-le-havre,2025-04-19,2024,Paris SG,Le Havre,2,1,2,0.9166666666666666,0.0,172.08411043805535,14,6,999,0,1.0,0,999,0,1.0,0,0,0,1814.2193352442225,1363.3927517244904,450.82658351973214,0.3333333333333333,0.3333333333333333,0.3333333333333333,0,5.0,0.0,0.0,18.0,4.0,3.0,2.4193548387096775,2.596774193548387,0.9516129032258065,3.6,0.8,2.2903225806451615,2.5483870967741935,2.6129032258064515,1.064516129032258,2.5806451612903225,0.8387096774193549,0.3064516129032258,0.06451612903225806,0.5806451612903225,12.289596697550415,12.37033588345685,4.1808457906541685,12.3234466889063,2.1894196983969327,-0.0807391859064324,2.0,1.0,2.0,9.0,12.0,1.4,0.9365079365079365,1.0476190476190477,1.6984126984126984,1.8,2.4,0.9375,0.9354838709677419,0.96875,1.75,1.1290322580645162,1.6451612903225807,0.1746031746031746,0.3968253968253968,0.4634920634920634,12.399126934901318,12.350307166820569,4.239178867422799,12.201756721470954,2.158890670394148,0.04881976808074908
ligue1-2024-2025-04-20-reims-v-toulouse,2025-04-20,2024,Reims,Toulouse,1,0,2,0.375,0.0,661.6741610962407,9,8,999,0,1.0,0,999,0,1.0,0,0,0,1441.3607234241163,1493.5360759599225,-52.17535253580627,0.3333333333333333,0.3333333333333333,0.3333333333333333,0,2.0,1.0,2.0,5.0,4.0,1.4,1.2063492063492063,1.1587301587301588,1.4126984126984128,1.0,0.8,1.25,1.1612903225806452,1.09375,1.28125,1.2258064516129032,1.5483870967741935,0.20634920634920634,0.2857142857142857,0.19365079365079363,12.289596697550415,12.37033588345685,4.1808457906541685,12.3234466889063,2.1894196983969327,-0.0807391859064324,0.0,1.0,4.0,7.0,12.0,0.2,1.2222222222222223,1.2698412698412698,1.3333333333333333,1.4,2.4,1.0,1.4516129032258065,1.1875,1.40625,1.3548387096774193,1.2580645161290323,0.23809523809523808,0.25396825396825395,-1.0222222222222224,12.399126934901318,12.350307166820569,4.239178867422799,12.201756721470954,2.158890670394148,0.04881976808074908
ligue1-2024-2025-04-20-brest-v-lens,2025-04-20,2024,Brest,Lens,1,3,0,0.25,0.0,574.5906900951455,7,9,999,0,1.0,0,999,0,1.0,0,0,0,1564.311249612095,1499.649289792554,64.66195981954093,0.3333333333333333,0.3333333333333333,0.3333333333333333,0,3.0,2.0,0.0,11.0,6.0,2.2,1.6666666666666667,1.5873015873015872,1.2698412698412698,2.2,1.2,1.8709677419354838,1.46875,1.6774193548387097,1.032258064516129,1.5,1.5,0.36507936507936506,0.23809523809523808,0.5333333333333334,12.289596697550415,12.37033588345685,4.1808457906541685,12.3234466889063,2.1894196983969327,-0.0807391859064324,3.0,0.0,2.0,3.0,3.0,1.8,1.4761904761904763,1.2222222222222223,1.0952380952380953,0.6,0.6,1.59375,1.3548387096774193,1.3125,1.125,1.1290322580645162,1.064516129032258,0.4126984126984127,0.25396825396825395,0.32380952380952377,12.399126934901318,12.350307166820569,4.239178867422799,12.201756721470954,2.158890670394148,0.04881976808074908
ligue1-2024-2025-04-20-st-etienne-v-lyon,2025-04-20,2024,St Etienne,Lyon,2,1,2,0.5,0.0,57.12469696409717,7,7,999,0,1.0,0,999,0,1.0,0,0,0,1405.78173555582,1617.8035486578367,-212.02181310201672,0.3333333333333333,0.3333333333333333,0.3333333333333333,0,1.0,2.0,2.0,7.0,11.0,1.0,0.8275862068965517,1.0689655172413792,2.310344827586207,1.4,2.2,1.2857142857142858,0.4,1.3571428571428572,1.8571428571428572,0.8,2.7333333333333334,0.13793103448275862,0.3448275862068966,0.1724137931034483,12.289596697550415,12.37033588345685,4.1808457906541685,12.3234466889063,2.1894196983969327,-0.0807391859064324,4.0,0.0,1.0,13.0,8.0,2.4,1.6507936507936507,1.6825396825396826,1.492063492063492,2.6,1.6,1.7419354838709677,1.5625,1.7741935483870968,1.5161290322580645,1.59375,1.46875,0.30158730158730157,0.1746031746031746,0.7492063492063492,12.399126934901318,12.350307166820569,4.239178867422799,12.201756721470954,2.158890670394148,0.04881976808074908
ligue1-2024-2025-04-20-lille-v-auxerre,2025-04-20,2024,Lille,Auxerre,3,1,2,0.625,0.0,314.84797078484587,8,7,999,0,1.0,0,999,0,1.0,0,0,0,1605.6268386493066,1510.3475066879691,95.27933196133745,0.3333333333333333,0.3333333333333333,0.3333333333333333,0,3.0,0.0,2.0,5.0,4.0,1.8,1.7301587301587302,1.5238095238095237,1.0317460317460319,1.0,0.8,2.161290322580645,1.3125,1.903225806451613,0.9354838709677419,1.15625,1.125,0.3968253968253968,0.12698412698412698,0.06984126984126982,12.289596697550415,12.37033588345685,4.1808457906541685,12.3234466889063,2.1894196983969327,-0.0807391859064324,3.0,1.0,1.0,6.0,4.0,2.0,1.3103448275862069,1.3793103448275863,1.4482758620689655,1.2,0.8,1.7333333333333334,0.8571428571428571,1.4666666666666666,0.9333333333333333,1.2857142857142858,2.0,0.3103448275862069,0.2413793103448276,0.6896551724137931,12.399126934901318,12.350307166820569,4.239178867422799,12.201756721470954,2.158890670394148,0.04881976808074908
ligue1-2024-2025-04-20-nice-v-angers,2025-04-20,2024,Nice,Angers,2,1,2,0.75,0.0,736.1286832320784,8,7,999,0,1.0,0,999,0,1.0,0,0,0,1580.2462295877092,1420.8957975601193,159.35043202758993,0.3333333333333333,0.3333333333333333,0.3333333333333333,0,0.0,2.0,3.0,5.0,9.0,0.4,1.6349206349206349,1.492063492063492,1.0476190476190477,1.0,1.8,1.903225806451613,1.375,1.6129032258064515,0.8064516129032258,1.375,1.28125,0.36507936507936506,0.19047619047619047,-1.234920634920635,12.289596697550415,12.37033588345685,4.1808457906541685,12.3234466889063,2.1894196983969327,-0.0807391859064324,1.0,0.0,4.0,2.0,8.0,0.6,1.0344827586206897,0.9655172413793104,1.5862068965517242,0.4,1.6,0.9333333333333333,1.1428571428571428,1.0666666666666667,2.0,0.8571428571428571,1.1428571428571428,0.20689655172413793,0.41379310344827586,-0.43448275862068975,12.399126934901318,12.350307166820569,4.239178867422799,12.201756721470954,2.158890670394148,0.04881976808074908
ligue1-2024-2025-04-22-nantes-v-paris-sg,2025-04-22,2024,Nantes,Paris SG,1,1,1,0.16666666666666666,0.0,331.4965700309614,4,3,999,0,1.0,0,999,0,1.0,0,0,0,1420.3446864873404,1815.0249149935755,-394.68022850623515,0.3333333333333333,0.3333333333333333,0.3333333333333333,0,2.0,0.0,3.0,6.0,7.0,1.2,1.0,1.0158730158730158,1.6507936507936507,1.2,1.4,0.9333333333333333,1.0606060606060606,1.0666666666666667,1.5333333333333334,0.9696969696969697,1.7575757575757576,0.19047619047619047,0.31746031746031744,0.19999999999999996,12.289596697550415,12.37033588345685,4.1808457906541685,12.3234466889063,2.1894196983969327,-0.0807391859064324,5.0,0.0,0.0,16.0,4.0,3.0,2.4285714285714284,2.5873015873015874,0.9523809523809523,3.2,0.8,2.3125,2.5483870967741935,2.59375,1.0625,2.5806451612903225,0.8387096774193549,0.30158730158730157,0.06349206349206349,0.5714285714285716,12.399126934901318,12.350307166820569,4.239178867422799,12.201756721470954,2.158890670394148,0.04881976808074908
ligue1-2024-2025-04-25-paris-sg-v-nice,2025-04-25,2024,Paris SG,Nice,1,3,0,0.5833333333333334,0.0,688.7622533510902,3,5,999,0,1.0,0,999,0,1.0,0,0,0,1808.12385622682,1583.915843492235,224.20801273458505,0.3333333333333333,0.3333333333333333,0.3333333333333333,0,4.0,1.0,0.0,13.0,4.0,2.6,2.40625,2.5625,0.953125,2.6,0.8,2.3125,2.5,2.59375,1.0625,2.53125,0.84375,0.296875,0.0625,0.1937500000000001,12.289596697550415,12.37033588345685,4.1808457906541685,12.3234466889063,2.1894196983969327,-0.0807391859064324,1.0,2.0,2.0,7.0,8.0,1.0,1.65625,1.5,1.046875,1.4,1.6,1.9375,1.375,1.625,0.8125,1.375,1.28125,0.359375,0.1875,-0.65625,12.399126934901318,12.350307166820569,4.239178867422799,12.201756721470954,2.158890670394148,0.04881976808074908
ligue1-2024-2025-04-26-strasbourg-v-st-etienne,2025-04-26,2024,Strasbourg,St Etienne,3,1,2,0.5,0.0,428.66883298345147,7,6,999,0,1.0,0,999,0,1.0,0,0,0,1572.7720402036134,1418.8987125194456,153.87332768416786,0.3333333333333333,0.3333333333333333,0.3333333333333333,0,3.0,2.0,0.0,9.0,5.0,2.2,1.40625,1.34375,1.359375,1.8,1.0,1.7096774193548387,1.121212121212121,1.5483870967741935,1.2258064516129032,1.1515151515151516,1.4848484848484849,0.234375,0.21875,0.7937500000000002,12.289596697550415,12.37033588345685,4.1808457906541685,12.3234466889063,2.1894196983969327,-0.0807391859064324,2.0,1.0,2.0,8.0,11.0,1.4,0.9,1.1,2.2666666666666666,1.6,2.2,1.4,0.4,1.4,1.8,0.8,2.7333333333333334,0.13333333333333333,0.3333333333333333,0.4999999999999999,12.399126934901318,12.350307166820569,4.239178867422799,12.201756721470954,2.158890670394148,0.04881976808074908
ligue1-2024-2025-04-26-le-havre-v-monaco,2025-04-26,2024,Le Havre,Monaco,1,1,1,0.2857142857142857,0.0,849.3032279621074,7,7,999,0,1.0,0,999,0,1.0,0,0,0,1362.5871719751374,1633.2409288857766,-270.65375691063923,0.3333333333333333,0.3333333333333333,0.3333333333333333,0,2.0,0.0,3.0,9.0,13.0,1.2,0.921875,1.046875,1.703125,1.8,2.6,0.9375,0.90625,0.96875,1.75,1.125,1.65625,0.171875,0.390625,0.27812499999999996,12.289596697550415,12.37033588345685,4.1808457906541685,12.3234466889063,2.1894196983969327,-0.0807391859064324,3.0,1.0,1.0,8.0,3.0,2.0,1.890625,1.953125,1.203125,1.6,0.6,2.090909090909091,1.6774193548387097,2.0,0.9090909090909091,1.903225806451613,1.5161290322580645,0.34375,0.140625,0.109375,12.399126934901318,12.350307166820569,4.239178867422799,12.201756721470954,2.158890670394148,0.04881976808074908
ligue1-2024-2025-04-26-lyon-v-rennes,2025-04-26,2024,Lyon,Rennes,4,1,2,0.5714285714285714,0.0,566.0283882163013,6,8,999,0,1.0,0,999,0,1.0,0,0,0,1604.6865716942111,1511.4279898729692,93.25858182124193,0.3333333333333333,0.3333333333333333,0.3333333333333333,0,3.0,0.0,2.0,12.0,10.0,1.8,1.625,1.671875,1.5,2.4,2.0,1.7419354838709677,1.5151515151515151,1.7741935483870968,1.5161290322580645,1.5757575757575757,1.4848484848484849,0.296875,0.171875,0.17500000000000004,12.289596697550415,12.37033588345685,4.1808457906541685,12.3234466889063,2.1894196983969327,-0.0807391859064324,3.0,0.0,2.0,10.0,4.0,1.8,1.3125,1.53125,1.34375,2.0,0.8,1.5151515151515151,1.096774193548387,1.7272727272727273,1.303030303030303,1.3225806451612903,1.3870967741935485,0.265625,0.234375,0.48750000000000004,12.399126934901318,12.350307166820569,4.239178867422799,12.201756721470954,2.158890670394148,0.04881976808074908
ligue1-2024-2025-04-27-lens-v-auxerre,2025-04-27,2024,Lens,Auxerre,0,4,0,0.7,0.0,298.510290385125,7,7,999,0,1.0,0,999,0,1.0,0,0,0,1520.0333880053768,1503.4108400885168,16.622547916859958,0.3333333333333333,0.3333333333333333,0.3333333333333333,0,3.0,0.0,2.0,5.0,4.0,1.8,1.5,1.25,1.09375,1.0,0.8,1.59375,1.40625,1.3125,1.125,1.1875,1.0625,0.40625,0.25,0.30000000000000004,12.289596697550415,12.37033588345685,4.1808457906541685,12.3234466889063,2.1894196983969327,-0.0807391859064324,2.0,1.0,2.0,5.0,7.0,1.4,1.2666666666666666,1.3666666666666667,1.5,1.0,1.4,1.7333333333333334,0.8,1.4666666666666666,0.9333333333333333,1.2666666666666666,2.066666666666667,0.3,0.23333333333333334,0.1333333333333333,12.399126934901318,12.350307166820569,4.239178867422799,12.201756721470954,2.158890670394148,0.04881976808074908
ligue1-2024-2025-04-27-marseille-v-brest,2025-04-27,2024,Marseille,Brest,4,1,2,0.6666666666666666,0.0,952.9448024767538,8,7,999,0,1.0,0,999,0,1.0,0,0,0,1571.2526702613034,1543.9271513992721,27.32551886203123,0.3333333333333333,0.3333333333333333,0.3333333333333333,0,2.0,0.0,3.0,10.0,12.0,1.2,1.640625,1.78125,1.296875,2.0,2.4,2.0,1.28125,2.0,1.03125,1.5625,1.5625,0.1875,0.25,-0.44062500000000004,12.289596697550415,12.37033588345685,4.1808457906541685,12.3234466889063,2.1894196983969327,-0.0807391859064324,2.0,2.0,1.0,10.0,9.0,1.6,1.640625,1.578125,1.296875,2.0,1.8,1.8125,1.46875,1.65625,1.09375,1.5,1.5,0.359375,0.234375,-0.04062499999999991,12.399126934901318,12.350307166820569,4.239178867422799,12.201756721470954,2.158890670394148,0.04881976808074908
ligue1-2024-2025-04-27-montpellier-v-reims,2025-04-27,2024,Montpellier,Reims,0,0,1,0.375,0.0,628.1411925442256,8,7,999,0,1.0,0,999,0,1.0,0,0,0,1307.5329945583842,1449.9928478612633,-142.45985330287908,0.3333333333333333,0.3333333333333333,0.3333333333333333,0,0.0,0.0,5.0,1.0,12.0,0.0,0.890625,1.015625,1.859375,0.2,2.4,0.9375,0.84375,1.125,1.875,0.90625,1.84375,0.15625,0.421875,-0.890625,12.289596697550415,12.37033588345685,4.1808457906541685,12.3234466889063,2.1894196983969327,-0.0807391859064324,3.0,1.0,1.0,6.0,2.0,2.0,1.234375,1.15625,1.390625,1.2,0.4,1.303030303030303,1.1612903225806452,1.0909090909090908,1.2424242424242424,1.2258064516129032,1.5483870967741935,0.21875,0.28125,0.765625,12.399126934901318,12.350307166820569,4.239178867422799,12.201756721470954,2.158890670394148,0.04881976808074908
ligue1-2024-2025-04-27-angers-v-lille,2025-04-27,2024,Angers,Lille,0,2,0,0.0,0.0,440.2764989963635,7,7,999,0,1.0,0,999,0,1.0,0,0,0,1417.2261836555936,1612.563505248759,-195.33732159316537,0.3333333333333333,0.3333333333333333,0.3333333333333333,0,1.0,0.0,4.0,3.0,8.0,0.6,1.0,0.9666666666666667,1.6,0.6,1.6,0.9333333333333333,1.0666666666666667,1.0666666666666667,2.0,0.8666666666666667,1.2,0.2,0.4,-0.4,12.289596697550415,12.37033588345685,4.1808457906541685,12.3234466889063,2.1894196983969327,-0.0807391859064324,3.0,0.0,2.0,7.0,5.0,1.8,1.75,1.546875,1.03125,1.4,1.0,2.1875,1.3125,1.9375,0.9375,1.15625,1.125,0.390625,0.125,0.050000000000000044,12.399126934901318,12.350307166820569,4.239178867422799,12.201756721470954,2.158890670394148,0.04881976808074908
ligue1-2024-2025-04-27-nantes-v-toulouse,2025-04-27,2024,Nantes,Toulouse,0,0,1,0.5,0.0,469.10735603864345,5,7,999,0,1.0,0,999,0,1.0,0,0,0,1427.245745254096,1484.9039515227755,-57.65820626867958,0.3333333333333333,0.3333333333333333,0.3333333333333333,0,2.0,1.0,2.0,7.0,7.0,1.4,1.0,1.015625,1.640625,1.4,1.4,0.9354838709677419,1.0606060606060606,1.064516129032258,1.5161290322580645,0.9696969696969697,1.7575757575757576,0.1875,0.3125,0.3999999999999999,12.289596697550415,12.37033588345685,4.1808457906541685,12.3234466889063,2.1894196983969327,-0.0807391859064324,0.0,0.0,5.0,6.0,12.0,0.0,1.203125,1.25,1.328125,1.2,2.4,1.0,1.40625,1.1875,1.40625,1.3125,1.25,0.234375,0.265625,-1.203125,12.399126934901318,12.350307166820569,4.239178867422799,12.201756721470954,2.158890670394148,0.04881976808074908
ligue1-2024-2025-05-02-nice-v-reims,2025-05-02,2024,Nice,Reims,1,0,2,0.875,0.0,665.6866286005725,7,5,999,0,1.0,0,999,0,1.0,0,0,0,1608.4108305147363,1448.776802947182,159.6340275675543,0.3333333333333333,0.3333333333333333,0.3333333333333333,0,2.0,1.0,2.0,9.0,8.0,1.4,1.676923076923077,1.523076923076923,1.0461538461538462,1.8,1.6,1.9375,1.4242424242424243,1.625,0.8125,1.4242424242424243,1.2727272727272727,0.35384615384615387,0.18461538461538463,-0.27692307692307705,12.289596697550415,12.37033588345685,4.1808457906541685,12.3234466889063,2.1894196983969327,-0.0807391859064324,3.0,1.0,1.0,6.0,2.0,2.0,1.2307692307692308,1.1384615384615384,1.3692307692307693,1.2,0.4,1.303030303030303,1.15625,1.0909090909090908,1.2424242424242424,1.1875,1.5,0.23076923076923078,0.2923076923076923,0.7692307692307692,12.399126934901318,12.350307166820569,4.239178867422799,12.201756721470954,2.158890670394148,0.04881976808074908
ligue1-2024-2025-05-03-strasbourg-v-paris-sg,2025-05-03,2024,Strasbourg,Paris SG,2,1,2,0.25,0.0,404.8992067304394,7,8,999,0,1.0,0,999,0,1.0,0,0,0,1578.0965940072317,1783.6288692043186,-205.53227519708685,0.3333333333333333,0.3333333333333333,0.3333333333333333,0,3.0,2.0,0.0,10.0,5.0,2.2,1.4307692307692308,1.3692307692307693,1.353846153846154,2.0,1.0,1.75,1.121212121212121,1.59375,1.21875,1.1515151515151516,1.4848484848484849,0.23076923076923078,0.2153846153846154,0.7692307692307694,12.289596697550415,12.37033588345685,4.1808457906541685,12.3234466889063,2.1894196983969327,-0.0807391859064324,3.0,1.0,1.0,11.0,6.0,2.0,2.3692307692307693,2.5384615384615383,0.9846153846153847,2.2,1.2,2.242424242424242,2.5,2.5454545454545454,1.121212121212121,2.53125,0.84375,0.2923076923076923,0.06153846153846154,-0.36923076923076925,12.399126934901318,12.350307166820569,4.239178867422799,12.201756721470954,2.158890670394148,0.04881976808074908
ligue1-2024-2025-05-03-toulouse-v-rennes,2025-05-03,2024,Toulouse,Rennes,2,1,2,0.6666666666666666,0.0,556.5344633984116,6,7,999,0,1.0,0,999,0,1.0,0,0,0,1486.116648519876,1502.8575341948203,-16.740885674944366,0.3333333333333333,0.3333333333333333,0.3333333333333333,0,0.0,1.0,4.0,5.0,10.0,0.2,1.2,1.2307692307692308,1.3076923076923077,1.0,2.0,1.0,1.393939393939394,1.1875,1.40625,1.2727272727272727,1.2121212121212122,0.24615384615384617,0.27692307692307694,-1.0,12.289596697550415,12.37033588345685,4.1808457906541685,12.3234466889063,2.1894196983969327,-0.0807391859064324,3.0,0.0,2.0,11.0,7.0,1.8,1.2923076923076924,1.523076923076923,1.3846153846153846,2.2,1.4,1.5151515151515151,1.0625,1.7272727272727273,1.303030303030303,1.3125,1.46875,0.26153846153846155,0.23076923076923078,0.5076923076923077,12.399126934901318,12.350307166820569,4.239178867422799,12.201756721470954,2.158890670394148,0.04881976808074908
ligue1-2024-2025-05-03-st-etienne-v-monaco,2025-05-03,2024,St Etienne,Monaco,1,3,0,0.0,0.0,307.37794371190523,7,7,999,0,1.0,0,999,0,1.0,0,0,0,1413.5741587158273,1628.6893961726796,-215.11523745685236,0.3333333333333333,0.3333333333333333,0.3333333333333333,0,1.0,1.0,3.0,7.0,14.0,0.8,0.8709677419354839,1.096774193548387,2.2903225806451615,1.4,2.8,1.4,0.375,1.4,1.8,0.8125,2.75,0.12903225806451613,0.3225806451612903,-0.07096774193548383,12.289596697550415,12.37033588345685,4.1808457906541685,12.3234466889063,2.1894196983969327,-0.0807391859064324,2.0,2.0,1.0,7.0,4.0,1.6,1.876923076923077,1.9384615384615385,1.2,1.4,0.8,2.090909090909091,1.65625,2.0,0.9090909090909091,1.875,1.5,0.3384615384615385,0.13846153846153847,-0.2769230769230768,12.399126934901318,12.350307166820569,4.239178867422799,12.201756721470954,2.158890670394148,0.04881976808074908
ligue1-2024-2025-05-04-nantes-v-angers,2025-05-04,2024,Nantes,Angers,0,1,0,0.125,0.0,78.33697648526338,7,7,999,0,1.0,0,999,0,1.0,0,0,0,1426.0330482569955,1406.8701372754651,19.16291098153033,0.3333333333333333,0.3333333333333333,0.3333333333333333,0,1.0,2.0,2.0,6.0,7.0,1.0,1.0,1.0,1.6153846153846154,1.2,1.4,0.9375,1.0606060606060606,1.03125,1.46875,0.9696969696969697,1.7575757575757576,0.2,0.3230769230769231,0.0,12.289596697550415,12.37033588345685,4.1808457906541685,12.3234466889063,2.1894196983969327,-0.0807391859064324,1.0,0.0,4.0,3.0,8.0,0.6,0.967741935483871,0.9354838709677419,1.6129032258064515,0.6,1.6,0.875,1.0666666666666667,1.0,2.0,0.8666666666666667,1.2,0.1935483870967742,0.41935483870967744,-0.367741935483871,12.399126934901318,12.350307166820569,4.239178867422799,12.201756721470954,2.158890670394148,0.04881976808074908
ligue1-2024-2025-05-04-lille-v-marseille,2025-05-04,2024,Lille,Marseille,1,1,1,0.75,0.0,834.3217055250366,7,7,999,0,1.0,0,999,0,1.0,0,0,0,1622.9195516288873,1582.495373504398,40.424178124489345,0.3333333333333333,0.3333333333333333,0.3333333333333333,0,4.0,0.0,1.0,9.0,4.0,2.4,1.7692307692307692,1.5538461538461539,1.0153846153846153,1.8,0.8,2.1875,1.3636363636363635,1.9375,0.9375,1.1818181818181819,1.0909090909090908,0.4,0.12307692307692308,0.6307692307692307,12.289596697550415,12.37033588345685,4.1808457906541685,12.3234466889063,2.1894196983969327,-0.0807391859064324,3.0,0.0,2.0,13.0,10.0,1.8,1.6615384615384616,1.8153846153846154,1.2923076923076924,2.6,2.0,2.0303030303030303,1.28125,2.0606060606060606,1.0303030303030303,1.5625,1.5625,0.18461538461538463,0.24615384615384617,0.1384615384615384,12.399126934901318,12.350307166820569,4.239178867422799,12.201756721470954,2.158890670394148,0.04881976808074908
ligue1-2024-2025-05-04-auxerre-v-le-havre,2025-05-04,2024,Auxerre,Le Havre,1,2,0,0.125,0.0,317.541084685558,7,8,999,0,1.0,0,999,0,1.0,0,0,0,1529.8829062662185,1367.1387046882344,162.7442015779841,0.3333333333333333,0.3333333333333333,0.3333333333333333,0,3.0,0.0,2.0,8.0,6.0,1.8,1.3225806451612903,1.4516129032258065,1.4516129032258065,1.6,1.2,1.7333333333333334,0.9375,1.4666666666666666,0.9333333333333333,1.4375,1.9375,0.3225806451612903,0.22580645161290322,0.4774193548387098,12.289596697550415,12.37033588345685,4.1808457906541685,12.3234466889063,2.1894196983969327,-0.0807391859064324,2.0,1.0,2.0,8.0,10.0,1.4,0.9230769230769231,1.0461538461538462,1.6923076923076923,1.6,2.0,0.9393939393939394,0.90625,0.9696969696969697,1.7272727272727273,1.125,1.65625,0.16923076923076924,0.38461538461538464,0.4769230769230768,12.399126934901318,12.350307166820569,4.239178867422799,12.201756721470954,2.158890670394148,0.04881976808074908
ligue1-2024-2025-05-04-brest-v-montpellier,2025-05-04,2024,Brest,Montpellier,1,0,2,0.75,0.0,831.3163419387308,7,7,999,0,1.0,0,999,0,1.0,0,0,0,1532.6844481561775,1308.7490394724655,223.935408683712,0.3333333333333333,0.3333333333333333,0.3333333333333333,0,2.0,1.0,2.0,11.0,13.0,1.4,1.6153846153846154,1.5692307692307692,1.3384615384615384,2.2,2.6,1.8125,1.4242424242424243,1.65625,1.09375,1.4848484848484849,1.5757575757575757,0.35384615384615387,0.23076923076923078,-0.2153846153846155,12.289596697550415,12.37033588345685,4.1808457906541685,12.3234466889063,2.1894196983969327,-0.0807391859064324,0.0,1.0,4.0,1.0,10.0,0.2,0.8923076923076924,1.0,1.8307692307692307,0.2,2.0,0.9393939393939394,0.84375,1.0909090909090908,1.8181818181818181,0.90625,1.84375,0.16923076923076924,0.4307692307692308,-0.6923076923076923,12.399126934901318,12.350307166820569,4.239178867422799,12.201756721470954,2.158890670394148,0.04881976808074908
ligue1-2024-2025-05-04-lyon-v-lens,2025-05-04,2024,Lyon,Lens,1,2,0,0.25,0.0,543.2607224588958,8,7,999,0,1.0,0,999,0,1.0,0,0,0,1613.25702737236,1493.5613218276749,119.6957055446851,0.3333333333333333,0.3333333333333333,0.3333333333333333,0,3.0,0.0,2.0,12.0,9.0,1.8,1.646153846153846,1.7076923076923076,1.4923076923076923,2.4,1.8,1.78125,1.5151515151515151,1.84375,1.5,1.5757575757575757,1.4848484848484849,0.2923076923076923,0.16923076923076924,0.15384615384615397,12.289596697550415,12.37033588345685,4.1808457906541685,12.3234466889063,2.1894196983969327,-0.0807391859064324,2.0,0.0,3.0,4.0,8.0,1.2,1.476923076923077,1.2307692307692308,1.1384615384615384,0.8,1.6,1.5454545454545454,1.40625,1.2727272727272727,1.2121212121212122,1.1875,1.0625,0.4,0.26153846153846155,-0.27692307692307705,12.399126934901318,12.350307166820569,4.239178867422799,12.201756721470954,2.158890670394148,0.04881976808074908
ligue1-2024-2025-05-10-rennes-v-nice,2025-05-10,2024,Rennes,Nice,2,0,2,0.5,0.0,844.6974651904027,7,8,999,0,1.0,0,999,0,1.0,0,0,0,1495.2090815515935,1612.075555448088,-116.86647389649443,0.3333333333333333,0.3333333333333333,0.3333333333333333,0,2.0,0.0,3.0,9.0,9.0,1.2,1.2727272727272727,1.5151515151515151,1.393939393939394,1.8,1.8,1.5151515151515151,1.0303030303030303,1.7272727272727273,1.303030303030303,1.303030303030303,1.4848484848484849,0.25757575757575757,0.22727272727272727,-0.07272727272727275,12.289596697550415,12.37033588345685,4.1808457906541685,12.3234466889063,2.1894196983969327,-0.0807391859064324,3.0,1.0,1.0,9.0,6.0,2.0,1.696969696969697,1.5151515151515151,1.0303030303030303,1.8,1.2,1.9696969696969697,1.4242424242424243,1.606060606060606,0.7878787878787878,1.4242424242424243,1.2727272727272727,0.36363636363636365,0.18181818181818182,0.303030303030303,12.399126934901318,12.350307166820569,4.239178867422799,12.201756721470954,2.158890670394148,0.04881976808074908
ligue1-2024-2025-05-10-monaco-v-lyon,2025-05-10,2024,Monaco,Lyon,2,0,2,0.5,0.0,297.1280574136071,7,6,999,0,1.0,0,999,0,1.0,0,0,0,1638.310095923972,1597.6604473938742,40.64964853009792,0.3333333333333333,0.3333333333333333,0.3333333333333333,0,2.0,2.0,1.0,8.0,4.0,1.6,1.893939393939394,1.9545454545454546,1.196969696969697,1.6,0.8,2.090909090909091,1.696969696969697,2.0,0.9090909090909091,1.9090909090909092,1.4848484848484849,0.3333333333333333,0.13636363636363635,-0.29393939393939394,12.289596697550415,12.37033588345685,4.1808457906541685,12.3234466889063,2.1894196983969327,-0.0807391859064324,3.0,0.0,2.0,11.0,7.0,1.8,1.621212121212121,1.696969696969697,1.5,2.2,1.4,1.7272727272727273,1.5151515151515151,1.8181818181818181,1.5151515151515151,1.5757575757575757,1.4848484848484849,0.2878787878787879,0.16666666666666666,0.17878787878787894,12.399126934901318,12.350307166820569,4.239178867422799,12.201756721470954,2.158890670394148,0.04881976808074908
ligue1-2024-2025-05-10-le-havre-v-marseille,2025-05-10,2024,Le Havre,Marseille,1,3,0,0.0,0.0,801.8519083335606,6,6,999,0,1.0,0,999,0,1.0,0,0,0,1383.527265454371,1586.3305145414652,-202.80324908709417,0.3333333333333333,0.3333333333333333,0.3333333333333333,0,2.0,1.0,2.0,7.0,9.0,1.4,0.9545454545454546,1.0606060606060606,1.6818181818181819,1.4,1.8,0.9393939393939394,0.9696969696969697,0.9696969696969697,1.7272727272727273,1.1515151515151516,1.6363636363636365,0.16666666666666666,0.3787878787878788,0.4454545454545453,12.289596697550415,12.37033588345685,4.1808457906541685,12.3234466889063,2.1894196983969327,-0.0807391859064324,3.0,1.0,1.0,13.0,8.0,2.0,1.6515151515151516,1.803030303030303,1.2878787878787878,2.6,1.6,2.0303030303030303,1.2727272727272727,2.0606060606060606,1.0303030303030303,1.5454545454545454,1.5454545454545454,0.18181818181818182,0.24242424242424243,0.3484848484848484,12.399126934901318,12.350307166820569,4.239178867422799,12.201756721470954,2.158890670394148,0.04881976808074908
ligue1-2024-2025-05-10-montpellier-v-paris-sg,2025-05-10,2024,Montpellier,Paris SG,1,4,0,0.0,0.0,593.454733547531,6,7,999,0,1.0,0,999,0,1.0,0,0,0,1306.0659674593119,1770.6814967962434,-464.61552933693156,0.3333333333333333,0.3333333333333333,0.3333333333333333,0,0.0,1.0,4.0,1.0,10.0,0.2,0.8787878787878788,0.9848484848484849,1.8181818181818181,0.2,2.0,0.9393939393939394,0.8181818181818182,1.0909090909090908,1.8181818181818181,0.8787878787878788,1.8181818181818181,0.16666666666666666,0.4393939393939394,-0.6787878787878787,12.289596697550415,12.37033588345685,4.1808457906541685,12.3234466889063,2.1894196983969327,-0.0807391859064324,2.0,1.0,2.0,6.0,7.0,1.4,2.3333333333333335,2.515151515151515,1.0,1.2,1.4,2.242424242424242,2.4242424242424243,2.5454545454545454,1.121212121212121,2.484848484848485,0.8787878787878788,0.2878787878787879,0.06060606060606061,-0.9333333333333336,12.399126934901318,12.350307166820569,4.239178867422799,12.201756721470954,2.158890670394148,0.04881976808074908
ligue1-2024-2025-05-10-auxerre-v-nantes,2025-05-10,2024,Auxerre,Nantes,1,1,1,0.25,0.0,388.13126040606693,6,6,999,0,1.0,0,999,0,1.0,0,0,0,1513.4943455000819,1412.731710125796,100.76263537428576,0.3333333333333333,0.3333333333333333,0.3333333333333333,0,2.0,0.0,3.0,8.0,8.0,1.2,1.28125,1.4375,1.46875,1.6,1.6,1.625,0.9375,1.4375,1.0,1.4375,1.9375,0.3125,0.21875,-0.08125000000000004,12.289596697550415,12.37033588345685,4.1808457906541685,12.3234466889063,2.1894196983969327,-0.0807391859064324,1.0,2.0,2.0,4.0,5.0,1.0,0.9848484848484849,0.9848484848484849,1.606060606060606,0.8,1.0,0.9090909090909091,1.0606060606060606,1.0,1.4545454545454546,0.9696969696969697,1.7575757575757576,0.19696969696969696,0.3333333333333333,0.015151515151515138,12.399126934901318,12.350307166820569,4.239178867422799,12.201756721470954,2.158890670394148,0.04881976808074908
ligue1-2024-2025-05-10-toulouse-v-lens,2025-05-10,2024,Toulouse,Lens,1,1,1,0.25,0.0,768.8008670304964,7,6,999,0,1.0,0,999,0,1.0,0,0,0,1493.7651011631028,1509.1579018061607,-15.392800643057853,0.3333333333333333,0.3333333333333333,0.3333333333333333,0,1.0,1.0,3.0,5.0,7.0,0.8,1.2272727272727273,1.2424242424242424,1.303030303030303,1.0,1.4,1.0606060606060606,1.393939393939394,1.2121212121212122,1.393939393939394,1.2727272727272727,1.2121212121212122,0.24242424242424243,0.2727272727272727,-0.42727272727272725,12.289596697550415,12.37033588345685,4.1808457906541685,12.3234466889063,2.1894196983969327,-0.0807391859064324,3.0,0.0,2.0,6.0,8.0,1.8,1.5,1.2424242424242424,1.1363636363636365,1.2,1.6,1.5454545454545454,1.4545454545454546,1.2727272727272727,1.2121212121212122,1.2121212121212122,1.0606060606060606,0.3939393939393939,0.25757575757575757,0.30000000000000004,12.399126934901318,12.350307166820569,4.239178867422799,12.201756721470954,2.158890670394148,0.04881976808074908
ligue1-2024-2025-05-10-brest-v-lille,2025-05-10,2024,Brest,Lille,2,0,2,0.4166666666666667,0.0,602.5557773352601,6,6,999,0,1.0,0,999,0,1.0,0,0,0,1535.367520169331,1619.0844105918202,-83.71689042248909,0.3333333333333333,0.3333333333333333,0.3333333333333333,0,2.0,1.0,2.0,8.0,11.0,1.4,1.6363636363636365,1.5606060606060606,1.3181818181818181,1.6,2.2,1.8484848484848484,1.4242424242424243,1.6363636363636365,1.0606060606060606,1.4848484848484849,1.5757575757575757,0.36363636363636365,0.22727272727272727,-0.23636363636363655,12.289596697550415,12.37033588345685,4.1808457906541685,12.3234466889063,2.1894196983969327,-0.0807391859064324,3.0,1.0,1.0,9.0,5.0,2.0,1.7575757575757576,1.5454545454545454,1.0151515151515151,1.8,1.0,2.1515151515151514,1.3636363636363635,1.9090909090909092,0.9393939393939394,1.1818181818181819,1.0909090909090908,0.3939393939393939,0.12121212121212122,0.24242424242424243,12.399126934901318,12.350307166820569,4.239178867422799,12.201756721470954,2.158890670394148,0.04881976808074908
ligue1-2024-2025-05-10-angers-v-strasbourg,2025-05-10,2024,Angers,Strasbourg,2,1,2,0.5,0.0,627.9748219799196,6,7,999,0,1.0,0,999,0,1.0,0,0,0,1420.1714754066645,1591.0439664153068,-170.87249100864233,0.3333333333333333,0.3333333333333333,0.3333333333333333,0,2.0,0.0,3.0,4.0,5.0,1.2,1.03125,0.9375,1.5625,0.8,1.0,0.875,1.1875,1.0,2.0,0.875,1.125,0.21875,0.40625,0.16874999999999996,12.289596697550415,12.37033588345685,4.1808457906541685,12.3234466889063,2.1894196983969327,-0.0807391859064324,3.0,2.0,0.0,8.0,4.0,2.2,1.4545454545454546,1.378787878787879,1.3484848484848484,1.6,0.8,1.7878787878787878,1.121212121212121,1.606060606060606,1.2121212121212122,1.1515151515151516,1.4848484848484849,0.22727272727272727,0.21212121212121213,0.7454545454545456,12.399126934901318,12.350307166820569,4.239178867422799,12.201756721470954,2.158890670394148,0.04881976808074908
ligue1-2024-2025-05-10-reims-v-st-etienne,2025-05-10,2024,Reims,St Etienne,0,2,0,0.0,0.0,423.31684136945614,8,7,999,0,1.0,0,999,0,1.0,0,0,0,1445.1120780138303,1403.9534589645348,41.15861904929557,0.3333333333333333,0.3333333333333333,0.3333333333333333,0,2.0,1.0,2.0,3.0,2.0,1.4,1.2121212121212122,1.121212121212121,1.3636363636363635,0.6,0.4,1.303030303030303,1.121212121212121,1.0909090909090908,1.2424242424242424,1.1515151515151516,1.4848484848484849,0.22727272727272727,0.30303030303030304,0.18787878787878776,12.289596697550415,12.37033588345685,4.1808457906541685,12.3234466889063,2.1894196983969327,-0.0807391859064324,1.0,1.0,3.0,7.0,11.0,0.8,0.84375,1.09375,2.3125,1.4,2.2,1.3125,0.375,1.375,1.875,0.8125,2.75,0.125,0.3125,-0.043749999999999956,12.399126934901318,12.350307166820569,4.239178867422799,12.201756721470954,2.158890670394148,0.04881976808074908
ligue1-2024-2025-05-17-nantes-v-montpellier,2025-05-17,2024,Nantes,Montpellier,3,0,2,0.875,0.0,580.4176568086543,7,7,999,0,1.0,0,999,0,1.0,0,0,0,1417.9426569470772,1302.283023036722,115.6596339103553,0.3333333333333333,0.3333333333333333,0.3333333333333333,0,0.0,3.0,2.0,3.0,5.0,0.6,0.9850746268656716,0.9850746268656716,1.5970149253731343,0.6,1.0,0.9090909090909091,1.0588235294117647,1.0,1.4545454545454546,0.9705882352941176,1.7352941176470589,0.19402985074626866,0.3283582089552239,-0.3850746268656716,12.289596697550415,12.37033588345685,4.1808457906541685,12.3234466889063,2.1894196983969327,-0.0807391859064324,0.0,1.0,4.0,2.0,12.0,0.2,0.8656716417910447,0.9850746268656716,1.8507462686567164,0.4,2.4,0.9117647058823529,0.8181818181818182,1.088235294117647,1.8823529411764706,0.8787878787878788,1.8181818181818181,0.16417910447761194,0.43283582089552236,-0.6656716417910447,12.399126934901318,12.350307166820569,4.239178867422799,12.201756721470954,2.158890670394148,0.04881976808074908
ligue1-2024-2025-05-17-marseille-v-rennes,2025-05-17,2024,Marseille,Rennes,4,2,2,0.5714285714285714,0.0,766.4381524621508,7,7,999,0,1.0,0,999,0,1.0,0,0,0,1596.4061028090555,1510.0372170267426,86.36888578231287,0.3333333333333333,0.3333333333333333,0.3333333333333333,0,3.0,1.0,1.0,13.0,7.0,2.0,1.671641791044776,1.8208955223880596,1.2835820895522387,2.6,1.4,2.0303030303030303,1.3235294117647058,2.0606060606060606,1.0303030303030303,1.588235294117647,1.5294117647058822,0.1791044776119403,0.23880597014925373,0.32835820895522394,12.289596697550415,12.37033588345685,4.1808457906541685,12.3234466889063,2.1894196983969327,-0.0807391859064324,3.0,0.0,2.0,11.0,8.0,1.8,1.2985074626865671,1.5223880597014925,1.373134328358209,2.2,1.6,1.5588235294117647,1.0303030303030303,1.7352941176470589,1.2647058823529411,1.303030303030303,1.4848484848484849,0.26865671641791045,0.22388059701492538,0.5014925373134329,12.399126934901318,12.350307166820569,4.239178867422799,12.201756721470954,2.158890670394148,0.04881976808074908
ligue1-2024-2025-05-17-lens-v-monaco,2025-05-17,2024,Lens,Monaco,4,0,2,0.35714285714285715,0.0,822.5469199461746,7,7,999,0,1.0,0,999,0,1.0,0,0,0,1511.5460709624415,1647.0206972776523,-135.4746263152108,0.3333333333333333,0.3333333333333333,0.3333333333333333,0,2.0,1.0,2.0,6.0,9.0,1.4,1.492537313432836,1.2388059701492538,1.1343283582089552,1.2,1.8,1.5454545454545454,1.4411764705882353,1.2727272727272727,1.2121212121212122,1.2058823529411764,1.0588235294117647,0.3880597014925373,0.2537313432835821,-0.092537313432836,12.289596697550415,12.37033588345685,4.1808457906541685,12.3234466889063,2.1894196983969327,-0.0807391859064324,3.0,2.0,0.0,9.0,2.0,2.2,1.9104477611940298,1.955223880597015,1.1791044776119404,1.8,0.4,2.1176470588235294,1.696969696969697,2.0,0.8823529411764706,1.9090909090909092,1.4848484848484849,0.34328358208955223,0.13432835820895522,0.28955223880597036,12.399126934901318,12.350307166820569,4.239178867422799,12.201756721470954,2.158890670394148,0.04881976808074908
ligue1-2024-2025-05-17-paris-sg-v-auxerre,2025-05-17,2024,Paris SG,Auxerre,3,1,2,0.875,0.0,152.2245208320034,7,7,999,0,1.0,0,999,0,1.0,0,0,0,1774.4644412188334,1508.2833986788007,266.18104254003265,0.3333333333333333,0.3333333333333333,0.3333333333333333,0,2.0,1.0,2.0,9.0,8.0,1.4,2.343283582089552,2.537313432835821,1.0,1.8,1.6,2.242424242424242,2.4411764705882355,2.5454545454545454,1.121212121212121,2.5294117647058822,0.8823529411764706,0.2835820895522388,0.05970149253731343,-0.9432835820895522,12.289596697550415,12.37033588345685,4.1808457906541685,12.3234466889063,2.1894196983969327,-0.0807391859064324,1.0,1.0,3.0,8.0,9.0,0.8,1.2727272727272727,1.4242424242424243,1.4545454545454546,1.6,1.8,1.588235294117647,0.9375,1.411764705882353,1.0,1.4375,1.9375,0.30303030303030304,0.21212121212121213,-0.47272727272727266,12.399126934901318,12.350307166820569,4.239178867422799,12.201756721470954,2.158890670394148,0.04881976808074908
ligue1-2024-2025-05-17-lille-v-reims,2025-05-17,2024,Lille,Reims,2,1,2,0.75,0.0,163.43788280404343,7,7,999,0,1.0,0,999,0,1.0,0,0,0,1605.6045833261235,1425.5207567207588,180.08382660536472,0.3333333333333333,0.3333333333333333,0.3333333333333333,0,3.0,1.0,1.0,8.0,5.0,2.0,1.7313432835820894,1.5223880597014925,1.0298507462686568,1.6,1.0,2.1515151515151514,1.3235294117647058,1.9090909090909092,0.9393939393939394,1.1470588235294117,1.1176470588235294,0.3880597014925373,0.13432835820895522,0.26865671641791056,12.289596697550415,12.37033588345685,4.1808457906541685,12.3234466889063,2.1894196983969327,-0.0807391859064324,2.0,1.0,2.0,3.0,3.0,1.4,1.1940298507462686,1.1044776119402986,1.373134328358209,0.6,0.6,1.2647058823529411,1.121212121212121,1.0588235294117647,1.2647058823529411,1.1515151515151516,1.4848484848484849,0.22388059701492538,0.31343283582089554,0.20597014925373136,12.399126934901318,12.350307166820569,4.239178867422799,12.201756721470954,2.158890670394148,0.04881976808074908
ligue1-2024-2025-05-17-strasbourg-v-le-havre,2025-05-17,2024,Strasbourg,Le Havre,2,3,0,0.5,0.0,566.9490982566977,7,7,999,0,1.0,0,999,0,1.0,0,0,0,1579.0319226676233,1373.4516771867807,205.58024548084268,0.3333333333333333,0.3333333333333333,0.3333333333333333,0,2.0,2.0,1.0,8.0,6.0,1.6,1.4328358208955223,1.373134328358209,1.3582089552238805,1.6,1.2,1.7878787878787878,1.088235294117647,1.606060606060606,1.2121212121212122,1.1470588235294117,1.5,0.22388059701492538,0.208955223880597,0.16716417910447778,12.289596697550415,12.37033588345685,4.1808457906541685,12.3234466889063,2.1894196983969327,-0.0807391859064324,1.0,1.0,3.0,6.0,12.0,0.8,0.9402985074626866,1.0597014925373134,1.7014925373134329,1.2,2.4,0.9117647058823529,0.9696969696969697,0.9705882352941176,1.7647058823529411,1.1515151515151516,1.6363636363636365,0.16417910447761194,0.373134328358209,-0.14029850746268657,12.399126934901318,12.350307166820569,4.239178867422799,12.201756721470954,2.158890670394148,0.04881976808074908
ligue1-2024-2025-05-17-lyon-v-angers,2025-05-17,2024,Lyon,Angers,2,0,2,0.875,0.0,461.06850790020417,7,7,999,0,1.0,0,999,0,1.0,0,0,0,1588.949846040194,1432.183519154348,156.76632688584596,0.3333333333333333,0.3333333333333333,0.3333333333333333,0,2.0,0.0,3.0,9.0,8.0,1.2,1.5970149253731343,1.671641791044776,1.507462686567164,1.8,1.6,1.7272727272727273,1.4705882352941178,1.8181818181818181,1.5151515151515151,1.5294117647058822,1.5,0.2835820895522388,0.1791044776119403,-0.3970149253731343,12.289596697550415,12.37033588345685,4.1808457906541685,12.3234466889063,2.1894196983969327,-0.0807391859064324,3.0,0.0,2.0,6.0,5.0,1.8,1.0909090909090908,0.9696969696969697,1.5454545454545454,1.2,1.0,1.0,1.1875,1.0588235294117647,1.9411764705882353,0.875,1.125,0.21212121212121213,0.3939393939393939,0.7090909090909092,12.399126934901318,12.350307166820569,4.239178867422799,12.201756721470954,2.158890670394148,0.04881976808074908
ligue1-2024-2025-05-17-st-etienne-v-toulouse,2025-05-17,2024,St Etienne,Toulouse,2,3,0,0.0,0.0,313.8516995518013,7,7,999,0,1.0,0,999,0,1.0,0,0,0,1423.5447802576064,1491.376932006822,-67.83215174921565,0.3333333333333333,0.3333333333333333,0.3333333333333333,0,2.0,1.0,2.0,9.0,10.0,1.4,0.9090909090909091,1.121212121212121,2.242424242424242,1.8,2.0,1.3125,0.5294117647058824,1.375,1.875,0.8823529411764706,2.588235294117647,0.15151515151515152,0.30303030303030304,0.49090909090909085,12.289596697550415,12.37033588345685,4.1808457906541685,12.3234466889063,2.1894196983969327,-0.0807391859064324,1.0,2.0,2.0,4.0,5.0,1.0,1.2238805970149254,1.2388059701492538,1.2985074626865671,0.8,1.0,1.0588235294117647,1.393939393939394,1.2058823529411764,1.3823529411764706,1.2727272727272727,1.2121212121212122,0.23880597014925373,0.26865671641791045,-0.22388059701492535,12.399126934901318,12.350307166820569,4.239178867422799,12.201756721470954,2.158890670394148,0.04881976808074908
ligue1-2024-2025-05-17-nice-v-brest,2025-05-17,2024,Nice,Brest,6,0,2,0.5833333333333334,0.0,1044.4207383793846,7,7,999,0,1.0,0,999,0,1.0,0,0,0,1597.2474199729388,1548.8473474350278,48.400072537911,0.3333333333333333,0.3333333333333333,0.3333333333333333,0,3.0,1.0,1.0,8.0,6.0,2.0,1.671641791044776,1.492537313432836,1.044776119402985,1.6,1.2,1.9696969696969697,1.3823529411764706,1.606060606060606,0.7878787878787878,1.3823529411764706,1.2941176470588236,0.3582089552238806,0.19402985074626866,0.32835820895522394,12.289596697550415,12.37033588345685,4.1808457906541685,12.3234466889063,2.1894196983969327,-0.0807391859064324,2.0,1.0,2.0,8.0,10.0,1.4,1.6567164179104477,1.5671641791044777,1.2985074626865671,1.6,2.0,1.8823529411764706,1.4242424242424243,1.6470588235294117,1.0294117647058822,1.4848484848484849,1.5757575757575757,0.373134328358209,0.22388059701492538,-0.25671641791044775,12.399126934901318,12.350307166820569,4.239178867422799,12.201756721470954,2.158890670394148,0.04881976808074908
ligue1-2025-2025-08-15-rennes-v-marseille,2025-08-15,2025,Rennes,Marseille,1,0,2,0.42857142857142855,0.0,766.4381524621508,30,30,999,0,1.0,0,999,0,1.0,0,0,0,1502.8285146978621,1603.614805137936,-100.7862904400738,0.24241142252776307,0.2626123744050766,0.4949762030671601,1,2.0,0.0,3.0,8.0,11.0,1.2,1.2794117647058822,1.5294117647058822,1.411764705882353,1.6,2.2,1.5588235294117647,1.0,1.7352941176470589,1.2647058823529411,1.3235294117647058,1.5588235294117647,0.2647058823529412,0.22058823529411764,-0.07941176470588229,12.289596697550415,12.37033588345685,4.1808457906541685,12.3234466889063,2.1894196983969327,-0.0807391859064324,4.0,1.0,0.0,17.0,6.0,2.6,1.6911764705882353,1.8529411764705883,1.2941176470588236,3.4,1.2,2.0588235294117645,1.3235294117647058,2.1176470588235294,1.0588235294117647,1.588235294117647,1.5294117647058822,0.17647058823529413,0.23529411764705882,0.9088235294117648,12.399126934901318,12.350307166820569,4.239178867422799,12.201756721470954,2.158890670394148,0.04881976808074908
ligue1-2025-2025-08-16-lens-v-lyon,2025-08-16,2025,Lens,Lyon,0,1,0,0.75,0.0,543.2607224588958,30,30,999,0,1.0,0,999,0,1.0,0,0,0,1533.5810876538637,1594.2027937632029,-60.62170610933913,0.37815975733063706,0.27805864509605666,0.3437815975733064,1,3.0,1.0,1.0,10.0,7.0,2.0,1.5147058823529411,1.2794117647058822,1.1176470588235294,2.0,1.4,1.588235294117647,1.4411764705882353,1.3529411764705883,1.1764705882352942,1.2058823529411764,1.0588235294117647,0.39705882352941174,0.25,0.4852941176470589,12.289596697550415,12.37033588345685,4.1808457906541685,12.3234466889063,2.1894196983969327,-0.0807391859064324,2.0,0.0,3.0,8.0,7.0,1.2,1.6176470588235294,1.6764705882352942,1.4852941176470589,1.6,1.4,1.7647058823529411,1.4705882352941178,1.8235294117647058,1.4705882352941178,1.5294117647058822,1.5,0.29411764705882354,0.17647058823529413,-0.4176470588235295,12.399126934901318,12.350307166820569,4.239178867422799,12.201756721470954,2.158890670394148,0.04881976808074908
ligue1-2025-2025-08-16-monaco-v-le-havre,2025-08-16,2025,Monaco,Le Havre,3,1,2,0.7142857142857143,0.0,849.3032279621074,30,30,999,0,1.0,0,999,0,1.0,0,0,0,1624.98568058623,1390.5135182873942,234.47216229883588,0.7780921584478578,0.13561034761519808,0.08629749393694423,1,2.0,2.0,1.0,6.0,6.0,1.6,1.8823529411764706,1.9264705882352942,1.2205882352941178,1.2,1.2,2.1176470588235294,1.6470588235294117,2.0,0.8823529411764706,1.8529411764705883,1.5588235294117647,0.3382352941176471,0.14705882352941177,-0.2823529411764705,12.289596697550415,12.37033588345685,4.1808457906541685,12.3234466889063,2.1894196983969327,-0.0807391859064324,2.0,1.0,2.0,8.0,9.0,1.4,0.9705882352941176,1.088235294117647,1.7058823529411764,1.6,1.8,0.9117647058823529,1.0294117647058822,0.9705882352941176,1.7647058823529411,1.2058823529411764,1.6470588235294117,0.16176470588235295,0.36764705882352944,0.42941176470588227,12.399126934901318,12.350307166820569,4.239178867422799,12.201756721470954,2.158890670394148,0.04881976808074908
ligue1-2025-2025-08-16-nice-v-toulouse,2025-08-16,2025,Nice,Toulouse,0,1,0,0.3333333333333333,0.0,469.3744281916945,30,30,999,0,1.0,0,999,0,1.0,0,0,0,1611.8728380789178,1502.3001605591126,109.57267751980521,0.4931894569255263,0.2770564302140457,0.22975411286042813,1,4.0,0.0,1.0,12.0,4.0,2.4,1.6911764705882353,1.5588235294117647,1.0294117647058822,2.4,0.8,2.0,1.3823529411764706,1.7352941176470589,0.7647058823529411,1.3823529411764706,1.2941176470588236,0.36764705882352944,0.19117647058823528,0.7088235294117646,12.289596697550415,12.37033588345685,4.1808457906541685,12.3234466889063,2.1894196983969327,-0.0807391859064324,2.0,2.0,1.0,6.0,5.0,1.6,1.25,1.2647058823529411,1.3088235294117647,1.2,1.0,1.0588235294117647,1.4411764705882353,1.2058823529411764,1.3823529411764706,1.3235294117647058,1.2352941176470589,0.23529411764705882,0.2647058823529412,0.3500000000000001,12.399126934901318,12.350307166820569,4.239178867422799,12.201756721470954,2.158890670394148,0.04881976808074908
ligue1-2025-2025-08-17-angers-v-paris-fc,2025-08-17,2025,Angers,Paris FC,1,0,2,0.75,0.0,264.7695812806415,30,7,999,0,1.0,0,999,0,1.0,0,0,0,1426.930571431339,1500.0,-73.0694285686609,0.3055305530553056,0.29142914291429145,0.4030403040304031,1,2.0,0.0,3.0,4.0,7.0,1.2,1.0588235294117647,0.9411764705882353,1.5588235294117647,0.8,1.4,1.0,1.1176470588235294,1.0588235294117647,1.9411764705882353,0.8235294117647058,1.1764705882352942,0.20588235294117646,0.4117647058823529,0.14117647058823524,12.289596697550415,12.37033588345685,4.1808457906541685,12.3234466889063,2.1894196983969327,-0.0807391859064324,1.8771008403361344,1.171218487394958,1.8172268907563025,6.980042016806722,6.847689075630252,1.3964110644257701,1.3873382832485541,1.4018867829775616,1.3774764278309484,1.4377801120448181,1.4112394957983194,1.5523986139019719,1.218961348862106,1.5380375240281081,1.2381949845099693,1.2568217486453637,1.51538844277295,0.27276738482315277,0.2657550619881402,0.009072781177216334,12.399126934901318,12.350307166820569,4.239178867422799,12.201756721470954,2.158890670394148,0.04881976808074908
ligue1-2025-2025-08-17-nantes-v-paris-sg,2025-08-17,2025,Nantes,Paris SG,0,1,0,0.16666666666666666,0.0,331.4965700309614,30,30,999,0,1.0,0,999,0,1.0,0,0,0,1425.7086883409552,1777.5284939733297,-351.8198056323745,0.07304347826086957,0.13565217391304346,0.7913043478260869,1,1.0,3.0,1.0,5.0,3.0,1.2,1.0147058823529411,1.0147058823529411,1.5735294117647058,1.0,0.6,0.9705882352941176,1.0588235294117647,1.0588235294117647,1.411764705882353,0.9705882352941176,1.7352941176470589,0.20588235294117646,0.3235294117647059,0.18529411764705883,12.289596697550415,12.37033588345685,4.1808457906541685,12.3234466889063,2.1894196983969327,-0.0807391859064324,2.0,1.0,2.0,10.0,8.0,1.4,2.3529411764705883,2.5441176470588234,1.0,2.0,1.6,2.264705882352941,2.4411764705882355,2.5588235294117645,1.1176470588235294,2.5294117647058822,0.8823529411764706,0.27941176470588236,0.058823529411764705,-0.9529411764705884,12.399126934901318,12.350307166820569,4.239178867422799,12.201756721470954,2.158890670394148,0.04881976808074908
ligue1-2025-2025-08-17-brest-v-lille,2025-08-17,2025,Brest,Lille,3,3,1,0.4166666666666667,0.0,602.5557773352601,30,30,999,0,1.0,0,999,0,1.0,0,0,0,1534.2219293290489,1608.9299958745744,-74.70806654552553,0.3872529245663574,0.2964905203711174,0.3162565550625252,1,2.0,0.0,3.0,5.0,13.0,1.2,1.6323529411764706,1.5441176470588236,1.3676470588235294,1.0,2.6,1.8823529411764706,1.3823529411764706,1.6470588235294117,1.0294117647058822,1.4411764705882353,1.7058823529411764,0.36764705882352944,0.23529411764705882,-0.4323529411764706,12.289596697550415,12.37033588345685,4.1808457906541685,12.3234466889063,2.1894196983969327,-0.0807391859064324,3.0,1.0,1.0,8.0,5.0,2.0,1.75,1.5294117647058822,1.0294117647058822,1.6,1.0,2.176470588235294,1.3235294117647058,1.911764705882353,0.9411764705882353,1.1470588235294117,1.1176470588235294,0.38235294117647056,0.1323529411764706,0.25,12.399126934901318,12.350307166820569,4.239178867422799,12.201756721470954,2.158890670394148,0.04881976808074908
ligue1-2025-2025-08-17-auxerre-v-lorient,2025-08-17,2025,Auxerre,Lorient,1,0,2,0.75,0.0,519.1665858101768,30,30,999,0,1.0,0,999,0,1.0,0,0,0,1505.2193459243044,1400.866548140903,104.35279778340146,0.37281553398058254,0.29708737864077667,0.33009708737864074,1,1.0,1.0,3.0,8.0,9.0,0.8,1.2352941176470589,1.411764705882353,1.5,1.6,1.8,1.588235294117647,0.8823529411764706,1.411764705882353,1.0,1.411764705882353,2.0,0.29411764705882354,0.20588235294117646,-0.43529411764705883,12.289596697550415,12.37033588345685,4.1808457906541685,12.3234466889063,2.1894196983969327,-0.0807391859064324,1.0,0.0,4.0,8.0,11.0,0.6,0.8529411764705882,1.2647058823529411,1.9411764705882353,1.6,2.2,0.9411764705882353,0.7647058823529411,1.5294117647058822,1.7647058823529411,1.0,2.1176470588235294,0.11764705882352941,0.4117647058823529,-0.2529411764705882,12.399126934901318,12.350307166820569,4.239178867422799,12.201756721470954,2.158890670394148,0.04881976808074908
ligue1-2025-2025-08-17-metz-v-strasbourg,2025-08-17,2025,Metz,Strasbourg,0,1,0,0.0,0.0,131.10177131399777,30,30,999,0,1.0,0,999,0,1.0,0,0,0,1394.5836030331861,1561.9700815670099,-167.38647853382372,0.25339366515837103,0.27149321266968324,0.4751131221719457,1,1.0,0.0,4.0,5.0,9.0,0.6,0.8529411764705882,1.0294117647058822,1.7058823529411764,1.0,1.8,0.7058823529411765,1.0,1.0,1.588235294117647,1.0588235294117647,1.8235294117647058,0.17647058823529413,0.3235294117647059,-0.2529411764705882,12.289596697550415,12.37033588345685,4.1808457906541685,12.3234466889063,2.1894196983969327,-0.0807391859064324,2.0,1.0,2.0,8.0,7.0,1.4,1.411764705882353,1.3823529411764706,1.3823529411764706,1.6,1.4,1.7352941176470589,1.088235294117647,1.6176470588235294,1.2647058823529411,1.1470588235294117,1.5,0.22058823529411764,0.20588235294117646,-0.011764705882353121,12.399126934901318,12.350307166820569,4.239178867422799,12.201756721470954,2.158890670394148,0.04881976808074908
ligue1-2025-2025-08-22-paris-sg-v-angers,2025-08-22,2025,Paris SG,Angers,1,0,2,1.0,0.0,257.21126926641097,5,5,999,0,1.0,0,999,0,1.0,0,0,0,1781.329783358202,1436.1569959160067,345.17278744219516,0.8868193142721557,0.07230988254834501,0.04087080317949935,1,3.0,0.0,2.0,10.0,7.0,1.8,2.36231884057971,2.5217391304347827,0.9855072463768116,2.0,1.4,2.264705882352941,2.4571428571428573,2.5588235294117645,1.1176470588235294,2.4857142857142858,0.8571428571428571,0.2898550724637681,0.057971014492753624,-0.5623188405797099,18.0,6.0,4.0,6.0,1.0,12.0,3.0,0.0,2.0,4.0,5.0,1.8,1.1142857142857143,0.9428571428571428,1.5142857142857142,0.8,1.0,1.1111111111111112,1.1176470588235294,1.0555555555555556,1.8333333333333333,0.8235294117647058,1.1764705882352942,0.22857142857142856,0.4,0.6857142857142857,8.0,17.0,2.0,14.0,4.0,-9.0
ligue1-2025-2025-08-23-marseille-v-paris-fc,2025-08-23,2025,Marseille,Paris FC,5,2,2,0.5,0.0,661.732380441033,8,6,999,0,1.0,0,999,0,1.0,0,0,0,1593.592173918497,1490.7735755153324,102.81859840316474,0.6617257808364214,0.18793012175754367,0.15034409740603494,1,3.0,1.0,1.0,12.0,6.0,2.0,1.6666666666666667,1.826086956521739,1.289855072463768,2.4,1.2,2.0588235294117645,1.2857142857142858,2.1176470588235294,1.0588235294117647,1.542857142857143,1.5142857142857142,0.17391304347826086,0.2463768115942029,0.33333333333333326,24.0,12.0,2.0,11.0,3.0,12.0,0.0,0.0,1.0,0.0,1.0,0.0,0.0,0.0,1.0,0.0,1.0,0.0,0.0,0.0,1.0,0.0,1.0,0.0,1.0,0.0,17.0,8.0,7.0,10.0,1.0,9.0
ligue1-2025-2025-08-23-nice-v-auxerre,2025-08-23,2025,Nice,Auxerre,3,1,2,0.3,0.0,537.2523581843685,7,6,999,0,1.0,0,999,0,1.0,0,0,0,1596.479620608575,1509.9335307834417,86.54608982513332,0.5125,0.25625,0.23125000000000004,1,3.0,0.0,2.0,10.0,4.0,1.8,1.6666666666666667,1.536231884057971,1.0289855072463767,2.0,0.8,1.9428571428571428,1.3823529411764706,1.6857142857142857,0.7714285714285715,1.3823529411764706,1.2941176470588236,0.36231884057971014,0.2028985507246377,0.1333333333333333,13.0,10.0,2.0,12.0,2.0,3.0,2.0,1.0,2.0,8.0,6.0,1.4,1.2857142857142858,1.4,1.457142857142857,1.6,1.2,1.6666666666666667,0.8823529411764706,1.3888888888888888,0.9444444444444444,1.411764705882353,2.0,0.3142857142857143,0.2,0.1142857142857141,7.0,14.0,3.0,18.0,3.0,-7.0
ligue1-2025-2025-08-23-lyon-v-metz,2025-08-23,2025,Lyon,Metz,3,0,2,0.875,0.0,382.19091774610337,7,6,999,0,1.0,0,999,0,1.0,0,0,0,1605.3313637963427,1386.4991816726151,218.83218212372753,0.6756756756756757,0.1891891891891892,0.13513513513513511,1,3.0,0.0,2.0,8.0,5.0,1.8,1.6376811594202898,1.6666666666666667,1.463768115942029,1.6,1.0,1.7647058823529411,1.5142857142857142,1.8235294117647058,1.4705882352941178,1.5142857142857142,1.457142857142857,0.30434782608695654,0.17391304347826086,0.16231884057971024,11.0,18.0,3.0,20.0,3.0,-7.0,0.0,0.0,5.0,4.0,10.0,0.0,0.8285714285714286,1.0,1.6857142857142857,0.8,2.0,0.6666666666666666,1.0,0.9444444444444444,1.5555555555555556,1.0588235294117647,1.8235294117647058,0.17142857142857143,0.34285714285714286,-0.8285714285714286,2.0,9.0,0.0,16.0,2.0,-7.0
ligue1-2025-2025-08-24-le-havre-v-lens,2025-08-24,2025,Le Havre,Lens,1,2,0,0.3333333333333333,0.0,219.96713203595905,8,8,999,0,1.0,0,999,0,1.0,0,0,0,1386.9139711012435,1522.452517620724,-135.5385465194804,0.2253807106598985,0.2629441624365483,0.5116751269035533,1,2.0,1.0,2.0,8.0,10.0,1.4,0.9565217391304348,1.0869565217391304,1.7246376811594204,1.6,2.0,0.9117647058823529,1.0,0.9705882352941176,1.7647058823529411,1.2,1.6857142857142857,0.15942028985507245,0.36231884057971014,0.4434782608695651,9.0,13.0,4.0,14.0,1.0,-4.0,2.0,1.0,2.0,7.0,7.0,1.4,1.4927536231884058,1.2608695652173914,1.1159420289855073,1.4,1.4,1.542857142857143,1.4411764705882353,1.3142857142857143,1.1714285714285715,1.2058823529411764,1.0588235294117647,0.391304347826087,0.2608695652173913,-0.09275362318840585,18.0,11.0,5.0,13.0,2.0,7.0
ligue1-2025-2025-08-24-lorient-v-rennes,2025-08-24,2025,Lorient,Rennes,4,0,2,1.0,0.0,134.43773953799976,7,9,999,0,1.0,0,999,0,1.0,0,0,0,1396.1523632817657,1512.851145917301,-116.69878263553528,0.34343434343434337,0.2861952861952861,0.37037037037037035,1,1.0,0.0,4.0,7.0,8.0,0.6,0.8285714285714286,1.2285714285714286,1.9142857142857144,1.4,1.6,0.9411764705882353,0.7222222222222222,1.5294117647058822,1.7647058823529411,0.9444444444444444,2.0555555555555554,0.11428571428571428,0.42857142857142855,-0.22857142857142865,14.0,7.0,3.0,14.0,2.0,7.0,2.0,0.0,3.0,7.0,10.0,1.2,1.3043478260869565,1.5217391304347827,1.391304347826087,1.4,2.0,1.6,1.0,1.7142857142857142,1.2285714285714286,1.3235294117647058,1.5588235294117647,0.2753623188405797,0.21739130434782608,-0.10434782608695659,12.0,24.0,5.0,8.0,4.0,-12.0
ligue1-2025-2025-08-24-toulouse-v-brest,2025-08-24,2025,Toulouse,Brest,2,0,2,0.42857142857142855,0.0,703.0608682042306,8,7,999,0,1.0,0,999,0,1.0,0,0,0,1517.6933780294553,1533.495252131813,-15.801874102357715,0.43029595015576316,0.27842679127725856,0.29127725856697817,1,3.0,2.0,0.0,7.0,4.0,2.2,1.2753623188405796,1.2608695652173914,1.289855072463768,1.4,0.8,1.0588235294117647,1.4857142857142858,1.2058823529411764,1.3823529411764706,1.3142857142857143,1.2,0.2463768115942029,0.2608695652173913,0.9246376811594206,10.0,13.0,2.0,13.0,3.0,-3.0,2.0,1.0,2.0,7.0,13.0,1.4,1.6231884057971016,1.565217391304348,1.391304347826087,1.4,2.6,1.8571428571428572,1.3823529411764706,1.6857142857142857,1.0857142857142856,1.4411764705882353,1.7058823529411764,0.36231884057971014,0.2318840579710145,-0.22318840579710164,18.0,10.0,5.0,11.0,2.0,8.0
ligue1-2025-2025-08-24-lille-v-monaco,2025-08-24,2025,Lille,Monaco,1,0,2,0.75,0.0,830.8226397080704,7,8,999,0,1.0,0,999,0,1.0,0,0,0,1609.6566730718102,1628.5852277723807,-18.92855470057043,0.2982193064667292,0.2579194001874414,0.44386129334582947,1,2.0,2.0,1.0,8.0,7.0,1.6,1.7391304347826086,1.5507246376811594,1.0579710144927537,1.6,1.4,2.176470588235294,1.3142857142857143,1.911764705882353,0.9411764705882353,1.2,1.1714285714285715,0.37681159420289856,0.13043478260869565,-0.13913043478260856,10.0,18.0,6.0,13.0,1.0,-8.0,3.0,1.0,1.0,9.0,7.0,2.0,1.8985507246376812,1.9420289855072463,1.2173913043478262,1.8,1.4,2.142857142857143,1.6470588235294117,2.0285714285714285,0.8857142857142857,1.8529411764705883,1.5588235294117647,0.3333333333333333,0.14492753623188406,0.10144927536231885,13.0,9.0,3.0,5.0,0.0,4.0
ligue1-2025-2025-08-24-strasbourg-v-nantes,2025-08-24,2025,Strasbourg,Nantes,1,0,2,0.8333333333333334,0.0,706.2569780971394,7,7,999,0,1.0,0,999,0,1.0,0,0,0,1570.0545029275809,1421.907398956083,148.14710397149793,0.5405405405405405,0.27027027027027023,0.1891891891891892,1,3.0,0.0,2.0,9.0,7.0,1.8,1.434782608695652,1.3768115942028984,1.3623188405797102,1.8,1.4,1.7352941176470589,1.1428571428571428,1.6176470588235294,1.2647058823529411,1.1428571428571428,1.457142857142857,0.2318840579710145,0.2028985507246377,0.36521739130434794,9.0,2.0,4.0,13.0,2.0,7.0,1.0,2.0,2.0,4.0,3.0,1.0,1.0,1.0,1.565217391304348,0.8,0.6,0.9428571428571428,1.0588235294117647,1.0285714285714285,1.4,0.9705882352941176,1.7352941176470589,0.2028985507246377,0.3333333333333333,0.0,6.0,18.0,0.0,6.0,1.0,-12.0
ligue1-2025-2025-08-29-lens-v-brest,2025-08-29,2025,Lens,Brest,3,1,2,0.75,0.0,574.5906900951455,5,5,999,0,1.0,0,999,0,1.0,0,0,0,1531.4331885853283,1522.714791913471,8.718396671857363,0.49022277901846506,0.2600904188681301,0.24968680211340488,1,3.0,1.0,1.0,9.0,4.0,2.0,1.5142857142857142,1.2714285714285714,1.1142857142857143,1.8,0.8,1.542857142857143,1.4857142857142858,1.3142857142857143,1.1714285714285715,1.2285714285714286,1.0571428571428572,0.38571428571428573,0.2571428571428571,0.48571428571428577,12.0,14.5,4.0,14.5,1.5,-2.5,2.0,1.0,2.0,6.0,11.0,1.4,1.6,1.542857142857143,1.4,1.2,2.2,1.8571428571428572,1.3428571428571427,1.6857142857142857,1.0857142857142856,1.4,1.7142857142857142,0.35714285714285715,0.24285714285714285,-0.20000000000000018,17.0,8.0,3.5,10.5,1.5,9.0
ligue1-2025-2025-08-30-lorient-v-lille,2025-08-30,2025,Lorient,Lille,1,7,0,0.375,0.0,569.2045962354017,6,6,999,0,1.0,0,999,0,1.0,0,0,0,1417.1128829792633,1617.3646974225944,-200.2518144433311,0.28526829268292686,0.27687804878048783,0.43785365853658537,1,2.0,0.0,3.0,10.0,6.0,1.2,0.8888888888888888,1.3055555555555556,1.8611111111111112,2.0,1.2,1.0555555555555556,0.7222222222222222,1.6666666666666667,1.6666666666666667,0.9444444444444444,2.0555555555555554,0.1388888888888889,0.4166666666666667,0.3111111111111111,18.0,6.0,5.0,16.0,4.0,12.0,2.0,2.0,1.0,7.0,7.0,1.6,1.7571428571428571,1.542857142857143,1.042857142857143,1.4,1.4,2.2,1.3142857142857143,1.8857142857142857,0.9142857142857143,1.2,1.1714285714285715,0.38571428571428573,0.12857142857142856,-0.15714285714285703,14.0,12.0,3.5,10.0,1.0,2.0
ligue1-2025-2025-08-30-nantes-v-auxerre,2025-08-30,2025,Nantes,Auxerre,1,0,2,0.75,0.0,388.13126040606693,6,7,999,0,1.0,0,999,0,1.0,0,0,0,1418.0405914302037,1502.7303063294398,-84.68971489923615,0.37499999999999994,0.28409090909090906,0.34090909090909083,1,1.0,1.0,3.0,4.0,4.0,0.8,0.9857142857142858,0.9857142857142858,1.5571428571428572,0.8,0.8,0.9428571428571428,1.0285714285714285,1.0285714285714285,1.4,0.9428571428571428,1.7142857142857142,0.2,0.34285714285714286,-0.18571428571428572,7.5,16.5,1.0,7.5,1.5,-9.0,1.0,1.0,3.0,5.0,9.0,0.8,1.25,1.3888888888888888,1.5,1.0,1.8,1.6666666666666667,0.8333333333333334,1.3888888888888888,0.9444444444444444,1.3888888888888888,2.0555555555555554,0.3055555555555556,0.19444444444444445,-0.44999999999999996,9.5,15.0,5.5,16.5,3.5,-5.5
ligue1-2025-2025-08-30-toulouse-v-paris-sg,2025-08-30,2025,Toulouse,Paris SG,3,6,0,0.25,0.0,588.0392604779165,6,8,999,0,1.0,0,999,0,1.0,0,0,0,1528.4738382477974,1782.7614470922247,-254.28760884442727,0.1109874826147427,0.17969401947148816,0.7093184979137691,1,4.0,1.0,0.0,9.0,4.0,2.6,1.3,1.2714285714285714,1.2714285714285714,1.8,0.8,1.1142857142857143,1.4857142857142858,1.2285714285714286,1.3428571428571427,1.3142857142857143,1.2,0.2571428571428571,0.2571428571428571,1.3,8.0,14.5,2.5,13.5,1.5,-6.5,4.0,0.0,1.0,10.0,4.0,2.4,2.3714285714285714,2.5,0.9714285714285714,2.0,0.8,2.2857142857142856,2.4571428571428573,2.5142857142857142,1.0857142857142856,2.4857142857142858,0.8571428571428571,0.3,0.05714285714285714,0.02857142857142847,19.5,4.5,4.0,4.5,0.5,15.0
ligue1-2025-2025-08-31-angers-v-rennes,2025-08-31,2025,Angers,Rennes,1,1,1,0.1,0.0,109.88434816339439,9,7,999,0,1.0,0,999,0,1.0,0,0,0,1434.725332181984,1491.8906262198034,-57.16529403781942,0.19838283564166198,0.269233848370827,0.532383315987511,1,3.0,0.0,2.0,4.0,4.0,1.8,1.0833333333333333,0.9166666666666666,1.5,0.8,0.8,1.1111111111111112,1.0555555555555556,1.0555555555555556,1.8333333333333333,0.7777777777777778,1.1666666666666667,0.2222222222222222,0.4166666666666667,0.7166666666666668,5.5,19.0,1.0,11.5,2.0,-13.5,2.0,0.0,3.0,6.0,10.0,1.2,1.2857142857142858,1.5,1.4285714285714286,1.2,2.0,1.6,0.9714285714285714,1.7142857142857142,1.2285714285714286,1.2857142857142858,1.6285714285714286,0.2714285714285714,0.22857142857142856,-0.08571428571428585,8.5,23.0,3.0,7.5,4.0,-14.5
ligue1-2025-2025-08-31-le-havre-v-nice,2025-08-31,2025,Le Havre,Nice,3,1,2,0.4166666666666667,0.0,844.0993952448574,7,8,999,0,1.0,0,999,0,1.0,0,0,0,1377.9333001366392,1603.682845062577,-225.7495449259377,0.30420841683366734,0.28577154308617236,0.41002004008016035,1,2.0,0.0,3.0,8.0,11.0,1.2,0.9428571428571428,1.0857142857142856,1.7285714285714286,1.6,2.2,0.8857142857142857,1.0,0.9714285714285714,1.7714285714285714,1.2,1.6857142857142857,0.15714285714285714,0.35714285714285715,0.2571428571428571,13.5,9.5,5.0,15.5,2.0,4.0,3.0,0.0,2.0,10.0,4.0,1.8,1.6857142857142857,1.5571428571428572,1.0285714285714285,2.0,0.8,1.9722222222222223,1.3823529411764706,1.7222222222222223,0.7777777777777778,1.3823529411764706,1.2941176470588236,0.35714285714285715,0.2,0.11428571428571432,14.5,11.0,4.0,11.0,2.0,3.5
ligue1-2025-2025-08-31-lyon-v-marseille,2025-08-31,2025,Lyon,Marseille,1,0,2,0.3333333333333333,0.0,279.5953816441229,8,8,999,0,1.0,0,999,0,1.0,0,0,0,1610.0980609342757,1601.8126243730546,8.285436561221104,0.3371104815864023,0.2776203966005666,0.38526912181303113,1,3.0,0.0,2.0,7.0,4.0,1.8,1.6571428571428573,1.6857142857142857,1.4428571428571428,1.4,0.8,1.8,1.5142857142857142,1.8571428571428572,1.4285714285714286,1.5142857142857142,1.457142857142857,0.3142857142857143,0.17142857142857143,0.1428571428571428,12.0,14.5,5.5,16.5,1.5,-2.5,3.0,1.0,1.0,13.0,7.0,2.0,1.6857142857142857,1.8714285714285714,1.3,2.6,1.4,2.085714285714286,1.2857142857142858,2.2,1.0857142857142856,1.542857142857143,1.5142857142857142,0.17142857142857143,0.24285714285714285,0.3142857142857143,18.0,10.0,4.5,10.0,2.0,8.0
ligue1-2025-2025-08-31-monaco-v-strasbourg,2025-08-31,2025,Monaco,Strasbourg,3,2,2,0.7142857142857143,0.0,537.9304004859993,7,7,999,0,1.0,0,999,0,1.0,0,0,0,1620.8772034215965,1573.9213104534601,46.95589296813637,0.6677010734089638,0.1805972427125197,0.15170168387851654,1,3.0,0.0,2.0,8.0,7.0,1.8,1.8714285714285714,1.9142857142857144,1.2142857142857142,1.6,1.4,2.142857142857143,1.6,2.0285714285714285,0.8857142857142857,1.8,1.542857142857143,0.32857142857142857,0.15714285714285714,-0.0714285714285714,9.5,13.5,2.0,9.5,1.0,-4.0,3.0,0.0,2.0,7.0,6.0,1.8,1.457142857142857,1.3714285714285714,1.3428571428571427,1.4,1.2,1.7714285714285714,1.1428571428571428,1.6,1.2285714285714286,1.1428571428571428,1.457142857142857,0.24285714285714285,0.2,0.34285714285714297,12.0,5.5,4.0,12.0,2.0,6.5
ligue1-2025-2025-08-31-paris-fc-v-metz,2025-08-31,2025,Paris FC,Metz,3,2,2,1.0,0.0,278.18254671421647,8,8,999,0,1.0,0,999,0,1.0,0,0,0,1482.5531250607748,1381.732484534682,100.8206405260928,0.5503745604647607,0.238036997401009,0.21158844213423023,1,0.0,0.0,2.0,2.0,6.0,0.0,0.0,1.0,3.0,1.0,3.0,0.0,0.0,1.0,3.0,1.0,3.0,0.0,0.5,0.0,12.5,10.0,5.5,11.0,0.5,2.5,0.0,0.0,5.0,3.0,11.0,0.0,0.8055555555555556,0.9722222222222222,1.7222222222222223,0.6,2.2,0.6666666666666666,0.9444444444444444,0.9444444444444444,1.5555555555555556,1.0,1.8888888888888888,0.16666666666666666,0.3611111111111111,-0.8055555555555556,6.5,11.0,1.0,15.5,2.0,-4.5
ligue1-2025-2025-09-12-marseille-v-lorient,2025-09-12,2025,Marseille,Lorient,4,0,2,0.75,0.0,844.2772240208271,12,13,999,0,1.0,0,999,0,1.0,0,0,0,1594.8321852365532,1399.496098091084,195.33608714546926,0.6983240223463686,0.18994413407821228,0.11173184357541899,1,3.0,0.0,2.0,12.0,7.0,1.8,1.6619718309859155,1.8450704225352113,1.295774647887324,2.4,1.4,2.085714285714286,1.25,2.2,1.0857142857142856,1.5,1.5,0.16901408450704225,0.2535211267605634,0.13802816901408455,13.666666666666666,12.333333333333334,3.6666666666666665,10.333333333333334,2.6666666666666665,1.3333333333333321,2.0,0.0,3.0,11.0,11.0,1.2,0.8648648648648649,1.2972972972972974,2.0,2.2,2.2,1.0,0.7222222222222222,1.631578947368421,1.9473684210526316,0.9444444444444444,2.0555555555555554,0.13513513513513514,0.40540540540540543,0.33513513513513504,14.0,10.666666666666666,4.0,15.333333333333334,3.6666666666666665,3.333333333333334
ligue1-2025-2025-09-13-nice-v-nantes,2025-09-13,2025,Nice,Nantes,1,0,2,0.4166666666666667,0.0,790.4235154760573,13,14,999,0,1.0,0,999,0,1.0,0,0,0,1584.6345420232076,1427.6002110176748,157.03433100553275,0.621470932916652,0.22639298270535177,0.1521360843779964,1,2.0,0.0,3.0,10.0,7.0,1.2,1.6619718309859155,1.5492957746478873,1.056338028169014,2.0,1.4,1.9722222222222223,1.3428571428571427,1.7222222222222223,0.7777777777777778,1.3714285714285714,1.3428571428571427,0.352112676056338,0.19718309859154928,-0.46197183098591554,12.0,11.333333333333334,3.6666666666666665,12.666666666666666,2.6666666666666665,0.6666666666666661,2.0,1.0,2.0,5.0,3.0,1.4,1.0140845070422535,0.9859154929577465,1.5352112676056338,1.0,0.6,1.0,1.0285714285714285,1.0277777777777777,1.3611111111111112,0.9428571428571428,1.7142857142857142,0.2112676056338028,0.3380281690140845,0.3859154929577464,6.333333333333333,15.666666666666666,1.6666666666666667,9.333333333333334,1.3333333333333333,-9.333333333333332
ligue1-2025-2025-09-13-auxerre-v-monaco,2025-09-13,2025,Auxerre,Monaco,1,2,0,0.125,0.0,541.1160891482517,14,13,999,0,1.0,0,999,0,1.0,0,0,0,1493.1706867419687,1626.8828822606213,-133.7121955186526,0.18882801015635442,0.2098089001737271,0.6013630896699185,1,1.0,1.0,3.0,4.0,8.0,0.8,1.2162162162162162,1.3513513513513513,1.4864864864864864,0.8,1.6,1.6666666666666667,0.7894736842105263,1.3888888888888888,0.9444444444444444,1.3157894736842106,2.0,0.2972972972972973,0.21621621621621623,-0.4162162162162162,11.0,11.333333333333334,5.0,14.666666666666666,3.3333333333333335,-0.3333333333333339,3.0,0.0,2.0,8.0,8.0,1.8,1.8873239436619718,1.9295774647887325,1.2253521126760563,1.6,1.6,2.1666666666666665,1.6,2.0555555555555554,0.9166666666666666,1.8,1.542857142857143,0.323943661971831,0.15492957746478872,-0.08732394366197171,10.333333333333334,13.0,2.6666666666666665,10.666666666666666,1.3333333333333333,-2.666666666666666
ligue1-2025-2025-09-14-strasbourg-v-le-havre,2025-09-14,2025,Strasbourg,Le Havre,1,0,2,0.5,0.0,566.9490982566977,14,14,999,0,1.0,0,999,0,1.0,0,0,0,1567.9156316144354,1396.9816031760085,170.93402843842682,0.5180518051805181,0.25622562256225623,0.22572257225722572,1,2.0,0.0,3.0,7.0,8.0,1.2,1.4366197183098592,1.380281690140845,1.3661971830985915,1.4,1.6,1.7714285714285714,1.1111111111111112,1.6,1.2285714285714286,1.1666666666666667,1.5,0.23943661971830985,0.19718309859154928,-0.23661971830985928,12.0,7.666666666666667,4.0,12.0,2.3333333333333335,4.333333333333333,2.0,0.0,3.0,9.0,11.0,1.2,0.971830985915493,1.1126760563380282,1.7183098591549295,1.8,2.2,0.9444444444444444,1.0,1.0277777777777777,1.75,1.2,1.6857142857142857,0.15492957746478872,0.352112676056338,0.22816901408450696,13.0,8.666666666666666,6.0,14.666666666666666,1.6666666666666667,4.333333333333334
ligue1-2025-2025-09-14-lille-v-toulouse,2025-09-14,2025,Lille,Toulouse,2,1,2,0.7857142857142857,0.0,792.0037973750112,15,15,999,0,1.0,0,999,0,1.0,0,0,0,1634.9814823107738,1518.3762740559268,116.60520825484696,0.5153374233128833,0.2576687116564417,0.22699386503067484,1,3.0,1.0,1.0,13.0,7.0,2.0,1.7746478873239437,1.619718309859155,1.0422535211267605,2.6,1.4,2.2,1.3611111111111112,1.8857142857142857,0.9142857142857143,1.3611111111111112,1.1666666666666667,0.38028169014084506,0.1267605633802817,0.22535211267605626,16.0,10.0,6.0,12.666666666666666,1.6666666666666667,6.0,3.0,1.0,1.0,10.0,9.0,2.0,1.2816901408450705,1.295774647887324,1.3380281690140845,2.0,1.8,1.0833333333333333,1.4857142857142858,1.2777777777777777,1.4722222222222223,1.3142857142857143,1.2,0.2535211267605634,0.2535211267605634,0.7183098591549295,10.0,14.0,3.6666666666666665,11.333333333333334,1.3333333333333333,-4.0
ligue1-2025-2025-09-14-brest-v-paris-fc,2025-09-14,2025,Brest,Paris FC,1,2,0,0.0,0.0,506.9696629642074,16,14,999,0,1.0,0,999,0,1.0,0,0,0,1512.8589706842986,1487.3409621644055,25.5180085198931,0.3590576766856215,0.27774167343623074,0.3632006498781478,1,1.0,1.0,3.0,6.0,14.0,0.8,1.5774647887323943,1.5352112676056338,1.4225352112676057,1.2,2.8,1.8571428571428572,1.3055555555555556,1.6857142857142857,1.0857142857142856,1.3888888888888888,1.75,0.352112676056338,0.23943661971830985,-0.7774647887323942,14.333333333333334,15.333333333333334,3.0,11.0,2.6666666666666665,-1.0,1.0,0.0,2.0,5.0,8.0,1.0,1.0,1.6666666666666667,2.6666666666666665,1.6666666666666667,2.6666666666666665,3.0,0.0,3.0,2.0,1.0,3.0,0.0,0.3333333333333333,0.0,16.333333333333332,11.333333333333334,6.666666666666667,8.666666666666666,0.6666666666666666,4.999999999999998
ligue1-2025-2025-09-14-rennes-v-lyon,2025-09-14,2025,Rennes,Lyon,3,1,2,0.42857142857142855,0.0,566.0283882163013,14,14,999,0,1.0,0,999,0,1.0,0,0,0,1493.1172993162972,1617.0785000707772,-123.96120075447993,0.37265577737447064,0.2879612825166364,0.33938294010889286,1,2.0,1.0,2.0,6.0,9.0,1.4,1.2816901408450705,1.4929577464788732,1.4225352112676057,1.2,1.8,1.6,0.9722222222222222,1.7142857142857142,1.2285714285714286,1.2777777777777777,1.6111111111111112,0.2676056338028169,0.22535211267605634,0.11830985915492942,10.666666666666666,18.666666666666668,4.333333333333333,8.666666666666666,3.3333333333333335,-8.000000000000002,4.0,0.0,1.0,7.0,2.0,2.4,1.676056338028169,1.676056338028169,1.4225352112676057,1.4,0.4,1.8333333333333333,1.5142857142857142,1.8333333333333333,1.3888888888888888,1.5142857142857142,1.457142857142857,0.323943661971831,0.16901408450704225,0.7239436619718309,13.666666666666666,11.333333333333334,5.333333333333333,16.333333333333332,1.6666666666666667,2.333333333333332
ligue1-2025-2025-09-14-paris-sg-v-lens,2025-09-14,2025,Paris SG,Lens,2,0,2,1.0,0.0,181.57217493042117,15,16,999,0,1.0,0,999,0,1.0,0,0,0,1792.8590112840952,1541.2890098145006,251.57000146959467,0.6936936936936937,0.17153153153153156,0.13477477477477479,1,5.0,0.0,0.0,15.0,5.0,3.0,2.380281690140845,2.5492957746478875,1.0,3.0,1.0,2.2857142857142856,2.4722222222222223,2.5142857142857142,1.0857142857142856,2.5833333333333335,0.9166666666666666,0.29577464788732394,0.056338028169014086,0.619718309859155,17.333333333333332,7.666666666666667,5.333333333333333,6.666666666666667,0.3333333333333333,9.666666666666664,3.0,1.0,1.0,10.0,4.0,2.0,1.5352112676056338,1.295774647887324,1.1126760563380282,2.0,0.8,1.5833333333333333,1.4857142857142858,1.3611111111111112,1.1666666666666667,1.2285714285714286,1.0571428571428572,0.38028169014084506,0.2535211267605634,0.46478873239436624,18.0,12.666666666666666,6.0,12.0,1.3333333333333333,5.333333333333334
ligue1-2025-2025-09-14-metz-v-angers,2025-09-14,2025,Metz,Angers,1,1,1,0.25,0.0,528.203111567241,14,14,999,0,1.0,0,999,0,1.0,0,0,0,1376.9446474310514,1433.49865908549,-56.55401165443868,0.42285270112708895,0.27982899339292655,0.29731830547998445,1,0.0,0.0,5.0,3.0,11.0,0.0,0.7837837837837838,1.0,1.7567567567567568,0.6,2.2,0.6666666666666666,0.8947368421052632,0.9444444444444444,1.5555555555555556,1.0526315789473684,1.9473684210526316,0.16216216216216217,0.35135135135135137,-0.7837837837837838,9.0,15.333333333333334,1.3333333333333333,13.0,2.3333333333333335,-6.333333333333334,2.0,1.0,2.0,4.0,5.0,1.4,1.0810810810810811,0.918918918918919,1.4864864864864864,0.8,1.0,1.105263157894737,1.0555555555555556,1.0526315789473684,1.7894736842105263,0.7777777777777778,1.1666666666666667,0.21621621621621623,0.40540540540540543,0.31891891891891877,7.0,17.666666666666668,3.0,10.666666666666666,2.0,-10.666666666666668
ligue1-2025-2025-09-19-lyon-v-angers,2025-09-19,2025,Lyon,Angers,1,0,2,0.875,0.0,461.06850790020417,5,5,999,0,1.0,0,999,0,1.0,0,0,0,1601.9625829983868,1434.7426578026718,167.21992519571495,0.6424335602899187,0.21128925982868438,0.14627717988139688,1,4.0,0.0,1.0,8.0,3.0,2.4,1.6527777777777777,1.6666666666666667,1.4444444444444444,1.6,0.6,1.8333333333333333,1.4722222222222223,1.8333333333333333,1.3888888888888888,1.5,1.5,0.3194444444444444,0.16666666666666666,0.7472222222222222,12.25,14.25,5.25,15.5,2.25,-2.0,1.0,2.0,2.0,3.0,5.0,1.0,1.0789473684210527,0.9210526315789473,1.4736842105263157,0.6,1.0,1.105263157894737,1.0526315789473684,1.0526315789473684,1.7894736842105263,0.7894736842105263,1.1578947368421053,0.21052631578947367,0.39473684210526316,-0.07894736842105265,8.0,15.5,3.25,9.75,1.75,-7.5
ligue1-2025-2025-09-20-nantes-v-rennes,2025-09-20,2025,Nantes,Rennes,2,2,1,0.25,0.0,95.03828213317865,7,6,999,0,1.0,0,999,0,1.0,0,0,0,1423.8904799541565,1508.2332163886877,-84.34273643453116,0.2315873345804753,0.27128802050855677,0.4971246449109679,1,2.0,0.0,3.0,4.0,3.0,1.2,1.0,0.9722222222222222,1.5277777777777777,0.8,0.6,1.0,1.0,1.0277777777777777,1.3611111111111112,0.9166666666666666,1.6944444444444444,0.20833333333333334,0.3472222222222222,0.19999999999999996,8.25,16.5,2.0,10.25,1.0,-8.25,2.0,1.0,2.0,7.0,10.0,1.4,1.3055555555555556,1.5138888888888888,1.4166666666666667,1.4,2.0,1.6388888888888888,0.9722222222222222,1.75,1.2222222222222223,1.2777777777777777,1.6111111111111112,0.2638888888888889,0.2222222222222222,0.09444444444444433,13.75,16.0,4.5,11.0,3.0,-2.25
ligue1-2025-2025-09-20-brest-v-nice,2025-09-20,2025,Brest,Nice,4,1,2,0.4166666666666667,0.0,1044.4207383793846,6,7,999,0,1.0,0,999,0,1.0,0,0,0,1499.395649896423,1588.344273086726,-88.9486231903029,0.31870669745958424,0.26558891454965355,0.4157043879907621,1,0.0,1.0,4.0,5.0,16.0,0.2,1.5555555555555556,1.5277777777777777,1.4305555555555556,1.0,3.2,1.8055555555555556,1.3055555555555556,1.6666666666666667,1.1111111111111112,1.3888888888888888,1.75,0.3472222222222222,0.2361111111111111,-1.3555555555555556,16.5,13.25,4.25,11.0,2.0,3.25,3.0,0.0,2.0,11.0,5.0,1.8,1.6805555555555556,1.5416666666666667,1.0416666666666667,2.2,1.0,2.0,1.3428571428571427,1.7027027027027026,0.7567567567567568,1.3714285714285714,1.3428571428571427,0.3611111111111111,0.19444444444444445,0.11944444444444446,13.75,12.0,4.75,13.5,2.5,1.75
ligue1-2025-2025-09-20-lens-v-lille,2025-09-20,2025,Lens,Lille,3,0,2,0.25,0.0,29.920230271899374,6,6,999,0,1.0,0,999,0,1.0,0,0,0,1537.987480900313,1639.4462968331732,-101.45881593286026,0.4317656129529684,0.27139552814186585,0.2968388589051658,1,3.0,0.0,2.0,9.0,5.0,1.8,1.5138888888888888,1.2777777777777777,1.125,1.8,1.0,1.5833333333333333,1.4444444444444444,1.3611111111111112,1.1666666666666667,1.1944444444444444,1.0833333333333333,0.375,0.2638888888888889,0.2861111111111112,16.25,13.0,5.25,11.0,1.5,3.25,4.0,1.0,0.0,15.0,6.0,2.6,1.7916666666666667,1.625,1.0416666666666667,3.0,1.2,2.2222222222222223,1.3611111111111112,1.8888888888888888,0.9166666666666666,1.3611111111111112,1.1666666666666667,0.375,0.125,0.8083333333333333,17.0,9.75,5.75,12.5,1.75,7.25
ligue1-2025-2025-09-21-paris-fc-v-strasbourg,2025-09-21,2025,Paris FC,Strasbourg,2,3,0,0.5,0.0,395.68643186639076,7,7,999,0,1.0,0,999,0,1.0,0,0,0,1500.804282952281,1571.3896505395226,-70.58536758724154,0.4041204437400951,0.2793185419968304,0.3165610142630745,1,2.0,0.0,2.0,7.0,9.0,1.5,1.5,1.75,2.25,1.75,2.25,3.0,1.0,3.0,2.0,1.3333333333333333,2.3333333333333335,0.0,0.25,0.0,14.0,14.25,6.0,9.0,1.5,-0.25,3.0,0.0,2.0,7.0,6.0,1.8,1.4583333333333333,1.375,1.3472222222222223,1.4,1.2,1.8055555555555556,1.1111111111111112,1.5833333333333333,1.1944444444444444,1.1666666666666667,1.5,0.25,0.19444444444444445,0.3416666666666668,11.25,8.25,4.75,11.0,2.75,3.0
ligue1-2025-2025-09-21-monaco-v-metz,2025-09-21,2025,Monaco,Metz,5,2,2,1.0,0.0,605.781717920081,8,7,999,0,1.0,0,999,0,1.0,0,0,0,1635.9156010580996,1375.7006487138697,260.2149523442299,0.7251483679525222,0.16394658753709201,0.11090504451038577,1,3.0,0.0,2.0,8.0,9.0,1.8,1.9027777777777777,1.9305555555555556,1.2222222222222223,1.6,1.8,2.1666666666666665,1.6388888888888888,2.0555555555555554,0.9166666666666666,1.8055555555555556,1.5277777777777777,0.3194444444444444,0.1527777777777778,-0.10277777777777763,11.0,12.0,2.75,12.75,2.5,-1.0,0.0,1.0,4.0,3.0,10.0,0.2,0.7894736842105263,1.0,1.736842105263158,0.6,2.0,0.6842105263157895,0.8947368421052632,0.9473684210526315,1.5263157894736843,1.0526315789473684,1.9473684210526316,0.15789473684210525,0.34210526315789475,-0.5894736842105264,9.0,14.25,2.25,12.25,1.75,-5.25
ligue1-2025-2025-09-21-le-havre-v-lorient,2025-09-21,2025,Le Havre,Lorient,1,1,1,0.75,0.0,320.6626057493012,7,9,999,0,1.0,0,999,0,1.0,0,0,0,1393.5075842509214,1393.317963813893,0.18962043702845222,0.47291361639824303,0.2781844802342606,0.24890190336749632,1,2.0,0.0,3.0,8.0,9.0,1.2,0.9583333333333334,1.0972222222222223,1.7083333333333333,1.6,1.8,0.9444444444444444,0.9722222222222222,1.0277777777777777,1.75,1.1666666666666667,1.6666666666666667,0.1527777777777778,0.3611111111111111,0.24166666666666659,12.25,8.75,4.75,15.0,1.75,3.5,2.0,0.0,3.0,10.0,12.0,1.2,0.8421052631578947,1.263157894736842,2.0526315789473686,2.0,2.4,1.0,0.6842105263157895,1.631578947368421,1.9473684210526316,0.8947368421052632,2.1578947368421053,0.13157894736842105,0.42105263157894735,0.35789473684210527,11.5,11.75,3.25,12.75,3.75,-0.25
ligue1-2025-2025-09-21-auxerre-v-toulouse,2025-09-21,2025,Auxerre,Toulouse,1,0,2,0.5,0.0,497.2608128320571,8,7,999,0,1.0,0,999,0,1.0,0,0,0,1484.1379679444904,1513.9114595335275,-29.77349158903712,0.2796610169491525,0.288135593220339,0.43220338983050843,1,1.0,0.0,4.0,4.0,9.0,0.6,1.1842105263157894,1.3421052631578947,1.5,0.8,1.8,1.5789473684210527,0.7894736842105263,1.368421052631579,1.0,1.3157894736842106,2.0,0.2894736842105263,0.21052631578947367,-0.5842105263157894,10.5,11.75,4.25,14.0,3.75,-1.25,3.0,0.0,2.0,10.0,10.0,1.8,1.2638888888888888,1.2916666666666667,1.3472222222222223,2.0,2.0,1.0833333333333333,1.4444444444444444,1.2777777777777777,1.4722222222222223,1.3055555555555556,1.2222222222222223,0.25,0.25,0.5361111111111112,9.75,15.5,3.75,11.0,2.25,-5.75
ligue1-2025-2025-09-22-marseille-v-paris-sg,2025-09-22,2025,Marseille,Paris SG,1,0,2,0.14285714285714285,0.0,665.2028643500363,10,8,999,0,1.0,0,999,0,1.0,0,0,0,1601.0103195137442,1796.160540198283,-195.15022068453868,0.23725953425582186,0.249746878164023,0.5129935875801553,1,3.0,0.0,2.0,13.0,6.0,1.8,1.6805555555555556,1.875,1.2777777777777777,2.6,1.2,2.111111111111111,1.25,2.25,1.0555555555555556,1.5,1.5,0.18055555555555555,0.25,0.11944444444444446,14.0,10.25,4.75,12.25,2.75,3.75,5.0,0.0,0.0,13.0,4.0,3.0,2.388888888888889,2.5416666666666665,0.9861111111111112,2.6,0.8,2.3055555555555554,2.4722222222222223,2.5,1.0555555555555556,2.5833333333333335,0.9166666666666666,0.3055555555555556,0.05555555555555555,0.6111111111111112,16.5,8.5,5.5,7.5,0.5,8.0
ligue1-2025-2025-09-26-strasbourg-v-marseille,2025-09-26,2025,Strasbourg,Marseille,1,2,0,0.42857142857142855,0.0,615.9042624672749,5,4,999,0,1.0,0,999,0,1.0,0,0,0,1582.2342547302885,1613.6824889444454,-31.448234214156855,0.2968388589051658,0.27139552814186585,0.4317656129529684,1,4.0,0.0,1.0,8.0,5.0,2.4,1.4794520547945205,1.3972602739726028,1.356164383561644,1.6,1.0,1.8055555555555556,1.162162162162162,1.5833333333333333,1.1944444444444444,1.2162162162162162,1.5135135135135136,0.2465753424657534,0.1917808219178082,0.9205479452054794,10.6,10.2,4.6,10.8,3.2,0.40000000000000036,3.0,0.0,2.0,10.0,4.0,1.8,1.6986301369863013,1.8630136986301369,1.2602739726027397,2.0,0.8,2.135135135135135,1.25,2.2162162162162162,1.027027027027027,1.5,1.5,0.1917808219178082,0.2465753424657534,0.10136986301369877,13.0,10.6,4.2,13.0,2.8,2.4000000000000004
ligue1-2025-2025-09-27-lorient-v-monaco,2025-09-27,2025,Lorient,Monaco,3,1,2,0.75,0.0,947.4178585943507,6,6,999,0,1.0,0,999,0,1.0,0,0,0,1396.1242924732692,1639.7847580777195,-243.66046560445034,0.24896952615818213,0.25569843227056543,0.49533204157125243,1,1.0,1.0,3.0,6.0,13.0,0.8,0.8461538461538461,1.2564102564102564,2.0256410256410255,1.2,2.6,1.0,0.7,1.631578947368421,1.9473684210526316,0.9,2.1,0.1282051282051282,0.41025641025641024,-0.0461538461538461,10.8,12.0,3.4,13.2,4.2,-1.1999999999999993,4.0,0.0,1.0,13.0,7.0,2.4,1.917808219178082,1.9726027397260273,1.2328767123287672,2.6,1.4,2.189189189189189,1.6388888888888888,2.135135135135135,0.9459459459459459,1.8055555555555556,1.5277777777777777,0.3150684931506849,0.1506849315068493,0.4821917808219178,12.0,11.2,3.4,13.2,2.2,0.8000000000000007
ligue1-2025-2025-09-27-paris-sg-v-auxerre,2025-09-27,2025,Paris SG,Auxerre,2,0,2,0.875,0.0,152.2245208320034,5,6,999,0,1.0,0,999,0,1.0,0,0,0,1783.4883707675817,1492.1437710273956,291.34459974018614,0.7913043478260869,0.13565217391304346,0.07304347826086957,1,4.0,0.0,1.0,10.0,4.0,2.4,2.356164383561644,2.506849315068493,0.9863013698630136,2.0,0.8,2.3055555555555554,2.4054054054054053,2.5,1.0555555555555556,2.5135135135135136,0.918918918918919,0.3013698630136986,0.0684931506849315,0.043835616438355984,15.6,8.6,5.4,7.4,0.4,7.0,2.0,0.0,3.0,4.0,6.0,1.2,1.2307692307692308,1.3333333333333333,1.4615384615384615,0.8,1.2,1.65,0.7894736842105263,1.35,0.95,1.3157894736842106,2.0,0.3076923076923077,0.20512820512820512,-0.030769230769230882,9.6,12.0,3.6,13.6,3.6,-2.4000000000000004
ligue1-2025-2025-09-27-toulouse-v-nantes,2025-09-27,2025,Toulouse,Nantes,2,2,1,0.5,0.0,469.10735603864345,6,7,999,0,1.0,0,999,0,1.0,0,0,0,1505.9056564506222,1423.440132508262,82.46552394236028,0.556783031374282,0.2629253203711887,0.18029164825452937,1,2.0,0.0,3.0,7.0,9.0,1.2,1.2465753424657535,1.273972602739726,1.3424657534246576,1.4,1.8,1.0833333333333333,1.4054054054054055,1.2777777777777777,1.4722222222222223,1.2702702702702702,1.2162162162162162,0.2465753424657534,0.2602739726027397,-0.046575342465753566,10.4,13.6,3.6,12.8,3.0,-3.1999999999999993,1.0,1.0,3.0,3.0,5.0,0.8,1.0,0.9863013698630136,1.5342465753424657,0.6,1.0,1.0,1.0,1.054054054054054,1.3783783783783783,0.9166666666666666,1.6944444444444444,0.2054794520547945,0.3424657534246575,-0.19999999999999996,9.8,14.8,2.4,11.0,1.4,-5.0
ligue1-2025-2025-09-28-rennes-v-lens,2025-09-28,2025,Rennes,Lens,0,0,1,0.3333333333333333,0.0,413.9592539188141,8,8,999,0,1.0,0,999,0,1.0,0,0,0,1508.6835638345822,1555.3807140672463,-46.69715023266417,0.35935014998087494,0.2700259698427717,0.3706238801763534,1,2.0,2.0,1.0,7.0,8.0,1.6,1.3013698630136987,1.5205479452054795,1.4246575342465753,1.4,1.6,1.6388888888888888,0.972972972972973,1.75,1.2222222222222223,1.2972972972972974,1.6216216216216217,0.2602739726027397,0.2191780821917808,0.29863013698630136,12.6,16.0,4.4,12.4,2.6,-3.4000000000000004,3.0,0.0,2.0,8.0,5.0,1.8,1.5342465753424657,1.3013698630136987,1.1095890410958904,1.6,1.0,1.6216216216216217,1.4444444444444444,1.4054054054054055,1.135135135135135,1.1944444444444444,1.0833333333333333,0.3835616438356164,0.2602739726027397,0.2657534246575344,16.0,13.8,5.4,12.2,1.4,2.1999999999999993
ligue1-2025-2025-09-28-angers-v-brest,2025-09-28,2025,Angers,Brest,0,2,0,0.375,0.0,312.2985985315176,9,8,999,0,1.0,0,999,0,1.0,0,0,0,1431.2068368342534,1516.1654057208307,-84.95856888657727,0.28681610026512416,0.31549771029163654,0.39768618944323936,1,1.0,2.0,2.0,3.0,4.0,1.0,1.0512820512820513,0.8974358974358975,1.4615384615384615,0.6,0.8,1.105263157894737,1.0,1.0526315789473684,1.7894736842105263,0.75,1.15,0.20512820512820512,0.41025641025641024,-0.05128205128205132,8.4,15.6,3.0,9.8,1.8,-7.199999999999999,1.0,1.0,3.0,9.0,11.0,0.8,1.5753424657534247,1.5616438356164384,1.4246575342465753,1.8,2.2,1.837837837837838,1.3055555555555556,1.7297297297297298,1.1081081081081081,1.3888888888888888,1.75,0.3424657534246575,0.2328767123287671,-0.7753424657534247,15.4,14.8,4.4,12.2,1.8,0.5999999999999996
ligue1-2025-2025-09-28-metz-v-le-havre,2025-09-28,2025,Metz,Le Havre,0,0,1,0.625,0.0,441.51603152901566,7,7,999,0,1.0,0,999,0,1.0,0,0,0,1371.8314916942497,1390.701255591545,-18.869763897295343,0.37101212924268684,0.2911018244827235,0.33788604627458974,1,0.0,1.0,4.0,5.0,13.0,0.2,0.7692307692307693,1.0256410256410255,1.8205128205128205,1.0,2.6,0.6842105263157895,0.85,0.9473684210526315,1.5263157894736843,1.1,2.1,0.15384615384615385,0.3333333333333333,-0.5692307692307692,8.8,14.6,2.4,11.0,1.4,-5.799999999999999,1.0,1.0,3.0,6.0,8.0,0.8,0.958904109589041,1.095890410958904,1.6986301369863013,1.2,1.6,0.9459459459459459,0.9722222222222222,1.027027027027027,1.7297297297297298,1.1666666666666667,1.6666666666666667,0.1506849315068493,0.3561643835616438,-0.158904109589041,12.4,8.6,4.2,16.0,2.0,3.8000000000000007
ligue1-2025-2025-09-28-lille-v-lyon,2025-09-28,2025,Lille,Lyon,0,1,0,0.25,0.0,555.9982645185426,8,9,999,0,1.0,0,999,0,1.0,0,0,0,1622.0530636662397,1605.4984039668052,16.554659699434524,0.41929720071471116,0.2858844550327576,0.2948183442525313,1,3.0,1.0,1.0,13.0,8.0,2.0,1.7671232876712328,1.6027397260273972,1.0684931506849316,2.6,1.6,2.2222222222222223,1.3243243243243243,1.8888888888888888,0.9166666666666666,1.3243243243243243,1.2162162162162162,0.3698630136986301,0.136986301369863,0.23287671232876717,17.0,10.8,5.2,12.2,2.0,6.199999999999999,4.0,0.0,1.0,7.0,3.0,2.4,1.6712328767123288,1.6575342465753424,1.4246575342465753,1.4,0.6,1.864864864864865,1.4722222222222223,1.8108108108108107,1.3513513513513513,1.5,1.5,0.3287671232876712,0.1643835616438356,0.7287671232876711,13.0,13.4,5.2,15.6,2.2,-0.40000000000000036
ligue1-2025-2025-09-28-nice-v-paris-fc,2025-09-28,2025,Nice,Paris FC,1,1,1,0.16666666666666666,0.0,683.4105943788709,8,7,999,0,1.0,0,999,0,1.0,0,0,0,1571.5745172623183,1489.959678761515,81.61483850080322,0.44715447154471544,0.2682926829268293,0.28455284552845533,1,2.0,0.0,3.0,6.0,9.0,1.2,1.6575342465753424,1.5342465753424657,1.082191780821918,1.2,1.8,2.0,1.3055555555555556,1.7027027027027026,0.7567567567567568,1.3611111111111112,1.4166666666666667,0.3561643835616438,0.1917808219178082,-0.4575342465753425,15.2,11.8,4.6,13.0,2.6,3.3999999999999986,2.0,0.0,3.0,9.0,12.0,1.2,1.2,1.8,2.4,1.8,2.4,1.5,1.0,2.5,2.5,1.3333333333333333,2.3333333333333335,0.0,0.2,0.0,14.8,13.0,6.0,9.4,1.4,1.8000000000000007
ligue1-2025-2025-10-03-paris-fc-v-lorient,2025-10-03,2025,Paris FC,Lorient,2,0,2,0.75,0.0,441.91578998384784,5,6,999,0,1.0,0,999,0,1.0,0,0,0,1494.7577179439043,1415.8020889438856,78.95562900001869,0.5496094879953717,0.25021695111368236,0.20017356089094587,1,2.0,1.0,2.0,10.0,12.0,1.4,1.1666666666666667,1.6666666666666667,2.1666666666666665,2.0,2.4,1.5,1.0,2.5,2.5,1.25,2.0,0.0,0.16666666666666666,0.23333333333333317,14.5,12.666666666666666,5.5,10.166666666666666,1.3333333333333333,1.833333333333334,2.0,1.0,2.0,9.0,13.0,1.4,0.9,1.3,2.0,1.8,2.6,1.1,0.7,1.7,1.9,0.9,2.1,0.125,0.4,0.4999999999999999,12.166666666666666,10.833333333333334,4.166666666666667,12.666666666666666,3.8333333333333335,1.3333333333333321
ligue1-2025-2025-10-04-metz-v-marseille,2025-10-04,2025,Metz,Marseille,0,3,0,0.25,0.0,651.9782095988006,6,8,999,0,1.0,0,999,0,1.0,0,0,0,1369.5379128623335,1625.6303556632693,-256.0924428009357,0.1710966987400989,0.22951996172452294,0.5993833395353783,1,0.0,2.0,3.0,5.0,12.0,0.4,0.775,1.0,1.775,1.0,2.4,0.7,0.85,0.9,1.45,1.1,2.1,0.175,0.35,-0.375,8.5,14.0,2.0,11.833333333333334,1.5,-5.5,4.0,0.0,1.0,12.0,4.0,2.4,1.7162162162162162,1.864864864864865,1.2567567567567568,2.4,0.8,2.135135135135135,1.2972972972972974,2.2162162162162162,1.027027027027027,1.5135135135135136,1.4864864864864864,0.1891891891891892,0.24324324324324326,0.6837837837837837,13.5,10.333333333333334,5.0,13.333333333333334,3.0,3.166666666666666
ligue1-2025-2025-10-04-brest-v-nantes,2025-10-04,2025,Brest,Nantes,0,0,1,0.75,0.0,254.4724542753612,6,7,999,0,1.0,0,999,0,1.0,0,0,0,1530.9194106261723,1428.2569975661215,102.66241306005077,0.49799419006778256,0.2642135841748513,0.23779222575736617,1,2.0,0.0,3.0,8.0,8.0,1.2,1.5945945945945945,1.5675675675675675,1.4054054054054055,1.6,1.6,1.837837837837838,1.3513513513513513,1.7297297297297298,1.1081081081081081,1.4054054054054055,1.7027027027027026,0.35135135135135137,0.22972972972972974,-0.39459459459459456,14.0,14.166666666666666,4.166666666666667,12.333333333333334,1.6666666666666667,-0.16666666666666607,1.0,2.0,2.0,5.0,6.0,1.0,1.0,1.0,1.5405405405405406,1.0,1.2,1.0,1.0,1.054054054054054,1.3783783783783783,0.9459459459459459,1.7027027027027026,0.20270270270270271,0.33783783783783783,0.0,10.166666666666666,15.666666666666666,2.3333333333333335,11.166666666666666,1.6666666666666667,-5.5
ligue1-2025-2025-10-04-auxerre-v-lens,2025-10-04,2025,Auxerre,Lens,1,2,0,0.3,0.0,298.510290385125,7,6,999,0,1.0,0,999,0,1.0,0,0,0,1489.453608543766,1556.902968970593,-67.44936042682707,0.2781844802342606,0.24890190336749632,0.47291361639824303,1,1.0,0.0,4.0,3.0,8.0,0.6,1.2,1.3,1.475,0.6,1.6,1.65,0.75,1.35,0.95,1.25,2.0,0.3,0.225,-0.6,10.0,12.5,3.5,13.0,3.3333333333333335,-2.5,3.0,1.0,1.0,8.0,4.0,2.0,1.527027027027027,1.2837837837837838,1.0945945945945945,1.6,0.8,1.6216216216216217,1.4324324324324325,1.4054054054054055,1.135135135135135,1.162162162162162,1.054054054054054,0.3918918918918919,0.2702702702702703,0.472972972972973,15.5,13.833333333333334,4.833333333333333,11.666666666666666,1.8333333333333333,1.666666666666666
ligue1-2025-2025-10-05-lyon-v-toulouse,2025-10-05,2025,Lyon,Toulouse,1,2,0,0.6428571428571429,0.0,370.8569193679967,7,8,999,0,1.0,0,999,0,1.0,0,0,0,1618.7326875841154,1501.0887913927627,117.64389619135272,0.4652011310772599,0.2804889172671714,0.25430995165556874,1,4.0,0.0,1.0,7.0,3.0,2.4,1.6891891891891893,1.6486486486486487,1.4054054054054055,1.4,0.6,1.864864864864865,1.5135135135135136,1.8108108108108107,1.3513513513513513,1.4864864864864864,1.4594594594594594,0.33783783783783783,0.16216216216216217,0.7108108108108107,11.666666666666666,13.5,4.666666666666667,17.0,2.5,-1.833333333333334,1.0,1.0,3.0,8.0,11.0,0.8,1.2432432432432432,1.2837837837837838,1.3513513513513513,1.6,2.2,1.0810810810810811,1.4054054054054055,1.2972972972972974,1.4864864864864864,1.2702702702702702,1.2162162162162162,0.24324324324324326,0.25675675675675674,-0.44324324324324316,12.0,13.333333333333334,4.166666666666667,13.666666666666666,2.8333333333333335,-1.333333333333334
ligue1-2025-2025-10-05-le-havre-v-rennes,2025-10-05,2025,Le Havre,Rennes,2,2,1,0.25,0.0,200.52418203135207,7,7,999,0,1.0,0,999,0,1.0,0,0,0,1392.9948344234613,1507.1613089312355,-114.16647450777418,0.303508080409933,0.26882144264879776,0.4276704769412692,1,1.0,2.0,2.0,5.0,5.0,1.0,0.9594594594594594,1.0810810810810811,1.6756756756756757,1.0,1.0,0.9459459459459459,0.972972972972973,1.027027027027027,1.7297297297297298,1.135135135135135,1.6216216216216217,0.16216216216216217,0.36486486486486486,0.04054054054054057,12.166666666666666,8.333333333333334,3.8333333333333335,16.0,2.0,3.833333333333332,1.0,3.0,1.0,6.0,8.0,1.2,1.2972972972972974,1.5,1.4054054054054055,1.2,1.6,1.6216216216216217,0.972972972972973,1.7027027027027026,1.1891891891891893,1.2972972972972974,1.6216216216216217,0.2702702702702703,0.22972972972972974,-0.09729729729729741,12.833333333333334,15.5,4.0,13.0,2.6666666666666665,-2.666666666666666
ligue1-2025-2025-10-05-monaco-v-nice,2025-10-05,2025,Monaco,Nice,2,2,1,0.5,0.0,12.293477051345318,8,7,999,0,1.0,0,999,0,1.0,0,0,0,1620.1069616071031,1566.7764780799291,53.33048352717401,0.48684210526315796,0.256578947368421,0.256578947368421,1,3.0,0.0,2.0,11.0,9.0,1.8,1.8918918918918919,1.9594594594594594,1.2567567567567568,2.2,1.8,2.189189189189189,1.5945945945945945,2.135135135135135,0.9459459459459459,1.7837837837837838,1.5675675675675675,0.3108108108108108,0.14864864864864866,-0.09189189189189184,10.833333333333334,12.5,3.1666666666666665,12.833333333333334,2.6666666666666665,-1.666666666666666,2.0,1.0,2.0,7.0,9.0,1.4,1.6486486486486487,1.527027027027027,1.0810810810810811,1.4,1.8,1.9736842105263157,1.3055555555555556,1.6842105263157894,0.7631578947368421,1.3611111111111112,1.4166666666666667,0.35135135135135137,0.1891891891891892,-0.24864864864864877,14.5,12.0,4.666666666666667,13.166666666666666,2.3333333333333335,2.5
ligue1-2025-2025-10-05-strasbourg-v-angers,2025-10-05,2025,Strasbourg,Angers,5,0,2,0.5,0.0,627.9748219799196,9,7,999,0,1.0,0,999,0,1.0,0,0,0,1570.2863880114646,1416.4528319289118,153.83355608255283,0.5496094879953717,0.25021695111368236,0.20017356089094587,1,3.0,0.0,2.0,8.0,7.0,1.8,1.4594594594594594,1.3918918918918919,1.364864864864865,1.6,1.4,1.7567567567567568,1.162162162162162,1.5675675675675675,1.2162162162162162,1.2162162162162162,1.5135135135135136,0.24324324324324326,0.1891891891891892,0.3405405405405406,10.333333333333334,11.166666666666666,4.0,11.166666666666666,3.0,-0.8333333333333321,0.0,2.0,3.0,2.0,6.0,0.4,1.025,0.875,1.475,0.4,1.2,1.05,1.0,1.0,1.8,0.75,1.15,0.2,0.425,-0.6249999999999999,8.833333333333334,14.166666666666666,2.8333333333333335,10.333333333333334,1.6666666666666667,-5.333333333333332
ligue1-2025-2025-10-05-lille-v-paris-sg,2025-10-05,2025,Lille,Paris SG,1,1,1,0.21428571428571427,0.0,206.76603215117404,7,8,999,0,1.0,0,999,0,1.0,0,0,0,1608.8187800489295,1786.1785332512113,-177.3597532022818,0.2676137454405836,0.27548473795354195,0.4569015166058745,1,3.0,0.0,2.0,10.0,6.0,1.8,1.7432432432432432,1.5810810810810811,1.0675675675675675,2.0,1.2,2.1621621621621623,1.3243243243243243,1.837837837837838,0.918918918918919,1.3243243243243243,1.2162162162162162,0.36486486486486486,0.14864864864864866,0.05675675675675684,16.5,9.833333333333334,4.833333333333333,13.5,2.6666666666666665,6.666666666666666,4.0,0.0,1.0,11.0,4.0,2.4,2.364864864864865,2.5,0.972972972972973,2.2,0.8,2.324324324324324,2.4054054054054053,2.4864864864864864,1.027027027027027,2.5135135135135136,0.918918918918919,0.3108108108108108,0.06756756756756757,0.035135135135135,15.5,9.166666666666666,5.833333333333333,9.0,0.5,6.333333333333334
ligue1-2025-2025-10-17-paris-sg-v-strasbourg,2025-10-17,2025,Paris SG,Strasbourg,3,3,1,0.75,0.0,404.8992067304394,12,12,999,0,1.0,0,999,0,1.0,0,0,0,1783.988021266559,1578.706811495708,205.28120977085086,0.6934812760055478,0.18862690707350901,0.11789181692094314,1,3.0,1.0,1.0,11.0,5.0,2.0,2.3466666666666667,2.48,0.9733333333333334,2.2,1.0,2.324324324324324,2.3684210526315788,2.4864864864864864,1.027027027027027,2.473684210526316,0.9210526315789473,0.30666666666666664,0.06666666666666667,-0.3466666666666667,15.714285714285714,9.142857142857142,5.714285714285714,9.428571428571429,0.5714285714285714,6.571428571428571,3.0,0.0,2.0,12.0,7.0,1.8,1.48,1.44,1.3466666666666667,2.4,1.4,1.7894736842105263,1.162162162162162,1.6578947368421053,1.1842105263157894,1.2162162162162162,1.5135135135135136,0.25333333333333335,0.18666666666666668,0.32000000000000006,11.428571428571429,10.285714285714286,5.142857142857143,11.285714285714286,2.857142857142857,1.1428571428571423
ligue1-2025-2025-10-18-nice-v-lyon,2025-10-18,2025,Nice,Lyon,3,2,2,0.25,0.0,291.8624197335015,13,13,999,0,1.0,0,999,0,1.0,0,0,0,1570.9238630084462,1603.1768001548523,-32.25293714640611,0.42767047694126925,0.2688214426487978,0.30350808040993305,1,1.0,2.0,2.0,6.0,10.0,1.0,1.64,1.5333333333333334,1.0933333333333333,1.2,2.0,1.9736842105263157,1.2972972972972974,1.6842105263157894,0.7631578947368421,1.3783783783783783,1.4324324324324325,0.3466666666666667,0.18666666666666668,-0.6399999999999999,13.714285714285714,13.142857142857142,4.285714285714286,12.571428571428571,2.7142857142857144,0.5714285714285712,3.0,0.0,2.0,5.0,5.0,1.8,1.6666666666666667,1.64,1.4133333333333333,1.0,1.0,1.8157894736842106,1.5135135135135136,1.7894736842105263,1.368421052631579,1.4864864864864864,1.4594594594594594,0.3333333333333333,0.16,0.1333333333333333,11.857142857142858,13.571428571428571,4.428571428571429,16.428571428571427,2.2857142857142856,-1.7142857142857135
ligue1-2025-2025-10-18-angers-v-monaco,2025-10-18,2025,Angers,Monaco,1,1,1,0.375,0.0,744.0217591552394,13,13,999,0,1.0,0,999,0,1.0,0,0,0,1408.0324084446684,1615.959576678586,-207.92716823391766,0.17330837122225196,0.23829901043059643,0.5883926183471516,1,0.0,2.0,3.0,2.0,10.0,0.4,1.0,0.8536585365853658,1.5609756097560976,0.4,2.0,1.05,0.9523809523809523,1.0,1.8,0.7142857142857143,1.3333333333333333,0.1951219512195122,0.43902439024390244,-0.6,8.285714285714286,14.714285714285714,2.5714285714285716,10.428571428571429,1.7142857142857142,-6.428571428571427,3.0,1.0,1.0,13.0,10.0,2.0,1.88,1.96,1.2666666666666666,2.6,2.0,2.1578947368421053,1.5945945945945945,2.1315789473684212,0.9736842105263158,1.7837837837837838,1.5675675675675675,0.30666666666666664,0.14666666666666667,0.1200000000000001,12.142857142857142,12.0,3.5714285714285716,12.428571428571429,2.4285714285714284,0.14285714285714235
ligue1-2025-2025-10-18-marseille-v-le-havre,2025-10-18,2025,Marseille,Le Havre,6,2,2,1.0,0.0,801.8519083335606,14,13,999,0,1.0,0,999,0,1.0,0,0,0,1635.6537528219217,1393.4023525213906,242.25140030053103,0.7223026792179579,0.1788559015206372,0.09884141926140477,1,4.0,0.0,1.0,10.0,2.0,2.4,1.7333333333333334,1.88,1.24,2.0,0.4,2.135135135135135,1.3421052631578947,2.2162162162162162,1.027027027027027,1.5526315789473684,1.4473684210526316,0.2,0.24,0.6666666666666665,14.571428571428571,9.428571428571429,5.571428571428571,12.428571428571429,2.5714285714285716,5.142857142857142,1.0,3.0,1.0,6.0,5.0,1.2,0.96,1.0933333333333333,1.68,1.2,1.0,0.9473684210526315,0.972972972972973,1.0526315789473684,1.736842105263158,1.135135135135135,1.6216216216216217,0.16,0.36,0.24,11.857142857142858,8.428571428571429,3.5714285714285716,15.571428571428571,1.8571428571428572,3.428571428571429
ligue1-2025-2025-10-19-rennes-v-auxerre,2025-10-19,2025,Rennes,Auxerre,2,2,1,0.375,0.0,390.65730544837464,14,15,999,0,1.0,0,999,0,1.0,0,0,0,1506.753790833306,1478.5194573957983,28.234333437507757,0.5116751269035532,0.2629441624365482,0.22538071065989848,1,1.0,4.0,0.0,8.0,6.0,1.4,1.2933333333333332,1.5066666666666666,1.4133333333333333,1.6,1.2,1.6216216216216217,0.9736842105263158,1.7027027027027026,1.1891891891891893,1.3157894736842106,1.631578947368421,0.26666666666666666,0.22666666666666666,0.10666666666666669,12.285714285714286,14.714285714285714,3.857142857142857,12.428571428571429,2.5714285714285716,-2.428571428571427,1.0,0.0,4.0,3.0,7.0,0.6,1.170731707317073,1.2926829268292683,1.4878048780487805,0.6,1.4,1.5714285714285714,0.75,1.3333333333333333,1.0,1.25,2.0,0.2926829268292683,0.21951219512195122,-0.5707317073170731,11.142857142857142,11.714285714285714,3.2857142857142856,12.571428571428571,3.2857142857142856,-0.5714285714285712
ligue1-2025-2025-10-19-toulouse-v-metz,2025-10-19,2025,Toulouse,Metz,4,0,2,1.0,0.0,713.4752312441526,14,15,999,0,1.0,0,999,0,1.0,0,0,0,1516.6446788220258,1359.5145157036811,157.13016311834463,0.6175562417291575,0.22496691662990734,0.15747684164093514,1,1.0,1.0,3.0,8.0,12.0,0.8,1.2666666666666666,1.2933333333333332,1.3466666666666667,1.6,2.4,1.0810810810810811,1.4473684210526316,1.2972972972972974,1.4864864864864864,1.2894736842105263,1.2105263157894737,0.24,0.25333333333333335,-0.46666666666666656,12.285714285714286,13.285714285714286,4.142857142857143,14.142857142857142,2.857142857142857,-1.0,0.0,2.0,3.0,5.0,12.0,0.4,0.7560975609756098,0.975609756097561,1.8048780487804879,1.0,2.4,0.6666666666666666,0.85,0.8571428571428571,1.5238095238095237,1.1,2.1,0.17073170731707318,0.36585365853658536,-0.35609756097560974,7.857142857142857,15.0,1.8571428571428572,11.285714285714286,1.2857142857142858,-7.142857142857143
ligue1-2025-2025-10-19-lens-v-paris-fc,2025-10-19,2025,Lens,Paris FC,2,1,2,1.0,0.0,179.77171650805363,15,16,999,0,1.0,0,999,0,1.0,0,0,0,1567.8371201185607,1502.1980298856058,65.63909023295491,0.5261599210266535,0.24284304047384012,0.23099703849950645,1,3.0,1.0,1.0,8.0,4.0,2.0,1.5466666666666666,1.2933333333333332,1.0933333333333333,1.6,0.8,1.6216216216216217,1.4736842105263157,1.4054054054054055,1.135135135135135,1.1842105263157894,1.0526315789473684,0.38666666666666666,0.26666666666666666,0.45333333333333337,14.285714285714286,14.428571428571429,4.714285714285714,13.0,2.857142857142857,-0.14285714285714235,3.0,1.0,1.0,10.0,7.0,2.0,1.4285714285714286,1.7142857142857142,1.8571428571428572,2.0,1.4,2.0,1.0,2.3333333333333335,1.6666666666666667,1.25,2.0,0.14285714285714285,0.14285714285714285,0.5714285714285714,13.857142857142858,12.0,5.0,11.428571428571429,1.1428571428571428,1.8571428571428577
ligue1-2025-2025-10-19-lorient-v-brest,2025-10-19,2025,Lorient,Brest,3,3,1,0.125,0.0,109.64203448542227,16,15,999,0,1.0,0,999,0,1.0,0,0,0,1408.361777002184,1525.6687451639161,-117.30696816173213,0.33876221498371334,0.29641693811074915,0.3648208469055374,1,1.0,1.0,3.0,5.0,15.0,0.8,0.8780487804878049,1.2682926829268293,2.0,1.0,3.0,1.1,0.6666666666666666,1.7,1.9,0.8571428571428571,2.0952380952380953,0.12195121951219512,0.4146341463414634,-0.07804878048780484,11.571428571428571,10.714285714285714,4.0,12.285714285714286,3.5714285714285716,0.8571428571428577,2.0,1.0,2.0,8.0,6.0,1.4,1.5866666666666667,1.5466666666666666,1.3866666666666667,1.6,1.2,1.8157894736842106,1.3513513513513513,1.6842105263157894,1.0789473684210527,1.4054054054054055,1.7027027027027026,0.36,0.24,-0.18666666666666676,14.428571428571429,13.0,4.285714285714286,12.142857142857142,1.7142857142857142,1.4285714285714288
ligue1-2025-2025-10-19-nantes-v-lille,2025-10-19,2025,Nantes,Lille,0,2,0,0.25,0.0,504.6575730247583,15,14,999,0,1.0,0,999,0,1.0,0,0,0,1433.5076630283777,1611.009292033582,-177.50162900520422,0.17100575500137025,0.24116196218141958,0.5878322828172102,1,1.0,3.0,1.0,5.0,5.0,1.2,1.0,0.9866666666666667,1.52,1.0,1.0,1.0,1.0,1.054054054054054,1.3783783783783783,0.9210526315789473,1.6578947368421053,0.21333333333333335,0.3466666666666667,0.19999999999999996,9.571428571428571,15.857142857142858,2.0,11.285714285714286,1.5714285714285714,-6.2857142857142865,2.0,1.0,2.0,10.0,7.0,1.4,1.7333333333333334,1.5733333333333333,1.0666666666666667,2.0,1.4,2.1315789473684212,1.3243243243243243,1.8157894736842106,0.9210526315789473,1.3243243243243243,1.2162162162162162,0.36,0.14666666666666667,-0.3333333333333335,15.428571428571429,10.857142857142858,4.571428571428571,13.142857142857142,2.4285714285714284,4.571428571428571
ligue1-2025-2025-10-24-paris-fc-v-nantes,2025-10-24,2025,Paris FC,Nantes,1,2,0,0.5,0.0,339.4620680001797,5,5,999,0,1.0,0,999,0,1.0,0,0,0,1496.6343810351132,1422.4688765281153,74.16550450699788,0.6111042106570612,0.23102720158986464,0.15786858775307416,1,2.0,1.0,2.0,8.0,7.0,1.4,1.25,1.625,1.875,1.6,1.4,2.0,0.8,2.3333333333333335,1.6666666666666667,1.2,2.0,0.125,0.125,0.1499999999999999,13.25,11.875,4.75,11.0,1.25,1.375,0.0,3.0,2.0,4.0,7.0,0.6,0.9868421052631579,0.9736842105263158,1.5263157894736843,0.8,1.4,0.9736842105263158,1.0,1.0263157894736843,1.394736842105263,0.9210526315789473,1.6578947368421053,0.21052631578947367,0.35526315789473684,-0.3868421052631579,9.375,16.75,2.125,11.375,1.5,-7.375
ligue1-2025-2025-10-25-brest-v-paris-sg,2025-10-25,2025,Brest,Paris SG,0,3,0,0.07142857142857142,0.0,497.76269074981866,6,8,999,0,1.0,0,999,0,1.0,0,0,0,1525.1710221897074,1776.9304974822535,-251.75947529254609,0.12495729415784079,0.17039631021523746,0.7046463956269218,1,2.0,2.0,1.0,10.0,6.0,1.6,1.5789473684210527,1.5657894736842106,1.4078947368421053,2.0,1.2,1.8157894736842106,1.3421052631578947,1.6842105263157894,1.0789473684210527,1.4473684210526316,1.736842105263158,0.35526315789473684,0.23684210526315788,0.021052631578947434,13.625,12.875,4.25,12.625,1.75,0.75,2.0,2.0,1.0,8.0,5.0,1.6,2.3289473684210527,2.486842105263158,1.0,1.6,1.0,2.289473684210526,2.3684210526315788,2.5,1.0789473684210527,2.473684210526316,0.9210526315789473,0.3026315789473684,0.06578947368421052,-0.7289473684210526,16.375,9.5,6.125,9.75,0.75,6.875
ligue1-2025-2025-10-25-monaco-v-toulouse,2025-10-25,2025,Monaco,Toulouse,1,0,2,0.6666666666666666,0.0,481.3364476327756,7,6,999,0,1.0,0,999,0,1.0,0,0,0,1612.9493903189516,1524.0608077435943,88.8885825753573,0.4308880308880309,0.2633204633204634,0.3057915057915058,1,2.0,2.0,1.0,11.0,9.0,1.6,1.868421052631579,1.9473684210526316,1.263157894736842,2.2,1.8,2.1578947368421053,1.5789473684210527,2.1315789473684212,0.9736842105263158,1.763157894736842,1.5526315789473684,0.3026315789473684,0.14473684210526316,-0.2684210526315789,12.0,12.5,3.625,12.625,2.375,-0.5,2.0,1.0,2.0,9.0,6.0,1.4,1.2894736842105263,1.3289473684210527,1.3289473684210527,1.8,1.2,1.131578947368421,1.4473684210526316,1.368421052631579,1.4473684210526316,1.2894736842105263,1.2105263157894737,0.25,0.25,0.11052631578947358,12.75,11.875,4.5,14.125,2.75,0.875
ligue1-2025-2025-10-25-lens-v-marseille,2025-10-25,2025,Lens,Marseille,2,1,2,0.5,0.0,820.3051102875671,6,7,999,0,1.0,0,999,0,1.0,0,0,0,1573.4007689690534,1640.5486319495913,-67.14786298053787,0.38162544169611307,0.26501766784452296,0.3533568904593639,1,3.0,1.0,1.0,7.0,4.0,2.0,1.5657894736842106,1.3026315789473684,1.0921052631578947,1.4,0.8,1.6578947368421053,1.4736842105263157,1.4210526315789473,1.131578947368421,1.1842105263157894,1.0526315789473684,0.3815789473684211,0.2631578947368421,0.4342105263157894,13.875,13.75,4.5,12.75,2.75,0.125,5.0,0.0,0.0,16.0,3.0,3.0,1.75,1.9342105263157894,1.25,3.2,0.6,2.1578947368421053,1.3421052631578947,2.3157894736842106,1.0526315789473684,1.5526315789473684,1.4473684210526316,0.19736842105263158,0.23684210526315788,1.25,15.0,9.25,6.25,13.0,2.5,5.75
ligue1-2025-2025-10-26-lyon-v-strasbourg,2025-10-26,2025,Lyon,Strasbourg,2,1,2,0.5,0.0,374.78151610700206,8,9,999,0,1.0,0,999,0,1.0,0,0,0,1595.1023744232907,1585.7643352800135,9.338039143277229,0.49533204157125243,0.25569843227056543,0.24896952615818213,1,2.0,0.0,3.0,6.0,8.0,1.2,1.644736842105263,1.644736842105263,1.4342105263157894,1.2,1.6,1.8157894736842106,1.4736842105263157,1.7894736842105263,1.368421052631579,1.5,1.5,0.32894736842105265,0.15789473684210525,-0.4447368421052631,14.0,12.5,4.75,15.75,2.25,1.5,3.0,1.0,1.0,13.0,7.0,2.0,1.4736842105263157,1.4605263157894737,1.368421052631579,2.6,1.4,1.7894736842105263,1.1578947368421053,1.6578947368421053,1.1842105263157894,1.263157894736842,1.5526315789473684,0.25,0.18421052631578946,0.5263157894736843,11.5,11.625,5.375,11.75,2.625,-0.125
ligue1-2025-2025-10-26-lille-v-metz,2025-10-26,2025,Lille,Metz,6,1,2,0.875,0.0,274.59672208803795,7,7,999,0,1.0,0,999,0,1.0,0,0,0,1622.0480785338443,1352.0983867821126,269.94969175173173,0.7700592353257942,0.14453419493807215,0.08540656973613354,1,2.0,1.0,2.0,5.0,6.0,1.4,1.75,1.5789473684210527,1.0526315789473684,1.0,1.2,2.1315789473684212,1.368421052631579,1.8157894736842106,0.9210526315789473,1.3421052631578947,1.1842105263157894,0.3684210526315789,0.14473684210526316,-0.3500000000000001,16.375,10.5,4.625,13.375,2.625,5.875,0.0,2.0,3.0,3.0,13.0,0.4,0.7380952380952381,0.9523809523809523,1.8571428571428572,0.6,2.6,0.6666666666666666,0.8095238095238095,0.8571428571428571,1.5238095238095237,1.0476190476190477,2.1904761904761907,0.16666666666666666,0.38095238095238093,-0.3380952380952381,7.125,15.125,1.875,11.25,1.5,-8.0
ligue1-2025-2025-10-26-auxerre-v-le-havre,2025-10-26,2025,Auxerre,Le Havre,0,1,0,0.125,0.0,317.541084685558,7,8,999,0,1.0,0,999,0,1.0,0,0,0,1482.0513954815892,1388.507473393721,93.54392208786817,0.4485336400230017,0.2898217366302473,0.26164462334675104,1,1.0,1.0,3.0,5.0,8.0,0.8,1.1666666666666667,1.3095238095238095,1.5,1.0,1.6,1.5714285714285714,0.7619047619047619,1.3333333333333333,1.0,1.2857142857142858,2.0,0.2857142857142857,0.21428571428571427,-0.3666666666666667,10.625,12.625,3.375,12.875,3.25,-2.0,0.0,3.0,2.0,5.0,10.0,0.6,0.9473684210526315,1.105263157894737,1.736842105263158,1.0,2.0,0.9473684210526315,0.9473684210526315,1.0526315789473684,1.736842105263158,1.1578947368421053,1.736842105263158,0.15789473684210525,0.35526315789473684,-0.34736842105263155,11.375,9.625,3.5,15.25,2.0,1.75
ligue1-2025-2025-10-26-angers-v-lorient,2025-10-26,2025,Angers,Lorient,2,0,2,0.5,0.0,214.99105242029577,8,7,999,0,1.0,0,999,0,1.0,0,0,0,1411.0425948043028,1408.8594999763927,2.183094827910054,0.3449691991786447,0.31622176591375767,0.3388090349075975,1,0.0,2.0,3.0,2.0,10.0,0.4,1.0,0.8571428571428571,1.5476190476190477,0.4,2.0,1.0476190476190477,0.9523809523809523,1.0,1.7619047619047619,0.7142857142857143,1.3333333333333333,0.19047619047619047,0.42857142857142855,-0.6,9.25,14.25,2.625,11.0,1.75,-5.0,1.0,2.0,2.0,7.0,11.0,1.0,0.8809523809523809,1.3095238095238095,2.0238095238095237,1.4,2.2,1.0952380952380953,0.6666666666666666,1.7619047619047619,1.9523809523809523,0.8571428571428571,2.0952380952380953,0.11904761904761904,0.40476190476190477,0.11904761904761907,11.625,10.375,4.375,12.375,3.5,1.25
ligue1-2025-2025-10-26-rennes-v-nice,2025-10-26,2025,Rennes,Nice,1,2,0,0.5,0.0,844.6974651904027,7,8,999,0,1.0,0,999,0,1.0,0,0,0,1503.2218527475152,1578.9982887400079,-75.77643599249268,0.47707736389684824,0.25787965616045844,0.2650429799426935,1,1.0,4.0,0.0,9.0,7.0,1.4,1.2894736842105263,1.513157894736842,1.4210526315789473,1.8,1.4,1.605263157894737,0.9736842105263158,1.7105263157894737,1.2105263157894737,1.3157894736842106,1.631578947368421,0.2631578947368421,0.2236842105263158,0.11052631578947358,13.125,13.75,4.25,12.25,2.375,-0.625,2.0,2.0,1.0,8.0,9.0,1.6,1.6578947368421053,1.5526315789473684,1.105263157894737,1.6,1.8,2.0,1.2972972972972974,1.7179487179487178,0.7948717948717948,1.3783783783783783,1.4324324324324325,0.34210526315789475,0.18421052631578946,-0.05789473684210522,12.625,15.125,4.25,12.25,2.5,-2.5
ligue1-2025-2025-10-29-lorient-v-paris-sg,2025-10-29,2025,Lorient,Paris SG,1,1,1,0.375,0.0,432.96835104246736,3,4,999,0,1.0,0,999,0,1.0,0,0,0,1398.7607440641905,1787.132492692335,-388.3717486281446,0.09489051094890512,0.14598540145985403,0.759124087591241,1,1.0,2.0,2.0,7.0,9.0,1.0,0.8604651162790697,1.2790697674418605,2.0232558139534884,1.4,1.8,1.0952380952380953,0.6363636363636364,1.7619047619047619,1.9523809523809523,0.8181818181818182,2.090909090909091,0.11627906976744186,0.4186046511627907,0.13953488372093026,12.88888888888889,10.0,4.333333333333333,11.666666666666666,3.111111111111111,2.8888888888888893,2.0,2.0,1.0,9.0,5.0,1.6,2.3376623376623376,2.4935064935064934,0.987012987012987,1.8,1.0,2.289473684210526,2.3846153846153846,2.5,1.0789473684210527,2.4871794871794872,0.8974358974358975,0.3116883116883117,0.06493506493506493,-0.7376623376623375,16.555555555555557,9.333333333333334,6.333333333333333,9.777777777777779,0.7777777777777778,7.222222222222223
ligue1-2025-2025-10-29-le-havre-v-brest,2025-10-29,2025,Le Havre,Brest,1,0,2,0.14285714285714285,0.0,357.13572034857475,3,4,999,0,1.0,0,999,0,1.0,0,0,0,1403.5654327276568,1514.9690269796258,-111.40359425196903,0.3258041871412644,0.31494404756988886,0.35925176528884667,1,1.0,3.0,1.0,6.0,9.0,1.2,0.974025974025974,1.103896103896104,1.7142857142857142,1.2,1.8,0.9473684210526315,1.0,1.0526315789473684,1.736842105263158,1.1538461538461537,1.6923076923076923,0.16883116883116883,0.35064935064935066,0.22597402597402594,11.11111111111111,10.11111111111111,3.5555555555555554,14.88888888888889,2.0,1.0,2.0,2.0,1.0,9.0,7.0,1.6,1.5584415584415585,1.5454545454545454,1.4285714285714286,1.8,1.4,1.7692307692307692,1.3421052631578947,1.641025641025641,1.1282051282051282,1.4473684210526316,1.736842105263158,0.35064935064935066,0.24675324675324675,0.04155844155844157,13.0,13.444444444444445,4.0,12.333333333333334,1.6666666666666667,-0.44444444444444464
ligue1-2025-2025-10-29-metz-v-lens,2025-10-29,2025,Metz,Lens,2,0,2,0.75,0.0,282.376166484511,3,4,999,0,1.0,0,999,0,1.0,0,0,0,1347.3466163147862,1582.4580164521967,-235.11140013741056,0.17023852766678774,0.19711829519312263,0.6326431771400896,1,0.0,1.0,4.0,3.0,18.0,0.2,0.7209302325581395,0.9534883720930233,1.9534883720930232,0.6,3.6,0.6666666666666666,0.7727272727272727,0.8571428571428571,1.5238095238095237,1.0454545454545454,2.3636363636363638,0.16279069767441862,0.37209302325581395,-0.5209302325581395,7.444444444444445,16.0,2.111111111111111,11.333333333333334,1.5555555555555556,-8.555555555555555,4.0,1.0,0.0,9.0,3.0,2.6,1.5844155844155845,1.3116883116883118,1.0909090909090908,1.8,0.6,1.6923076923076923,1.4736842105263157,1.435897435897436,1.1282051282051282,1.1842105263157894,1.0526315789473684,0.37662337662337664,0.2597402597402597,1.0155844155844156,13.222222222222221,14.11111111111111,4.555555555555555,12.666666666666666,2.7777777777777777,-0.8888888888888893
ligue1-2025-2025-10-29-nice-v-lille,2025-10-29,2025,Nice,Lille,2,0,2,0.5714285714285714,0.0,829.1226524257995,3,3,999,0,1.0,0,999,0,1.0,0,0,0,1589.6943714318072,1626.7998490011707,-37.10547756936353,0.24342105263157898,0.24342105263157898,0.513157894736842,1,2.0,2.0,1.0,9.0,10.0,1.6,1.6753246753246753,1.5584415584415585,1.103896103896104,1.8,2.0,2.0,1.3421052631578947,1.7179487179487178,0.7948717948717948,1.394736842105263,1.4210526315789473,0.33766233766233766,0.18181818181818182,-0.07532467532467524,12.11111111111111,15.555555555555555,4.111111111111111,13.333333333333334,2.4444444444444446,-3.4444444444444446,2.0,1.0,2.0,9.0,6.0,1.4,1.7662337662337662,1.6363636363636365,1.051948051948052,1.8,1.2,2.1538461538461537,1.368421052631579,1.9230769230769231,0.9230769230769231,1.3421052631578947,1.1842105263157894,0.36363636363636365,0.14285714285714285,-0.36623376623376624,17.11111111111111,10.444444444444445,5.444444444444445,13.88888888888889,2.6666666666666665,6.666666666666666
ligue1-2025-2025-10-29-paris-fc-v-lyon,2025-10-29,2025,Paris FC,Lyon,3,3,1,0.5,0.0,394.1582523546252,5,3,999,0,1.0,0,999,0,1.0,0,0,0,1482.0030811924628,1602.055304815392,-120.0522236229292,0.34653465346534656,0.2722772277227723,0.38118811881188125,1,1.0,1.0,3.0,7.0,8.0,0.8,1.1111111111111112,1.5555555555555556,1.8888888888888888,1.4,1.6,1.5,0.8,2.0,1.75,1.2,2.0,0.1111111111111111,0.1111111111111111,-0.3111111111111111,13.333333333333334,11.777777777777779,4.555555555555555,10.88888888888889,1.4444444444444444,1.5555555555555554,3.0,0.0,2.0,7.0,6.0,1.8,1.6623376623376624,1.6493506493506493,1.4285714285714286,1.4,1.2,1.8461538461538463,1.4736842105263157,1.794871794871795,1.358974358974359,1.5,1.5,0.3246753246753247,0.15584415584415584,0.1376623376623376,13.333333333333334,11.88888888888889,4.555555555555555,15.666666666666666,2.0,1.4444444444444446
ligue1-2025-2025-10-29-nantes-v-monaco,2025-10-29,2025,Nantes,Monaco,3,5,0,0.16666666666666666,0.0,798.9865341619475,5,4,999,0,1.0,0,999,0,1.0,0,0,0,1437.1001763707657,1617.9918177970637,-180.89164142629807,0.20955315870570107,0.2357473035439137,0.5546995377503853,1,1.0,3.0,1.0,6.0,7.0,1.2,1.0129870129870129,0.987012987012987,1.5194805194805194,1.2,1.4,0.9736842105263158,1.0512820512820513,1.0263157894736843,1.394736842105263,0.9487179487179487,1.641025641025641,0.2077922077922078,0.35064935064935066,0.18701298701298708,9.555555555555555,16.444444444444443,2.2222222222222223,11.555555555555555,1.5555555555555556,-6.8888888888888875,2.0,2.0,1.0,10.0,8.0,1.6,1.8831168831168832,1.9350649350649352,1.2467532467532467,2.0,1.6,2.1794871794871793,1.5789473684210527,2.1025641025641026,0.9487179487179487,1.763157894736842,1.5526315789473684,0.3116883116883117,0.14285714285714285,-0.2831168831168831,12.222222222222221,12.222222222222221,3.7777777777777777,12.88888888888889,2.4444444444444446,0.0
ligue1-2025-2025-10-29-toulouse-v-rennes,2025-10-29,2025,Toulouse,Rennes,2,2,1,0.6666666666666666,0.0,556.5344633984116,4,3,999,0,1.0,0,999,0,1.0,0,0,0,1519.0183802654822,1492.5257700557158,26.492610209766326,0.4866595517609392,0.26360725720384204,0.24973319103521877,1,2.0,1.0,2.0,8.0,5.0,1.4,1.2727272727272727,1.3116883116883118,1.3246753246753247,1.6,1.0,1.131578947368421,1.4102564102564104,1.368421052631579,1.4473684210526316,1.2564102564102564,1.205128205128205,0.24675324675324675,0.2597402597402597,0.1272727272727272,12.444444444444445,12.11111111111111,4.222222222222222,14.555555555555555,2.888888888888889,0.3333333333333339,0.0,4.0,1.0,7.0,8.0,0.8,1.2727272727272727,1.5064935064935066,1.4285714285714286,1.4,1.6,1.564102564102564,0.9736842105263158,1.6923076923076923,1.2307692307692308,1.3157894736842106,1.631578947368421,0.2597402597402597,0.22077922077922077,-0.47272727272727266,13.777777777777779,13.11111111111111,4.555555555555555,12.333333333333334,2.6666666666666665,0.6666666666666679
ligue1-2025-2025-10-29-strasbourg-v-auxerre,2025-10-29,2025,Strasbourg,Auxerre,3,0,2,0.875,0.0,320.7466828446168,3,3,999,0,1.0,0,999,0,1.0,0,0,0,1578.8114048879122,1466.9934361476535,111.81796874025872,0.5652658981033842,0.23599851245816286,0.19873558943845293,1,2.0,1.0,2.0,13.0,9.0,1.4,1.4545454545454546,1.4545454545454546,1.3766233766233766,2.6,1.8,1.7894736842105263,1.1282051282051282,1.6578947368421053,1.1842105263157894,1.2564102564102564,1.564102564102564,0.24675324675324675,0.18181818181818182,-0.054545454545454675,11.0,11.222222222222221,5.0,12.555555555555555,3.0,-0.22222222222222143,1.0,1.0,3.0,4.0,7.0,0.8,1.1395348837209303,1.2790697674418605,1.4883720930232558,0.8,1.4,1.5,0.7619047619047619,1.2727272727272727,1.0,1.2857142857142858,2.0,0.27906976744186046,0.23255813953488372,-0.3395348837209302,11.0,12.222222222222221,3.3333333333333335,13.777777777777779,3.111111111111111,-1.2222222222222214
ligue1-2025-2025-10-29-marseille-v-angers,2025-10-29,2025,Marseille,Angers,2,2,1,0.75,0.0,656.6013588083166,4,3,999,0,1.0,0,999,0,1.0,0,0,0,1631.491384466448,1421.141350716505,210.3500337499429,0.759124087591241,0.14598540145985403,0.09489051094890512,1,4.0,0.0,1.0,13.0,5.0,2.4,1.7272727272727273,1.922077922077922,1.2597402597402598,2.6,1.0,2.1578947368421053,1.3076923076923077,2.3157894736842106,1.0526315789473684,1.5384615384615385,1.4615384615384615,0.19480519480519481,0.23376623376623376,0.6727272727272726,15.222222222222221,9.11111111111111,5.888888888888889,12.555555555555555,2.4444444444444446,6.111111111111111,1.0,1.0,3.0,3.0,9.0,0.8,1.0465116279069768,0.8837209302325582,1.5116279069767442,0.6,1.8,1.1363636363636365,0.9523809523809523,1.0454545454545454,1.6818181818181819,0.7142857142857143,1.3333333333333333,0.20930232558139536,0.4186046511627907,-0.24651162790697678,9.0,15.222222222222221,2.7777777777777777,11.333333333333334,1.6666666666666667,-6.222222222222221
ligue1-2025-2025-11-01-auxerre-v-marseille,2025-11-01,2025,Auxerre,Marseille,0,1,0,0.5,0.0,522.7716260939638,3,3,999,0,1.0,0,999,0,1.0,0,0,0,1459.093353395229,1624.3613866277997,-165.2680332325706,0.1809859255351006,0.2500463444892837,0.5689677299756157,1,0.0,1.0,4.0,3.0,10.0,0.2,1.1136363636363635,1.25,1.5227272727272727,0.6,2.0,1.5,0.7272727272727273,1.2727272727272727,1.0,1.2272727272727273,2.0454545454545454,0.2727272727272727,0.25,-0.9136363636363636,10.5,12.8,3.1,14.0,2.9,-2.3000000000000007,3.0,1.0,1.0,14.0,7.0,2.0,1.7179487179487178,1.9230769230769231,1.2692307692307692,2.8,1.4,2.128205128205128,1.3076923076923077,2.3076923076923075,1.0769230769230769,1.5384615384615385,1.4615384615384615,0.19230769230769232,0.23076923076923078,0.28205128205128216,14.8,9.4,5.9,12.4,2.4,5.4
ligue1-2025-2025-11-01-monaco-v-paris-fc,2025-11-01,2025,Monaco,Paris FC,0,1,0,0.0,0.0,687.4017240225635,3,3,999,0,1.0,0,999,0,1.0,0,0,0,1628.8995455251213,1482.5795906041697,146.31995492095166,0.556367975035947,0.22519656132407379,0.21843546363997918,1,2.0,2.0,1.0,10.0,9.0,1.6,1.8974358974358974,1.9743589743589745,1.2692307692307692,2.0,1.8,2.1794871794871793,1.6153846153846154,2.1025641025641026,0.9487179487179487,1.8461538461538463,1.5897435897435896,0.3076923076923077,0.14102564102564102,-0.29743589743589727,12.9,12.8,4.3,13.3,2.7,0.09999999999999964,1.0,2.0,2.0,8.0,8.0,1.0,1.1,1.7,2.0,1.6,1.6,1.4,0.8,2.2,2.0,1.2,2.0,0.1,0.1,-0.10000000000000009,13.1,11.3,4.4,11.6,2.1,1.799999999999999
ligue1-2025-2025-11-01-paris-sg-v-nice,2025-11-01,2025,Paris SG,Nice,1,0,2,0.5833333333333334,0.0,688.7622533510902,3,3,999,0,1.0,0,999,0,1.0,0,0,0,1780.3277293448477,1601.3040300177918,179.02369932705597,0.8168266285480907,0.11946089442515825,0.06371247702675106,1,2.0,3.0,0.0,10.0,5.0,1.8,2.3205128205128207,2.4743589743589745,0.9871794871794872,2.0,1.0,2.289473684210526,2.35,2.5,1.0789473684210527,2.45,0.9,0.3076923076923077,0.0641025641025641,-0.5205128205128207,16.4,8.9,6.5,10.1,0.9,7.499999999999998,3.0,2.0,0.0,10.0,6.0,2.2,1.6923076923076923,1.564102564102564,1.0897435897435896,2.0,1.2,2.025,1.3421052631578947,1.725,0.775,1.394736842105263,1.4210526315789473,0.34615384615384615,0.1794871794871795,0.5076923076923079,11.7,16.1,4.1,13.1,2.5,-4.400000000000002
ligue1-2025-2025-11-02-lens-v-lorient,2025-11-02,2025,Lens,Lorient,3,0,2,0.5,0.0,539.770660062649,4,4,999,0,1.0,0,999,0,1.0,0,0,0,1563.0776918152392,1405.5655074116778,157.51218440356138,0.6038755619308649,0.23124015420279465,0.1648842838663405,1,3.0,1.0,1.0,6.0,5.0,2.0,1.564102564102564,1.294871794871795,1.1025641025641026,1.2,1.0,1.6923076923076923,1.435897435897436,1.435897435897436,1.1282051282051282,1.1538461538461537,1.0769230769230769,0.3717948717948718,0.2692307692307692,0.4358974358974359,12.9,14.3,4.3,12.9,2.7,-1.4000000000000004,1.0,2.0,2.0,7.0,9.0,1.0,0.8636363636363636,1.2727272727272727,2.0,1.4,1.8,1.0909090909090908,0.6363636363636364,1.7272727272727273,1.9090909090909092,0.8181818181818182,2.090909090909091,0.11363636363636363,0.4090909090909091,0.13636363636363635,12.1,10.5,4.1,11.0,2.8,1.5999999999999996
ligue1-2025-2025-11-02-lille-v-angers,2025-11-02,2025,Lille,Angers,1,0,2,1.0,0.0,440.2764989963635,4,4,999,0,1.0,0,999,0,1.0,0,0,0,1615.1901904151862,1428.2713485551533,186.9188418600329,0.6997667444185273,0.18127290903032325,0.11896034655114963,1,2.0,1.0,2.0,9.0,5.0,1.4,1.7435897435897436,1.6153846153846154,1.064102564102564,1.8,1.0,2.1538461538461537,1.3333333333333333,1.9230769230769231,0.9230769230769231,1.3076923076923077,1.205128205128205,0.358974358974359,0.15384615384615385,-0.3435897435897437,17.5,10.2,5.3,13.5,2.7,7.300000000000001,1.0,2.0,2.0,5.0,10.0,1.0,1.0454545454545454,0.9090909090909091,1.5227272727272727,1.0,2.0,1.1363636363636365,0.9545454545454546,1.0454545454545454,1.6818181818181819,0.7727272727272727,1.3636363636363635,0.20454545454545456,0.4090909090909091,-0.045454545454545414,9.3,14.8,3.1,10.9,1.6,-5.5
ligue1-2025-2025-11-02-rennes-v-strasbourg,2025-11-02,2025,Rennes,Strasbourg,4,1,2,0.5833333333333334,0.0,696.097186019301,4,4,999,0,1.0,0,999,0,1.0,0,0,0,1496.0137534728838,1586.7114876403366,-90.69773416745284,0.3507014028056112,0.2705410821643286,0.3787575150300601,1,0.0,4.0,1.0,7.0,8.0,0.8,1.2692307692307692,1.5128205128205128,1.435897435897436,1.4,1.6,1.564102564102564,0.9743589743589743,1.6923076923076923,1.2307692307692308,1.3333333333333333,1.641025641025641,0.2564102564102564,0.21794871794871795,-0.4692307692307691,13.5,13.3,4.6,12.3,2.7,0.1999999999999993,2.0,1.0,2.0,13.0,7.0,1.4,1.4743589743589745,1.4743589743589745,1.358974358974359,2.6,1.4,1.8205128205128205,1.1282051282051282,1.6923076923076923,1.1538461538461537,1.2564102564102564,1.564102564102564,0.2564102564102564,0.1794871794871795,-0.07435897435897454,11.7,10.7,5.4,12.4,2.8,1.0
ligue1-2025-2025-11-02-nantes-v-metz,2025-11-02,2025,Nantes,Metz,0,2,0,0.125,0.0,606.1398722175958,4,4,999,0,1.0,0,999,0,1.0,0,0,0,1426.192448642708,1366.7269409517437,59.46550769096439,0.45051194539249145,0.2627986348122867,0.2866894197952219,1,1.0,2.0,2.0,7.0,10.0,1.0,1.0,1.0128205128205128,1.564102564102564,1.4,2.0,0.9487179487179487,1.0512820512820513,1.0769230769230769,1.4871794871794872,0.9487179487179487,1.641025641025641,0.20512820512820512,0.34615384615384615,0.0,10.4,16.7,2.5,11.7,1.7,-6.299999999999999,1.0,1.0,3.0,3.0,13.0,0.8,0.7727272727272727,0.9772727272727273,1.9090909090909092,0.6,2.6,0.7727272727272727,0.7727272727272727,0.9090909090909091,1.4545454545454546,1.0454545454545454,2.3636363636363638,0.18181818181818182,0.36363636363636365,0.027272727272727337,8.3,15.4,2.6,11.7,1.9,-7.1
ligue1-2025-2025-11-02-brest-v-lyon,2025-11-02,2025,Brest,Lyon,0,0,1,0.4166666666666667,0.0,773.3172145406065,4,4,999,0,1.0,0,999,0,1.0,0,0,0,1504.6409229662038,1601.4787954036851,-96.83787243748134,0.288135593220339,0.2796610169491525,0.43220338983050843,1,1.0,2.0,2.0,5.0,7.0,1.0,1.5384615384615385,1.5256410256410255,1.4230769230769231,1.0,1.4,1.7692307692307692,1.3076923076923077,1.641025641025641,1.1282051282051282,1.4102564102564104,1.7179487179487178,0.34615384615384615,0.2564102564102564,-0.5384615384615385,12.5,13.4,3.8,12.2,1.8,-0.9000000000000004,2.0,1.0,2.0,9.0,9.0,1.4,1.6538461538461537,1.6666666666666667,1.4487179487179487,1.8,1.8,1.8461538461538463,1.4615384615384615,1.794871794871795,1.358974358974359,1.5384615384615385,1.5384615384615385,0.32051282051282054,0.15384615384615385,-0.25384615384615383,12.7,11.8,4.5,15.7,2.2,0.8999999999999986
ligue1-2025-2025-11-02-toulouse-v-le-havre,2025-11-02,2025,Toulouse,Le Havre,0,0,1,0.5,0.0,665.0339281280934,4,4,999,0,1.0,0,999,0,1.0,0,0,0,1515.5303968483142,1413.8935367410788,101.6368601072354,0.556783031374282,0.2629253203711887,0.18029164825452937,1,2.0,2.0,1.0,10.0,6.0,1.6,1.2692307692307692,1.3205128205128205,1.3333333333333333,2.0,1.2,1.1282051282051282,1.4102564102564104,1.3846153846153846,1.4615384615384615,1.2564102564102564,1.205128205128205,0.24358974358974358,0.2564102564102564,0.3307692307692309,12.7,12.0,4.2,14.0,2.8,0.6999999999999993,2.0,2.0,1.0,6.0,8.0,1.6,1.0,1.1025641025641026,1.6923076923076923,1.2,1.6,1.0,1.0,1.0512820512820513,1.6923076923076923,1.1538461538461537,1.6923076923076923,0.1794871794871795,0.34615384615384615,0.6000000000000001,11.3,9.9,3.5,14.6,1.9,1.4000000000000004
ligue1-2025-2025-11-07-paris-fc-v-rennes,2025-11-07,2025,Paris FC,Rennes,0,1,0,0.0,0.0,307.4790018748356,6,5,999,0,1.0,0,999,0,1.0,0,0,0,1498.6798697669506,1512.8706317750189,-14.190762008068305,0.42105263157894735,0.2631578947368421,0.3157894736842105,1,2.0,1.0,2.0,8.0,7.0,1.4,1.2727272727272727,1.6363636363636365,1.8181818181818181,1.6,1.4,1.4,1.1666666666666667,2.2,2.0,1.1666666666666667,1.6666666666666667,0.18181818181818182,0.09090909090909091,0.1272727272727272,12.727272727272727,11.181818181818182,4.090909090909091,11.636363636363637,2.090909090909091,1.545454545454545,1.0,3.0,1.0,11.0,9.0,1.2,1.2911392405063291,1.5443037974683544,1.4303797468354431,2.2,1.8,1.6,0.9743589743589743,1.75,1.225,1.3333333333333333,1.641025641025641,0.25316455696202533,0.21518987341772153,-0.09113924050632916,13.454545454545455,13.909090909090908,4.7272727272727275,12.545454545454545,2.5454545454545454,-0.45454545454545325
ligue1-2025-2025-11-08-marseille-v-brest,2025-11-08,2025,Marseille,Brest,3,0,2,0.6666666666666666,0.0,952.9448024767538,7,6,999,0,1.0,0,999,0,1.0,0,0,0,1632.504612303861,1504.5499121317844,127.95470017207663,0.6272727272727273,0.2090909090909091,0.16363636363636366,1,3.0,1.0,1.0,13.0,6.0,2.0,1.7341772151898733,1.9113924050632911,1.2531645569620253,2.6,1.2,2.128205128205128,1.35,2.3076923076923075,1.0769230769230769,1.525,1.425,0.20253164556962025,0.22784810126582278,0.26582278481012667,14.0,9.363636363636363,5.545454545454546,12.545454545454545,2.727272727272727,4.636363636363637,0.0,3.0,2.0,3.0,7.0,0.6,1.5316455696202531,1.5063291139240507,1.4050632911392404,0.6,1.4,1.75,1.3076923076923077,1.6,1.1,1.4102564102564104,1.7179487179487178,0.35443037974683544,0.26582278481012656,-0.9316455696202531,12.545454545454545,12.545454545454545,3.727272727272727,12.818181818181818,1.7272727272727273,0.0
ligue1-2025-2025-11-08-le-havre-v-nantes,2025-11-08,2025,Le Havre,Nantes,1,1,1,0.5,0.0,276.4948213461697,6,6,999,0,1.0,0,999,0,1.0,0,0,0,1419.12278919378,1405.9797815325978,13.143007661182082,0.4963871326339192,0.28579865212255956,0.21781421524352113,1,2.0,2.0,1.0,6.0,8.0,1.6,1.0,1.0886075949367089,1.6708860759493671,1.2,1.6,1.0,1.0,1.0512820512820513,1.6923076923076923,1.125,1.65,0.189873417721519,0.35443037974683544,0.6000000000000001,11.090909090909092,10.636363636363637,3.4545454545454546,14.545454545454545,1.9090909090909092,0.45454545454545503,1.0,1.0,3.0,5.0,10.0,0.8,0.9873417721518988,1.0,1.5696202531645569,1.0,2.0,0.925,1.0512820512820513,1.05,1.5,0.9487179487179487,1.641025641025641,0.20253164556962025,0.35443037974683544,-0.18734177215189873,10.909090909090908,16.454545454545453,2.6363636363636362,11.363636363636363,1.6363636363636365,-5.545454545454545
ligue1-2025-2025-11-08-monaco-v-lens,2025-11-08,2025,Monaco,Lens,1,4,0,0.6428571428571429,0.0,822.5469199461746,7,6,999,0,1.0,0,999,0,1.0,0,0,0,1612.7992663623404,1569.4887506263667,43.310515735973695,0.47595118449389806,0.24407753050969133,0.2799712849964106,1,2.0,2.0,1.0,9.0,7.0,1.6,1.8734177215189873,1.9493670886075949,1.2658227848101267,1.8,1.4,2.125,1.6153846153846154,2.05,0.95,1.8461538461538463,1.5897435897435896,0.3037974683544304,0.1518987341772152,-0.27341772151898724,12.636363636363637,12.454545454545455,4.0,13.0,2.727272727272727,0.18181818181818166,4.0,0.0,1.0,9.0,5.0,2.4,1.5822784810126582,1.3164556962025316,1.0886075949367089,1.8,1.0,1.725,1.435897435897436,1.475,1.1,1.1538461538461537,1.0769230769230769,0.379746835443038,0.26582278481012656,0.8177215189873417,12.545454545454545,14.090909090909092,4.454545454545454,12.454545454545455,2.6363636363636362,-1.5454545454545467
ligue1-2025-2025-11-09-strasbourg-v-lille,2025-11-09,2025,Strasbourg,Lille,2,0,2,0.75,0.0,403.89067096392466,7,7,999,0,1.0,0,999,0,1.0,0,0,0,1569.8546093382015,1618.4079452814642,-48.55333594326271,0.3658536585365854,0.2536585365853659,0.38048780487804884,1,2.0,1.0,2.0,13.0,9.0,1.4,1.4556962025316456,1.4683544303797469,1.3924050632911393,2.6,1.8,1.8205128205128205,1.1,1.6923076923076923,1.1538461538461537,1.25,1.625,0.25316455696202533,0.17721518987341772,-0.055696202531645644,12.454545454545455,10.909090909090908,5.090909090909091,12.090909090909092,2.6363636363636362,1.5454545454545467,3.0,1.0,1.0,10.0,4.0,2.0,1.759493670886076,1.6075949367088607,1.0506329113924051,2.0,0.8,2.175,1.3333333333333333,1.9,0.9,1.3076923076923077,1.205128205128205,0.3670886075949367,0.1518987341772152,0.240506329113924,17.272727272727273,9.818181818181818,5.181818181818182,13.181818181818182,2.5454545454545454,7.454545454545455
ligue1-2025-2025-11-09-lorient-v-toulouse,2025-11-09,2025,Lorient,Toulouse,1,1,1,0.3,0.0,594.4066721144292,7,7,999,0,1.0,0,999,0,1.0,0,0,0,1399.1544486005503,1510.3011443956132,-111.1466957950629,0.3068856351404828,0.2882865057380293,0.4048278591214879,1,0.0,2.0,3.0,4.0,11.0,0.4,0.8444444444444444,1.2444444444444445,2.022222222222222,0.8,2.2,1.0909090909090908,0.6086956521739131,1.7272727272727273,1.9090909090909092,0.782608695652174,2.130434782608696,0.1111111111111111,0.4222222222222222,-0.4444444444444444,12.090909090909092,10.363636363636363,4.0,10.909090909090908,2.727272727272727,1.7272727272727284,2.0,2.0,1.0,8.0,4.0,1.6,1.2658227848101267,1.3037974683544304,1.3164556962025316,1.6,0.8,1.125,1.4102564102564104,1.35,1.425,1.2564102564102564,1.205128205128205,0.25316455696202533,0.26582278481012656,0.3341772151898734,13.181818181818182,11.727272727272727,4.0,13.818181818181818,2.6363636363636362,1.454545454545455
ligue1-2025-2025-11-09-angers-v-auxerre,2025-11-09,2025,Angers,Auxerre,2,0,2,0.6,0.0,310.425540474441,7,8,999,0,1.0,0,999,0,1.0,0,0,0,1425.0535936888753,1450.9501277191678,-25.896534030292514,0.3703703703703704,0.31481481481481477,0.31481481481481477,1,1.0,2.0,2.0,5.0,9.0,1.0,1.0222222222222221,0.8888888888888888,1.511111111111111,1.0,1.8,1.1363636363636365,0.9130434782608695,1.0454545454545454,1.6818181818181819,0.7391304347826086,1.3478260869565217,0.2,0.4222222222222222,-0.022222222222222143,9.0,14.818181818181818,2.909090909090909,10.818181818181818,1.4545454545454546,-5.818181818181818,0.0,1.0,4.0,3.0,9.0,0.2,1.0888888888888888,1.2222222222222223,1.511111111111111,0.6,1.8,1.434782608695652,0.7272727272727273,1.2173913043478262,1.0,1.2272727272727273,2.0454545454545454,0.26666666666666666,0.26666666666666666,-0.8888888888888888,10.363636363636363,12.181818181818182,3.1818181818181817,13.818181818181818,3.090909090909091,-1.8181818181818183
ligue1-2025-2025-11-09-metz-v-nice,2025-11-09,2025,Metz,Nice,2,1,2,0.375,0.0,606.8470847117709,7,8,999,0,1.0,0,999,0,1.0,0,0,0,1386.939608061854,1597.9616636176124,-211.02205555575847,0.3157894736842105,0.2631578947368421,0.42105263157894735,1,2.0,0.0,3.0,5.0,13.0,1.2,0.8222222222222222,1.0,1.8666666666666667,1.0,2.6,0.7727272727272727,0.8695652173913043,0.9090909090909091,1.4545454545454546,1.0869565217391304,2.260869565217391,0.2,0.35555555555555557,0.37777777777777777,8.818181818181818,15.454545454545455,3.0,11.363636363636363,2.0,-6.636363636363637,3.0,1.0,1.0,9.0,6.0,2.0,1.6708860759493671,1.5443037974683544,1.0886075949367089,1.8,1.2,2.025,1.3076923076923077,1.725,0.775,1.358974358974359,1.4102564102564104,0.34177215189873417,0.189873417721519,0.3291139240506329,11.090909090909092,17.181818181818183,3.909090909090909,12.363636363636363,2.3636363636363638,-6.090909090909092
ligue1-2025-2025-11-09-lyon-v-paris-sg,2025-11-09,2025,Lyon,Paris SG,2,3,0,0.16666666666666666,0.0,398.9663802706939,7,8,999,0,1.0,0,999,0,1.0,0,0,0,1601.5698062381045,1783.670095745027,-182.10028950692254,0.1648842838663405,0.23124015420279465,0.6038755619308649,1,1.0,2.0,2.0,8.0,9.0,1.0,1.6455696202531647,1.6455696202531647,1.4303797468354431,1.6,1.8,1.8461538461538463,1.45,1.794871794871795,1.358974358974359,1.5,1.5,0.3291139240506329,0.16455696202531644,-0.6455696202531647,11.909090909090908,11.909090909090908,4.2727272727272725,14.818181818181818,2.1818181818181817,0.0,2.0,3.0,0.0,9.0,5.0,1.8,2.329113924050633,2.4556962025316458,0.9746835443037974,1.8,1.0,2.3076923076923075,2.35,2.4615384615384617,1.0512820512820513,2.45,0.9,0.31645569620253167,0.06329113924050633,-0.5291139240506328,17.454545454545453,8.545454545454545,6.636363636363637,10.272727272727273,1.0909090909090908,8.909090909090908
ligue1-2025-2025-11-21-nice-v-marseille,2025-11-21,2025,Nice,Marseille,1,5,0,0.5,0.0,158.3915479065629,12,13,999,0,1.0,0,999,0,1.0,0,0,0,1584.8706895592798,1639.8525541050765,-54.981864545796725,0.256578947368421,0.256578947368421,0.48684210526315796,1,3.0,0.0,2.0,8.0,6.0,1.8,1.65,1.5375,1.1,1.6,1.2,2.025,1.275,1.725,0.775,1.35,1.425,0.3375,0.1875,0.15000000000000013,11.083333333333334,16.5,3.9166666666666665,12.916666666666666,2.5,-5.416666666666666,3.0,1.0,1.0,13.0,6.0,2.0,1.75,1.925,1.2375,2.6,1.2,2.15,1.35,2.325,1.05,1.525,1.425,0.2125,0.225,0.25,14.416666666666666,8.916666666666666,5.666666666666667,12.5,2.5,5.5
ligue1-2025-2025-11-22-rennes-v-monaco,2025-11-22,2025,Rennes,Monaco,4,1,2,0.16666666666666666,0.0,852.3786639659552,15,14,999,0,1.0,0,999,0,1.0,0,0,0,1525.2913981064885,1588.713764714254,-63.422366607765525,0.40413497171835383,0.25668031987517065,0.3391847084064756,1,2.0,2.0,1.0,10.0,7.0,1.6,1.3125,1.5375,1.4125,2.0,1.4,1.6,1.025,1.75,1.225,1.325,1.6,0.2625,0.2125,0.2875000000000001,13.166666666666666,14.333333333333334,4.583333333333333,12.583333333333334,2.5,-1.1666666666666679,2.0,1.0,2.0,8.0,9.0,1.4,1.85,1.9375,1.3,1.6,1.8,2.073170731707317,1.6153846153846154,2.024390243902439,1.024390243902439,1.8461538461538463,1.5897435897435896,0.3,0.15,-0.4500000000000002,12.916666666666666,13.083333333333334,4.166666666666667,13.166666666666666,2.75,-0.16666666666666785
ligue1-2025-2025-11-22-lens-v-strasbourg,2025-11-22,2025,Lens,Strasbourg,1,0,2,0.5714285714285714,0.0,413.0470096073049,14,13,999,0,1.0,0,999,0,1.0,0,0,0,1593.574252274453,1581.9178148100866,11.65643746436649,0.44386129334582947,0.2579194001874414,0.2982193064667292,1,4.0,0.0,1.0,11.0,5.0,2.4,1.6,1.35,1.0875,2.2,1.0,1.725,1.475,1.475,1.1,1.225,1.075,0.375,0.2625,0.7999999999999998,13.166666666666666,14.25,5.083333333333333,13.0,2.5833333333333335,-1.083333333333334,2.0,1.0,2.0,10.0,9.0,1.4,1.475,1.475,1.375,2.0,1.8,1.85,1.1,1.7,1.125,1.25,1.625,0.2625,0.175,-0.07500000000000018,11.833333333333334,10.583333333333334,4.833333333333333,11.833333333333334,2.75,1.25
ligue1-2025-2025-11-22-paris-sg-v-le-havre,2025-11-22,2025,Paris SG,Le Havre,3,0,2,0.9166666666666666,0.0,172.08411043805535,13,14,999,0,1.0,0,999,0,1.0,0,0,0,1791.350082281292,1415.9767062966046,375.3733759846875,0.7700592353257942,0.14453419493807215,0.08540656973613354,1,3.0,2.0,0.0,11.0,6.0,2.2,2.3375,2.4625,0.9875,2.2,1.2,2.3076923076923075,2.3658536585365852,2.4615384615384617,1.0512820512820513,2.4634146341463414,0.926829268292683,0.3125,0.0625,-0.13749999999999973,16.75,8.583333333333334,6.416666666666667,10.083333333333334,1.1666666666666667,8.166666666666666,2.0,2.0,1.0,5.0,7.0,1.6,1.0,1.0875,1.6625,1.0,1.4,1.0,1.0,1.05,1.675,1.125,1.65,0.1875,0.35,0.6000000000000001,11.583333333333334,10.166666666666666,3.5,14.583333333333334,2.0,1.4166666666666679
ligue1-2025-2025-11-23-auxerre-v-lyon,2025-11-23,2025,Auxerre,Lyon,0,0,1,0.2,0.0,249.5562986910852,14,14,999,0,1.0,0,999,0,1.0,0,0,0,1439.7794029155843,1593.8898197018395,-154.1104167862552,0.24305555555555552,0.27083333333333326,0.48611111111111105,1,0.0,1.0,4.0,2.0,9.0,0.2,1.065217391304348,1.1956521739130435,1.5217391304347827,0.4,1.8,1.434782608695652,0.6956521739130435,1.2173913043478262,1.0,1.173913043478261,2.0434782608695654,0.2608695652173913,0.2826086956521739,-0.8652173913043479,10.5,11.916666666666666,3.3333333333333335,13.833333333333334,3.0,-1.416666666666666,1.0,2.0,2.0,9.0,10.0,1.0,1.625,1.65,1.45,1.8,2.0,1.8,1.45,1.8,1.4,1.5,1.5,0.325,0.1625,-0.625,11.666666666666666,11.666666666666666,4.083333333333333,14.416666666666666,2.5833333333333335,0.0
ligue1-2025-2025-11-23-brest-v-metz,2025-11-23,2025,Brest,Metz,3,2,2,1.0,0.0,784.6069654115464,15,14,999,0,1.0,0,999,0,1.0,0,0,0,1497.2019703305689,1400.0305821201866,97.17138821038225,0.5112910097997443,0.25223689816787387,0.23647209203238176,1,0.0,2.0,3.0,3.0,10.0,0.4,1.5125,1.4875,1.425,0.6,2.0,1.75,1.275,1.6,1.1,1.375,1.75,0.35,0.275,-1.1124999999999998,11.833333333333334,13.083333333333334,3.5833333333333335,12.583333333333334,1.6666666666666667,-1.25,3.0,0.0,2.0,7.0,11.0,1.8,0.8695652173913043,1.0217391304347827,1.8478260869565217,1.4,2.2,0.8695652173913043,0.8695652173913043,0.9565217391304348,1.434782608695652,1.0869565217391304,2.260869565217391,0.1956521739130435,0.34782608695652173,0.9304347826086957,8.833333333333334,15.083333333333334,2.9166666666666665,11.416666666666666,2.0,-6.25
ligue1-2025-2025-11-23-nantes-v-lorient,2025-11-23,2025,Nantes,Lorient,1,1,1,0.625,0.0,148.7176825787002,15,14,999,0,1.0,0,999,0,1.0,0,0,0,1409.1258644297732,1399.4751662641052,9.650698165668018,0.31654676258992803,0.2877697841726619,0.3956834532374101,1,1.0,1.0,3.0,6.0,11.0,0.8,0.9875,1.0,1.5625,1.2,2.2,0.925,1.05,1.05,1.5,0.95,1.625,0.2,0.35,-0.1875,10.416666666666666,16.5,2.5833333333333335,11.5,1.75,-6.083333333333334,0.0,3.0,2.0,5.0,10.0,0.6,0.8478260869565217,1.2391304347826086,2.0,1.0,2.0,1.0869565217391304,0.6086956521739131,1.6956521739130435,1.8695652173913044,0.782608695652174,2.130434782608696,0.10869565217391304,0.41304347826086957,-0.24782608695652175,11.916666666666666,10.0,3.8333333333333335,10.5,2.5,1.916666666666666
ligue1-2025-2025-11-23-toulouse-v-angers,2025-11-23,2025,Toulouse,Angers,0,1,0,0.375,0.0,457.5144189951031,14,14,999,0,1.0,0,999,0,1.0,0,0,0,1509.9804267320583,1436.2243184924587,73.7561082395996,0.5613836121349589,0.26509781684150835,0.17351857102353274,1,1.0,3.0,1.0,7.0,4.0,1.2,1.2625,1.3,1.3125,1.4,0.8,1.125,1.4,1.35,1.425,1.25,1.2,0.25,0.2625,-0.0625,12.583333333333334,11.583333333333334,3.8333333333333335,14.166666666666666,2.75,1.0,2.0,2.0,1.0,7.0,4.0,1.6,1.065217391304348,0.9130434782608695,1.4782608695652173,1.4,0.8,1.2173913043478262,0.9130434782608695,1.0869565217391304,1.608695652173913,0.7391304347826086,1.3478260869565217,0.21739130434782608,0.41304347826086957,0.5347826086956522,9.0,14.583333333333334,3.0833333333333335,11.5,1.5,-5.583333333333334
ligue1-2025-2025-11-23-lille-v-paris-fc,2025-11-23,2025,Lille,Paris FC,4,2,2,1.0,0.0,204.18813143632832,14,16,999,0,1.0,0,999,0,1.0,0,0,0,1606.344739809579,1486.259103435481,120.08563637409816,0.5674708261793209,0.24299391787678612,0.18953525594389314,1,3.0,0.0,2.0,9.0,5.0,1.8,1.7375,1.5875,1.0625,1.8,1.0,2.175,1.3,1.9,0.9,1.275,1.225,0.3625,0.1625,0.0625,16.416666666666668,9.416666666666666,5.083333333333333,13.75,2.75,7.000000000000002,1.0,1.0,3.0,6.0,8.0,0.8,1.1666666666666667,1.5,1.75,1.2,1.6,1.1666666666666667,1.1666666666666667,1.8333333333333333,1.8333333333333333,1.1666666666666667,1.6666666666666667,0.16666666666666666,0.16666666666666666,-0.3666666666666667,13.25,11.083333333333334,4.083333333333333,11.416666666666666,2.25,2.166666666666666
ligue1-2025-2025-11-28-metz-v-rennes,2025-11-28,2025,Metz,Rennes,0,1,0,0.125,0.0,584.7711336428284,5,6,999,0,1.0,0,999,0,1.0,0,0,0,1395.1658270201092,1540.7951295025493,-145.62930248244015,0.24913617435988308,0.24585806680251618,0.5050057588376008,1,3.0,0.0,2.0,9.0,10.0,1.8,0.851063829787234,1.0425531914893618,1.872340425531915,1.8,2.0,0.8695652173913043,0.8333333333333334,0.9565217391304348,1.434782608695652,1.125,2.2916666666666665,0.19148936170212766,0.3404255319148936,0.948936170212766,8.692307692307692,15.461538461538462,2.923076923076923,11.153846153846153,2.076923076923077,-6.76923076923077,3.0,1.0,1.0,12.0,6.0,2.0,1.3333333333333333,1.5679012345679013,1.4074074074074074,2.4,1.2,1.6341463414634145,1.025,1.8048780487804879,1.2195121951219512,1.325,1.6,0.25925925925925924,0.20987654320987653,0.6666666666666667,13.461538461538462,14.23076923076923,4.923076923076923,11.846153846153847,2.3076923076923075,-0.7692307692307683
ligue1-2025-2025-11-29-marseille-v-toulouse,2025-11-29,2025,Marseille,Toulouse,2,2,1,0.75,0.0,321.8261915873199,8,6,999,0,1.0,0,999,0,1.0,0,0,0,1662.4296003494662,1495.3583879027178,167.0712124467484,0.5618659104350859,0.24059386421194706,0.19754022535296703,1,3.0,1.0,1.0,12.0,5.0,2.0,1.7654320987654322,1.962962962962963,1.2345679012345678,2.4,1.0,2.15,1.3902439024390243,2.325,1.05,1.6097560975609757,1.4146341463414633,0.20987654320987653,0.2222222222222222,0.23456790123456783,14.307692307692308,9.384615384615385,6.076923076923077,12.307692307692308,2.4615384615384617,4.923076923076923,0.0,3.0,2.0,3.0,5.0,0.6,1.2469135802469136,1.2839506172839505,1.308641975308642,0.6,1.0,1.0975609756097562,1.4,1.3170731707317074,1.4146341463414633,1.25,1.2,0.24691358024691357,0.2716049382716049,-0.6469135802469136,13.538461538461538,11.153846153846153,4.0,14.23076923076923,2.6153846153846154,2.384615384615385
ligue1-2025-2025-11-29-paris-fc-v-auxerre,2025-11-29,2025,Paris FC,Auxerre,1,1,1,0.5,0.0,146.37926348938748,6,6,999,0,1.0,0,999,0,1.0,0,0,0,1480.042620806931,1441.3243547787506,38.718266028180324,0.5078597339782346,0.26844014510278114,0.22370012091898428,1,1.0,1.0,3.0,7.0,10.0,0.8,1.0769230769230769,1.5384615384615385,1.9230769230769231,1.4,2.0,1.1666666666666667,1.0,1.8333333333333333,1.8333333333333333,1.2857142857142858,2.0,0.15384615384615385,0.15384615384615385,-0.2769230769230768,12.692307692307692,11.538461538461538,4.0,11.461538461538462,2.230769230769231,1.1538461538461533,0.0,1.0,4.0,0.0,7.0,0.2,1.0638297872340425,1.1702127659574468,1.4893617021276595,0.0,1.4,1.4166666666666667,0.6956521739130435,1.1666666666666667,0.9583333333333334,1.173913043478261,2.0434782608695654,0.2765957446808511,0.2978723404255319,-0.8638297872340426,10.615384615384615,12.23076923076923,3.4615384615384617,13.538461538461538,2.8461538461538463,-1.615384615384615
ligue1-2025-2025-11-29-monaco-v-paris-sg,2025-11-29,2025,Monaco,Paris SG,1,0,2,0.5,0.0,692.8795120593559,7,7,999,0,1.0,0,999,0,1.0,0,0,0,1573.2100333181932,1793.4581747396078,-220.24814142141463,0.21843546363997918,0.22519656132407379,0.556367975035947,1,2.0,0.0,3.0,8.0,12.0,1.2,1.8271604938271604,1.9259259259259258,1.3333333333333333,1.6,2.4,2.073170731707317,1.575,2.024390243902439,1.024390243902439,1.825,1.65,0.2962962962962963,0.14814814814814814,-0.6271604938271604,12.923076923076923,13.384615384615385,4.076923076923077,13.153846153846153,2.769230769230769,-0.4615384615384617,4.0,1.0,0.0,11.0,3.0,2.6,2.345679012345679,2.4691358024691357,0.9753086419753086,2.2,0.6,2.325,2.3658536585365852,2.475,1.025,2.4634146341463414,0.926829268292683,0.32098765432098764,0.06172839506172839,0.2543209876543209,17.846153846153847,8.846153846153847,6.769230769230769,10.076923076923077,1.2307692307692308,9.0
ligue1-2025-2025-11-30-strasbourg-v-brest,2025-11-30,2025,Strasbourg,Brest,1,2,0,0.3333333333333333,0.0,901.5945093265977,8,7,999,0,1.0,0,999,0,1.0,0,0,0,1575.0252940290784,1502.0667254306463,72.95856859843207,0.5292717447246527,0.2507076685537828,0.22002058672156458,1,2.0,0.0,3.0,7.0,7.0,1.2,1.4567901234567902,1.4567901234567902,1.3703703703703705,1.4,1.4,1.85,1.0731707317073171,1.7,1.125,1.2195121951219512,1.6097560975609757,0.25925925925925924,0.18518518518518517,-0.2567901234567902,11.461538461538462,10.76923076923077,4.538461538461538,11.923076923076923,2.923076923076923,0.6923076923076916,1.0,1.0,3.0,3.0,9.0,0.8,1.5308641975308641,1.5061728395061729,1.4320987654320987,0.6,1.8,1.7804878048780488,1.275,1.6341463414634145,1.1219512195121952,1.375,1.75,0.345679012345679,0.2716049382716049,-0.7308641975308641,12.461538461538462,12.615384615384615,3.8461538461538463,12.461538461538462,1.6923076923076923,-0.1538461538461533
ligue1-2025-2025-11-30-le-havre-v-lille,2025-11-30,2025,Le Havre,Lille,0,1,0,0.25,0.0,249.04377134052066,8,7,999,0,1.0,0,999,0,1.0,0,0,0,1413.8686138382889,1612.561222438129,-198.69260859984024,0.20007724990343764,0.25685592893008885,0.5430668211664735,1,2.0,2.0,1.0,3.0,4.0,1.6,0.9876543209876543,1.0740740740740742,1.6790123456790123,0.6,0.8,1.0,0.975609756097561,1.05,1.675,1.0975609756097562,1.6829268292682926,0.18518518518518517,0.35802469135802467,0.6123456790123458,11.615384615384615,11.76923076923077,3.5384615384615383,14.076923076923077,1.9230769230769231,-0.15384615384615508,3.0,0.0,2.0,11.0,7.0,1.8,1.7530864197530864,1.617283950617284,1.0740740740740742,2.2,1.4,2.1951219512195124,1.3,1.951219512195122,0.926829268292683,1.275,1.225,0.35802469135802467,0.16049382716049382,0.04691358024691361,16.46153846153846,9.153846153846153,5.461538461538462,13.384615384615385,2.6153846153846154,7.307692307692307
ligue1-2025-2025-11-30-lyon-v-nantes,2025-11-30,2025,Lyon,Nantes,3,0,2,0.9166666666666666,0.0,524.5304602260443,7,7,999,0,1.0,0,999,0,1.0,0,0,0,1592.3448678386733,1406.0706335406971,186.27423429797614,0.6803939122649956,0.20053715308863027,0.11906893464637423,1,1.0,3.0,1.0,7.0,7.0,1.2,1.617283950617284,1.6296296296296295,1.4320987654320987,1.4,1.4,1.8,1.4390243902439024,1.8,1.4,1.4634146341463414,1.4634146341463414,0.3333333333333333,0.1728395061728395,-0.41728395061728407,12.0,11.692307692307692,4.3076923076923075,14.153846153846153,2.6153846153846154,0.3076923076923084,1.0,2.0,2.0,7.0,10.0,1.0,0.9876543209876543,1.0,1.5555555555555556,1.4,2.0,0.926829268292683,1.05,1.048780487804878,1.4878048780487805,0.95,1.625,0.19753086419753085,0.345679012345679,0.012345679012345734,10.307692307692308,15.76923076923077,2.4615384615384617,11.923076923076923,1.6923076923076923,-5.461538461538462
ligue1-2025-2025-11-30-lorient-v-nice,2025-11-30,2025,Lorient,Nice,3,1,2,0.5,0.0,938.7534291162799,7,9,999,0,1.0,0,999,0,1.0,0,0,0,1402.5303971531812,1562.29364331489,-159.76324616170882,0.4041204437400951,0.2793185419968304,0.3165610142630745,1,0.0,3.0,2.0,3.0,8.0,0.6,0.851063829787234,1.2340425531914894,1.9787234042553192,0.6,1.6,1.0869565217391304,0.625,1.6956521739130435,1.8695652173913044,0.7916666666666666,2.0833333333333335,0.10638297872340426,0.40425531914893614,-0.25106382978723407,11.538461538461538,9.923076923076923,3.6153846153846154,11.0,2.3846153846153846,1.615384615384615,2.0,0.0,3.0,6.0,9.0,1.2,1.6296296296296295,1.5308641975308641,1.1481481481481481,1.2,1.8,1.975609756097561,1.275,1.7073170731707317,0.8780487804878049,1.35,1.425,0.3333333333333333,0.18518518518518517,-0.4296296296296296,11.384615384615385,16.23076923076923,4.153846153846154,12.615384615384615,2.4615384615384617,-4.846153846153845
ligue1-2025-2025-11-30-angers-v-lens,2025-11-30,2025,Angers,Lens,1,2,0,0.0,0.0,410.81850335191115,7,8,999,0,1.0,0,999,0,1.0,0,0,0,1450.8463573217991,1600.4667730554613,-149.62041573366218,0.2007380073800738,0.23837638376383766,0.5608856088560886,1,3.0,1.0,1.0,7.0,3.0,2.0,1.1063829787234043,0.9148936170212766,1.446808510638298,1.4,0.6,1.2173913043478262,1.0,1.0869565217391304,1.608695652173913,0.75,1.2916666666666667,0.23404255319148937,0.40425531914893614,0.8936170212765957,8.76923076923077,15.384615384615385,3.0,11.76923076923077,1.6153846153846154,-6.615384615384615,4.0,0.0,1.0,10.0,4.0,2.4,1.617283950617284,1.345679012345679,1.0740740740740742,2.0,0.8,1.7560975609756098,1.475,1.4634146341463414,1.0731707317073171,1.225,1.075,0.38271604938271603,0.25925925925925924,0.7827160493827159,13.153846153846153,13.692307692307692,5.076923076923077,13.0,2.6923076923076925,-0.5384615384615383
ligue1-2025-2025-12-05-brest-v-monaco,2025-12-05,2025,Brest,Monaco,1,0,2,0.3333333333333333,0.0,1052.8195441727441,5,6,999,0,1.0,0,999,0,1.0,0,0,0,1516.6706940233944,1586.5391738335147,-69.86847981012033,0.28421839940164545,0.24682124158563945,0.468960359012715,1,2.0,1.0,2.0,5.0,7.0,1.4,1.548780487804878,1.5121951219512195,1.4268292682926829,1.0,1.4,1.7804878048780488,1.3170731707317074,1.6341463414634145,1.1219512195121952,1.3902439024390243,1.7317073170731707,0.34146341463414637,0.2682926829268293,-0.14878048780487818,12.071428571428571,12.714285714285714,3.857142857142857,12.571428571428571,1.7857142857142858,-0.6428571428571423,2.0,0.0,3.0,8.0,12.0,1.2,1.8414634146341464,1.9146341463414633,1.3170731707317074,1.6,2.4,2.0952380952380953,1.575,2.0,1.0,1.825,1.65,0.3048780487804878,0.14634146341463414,-0.6414634146341465,12.714285714285714,13.642857142857142,4.142857142857143,12.928571428571429,2.9285714285714284,-0.9285714285714288
ligue1-2025-2025-12-05-lille-v-marseille,2025-12-05,2025,Lille,Marseille,1,0,2,0.75,0.0,834.3217055250366,5,6,999,0,1.0,0,999,0,1.0,0,0,0,1619.7946357071833,1655.9679137561125,-36.173278048929205,0.4043126684636119,0.2749326145552561,0.3207547169811321,1,3.0,0.0,2.0,6.0,6.0,1.8,1.7682926829268293,1.6097560975609757,1.0609756097560976,1.2,1.2,2.1951219512195124,1.3414634146341464,1.951219512195122,0.926829268292683,1.2682926829268293,1.1951219512195121,0.36585365853658536,0.15853658536585366,0.03170731707317076,15.857142857142858,9.5,5.214285714285714,13.357142857142858,2.7857142857142856,6.357142857142858,3.0,2.0,0.0,13.0,5.0,2.2,1.7560975609756098,1.9634146341463414,1.2439024390243902,2.6,1.0,2.1219512195121952,1.3902439024390243,2.317073170731707,1.0731707317073171,1.6097560975609757,1.4146341463414633,0.2073170731707317,0.21951219512195122,0.4439024390243904,14.714285714285714,9.142857142857142,6.0,11.928571428571429,2.4285714285714284,5.571428571428571
ligue1-2025-2025-12-06-paris-sg-v-rennes,2025-12-06,2025,Paris SG,Rennes,5,0,2,0.7142857142857143,0.0,298.53722794303593,7,8,999,0,1.0,0,999,0,1.0,0,0,0,1780.1290342242862,1549.4893115757882,230.63972264849804,0.7296607077708864,0.1517694272163444,0.11856986501276906,1,3.0,1.0,1.0,8.0,4.0,2.0,2.317073170731707,2.4390243902439024,0.975609756097561,1.6,0.8,2.325,2.3095238095238093,2.475,1.025,2.4047619047619047,0.9285714285714286,0.3170731707317073,0.07317073170731707,-0.31707317073170715,17.785714285714285,8.928571428571429,6.571428571428571,10.285714285714286,1.2142857142857142,8.857142857142856,4.0,1.0,0.0,12.0,4.0,2.6,1.353658536585366,1.5609756097560976,1.3902439024390243,2.4,0.8,1.6341463414634145,1.0731707317073171,1.8048780487804879,1.2195121951219512,1.3170731707317074,1.5609756097560976,0.2682926829268293,0.2073170731707317,1.2463414634146341,13.142857142857142,14.357142857142858,4.714285714285714,11.571428571428571,2.142857142857143,-1.2142857142857153
ligue1-2025-2025-12-06-toulouse-v-strasbourg,2025-12-06,2025,Toulouse,Strasbourg,1,0,2,0.4166666666666667,0.0,737.0780289455665,7,6,999,0,1.0,0,999,0,1.0,0,0,0,1501.8200744960716,1560.4213254363303,-58.60125094025875,0.36812749003984063,0.2900398406374502,0.34183266932270917,1,0.0,4.0,1.0,5.0,6.0,0.8,1.2439024390243902,1.2926829268292683,1.3170731707317074,1.0,1.2,1.0975609756097562,1.3902439024390243,1.3170731707317074,1.4146341463414633,1.2682926829268293,1.2195121951219512,0.24390243902439024,0.2682926829268293,-0.4439024390243902,13.0,11.785714285714286,4.0,13.928571428571429,2.5,1.2142857142857135,2.0,0.0,3.0,7.0,7.0,1.2,1.4390243902439024,1.451219512195122,1.3780487804878048,1.4,1.4,1.8048780487804879,1.0731707317073171,1.6829268292682926,1.146341463414634,1.2195121951219512,1.6097560975609757,0.25609756097560976,0.18292682926829268,-0.23902439024390243,11.642857142857142,10.5,4.642857142857143,11.928571428571429,2.7142857142857144,1.1428571428571423
ligue1-2025-2025-12-06-nantes-v-lens,2025-12-06,2025,Nantes,Lens,1,2,0,0.16666666666666666,0.0,474.827116586979,6,6,999,0,1.0,0,999,0,1.0,0,0,0,1400.479943375593,1609.0482145065594,-208.56827113096642,0.18953525594389314,0.24299391787678612,0.5674708261793209,1,0.0,2.0,3.0,5.0,12.0,0.4,0.975609756097561,0.9878048780487805,1.5731707317073171,1.0,2.4,0.926829268292683,1.024390243902439,1.048780487804878,1.4878048780487805,0.926829268292683,1.6585365853658536,0.1951219512195122,0.35365853658536583,-0.5756097560975609,10.0,16.071428571428573,2.4285714285714284,11.714285714285714,1.8571428571428572,-6.071428571428573,4.0,0.0,1.0,10.0,4.0,2.4,1.6341463414634145,1.353658536585366,1.0731707317073171,2.0,0.8,1.7560975609756098,1.5121951219512195,1.4634146341463414,1.0731707317073171,1.2439024390243902,1.0731707317073171,0.3780487804878049,0.25609756097560976,0.7658536585365854,13.428571428571429,13.214285714285714,5.142857142857143,12.857142857142858,2.5714285714285716,0.2142857142857153
ligue1-2025-2025-12-07-nice-v-angers,2025-12-07,2025,Nice,Angers,0,1,0,0.75,0.0,736.1286832320784,7,7,999,0,1.0,0,999,0,1.0,0,0,0,1545.7425960852827,1442.264915870701,103.4776802145816,0.5430668211664735,0.25685592893008885,0.20007724990343764,1,1.0,0.0,4.0,5.0,11.0,0.6,1.6097560975609757,1.524390243902439,1.170731707317073,1.0,2.2,1.975609756097561,1.2439024390243902,1.7073170731707317,0.8780487804878049,1.3414634146341464,1.4634146341463414,0.32926829268292684,0.18292682926829268,-1.0097560975609756,11.214285714285714,16.357142857142858,4.0,12.5,2.4285714285714284,-5.142857142857144,2.0,1.0,2.0,6.0,5.0,1.4,1.0833333333333333,0.9166666666666666,1.4583333333333333,1.2,1.0,1.1666666666666667,1.0,1.0833333333333333,1.625,0.75,1.2916666666666667,0.22916666666666666,0.3958333333333333,0.31666666666666665,8.642857142857142,15.5,3.142857142857143,11.428571428571429,1.5714285714285714,-6.857142857142858
ligue1-2025-2025-12-07-auxerre-v-metz,2025-12-07,2025,Auxerre,Metz,3,1,2,1.0,0.0,240.0937601771949,8,9,999,0,1.0,0,999,0,1.0,0,0,0,1445.1175388414333,1386.4716449468704,58.64589389456296,0.47134935304990755,0.27726432532347506,0.2513863216266174,1,0.0,2.0,3.0,1.0,7.0,0.4,1.0625,1.1666666666666667,1.4791666666666667,0.2,1.4,1.4166666666666667,0.7083333333333334,1.1666666666666667,0.9583333333333334,1.1666666666666667,2.0,0.2708333333333333,0.2916666666666667,-0.6625,10.642857142857142,12.142857142857142,3.4285714285714284,13.785714285714286,2.7142857142857144,-1.5,3.0,0.0,2.0,8.0,5.0,1.8,0.8333333333333334,1.0208333333333333,1.8541666666666667,1.6,1.0,0.8333333333333334,0.8333333333333334,0.9166666666666666,1.4166666666666667,1.125,2.2916666666666665,0.1875,0.3541666666666667,0.9666666666666667,9.214285714285714,15.0,3.0714285714285716,11.0,1.9285714285714286,-5.7857142857142865
ligue1-2025-2025-12-07-le-havre-v-paris-fc,2025-12-07,2025,Le Havre,Paris FC,0,0,1,0.25,0.0,180.42977347740987,7,8,999,0,1.0,0,999,0,1.0,0,0,0,1406.6352005692347,1476.2494367442482,-69.6142361750135,0.3291481631005248,0.3079127977392006,0.36293903916027453,1,1.0,2.0,2.0,2.0,5.0,1.0,0.975609756097561,1.0609756097560976,1.670731707317073,0.4,1.0,0.975609756097561,0.975609756097561,1.024390243902439,1.6585365853658536,1.0975609756097562,1.6829268292682926,0.18292682926829268,0.36585365853658536,0.024390243902439046,11.785714285714286,11.5,3.7857142857142856,14.142857142857142,1.8571428571428572,0.2857142857142865,1.0,2.0,2.0,7.0,9.0,1.0,1.0714285714285714,1.5,1.8571428571428572,1.4,1.8,1.1428571428571428,1.0,1.7142857142857142,1.7142857142857142,1.2857142857142858,2.0,0.14285714285714285,0.14285714285714285,-0.0714285714285714,12.571428571428571,11.5,3.857142857142857,11.428571428571429,2.2142857142857144,1.0714285714285712
ligue1-2025-2025-12-07-lorient-v-lyon,2025-12-07,2025,Lorient,Lyon,1,0,2,0.375,0.0,672.5620790199815,7,7,999,0,1.0,0,999,0,1.0,0,0,0,1419.0814443827885,1597.9355580037775,-178.85411362098898,0.25430995165556874,0.2804889172671714,0.4652011310772599,1,1.0,3.0,1.0,6.0,7.0,1.2,0.8958333333333334,1.2708333333333333,1.9583333333333333,1.2,1.4,1.1666666666666667,0.625,1.75,1.8333333333333333,0.7916666666666666,2.0833333333333335,0.10416666666666667,0.3958333333333333,0.3041666666666666,12.0,9.857142857142858,3.857142857142857,10.714285714285714,2.2857142857142856,2.1428571428571423,1.0,3.0,1.0,8.0,6.0,1.2,1.6341463414634145,1.646341463414634,1.4146341463414633,1.6,1.2,1.829268292682927,1.4390243902439024,1.829268292682927,1.3658536585365855,1.4634146341463414,1.4634146341463414,0.34146341463414637,0.17073170731707318,-0.4341463414634146,12.571428571428571,11.285714285714286,4.571428571428571,14.142857142857142,2.5,1.2857142857142847
ligue1-2025-2025-12-12-angers-v-nantes,2025-12-12,2025,Angers,Nantes,4,1,2,0.875,0.0,78.33697648526338,5,6,999,0,1.0,0,999,0,1.0,0,0,0,1457.5325564059447,1393.506900810183,64.02565559576169,0.4407039020657996,0.2960979342004591,0.26319816373374144,1,3.0,0.0,2.0,5.0,3.0,1.8,1.1224489795918366,0.9183673469387755,1.4285714285714286,1.0,0.6,1.1666666666666667,1.08,1.0833333333333333,1.625,0.76,1.24,0.24489795918367346,0.3877551020408163,0.6775510204081634,8.6,15.333333333333334,3.2,11.266666666666667,1.5333333333333334,-6.733333333333334,0.0,2.0,3.0,3.0,9.0,0.4,0.963855421686747,0.9879518072289156,1.5783132530120483,0.6,1.8,0.9047619047619048,1.024390243902439,1.0476190476190477,1.5,0.926829268292683,1.6585365853658536,0.1927710843373494,0.3493975903614458,-0.563855421686747,10.0,16.333333333333332,2.533333333333333,11.466666666666667,1.8666666666666667,-6.333333333333332
ligue1-2025-2025-12-13-rennes-v-brest,2025-12-13,2025,Rennes,Brest,3,1,2,0.5,0.0,212.8355943201449,7,8,999,0,1.0,0,999,0,1.0,0,0,0,1543.687443488514,1525.805606934158,17.881836554355914,0.5129935875801552,0.24974687816402294,0.2372595342558218,1,4.0,0.0,1.0,10.0,7.0,2.4,1.3373493975903614,1.5421686746987953,1.4337349397590362,2.0,1.4,1.6341463414634145,1.0476190476190477,1.8048780487804879,1.2195121951219512,1.2857142857142858,1.6428571428571428,0.26506024096385544,0.21686746987951808,1.0626506024096385,12.666666666666666,14.733333333333333,4.533333333333333,11.133333333333333,2.3333333333333335,-2.0666666666666664,3.0,1.0,1.0,6.0,6.0,2.0,1.5662650602409638,1.5060240963855422,1.4096385542168675,1.2,1.2,1.8095238095238095,1.3170731707317074,1.619047619047619,1.0952380952380953,1.3902439024390243,1.7317073170731707,0.3493975903614458,0.26506024096385544,0.4337349397590362,12.066666666666666,12.533333333333333,3.8666666666666667,12.866666666666667,1.9333333333333333,-0.4666666666666668
ligue1-2025-2025-12-13-metz-v-paris-sg,2025-12-13,2025,Metz,Paris SG,2,3,0,0.0,0.0,287.32517309596955,6,7,999,0,1.0,0,999,0,1.0,0,0,0,1378.3727985808735,1785.9309023115604,-407.558103730687,0.10558291232333568,0.1461917247553879,0.7482253629212765,1,2.0,0.0,3.0,7.0,8.0,1.2,0.8163265306122449,1.0204081632653061,1.8775510204081634,1.4,1.6,0.8333333333333334,0.8,0.9166666666666666,1.4166666666666667,1.12,2.32,0.1836734693877551,0.3469387755102041,0.38367346938775504,8.933333333333334,14.933333333333334,3.066666666666667,11.066666666666666,1.8666666666666667,-6.0,4.0,0.0,1.0,12.0,3.0,2.4,2.325301204819277,2.4698795180722892,0.963855421686747,2.4,0.6,2.341463414634146,2.3095238095238093,2.5365853658536586,1.0,2.4047619047619047,0.9285714285714286,0.3253012048192771,0.07228915662650602,0.07469879518072275,17.933333333333334,8.733333333333333,6.733333333333333,10.2,1.1333333333333333,9.200000000000001
ligue1-2025-2025-12-13-paris-fc-v-toulouse,2025-12-13,2025,Paris FC,Toulouse,0,3,0,0.25,0.0,589.1537652092369,6,7,999,0,1.0,0,999,0,1.0,0,0,0,1477.1217863284542,1510.6341300724498,-33.51234374399564,0.34747637241101953,0.2986125075407199,0.3539111200482606,1,1.0,2.0,2.0,4.0,6.0,1.0,1.0666666666666667,1.4,1.7333333333333334,0.8,1.2,1.1428571428571428,1.0,1.7142857142857142,1.7142857142857142,1.125,1.75,0.2,0.2,-0.06666666666666665,12.6,11.6,3.7333333333333334,11.533333333333333,2.2,1.0,1.0,3.0,1.0,4.0,4.0,1.2,1.2650602409638554,1.2891566265060241,1.3012048192771084,0.8,0.8,1.1428571428571428,1.3902439024390243,1.3095238095238095,1.380952380952381,1.2682926829268293,1.2195121951219512,0.25301204819277107,0.26506024096385544,-0.06506024096385543,12.533333333333333,11.2,3.933333333333333,14.4,2.533333333333333,1.333333333333334
ligue1-2025-2025-12-14-marseille-v-monaco,2025-12-14,2025,Marseille,Monaco,1,0,2,0.35714285714285715,0.0,170.65760939507788,9,9,999,0,1.0,0,999,0,1.0,0,0,0,1647.7846033769163,1577.404260922751,70.3803424541652,0.4605263157894737,0.2697368421052631,0.2697368421052631,1,3.0,1.0,1.0,11.0,4.0,2.0,1.7349397590361446,1.9397590361445782,1.2409638554216869,2.2,0.8,2.1219512195121952,1.3571428571428572,2.317073170731707,1.0731707317073171,1.5714285714285714,1.4047619047619047,0.20481927710843373,0.2289156626506024,0.2650602409638554,14.133333333333333,8.866666666666667,5.733333333333333,11.866666666666667,2.3333333333333335,5.266666666666666,1.0,0.0,4.0,3.0,10.0,0.6,1.819277108433735,1.891566265060241,1.3132530120481927,0.6,2.0,2.0952380952380953,1.5365853658536586,2.0,1.0,1.7804878048780488,1.6341463414634145,0.30120481927710846,0.1566265060240964,-1.2192771084337348,12.533333333333333,13.533333333333333,4.0,13.066666666666666,3.0,-1.0
ligue1-2025-2025-12-14-auxerre-v-lille,2025-12-14,2025,Auxerre,Lille,3,4,0,0.375,0.0,314.84797078484587,7,9,999,0,1.0,0,999,0,1.0,0,0,0,1453.2163852074302,1627.9779460863795,-174.76156087894924,0.211324570273003,0.28816986855409504,0.5005055611729018,1,1.0,2.0,2.0,4.0,5.0,1.0,1.1020408163265305,1.2040816326530612,1.469387755102041,0.8,1.0,1.48,0.7083333333333334,1.24,0.96,1.1666666666666667,2.0,0.2653061224489796,0.2857142857142857,-0.1020408163265305,10.866666666666667,11.666666666666666,3.6666666666666665,13.533333333333333,2.6666666666666665,-0.7999999999999989,4.0,0.0,1.0,7.0,4.0,2.4,1.783132530120482,1.6024096385542168,1.0481927710843373,1.4,0.8,2.2142857142857144,1.3414634146341464,1.9285714285714286,0.9047619047619048,1.2682926829268293,1.1951219512195121,0.37349397590361444,0.1566265060240964,0.616867469879518,15.133333333333333,9.266666666666667,5.0,13.066666666666666,2.6666666666666665,5.866666666666665
ligue1-2025-2025-12-14-lyon-v-le-havre,2025-12-14,2025,Lyon,Le Havre,1,0,2,0.6428571428571429,0.0,552.2473546806608,7,7,999,0,1.0,0,999,0,1.0,0,0,0,1585.70413748607,1405.7628509850288,179.9412865010413,0.5879059350503919,0.22396416573348263,0.18812989921612544,1,1.0,2.0,2.0,5.0,4.0,1.0,1.6144578313253013,1.6265060240963856,1.4096385542168675,1.0,0.8,1.829268292682927,1.4047619047619047,1.829268292682927,1.3658536585365855,1.4285714285714286,1.4523809523809523,0.3373493975903614,0.18072289156626506,-0.6144578313253013,12.2,11.466666666666667,4.533333333333333,14.6,2.6,0.7333333333333325,0.0,3.0,2.0,1.0,5.0,0.6,0.9759036144578314,1.0481927710843373,1.6506024096385543,0.2,1.0,0.9761904761904762,0.975609756097561,1.0,1.619047619047619,1.0975609756097562,1.6829268292682926,0.1927710843373494,0.37349397590361444,-0.3759036144578314,11.866666666666667,11.6,3.6666666666666665,13.866666666666667,1.7333333333333334,0.2666666666666675
ligue1-2025-2025-12-14-strasbourg-v-lorient,2025-12-14,2025,Strasbourg,Lorient,0,0,1,0.625,0.0,829.1514160284663,8,7,999,0,1.0,0,999,0,1.0,0,0,0,1551.607269859952,1431.312864900496,120.29440495945619,0.5362840799830516,0.24697293157114222,0.2167429884458061,1,1.0,0.0,4.0,4.0,8.0,0.6,1.4216867469879517,1.4337349397590362,1.3734939759036144,0.8,1.6,1.8048780487804879,1.0476190476190477,1.6829268292682926,1.146341463414634,1.1904761904761905,1.5952380952380953,0.25301204819277107,0.1927710843373494,-0.8216867469879517,11.066666666666666,10.2,4.333333333333333,12.0,2.7333333333333334,0.8666666666666671,2.0,2.0,1.0,6.0,6.0,1.6,0.9387755102040817,1.2653061224489797,1.9183673469387754,1.2,1.2,1.24,0.625,1.72,1.76,0.7916666666666666,2.0833333333333335,0.12244897959183673,0.3877551020408163,0.6612244897959184,12.133333333333333,9.666666666666666,4.0,10.8,2.2666666666666666,2.466666666666667
ligue1-2025-2025-12-14-lens-v-nice,2025-12-14,2025,Lens,Nice,2,0,2,0.3333333333333333,0.0,820.4237860395572,8,7,999,0,1.0,0,999,0,1.0,0,0,0,1616.0212570719693,1530.474955550039,85.54630152193022,0.6068194952802928,0.2117125794644577,0.18146792525524946,1,5.0,0.0,0.0,12.0,3.0,3.0,1.6506024096385543,1.3614457831325302,1.072289156626506,2.4,0.6,1.7560975609756098,1.5476190476190477,1.4634146341463414,1.0731707317073171,1.2619047619047619,1.0714285714285714,0.37349397590361444,0.25301204819277107,1.3493975903614457,13.866666666666667,13.0,5.2,12.866666666666667,2.4,0.8666666666666671,0.0,0.0,5.0,3.0,12.0,0.0,1.5903614457831325,1.5060240963855422,1.1686746987951808,0.6,2.4,1.9285714285714286,1.2439024390243902,1.6666666666666667,0.8809523809523809,1.3414634146341464,1.4634146341463414,0.3253012048192771,0.1927710843373494,-1.5903614457831325,11.333333333333334,15.8,3.933333333333333,12.4,2.466666666666667,-4.466666666666667
ligue1-2025-2026-01-02-toulouse-v-lens,2026-01-02,2025,Toulouse,Lens,0,3,0,0.25,0.0,768.8008670304964,20,19,999,0,1.0,0,999,0,1.0,0,0,0,1531.2293321190846,1623.2554236624412,-92.02609154335664,0.37281553398058254,0.29708737864077667,0.33009708737864074,1,2.0,2.0,1.0,7.0,4.0,1.6,1.2857142857142858,1.3095238095238095,1.2857142857142858,1.4,0.8,1.1428571428571428,1.4285714285714286,1.3095238095238095,1.380952380952381,1.3095238095238095,1.1904761904761905,0.2619047619047619,0.2619047619047619,0.3142857142857143,12.1875,11.0625,3.9375,14.375,2.4375,1.125,5.0,0.0,0.0,11.0,3.0,3.0,1.6666666666666667,1.369047619047619,1.0595238095238095,2.2,0.6,1.7857142857142858,1.5476190476190477,1.4761904761904763,1.0476190476190477,1.2619047619047619,1.0714285714285714,0.38095238095238093,0.25,1.3333333333333333,13.9375,12.6875,5.1875,13.125,2.25,1.25
ligue1-2025-2026-01-03-nice-v-strasbourg,2026-01-03,2025,Nice,Strasbourg,1,1,1,0.6666666666666666,0.0,541.383374978608,20,20,999,0,1.0,0,999,0,1.0,0,0,0,1523.2407889595672,1545.9988666834458,-22.758077723878614,0.3039936419630439,0.27717067355454006,0.41883568448241604,1,0.0,0.0,5.0,3.0,13.0,0.0,1.5714285714285714,1.4880952380952381,1.1785714285714286,0.6,2.6,1.9285714285714286,1.2142857142857142,1.6666666666666667,0.8809523809523809,1.3095238095238095,1.4761904761904763,0.32142857142857145,0.20238095238095238,-1.5714285714285714,11.125,15.75,3.9375,12.4375,2.4375,-4.625,1.0,1.0,3.0,3.0,4.0,0.8,1.4166666666666667,1.4166666666666667,1.3571428571428572,0.6,0.8,1.7857142857142858,1.0476190476190477,1.6428571428571428,1.119047619047619,1.1904761904761905,1.5952380952380953,0.2619047619047619,0.20238095238095238,-0.6166666666666667,11.125,10.1875,4.1875,11.625,2.625,0.9375
ligue1-2025-2026-01-03-monaco-v-lyon,2026-01-03,2025,Monaco,Lyon,1,3,0,0.5,0.0,297.1280574136071,20,20,999,0,1.0,0,999,0,1.0,0,0,0,1571.949552182078,1589.0318255632321,-17.08227338115421,0.4652011310772599,0.25430995165556874,0.2804889172671714,1,1.0,0.0,4.0,3.0,10.0,0.6,1.7976190476190477,1.869047619047619,1.3095238095238095,0.6,2.0,2.0952380952380953,1.5,2.0,1.0,1.7380952380952381,1.619047619047619,0.2976190476190476,0.16666666666666666,-1.1976190476190478,12.875,13.8125,4.1875,12.9375,2.875,-0.9375,2.0,1.0,2.0,6.0,4.0,1.4,1.630952380952381,1.619047619047619,1.3928571428571428,1.2,0.8,1.8571428571428572,1.4047619047619047,1.8095238095238095,1.3333333333333333,1.4285714285714286,1.4523809523809523,0.34523809523809523,0.17857142857142858,-0.23095238095238102,12.5625,11.375,4.5,14.5625,2.5625,1.1875
ligue1-2025-2026-01-03-lille-v-rennes,2026-01-03,2025,Lille,Rennes,0,2,0,0.6666666666666666,0.0,443.77856157497973,20,21,999,0,1.0,0,999,0,1.0,0,0,0,1635.8587432749796,1553.207300427204,82.65144284777557,0.5565726839985353,0.2407176858293665,0.2027096301720981,1,4.0,0.0,1.0,10.0,7.0,2.4,1.7976190476190477,1.630952380952381,1.0714285714285714,2.0,1.4,2.2142857142857144,1.380952380952381,1.9285714285714286,0.9047619047619048,1.3333333333333333,1.2380952380952381,0.36904761904761907,0.15476190476190477,0.6023809523809522,14.6875,9.8125,5.0,12.875,2.875,4.875,4.0,0.0,1.0,9.0,7.0,2.4,1.3571428571428572,1.5595238095238095,1.4285714285714286,1.8,1.4,1.6666666666666667,1.0476190476190477,1.8333333333333333,1.2142857142857142,1.2857142857142858,1.6428571428571428,0.2619047619047619,0.21428571428571427,1.0428571428571427,12.4375,14.6875,4.5625,11.4375,2.3125,-2.25
ligue1-2025-2026-01-04-marseille-v-nantes,2026-01-04,2025,Marseille,Nantes,0,2,0,0.5833333333333334,0.0,699.4985464471042,21,23,999,0,1.0,0,999,0,1.0,0,0,0,1653.2393121175894,1383.8056421008719,269.43367001671754,0.7509881422924901,0.15019762845849802,0.09881422924901184,1,3.0,1.0,1.0,11.0,4.0,2.0,1.75,1.9285714285714286,1.2261904761904763,2.2,0.8,2.142857142857143,1.3571428571428572,2.2857142857142856,1.0476190476190477,1.5714285714285714,1.4047619047619047,0.21428571428571427,0.2261904761904762,0.25,14.375,9.4375,5.875,11.8125,2.3125,4.9375,0.0,2.0,3.0,4.0,11.0,0.4,0.9523809523809523,0.9880952380952381,1.6071428571428572,0.8,2.2,0.9047619047619048,1.0,1.0476190476190477,1.5,0.9285714285714286,1.7142857142857142,0.19047619047619047,0.34523809523809523,-0.5523809523809523,9.8125,16.5625,2.625,11.5625,1.875,-6.75
ligue1-2025-2026-01-04-lorient-v-metz,2026-01-04,2025,Lorient,Metz,1,1,1,0.625,0.0,719.08297103437,21,22,999,0,1.0,0,999,0,1.0,0,0,0,1436.9212680770022,1375.4630630109712,61.45820506603104,0.5153374233128833,0.2576687116564417,0.22699386503067484,1,2.0,3.0,0.0,6.0,3.0,1.8,0.94,1.24,1.88,1.2,0.6,1.24,0.64,1.72,1.76,0.76,2.0,0.14,0.4,0.8600000000000001,12.0,9.8125,3.875,10.3125,2.125,2.1875,1.0,0.0,4.0,7.0,11.0,0.6,0.8,1.04,1.9,1.4,2.2,0.8,0.8,0.96,1.48,1.12,2.32,0.18,0.34,-0.20000000000000007,8.9375,14.875,3.1875,11.0,1.875,-5.9375
ligue1-2025-2026-01-04-le-havre-v-angers,2026-01-04,2025,Le Havre,Angers,2,1,2,0.5,0.0,230.88187812503108,21,23,999,0,1.0,0,999,0,1.0,0,0,0,1402.4351629078667,1467.2338151152558,-64.79865220738907,0.3981697037810067,0.2961387171871237,0.3056915790318696,1,0.0,2.0,3.0,1.0,6.0,0.4,0.9642857142857143,1.0357142857142858,1.6428571428571428,0.2,1.2,0.9761904761904762,0.9523809523809523,1.0,1.619047619047619,1.0714285714285714,1.6666666666666667,0.19047619047619047,0.38095238095238093,-0.5642857142857143,11.75,12.0,3.6875,14.125,1.875,-0.25,4.0,0.0,1.0,9.0,3.0,2.4,1.16,0.98,1.42,1.8,0.6,1.24,1.08,1.2,1.6,0.76,1.24,0.24,0.38,1.24,9.3125,14.8125,3.5625,11.625,1.5,-5.5
ligue1-2025-2026-01-04-brest-v-auxerre,2026-01-04,2025,Brest,Auxerre,2,0,2,0.3,0.0,602.6256194989534,22,21,999,0,1.0,0,999,0,1.0,0,0,0,1516.285749995468,1445.33558801883,70.9501619766379,0.5005950559352579,0.2797442959638206,0.21966064810092148,1,3.0,0.0,2.0,7.0,9.0,1.8,1.5476190476190477,1.5,1.4285714285714286,1.4,1.8,1.8095238095238095,1.2857142857142858,1.619047619047619,1.0952380952380953,1.380952380952381,1.7619047619047619,0.34523809523809523,0.2619047619047619,0.2523809523809524,12.1875,12.3125,4.0625,13.4375,2.0,-0.125,1.0,2.0,2.0,7.0,8.0,1.0,1.08,1.24,1.52,1.4,1.6,1.4230769230769231,0.7083333333333334,1.3076923076923077,1.0769230769230769,1.1666666666666667,2.0,0.26,0.28,-0.08000000000000007,11.3125,11.4375,3.9375,14.0,3.0625,-0.125
ligue1-2025-2026-01-04-paris-sg-v-paris-fc,2026-01-04,2025,Paris SG,Paris FC,2,1,2,0.5,0.0,9.221061764196717,22,22,999,0,1.0,0,999,0,1.0,0,0,0,1788.8406378814627,1456.5265842818194,332.31405359964333,0.8386342983253279,0.11148903024795534,0.04987667142671686,1,4.0,0.0,1.0,14.0,5.0,2.4,2.3333333333333335,2.4761904761904763,0.9761904761904762,2.8,1.0,2.341463414634146,2.3255813953488373,2.5365853658536586,1.0,2.4186046511627906,0.9534883720930233,0.32142857142857145,0.07142857142857142,0.06666666666666643,17.6875,8.75,6.875,10.1875,1.125,8.9375,0.0,2.0,3.0,3.0,9.0,0.4,1.0,1.3125,1.8125,0.6,1.8,1.0,1.0,1.5,1.875,1.125,1.75,0.1875,0.25,-0.6,12.375,11.3125,3.625,11.5625,2.25,1.0625
ligue1-2025-2026-01-16-monaco-v-lorient,2026-01-16,2025,Monaco,Lorient,1,3,0,0.25,0.0,947.4178585943507,13,12,999,0,1.0,0,999,0,1.0,0,0,0,1554.4949569689197,1432.5820830137986,121.91287395512109,0.5848930481283423,0.22560160427807488,0.18950534759358292,1,1.0,0.0,4.0,3.0,9.0,0.6,1.776470588235294,1.8588235294117648,1.3294117647058823,0.6,1.8,2.046511627906977,1.5,1.9767441860465116,1.0465116279069768,1.7380952380952381,1.619047619047619,0.29411764705882354,0.16470588235294117,-1.176470588235294,12.470588235294118,13.764705882352942,4.0588235294117645,13.0,2.9411764705882355,-1.2941176470588243,2.0,3.0,0.0,6.0,3.0,1.8,0.9411764705882353,1.2352941176470589,1.8627450980392157,1.2,0.6,1.2307692307692308,0.64,1.6923076923076923,1.7307692307692308,0.76,2.0,0.13725490196078433,0.39215686274509803,0.8588235294117648,12.235294117647058,9.705882352941176,3.9411764705882355,10.235294117647058,2.0588235294117645,2.5294117647058822
ligue1-2025-2026-01-16-paris-sg-v-lille,2026-01-16,2025,Paris SG,Lille,3,0,2,0.7857142857142857,0.0,206.76603215117404,12,13,999,0,1.0,0,999,0,1.0,0,0,0,1790.373862984894,1614.898721423948,175.47514156094599,0.7438754256620491,0.1511554864945284,0.10496908784342249,1,4.0,0.0,1.0,13.0,4.0,2.4,2.3411764705882354,2.4705882352941178,0.9764705882352941,2.6,0.8,2.357142857142857,2.3255813953488373,2.5238095238095237,1.0,2.4186046511627906,0.9534883720930233,0.3176470588235294,0.07058823529411765,0.0588235294117645,17.823529411764707,8.588235294117647,6.823529411764706,10.0,1.1176470588235294,9.23529411764706,4.0,0.0,1.0,10.0,7.0,2.4,1.776470588235294,1.611764705882353,1.0823529411764705,2.0,1.4,2.1627906976744184,1.380952380952381,1.8837209302325582,0.9302325581395349,1.3333333333333333,1.2380952380952381,0.36470588235294116,0.16470588235294117,0.6235294117647059,14.588235294117647,10.294117647058824,4.882352941176471,12.352941176470589,2.8823529411764706,4.2941176470588225
ligue1-2025-2026-01-17-lens-v-auxerre,2026-01-17,2025,Lens,Auxerre,1,0,2,0.7,0.0,298.510290385125,15,13,999,0,1.0,0,999,0,1.0,0,0,0,1640.9733806670365,1437.6398535105325,203.33352715650403,0.6328820474777447,0.22301557863501478,0.14410237388724034,1,5.0,0.0,0.0,10.0,2.0,3.0,1.6823529411764706,1.388235294117647,1.0470588235294118,2.0,0.4,1.7857142857142858,1.5813953488372092,1.4761904761904763,1.0476190476190477,1.302325581395349,1.0465116279069768,0.38823529411764707,0.24705882352941178,1.3176470588235294,14.058823529411764,12.411764705882353,5.294117647058823,13.294117647058824,2.2941176470588234,1.6470588235294112,1.0,2.0,2.0,7.0,8.0,1.0,1.0588235294117647,1.2156862745098038,1.5294117647058822,1.4,1.6,1.4230769230769231,0.68,1.3076923076923077,1.0769230769230769,1.12,2.0,0.2549019607843137,0.29411764705882354,-0.05882352941176472,11.235294117647058,11.411764705882353,3.764705882352941,13.705882352941176,3.0,-0.17647058823529527
ligue1-2025-2026-01-17-toulouse-v-nice,2026-01-17,2025,Toulouse,Nice,5,1,2,0.6666666666666666,0.0,469.3744281916945,15,14,999,0,1.0,0,999,0,1.0,0,0,0,1513.5113751144893,1521.05350592811,-7.542130813620815,0.4822695035460994,0.2765957446808511,0.2411347517730497,1,2.0,1.0,2.0,6.0,6.0,1.4,1.2705882352941176,1.2941176470588236,1.3058823529411765,1.2,1.2,1.1162790697674418,1.4285714285714286,1.2790697674418605,1.4186046511627908,1.3095238095238095,1.1904761904761905,0.25882352941176473,0.27058823529411763,0.12941176470588234,11.941176470588236,11.352941176470589,3.823529411764706,14.470588235294118,2.5294117647058822,0.5882352941176467,0.0,1.0,4.0,3.0,12.0,0.2,1.5647058823529412,1.4823529411764707,1.1764705882352942,0.6,2.4,1.9069767441860466,1.2142857142857142,1.6511627906976745,0.8837209302325582,1.3095238095238095,1.4761904761904763,0.3176470588235294,0.2,-1.3647058823529412,11.588235294117647,15.294117647058824,4.0588235294117645,12.411764705882353,2.3529411764705883,-3.7058823529411775
ligue1-2025-2026-01-17-angers-v-marseille,2026-01-17,2025,Angers,Marseille,2,5,0,0.25,0.0,656.6013588083166,13,13,999,0,1.0,0,999,0,1.0,0,0,0,1458.2435386856403,1627.9683122733393,-169.72477358769902,0.1720368389470114,0.22528633671632445,0.6026768243366641,1,3.0,0.0,2.0,8.0,5.0,1.8,1.1372549019607843,0.9803921568627451,1.4313725490196079,1.6,1.0,1.24,1.0384615384615385,1.2,1.6,0.7692307692307693,1.2692307692307692,0.23529411764705882,0.37254901960784315,0.6627450980392158,9.294117647058824,14.588235294117647,3.5294117647058822,11.411764705882353,1.4705882352941178,-5.2941176470588225,2.0,1.0,2.0,8.0,6.0,1.4,1.7294117647058824,1.9058823529411764,1.2352941176470589,1.6,1.2,2.0930232558139537,1.3571428571428572,2.2325581395348837,1.069767441860465,1.5714285714285714,1.4047619047619047,0.21176470588235294,0.23529411764705882,-0.3294117647058825,14.176470588235293,9.764705882352942,5.764705882352941,12.117647058823529,2.5294117647058822,4.4117647058823515
ligue1-2025-2026-01-18-lyon-v-brest,2026-01-18,2025,Lyon,Brest,2,1,2,0.5833333333333334,0.0,773.3172145406065,15,14,999,0,1.0,0,999,0,1.0,0,0,0,1606.4864207763903,1523.9814845037656,82.50493627262472,0.5726391743927508,0.24520703108612663,0.1821537945211226,1,3.0,1.0,1.0,7.0,2.0,2.0,1.6470588235294117,1.6352941176470588,1.388235294117647,1.4,0.4,1.8571428571428572,1.441860465116279,1.8095238095238095,1.3333333333333333,1.4651162790697674,1.441860465116279,0.3411764705882353,0.17647058823529413,0.3529411764705883,12.588235294117647,11.058823529411764,4.764705882352941,14.411764705882353,2.588235294117647,1.5294117647058822,4.0,0.0,1.0,9.0,6.0,2.4,1.5647058823529412,1.5058823529411764,1.411764705882353,1.8,1.2,1.8372093023255813,1.2857142857142858,1.627906976744186,1.069767441860465,1.380952380952381,1.7619047619047619,0.35294117647058826,0.25882352941176473,0.8352941176470587,12.117647058823529,12.176470588235293,4.0588235294117645,13.588235294117647,2.0588235294117645,-0.0588235294117645
ligue1-2025-2026-01-18-rennes-v-le-havre,2026-01-18,2025,Rennes,Le Havre,1,1,1,0.75,0.0,200.52418203135207,15,14,999,0,1.0,0,999,0,1.0,0,0,0,1574.1673222782356,1411.4254393374822,162.74188294075338,0.5848930481283423,0.22560160427807488,0.18950534759358292,1,4.0,0.0,1.0,10.0,7.0,2.4,1.3764705882352941,1.5647058823529412,1.411764705882353,2.0,1.4,1.6666666666666667,1.0930232558139534,1.8333333333333333,1.2142857142857142,1.302325581395349,1.6046511627906976,0.27058823529411763,0.21176470588235294,1.0235294117647058,12.764705882352942,14.588235294117647,4.529411764705882,11.588235294117647,2.235294117647059,-1.8235294117647047,1.0,1.0,3.0,2.0,6.0,0.8,0.9882352941176471,1.0470588235294118,1.6352941176470588,0.4,1.2,1.0232558139534884,0.9523809523809523,1.0232558139534884,1.6046511627906976,1.0714285714285714,1.6666666666666667,0.18823529411764706,0.3764705882352941,-0.18823529411764706,11.705882352941176,11.823529411764707,3.823529411764706,14.176470588235293,1.8235294117647058,-0.11764705882353077
ligue1-2025-2026-01-18-nantes-v-paris-fc,2026-01-18,2025,Nantes,Paris FC,1,2,0,0.5,0.0,339.4620680001797,14,14,999,0,1.0,0,999,0,1.0,0,0,0,1409.076641945122,1454.9933591783881,-45.91671723326613,0.358680714612918,0.30920751259734314,0.33211177278973886,1,1.0,1.0,3.0,5.0,10.0,0.8,0.9764705882352941,1.0,1.588235294117647,1.0,2.0,0.9047619047619048,1.0465116279069768,1.0476190476190477,1.5,0.9534883720930233,1.6744186046511629,0.2,0.3411764705882353,-0.17647058823529405,10.117647058823529,16.235294117647058,3.0,12.058823529411764,1.9411764705882353,-6.117647058823529,0.0,2.0,3.0,4.0,10.0,0.4,0.9411764705882353,1.2941176470588236,1.8235294117647058,0.8,2.0,1.0,0.8888888888888888,1.5,1.875,1.1111111111111112,1.7777777777777777,0.17647058823529413,0.23529411764705882,-0.5411764705882353,12.0,11.823529411764707,3.588235294117647,11.117647058823529,2.1176470588235294,0.1764705882352935
ligue1-2025-2026-01-18-strasbourg-v-metz,2026-01-18,2025,Strasbourg,Metz,2,1,2,1.0,0.0,131.10177131399777,15,14,999,0,1.0,0,999,0,1.0,0,0,0,1548.186149714903,1379.8022480741747,168.38390164072825,0.6719162580158431,0.20086759713315727,0.1272161448509996,1,0.0,2.0,3.0,2.0,5.0,0.4,1.411764705882353,1.411764705882353,1.3529411764705883,0.4,1.0,1.7857142857142858,1.0465116279069768,1.6428571428571428,1.119047619047619,1.186046511627907,1.5813953488372092,0.25882352941176473,0.2,-1.011764705882353,10.941176470588236,10.705882352941176,4.235294117647059,11.647058823529411,2.588235294117647,0.23529411764705976,0.0,1.0,4.0,6.0,11.0,0.2,0.803921568627451,1.0392156862745099,1.8823529411764706,1.2,2.2,0.8,0.8076923076923077,0.96,1.48,1.1153846153846154,2.269230769230769,0.17647058823529413,0.3333333333333333,-0.603921568627451,8.882352941176471,14.941176470588236,3.1176470588235294,10.823529411764707,1.8823529411764706,-6.0588235294117645
ligue1-2025-2026-01-23-auxerre-v-paris-sg,2026-01-23,2025,Auxerre,Paris SG,0,1,0,0.125,0.0,152.2245208320034,6,7,999,0,1.0,0,999,0,1.0,0,0,0,1434.6691291518084,1796.2621753025007,-361.5930461506923,0.11908871246116672,0.19054193993786675,0.6903693476009666,1,1.0,1.0,3.0,7.0,9.0,0.8,1.0384615384615385,1.1923076923076923,1.5192307692307692,1.4,1.8,1.4230769230769231,0.6538461538461539,1.3076923076923077,1.0769230769230769,1.0769230769230769,1.9615384615384615,0.25,0.3076923076923077,-0.2384615384615385,10.88888888888889,11.833333333333334,3.5555555555555554,14.055555555555555,3.111111111111111,-0.9444444444444446,4.0,0.0,1.0,13.0,4.0,2.4,2.3488372093023258,2.4767441860465116,0.9651162790697675,2.6,0.8,2.372093023255814,2.3255813953488373,2.5348837209302326,0.9767441860465116,2.4186046511627906,0.9534883720930233,0.32558139534883723,0.06976744186046512,0.051162790697674154,17.555555555555557,8.5,6.833333333333333,10.222222222222221,1.0555555555555556,9.055555555555557
ligue1-2025-2026-01-24-rennes-v-lorient,2026-01-24,2025,Rennes,Lorient,0,2,0,0.0,0.0,134.43773953799976,6,8,999,0,1.0,0,999,0,1.0,0,0,0,1567.7788010106794,1454.7007375766493,113.07806343403013,0.5257095980311731,0.2557506152584085,0.21853978671041838,1,3.0,1.0,1.0,7.0,7.0,2.0,1.372093023255814,1.558139534883721,1.4069767441860466,1.4,1.4,1.6511627906976745,1.0930232558139534,1.813953488372093,1.2093023255813953,1.302325581395349,1.6046511627906976,0.26744186046511625,0.20930232558139536,0.627906976744186,13.11111111111111,14.166666666666666,4.666666666666667,11.944444444444445,2.1666666666666665,-1.0555555555555554,3.0,2.0,0.0,8.0,3.0,2.2,0.9807692307692307,1.2692307692307692,1.8461538461538463,1.6,0.6,1.2307692307692308,0.7307692307692307,1.6923076923076923,1.7307692307692308,0.8461538461538461,1.9615384615384615,0.1346153846153846,0.38461538461538464,1.2192307692307693,12.333333333333334,9.944444444444445,3.9444444444444446,10.166666666666666,1.9444444444444444,2.3888888888888893
ligue1-2025-2026-01-24-le-havre-v-monaco,2026-01-24,2025,Le Havre,Monaco,0,0,1,0.2857142857142857,0.0,849.3032279621074,6,8,999,0,1.0,0,999,0,1.0,0,0,0,1417.8139606050383,1532.376302406069,-114.5623418010307,0.23541247484909456,0.24144869215291753,0.5231388329979879,1,1.0,2.0,2.0,3.0,4.0,1.0,0.9883720930232558,1.0465116279069768,1.627906976744186,0.6,0.8,1.0232558139534884,0.9534883720930233,1.0232558139534884,1.6046511627906976,1.069767441860465,1.6511627906976745,0.18604651162790697,0.37209302325581395,0.011627906976744207,11.444444444444445,12.222222222222221,3.8333333333333335,14.166666666666666,1.9444444444444444,-0.7777777777777768,1.0,0.0,4.0,3.0,8.0,0.6,1.755813953488372,1.8488372093023255,1.3488372093023255,0.6,1.6,2.0,1.5,1.9545454545454546,1.0909090909090908,1.7380952380952381,1.619047619047619,0.29069767441860467,0.16279069767441862,-1.155813953488372,12.555555555555555,13.777777777777779,4.222222222222222,13.166666666666666,2.8333333333333335,-1.2222222222222232
ligue1-2025-2026-01-24-marseille-v-lens,2026-01-24,2025,Marseille,Lens,3,1,2,0.5,0.0,820.3051102875671,7,7,999,0,1.0,0,999,0,1.0,0,0,0,1641.858794859975,1643.9441050257606,-2.085310165785586,0.4607779125081615,0.24857755806361342,0.29064452942822494,1,2.0,1.0,2.0,8.0,7.0,1.4,1.744186046511628,1.941860465116279,1.244186046511628,1.6,1.4,2.0930232558139537,1.3953488372093024,2.2325581395348837,1.069767441860465,1.6511627906976745,1.4186046511627908,0.20930232558139536,0.23255813953488372,-0.344186046511628,14.666666666666666,9.61111111111111,6.055555555555555,11.88888888888889,2.4444444444444446,5.055555555555555,5.0,0.0,0.0,10.0,2.0,3.0,1.697674418604651,1.3837209302325582,1.0348837209302326,2.0,0.4,1.813953488372093,1.5813953488372092,1.4651162790697674,1.0232558139534884,1.302325581395349,1.0465116279069768,0.3953488372093023,0.2441860465116279,1.302325581395349,14.333333333333334,12.0,5.388888888888889,13.61111111111111,2.2777777777777777,2.333333333333334
ligue1-2025-2026-01-25-brest-v-toulouse,2026-01-25,2025,Brest,Toulouse,0,2,0,0.5714285714285714,0.0,703.0608682042306,7,8,999,0,1.0,0,999,0,1.0,0,0,0,1518.7992206915342,1528.3112495712535,-9.51202887971931,0.3223039215686274,0.3223039215686274,0.35539215686274506,1,3.0,0.0,2.0,7.0,6.0,1.8,1.5465116279069768,1.5,1.4186046511627908,1.4,1.2,1.8372093023255813,1.255813953488372,1.627906976744186,1.069767441860465,1.372093023255814,1.7674418604651163,0.3488372093023256,0.2558139534883721,0.2534883720930232,11.722222222222221,12.555555555555555,3.9444444444444446,13.333333333333334,2.0555555555555554,-0.8333333333333339,3.0,1.0,1.0,11.0,6.0,2.0,1.2906976744186047,1.3372093023255813,1.302325581395349,2.2,1.2,1.1590909090909092,1.4285714285714286,1.3636363636363635,1.4090909090909092,1.3095238095238095,1.1904761904761905,0.2558139534883721,0.26744186046511625,0.7093023255813953,12.5,11.555555555555555,4.166666666666667,14.333333333333334,2.4444444444444446,0.9444444444444446
ligue1-2025-2026-01-25-metz-v-lyon,2026-01-25,2025,Metz,Lyon,2,5,0,0.125,0.0,382.19091774610337,7,7,999,0,1.0,0,999,0,1.0,0,0,0,1376.2858878352974,1611.6686845886218,-235.38279675332433,0.1803845322963923,0.2525383452149492,0.5670771224886585,1,0.0,1.0,4.0,5.0,10.0,0.2,0.7884615384615384,1.0384615384615385,1.8846153846153846,1.0,2.0,0.8,0.7777777777777778,0.96,1.48,1.1111111111111112,2.259259259259259,0.17307692307692307,0.3269230769230769,-0.5884615384615384,8.88888888888889,14.88888888888889,3.0555555555555554,10.88888888888889,1.9444444444444444,-6.0,4.0,0.0,1.0,9.0,3.0,2.4,1.6627906976744187,1.6395348837209303,1.3837209302325582,1.8,0.6,1.8837209302325582,1.441860465116279,1.813953488372093,1.3255813953488371,1.4651162790697674,1.441860465116279,0.3372093023255814,0.1744186046511628,0.7372093023255812,12.944444444444445,10.722222222222221,4.833333333333333,14.61111111111111,2.5555555555555554,2.222222222222223
ligue1-2025-2026-01-25-paris-fc-v-angers,2026-01-25,2025,Paris FC,Angers,0,0,1,0.25,0.0,264.7695812806415,7,8,999,0,1.0,0,999,0,1.0,0,0,0,1466.5375486935197,1444.3530560990046,22.184492594515177,0.5061349693251533,0.29141104294478526,0.20245398773006135,1,1.0,2.0,2.0,4.0,7.0,1.0,1.0555555555555556,1.3333333333333333,1.7777777777777777,0.8,1.4,1.0,1.1,1.5,1.875,1.2,1.7,0.16666666666666666,0.2222222222222222,-0.05555555555555558,11.88888888888889,11.444444444444445,3.5555555555555554,11.277777777777779,2.1666666666666665,0.44444444444444464,2.0,0.0,3.0,9.0,10.0,1.2,1.1153846153846154,1.0,1.5,1.8,2.0,1.1923076923076923,1.0384615384615385,1.2307692307692308,1.7307692307692308,0.7692307692307693,1.2692307692307692,0.23076923076923078,0.36538461538461536,0.08461538461538454,9.166666666666666,15.055555555555555,3.5,11.277777777777779,1.4444444444444444,-5.888888888888889
ligue1-2025-2026-01-25-lille-v-strasbourg,2026-01-25,2025,Lille,Strasbourg,1,4,0,0.25,0.0,403.89067096392466,9,7,999,0,1.0,0,999,0,1.0,0,0,0,1609.0104091063413,1551.7025099537802,57.30789915256105,0.3783122706889523,0.29555646147574394,0.32613126783530366,1,3.0,0.0,2.0,6.0,8.0,1.8,1.755813953488372,1.5930232558139534,1.1046511627906976,1.2,1.6,2.1627906976744184,1.3488372093023255,1.8837209302325582,0.9302325581395349,1.302325581395349,1.2790697674418605,0.36046511627906974,0.1744186046511628,0.04418604651162794,14.166666666666666,10.444444444444445,4.833333333333333,12.0,2.7777777777777777,3.7222222222222214,1.0,2.0,2.0,4.0,5.0,1.0,1.430232558139535,1.4186046511627908,1.3488372093023255,0.8,1.0,1.813953488372093,1.0465116279069768,1.6511627906976745,1.1162790697674418,1.186046511627907,1.5813953488372092,0.2558139534883721,0.19767441860465115,-0.430232558139535,11.11111111111111,10.61111111111111,4.333333333333333,11.666666666666666,2.5555555555555554,0.5
ligue1-2025-2026-01-25-nantes-v-nice,2026-01-25,2025,Nantes,Nice,1,4,0,0.5833333333333334,0.0,790.4235154760573,7,8,999,0,1.0,0,999,0,1.0,0,0,0,1397.5324524299904,1506.253631471346,-108.72117904135553,0.3515188335358444,0.28760631834750905,0.3608748481166464,1,1.0,0.0,4.0,5.0,11.0,0.6,0.9651162790697675,1.0,1.5930232558139534,1.0,2.2,0.8837209302325582,1.0465116279069768,1.0465116279069768,1.5116279069767442,0.9534883720930233,1.6744186046511629,0.19767441860465115,0.3372093023255814,-0.3651162790697675,9.833333333333334,15.88888888888889,2.888888888888889,12.277777777777779,1.8888888888888888,-6.055555555555555,0.0,1.0,4.0,3.0,12.0,0.2,1.5465116279069768,1.4767441860465116,1.2209302325581395,0.6,2.4,1.9069767441860466,1.186046511627907,1.6511627906976745,0.8837209302325582,1.302325581395349,1.558139534883721,0.313953488372093,0.19767441860465115,-1.3465116279069769,11.777777777777779,15.666666666666666,4.166666666666667,12.666666666666666,2.3333333333333335,-3.8888888888888875
ligue1-2025-2026-01-30-lens-v-le-havre,2026-01-30,2025,Lens,Le Havre,1,0,2,0.6666666666666666,0.0,219.96713203595905,6,6,999,0,1.0,0,999,0,1.0,0,0,0,1633.6852547486048,1418.23285322441,215.45240152419478,0.6471238938053098,0.20851769911504422,0.144358407079646,1,4.0,0.0,1.0,9.0,4.0,2.4,1.6781609195402298,1.3793103448275863,1.0574712643678161,1.8,0.8,1.813953488372093,1.5454545454545454,1.4651162790697674,1.0232558139534884,1.2954545454545454,1.0909090909090908,0.39080459770114945,0.2413793103448276,0.7218390804597701,13.947368421052632,11.894736842105264,5.2105263157894735,13.736842105263158,2.3157894736842106,2.052631578947368,1.0,3.0,1.0,3.0,3.0,1.2,0.9885057471264368,1.0344827586206897,1.6091954022988506,0.6,0.6,1.0227272727272727,0.9534883720930233,1.0,1.5681818181818181,1.069767441860465,1.6511627906976745,0.19540229885057472,0.3793103448275862,0.21149425287356316,11.210526315789474,12.105263157894736,3.6842105263157894,13.894736842105264,1.8421052631578947,-0.8947368421052619
ligue1-2025-2026-01-31-paris-fc-v-marseille,2026-01-31,2025,Paris FC,Marseille,2,2,1,0.5,0.0,661.732380441033,6,7,999,0,1.0,0,999,0,1.0,0,0,0,1463.1589447487534,1652.1176451371307,-188.95870038837734,0.21812429089630705,0.2421738922002589,0.539701816903434,1,1.0,2.0,2.0,3.0,6.0,1.0,1.0526315789473684,1.263157894736842,1.6842105263157894,0.6,1.2,1.0,1.1,1.3333333333333333,1.6666666666666667,1.2,1.7,0.21052631578947367,0.2631578947368421,-0.05263157894736836,11.68421052631579,11.210526315789474,3.4210526315789473,11.421052631578947,2.1052631578947367,0.47368421052631504,3.0,0.0,2.0,9.0,6.0,1.8,1.7586206896551724,1.9540229885057472,1.2413793103448276,1.8,1.2,2.1136363636363638,1.3953488372093024,2.25,1.0681818181818181,1.6511627906976745,1.4186046511627908,0.20689655172413793,0.22988505747126436,0.04137931034482767,14.421052631578947,9.473684210526315,6.0,12.210526315789474,2.3157894736842106,4.947368421052632
ligue1-2025-2026-01-31-lorient-v-nantes,2026-01-31,2025,Lorient,Nantes,2,1,2,0.375,0.0,148.7176825787002,7,6,999,0,1.0,0,999,0,1.0,0,0,0,1476.5706655962701,1380.6466250267047,95.92404056956548,0.5005950559352579,0.2797442959638206,0.21966064810092148,1,3.0,2.0,0.0,7.0,2.0,2.2,1.0188679245283019,1.2830188679245282,1.8113207547169812,1.4,0.4,1.2307692307692308,0.8148148148148148,1.6923076923076923,1.7307692307692308,0.8888888888888888,1.8888888888888888,0.1509433962264151,0.37735849056603776,1.1811320754716983,12.0,10.578947368421053,3.9473684210526314,10.0,1.8421052631578947,1.421052631578947,1.0,0.0,4.0,6.0,12.0,0.6,0.9540229885057471,1.0,1.6206896551724137,1.2,2.4,0.8636363636363636,1.0465116279069768,1.0454545454545454,1.5681818181818181,0.9534883720930233,1.6744186046511629,0.19540229885057472,0.3333333333333333,-0.3540229885057471,10.368421052631579,15.421052631578947,3.0,12.210526315789474,1.894736842105263,-5.052631578947368
ligue1-2025-2026-01-31-monaco-v-rennes,2026-01-31,2025,Monaco,Rennes,4,0,2,0.8333333333333334,0.0,852.3786639659552,7,7,999,0,1.0,0,999,0,1.0,0,0,0,1531.9574097866973,1545.9088729910586,-13.95146320436129,0.48908296943231444,0.23842794759825325,0.2724890829694323,1,0.0,1.0,4.0,2.0,8.0,0.2,1.7471264367816093,1.8275862068965518,1.3333333333333333,0.4,1.6,2.0,1.4883720930232558,1.9545454545454546,1.0909090909090908,1.697674418604651,1.5813953488372092,0.2988505747126437,0.1724137931034483,-1.5471264367816093,12.421052631578947,13.421052631578947,4.105263157894737,13.526315789473685,2.8421052631578947,-1.0,2.0,1.0,2.0,6.0,9.0,1.4,1.3563218390804597,1.5402298850574712,1.4137931034482758,1.2,1.8,1.6136363636363635,1.0930232558139534,1.7727272727272727,1.2272727272727273,1.302325581395349,1.6046511627906976,0.26436781609195403,0.21839080459770116,0.04367816091954024,13.578947368421053,13.736842105263158,4.684210526315789,12.263157894736842,2.1578947368421053,-0.15789473684210442
ligue1-2025-2026-02-01-strasbourg-v-paris-sg,2026-02-01,2025,Strasbourg,Paris SG,1,2,0,0.25,0.0,404.8992067304394,7,9,999,0,1.0,0,999,0,1.0,0,0,0,1576.3698939501905,1799.8932662060035,-223.523372255813,0.19079766949728813,0.2203206345234274,0.5888816959792843,1,2.0,2.0,1.0,7.0,4.0,1.6,1.4482758620689655,1.4482758620689655,1.3448275862068966,1.4,0.8,1.813953488372093,1.0909090909090908,1.6511627906976745,1.1162790697674418,1.25,1.5681818181818181,0.25287356321839083,0.19540229885057472,0.15172413793103456,11.31578947368421,11.105263157894736,4.421052631578948,11.736842105263158,2.526315789473684,0.21052631578947434,5.0,0.0,0.0,14.0,3.0,3.0,2.3563218390804597,2.4597701149425286,0.9540229885057471,2.8,0.6,2.372093023255814,2.340909090909091,2.5348837209302326,0.9767441860465116,2.3863636363636362,0.9318181818181818,0.3333333333333333,0.06896551724137931,0.6436781609195403,17.473684210526315,8.473684210526315,6.894736842105263,10.31578947368421,1.0526315789473684,9.0
ligue1-2025-2026-02-01-toulouse-v-auxerre,2026-02-01,2025,Toulouse,Auxerre,0,0,1,0.5,0.0,497.2608128320571,7,9,999,0,1.0,0,999,0,1.0,0,0,0,1546.0555569179812,1431.0380382483056,115.01751866967561,0.5405405405405405,0.27027027027027023,0.1891891891891892,1,4.0,0.0,1.0,11.0,4.0,2.4,1.3103448275862069,1.3448275862068966,1.2873563218390804,2.2,0.8,1.1590909090909092,1.4651162790697674,1.3636363636363635,1.4090909090909092,1.3255813953488371,1.1627906976744187,0.26436781609195403,0.26436781609195403,1.089655172413793,12.263157894736842,11.631578947368421,4.2105263157894735,14.421052631578947,2.473684210526316,0.6315789473684212,1.0,0.0,4.0,6.0,9.0,0.6,1.0188679245283019,1.169811320754717,1.509433962264151,1.2,1.8,1.3703703703703705,0.6538461538461539,1.2592592592592593,1.0740740740740742,1.0769230769230769,1.9615384615384615,0.24528301886792453,0.32075471698113206,-0.4188679245283019,10.736842105263158,12.052631578947368,3.3684210526315788,13.842105263157896,2.9473684210526314,-1.3157894736842106
ligue1-2025-2026-02-01-nice-v-brest,2026-02-01,2025,Nice,Brest,2,2,1,0.5833333333333334,0.0,1044.4207383793846,7,7,999,0,1.0,0,999,0,1.0,0,0,0,1523.1394588746316,1501.0549133448064,22.084545529825164,0.42307692307692313,0.2884615384615385,0.2884615384615385,1,1.0,1.0,3.0,6.0,10.0,0.8,1.5632183908045978,1.5057471264367817,1.2183908045977012,1.2,2.0,1.9069767441860466,1.2272727272727273,1.6511627906976745,0.8837209302325582,1.3636363636363635,1.5454545454545454,0.3103448275862069,0.19540229885057472,-0.7632183908045977,11.526315789473685,15.894736842105264,4.157894736842105,12.789473684210526,2.3684210526315788,-4.368421052631579,2.0,0.0,3.0,5.0,7.0,1.2,1.528735632183908,1.4827586206896552,1.4252873563218391,1.0,1.4,1.7954545454545454,1.255813953488372,1.5909090909090908,1.0909090909090908,1.372093023255814,1.7674418604651163,0.3448275862068966,0.26436781609195403,-0.3287356321839081,11.789473684210526,12.31578947368421,4.0,13.473684210526315,2.0526315789473686,-0.526315789473685
ligue1-2025-2026-02-01-angers-v-metz,2026-02-01,2025,Angers,Metz,1,0,2,0.75,0.0,528.203111567241,7,7,999,0,1.0,0,999,0,1.0,0,0,0,1447.731660043771,1365.3924950978594,82.33916494591153,0.43940125543215836,0.2906808305166586,0.269917914051183,1,2.0,1.0,2.0,8.0,8.0,1.4,1.1132075471698113,0.9811320754716981,1.471698113207547,1.6,1.6,1.1923076923076923,1.037037037037037,1.2307692307692308,1.7307692307692308,0.7407407407407407,1.2222222222222223,0.24528301886792453,0.37735849056603776,0.2867924528301886,9.052631578947368,14.68421052631579,3.3684210526315788,11.052631578947368,1.4210526315789473,-5.631578947368421,0.0,1.0,4.0,7.0,14.0,0.2,0.7735849056603774,1.0566037735849056,1.9433962264150944,1.4,2.8,0.7692307692307693,0.7777777777777778,1.0,1.6153846153846154,1.1111111111111112,2.259259259259259,0.16981132075471697,0.32075471698113206,-0.5735849056603775,9.210526315789474,14.789473684210526,3.210526315789474,10.842105263157896,1.894736842105263,-5.578947368421051
ligue1-2025-2026-02-01-lyon-v-lille,2026-02-01,2025,Lyon,Lille,1,0,2,0.75,0.0,555.9982645185426,7,7,999,0,1.0,0,999,0,1.0,0,0,0,1622.5620773260598,1584.343025109931,38.21905221612883,0.42217898832684825,0.2714007782101167,0.306420233463035,1,4.0,0.0,1.0,11.0,5.0,2.4,1.6781609195402298,1.6781609195402298,1.3908045977011494,2.2,1.0,1.8837209302325582,1.4772727272727273,1.813953488372093,1.3255813953488371,1.5454545454545454,1.4545454545454546,0.3333333333333333,0.1724137931034483,0.7218390804597701,12.947368421052632,10.947368421052632,5.105263157894737,14.105263157894736,2.4210526315789473,2.0,2.0,0.0,3.0,6.0,12.0,1.2,1.735632183908046,1.5862068965517242,1.1379310344827587,1.2,2.4,2.1136363636363638,1.3488372093023255,1.8636363636363635,1.0,1.302325581395349,1.2790697674418605,0.3563218390804598,0.1724137931034483,-0.535632183908046,14.473684210526315,10.68421052631579,4.894736842105263,11.947368421052632,2.736842105263158,3.7894736842105257
ligue1-2025-2026-02-06-metz-v-lille,2026-02-06,2025,Metz,Lille,0,0,1,0.125,0.0,274.59672208803795,5,5,999,0,1.0,0,999,0,1.0,0,0,0,1360.2065666035865,1578.1239013236132,-217.9173347200267,0.14631673800405498,0.2196440639783735,0.6340391980175715,1,0.0,1.0,4.0,6.0,12.0,0.2,0.7592592592592593,1.037037037037037,1.9259259259259258,1.2,2.4,0.7692307692307693,0.75,1.0,1.6153846153846154,1.0714285714285714,2.2142857142857144,0.16666666666666666,0.3333333333333333,-0.5592592592592593,9.0,14.9,3.05,10.85,2.0,-5.9,1.0,0.0,4.0,5.0,13.0,0.6,1.7159090909090908,1.5681818181818181,1.1363636363636365,1.0,2.6,2.1136363636363638,1.3181818181818181,1.8636363636363635,1.0,1.2727272727272727,1.2727272727272727,0.3522727272727273,0.18181818181818182,-1.1159090909090907,14.3,10.35,4.85,11.9,2.8,3.950000000000001
ligue1-2025-2026-02-07-lens-v-rennes,2026-02-07,2025,Lens,Rennes,3,1,2,0.6666666666666666,0.0,413.9592539188141,8,7,999,0,1.0,0,999,0,1.0,0,0,0,1636.4838101966116,1530.763371397913,105.72043879869852,0.5848930481283423,0.22560160427807488,0.18950534759358292,1,4.0,0.0,1.0,8.0,3.0,2.4,1.6931818181818181,1.375,1.0454545454545454,1.6,0.6,1.8409090909090908,1.5454545454545454,1.4545454545454546,1.0,1.2954545454545454,1.0909090909090908,0.3977272727272727,0.23863636363636365,0.7068181818181818,14.0,11.7,5.1,14.05,2.25,2.3000000000000007,2.0,1.0,2.0,6.0,8.0,1.4,1.3409090909090908,1.5227272727272727,1.4431818181818181,1.2,1.6,1.6136363636363635,1.0681818181818181,1.7727272727272727,1.2272727272727273,1.2727272727272727,1.6590909090909092,0.26136363636363635,0.22727272727272727,0.05909090909090908,13.3,13.75,4.65,12.1,2.15,-0.4499999999999993
ligue1-2025-2026-02-07-brest-v-lorient,2026-02-07,2025,Brest,Lorient,2,0,2,0.875,0.0,109.64203448542227,6,7,999,0,1.0,0,999,0,1.0,0,0,0,1504.430968709348,1481.461903453337,22.969065256010936,0.41257367387033395,0.3163064833005893,0.2711198428290766,1,1.0,1.0,3.0,6.0,9.0,0.8,1.5227272727272727,1.4886363636363635,1.4318181818181819,1.2,1.8,1.7954545454545454,1.25,1.5909090909090908,1.0909090909090908,1.3863636363636365,1.7727272727272727,0.3409090909090909,0.26136363636363635,-0.7227272727272727,11.8,12.45,3.9,13.85,2.1,-0.6499999999999986,3.0,2.0,0.0,8.0,3.0,2.2,1.0555555555555556,1.2962962962962963,1.7962962962962963,1.6,0.6,1.2962962962962963,0.8148148148148148,1.7037037037037037,1.7037037037037037,0.8888888888888888,1.8888888888888888,0.14814814814814814,0.37037037037037035,1.1444444444444446,11.65,10.55,3.95,10.1,1.95,1.0999999999999996
ligue1-2025-2026-02-07-nantes-v-lyon,2026-02-07,2025,Nantes,Lyon,0,1,0,0.08333333333333333,0.0,524.5304602260443,7,6,999,0,1.0,0,999,0,1.0,0,0,0,1375.7553871696377,1628.7812011123776,-253.0258139427399,0.20076481835564056,0.25430210325047803,0.5449330783938815,1,1.0,0.0,4.0,6.0,12.0,0.6,0.9431818181818182,1.0,1.625,1.2,2.4,0.8636363636363636,1.0227272727272727,1.0454545454545454,1.5681818181818181,0.9545454545454546,1.6818181818181819,0.19318181818181818,0.32954545454545453,-0.34318181818181825,10.35,14.9,2.95,12.5,2.05,-4.550000000000001,5.0,0.0,0.0,12.0,4.0,3.0,1.6931818181818181,1.6704545454545454,1.375,2.4,0.8,1.9090909090909092,1.4772727272727273,1.7954545454545454,1.2954545454545454,1.5454545454545454,1.4545454545454546,0.3409090909090909,0.17045454545454544,1.3068181818181819,12.5,10.95,4.95,14.15,2.35,1.5500000000000007
ligue1-2025-2026-02-08-paris-sg-v-marseille,2026-02-08,2025,Paris SG,Marseille,5,0,2,0.8571428571428571,0.0,665.2028643500363,7,8,999,0,1.0,0,999,0,1.0,0,0,0,1806.4805696405338,1649.6117312906133,156.86883834992045,0.6544502617801047,0.18848167539267016,0.15706806282722513,1,5.0,0.0,0.0,11.0,4.0,3.0,2.3636363636363638,2.4545454545454546,0.9545454545454546,2.2,0.8,2.372093023255814,2.3555555555555556,2.5348837209302326,0.9767441860465116,2.3777777777777778,0.9333333333333333,0.32954545454545453,0.06818181818181818,0.6363636363636362,17.25,8.5,6.75,10.1,1.1,8.75,3.0,1.0,1.0,11.0,7.0,2.0,1.75,1.9545454545454546,1.25,2.2,1.4,2.1136363636363638,1.3863636363636365,2.25,1.0681818181818181,1.6590909090909092,1.4318181818181819,0.20454545454545456,0.22727272727272727,0.25,14.6,9.45,5.9,12.35,2.4,5.15
ligue1-2025-2026-02-08-le-havre-v-strasbourg,2026-02-08,2025,Le Havre,Strasbourg,2,1,2,0.5,0.0,566.9490982566977,9,7,999,0,1.0,0,999,0,1.0,0,0,0,1415.4342977764034,1569.7825905156603,-154.34829273925698,0.2296155835200828,0.26150663678676095,0.5088777796931563,1,1.0,2.0,2.0,3.0,4.0,1.0,0.9772727272727273,1.0227272727272727,1.6022727272727273,0.6,0.8,1.0227272727272727,0.9318181818181818,1.0,1.5681818181818181,1.0454545454545454,1.6363636363636365,0.19318181818181818,0.38636363636363635,0.022727272727272707,11.05,12.25,3.6,13.7,1.85,-1.1999999999999993,2.0,2.0,1.0,8.0,5.0,1.6,1.4318181818181819,1.4431818181818181,1.3522727272727273,1.6,1.0,1.7727272727272727,1.0909090909090908,1.6363636363636365,1.1363636363636365,1.25,1.5681818181818181,0.25,0.19318181818181818,0.1681818181818182,11.2,11.2,4.4,11.55,2.45,0.0
ligue1-2025-2026-02-08-angers-v-toulouse,2026-02-08,2025,Angers,Toulouse,1,0,2,0.625,0.0,457.5144189951031,7,7,999,0,1.0,0,999,0,1.0,0,0,0,1452.917588538044,1540.5521480854406,-87.63455954739675,0.26882144264879776,0.303508080409933,0.4276704769412692,1,2.0,1.0,2.0,8.0,8.0,1.4,1.1481481481481481,0.9814814814814815,1.4444444444444444,1.6,1.6,1.2592592592592593,1.037037037037037,1.2222222222222223,1.6666666666666667,0.7407407407407407,1.2222222222222223,0.25925925925925924,0.37037037037037035,0.25185185185185177,9.45,14.2,3.55,11.05,1.45,-4.75,3.0,1.0,1.0,10.0,4.0,2.0,1.3068181818181819,1.3295454545454546,1.2727272727272727,2.0,0.8,1.1555555555555554,1.4651162790697674,1.3333333333333333,1.3777777777777778,1.3255813953488371,1.1627906976744187,0.2727272727272727,0.2727272727272727,0.6931818181818181,12.25,11.45,4.2,14.3,2.4,0.8000000000000007
ligue1-2025-2026-02-08-auxerre-v-paris-fc,2026-02-08,2025,Auxerre,Paris FC,0,0,1,0.5,0.0,146.37926348938748,7,8,999,0,1.0,0,999,0,1.0,0,0,0,1436.5414470808462,1465.6648585952707,-29.12341151442456,0.3865105008077544,0.28695476575121165,0.32653473344103395,1,0.0,1.0,4.0,3.0,8.0,0.2,1.0185185185185186,1.1481481481481481,1.4814814814814814,0.6,1.6,1.3703703703703705,0.6666666666666666,1.2592592592592593,1.0740740740740742,1.037037037037037,1.8888888888888888,0.25925925925925924,0.3333333333333333,-0.8185185185185186,10.6,12.05,3.3,13.8,2.9,-1.450000000000001,1.0,2.0,2.0,5.0,8.0,1.0,1.05,1.3,1.7,1.0,1.6,1.0,1.1,1.4,1.7,1.2,1.7,0.2,0.25,-0.050000000000000044,11.55,11.55,3.45,11.45,2.05,0.0
ligue1-2025-2026-02-08-nice-v-monaco,2026-02-08,2025,Nice,Monaco,0,0,1,0.5,0.0,12.293477051345318,7,8,999,0,1.0,0,999,0,1.0,0,0,0,1519.76340351009,1547.102911379843,-27.33950786975288,0.2781844802342606,0.24890190336749632,0.47291361639824303,1,1.0,2.0,2.0,8.0,11.0,1.0,1.5568181818181819,1.5113636363636365,1.2272727272727273,1.6,2.2,1.8863636363636365,1.2272727272727273,1.6590909090909092,0.9090909090909091,1.3636363636363635,1.5454545454545454,0.3068181818181818,0.19318181818181818,-0.5568181818181819,11.7,15.7,4.3,12.9,2.5,-4.0,1.0,1.0,3.0,6.0,7.0,0.8,1.7613636363636365,1.8522727272727273,1.3181818181818181,1.2,1.4,2.022222222222222,1.4883720930232558,2.0,1.0666666666666667,1.697674418604651,1.5813953488372092,0.3068181818181818,0.17045454545454544,-0.9613636363636364,12.5,13.15,4.2,13.6,2.75,-0.6500000000000004
ligue1-2025-2026-02-13-rennes-v-paris-sg,2026-02-13,2025,Rennes,Paris SG,3,1,2,0.2857142857142857,0.0,298.53722794303593,6,5,999,0,1.0,0,999,0,1.0,0,0,0,1524.1365388477388,1814.7822190586455,-290.6456802109067,0.12589262099973555,0.17984660142819361,0.6942607775720709,1,1.0,1.0,3.0,4.0,10.0,0.8,1.3258426966292134,1.5168539325842696,1.4606741573033708,0.8,2.0,1.6136363636363635,1.0444444444444445,1.7727272727272727,1.2272727272727273,1.2666666666666666,1.6888888888888889,0.25842696629213485,0.2247191011235955,-0.5258426966292133,13.333333333333334,13.571428571428571,4.476190476190476,12.333333333333334,2.142857142857143,-0.23809523809523725,5.0,0.0,0.0,13.0,2.0,3.0,2.3707865168539324,2.4831460674157304,0.9438202247191011,2.6,0.4,2.3863636363636362,2.3555555555555556,2.590909090909091,0.9545454545454546,2.3777777777777778,0.9333333333333333,0.33707865168539325,0.06741573033707865,0.6292134831460676,17.476190476190474,8.523809523809524,6.761904761904762,10.142857142857142,1.1428571428571428,8.95238095238095
ligue1-2025-2026-02-13-monaco-v-nantes,2026-02-13,2025,Monaco,Nantes,3,1,2,0.8333333333333334,0.0,798.9865341619475,5,6,999,0,1.0,0,999,0,1.0,0,0,0,1549.164283045151,1369.8955087176078,179.26877432754327,0.6658656253129068,0.1990587764093321,0.13507559827776108,1,1.0,2.0,2.0,6.0,6.0,1.0,1.752808988764045,1.8314606741573034,1.303370786516854,1.2,1.2,2.022222222222222,1.4772727272727273,2.0,1.0666666666666667,1.6590909090909092,1.5454545454545454,0.3146067415730337,0.1797752808988764,-0.752808988764045,12.380952380952381,13.142857142857142,4.095238095238095,13.476190476190476,2.7142857142857144,-0.761904761904761,1.0,0.0,4.0,5.0,9.0,0.6,0.9325842696629213,0.9887640449438202,1.6179775280898876,1.0,1.8,0.8444444444444444,1.0227272727272727,1.0222222222222221,1.5555555555555556,0.9545454545454546,1.6818181818181819,0.19101123595505617,0.33707865168539325,-0.3325842696629213,10.476190476190476,14.666666666666666,2.9047619047619047,12.523809523809524,2.142857142857143,-4.19047619047619
ligue1-2025-2026-02-14-marseille-v-strasbourg,2026-02-14,2025,Marseille,Strasbourg,2,2,1,0.5714285714285714,0.0,615.9042624672749,6,6,999,0,1.0,0,999,0,1.0,0,0,0,1641.3100818725015,1558.2309561604545,83.07912571204702,0.4612804025719877,0.2521666200726866,0.28655297735532564,1,2.0,1.0,2.0,10.0,12.0,1.4,1.7303370786516854,1.9325842696629214,1.2921348314606742,2.0,2.4,2.1136363636363638,1.3555555555555556,2.25,1.0681818181818181,1.6222222222222222,1.511111111111111,0.20224719101123595,0.23595505617977527,-0.3303370786516855,14.333333333333334,10.047619047619047,5.761904761904762,12.619047619047619,2.380952380952381,4.2857142857142865,2.0,1.0,2.0,9.0,7.0,1.4,1.4157303370786516,1.4382022471910112,1.3595505617977528,1.8,1.4,1.7727272727272727,1.0666666666666667,1.6363636363636365,1.1363636363636365,1.2444444444444445,1.5777777777777777,0.24719101123595505,0.19101123595505617,-0.01573033707865168,11.142857142857142,11.380952380952381,4.333333333333333,11.571428571428571,2.4761904761904763,-0.23809523809523903
ligue1-2025-2026-02-14-lille-v-brest,2026-02-14,2025,Lille,Brest,1,1,1,0.5833333333333334,0.0,602.5557773352601,8,7,999,0,1.0,0,999,0,1.0,0,0,0,1574.8545441795443,1513.7667683442091,61.08777583533515,0.5963302752293578,0.24464831804281348,0.15902140672782872,1,0.0,1.0,4.0,1.0,10.0,0.2,1.7078651685393258,1.550561797752809,1.1235955056179776,0.2,2.0,2.1136363636363638,1.3111111111111111,1.8636363636363635,1.0,1.2444444444444445,1.2444444444444445,0.3595505617977528,0.19101123595505617,-1.5078651685393258,14.380952380952381,10.142857142857142,4.666666666666667,11.761904761904763,2.7142857142857144,4.238095238095239,2.0,1.0,2.0,7.0,6.0,1.4,1.5393258426966292,1.4943820224719102,1.4157303370786516,1.4,1.2,1.8222222222222222,1.25,1.6,1.0666666666666667,1.3863636363636365,1.7727272727272727,0.34831460674157305,0.25842696629213485,-0.1393258426966293,11.761904761904763,12.476190476190476,3.9523809523809526,13.714285714285714,2.0952380952380953,-0.7142857142857135
ligue1-2025-2026-02-14-paris-fc-v-lens,2026-02-14,2025,Paris FC,Lens,0,5,0,0.0,0.0,179.77171650805363,6,7,999,0,1.0,0,999,0,1.0,0,0,0,1467.6770155031713,1643.1106427467857,-175.4336272436144,0.24786635191574355,0.2691120392228073,0.483021608861449,1,1.0,3.0,1.0,5.0,5.0,1.2,1.0476190476190477,1.2380952380952381,1.619047619047619,1.0,1.0,1.0,1.0909090909090908,1.4,1.7,1.0909090909090908,1.5454545454545454,0.23809523809523808,0.2857142857142857,0.15238095238095228,11.380952380952381,11.571428571428571,3.4761904761904763,11.476190476190476,2.142857142857143,-0.1904761904761898,4.0,0.0,1.0,9.0,4.0,2.4,1.7078651685393258,1.3932584269662922,1.0449438202247192,1.8,0.8,1.8666666666666667,1.5454545454545454,1.488888888888889,1.0,1.2954545454545454,1.0909090909090908,0.39325842696629215,0.23595505617977527,0.6921348314606741,13.80952380952381,11.80952380952381,5.0,14.0,2.4285714285714284,2.0
ligue1-2025-2026-02-15-lyon-v-nice,2026-02-15,2025,Lyon,Nice,2,0,2,0.75,0.0,291.8624197335015,8,7,999,0,1.0,0,999,0,1.0,0,0,0,1634.6410795644076,1517.702031844782,116.9390477196257,0.5275084060230983,0.25320403489108717,0.21928755908581452,1,5.0,0.0,0.0,12.0,4.0,3.0,1.7078651685393258,1.6629213483146068,1.3595505617977528,2.4,0.8,1.9090909090909092,1.511111111111111,1.7954545454545454,1.2954545454545454,1.5333333333333334,1.4222222222222223,0.34831460674157305,0.16853932584269662,1.2921348314606742,12.380952380952381,11.047619047619047,4.857142857142857,14.0,2.4285714285714284,1.333333333333334,1.0,3.0,1.0,8.0,9.0,1.2,1.550561797752809,1.4943820224719102,1.2134831460674158,1.6,1.8,1.8666666666666667,1.2272727272727273,1.6222222222222222,0.8888888888888888,1.3636363636363635,1.5454545454545454,0.3146067415730337,0.20224719101123595,-0.35056179775280905,11.761904761904763,15.428571428571429,4.238095238095238,12.761904761904763,2.4761904761904763,-3.666666666666666
ligue1-2025-2026-02-15-metz-v-auxerre,2026-02-15,2025,Metz,Auxerre,1,3,0,0.0,0.0,240.0937601771949,9,7,999,0,1.0,0,999,0,1.0,0,0,0,1363.4759237476553,1434.5292901729456,-71.05336642529028,0.31481481481481477,0.31481481481481477,0.3703703703703704,1,0.0,2.0,3.0,4.0,9.0,0.4,0.7636363636363637,1.018181818181818,1.8909090909090909,0.8,1.8,0.7777777777777778,0.75,0.9629629629629629,1.5555555555555556,1.0714285714285714,2.2142857142857144,0.18181818181818182,0.34545454545454546,-0.36363636363636365,8.857142857142858,14.952380952380953,3.0,10.904761904761905,1.9523809523809523,-6.095238095238095,0.0,2.0,3.0,0.0,4.0,0.4,1.018181818181818,1.1272727272727272,1.4545454545454546,0.0,0.8,1.3571428571428572,0.6666666666666666,1.2142857142857142,1.0357142857142858,1.037037037037037,1.8888888888888888,0.2727272727272727,0.34545454545454546,-0.618181818181818,10.666666666666666,11.857142857142858,3.238095238095238,13.523809523809524,2.8095238095238093,-1.1904761904761916
ligue1-2025-2026-02-15-lorient-v-angers,2026-02-15,2025,Lorient,Angers,2,0,2,0.5,0.0,214.99105242029577,8,7,999,0,1.0,0,999,0,1.0,0,0,0,1472.126103818476,1462.5618327505297,9.564271067946265,0.48488008342022937,0.30500521376433776,0.21011470281543268,1,3.0,1.0,1.0,8.0,5.0,2.0,1.0363636363636364,1.2727272727272727,1.8,1.6,1.0,1.2962962962962963,0.7857142857142857,1.7037037037037037,1.7037037037037037,0.8571428571428571,1.8928571428571428,0.14545454545454545,0.38181818181818183,0.9636363636363636,11.714285714285714,10.571428571428571,3.857142857142857,10.095238095238095,1.8571428571428572,1.1428571428571423,2.0,1.0,2.0,5.0,7.0,1.4,1.1818181818181819,0.9818181818181818,1.4181818181818182,1.0,1.4,1.3214285714285714,1.037037037037037,1.2142857142857142,1.6071428571428572,0.7407407407407407,1.2222222222222223,0.2727272727272727,0.36363636363636365,0.21818181818181803,9.571428571428571,14.095238095238095,3.5714285714285716,11.047619047619047,1.5238095238095237,-4.523809523809524
ligue1-2025-2026-02-15-le-havre-v-toulouse,2026-02-15,2025,Le Havre,Toulouse,2,1,2,0.5,0.0,665.0339281280934,7,7,999,0,1.0,0,999,0,1.0,0,0,0,1426.9859321316092,1530.9079038729549,-103.92197174134571,0.2739147137917787,0.3092585478294275,0.4168267383787937,1,2.0,2.0,1.0,5.0,4.0,1.6,1.0,1.0337078651685394,1.595505617977528,1.0,0.8,1.0666666666666667,0.9318181818181818,1.0222222222222221,1.5555555555555556,1.0454545454545454,1.6363636363636365,0.19101123595505617,0.38202247191011235,0.6000000000000001,11.238095238095237,12.142857142857142,3.761904761904762,13.761904761904763,1.8571428571428572,-0.9047619047619051,2.0,1.0,2.0,7.0,5.0,1.4,1.2921348314606742,1.3146067415730338,1.2696629213483146,1.4,1.0,1.1555555555555554,1.4318181818181819,1.3333333333333333,1.3777777777777778,1.2954545454545454,1.1590909090909092,0.2696629213483146,0.2808988764044944,0.1078651685393257,12.238095238095237,11.476190476190476,4.238095238095238,14.380952380952381,2.380952380952381,0.761904761904761
ligue1-2025-2026-02-20-brest-v-marseille,2026-02-20,2025,Brest,Marseille,2,0,2,0.3333333333333333,0.0,952.9448024767538,6,6,999,0,1.0,0,999,0,1.0,0,0,0,1518.0972950565576,1636.4796651889387,-118.38237013238108,0.24107375553818092,0.2507167057597081,0.5082095387021109,1,1.0,2.0,2.0,6.0,7.0,1.0,1.5333333333333334,1.488888888888889,1.4111111111111112,1.2,1.4,1.8222222222222222,1.2444444444444445,1.6,1.0666666666666667,1.3777777777777778,1.7555555555555555,0.34444444444444444,0.25555555555555554,-0.5333333333333334,11.727272727272727,12.818181818181818,3.9545454545454546,13.636363636363637,2.0454545454545454,-1.0909090909090917,2.0,2.0,1.0,12.0,12.0,1.6,1.7222222222222223,1.9333333333333333,1.3,2.4,2.4,2.088888888888889,1.3555555555555556,2.2444444444444445,1.0888888888888888,1.6222222222222222,1.511111111111111,0.2,0.23333333333333334,-0.12222222222222223,14.136363636363637,10.136363636363637,5.7727272727272725,12.545454545454545,2.4545454545454546,4.0
ligue1-2025-2026-02-21-paris-sg-v-metz,2026-02-21,2025,Paris SG,Metz,3,0,2,1.0,0.0,287.32517309596955,8,6,999,0,1.0,0,999,0,1.0,0,0,0,1793.5752092217779,1348.1582532547561,445.41695596702175,0.8327165062916358,0.1045521835677276,0.06273131014063656,1,4.0,0.0,1.0,12.0,4.0,2.4,2.3444444444444446,2.466666666666667,0.9666666666666667,2.4,0.8,2.3863636363636362,2.3043478260869565,2.590909090909091,0.9545454545454546,2.347826086956522,0.9782608695652174,0.3333333333333333,0.06666666666666667,0.05555555555555536,17.681818181818183,8.727272727272727,6.7727272727272725,10.090909090909092,1.0909090909090908,8.954545454545457,0.0,1.0,4.0,4.0,11.0,0.2,0.75,1.0178571428571428,1.9107142857142858,0.8,2.2,0.75,0.75,0.9642857142857143,1.6071428571428572,1.0714285714285714,2.2142857142857144,0.17857142857142858,0.3392857142857143,-0.55,9.045454545454545,14.909090909090908,3.0454545454545454,11.0,1.9545454545454546,-5.863636363636363
ligue1-2025-2026-02-21-lens-v-monaco,2026-02-21,2025,Lens,Monaco,2,3,0,0.35714285714285715,0.0,822.5469199461746,7,8,999,0,1.0,0,999,0,1.0,0,0,0,1660.6913468271694,1553.8855515313414,106.80579529582792,0.5483028720626633,0.2258485639686684,0.2258485639686684,1,4.0,0.0,1.0,11.0,4.0,2.4,1.7222222222222223,1.4333333333333333,1.0333333333333334,2.2,0.8,1.8666666666666667,1.5777777777777777,1.488888888888889,1.0,1.3777777777777778,1.0666666666666667,0.4,0.23333333333333334,0.6777777777777776,13.954545454545455,11.772727272727273,5.045454545454546,13.772727272727273,2.3636363636363638,2.1818181818181817,2.0,2.0,1.0,8.0,4.0,1.6,1.7666666666666666,1.8444444444444446,1.3,1.6,0.8,2.0434782608695654,1.4772727272727273,2.0217391304347827,1.065217391304348,1.6590909090909092,1.5454545454545454,0.3111111111111111,0.17777777777777778,-0.16666666666666652,12.363636363636363,13.136363636363637,4.181818181818182,13.545454545454545,2.909090909090909,-0.7727272727272734
ligue1-2025-2026-02-21-toulouse-v-paris-fc,2026-02-21,2025,Toulouse,Paris FC,1,1,1,0.75,0.0,589.1537652092369,6,7,999,0,1.0,0,999,0,1.0,0,0,0,1520.795025246662,1450.0963114227877,70.69871382387419,0.471947194719472,0.28602860286028603,0.24202420242024206,1,2.0,1.0,2.0,8.0,4.0,1.4,1.2777777777777777,1.3111111111111111,1.2777777777777777,1.6,0.8,1.1555555555555554,1.4,1.3333333333333333,1.3777777777777778,1.288888888888889,1.1777777777777778,0.26666666666666666,0.2777777777777778,0.12222222222222223,12.818181818181818,11.181818181818182,4.454545454545454,14.454545454545455,2.4545454545454546,1.6363636363636367,1.0,3.0,1.0,4.0,8.0,1.2,1.0,1.1818181818181819,1.7727272727272727,0.8,1.6,0.9090909090909091,1.0909090909090908,1.2727272727272727,2.0,1.0909090909090908,1.5454545454545454,0.22727272727272727,0.3181818181818182,0.19999999999999996,11.363636363636363,11.818181818181818,3.590909090909091,11.545454545454545,2.1363636363636362,-0.45454545454545503
ligue1-2025-2026-02-22-angers-v-lille,2026-02-22,2025,Angers,Lille,0,1,0,0.0,0.0,440.2764989963635,7,8,999,0,1.0,0,999,0,1.0,0,0,0,1452.7372562676344,1570.5240174671958,-117.7867611995614,0.19865983445013796,0.2621206148994876,0.5392195506503745,1,2.0,1.0,2.0,4.0,7.0,1.4,1.1607142857142858,0.9642857142857143,1.4285714285714286,0.8,1.4,1.3214285714285714,1.0,1.2142857142857142,1.6071428571428572,0.7142857142857143,1.25,0.26785714285714285,0.375,0.2392857142857141,9.590909090909092,13.818181818181818,3.5454545454545454,10.909090909090908,1.4545454545454546,-4.227272727272727,0.0,2.0,3.0,2.0,9.0,0.4,1.7,1.5444444444444445,1.1222222222222222,0.4,1.8,2.088888888888889,1.3111111111111111,1.8444444444444446,1.0,1.2444444444444445,1.2444444444444445,0.35555555555555557,0.18888888888888888,-1.2999999999999998,14.636363636363637,10.181818181818182,4.681818181818182,11.5,2.590909090909091,4.454545454545455
ligue1-2025-2026-02-22-strasbourg-v-lyon,2026-02-22,2025,Strasbourg,Lyon,3,1,2,0.5,0.0,374.78151610700206,8,7,999,0,1.0,0,999,0,1.0,0,0,0,1563.0613728440173,1640.9458604622976,-77.88448761828022,0.4317656129529684,0.27139552814186585,0.2968388589051658,1,2.0,1.0,2.0,10.0,8.0,1.4,1.4111111111111112,1.4444444444444444,1.3666666666666667,2.0,1.6,1.7727272727272727,1.065217391304348,1.6363636363636365,1.1363636363636365,1.2608695652173914,1.5869565217391304,0.24444444444444444,0.18888888888888888,-0.011111111111111294,11.181818181818182,11.318181818181818,4.318181818181818,11.5,2.4545454545454546,-0.1363636363636367,5.0,0.0,0.0,11.0,3.0,3.0,1.7222222222222223,1.6666666666666667,1.3444444444444446,2.2,0.6,1.9333333333333333,1.511111111111111,1.8,1.2666666666666666,1.5333333333333334,1.4222222222222223,0.35555555555555557,0.16666666666666666,1.2777777777777777,12.227272727272727,11.0,4.7272727272727275,14.090909090909092,2.4545454545454546,1.2272727272727266
ligue1-2025-2026-02-22-auxerre-v-rennes,2026-02-22,2025,Auxerre,Rennes,0,3,0,0.625,0.0,390.65730544837464,7,9,999,0,1.0,0,999,0,1.0,0,0,0,1449.8469606658448,1545.3435486846065,-95.49658801876171,0.3308443879577409,0.2802446580347923,0.38891095400746684,1,1.0,2.0,2.0,3.0,3.0,1.0,1.0535714285714286,1.1607142857142858,1.4464285714285714,0.6,0.6,1.3571428571428572,0.75,1.2142857142857142,1.0357142857142858,1.1071428571428572,1.8571428571428572,0.26785714285714285,0.3392857142857143,-0.0535714285714286,10.818181818181818,11.909090909090908,3.227272727272727,13.454545454545455,2.8181818181818183,-1.09090909090909,1.0,1.0,3.0,5.0,11.0,0.8,1.3444444444444446,1.5333333333333334,1.4555555555555555,1.0,2.2,1.6444444444444444,1.0444444444444445,1.8,1.2222222222222223,1.2666666666666666,1.6888888888888889,0.25555555555555554,0.2222222222222222,-0.5444444444444445,13.318181818181818,13.954545454545455,4.454545454545454,12.227272727272727,2.0454545454545454,-0.6363636363636367
ligue1-2025-2026-02-22-nantes-v-le-havre,2026-02-22,2025,Nantes,Le Havre,2,0,2,0.5,0.0,276.4948213461697,9,7,999,0,1.0,0,999,0,1.0,0,0,0,1365.1742402314173,1437.0988107579021,-71.92457052648479,0.39768618944323936,0.28681610026512416,0.31549771029163654,1,0.0,0.0,5.0,4.0,12.0,0.0,0.9222222222222223,0.9888888888888889,1.6333333333333333,0.8,2.4,0.8444444444444444,1.0,1.0222222222222221,1.5555555555555556,0.9555555555555556,1.711111111111111,0.18888888888888888,0.3333333333333333,-0.9222222222222223,10.590909090909092,14.545454545454545,2.8636363636363638,12.318181818181818,2.1363636363636362,-3.9545454545454533,2.0,2.0,1.0,5.0,4.0,1.6,1.0222222222222221,1.0444444444444445,1.5888888888888888,1.0,0.8,1.108695652173913,0.9318181818181818,1.0434782608695652,1.5434782608695652,1.0454545454545454,1.6363636363636365,0.18888888888888888,0.37777777777777777,0.577777777777778,10.954545454545455,12.727272727272727,3.6818181818181817,13.454545454545455,1.9090909090909092,-1.7727272727272716
ligue1-2025-2026-02-22-nice-v-lorient,2026-02-22,2025,Nice,Lorient,3,3,1,0.5,0.0,938.7534291162799,7,7,999,0,1.0,0,999,0,1.0,0,0,0,1511.397250946892,1481.9506803013712,29.44657064552075,0.44155844155844154,0.2792207792207792,0.2792207792207792,1,1.0,2.0,2.0,7.0,10.0,1.0,1.5333333333333334,1.4777777777777779,1.2222222222222223,1.4,2.0,1.8666666666666667,1.2,1.6222222222222222,0.8888888888888888,1.3333333333333333,1.5555555555555556,0.3111111111111111,0.2111111111111111,-0.5333333333333334,11.681818181818182,15.136363636363637,4.181818181818182,12.727272727272727,2.409090909090909,-3.454545454545455,4.0,0.0,1.0,9.0,4.0,2.4,1.0714285714285714,1.2857142857142858,1.7678571428571428,1.8,0.8,1.3571428571428572,0.7857142857142857,1.7142857142857142,1.6428571428571428,0.8571428571428571,1.8928571428571428,0.16071428571428573,0.375,1.3285714285714285,11.545454545454545,10.545454545454545,3.772727272727273,9.954545454545455,1.7727272727272727,1.0
ligue1-2025-2026-02-27-strasbourg-v-lens,2026-02-27,2025,Strasbourg,Lens,1,1,1,0.42857142857142855,0.0,413.0470096073049,5,6,999,0,1.0,0,999,0,1.0,0,0,0,1576.3045250012492,1645.354845094806,-69.05032009355682,0.4308880308880309,0.2633204633204634,0.3057915057915058,1,2.0,1.0,2.0,11.0,8.0,1.4,1.4285714285714286,1.4615384615384615,1.3626373626373627,2.2,1.6,1.8,1.065217391304348,1.6666666666666667,1.1333333333333333,1.2608695652173914,1.5869565217391304,0.24175824175824176,0.18681318681318682,-0.028571428571428692,11.26086956521739,11.0,4.434782608695652,11.478260869565217,2.391304347826087,0.2608695652173907,3.0,0.0,2.0,12.0,7.0,1.8,1.7032967032967032,1.4395604395604396,1.054945054945055,2.4,1.4,1.826086956521739,1.5777777777777777,1.5,1.0434782608695652,1.3777777777777778,1.0666666666666667,0.3956043956043956,0.23076923076923078,0.0967032967032968,14.130434782608695,11.695652173913043,5.130434782608695,13.73913043478261,2.347826086956522,2.4347826086956523
ligue1-2025-2026-02-28-rennes-v-toulouse,2026-02-28,2025,Rennes,Toulouse,1,0,2,0.3333333333333333,0.0,556.5344633984116,6,7,999,0,1.0,0,999,0,1.0,0,0,0,1562.8885502169217,1516.2424666934107,46.646083523510924,0.48339684267827987,0.26183995645073493,0.25476320087098525,1,2.0,0.0,3.0,7.0,10.0,1.2,1.3626373626373627,1.5494505494505495,1.4395604395604396,1.4,2.0,1.6444444444444444,1.0869565217391304,1.8,1.2222222222222223,1.3043478260869565,1.6521739130434783,0.26373626373626374,0.21978021978021978,-0.16263736263736273,13.26086956521739,13.826086956521738,4.565217391304348,12.652173913043478,2.130434782608696,-0.5652173913043477,1.0,2.0,2.0,4.0,4.0,1.0,1.2747252747252746,1.3076923076923077,1.2747252747252746,0.8,0.8,1.1521739130434783,1.4,1.326086956521739,1.3695652173913044,1.288888888888889,1.1777777777777778,0.26373626373626374,0.27472527472527475,-0.27472527472527464,13.26086956521739,10.91304347826087,4.695652173913044,14.391304347826088,2.391304347826087,2.3478260869565215
ligue1-2025-2026-02-28-monaco-v-angers,2026-02-28,2025,Monaco,Angers,2,0,2,0.625,0.0,744.0217591552394,7,6,999,0,1.0,0,999,0,1.0,0,0,0,1569.2220532637048,1443.2487536298825,125.97329963382231,0.6658656253129068,0.1990587764093321,0.13507559827776108,1,3.0,2.0,0.0,10.0,3.0,2.2,1.7802197802197801,1.8571428571428572,1.3076923076923077,2.0,0.6,2.0434782608695654,1.511111111111111,2.0217391304347827,1.065217391304348,1.6888888888888889,1.5555555555555556,0.3076923076923077,0.17582417582417584,0.41978021978022007,12.26086956521739,13.347826086956522,4.217391304347826,13.478260869565217,2.8260869565217392,-1.0869565217391308,2.0,1.0,2.0,2.0,3.0,1.4,1.1403508771929824,0.9473684210526315,1.4210526315789473,0.4,0.6,1.2758620689655173,1.0,1.1724137931034482,1.5862068965517242,0.7142857142857143,1.25,0.2631578947368421,0.38596491228070173,0.25964912280701746,9.434782608695652,13.826086956521738,3.4782608695652173,11.043478260869565,1.5217391304347827,-4.391304347826086
ligue1-2025-2026-02-28-le-havre-v-paris-sg,2026-02-28,2025,Le Havre,Paris SG,0,1,0,0.08333333333333333,0.0,172.08411043805535,6,7,999,0,1.0,0,999,0,1.0,0,0,0,1424.0969859688867,1795.0128165656329,-370.9158305967462,0.11090504451038577,0.16394658753709201,0.7251483679525222,1,2.0,1.0,2.0,4.0,5.0,1.4,1.010989010989011,1.032967032967033,1.5934065934065933,0.8,1.0,1.108695652173913,0.9111111111111111,1.0434782608695652,1.5434782608695652,1.0222222222222221,1.6444444444444444,0.18681318681318682,0.38461538461538464,0.38901098901098896,10.73913043478261,12.565217391304348,3.5652173913043477,13.434782608695652,1.9565217391304348,-1.8260869565217384,4.0,0.0,1.0,12.0,4.0,2.4,2.3516483516483517,2.4725274725274726,0.9560439560439561,2.4,0.8,2.4,2.3043478260869565,2.6,0.9333333333333333,2.347826086956522,0.9782608695652174,0.34065934065934067,0.06593406593406594,0.04835164835164818,17.652173913043477,8.478260869565217,6.782608695652174,10.043478260869565,1.0434782608695652,9.17391304347826
ligue1-2025-2026-03-01-metz-v-brest,2026-03-01,2025,Metz,Brest,0,1,0,0.0,0.0,784.6069654115464,8,9,999,0,1.0,0,999,0,1.0,0,0,0,1346.720645910901,1532.986975481711,-186.26632957080983,0.24890190336749632,0.2781844802342606,0.47291361639824303,1,0.0,1.0,4.0,3.0,12.0,0.2,0.7368421052631579,1.0,1.9298245614035088,0.6,2.4,0.75,0.7241379310344828,0.9642857142857143,1.6071428571428572,1.0344827586206897,2.2413793103448274,0.17543859649122806,0.3508771929824561,-0.5368421052631578,8.782608695652174,15.0,2.9130434782608696,11.173913043478262,1.9565217391304348,-6.217391304347826,2.0,2.0,1.0,7.0,5.0,1.6,1.5494505494505495,1.4945054945054945,1.3956043956043955,1.4,1.0,1.8478260869565217,1.2444444444444445,1.608695652173913,1.0434782608695652,1.3777777777777778,1.7555555555555555,0.3516483516483517,0.25274725274725274,0.05054945054945059,11.73913043478261,13.0,3.9565217391304346,13.478260869565217,2.0,-1.2608695652173907
ligue1-2025-2026-03-01-marseille-v-lyon,2026-03-01,2025,Marseille,Lyon,3,2,2,0.6666666666666666,0.0,279.5953816441229,9,7,999,0,1.0,0,999,0,1.0,0,0,0,1621.5899847637854,1627.7027083050657,-6.112723541280275,0.4953764861294584,0.2523117569352708,0.2523117569352708,1,1.0,2.0,2.0,7.0,12.0,1.0,1.7032967032967032,1.9120879120879122,1.3076923076923077,1.4,2.4,2.088888888888889,1.326086956521739,2.2444444444444445,1.0888888888888888,1.5869565217391304,1.5217391304347827,0.1978021978021978,0.24175824175824176,-0.7032967032967032,14.26086956521739,10.217391304347826,5.695652173913044,12.73913043478261,2.5217391304347827,4.0434782608695645,4.0,0.0,1.0,10.0,5.0,2.4,1.7032967032967032,1.6593406593406594,1.3626373626373627,2.0,1.0,1.9333333333333333,1.4782608695652173,1.8,1.2666666666666666,1.5217391304347827,1.4565217391304348,0.3516483516483517,0.16483516483516483,0.6967032967032967,11.869565217391305,11.08695652173913,4.608695652173913,14.0,2.4347826086956523,0.7826086956521738
ligue1-2025-2026-03-01-lille-v-nantes,2026-03-01,2025,Lille,Nantes,1,0,2,0.75,0.0,504.6575730247583,7,7,999,0,1.0,0,999,0,1.0,0,0,0,1580.0125201049477,1378.1760650204328,201.8364550845149,0.6297577854671281,0.2249134948096886,0.14532871972318342,1,1.0,2.0,2.0,3.0,6.0,1.0,1.7142857142857142,1.5384615384615385,1.10989010989011,0.6,1.2,2.088888888888889,1.3478260869565217,1.8444444444444446,1.0,1.2391304347826086,1.2173913043478262,0.3626373626373626,0.18681318681318682,-0.7142857142857142,14.608695652173912,10.0,4.695652173913044,11.478260869565217,2.5217391304347827,4.608695652173912,1.0,0.0,4.0,5.0,10.0,0.6,0.945054945054945,1.0,1.6153846153846154,1.0,2.0,0.8913043478260869,1.0,1.0434782608695652,1.5217391304347827,0.9555555555555556,1.711111111111111,0.1978021978021978,0.32967032967032966,-0.34505494505494505,10.521739130434783,14.173913043478262,2.8260869565217392,12.521739130434783,2.217391304347826,-3.6521739130434785
ligue1-2025-2026-03-01-lorient-v-auxerre,2026-03-01,2025,Lorient,Auxerre,2,2,1,0.25,0.0,519.1665858101768,7,7,999,0,1.0,0,999,0,1.0,0,0,0,1485.5131191610103,1432.3019591335296,53.21116002748067,0.4532775453277545,0.2928870292887029,0.25383542538354253,1,3.0,1.0,1.0,9.0,6.0,2.0,1.0701754385964912,1.3157894736842106,1.7894736842105263,1.8,1.2,1.3571428571428572,0.7931034482758621,1.7142857142857142,1.6428571428571428,0.9310344827586207,1.9310344827586208,0.15789473684210525,0.3684210526315789,0.9298245614035088,11.782608695652174,10.434782608695652,3.8260869565217392,9.695652173913043,1.826086956521739,1.3478260869565215,1.0,2.0,2.0,3.0,5.0,1.0,1.0350877192982457,1.1403508771929824,1.4736842105263157,0.6,1.0,1.3103448275862069,0.75,1.1724137931034482,1.103448275862069,1.1071428571428572,1.8571428571428572,0.2631578947368421,0.3508771929824561,-0.03508771929824572,10.826086956521738,11.91304347826087,3.1739130434782608,13.608695652173912,2.739130434782609,-1.0869565217391308
ligue1-2025-2026-03-01-paris-fc-v-nice,2026-03-01,2025,Paris FC,Nice,1,0,2,0.8333333333333334,0.0,683.4105943788709,8,7,999,0,1.0,0,999,0,1.0,0,0,0,1454.648869976039,1507.8348120872529,-53.18594211121399,0.3969754253308129,0.27221172022684315,0.3308128544423441,1,0.0,4.0,1.0,3.0,8.0,0.8,1.0,1.173913043478261,1.7391304347826086,0.6,1.6,0.9090909090909091,1.0833333333333333,1.2727272727272727,2.0,1.0833333333333333,1.5,0.21739130434782608,0.30434782608695654,-0.19999999999999996,11.08695652173913,12.304347826086957,3.5217391304347827,11.347826086956522,2.260869565217391,-1.2173913043478262,1.0,3.0,1.0,9.0,8.0,1.2,1.5274725274725274,1.4945054945054945,1.2417582417582418,1.8,1.6,1.8478260869565217,1.2,1.6521739130434783,0.9347826086956522,1.3333333333333333,1.5555555555555556,0.3076923076923077,0.2087912087912088,-0.3274725274725274,11.521739130434783,15.217391304347826,4.173913043478261,12.826086956521738,2.391304347826087,-3.695652173913043
ligue1-2025-2026-03-06-paris-sg-v-monaco,2026-03-06,2025,Paris SG,Monaco,1,3,0,0.5,0.0,692.8795120593559,6,6,999,0,1.0,0,999,0,1.0,0,0,0,1798.4871362090216,1575.275714683609,223.21142152541256,0.6849315068493151,0.18003913894324852,0.1350293542074364,1,4.0,0.0,1.0,12.0,4.0,2.4,2.358695652173913,2.4565217391304346,0.9456521739130435,2.4,0.8,2.4,2.3191489361702127,2.6,0.9333333333333333,2.3191489361702127,0.9574468085106383,0.34782608695652173,0.06521739130434782,0.04130434782608683,17.833333333333332,8.541666666666666,6.875,10.041666666666666,1.0,9.291666666666666,4.0,1.0,0.0,12.0,3.0,2.6,1.7934782608695652,1.858695652173913,1.2934782608695652,2.4,0.6,2.0638297872340425,1.511111111111111,2.021276595744681,1.0425531914893618,1.6888888888888889,1.5555555555555556,0.31521739130434784,0.17391304347826086,0.8065217391304349,12.166666666666666,13.041666666666666,4.208333333333333,13.291666666666666,2.7083333333333335,-0.875
ligue1-2025-2026-03-07-nantes-v-angers,2026-03-07,2025,Nantes,Angers,0,1,0,0.125,0.0,78.33697648526338,6,7,999,0,1.0,0,999,0,1.0,0,0,0,1375.1834760555219,1437.1950922099782,-62.011616154456306,0.42638698294452065,0.32346598706136054,0.2501470299941188,1,1.0,0.0,4.0,4.0,7.0,0.6,0.9347826086956522,0.9891304347826086,1.608695652173913,0.8,1.4,0.8913043478260869,0.9782608695652174,1.0434782608695652,1.5217391304347827,0.9347826086956522,1.6956521739130435,0.1956521739130435,0.33695652173913043,-0.33478260869565224,10.208333333333334,13.958333333333334,2.75,12.625,2.1666666666666665,-3.75,2.0,0.0,3.0,2.0,5.0,1.2,1.1206896551724137,0.9310344827586207,1.4310344827586208,0.4,1.0,1.2758620689655173,0.9655172413793104,1.1724137931034482,1.5862068965517242,0.6896551724137931,1.2758620689655173,0.25862068965517243,0.39655172413793105,0.07931034482758625,9.291666666666666,13.666666666666666,3.4166666666666665,11.0,1.5833333333333333,-4.375
ligue1-2025-2026-03-07-auxerre-v-strasbourg,2026-03-07,2025,Auxerre,Strasbourg,0,0,1,0.125,0.0,320.7466828446168,6,8,999,0,1.0,0,999,0,1.0,0,0,0,1436.446499996095,1575.4160704174008,-138.96957042130566,0.27982899339292655,0.29731830547998445,0.42285270112708895,1,1.0,3.0,1.0,5.0,6.0,1.2,1.0344827586206897,1.1551724137931034,1.4827586206896552,1.0,1.2,1.3103448275862069,0.7586206896551724,1.1724137931034482,1.103448275862069,1.1379310344827587,1.8620689655172413,0.25862068965517243,0.3448275862068966,0.16551724137931023,10.791666666666666,12.041666666666666,3.1666666666666665,13.458333333333334,2.75,-1.25,1.0,2.0,2.0,8.0,8.0,1.0,1.423913043478261,1.4565217391304348,1.358695652173913,1.6,1.6,1.7826086956521738,1.065217391304348,1.6521739130434783,1.1304347826086956,1.2608695652173914,1.5869565217391304,0.2391304347826087,0.18478260869565216,-0.423913043478261,11.125,11.583333333333334,4.458333333333333,11.375,2.375,-0.4583333333333339
ligue1-2025-2026-03-07-toulouse-v-marseille,2026-03-07,2025,Toulouse,Marseille,0,1,0,0.25,0.0,321.8261915873199,7,6,999,0,1.0,0,999,0,1.0,0,0,0,1510.2292908305324,1628.9516028599423,-118.72231202940998,0.3092247726288436,0.263750541359896,0.4270246860112602,1,0.0,2.0,3.0,2.0,5.0,0.4,1.2608695652173914,1.2934782608695652,1.2717391304347827,0.4,1.0,1.1521739130434783,1.3695652173913044,1.326086956521739,1.3695652173913044,1.2608695652173914,1.173913043478261,0.2608695652173913,0.2826086956521739,-0.8608695652173913,13.083333333333334,10.875,4.583333333333333,14.333333333333334,2.4166666666666665,2.208333333333334,1.0,2.0,2.0,7.0,13.0,1.0,1.7173913043478262,1.923913043478261,1.315217391304348,1.4,2.6,2.108695652173913,1.326086956521739,2.260869565217391,1.108695652173913,1.5869565217391304,1.5217391304347827,0.1956521739130435,0.2391304347826087,-0.7173913043478262,14.416666666666666,10.291666666666666,5.75,12.875,2.5416666666666665,4.125
ligue1-2025-2026-03-08-lille-v-lorient,2026-03-08,2025,Lille,Lorient,1,1,1,0.625,0.0,569.2045962354017,7,7,999,0,1.0,0,999,0,1.0,0,0,0,1583.0051090698587,1481.3685782984448,101.63653077141385,0.6141862032806532,0.22919631488278033,0.15661748183656654,1,2.0,2.0,1.0,3.0,2.0,1.6,1.7282608695652173,1.5326086956521738,1.0978260869565217,0.6,0.4,2.108695652173913,1.3478260869565217,1.826086956521739,0.9782608695652174,1.2391304347826086,1.2173913043478262,0.3695652173913043,0.18478260869565216,-0.1282608695652172,14.375,9.708333333333334,4.625,11.458333333333334,2.5416666666666665,4.666666666666666,2.0,2.0,1.0,9.0,8.0,1.6,1.0689655172413792,1.3275862068965518,1.793103448275862,1.8,1.6,1.3448275862068966,0.7931034482758621,1.7241379310344827,1.6551724137931034,0.9310344827586207,1.9310344827586208,0.15517241379310345,0.3620689655172414,0.5310344827586209,11.916666666666666,10.416666666666666,3.875,9.75,1.7916666666666667,1.5
ligue1-2025-2026-03-08-nice-v-rennes,2026-03-08,2025,Nice,Rennes,0,4,0,0.5,0.0,844.6974651904027,7,8,999,0,1.0,0,999,0,1.0,0,0,0,1499.1741335075594,1568.9017260798,-69.72759257224061,0.35051546391752575,0.27835051546391754,0.3711340206185567,1,0.0,3.0,2.0,5.0,8.0,0.6,1.5108695652173914,1.4782608695652173,1.2391304347826086,1.0,1.6,1.8478260869565217,1.173913043478261,1.6521739130434783,0.9347826086956522,1.3043478260869565,1.5434782608695652,0.30434782608695654,0.21739130434782608,-0.9108695652173914,11.5,15.25,4.125,12.625,2.4166666666666665,-3.75,3.0,0.0,2.0,8.0,8.0,1.8,1.3804347826086956,1.5434782608695652,1.423913043478261,1.6,1.6,1.673913043478261,1.0869565217391304,1.7826086956521738,1.1956521739130435,1.3043478260869565,1.6521739130434783,0.2717391304347826,0.21739130434782608,0.4195652173913045,13.125,13.625,4.458333333333333,12.5,2.0833333333333335,-0.5
ligue1-2025-2026-03-08-lens-v-metz,2026-03-08,2025,Lens,Metz,3,0,2,0.25,0.0,282.376166484511,9,7,999,0,1.0,0,999,0,1.0,0,0,0,1646.2432996786545,1339.1537934802493,307.08950619840516,0.7419115512402826,0.16386568175220156,0.0942227670075159,1,3.0,1.0,1.0,12.0,5.0,2.0,1.6956521739130435,1.434782608695652,1.0543478260869565,2.4,1.0,1.826086956521739,1.565217391304348,1.5,1.0434782608695652,1.3695652173913044,1.065217391304348,0.391304347826087,0.22826086956521738,0.30434782608695654,14.583333333333334,11.541666666666666,5.125,13.5,2.3333333333333335,3.041666666666668,0.0,1.0,4.0,1.0,8.0,0.2,0.7241379310344828,0.9827586206896551,1.9137931034482758,0.2,1.6,0.7241379310344828,0.7241379310344828,0.9310344827586207,1.5862068965517242,1.0344827586206897,2.2413793103448274,0.1724137931034483,0.3620689655172414,-0.5241379310344827,9.416666666666666,14.625,3.0416666666666665,11.291666666666666,1.9583333333333333,-5.208333333333334
ligue1-2025-2026-03-08-brest-v-le-havre,2026-03-08,2025,Brest,Le Havre,2,0,2,0.8571428571428571,0.0,357.13572034857475,7,8,999,0,1.0,0,999,0,1.0,0,0,0,1540.5538279123627,1420.622666325498,119.93116158686485,0.5005950559352579,0.2797442959638206,0.21966064810092148,1,3.0,2.0,0.0,8.0,3.0,2.2,1.565217391304348,1.4891304347826086,1.3804347826086956,1.6,0.6,1.8478260869565217,1.2826086956521738,1.608695652173913,1.0434782608695652,1.3695652173913044,1.7173913043478262,0.358695652173913,0.25,0.6347826086956523,11.5,13.458333333333334,3.8333333333333335,13.375,2.0416666666666665,-1.958333333333334,2.0,0.0,3.0,4.0,6.0,1.2,1.0,1.0217391304347827,1.5869565217391304,0.8,1.2,1.0851063829787233,0.9111111111111111,1.0212765957446808,1.5319148936170213,1.0222222222222221,1.6444444444444444,0.18478260869565216,0.391304347826087,0.19999999999999996,10.708333333333334,12.958333333333334,3.5,13.375,2.0,-2.25
ligue1-2025-2026-03-08-lyon-v-paris-fc,2026-03-08,2025,Lyon,Paris FC,1,1,1,0.5,0.0,394.1582523546252,7,7,999,0,1.0,0,999,0,1.0,0,0,0,1620.3410902089088,1463.3095485557324,157.03154165317642,0.5047838997030684,0.28208512042230294,0.21313097987462887,1,3.0,0.0,2.0,7.0,6.0,1.8,1.684782608695652,1.6630434782608696,1.3804347826086956,1.4,1.2,1.9333333333333333,1.446808510638298,1.8,1.2666666666666666,1.5319148936170213,1.4893617021276595,0.34782608695652173,0.16304347826086957,0.11521739130434794,11.875,11.375,4.666666666666667,13.75,2.4166666666666665,0.5,1.0,3.0,1.0,4.0,8.0,1.2,1.0833333333333333,1.1666666666666667,1.6666666666666667,0.8,1.6,1.0833333333333333,1.0833333333333333,1.25,1.8333333333333333,1.0833333333333333,1.5,0.25,0.2916666666666667,0.1166666666666667,11.291666666666666,12.25,3.625,11.166666666666666,2.5,-0.9583333333333339
ligue1-2025-2026-03-13-marseille-v-auxerre,2026-03-13,2025,Marseille,Auxerre,1,0,2,0.5,0.0,522.7716260939638,6,6,999,0,1.0,0,999,0,1.0,0,0,0,1638.4132523935302,1437.5634543200035,200.8497980735267,0.6554307116104868,0.2097378277153558,0.1348314606741573,1,2.0,1.0,2.0,6.0,11.0,1.4,1.7311827956989247,1.913978494623656,1.3010752688172043,1.2,2.2,2.108695652173913,1.3617021276595744,2.260869565217391,1.108695652173913,1.574468085106383,1.4893617021276595,0.20430107526881722,0.23655913978494625,-0.33118279569892484,14.24,10.36,5.64,12.92,2.56,3.880000000000001,1.0,3.0,1.0,5.0,6.0,1.2,1.0338983050847457,1.1355932203389831,1.4576271186440677,1.0,1.2,1.3,0.7586206896551724,1.1333333333333333,1.0666666666666667,1.1379310344827587,1.8620689655172413,0.2711864406779661,0.3559322033898305,0.16610169491525428,10.76,12.08,3.2,13.32,2.68,-1.3200000000000003
ligue1-2025-2026-03-14-lorient-v-lens,2026-03-14,2025,Lorient,Lens,2,1,2,0.5,0.0,539.770660062649,6,6,999,0,1.0,0,999,0,1.0,0,0,0,1486.5978238641487,1649.2775811512995,-162.67975728715078,0.18089816571790004,0.24351676154332702,0.5755850727387729,1,1.0,3.0,1.0,8.0,8.0,1.2,1.0677966101694916,1.3220338983050848,1.7796610169491525,1.6,1.6,1.3448275862068966,0.8,1.7241379310344827,1.6551724137931034,0.9333333333333333,1.9,0.15254237288135594,0.3559322033898305,0.1322033898305084,11.8,10.48,3.92,9.88,1.76,1.3200000000000003,3.0,1.0,1.0,14.0,5.0,2.0,1.7096774193548387,1.4516129032258065,1.043010752688172,2.8,1.0,1.851063829787234,1.565217391304348,1.5319148936170213,1.0212765957446808,1.3695652173913044,1.065217391304348,0.3978494623655914,0.22580645161290322,0.29032258064516125,14.96,11.28,5.2,13.44,2.24,3.6800000000000015
ligue1-2025-2026-03-14-angers-v-nice,2026-03-14,2025,Angers,Nice,0,2,0,0.25,0.0,736.1286832320784,7,6,999,0,1.0,0,999,0,1.0,0,0,0,1448.2841493172355,1477.4359101847222,-29.1517608674867,0.2929172621883437,0.30709067810068286,0.39999205971097346,1,2.0,0.0,3.0,2.0,5.0,1.2,1.152542372881356,0.9322033898305084,1.4067796610169492,0.4,1.0,1.2758620689655173,1.0333333333333334,1.1724137931034482,1.5862068965517242,0.7,1.2333333333333334,0.2711864406779661,0.3898305084745763,0.047457627118643986,9.36,13.64,3.44,11.32,1.56,-4.280000000000001,0.0,2.0,3.0,3.0,10.0,0.4,1.4946236559139785,1.4623655913978495,1.2688172043010753,0.6,2.0,1.8085106382978724,1.173913043478261,1.6170212765957446,1.0,1.3043478260869565,1.5434782608695652,0.3010752688172043,0.22580645161290322,-1.0946236559139786,11.6,15.12,4.04,12.48,2.4,-3.5199999999999996
ligue1-2025-2026-03-14-monaco-v-brest,2026-03-14,2025,Monaco,Brest,2,0,2,0.6666666666666666,0.0,1052.8195441727441,8,6,999,0,1.0,0,999,0,1.0,0,0,0,1599.7518359650717,1546.7746245400033,52.97721142506839,0.5993833395353783,0.22951996172452294,0.1710966987400989,1,4.0,1.0,0.0,11.0,4.0,2.6,1.8064516129032258,1.8709677419354838,1.2903225806451613,2.2,0.8,2.0638297872340425,1.5434782608695652,2.021276595744681,1.0425531914893618,1.7173913043478262,1.5434782608695652,0.3118279569892473,0.17204301075268819,0.7935483870967743,12.12,13.32,4.28,13.0,2.72,-1.200000000000001,4.0,1.0,0.0,8.0,1.0,2.6,1.5806451612903225,1.4946236559139785,1.3655913978494623,1.6,0.2,1.872340425531915,1.2826086956521738,1.6170212765957446,1.0212765957446808,1.3695652173913044,1.7173913043478262,0.3655913978494624,0.24731182795698925,1.0193548387096776,11.48,13.48,3.76,13.44,2.08,-2.0
ligue1-2025-2026-03-15-rennes-v-lille,2026-03-15,2025,Rennes,Lille,1,2,0,0.3333333333333333,0.0,443.77856157497973,7,7,999,0,1.0,0,999,0,1.0,0,0,0,1590.6399494026373,1577.7758635041548,12.864085898482472,0.43220338983050843,0.288135593220339,0.2796610169491525,1,4.0,0.0,1.0,12.0,4.0,2.4,1.3978494623655915,1.5698924731182795,1.4086021505376345,2.4,0.8,1.673913043478261,1.127659574468085,1.7826086956521738,1.1956521739130435,1.3617021276595744,1.6170212765957446,0.27956989247311825,0.21505376344086022,1.0021505376344084,13.08,13.64,4.52,12.32,2.04,-0.5600000000000005,2.0,3.0,0.0,4.0,2.0,1.8,1.7204301075268817,1.5268817204301075,1.096774193548387,0.8,0.4,2.0851063829787235,1.3478260869565217,1.8085106382978724,0.9787234042553191,1.2391304347826086,1.2173913043478262,0.3655913978494624,0.1827956989247312,0.0795698924731183,14.28,9.68,4.52,11.56,2.6,4.6
ligue1-2025-2026-03-15-le-havre-v-lyon,2026-03-15,2025,Le Havre,Lyon,0,0,1,0.35714285714285715,0.0,552.2473546806608,7,7,999,0,1.0,0,999,0,1.0,0,0,0,1414.4018696978574,1614.0508697903226,-199.64900009246526,0.27687804878048783,0.28526829268292686,0.43785365853658537,1,2.0,0.0,3.0,4.0,7.0,1.2,0.989247311827957,1.010752688172043,1.5913978494623655,0.8,1.4,1.0851063829787233,0.8913043478260869,1.0212765957446808,1.5319148936170213,1.0,1.6521739130434783,0.1827956989247312,0.3978494623655914,0.21075268817204296,10.84,12.88,3.36,13.52,1.96,-2.040000000000001,2.0,1.0,2.0,7.0,7.0,1.4,1.6774193548387097,1.6559139784946237,1.3763440860215055,1.4,1.4,1.9130434782608696,1.446808510638298,1.7826086956521738,1.2608695652173914,1.5319148936170213,1.4893617021276595,0.34408602150537637,0.16129032258064516,-0.27741935483870983,11.96,11.48,4.64,13.48,2.4,0.4800000000000004
ligue1-2025-2026-03-15-strasbourg-v-paris-fc,2026-03-15,2025,Strasbourg,Paris FC,0,0,1,0.5,0.0,395.68643186639076,8,7,999,0,1.0,0,999,0,1.0,0,0,0,1574.2991160934923,1469.5997689743185,104.69934711917381,0.5630955818654346,0.24545192030031765,0.19145249783424775,1,1.0,3.0,1.0,7.0,6.0,1.2,1.4193548387096775,1.4408602150537635,1.3440860215053763,1.4,1.2,1.7826086956521738,1.0638297872340425,1.6521739130434783,1.1304347826086956,1.2340425531914894,1.553191489361702,0.24731182795698925,0.1935483870967742,-0.21935483870967754,11.2,11.52,4.48,11.36,2.36,-0.3200000000000003,1.0,3.0,1.0,3.0,7.0,1.2,1.08,1.16,1.64,0.6,1.4,1.0833333333333333,1.0769230769230769,1.25,1.8333333333333333,1.0769230769230769,1.4615384615384615,0.24,0.28,0.11999999999999988,11.4,12.32,3.64,11.08,2.4,-0.9199999999999999
ligue1-2025-2026-03-15-metz-v-toulouse,2026-03-15,2025,Metz,Toulouse,3,4,0,0.0,0.0,713.4752312441526,7,8,999,0,1.0,0,999,0,1.0,0,0,0,1336.1195120076043,1500.7676412969445,-164.6481292893402,0.2365322868355333,0.2782732786300392,0.48519443453442734,1,0.0,1.0,4.0,1.0,10.0,0.2,0.711864406779661,0.9661016949152542,1.9322033898305084,0.2,2.0,0.7241379310344828,0.7,0.9310344827586207,1.5862068965517242,1.0,2.2666666666666666,0.1694915254237288,0.3728813559322034,-0.5118644067796609,9.24,15.0,2.92,11.52,2.0,-5.76,0.0,1.0,4.0,2.0,6.0,0.2,1.2473118279569892,1.2795698924731183,1.2688172043010753,0.4,1.2,1.127659574468085,1.3695652173913044,1.297872340425532,1.3617021276595744,1.2608695652173914,1.173913043478261,0.25806451612903225,0.2903225806451613,-1.0473118279569893,13.04,10.84,4.48,14.36,2.4,2.1999999999999993
ligue1-2025-2026-03-20-lens-v-angers,2026-03-20,2025,Lens,Angers,5,1,2,1.0,0.0,410.81850335191115,6,6,999,0,1.0,0,999,0,1.0,0,0,0,1637.4928333426462,1431.297501344058,206.19533199858824,0.7784431137724551,0.14371257485029942,0.07784431137724551,1,2.0,1.0,2.0,12.0,6.0,1.4,1.6914893617021276,1.446808510638298,1.053191489361702,2.4,1.2,1.851063829787234,1.5319148936170213,1.5319148936170213,1.0212765957446808,1.3617021276595744,1.0851063829787233,0.39361702127659576,0.22340425531914893,-0.2914893617021277,15.153846153846153,11.076923076923077,5.230769230769231,13.346153846153847,2.269230769230769,4.076923076923077,1.0,0.0,4.0,1.0,7.0,0.6,1.1333333333333333,0.9166666666666666,1.4166666666666667,0.2,1.4,1.2333333333333334,1.0333333333333334,1.1333333333333333,1.6,0.7,1.2333333333333334,0.26666666666666666,0.4,-0.5333333333333333,9.423076923076923,13.576923076923077,3.3461538461538463,11.26923076923077,1.5384615384615385,-4.153846153846153
ligue1-2025-2026-03-21-toulouse-v-lorient,2026-03-21,2025,Toulouse,Lorient,1,0,2,0.7,0.0,594.4066721144292,6,7,999,0,1.0,0,999,0,1.0,0,0,0,1508.9280998014947,1498.382571672802,10.545528128692695,0.5105415460934271,0.29061595700702775,0.19884249689954528,1,1.0,1.0,3.0,6.0,8.0,0.8,1.2659574468085106,1.3085106382978724,1.2872340425531914,1.2,1.6,1.127659574468085,1.4042553191489362,1.297872340425532,1.3617021276595744,1.3191489361702127,1.2127659574468086,0.2553191489361702,0.2872340425531915,-0.4659574468085106,13.26923076923077,11.076923076923077,4.538461538461538,14.307692307692308,2.423076923076923,2.1923076923076934,2.0,3.0,0.0,10.0,7.0,1.8,1.1,1.3333333333333333,1.7666666666666666,2.0,1.4,1.4,0.8,1.7333333333333334,1.6333333333333333,0.9333333333333333,1.9,0.15,0.35,0.7,11.576923076923077,10.846153846153847,3.8846153846153846,9.73076923076923,1.7692307692307692,0.73076923076923
ligue1-2025-2026-03-21-auxerre-v-brest,2026-03-21,2025,Auxerre,Brest,3,0,2,0.7,0.0,602.6256194989534,8,7,999,0,1.0,0,999,0,1.0,0,0,0,1434.5563829358273,1538.4858656293577,-103.92948269353042,0.4221789883268483,0.3064202334630351,0.27140077821011677,1,1.0,2.0,2.0,5.0,7.0,1.0,1.0166666666666666,1.1166666666666667,1.45,1.0,1.4,1.3,0.7333333333333333,1.1333333333333333,1.0666666666666667,1.1,1.8333333333333333,0.26666666666666666,0.36666666666666664,-0.016666666666666607,10.653846153846153,12.23076923076923,3.1923076923076925,13.461538461538462,2.6538461538461537,-1.5769230769230766,3.0,1.0,1.0,6.0,3.0,2.0,1.5638297872340425,1.4787234042553192,1.372340425531915,1.2,0.6,1.872340425531915,1.2553191489361701,1.6170212765957446,1.0212765957446808,1.3404255319148937,1.7234042553191489,0.3617021276595745,0.2553191489361702,0.43617021276595747,11.538461538461538,13.346153846153847,3.6538461538461537,13.23076923076923,2.0384615384615383,-1.8076923076923084
ligue1-2025-2026-03-21-nice-v-paris-sg,2026-03-21,2025,Nice,Paris SG,0,4,0,0.4166666666666667,0.0,688.7622533510902,7,15,999,0,1.0,0,999,0,1.0,0,0,0,1494.4225581578996,1774.011014927559,-279.5884567696594,0.14530005310674457,0.19883165161975572,0.6558682952734998,1,1.0,1.0,3.0,5.0,10.0,0.8,1.5106382978723405,1.4680851063829787,1.2553191489361701,1.0,2.0,1.8085106382978724,1.2127659574468086,1.6170212765957446,1.0,1.3191489361702127,1.5106382978723405,0.30851063829787234,0.22340425531914893,-0.7106382978723405,11.615384615384615,14.961538461538462,4.1923076923076925,12.5,2.423076923076923,-3.3461538461538467,3.0,0.0,2.0,11.0,6.0,1.8,2.3333333333333335,2.4408602150537635,0.967741935483871,2.2,1.2,2.347826086956522,2.3191489361702127,2.5652173913043477,0.9782608695652174,2.3191489361702127,0.9574468085106383,0.34408602150537637,0.06451612903225806,-0.5333333333333334,17.92,8.64,6.84,10.12,1.0,9.280000000000001
ligue1-2025-2026-03-22-lyon-v-monaco,2026-03-22,2025,Lyon,Monaco,1,2,0,0.5,0.0,297.1280574136071,7,8,999,0,1.0,0,999,0,1.0,0,0,0,1611.2588822373393,1608.0405948757173,3.2182873616220604,0.35935014998087494,0.2700259698427717,0.3706238801763534,1,1.0,2.0,2.0,6.0,7.0,1.0,1.6702127659574468,1.6382978723404256,1.3617021276595744,1.2,1.4,1.9130434782608696,1.4375,1.7826086956521738,1.2608695652173914,1.5,1.4583333333333333,0.35106382978723405,0.1702127659574468,-0.6702127659574468,12.0,11.5,4.615384615384615,13.576923076923077,2.423076923076923,0.5,5.0,0.0,0.0,13.0,4.0,3.0,1.8191489361702127,1.872340425531915,1.2765957446808511,2.6,0.8,2.0833333333333335,1.5434782608695652,2.0208333333333335,1.0208333333333333,1.7173913043478262,1.5434782608695652,0.3191489361702128,0.1702127659574468,1.1808510638297873,12.038461538461538,13.307692307692308,4.269230769230769,12.846153846153847,2.6923076923076925,-1.26923076923077
ligue1-2025-2026-03-22-marseille-v-lille,2026-03-22,2025,Marseille,Lille,1,2,0,0.25,0.0,834.3217055250366,9,7,999,0,1.0,0,999,0,1.0,0,0,0,1641.4203237777065,1590.9147111615878,50.5056126161187,0.5112910097997443,0.25223689816787387,0.23647209203238176,1,3.0,1.0,1.0,7.0,6.0,2.0,1.7446808510638299,1.9042553191489362,1.2872340425531914,1.4,1.2,2.127659574468085,1.3617021276595744,2.234042553191489,1.0851063829787233,1.574468085106383,1.4893617021276595,0.2127659574468085,0.23404255319148937,0.25531914893617014,14.307692307692308,10.26923076923077,5.538461538461538,12.884615384615385,2.6153846153846154,4.038461538461538,3.0,2.0,0.0,6.0,3.0,2.2,1.7340425531914894,1.5319148936170213,1.0957446808510638,1.2,0.6,2.0851063829787235,1.3829787234042554,1.8085106382978724,0.9787234042553191,1.2553191489361701,1.2127659574468086,0.3617021276595745,0.18085106382978725,0.4659574468085108,14.038461538461538,9.76923076923077,4.461538461538462,11.384615384615385,2.6923076923076925,4.269230769230768
ligue1-2025-2026-03-22-paris-fc-v-le-havre,2026-03-22,2025,Paris FC,Le Havre,3,2,2,0.75,0.0,180.42977347740987,7,7,999,0,1.0,0,999,0,1.0,0,0,0,1474.8927679597327,1417.1938572508407,57.69891070889207,0.4454368932038835,0.301747572815534,0.2528155339805825,1,1.0,3.0,1.0,3.0,7.0,1.2,1.0769230769230769,1.1153846153846154,1.5769230769230769,0.6,1.4,1.0833333333333333,1.0714285714285714,1.25,1.8333333333333333,1.0,1.3571428571428572,0.2692307692307692,0.3076923076923077,0.12307692307692308,11.384615384615385,12.307692307692308,3.576923076923077,11.307692307692308,2.3076923076923075,-0.9230769230769234,1.0,1.0,3.0,2.0,6.0,0.8,0.9893617021276596,1.0,1.574468085106383,0.4,1.2,1.0833333333333333,0.8913043478260869,1.0,1.5,1.0,1.6521739130434783,0.19148936170212766,0.40425531914893614,-0.18936170212765957,10.884615384615385,12.884615384615385,3.3846153846153846,13.26923076923077,2.0,-2.0
ligue1-2025-2026-03-22-rennes-v-metz,2026-03-22,2025,Rennes,Metz,0,0,1,0.875,0.0,584.7711336428284,7,7,999,0,1.0,0,999,0,1.0,0,0,0,1577.5011017452043,1327.959053503054,249.54204824215026,0.7337139019476159,0.1658831430490262,0.10040295500335795,1,4.0,0.0,1.0,12.0,3.0,2.4,1.3829787234042554,1.5638297872340425,1.4148936170212767,2.4,0.6,1.6382978723404256,1.127659574468085,1.7659574468085106,1.2127659574468086,1.3617021276595744,1.6170212765957446,0.2765957446808511,0.2127659574468085,1.0170212765957445,13.038461538461538,13.423076923076923,4.5,12.461538461538462,2.0384615384615383,-0.384615384615385,0.0,0.0,5.0,4.0,14.0,0.0,0.7,1.0,1.9666666666666666,0.8,2.8,0.7,0.7,1.0,1.6666666666666667,1.0,2.2666666666666666,0.16666666666666666,0.36666666666666664,-0.7,9.538461538461538,15.153846153846153,3.1153846153846154,11.461538461538462,1.9230769230769231,-5.615384615384615
ligue1-2025-2026-03-22-nantes-v-strasbourg,2026-03-22,2025,Nantes,Strasbourg,2,3,0,0.16666666666666666,0.0,706.2569780971394,15,7,999,0,1.0,0,999,0,1.0,0,0,0,1364.0944189482645,1569.0061171080781,-204.91169815981357,0.27055702917771884,0.2785145888594165,0.4509283819628648,1,1.0,0.0,4.0,3.0,6.0,0.6,0.9247311827956989,0.978494623655914,1.6021505376344085,0.6,1.2,0.8723404255319149,0.9782608695652174,1.0212765957446808,1.5106382978723405,0.9347826086956522,1.6956521739130435,0.1935483870967742,0.34408602150537637,-0.3247311827956989,10.32,13.84,2.76,12.68,2.12,-3.5199999999999996,1.0,4.0,0.0,6.0,4.0,1.4,1.4148936170212767,1.425531914893617,1.3297872340425532,1.2,0.8,1.7659574468085106,1.0638297872340425,1.6170212765957446,1.1063829787234043,1.2340425531914894,1.553191489361702,0.2553191489361702,0.20212765957446807,-0.014893617021276784,11.23076923076923,11.5,4.423076923076923,11.346153846153847,2.3076923076923075,-0.26923076923077005
ligue1-2025-2026-04-03-paris-sg-v-toulouse,2026-04-03,2025,Paris SG,Toulouse,3,1,2,0.75,0.0,588.0392604779165,13,13,999,0,1.0,0,999,0,1.0,0,0,0,1784.5049817086995,1515.8495361572543,268.65544555144515,0.7296439901304195,0.16496298907296442,0.10539302079661615,1,3.0,0.0,2.0,10.0,6.0,1.8,2.3404255319148937,2.4574468085106385,0.9574468085106383,2.0,1.2,2.347826086956522,2.3333333333333335,2.5652173913043477,0.9782608695652174,2.3541666666666665,0.9375,0.35106382978723405,0.06382978723404255,-0.5404255319148936,17.884615384615383,8.538461538461538,6.961538461538462,9.923076923076923,1.0,9.346153846153845,2.0,1.0,2.0,6.0,6.0,1.4,1.2842105263157895,1.305263157894737,1.2736842105263158,1.2,1.2,1.1666666666666667,1.4042553191489362,1.2916666666666667,1.3333333333333333,1.3191489361702127,1.2127659574468086,0.2631578947368421,0.28421052631578947,0.11578947368421044,13.222222222222221,10.925925925925926,4.518518518518518,14.11111111111111,2.4074074074074074,2.296296296296296
ligue1-2025-2026-04-04-brest-v-rennes,2026-04-04,2025,Brest,Rennes,3,4,0,0.5,0.0,212.8355943201449,14,13,999,0,1.0,0,999,0,1.0,0,0,0,1520.9694716464267,1569.8598149567022,-48.89034331027551,0.288135593220339,0.2796610169491525,0.43220338983050843,1,3.0,0.0,2.0,5.0,5.0,1.8,1.5473684210526315,1.4631578947368422,1.3894736842105264,1.0,1.0,1.872340425531915,1.2291666666666667,1.6170212765957446,1.0212765957446808,1.3125,1.75,0.35789473684210527,0.2631578947368421,0.25263157894736854,11.444444444444445,13.25925925925926,3.5925925925925926,13.25925925925926,2.111111111111111,-1.8148148148148149,3.0,1.0,1.0,9.0,2.0,2.0,1.3789473684210527,1.5473684210526315,1.4,1.8,0.4,1.625,1.127659574468085,1.7291666666666667,1.1875,1.3617021276595744,1.6170212765957446,0.28421052631578947,0.22105263157894736,0.6210526315789473,13.481481481481481,13.185185185185185,4.62962962962963,12.481481481481481,2.0,0.29629629629629584
ligue1-2025-2026-04-04-strasbourg-v-nice,2026-04-04,2025,Strasbourg,Nice,3,1,2,0.3333333333333333,0.0,541.383374978608,13,14,999,0,1.0,0,999,0,1.0,0,0,0,1576.0750632748304,1483.9285913767592,92.14647189807124,0.4953764861294584,0.2523117569352708,0.2523117569352708,1,2.0,3.0,0.0,7.0,4.0,1.8,1.431578947368421,1.4421052631578948,1.3368421052631578,1.4,0.8,1.7659574468085106,1.1041666666666667,1.6170212765957446,1.1063829787234043,1.2708333333333333,1.5625,0.25263157894736843,0.2,0.368421052631579,11.296296296296296,11.592592592592593,4.592592592592593,11.555555555555555,2.3333333333333335,-0.2962962962962976,1.0,1.0,3.0,5.0,12.0,0.8,1.4947368421052631,1.4526315789473685,1.2842105263157895,1.0,2.4,1.7708333333333333,1.2127659574468086,1.5833333333333333,1.0625,1.3191489361702127,1.5106382978723405,0.30526315789473685,0.23157894736842105,-0.6947368421052631,11.407407407407407,15.037037037037036,4.074074074074074,12.481481481481481,2.4074074074074074,-3.6296296296296298
ligue1-2025-2026-04-04-lille-v-lens,2026-04-04,2025,Lille,Lens,3,0,2,0.75,0.0,29.920230271899374,13,15,999,0,1.0,0,999,0,1.0,0,0,0,1604.9945488217456,1643.351423538805,-38.35687471705933,0.32666132906325057,0.2786228983186549,0.39471577261809443,1,4.0,1.0,0.0,7.0,3.0,2.6,1.7473684210526317,1.5368421052631578,1.0947368421052632,1.4,0.6,2.0851063829787235,1.4166666666666667,1.8085106382978724,0.9787234042553191,1.2708333333333333,1.2083333333333333,0.35789473684210527,0.17894736842105263,0.8526315789473684,13.925925925925926,9.925925925925926,4.444444444444445,11.185185185185185,2.7037037037037037,4.0,2.0,1.0,2.0,12.0,7.0,1.4,1.7052631578947368,1.4842105263157894,1.0526315789473684,2.4,1.4,1.875,1.5319148936170213,1.6041666666666667,1.0208333333333333,1.3617021276595744,1.0851063829787233,0.3894736842105263,0.22105263157894736,-0.3052631578947369,15.555555555555555,11.25925925925926,5.37037037037037,13.11111111111111,2.185185185185185,4.296296296296296
ligue1-2025-2026-04-05-angers-v-lyon,2026-04-05,2025,Angers,Lyon,0,0,1,0.125,0.0,461.06850790020417,16,14,999,0,1.0,0,999,0,1.0,0,0,0,1425.4389111478993,1598.372444755792,-172.93353360789274,0.17876458867065187,0.22345573583831485,0.5977796754910334,1,1.0,0.0,4.0,2.0,10.0,0.6,1.1147540983606556,0.9180327868852459,1.4754098360655739,0.4,2.0,1.2333333333333334,1.0,1.1333333333333333,1.6,0.7096774193548387,1.3548387096774193,0.26229508196721313,0.39344262295081966,-0.5147540983606557,9.666666666666666,14.037037037037036,3.4074074074074074,11.037037037037036,1.4814814814814814,-4.37037037037037,0.0,2.0,3.0,5.0,9.0,0.4,1.6526315789473685,1.631578947368421,1.368421052631579,1.0,1.8,1.872340425531915,1.4375,1.7659574468085106,1.2765957446808511,1.5,1.4583333333333333,0.3473684210526316,0.16842105263157894,-1.2526315789473683,12.11111111111111,11.851851851851851,4.592592592592593,13.481481481481481,2.4444444444444446,0.2592592592592595
ligue1-2025-2026-04-05-le-havre-v-auxerre,2026-04-05,2025,Le Havre,Auxerre,1,1,1,0.875,0.0,317.541084685558,14,15,999,0,1.0,0,999,0,1.0,0,0,0,1411.4448029702653,1452.0727769187583,-40.627973948493036,0.38902743142144636,0.31770573566084787,0.2932668329177058,1,0.0,1.0,4.0,2.0,8.0,0.2,0.9789473684210527,1.0105263157894737,1.5894736842105264,0.4,1.6,1.0833333333333333,0.8723404255319149,1.0,1.5,1.0212765957446808,1.6808510638297873,0.18947368421052632,0.4,-0.7789473684210526,11.222222222222221,12.962962962962964,3.4814814814814814,13.25925925925926,1.962962962962963,-1.7407407407407423,1.0,2.0,2.0,5.0,6.0,1.0,1.0491803278688525,1.1475409836065573,1.4262295081967213,1.0,1.2,1.3548387096774193,0.7333333333333333,1.1935483870967742,1.032258064516129,1.1,1.8333333333333333,0.2786885245901639,0.36065573770491804,-0.049180327868852514,10.666666666666666,12.11111111111111,3.3333333333333335,13.333333333333334,2.6296296296296298,-1.4444444444444446
ligue1-2025-2026-04-05-lorient-v-paris-fc,2026-04-05,2025,Lorient,Paris FC,1,1,1,0.25,0.0,441.91578998384784,15,14,999,0,1.0,0,999,0,1.0,0,0,0,1491.4611353170424,1480.641822240308,10.819313076734261,0.39768618944323936,0.28681610026512416,0.31549771029163654,1,1.0,3.0,1.0,8.0,8.0,1.2,1.0819672131147542,1.3114754098360655,1.7540983606557377,1.6,1.6,1.4,0.7741935483870968,1.7333333333333334,1.6333333333333333,0.9032258064516129,1.8709677419354838,0.14754098360655737,0.36065573770491804,0.11803278688524577,11.407407407407407,10.88888888888889,3.814814814814815,9.74074074074074,1.8148148148148149,0.5185185185185173,2.0,3.0,0.0,6.0,4.0,1.8,1.1481481481481481,1.1851851851851851,1.5925925925925926,1.2,0.8,1.2307692307692308,1.0714285714285714,1.3846153846153846,1.8461538461538463,1.0,1.3571428571428572,0.25925925925925924,0.2962962962962963,0.6518518518518519,11.518518518518519,12.592592592592593,3.5925925925925926,11.222222222222221,2.2962962962962963,-1.0740740740740744
ligue1-2025-2026-04-05-metz-v-nantes,2026-04-05,2025,Metz,Nantes,0,0,1,0.875,0.0,606.1398722175958,14,14,999,0,1.0,0,999,0,1.0,0,0,0,1335.6003402915562,1357.0254727815122,-21.425132489956013,0.3422818791946309,0.28187919463087246,0.37583892617449666,1,0.0,1.0,4.0,3.0,11.0,0.2,0.7049180327868853,0.9836065573770492,1.9344262295081966,0.6,2.2,0.7,0.7096774193548387,1.0,1.6666666666666667,0.967741935483871,2.193548387096774,0.18032786885245902,0.3770491803278688,-0.5049180327868852,9.444444444444445,15.518518518518519,3.074074074074074,11.518518518518519,1.962962962962963,-6.074074074074074,1.0,0.0,4.0,5.0,8.0,0.6,0.9148936170212766,0.9893617021276596,1.6170212765957446,1.0,1.6,0.8541666666666666,0.9782608695652174,1.0416666666666667,1.5416666666666667,0.9347826086956522,1.6956521739130435,0.19148936170212766,0.3404255319148936,-0.3148936170212766,10.461538461538462,13.807692307692308,3.0,12.76923076923077,2.1538461538461537,-3.3461538461538467
ligue1-2025-2026-04-05-monaco-v-marseille,2026-04-05,2025,Monaco,Marseille,2,1,2,0.6428571428571429,0.0,170.65760939507788,14,14,999,0,1.0,0,999,0,1.0,0,0,0,1620.9270323572646,1627.3404861175486,-6.413453760284028,0.45172802404207363,0.2563861758076634,0.291885800150263,1,5.0,0.0,0.0,12.0,4.0,3.0,1.831578947368421,1.8736842105263158,1.2736842105263158,2.4,0.8,2.0833333333333335,1.574468085106383,2.0208333333333335,1.0208333333333333,1.7234042553191489,1.5319148936170213,0.3157894736842105,0.16842105263157894,1.168421052631579,12.37037037037037,13.37037037037037,4.37037037037037,13.074074074074074,2.7037037037037037,-1.0,3.0,0.0,2.0,6.0,6.0,1.8,1.7263157894736842,1.894736842105263,1.2947368421052632,1.2,1.2,2.0833333333333335,1.3617021276595744,2.2083333333333335,1.1041666666666667,1.574468085106383,1.4893617021276595,0.21052631578947367,0.23157894736842105,0.0736842105263158,14.296296296296296,10.296296296296296,5.444444444444445,12.703703703703704,2.5555555555555554,4.0
ligue1-2025-2026-04-10-paris-fc-v-monaco,2026-04-10,2025,Paris FC,Monaco,4,1,2,1.0,0.0,687.4017240225635,5,5,999,0,1.0,0,999,0,1.0,0,0,0,1483.7275174703987,1628.2967054732417,-144.56918800284302,0.24982124483353968,0.25315219476465356,0.49702656040180676,1,2.0,3.0,0.0,6.0,4.0,1.8,1.1428571428571428,1.1785714285714286,1.5714285714285714,1.2,0.8,1.2307692307692308,1.0666666666666667,1.3846153846153846,1.8461538461538463,1.0,1.3333333333333333,0.25,0.2857142857142857,0.6571428571428573,11.357142857142858,12.5,3.642857142857143,11.035714285714286,2.2857142857142856,-1.1428571428571423,5.0,0.0,0.0,11.0,3.0,3.0,1.84375,1.875,1.2708333333333333,2.2,0.6,2.1020408163265305,1.574468085106383,2.020408163265306,1.0204081632653061,1.7234042553191489,1.5319148936170213,0.3125,0.16666666666666666,1.15625,12.178571428571429,13.571428571428571,4.321428571428571,13.107142857142858,2.6785714285714284,-1.3928571428571423
ligue1-2025-2026-04-10-marseille-v-metz,2026-04-10,2025,Marseille,Metz,3,1,2,0.75,0.0,651.9782095988006,5,5,999,0,1.0,0,999,0,1.0,0,0,0,1619.9708130015715,1333.376558292599,286.5942547089726,0.7553516819571866,0.1452599388379205,0.09938837920489296,1,3.0,0.0,2.0,7.0,6.0,1.8,1.7083333333333333,1.8854166666666667,1.3020833333333333,1.4,1.2,2.0833333333333335,1.3333333333333333,2.2083333333333335,1.1041666666666667,1.5625,1.5,0.20833333333333334,0.22916666666666666,0.09166666666666679,14.464285714285714,10.178571428571429,5.571428571428571,12.571428571428571,2.5357142857142856,4.285714285714285,0.0,2.0,3.0,3.0,8.0,0.4,0.7096774193548387,0.967741935483871,1.903225806451613,0.6,1.6,0.7096774193548387,0.7096774193548387,0.967741935483871,1.6129032258064515,0.967741935483871,2.193548387096774,0.1935483870967742,0.3870967741935484,-0.3096774193548387,9.785714285714286,15.178571428571429,3.142857142857143,11.607142857142858,1.9642857142857142,-5.392857142857142
ligue1-2025-2026-04-11-rennes-v-angers,2026-04-11,2025,Rennes,Angers,2,1,2,0.9,0.0,109.88434816339439,7,6,999,0,1.0,0,999,0,1.0,0,0,0,1581.3203489739087,1427.507806419461,153.81254255444765,0.6914119359534208,0.19796215429403205,0.11062590975254732,1,3.0,1.0,1.0,10.0,5.0,2.0,1.3958333333333333,1.5729166666666667,1.4166666666666667,2.0,1.0,1.625,1.1666666666666667,1.7291666666666667,1.1875,1.4166666666666667,1.6458333333333333,0.28125,0.21875,0.6041666666666667,13.535714285714286,13.071428571428571,4.714285714285714,12.428571428571429,2.0714285714285716,0.4642857142857153,1.0,1.0,3.0,2.0,9.0,0.8,1.1129032258064515,0.9032258064516129,1.4516129032258065,0.4,1.8,1.2258064516129032,1.0,1.096774193548387,1.5483870967741935,0.7096774193548387,1.3548387096774193,0.27419354838709675,0.4032258064516129,-0.31290322580645147,9.571428571428571,13.928571428571429,3.3214285714285716,11.142857142857142,1.5357142857142858,-4.357142857142858
ligue1-2025-2026-04-11-auxerre-v-nantes,2026-04-11,2025,Auxerre,Nantes,0,0,1,0.25,0.0,388.13126040606693,6,6,999,0,1.0,0,999,0,1.0,0,0,0,1453.765199044907,1359.2492547804695,94.5159442644374,0.4959022086400889,0.2785803583831088,0.22551743297680232,1,1.0,3.0,1.0,6.0,4.0,1.2,1.0483870967741935,1.1451612903225807,1.4193548387096775,1.2,0.8,1.3548387096774193,0.7419354838709677,1.1935483870967742,1.032258064516129,1.096774193548387,1.8064516129032258,0.27419354838709675,0.3548387096774194,0.15161290322580645,10.714285714285714,12.035714285714286,3.2857142857142856,13.607142857142858,2.607142857142857,-1.321428571428573,1.0,1.0,3.0,4.0,5.0,0.8,0.9157894736842105,0.9789473684210527,1.6,0.8,1.0,0.8541666666666666,0.9787234042553191,1.0416666666666667,1.5416666666666667,0.9148936170212766,1.6595744680851063,0.2,0.3473684210526316,-0.11578947368421044,10.296296296296296,14.0,2.962962962962963,12.666666666666666,2.185185185185185,-3.703703703703704
ligue1-2025-2026-04-12-nice-v-le-havre,2026-04-12,2025,Nice,Le Havre,1,1,1,0.5833333333333334,0.0,844.0993952448574,8,7,999,0,1.0,0,999,0,1.0,0,0,0,1476.8970742608396,1409.7523808441167,67.14469341672293,0.5071721311475409,0.28432377049180324,0.2085040983606557,1,1.0,0.0,4.0,3.0,12.0,0.6,1.4791666666666667,1.4479166666666667,1.3020833333333333,0.6,2.4,1.7708333333333333,1.1875,1.5833333333333333,1.0625,1.3125,1.5416666666666667,0.3020833333333333,0.22916666666666666,-0.8791666666666668,11.285714285714286,15.071428571428571,4.035714285714286,12.571428571428571,2.392857142857143,-3.7857142857142847,0.0,2.0,3.0,3.0,7.0,0.4,0.9791666666666666,1.0104166666666667,1.5833333333333333,0.6,1.4,1.0816326530612246,0.8723404255319149,1.0,1.489795918367347,1.0212765957446808,1.6808510638297873,0.1875,0.3958333333333333,-0.5791666666666666,11.178571428571429,12.928571428571429,3.4642857142857144,13.357142857142858,1.9642857142857142,-1.75
ligue1-2025-2026-04-12-toulouse-v-lille,2026-04-12,2025,Toulouse,Lille,0,4,0,0.21428571428571427,0.0,792.0037973750112,9,8,999,0,1.0,0,999,0,1.0,0,0,0,1512.8241826737838,1619.273842014523,-106.44965934073934,0.27982899339292655,0.29731830547998445,0.42285270112708895,1,2.0,0.0,3.0,6.0,8.0,1.2,1.2708333333333333,1.3020833333333333,1.2916666666666667,1.2,1.6,1.1666666666666667,1.375,1.2916666666666667,1.3333333333333333,1.3125,1.25,0.2604166666666667,0.28125,-0.0708333333333333,12.928571428571429,11.142857142857142,4.392857142857143,14.071428571428571,2.357142857142857,1.7857142857142865,4.0,1.0,0.0,9.0,3.0,2.6,1.7604166666666667,1.5520833333333333,1.0833333333333333,1.8,0.6,2.1041666666666665,1.4166666666666667,1.8333333333333333,0.9583333333333334,1.2708333333333333,1.2083333333333333,0.3645833333333333,0.17708333333333334,0.8395833333333333,13.892857142857142,9.75,4.535714285714286,11.107142857142858,2.7142857142857144,4.142857142857142
ligue1-2025-2026-04-12-lyon-v-lorient,2026-04-12,2025,Lyon,Lorient,2,0,2,0.625,0.0,672.5620790199815,7,7,999,0,1.0,0,999,0,1.0,0,0,0,1596.3035494842302,1488.3754400869518,107.92810939727838,0.5738880918220947,0.23672883787661403,0.18938307030129126,1,0.0,3.0,2.0,4.0,6.0,0.6,1.6458333333333333,1.6145833333333333,1.3541666666666667,0.8,1.2,1.872340425531915,1.4285714285714286,1.7659574468085106,1.2765957446808511,1.469387755102041,1.4285714285714286,0.3541666666666667,0.17708333333333334,-1.0458333333333334,12.071428571428571,11.678571428571429,4.5,13.464285714285714,2.357142857142857,0.39285714285714235,1.0,3.0,1.0,6.0,6.0,1.2,1.0806451612903225,1.3064516129032258,1.7419354838709677,1.2,1.2,1.3870967741935485,0.7741935483870968,1.7096774193548387,1.6129032258064515,0.9032258064516129,1.8709677419354838,0.14516129032258066,0.3548387096774194,0.11935483870967745,11.357142857142858,10.75,3.7857142857142856,9.678571428571429,1.7857142857142858,0.6071428571428577
ligue1-2025-2026-04-17-lens-v-toulouse,2026-04-17,2025,Lens,Toulouse,3,2,2,0.75,0.0,768.8008670304964,13,5,999,0,1.0,0,999,0,1.0,0,0,0,1629.0721303460275,1493.1954122682284,135.87671807779907,0.6386964914272737,0.2100601794027478,0.15124332916997843,1,2.0,1.0,2.0,10.0,7.0,1.4,1.6875,1.46875,1.0729166666666667,2.0,1.4,1.875,1.5,1.6041666666666667,1.0208333333333333,1.3333333333333333,1.125,0.3854166666666667,0.22916666666666666,-0.2875000000000001,15.178571428571429,11.321428571428571,5.214285714285714,13.107142857142858,2.1785714285714284,3.8571428571428577,2.0,0.0,3.0,6.0,11.0,1.2,1.2577319587628866,1.288659793814433,1.3195876288659794,1.2,2.2,1.1428571428571428,1.375,1.2653061224489797,1.3877551020408163,1.3125,1.25,0.25773195876288657,0.28865979381443296,-0.057731958762886615,12.793103448275861,11.275862068965518,4.275862068965517,14.03448275862069,2.413793103448276,1.5172413793103434
ligue1-2025-2026-04-18-lille-v-nice,2026-04-18,2025,Lille,Nice,0,0,1,0.42857142857142855,0.0,829.1226524257995,6,6,999,0,1.0,0,999,0,1.0,0,0,0,1638.9026124200784,1472.4259841731107,166.47662824696772,0.6342525399129173,0.20029027576197386,0.16545718432510886,1,4.0,1.0,0.0,12.0,3.0,2.6,1.7731958762886597,1.577319587628866,1.0721649484536082,2.4,0.6,2.1041666666666665,1.4489795918367347,1.8333333333333333,0.9583333333333334,1.3265306122448979,1.183673469387755,0.3711340206185567,0.17525773195876287,0.8268041237113404,13.931034482758621,9.724137931034482,4.689655172413793,11.137931034482758,2.6206896551724137,4.206896551724139,1.0,1.0,3.0,4.0,12.0,0.8,1.4742268041237114,1.443298969072165,1.2989690721649485,0.8,2.4,1.7551020408163265,1.1875,1.5714285714285714,1.0612244897959184,1.3125,1.5416666666666667,0.29896907216494845,0.2268041237113402,-0.6742268041237114,11.413793103448276,14.931034482758621,4.068965517241379,12.827586206896552,2.3448275862068964,-3.517241379310345
ligue1-2025-2026-04-18-lorient-v-marseille,2026-04-18,2025,Lorient,Marseille,2,0,2,0.25,0.0,844.2772240208271,6,8,999,0,1.0,0,999,0,1.0,0,0,0,1481.8128745674321,1622.7282827951149,-140.91540822768275,0.2004950495049505,0.21163366336633663,0.5878712871287128,1,1.0,2.0,2.0,4.0,6.0,1.0,1.0634920634920635,1.2857142857142858,1.746031746031746,0.8,1.2,1.3870967741935485,0.75,1.7096774193548387,1.6129032258064515,0.875,1.875,0.14285714285714285,0.36507936507936506,-0.06349206349206349,11.379310344827585,10.758620689655173,3.8620689655172415,9.827586206896552,1.7586206896551724,0.6206896551724128,3.0,0.0,2.0,7.0,5.0,1.8,1.7216494845360826,1.8969072164948453,1.2989690721649485,1.4,1.0,2.1020408163265305,1.3333333333333333,2.2244897959183674,1.1020408163265305,1.5625,1.5,0.20618556701030927,0.2268041237113402,0.07835051546391747,14.586206896551724,10.03448275862069,5.689655172413793,12.551724137931034,2.4827586206896552,4.551724137931034
ligue1-2025-2026-04-18-angers-v-le-havre,2026-04-18,2025,Angers,Le Havre,1,1,1,0.5,0.0,230.88187812503108,7,6,999,0,1.0,0,999,0,1.0,0,0,0,1423.7417087949902,1414.2234709318457,9.518237863144577,0.2964905203711174,0.3162565550625252,0.3872529245663574,1,1.0,1.0,3.0,3.0,9.0,0.8,1.0952380952380953,0.9047619047619048,1.4603174603174602,0.6,1.8,1.2258064516129032,0.96875,1.096774193548387,1.5483870967741935,0.71875,1.375,0.2698412698412698,0.3968253968253968,-0.2952380952380953,9.448275862068966,13.96551724137931,3.3448275862068964,11.275862068965518,1.5517241379310345,-4.517241379310343,0.0,3.0,2.0,4.0,7.0,0.6,0.979381443298969,1.0103092783505154,1.577319587628866,0.8,1.4,1.0816326530612246,0.875,1.0,1.489795918367347,1.0208333333333333,1.6666666666666667,0.18556701030927836,0.3917525773195876,-0.37938144329896906,11.172413793103448,13.0,3.5517241379310347,13.379310344827585,1.9310344827586208,-1.8275862068965516
ligue1-2025-2026-04-19-metz-v-paris-fc,2026-04-19,2025,Metz,Paris FC,1,3,0,0.0,0.0,278.18254671421647,9,9,999,0,1.0,0,999,0,1.0,0,0,0,1330.6190884990556,1503.2577998782256,-172.63871137917,0.32315978456014366,0.26032315978456017,0.41651705565529623,1,0.0,2.0,3.0,4.0,10.0,0.4,0.6984126984126984,0.9682539682539683,1.9206349206349207,0.8,2.0,0.7096774193548387,0.6875,0.967741935483871,1.6129032258064515,0.96875,2.21875,0.19047619047619047,0.38095238095238093,-0.29841269841269835,9.655172413793103,15.275862068965518,3.103448275862069,11.482758620689655,1.9655172413793103,-5.620689655172415,2.0,3.0,0.0,9.0,5.0,1.8,1.206896551724138,1.2758620689655173,1.5517241379310345,1.8,1.0,1.3571428571428572,1.0666666666666667,1.5714285714285714,1.7857142857142858,1.0,1.3333333333333333,0.2413793103448276,0.27586206896551724,0.5931034482758621,11.379310344827585,12.724137931034482,3.7241379310344827,10.827586206896552,2.2413793103448274,-1.3448275862068968
ligue1-2025-2026-04-19-paris-sg-v-lyon,2026-04-19,2025,Paris SG,Lyon,1,2,0,0.8333333333333334,0.0,398.9663802706939,16,7,999,0,1.0,0,999,0,1.0,0,0,0,1787.53033519217,1602.8661150037499,184.66422018842013,0.7101928819304333,0.17173755144863206,0.11806956662093454,1,4.0,0.0,1.0,12.0,4.0,2.4,2.3473684210526318,2.463157894736842,0.9578947368421052,2.4,0.8,2.3617021276595747,2.3333333333333335,2.574468085106383,0.9787234042553191,2.3541666666666665,0.9375,0.3473684210526316,0.06315789473684211,0.05263157894736814,17.85185185185185,8.407407407407407,6.962962962962963,9.703703703703704,0.9629629629629629,9.444444444444445,1.0,3.0,1.0,4.0,3.0,1.2,1.6597938144329898,1.6185567010309279,1.3402061855670102,0.8,0.6,1.8958333333333333,1.4285714285714286,1.7708333333333333,1.25,1.469387755102041,1.4285714285714286,0.36082474226804123,0.17525773195876287,-0.45979381443298983,12.03448275862069,11.689655172413794,4.517241379310345,13.586206896551724,2.413793103448276,0.3448275862068968
ligue1-2025-2026-04-19-monaco-v-auxerre,2026-04-19,2025,Monaco,Auxerre,2,2,1,0.875,0.0,541.1160891482517,9,8,999,0,1.0,0,999,0,1.0,0,0,0,1608.7664230654148,1448.6864494923311,160.07997357308363,0.5848930481283423,0.22560160427807488,0.18950534759358292,1,4.0,0.0,1.0,10.0,7.0,2.4,1.824742268041237,1.865979381443299,1.2989690721649485,2.0,1.4,2.1020408163265305,1.5416666666666667,2.020408163265306,1.0204081632653061,1.7083333333333333,1.5833333333333333,0.30927835051546393,0.16494845360824742,0.5752577319587628,12.413793103448276,13.517241379310345,4.344827586206897,12.862068965517242,2.586206896551724,-1.1034482758620694,1.0,3.0,1.0,4.0,2.0,1.2,1.0476190476190477,1.126984126984127,1.3968253968253967,0.8,0.4,1.34375,0.7419354838709677,1.15625,1.0,1.096774193548387,1.8064516129032258,0.2857142857142857,0.36507936507936506,0.15238095238095228,10.517241379310345,12.068965517241379,3.1724137931034484,13.827586206896552,2.5172413793103448,-1.5517241379310338
ligue1-2025-2026-04-19-nantes-v-brest,2026-04-19,2025,Nantes,Brest,1,1,1,0.25,0.0,254.4724542753612,8,15,999,0,1.0,0,999,0,1.0,0,0,0,1364.3280043330453,1509.50893762922,-145.18093329617477,0.4048278591214879,0.2882865057380293,0.3068856351404828,1,0.0,2.0,3.0,2.0,5.0,0.4,0.9166666666666666,0.96875,1.5833333333333333,0.4,1.0,0.8541666666666666,0.9791666666666666,1.0416666666666667,1.5416666666666667,0.8958333333333334,1.625,0.20833333333333334,0.3541666666666667,-0.5166666666666666,10.392857142857142,13.678571428571429,3.0,12.75,2.25,-3.2857142857142865,2.0,0.0,3.0,6.0,9.0,1.2,1.53125,1.4791666666666667,1.4166666666666667,1.2,1.8,1.8333333333333333,1.2291666666666667,1.6458333333333333,1.0833333333333333,1.3125,1.75,0.3541666666666667,0.2604166666666667,-0.33125000000000004,11.392857142857142,13.321428571428571,3.607142857142857,13.25,2.107142857142857,-1.9285714285714288
ligue1-2025-2026-04-19-strasbourg-v-rennes,2026-04-19,2025,Strasbourg,Rennes,0,3,0,0.4166666666666667,0.0,696.097186019301,15,8,999,0,1.0,0,999,0,1.0,0,0,0,1583.10658039075,1585.0864465983796,-1.979866207629584,0.24418604651162792,0.22674418604651161,0.5290697674418605,1,2.0,3.0,0.0,7.0,4.0,1.8,1.4479166666666667,1.4583333333333333,1.3333333333333333,1.4,0.8,1.7916666666666667,1.1041666666666667,1.6458333333333333,1.1041666666666667,1.2708333333333333,1.5625,0.25,0.19791666666666666,0.3520833333333333,11.464285714285714,11.464285714285714,4.642857142857143,11.392857142857142,2.25,0.0,3.0,1.0,1.0,11.0,6.0,2.0,1.4123711340206186,1.577319587628866,1.4123711340206186,2.2,1.2,1.653061224489796,1.1666666666666667,1.7346938775510203,1.183673469387755,1.4166666666666667,1.6458333333333333,0.27835051546391754,0.21649484536082475,0.5876288659793814,13.586206896551724,12.827586206896552,4.793103448275862,12.310344827586206,2.0,0.7586206896551726
ligue1-2025-2026-04-22-paris-sg-v-nantes,2026-04-22,2025,Paris SG,Nantes,3,0,2,0.8333333333333334,0.0,331.4965700309614,3,3,999,0,1.0,0,999,0,1.0,0,0,0,1770.7832875663598,1365.6211350789924,405.1621524873674,0.8168266285480907,0.11946089442515825,0.06371247702675106,1,3.0,0.0,2.0,10.0,6.0,1.8,2.3229166666666665,2.4479166666666665,0.96875,2.0,1.2,2.3125,2.3333333333333335,2.5416666666666665,1.0,2.3541666666666665,0.9375,0.34375,0.0625,-0.5229166666666665,18.035714285714285,8.321428571428571,6.928571428571429,9.714285714285714,1.1071428571428572,9.714285714285714,0.0,3.0,2.0,3.0,5.0,0.6,0.9175257731958762,0.9690721649484536,1.577319587628866,0.6,1.0,0.8571428571428571,0.9791666666666666,1.0408163265306123,1.530612244897959,0.8958333333333334,1.625,0.20618556701030927,0.35051546391752575,-0.31752577319587627,10.620689655172415,13.344827586206897,3.0344827586206895,12.758620689655173,2.310344827586207,-2.724137931034482
ligue1-2025-2026-04-24-brest-v-lens,2026-04-24,2025,Brest,Lens,3,3,1,0.25,0.0,574.5906900951455,5,7,999,0,1.0,0,999,0,1.0,0,0,0,1508.215806883273,1633.1640416286227,-124.94823474534974,0.15874177029992684,0.22677395757132407,0.6144842721287491,1,1.0,1.0,3.0,6.0,10.0,0.8,1.5257731958762886,1.4742268041237114,1.4123711340206186,1.2,2.0,1.8333333333333333,1.2244897959183674,1.6458333333333333,1.0833333333333333,1.3061224489795917,1.7346938775510203,0.35051546391752575,0.25773195876288657,-0.7257731958762885,11.137931034482758,13.448275862068966,3.5517241379310347,13.379310344827585,2.103448275862069,-2.310344827586208,3.0,0.0,2.0,12.0,8.0,1.8,1.7010309278350515,1.4845360824742269,1.0824742268041236,2.4,1.6,1.8979591836734695,1.5,1.6326530612244898,1.0408163265306123,1.3333333333333333,1.125,0.38144329896907214,0.2268041237113402,0.09896907216494855,16.06896551724138,11.10344827586207,5.482758620689655,12.96551724137931,2.1379310344827585,4.965517241379311
ligue1-2025-2026-04-25-lyon-v-auxerre,2026-04-25,2025,Lyon,Auxerre,3,2,2,0.8,0.0,249.5562986910852,6,6,999,0,1.0,0,999,0,1.0,0,0,0,1619.61316262956,1455.0294021075233,164.58376052203675,0.5791106514994829,0.2388831437435367,0.18200620475698032,1,2.0,2.0,1.0,5.0,3.0,1.6,1.6734693877551021,1.6224489795918366,1.336734693877551,1.0,0.6,1.8958333333333333,1.46,1.7708333333333333,1.25,1.48,1.42,0.35714285714285715,0.17346938775510204,-0.07346938775510203,11.833333333333334,12.066666666666666,4.533333333333333,13.4,2.3666666666666667,-0.2333333333333325,1.0,3.0,1.0,6.0,4.0,1.2,1.046875,1.140625,1.40625,1.2,0.8,1.34375,0.75,1.15625,1.0,1.125,1.8125,0.28125,0.359375,0.15312499999999996,10.566666666666666,12.166666666666666,3.3,13.633333333333333,2.533333333333333,-1.5999999999999996
ligue1-2025-2026-04-25-angers-v-paris-sg,2026-04-25,2025,Angers,Paris SG,0,3,0,0.0,0.0,257.21126926641097,7,3,999,0,1.0,0,999,0,1.0,0,0,0,1420.6899349457328,1772.5763794687305,-351.88644452299764,0.09375,0.15625,0.75,1,0.0,2.0,3.0,3.0,10.0,0.4,1.09375,0.90625,1.453125,0.6,2.0,1.21875,0.96875,1.09375,1.53125,0.71875,1.375,0.265625,0.390625,-0.69375,9.5,14.033333333333333,3.4,11.4,1.5333333333333334,-4.533333333333333,3.0,0.0,2.0,12.0,6.0,1.8,2.329896907216495,2.4536082474226806,0.9587628865979382,2.4,1.2,2.326530612244898,2.3333333333333335,2.5510204081632653,0.9795918367346939,2.3541666666666665,0.9375,0.35051546391752575,0.061855670103092786,-0.529896907216495,17.896551724137932,8.413793103448276,6.896551724137931,9.758620689655173,1.1379310344827587,9.482758620689657
ligue1-2025-2026-04-25-toulouse-v-monaco,2026-04-25,2025,Toulouse,Monaco,2,2,1,0.3333333333333333,0.0,481.3364476327756,8,6,999,0,1.0,0,999,0,1.0,0,0,0,1489.1035009856332,1602.4234704502226,-113.31996946458935,0.21076504384638645,0.23132748714847295,0.5579074690051407,1,2.0,0.0,3.0,8.0,13.0,1.2,1.2448979591836735,1.2959183673469388,1.336734693877551,1.6,2.6,1.1428571428571428,1.346938775510204,1.2653061224489797,1.3877551020408163,1.3265306122448979,1.2857142857142858,0.25510204081632654,0.2857142857142857,-0.044897959183673564,12.533333333333333,12.266666666666667,4.2,14.066666666666666,2.433333333333333,0.2666666666666657,3.0,1.0,1.0,9.0,8.0,2.0,1.816326530612245,1.8673469387755102,1.3061224489795917,1.8,1.6,2.08,1.5416666666666667,2.02,1.04,1.7083333333333333,1.5833333333333333,0.30612244897959184,0.16326530612244897,0.18367346938775508,12.5,13.466666666666667,4.4,13.066666666666666,2.566666666666667,-0.9666666666666668
ligue1-2025-2026-04-26-rennes-v-nantes,2026-04-26,2025,Rennes,Nantes,2,1,2,0.75,0.0,95.03828213317865,7,4,999,0,1.0,0,999,0,1.0,0,0,0,1607.167848370815,1363.8280431766218,243.3398051941931,0.6424335602899187,0.21128925982868438,0.14627717988139688,1,3.0,1.0,1.0,10.0,6.0,2.0,1.4285714285714286,1.5918367346938775,1.3979591836734695,2.0,1.2,1.653061224489796,1.2040816326530612,1.7346938775510203,1.183673469387755,1.4489795918367347,1.6122448979591837,0.2857142857142857,0.21428571428571427,0.5714285714285714,14.0,12.7,4.933333333333334,12.3,1.9666666666666666,1.3000000000000007,0.0,3.0,2.0,3.0,7.0,0.6,0.9081632653061225,0.9591836734693877,1.5918367346938775,0.6,1.4,0.8571428571428571,0.9591836734693877,1.0408163265306123,1.530612244897959,0.8775510204081632,1.653061224489796,0.20408163265306123,0.35714285714285715,-0.3081632653061225,10.633333333333333,13.366666666666667,3.066666666666667,12.6,2.2666666666666666,-2.7333333333333343
ligue1-2025-2026-04-26-lorient-v-strasbourg,2026-04-26,2025,Lorient,Strasbourg,2,3,0,0.375,0.0,829.1514160284663,8,7,999,0,1.0,0,999,0,1.0,0,0,0,1497.612788330961,1561.0251786183146,-63.412390287353674,0.4423305588585018,0.2580261593341261,0.2996432818073722,1,2.0,1.0,2.0,5.0,5.0,1.4,1.09375,1.296875,1.71875,1.0,1.0,1.4375,0.75,1.71875,1.5625,0.875,1.875,0.15625,0.359375,0.3062499999999999,11.366666666666667,10.933333333333334,3.8666666666666667,9.7,1.7,0.43333333333333357,2.0,2.0,1.0,6.0,6.0,1.6,1.4329896907216495,1.443298969072165,1.3505154639175259,1.2,1.2,1.7551020408163265,1.1041666666666667,1.6122448979591837,1.1428571428571428,1.2708333333333333,1.5625,0.24742268041237114,0.20618556701030927,0.1670103092783506,11.379310344827585,11.96551724137931,4.517241379310345,11.344827586206897,2.1724137931034484,-0.5862068965517242
ligue1-2025-2026-04-26-paris-fc-v-lille,2026-04-26,2025,Paris FC,Lille,0,1,0,0.0,0.0,204.18813143632832,7,8,999,0,1.0,0,999,0,1.0,0,0,0,1514.4855646451679,1632.4509048902303,-117.96534024506241,0.2007380073800738,0.23837638376383766,0.5608856088560886,1,3.0,2.0,0.0,11.0,5.0,2.2,1.2666666666666666,1.3333333333333333,1.5333333333333334,2.2,1.0,1.3571428571428572,1.1875,1.5714285714285714,1.7857142857142858,1.125,1.3125,0.23333333333333334,0.26666666666666666,0.9333333333333336,11.5,12.733333333333333,3.8333333333333335,10.733333333333333,2.2333333333333334,-1.2333333333333325,4.0,1.0,0.0,11.0,2.0,2.6,1.7653061224489797,1.5612244897959184,1.0612244897959184,2.2,0.4,2.0816326530612246,1.4489795918367347,1.7959183673469388,0.9387755102040817,1.3265306122448979,1.183673469387755,0.37755102040816324,0.1836734693877551,0.8346938775510204,13.766666666666667,9.566666666666666,4.6,11.066666666666666,2.6333333333333333,4.200000000000001
ligue1-2025-2026-04-26-le-havre-v-metz,2026-04-26,2025,Le Havre,Metz,4,4,1,0.375,0.0,441.51603152901566,8,7,999,0,1.0,0,999,0,1.0,0,0,0,1417.275244781103,1319.3913237321133,97.8839210489898,0.5918858330143802,0.2187107004210181,0.1894034665646017,1,0.0,4.0,1.0,5.0,6.0,0.8,0.9795918367346939,1.010204081632653,1.5714285714285714,1.0,1.2,1.0816326530612246,0.8775510204081632,1.0,1.489795918367347,1.0204081632653061,1.653061224489796,0.1836734693877551,0.3877551020408163,-0.1795918367346938,11.333333333333334,12.933333333333334,3.7,13.6,2.033333333333333,-1.5999999999999996,0.0,2.0,3.0,5.0,10.0,0.4,0.6875,0.96875,1.9375,1.0,2.0,0.6875,0.6875,0.96875,1.65625,0.96875,2.21875,0.1875,0.375,-0.2875,9.766666666666667,15.266666666666667,3.2,11.4,1.9666666666666666,-5.5
ligue1-2025-2026-04-26-marseille-v-nice,2026-04-26,2025,Marseille,Nice,1,1,1,0.5,0.0,158.3915479065629,8,8,999,0,1.0,0,999,0,1.0,0,0,0,1606.928369031586,1478.8776917029588,128.05067732862722,0.5539358600583091,0.24781341107871718,0.19825072886297374,1,2.0,0.0,3.0,6.0,7.0,1.2,1.7040816326530612,1.8775510204081634,1.3061224489795917,1.2,1.4,2.1020408163265305,1.3061224489795917,2.2244897959183674,1.1020408163265305,1.530612244897959,1.510204081632653,0.20408163265306123,0.23469387755102042,-0.5040816326530613,14.633333333333333,10.066666666666666,5.566666666666666,12.466666666666667,2.5,4.566666666666666,1.0,2.0,2.0,4.0,8.0,1.0,1.469387755102041,1.4285714285714286,1.2857142857142858,0.8,1.6,1.7551020408163265,1.183673469387755,1.5714285714285714,1.0612244897959184,1.2857142857142858,1.510204081632653,0.30612244897959184,0.23469387755102042,-0.4693877551020409,11.2,14.733333333333333,3.966666666666667,12.733333333333333,2.3,-3.533333333333333
ligue1-2025-2026-05-02-nantes-v-marseille,2026-05-02,2025,Nantes,Marseille,3,0,2,0.4166666666666667,0.0,699.4985464471042,6,6,999,0,1.0,0,999,0,1.0,0,0,0,1361.3940294354577,1601.1688588271297,-239.77482939167203,0.25161290322580643,0.2451612903225807,0.5032258064516129,1,0.0,3.0,2.0,2.0,6.0,0.6,0.898989898989899,0.9595959595959596,1.595959595959596,0.4,1.2,0.8571428571428571,0.94,1.0408163265306123,1.530612244897959,0.88,1.66,0.20202020202020202,0.35353535353535354,-0.29898989898989903,11.064516129032258,13.387096774193548,3.225806451612903,12.67741935483871,2.2580645161290325,-2.32258064516129,1.0,1.0,3.0,6.0,8.0,0.8,1.696969696969697,1.8686868686868687,1.303030303030303,1.2,1.6,2.08,1.3061224489795917,2.2,1.1,1.530612244897959,1.510204081632653,0.20202020202020202,0.23232323232323232,-0.896969696969697,14.935483870967742,9.903225806451612,5.580645161290323,12.516129032258064,2.5483870967741935,5.03225806451613
ligue1-2025-2026-05-02-paris-sg-v-lorient,2026-05-02,2025,Paris SG,Lorient,2,2,1,0.625,0.0,432.96835104246736,7,6,999,0,1.0,0,999,0,1.0,0,0,0,1779.1583604384223,1486.5635878443982,292.5947725940241,0.7037533512064343,0.15951742627345847,0.13672922252010725,1,4.0,0.0,1.0,14.0,3.0,2.4,2.336734693877551,2.4591836734693877,0.9489795918367347,2.8,0.6,2.326530612244898,2.3469387755102042,2.5510204081632653,0.9795918367346939,2.36734693877551,0.9183673469387755,0.35714285714285715,0.061224489795918366,0.06326530612244907,17.866666666666667,8.333333333333334,7.0,9.533333333333333,1.2333333333333334,9.533333333333333,1.0,1.0,3.0,5.0,7.0,0.8,1.0769230769230769,1.3076923076923077,1.7384615384615385,1.0,1.4,1.393939393939394,0.75,1.7272727272727273,1.606060606060606,0.875,1.875,0.15384615384615385,0.35384615384615387,-0.2769230769230768,11.451612903225806,10.935483870967742,3.935483870967742,9.67741935483871,1.6774193548387097,0.5161290322580641
ligue1-2025-2026-05-02-metz-v-monaco,2026-05-02,2025,Metz,Monaco,1,2,0,0.0,0.0,605.781717920081,6,7,999,0,1.0,0,999,0,1.0,0,0,0,1324.5416528665057,1602.040278631006,-277.4986257645003,0.12588995431910777,0.16420428824231448,0.7099057574385776,1,0.0,3.0,2.0,6.0,10.0,0.6,0.6923076923076923,1.0153846153846153,1.9692307692307693,1.2,2.0,0.6875,0.696969696969697,0.96875,1.65625,1.0606060606060606,2.272727272727273,0.18461538461538463,0.36923076923076925,-0.09230769230769231,9.838709677419354,15.225806451612904,3.2580645161290325,11.419354838709678,1.935483870967742,-5.38709677419355,2.0,2.0,1.0,9.0,10.0,1.6,1.8080808080808082,1.8686868686868687,1.3131313131313131,1.8,2.0,2.08,1.530612244897959,2.02,1.04,1.7142857142857142,1.5918367346938775,0.30303030303030304,0.16161616161616163,-0.2080808080808081,12.35483870967742,13.612903225806452,4.419354838709677,12.96774193548387,2.5483870967741935,-1.258064516129032
ligue1-2025-2026-05-02-nice-v-lens,2026-05-02,2025,Nice,Lens,1,1,1,0.6666666666666666,0.0,820.4237860395572,6,8,999,0,1.0,0,999,0,1.0,0,0,0,1484.6372019074151,1632.447205341638,-147.81000343422284,0.19961114711600778,0.22575070209548498,0.5746381507885073,1,0.0,3.0,2.0,3.0,9.0,0.6,1.4646464646464648,1.4242424242424243,1.2828282828282829,0.6,1.8,1.7551020408163265,1.18,1.5714285714285714,1.0612244897959184,1.28,1.5,0.30303030303030304,0.23232323232323232,-0.8646464646464648,11.0,15.03225806451613,3.903225806451613,12.548387096774194,2.2580645161290325,-4.03225806451613,2.0,1.0,2.0,12.0,11.0,1.4,1.6938775510204083,1.5,1.1020408163265305,2.4,2.2,1.8979591836734695,1.489795918367347,1.6326530612244898,1.0408163265306123,1.3673469387755102,1.163265306122449,0.37755102040816324,0.22448979591836735,-0.29387755102040836,16.366666666666667,10.933333333333334,5.533333333333333,12.9,2.1666666666666665,5.433333333333334
ligue1-2025-2026-05-03-paris-fc-v-brest,2026-05-03,2025,Paris FC,Brest,4,0,2,1.0,0.0,506.9696629642074,7,9,999,0,1.0,0,999,0,1.0,0,0,0,1505.0021883427466,1508.9326431702577,-3.9304548275110847,0.5015432098765432,0.25411522633744854,0.24434156378600827,1,3.0,1.0,1.0,11.0,6.0,2.0,1.2258064516129032,1.2903225806451613,1.5161290322580645,2.2,1.2,1.2666666666666666,1.1875,1.4666666666666666,1.7333333333333334,1.125,1.3125,0.22580645161290322,0.2903225806451613,0.7741935483870968,11.35483870967742,12.64516129032258,3.774193548387097,10.774193548387096,2.4193548387096775,-1.2903225806451601,0.0,2.0,3.0,7.0,13.0,0.4,1.5204081632653061,1.489795918367347,1.4285714285714286,1.4,2.6,1.816326530612245,1.2244897959183674,1.6734693877551021,1.1224489795918366,1.3061224489795917,1.7346938775510203,0.3469387755102041,0.25510204081632654,-1.120408163265306,10.966666666666667,13.833333333333334,3.533333333333333,13.166666666666666,2.1333333333333333,-2.866666666666667
ligue1-2025-2026-05-03-strasbourg-v-toulouse,2026-05-03,2025,Strasbourg,Toulouse,1,2,0,0.5833333333333334,0.0,737.0780289455665,7,8,999,0,1.0,0,999,0,1.0,0,0,0,1572.0743791048774,1489.4866928048498,82.5876863000276,0.3163064833005893,0.2711198428290766,0.41257367387033395,1,3.0,1.0,1.0,9.0,8.0,2.0,1.4489795918367347,1.4591836734693877,1.3571428571428572,1.8,1.6,1.7551020408163265,1.1428571428571428,1.6122448979591837,1.1428571428571428,1.3061224489795917,1.5714285714285714,0.24489795918367346,0.20408163265306123,0.5510204081632653,11.366666666666667,12.033333333333333,4.533333333333333,11.5,2.1666666666666665,-0.6666666666666661,1.0,1.0,3.0,6.0,12.0,0.8,1.2424242424242424,1.303030303030303,1.3434343434343434,1.2,2.4,1.14,1.346938775510204,1.28,1.4,1.3265306122448979,1.2857142857142858,0.25252525252525254,0.2828282828282828,-0.4424242424242424,12.709677419354838,12.129032258064516,4.225806451612903,14.161290322580646,2.4516129032258065,0.5806451612903221
ligue1-2025-2026-05-03-auxerre-v-angers,2026-05-03,2025,Auxerre,Angers,3,1,2,0.4,0.0,310.425540474441,8,8,999,0,1.0,0,999,0,1.0,0,0,0,1451.4491941659687,1414.107953976041,37.3412401899277,0.5263157894736842,0.2631578947368421,0.21052631578947367,1,1.0,3.0,1.0,8.0,6.0,1.2,1.0307692307692307,1.1538461538461537,1.4307692307692308,1.6,1.2,1.34375,0.7272727272727273,1.15625,1.0,1.1515151515151516,1.8484848484848484,0.27692307692307694,0.35384615384615387,0.1692307692307693,10.516129032258064,12.161290322580646,3.2580645161290325,13.67741935483871,2.5161290322580645,-1.6451612903225818,0.0,2.0,3.0,3.0,11.0,0.4,1.0769230769230769,0.8923076923076924,1.476923076923077,0.6,2.2,1.1818181818181819,0.96875,1.0606060606060606,1.5757575757575757,0.71875,1.375,0.26153846153846155,0.4,-0.6769230769230768,9.387096774193548,14.129032258064516,3.3225806451612905,11.32258064516129,1.4838709677419355,-4.741935483870968
ligue1-2025-2026-05-03-lyon-v-rennes,2026-05-03,2025,Lyon,Rennes,4,2,2,0.5714285714285714,0.0,566.0283882163013,8,7,999,0,1.0,0,999,0,1.0,0,0,0,1623.1933705711147,1609.601862111979,13.591508459135639,0.4484202512371526,0.2478111914731633,0.30376855728968405,1,3.0,1.0,1.0,8.0,5.0,2.0,1.6868686868686869,1.6363636363636365,1.3434343434343434,1.6,1.0,1.9183673469387754,1.46,1.7959183673469388,1.2653061224489797,1.48,1.42,0.35353535353535354,0.1717171717171717,0.31313131313131315,11.838709677419354,11.96774193548387,4.580645161290323,13.32258064516129,2.3225806451612905,-0.12903225806451601,4.0,1.0,0.0,11.0,5.0,2.6,1.4444444444444444,1.595959595959596,1.393939393939394,2.2,1.0,1.68,1.2040816326530612,1.74,1.18,1.4489795918367347,1.6122448979591837,0.2828282828282828,0.21212121212121213,1.1555555555555557,14.0,13.064516129032258,4.935483870967742,12.387096774193548,2.0,0.935483870967742
ligue1-2025-2026-05-03-lille-v-le-havre,2026-05-03,2025,Lille,Le Havre,1,1,1,0.75,0.0,249.04377134052066,7,7,999,0,1.0,0,999,0,1.0,0,0,0,1641.9342811926515,1412.1249156467106,229.80936554594086,0.6882884418683941,0.19996590521650184,0.11174565291510398,1,4.0,1.0,0.0,10.0,1.0,2.6,1.7777777777777777,1.5555555555555556,1.0505050505050506,2.0,0.2,2.0816326530612246,1.48,1.7959183673469388,0.9387755102040817,1.32,1.16,0.3838383838383838,0.18181818181818182,0.8222222222222224,13.64516129032258,9.483870967741936,4.580645161290323,11.03225806451613,2.6451612903225805,4.161290322580644,0.0,4.0,1.0,9.0,10.0,0.8,0.9797979797979798,1.0404040404040404,1.595959595959596,1.8,2.0,1.08,0.8775510204081632,1.06,1.54,1.0204081632653061,1.653061224489796,0.18181818181818182,0.3838383838383838,-0.17979797979797973,11.419354838709678,12.903225806451612,3.7419354838709675,13.548387096774194,2.064516129032258,-1.4838709677419342
ligue1-2025-2026-05-08-lens-v-nantes,2026-05-08,2025,Lens,Nantes,1,0,2,0.8333333333333334,0.0,474.827116586979,6,6,999,0,1.0,0,999,0,1.0,0,0,0,1631.0797433838206,1385.3295665730661,245.7501768107545,0.6528835690968444,0.18933623503808486,0.15778019586507072,1,2.0,2.0,1.0,12.0,10.0,1.6,1.6868686868686869,1.494949494949495,1.101010101010101,2.4,2.0,1.8979591836734695,1.48,1.6326530612244898,1.0408163265306123,1.36,1.16,0.37373737373737376,0.2222222222222222,-0.08686868686868676,16.35483870967742,10.870967741935484,5.483870967741935,12.806451612903226,2.2580645161290325,5.483870967741936,1.0,2.0,2.0,5.0,6.0,1.0,0.92,0.98,1.58,1.0,1.2,0.9,0.94,1.08,1.5,0.88,1.66,0.21,0.35,0.07999999999999996,11.25,13.46875,3.3125,12.65625,2.21875,-2.21875
ligue1-2025-2026-05-10-rennes-v-paris-fc,2026-05-10,2025,Rennes,Paris FC,2,1,2,1.0,0.0,307.4790018748356,7,7,999,0,1.0,0,999,0,1.0,0,0,0,1599.9254018891286,1519.608742533986,80.31665935514252,0.6111289803795432,0.19942103570279832,0.1894499839176584,1,4.0,0.0,1.0,13.0,9.0,2.4,1.43,1.6,1.42,2.6,1.8,1.68,1.18,1.74,1.18,1.46,1.66,0.28,0.21,0.97,13.8125,13.15625,4.9375,12.4375,2.03125,0.65625,3.0,1.0,1.0,12.0,4.0,2.0,1.28125,1.375,1.46875,2.4,0.8,1.375,1.1875,1.625,1.625,1.125,1.3125,0.25,0.28125,0.71875,11.53125,12.5625,3.90625,10.75,2.40625,-1.03125
ligue1-2025-2026-05-10-le-havre-v-marseille,2026-05-10,2025,Le Havre,Marseille,0,1,0,0.0,0.0,801.8519083335606,7,8,999,0,1.0,0,999,0,1.0,0,0,0,1419.5194289092058,1577.2333216895213,-157.71389278031552,0.25249169435215946,0.24916943521594684,0.4983388704318937,1,0.0,5.0,0.0,8.0,8.0,1.0,0.98,1.04,1.59,1.6,1.6,1.08,0.88,1.06,1.54,1.02,1.64,0.18,0.38,0.020000000000000018,11.125,13.1875,3.6875,13.59375,2.09375,-2.0625,1.0,1.0,3.0,5.0,9.0,0.8,1.68,1.85,1.32,1.0,1.8,2.08,1.28,2.2,1.1,1.5,1.54,0.2,0.24,-0.8799999999999999,14.96875,10.125,5.65625,12.46875,2.5625,4.84375
ligue1-2025-2026-05-10-toulouse-v-lyon,2026-05-10,2025,Toulouse,Lyon,2,1,2,0.35714285714285715,0.0,370.8569193679967,7,7,999,0,1.0,0,999,0,1.0,0,0,0,1504.3062577049154,1632.869830793965,-128.56357308904967,0.2532467532467532,0.2402597402597403,0.5064935064935064,1,1.0,1.0,3.0,7.0,13.0,0.8,1.26,1.31,1.34,1.4,2.6,1.14,1.38,1.28,1.4,1.34,1.28,0.25,0.28,-0.45999999999999996,12.8125,12.03125,4.28125,14.1875,2.46875,0.78125,4.0,1.0,0.0,11.0,5.0,2.6,1.7,1.66,1.35,2.2,1.0,1.94,1.46,1.84,1.28,1.48,1.42,0.35,0.17,0.9000000000000001,11.96875,11.84375,4.71875,13.21875,2.25,0.125
ligue1-2025-2026-05-10-metz-v-lorient,2026-05-10,2025,Metz,Lorient,0,4,0,0.375,0.0,719.08297103437,8,8,999,0,1.0,0,999,0,1.0,0,0,0,1319.2479749961376,1494.6737071844389,-175.42573218830125,0.3311067603362892,0.2542899919382701,0.4146032477254405,1,0.0,2.0,3.0,7.0,12.0,0.4,0.6818181818181818,1.0151515151515151,1.9696969696969697,1.4,2.4,0.6666666666666666,0.696969696969697,0.9696969696969697,1.6666666666666667,1.0606060606060606,2.272727272727273,0.18181818181818182,0.36363636363636365,-0.28181818181818175,9.9375,15.21875,3.1875,11.375,1.875,-5.28125,1.0,2.0,2.0,7.0,8.0,1.0,1.0757575757575757,1.3181818181818181,1.7424242424242424,1.4,1.6,1.393939393939394,0.7575757575757576,1.7272727272727273,1.606060606060606,0.9090909090909091,1.878787878787879,0.15151515151515152,0.3484848484848485,-0.07575757575757569,11.25,11.34375,3.90625,9.59375,1.65625,-0.09375
ligue1-2025-2026-05-10-angers-v-strasbourg,2026-05-10,2025,Angers,Strasbourg,1,1,1,0.5,0.0,627.9748219799196,7,7,999,0,1.0,0,999,0,1.0,0,0,0,1405.2821325188488,1557.2548142048117,-151.97268168596293,0.35935014998087494,0.2700259698427717,0.3706238801763534,1,0.0,2.0,3.0,3.0,9.0,0.4,1.0606060606060606,0.8939393939393939,1.5,0.6,1.8,1.1818181818181819,0.9393939393939394,1.0606060606060606,1.5757575757575757,0.7272727272727273,1.4242424242424243,0.25757575757575757,0.3939393939393939,-0.6606060606060605,9.375,14.28125,3.3125,11.03125,1.625,-4.90625,3.0,0.0,2.0,10.0,10.0,1.8,1.4343434343434343,1.4545454545454546,1.3636363636363635,2.0,2.0,1.72,1.1428571428571428,1.6,1.16,1.3061224489795917,1.5714285714285714,0.24242424242424243,0.20202020202020202,0.3656565656565658,11.290322580645162,12.161290322580646,4.516129032258065,11.35483870967742,2.129032258064516,-0.870967741935484
ligue1-2025-2026-05-10-paris-sg-v-brest,2026-05-10,2025,Paris SG,Brest,1,0,2,0.9285714285714286,0.0,497.76269074981866,8,7,999,0,1.0,0,999,0,1.0,0,0,0,1771.0482410983816,1494.3260889790183,276.7221521193633,0.7879656160458453,0.12607449856733524,0.08595988538681948,1,3.0,1.0,1.0,12.0,5.0,2.0,2.323232323232323,2.4545454545454546,0.9595959595959596,2.4,1.0,2.3,2.3469387755102042,2.54,1.0,2.36734693877551,0.9183673469387755,0.35353535353535354,0.06060606060606061,-0.3232323232323231,18.06451612903226,8.225806451612904,6.967741935483871,9.516129032258064,1.2258064516129032,9.838709677419356,0.0,2.0,3.0,7.0,15.0,0.4,1.505050505050505,1.4747474747474747,1.4545454545454546,1.4,3.0,1.816326530612245,1.2,1.6734693877551021,1.1224489795918366,1.28,1.78,0.3434343434343434,0.26262626262626265,-1.1050505050505048,10.935483870967742,13.935483870967742,3.4516129032258065,13.0,2.096774193548387,-3.0
ligue1-2025-2026-05-10-monaco-v-lille,2026-05-10,2025,Monaco,Lille,0,1,0,0.25,0.0,830.8226397080704,8,7,999,0,1.0,0,999,0,1.0,0,0,0,1607.3339565013741,1634.5397679301564,-27.205811428782226,0.36460386283011437,0.2562081198265668,0.379188017343319,1,2.0,2.0,1.0,9.0,10.0,1.6,1.82,1.87,1.31,1.8,2.0,2.08,1.56,2.02,1.04,1.72,1.58,0.3,0.16,-0.21999999999999997,12.4375,13.59375,4.375,13.03125,2.53125,-1.15625,3.0,2.0,0.0,9.0,1.0,2.2,1.77,1.55,1.05,1.8,0.2,2.06,1.48,1.78,0.94,1.32,1.16,0.38,0.18,0.43000000000000016,13.90625,9.25,4.75,10.96875,2.625,4.65625
ligue1-2025-2026-05-10-auxerre-v-nice,2026-05-10,2025,Auxerre,Nice,2,1,2,0.7,0.0,537.2523581843685,7,8,999,0,1.0,0,999,0,1.0,0,0,0,1460.275015623161,1486.0046638652325,-25.729648242071562,0.40106951871657753,0.2807486631016043,0.3181818181818181,1,1.0,3.0,1.0,8.0,7.0,1.2,1.0606060606060606,1.1818181818181819,1.4242424242424243,1.6,1.4,1.393939393939394,0.7272727272727273,1.2121212121212122,1.0,1.1515151515151516,1.8484848484848484,0.2727272727272727,0.3484848484848485,0.1393939393939394,10.78125,12.0625,3.46875,13.625,2.5,-1.28125,0.0,4.0,1.0,4.0,6.0,0.8,1.46,1.42,1.28,0.8,1.2,1.74,1.18,1.56,1.06,1.28,1.5,0.3,0.23,-0.6599999999999999,10.9375,15.0625,3.84375,12.5,2.25,-4.125
ligue1-2025-2026-05-13-lens-v-paris-sg,2026-05-13,2025,Lens,Paris SG,0,2,0,0.0,0.0,181.57217493042117,5,3,999,0,1.0,0,999,0,1.0,0,0,0,1633.48425014944,1773.1003824012832,-139.61613225184328,0.2958152958152958,0.2308802308802309,0.4733044733044733,1,2.0,2.0,1.0,8.0,9.0,1.6,1.7,1.49,1.09,1.6,1.8,1.92,1.48,1.62,1.02,1.36,1.16,0.38,0.22,-0.09999999999999987,16.28125,11.0,5.46875,12.875,2.25,5.28125,3.0,1.0,1.0,10.0,4.0,2.0,2.33,2.44,0.95,2.0,0.8,2.3137254901960786,2.3469387755102042,2.5098039215686274,0.9803921568627451,2.36734693877551,0.9183673469387755,0.36,0.06,-0.33000000000000007,18.21875,8.0625,6.9375,9.375,1.1875,10.15625
ligue1-2025-2026-05-13-brest-v-strasbourg,2026-05-13,2025,Brest,Strasbourg,1,2,0,0.6666666666666666,0.0,901.5945093265977,3,3,999,0,1.0,0,999,0,1.0,0,0,0,1492.2739476761167,1555.7699790715378,-63.49603139542114,0.2906808305166586,0.269917914051183,0.43940125543215836,1,0.0,2.0,3.0,7.0,13.0,0.4,1.49,1.46,1.45,1.4,2.6,1.816326530612245,1.1764705882352942,1.6734693877551021,1.1224489795918366,1.2549019607843137,1.7647058823529411,0.34,0.27,-1.0899999999999999,10.6875,14.21875,3.40625,12.96875,2.03125,-3.53125,2.0,1.0,2.0,8.0,9.0,1.4,1.43,1.45,1.36,1.6,1.8,1.72,1.14,1.6,1.16,1.3,1.56,0.24,0.2,-0.030000000000000027,11.40625,12.125,4.5625,11.40625,2.125,-0.71875
ligue1-2025-2026-05-17-lille-v-auxerre,2026-05-17,2025,Lille,Auxerre,0,2,0,0.625,0.0,314.84797078484587,7,7,999,0,1.0,0,999,0,1.0,0,0,0,1646.6048238807232,1468.1693200381853,178.43550384253786,0.6645008860011814,0.20968694624926165,0.125812167749557,1,3.0,2.0,0.0,7.0,1.0,2.2,1.7821782178217822,1.5445544554455446,1.0396039603960396,1.4,0.2,2.06,1.5098039215686274,1.78,0.94,1.3137254901960784,1.1372549019607843,0.38613861386138615,0.1782178217821782,0.41782178217821797,13.696969696969697,9.181818181818182,4.666666666666667,10.93939393939394,2.6363636363636362,4.515151515151516,2.0,2.0,1.0,9.0,7.0,1.6,1.0895522388059702,1.1940298507462686,1.4179104477611941,1.8,1.4,1.4411764705882353,0.7272727272727273,1.2352941176470589,1.0,1.1515151515151516,1.8484848484848484,0.26865671641791045,0.34328358208955223,0.5104477611940299,10.818181818181818,12.0,3.484848484848485,13.666666666666666,2.4545454545454546,-1.1818181818181817
ligue1-2025-2026-05-17-nantes-v-toulouse,2026-05-17,2025,Nantes,Toulouse,0,0,1,0.5,0.0,469.10735603864345,9,7,999,0,1.0,0,999,0,1.0,0,0,0,1382.9250598074468,1515.1265361950655,-132.20147638761864,0.3165610142630745,0.2793185419968304,0.4041204437400951,1,1.0,1.0,3.0,5.0,7.0,0.8,0.9108910891089109,0.9702970297029703,1.5742574257425743,1.0,1.4,0.9,0.9215686274509803,1.08,1.5,0.8627450980392157,1.6470588235294117,0.2079207920792079,0.3564356435643564,-0.11089108910891088,11.363636363636363,13.484848484848484,3.303030303030303,12.727272727272727,2.1818181818181817,-2.121212121212121,2.0,1.0,2.0,8.0,11.0,1.4,1.2772277227722773,1.316831683168317,1.3366336633663367,1.6,2.2,1.1764705882352942,1.38,1.2941176470588236,1.392156862745098,1.34,1.28,0.24752475247524752,0.27722772277227725,0.12277227722772266,12.848484848484848,12.212121212121213,4.333333333333333,14.363636363636363,2.6363636363636362,0.6363636363636349
ligue1-2025-2026-05-17-brest-v-angers,2026-05-17,2025,Brest,Angers,1,1,1,0.625,0.0,312.2985985315176,4,7,999,0,1.0,0,999,0,1.0,0,0,0,1481.2271281332428,1406.7669676521227,74.46016048112006,0.4822695035460994,0.2765957446808511,0.2411347517730497,1,0.0,2.0,3.0,5.0,11.0,0.4,1.4752475247524752,1.4554455445544554,1.4554455445544554,1.0,2.2,1.78,1.1764705882352942,1.66,1.14,1.2549019607843137,1.7647058823529411,0.33663366336633666,0.26732673267326734,-1.0752475247524753,11.0,14.090909090909092,3.484848484848485,12.878787878787879,1.9696969696969697,-3.0909090909090917,0.0,2.0,3.0,4.0,10.0,0.4,1.0597014925373134,0.8955223880597015,1.492537313432836,0.8,2.0,1.1764705882352942,0.9393939393939394,1.0588235294117647,1.5588235294117647,0.7272727272727273,1.4242424242424243,0.2537313432835821,0.3880597014925373,-0.6597014925373134,9.424242424242424,14.303030303030303,3.3333333333333335,11.181818181818182,1.6363636363636365,-4.878787878787879
ligue1-2025-2026-05-17-lorient-v-le-havre,2026-05-17,2025,Lorient,Le Havre,0,2,0,0.25,0.0,320.6626057493012,7,7,999,0,1.0,0,999,0,1.0,0,0,0,1510.3988006609968,1411.1654559832282,99.23334467776863,0.41570438799076215,0.2655889145496536,0.3187066974595843,1,2.0,1.0,2.0,10.0,7.0,1.4,1.1044776119402986,1.3582089552238805,1.7164179104477613,2.0,1.4,1.393939393939394,0.8235294117647058,1.7272727272727273,1.606060606060606,1.0,1.8235294117647058,0.16417910447761194,0.34328358208955223,0.2955223880597013,11.333333333333334,11.242424242424242,4.0,9.545454545454545,1.6666666666666667,0.09090909090909172,0.0,4.0,1.0,7.0,8.0,0.8,0.9702970297029703,1.0297029702970297,1.5841584158415842,1.4,1.6,1.0588235294117647,0.88,1.0392156862745099,1.5294117647058822,1.02,1.64,0.1782178217821782,0.38613861386138615,-0.17029702970297023,11.090909090909092,13.030303030303031,3.6363636363636362,13.787878787878787,2.1515151515151514,-1.9393939393939394
ligue1-2025-2026-05-17-nice-v-metz,2026-05-17,2025,Nice,Metz,0,0,1,0.625,0.0,606.8470847117709,7,7,999,0,1.0,0,999,0,1.0,0,0,0,1478.110359450208,1303.5228815195796,174.58747793062844,0.7419115512402826,0.16386568175220156,0.0942227670075159,1,0.0,4.0,1.0,4.0,5.0,0.8,1.4455445544554455,1.4158415841584158,1.2871287128712872,0.8,1.0,1.74,1.1568627450980393,1.56,1.06,1.2745098039215685,1.5098039215686274,0.297029702970297,0.22772277227722773,-0.6455445544554455,10.909090909090908,14.969696969696969,3.909090909090909,12.393939393939394,2.1818181818181817,-4.0606060606060606,0.0,1.0,4.0,7.0,16.0,0.2,0.6716417910447762,1.0,2.0,1.4,3.2,0.6470588235294118,0.696969696969697,0.9411764705882353,1.7352941176470589,1.0606060606060606,2.272727272727273,0.1791044776119403,0.373134328358209,-0.47164179104477616,9.878787878787879,15.181818181818182,3.1515151515151514,11.272727272727273,1.878787878787879,-5.303030303030303
ligue1-2025-2026-05-17-paris-fc-v-paris-sg,2026-05-17,2025,Paris FC,Paris SG,2,1,2,0.5,0.0,9.221061764196717,7,4,999,0,1.0,0,999,0,1.0,0,0,0,1514.377967365332,1785.6369219694727,-271.2589546041406,0.1656963725929243,0.19055082848186297,0.6437527989252126,1,3.0,0.0,2.0,12.0,5.0,1.8,1.2424242424242424,1.3636363636363635,1.4848484848484849,2.4,1.0,1.375,1.1176470588235294,1.625,1.625,1.1176470588235294,1.3529411764705883,0.24242424242424243,0.2727272727272727,0.5575757575757576,11.515151515151516,12.606060606060606,3.8181818181818183,10.757575757575758,2.393939393939394,-1.09090909090909,4.0,1.0,0.0,11.0,2.0,2.6,2.3366336633663365,2.4356435643564356,0.9405940594059405,2.2,0.4,2.3137254901960786,2.36,2.5098039215686274,0.9803921568627451,2.36,0.9,0.36633663366336633,0.0594059405940594,0.2633663366336636,17.96969696969697,8.575757575757576,6.818181818181818,9.181818181818182,1.1818181818181819,9.393939393939393
ligue1-2025-2026-05-17-lyon-v-lens,2026-05-17,2025,Lyon,Lens,0,4,0,0.25,0.0,543.2607224588958,7,4,999,0,1.0,0,999,0,1.0,0,0,0,1622.049552303815,1620.9477105812505,1.1018417225645862,0.5964499519258584,0.21626476316942211,0.18728528490471957,1,4.0,0.0,1.0,12.0,7.0,2.4,1.683168316831683,1.6534653465346534,1.3564356435643565,2.4,1.4,1.94,1.4313725490196079,1.84,1.28,1.4705882352941178,1.4313725490196079,0.3465346534653465,0.16831683168316833,0.7168316831683168,12.151515151515152,11.909090909090908,4.666666666666667,13.090909090909092,2.242424242424242,0.24242424242424399,2.0,2.0,1.0,8.0,8.0,1.6,1.683168316831683,1.4752475247524752,1.099009900990099,1.6,1.6,1.8823529411764706,1.48,1.588235294117647,1.0392156862745099,1.36,1.16,0.37623762376237624,0.22772277227722773,-0.08316831683168302,16.545454545454547,10.969696969696969,5.606060606060606,12.757575757575758,2.1818181818181817,5.575757575757578
ligue1-2025-2026-05-17-strasbourg-v-monaco,2026-05-17,2025,Strasbourg,Monaco,5,4,2,0.2857142857142857,0.0,537.9304004859993,4,7,999,0,1.0,0,999,0,1.0,0,0,0,1566.8167986144117,1595.2689005508073,-28.452101936395593,0.287519747235387,0.22590837282780407,0.48657187993680884,1,2.0,1.0,2.0,7.0,9.0,1.4,1.4455445544554455,1.4554455445544554,1.3564356435643565,1.4,1.8,1.72,1.1764705882352942,1.6,1.16,1.3137254901960784,1.5490196078431373,0.2376237623762376,0.19801980198019803,-0.045544554455445585,11.363636363636363,12.393939393939394,4.575757575757576,11.393939393939394,2.090909090909091,-1.0303030303030312,1.0,2.0,2.0,7.0,10.0,1.0,1.801980198019802,1.8514851485148516,1.306930693069307,1.4,2.0,2.0392156862745097,1.56,1.9803921568627452,1.0392156862745099,1.72,1.58,0.297029702970297,0.16831683168316833,-0.801980198019802,12.272727272727273,13.393939393939394,4.333333333333333,13.030303030303031,2.484848484848485,-1.121212121212121
ligue1-2025-2026-05-17-marseille-v-rennes,2026-05-17,2025,Marseille,Rennes,3,1,2,0.5714285714285714,0.0,766.4381524621508,7,7,999,0,1.0,0,999,0,1.0,0,0,0,1585.5872946154989,1605.1561770577825,-19.568882442283666,0.5256916996047432,0.225296442687747,0.24901185770750986,1,2.0,1.0,2.0,5.0,7.0,1.4,1.693069306930693,1.8415841584158417,1.306930693069307,1.0,1.4,2.08,1.3137254901960784,2.2,1.1,1.4901960784313726,1.5098039215686274,0.2079207920792079,0.2376237623762376,-0.2930693069306931,14.757575757575758,10.121212121212121,5.575757575757576,12.757575757575758,2.5454545454545454,4.636363636363637,4.0,0.0,1.0,11.0,7.0,2.4,1.4455445544554455,1.603960396039604,1.4158415841584158,2.2,1.4,1.7058823529411764,1.18,1.7450980392156863,1.1764705882352942,1.46,1.66,0.27722772277227725,0.2079207920792079,0.9544554455445544,13.818181818181818,13.090909090909092,4.9393939393939394,12.454545454545455,1.9696969696969697,0.7272727272727266
ligue1-2026-2026-08-21-marseille-v-strasbourg,2026-08-21,2026,Marseille,Strasbourg,4,0,2,0.5714285714285714,0.0,615.9042624672749,30,30,999,0,1.0,0,999,0,1.0,0,0,0,1596.5127925286429,1574.7861093898596,21.7266831387833,0.5424476295479603,0.23153252480705624,0.22601984564498345,1,2.0,1.0,2.0,5.0,7.0,1.4,1.7058823529411764,1.8529411764705883,1.303921568627451,1.0,1.4,2.0980392156862746,1.3137254901960784,2.215686274509804,1.0980392156862746,1.4901960784313726,1.5098039215686274,0.20588235294117646,0.23529411764705882,-0.3058823529411765,15.117647058823529,10.617647058823529,5.735294117647059,12.705882352941176,2.5588235294117645,4.5,3.0,1.0,1.0,12.0,10.0,2.0,1.4607843137254901,1.4901960784313726,1.3823529411764706,2.4,2.0,1.7450980392156863,1.1764705882352942,1.6666666666666667,1.2156862745098038,1.3137254901960784,1.5490196078431373,0.23529411764705882,0.19607843137254902,0.5392156862745099,11.470588235294118,12.647058823529411,4.647058823529412,11.264705882352942,2.0588235294117645,-1.1764705882352935
ligue1-2026-2026-08-22-lens-v-auxerre,2026-08-22,2026,Lens,Auxerre,5,2,2,0.7,0.0,298.510290385125,30,30,999,0,1.0,0,999,0,1.0,0,0,0,1646.608708301827,1491.7134263758385,154.89528192598846,0.6645008860011814,0.20968694624926165,0.125812167749557,1,2.0,2.0,1.0,9.0,6.0,1.6,1.696078431372549,1.5,1.088235294117647,1.8,1.2,1.8823529411764706,1.5098039215686274,1.588235294117647,1.0392156862745099,1.411764705882353,1.1372549019607843,0.38235294117647056,0.22549019607843138,-0.0960784313725489,16.470588235294116,11.117647058823529,5.5588235294117645,12.705882352941176,2.235294117647059,5.352941176470587,3.0,1.0,1.0,11.0,7.0,2.0,1.1176470588235294,1.2058823529411764,1.3970588235294117,2.2,1.4,1.4411764705882353,0.7941176470588235,1.2352941176470589,1.0,1.1764705882352942,1.7941176470588236,0.27941176470588236,0.3382352941176471,0.8823529411764706,10.705882352941176,12.0,3.5,13.735294117647058,2.4411764705882355,-1.2941176470588243
ligue1-2026-2026-08-22-le-mans-v-brest,2026-08-22,2026,Le Mans,Brest,2,2,1,0.5,0.0,349.7845234494154,7,30,999,0,1.0,0,999,0,1.0,0,0,0,1500.0,1476.5891690859448,23.41083091405517,0.3772968558595345,0.2858309514087382,0.3368721927317272,1,1.8526315789473684,1.171578947368421,1.8578947368421053,6.890526315789474,6.908421052631579,1.3693508771929823,1.368124595033066,1.388802834952689,1.387963152868503,1.4091754385964912,1.4225789473684212,1.5425158622095096,1.207225300561266,1.5363599350802901,1.2422312520740564,1.2475430931002784,1.5188124260627864,0.2702226614472671,0.2683123248098637,0.0012262821599161456,12.289596697550415,12.37033588345685,4.1808457906541685,12.3234466889063,2.1894196983969327,-0.0807391859064324,0.0,2.0,3.0,5.0,11.0,0.4,1.4705882352941178,1.4509803921568627,1.4509803921568627,1.0,2.2,1.7647058823529411,1.1764705882352942,1.6470588235294117,1.1372549019607843,1.2549019607843137,1.7647058823529411,0.3333333333333333,0.2647058823529412,-1.0705882352941178,11.205882352941176,13.911764705882353,3.5294117647058822,12.764705882352942,1.9411764705882353,-2.7058823529411775
ligue1-2026-2026-08-22-nice-v-lorient,2026-08-22,2026,Nice,Lorient,0,0,1,0.5,0.0,938.7534291162799,30,30,999,0,1.0,0,999,0,1.0,0,0,0,1471.5244210529581,1488.9327230799795,-17.408302027021364,0.41395531164249316,0.2885143081144649,0.2975303802430419,1,0.0,4.0,1.0,3.0,4.0,0.8,1.4411764705882353,1.4019607843137254,1.2745098039215685,0.6,0.8,1.7254901960784315,1.1568627450980393,1.5294117647058822,1.0392156862745099,1.2745098039215685,1.5098039215686274,0.30392156862745096,0.23529411764705882,-0.6411764705882352,11.235294117647058,15.0,3.911764705882353,12.352941176470589,2.176470588235294,-3.764705882352942,2.0,1.0,2.0,10.0,7.0,1.4,1.088235294117647,1.338235294117647,1.7205882352941178,2.0,1.4,1.3529411764705883,0.8235294117647058,1.6764705882352942,1.6176470588235294,1.0,1.8235294117647058,0.16176470588235295,0.35294117647058826,0.31176470588235294,11.352941176470589,11.117647058823529,3.9411764705882355,9.588235294117647,1.6764705882352942,0.23529411764705976
ligue1-2026-2026-08-22-toulouse-v-lyon,2026-08-22,2026,Toulouse,Lyon,0,2,0,0.35714285714285715,0.0,370.8569193679967,30,30,999,0,1.0,0,999,0,1.0,0,0,0,1514.2023480056382,1596.3885545832386,-82.18620657760039,0.4317656129529684,0.27139552814186585,0.2968388589051658,1,2.0,2.0,1.0,8.0,7.0,1.6,1.2745098039215685,1.303921568627451,1.3235294117647058,1.6,1.4,1.1764705882352942,1.3725490196078431,1.2941176470588236,1.392156862745098,1.3137254901960784,1.2549019607843137,0.2549019607843137,0.28431372549019607,0.32549019607843155,12.529411764705882,11.911764705882353,4.235294117647059,14.088235294117647,2.5588235294117645,0.617647058823529,3.0,0.0,2.0,10.0,11.0,1.8,1.6666666666666667,1.6372549019607843,1.3823529411764706,2.0,2.2,1.9019607843137254,1.4313725490196079,1.803921568627451,1.3333333333333333,1.4705882352941178,1.4313725490196079,0.3431372549019608,0.17647058823529413,0.1333333333333333,12.264705882352942,11.970588235294118,4.647058823529412,13.0,2.2058823529411766,0.29411764705882426
ligue1-2026-2026-08-22-troyes-v-paris-fc,2026-08-22,2026,Troyes,Paris FC,0,0,1,0.5,0.0,138.89001862259832,7,30,999,0,1.0,0,999,0,1.0,0,0,0,1500.0,1528.9432995173634,-28.943299517363357,0.27055702917771884,0.2785145888594165,0.4509283819628648,1,1.8526315789473684,1.171578947368421,1.8578947368421053,6.890526315789474,6.908421052631579,1.3693508771929823,1.368124595033066,1.388802834952689,1.387963152868503,1.4091754385964912,1.4225789473684212,1.5425158622095096,1.207225300561266,1.5363599350802901,1.2422312520740564,1.2475430931002784,1.5188124260627864,0.2702226614472671,0.2683123248098637,0.0012262821599161456,12.289596697550415,12.37033588345685,4.1808457906541685,12.3234466889063,2.1894196983969327,-0.0807391859064324,3.0,0.0,2.0,10.0,5.0,1.8,1.2941176470588236,1.3823529411764706,1.4705882352941178,2.0,1.0,1.4705882352941178,1.1176470588235294,1.6470588235294117,1.588235294117647,1.1176470588235294,1.3529411764705883,0.23529411764705882,0.2647058823529412,0.5058823529411764,11.676470588235293,12.5,3.9705882352941178,10.676470588235293,2.3823529411764706,-0.8235294117647065
ligue1-2026-2026-08-23-angers-v-lille,2026-08-23,2026,Angers,Lille,0,2,0,0.0,0.0,440.2764989963635,30,30,999,0,1.0,0,999,0,1.0,0,0,0,1411.4049266994207,1623.06071754307,-211.65579084364936,0.1894275807530872,0.26309386215706554,0.5474785570898474,1,0.0,3.0,2.0,4.0,9.0,0.6,1.0588235294117647,0.8970588235294118,1.4852941176470589,0.8,1.8,1.1764705882352942,0.9411764705882353,1.0588235294117647,1.5588235294117647,0.7352941176470589,1.411764705882353,0.25,0.38235294117647056,-0.45882352941176474,9.382352941176471,14.411764705882353,3.2941176470588234,11.088235294117647,1.6176470588235294,-5.029411764705882,2.0,2.0,1.0,3.0,3.0,1.6,1.7647058823529411,1.5294117647058822,1.0490196078431373,0.6,0.6,2.019607843137255,1.5098039215686274,1.7450980392156863,0.9607843137254902,1.3137254901960784,1.1372549019607843,0.38235294117647056,0.18627450980392157,-0.16470588235294104,13.647058823529411,9.117647058823529,4.617647058823529,10.882352941176471,2.6470588235294117,4.529411764705882
ligue1-2026-2026-08-23-le-havre-v-monaco,2026-08-23,2026,Le Havre,Monaco,0,1,0,0.2857142857142857,0.0,849.3032279621074,30,30,999,0,1.0,0,999,0,1.0,0,0,0,1432.6315335642455,1587.2995897753594,-154.66805621111394,0.22673031026252988,0.27207637231503584,0.5011933174224344,1,1.0,3.0,1.0,8.0,7.0,1.2,0.9901960784313726,1.0392156862745099,1.5686274509803921,1.6,1.4,1.0588235294117647,0.9215686274509803,1.0392156862745099,1.5294117647058822,1.0392156862745099,1.607843137254902,0.18627450980392157,0.38235294117647056,0.20980392156862737,10.970588235294118,13.0,3.6470588235294117,13.705882352941176,2.1176470588235294,-2.0294117647058822,1.0,2.0,2.0,10.0,11.0,1.0,1.7843137254901962,1.8725490196078431,1.3431372549019607,2.0,2.2,2.0392156862745097,1.5294117647058822,1.9803921568627452,1.0392156862745099,1.7647058823529411,1.6470588235294117,0.29411764705882354,0.16666666666666666,-0.7843137254901962,12.529411764705882,13.441176470588236,4.4411764705882355,12.970588235294118,2.4705882352941178,-0.9117647058823533
ligue1-2026-2026-08-23-rennes-v-paris-sg,2026-08-23,2026,Rennes,Paris SG,2,2,1,0.2857142857142857,0.0,298.53722794303593,30,30,999,0,1.0,0,999,0,1.0,0,0,0,1594.2306791446385,1771.0715898174415,-176.84091067280292,0.15778019586507072,0.18933623503808486,0.6528835690968444,1,3.0,0.0,2.0,10.0,9.0,1.8,1.4313725490196079,1.5980392156862746,1.4313725490196079,2.0,1.8,1.7058823529411764,1.1568627450980393,1.7450980392156863,1.1764705882352942,1.4509803921568627,1.6862745098039216,0.27450980392156865,0.20588235294117646,0.3686274509803922,14.205882352941176,13.5,4.970588235294118,12.382352941176471,1.9411764705882353,0.7058823529411757,3.0,1.0,1.0,9.0,4.0,2.0,2.3137254901960786,2.4215686274509802,0.9509803921568627,1.8,0.8,2.3137254901960786,2.3137254901960786,2.5098039215686274,0.9803921568627451,2.3333333333333335,0.9215686274509803,0.3627450980392157,0.058823529411764705,-0.31372549019607865,17.705882352941178,8.823529411764707,6.676470588235294,9.176470588235293,1.1764705882352942,8.882352941176471
ligue1-2026-2026-08-28-lille-v-paris-sg,2026-08-28,2026,Lille,Paris SG,2,2,1,0.21428571428571427,0.0,206.76603215117404,5,5,999,0,1.0,0,999,0,1.0,0,0,0,1632.808237689195,1768.8952994028402,-136.0870617136452,0.20897040592517244,0.24746495438507263,0.543564639689755,1,3.0,1.0,1.0,5.0,3.0,2.0,1.7766990291262137,1.5339805825242718,1.0388349514563107,1.0,0.6,2.019607843137255,1.5384615384615385,1.7450980392156863,0.9607843137254902,1.3269230769230769,1.1153846153846154,0.3883495145631068,0.18446601941747573,0.2233009708737863,13.571428571428571,9.428571428571429,4.714285714285714,10.942857142857143,2.6285714285714286,4.142857142857142,2.0,2.0,1.0,8.0,6.0,1.6,2.3009708737864076,2.4174757281553396,0.9611650485436893,1.6,1.2,2.3137254901960786,2.2884615384615383,2.5098039215686274,0.9803921568627451,2.326923076923077,0.9423076923076923,0.3592233009708738,0.05825242718446602,-0.7009708737864075,17.742857142857144,8.82857142857143,6.628571428571429,9.085714285714285,1.2,8.914285714285715
ligue1-2026-2026-08-29-auxerre-v-angers,2026-08-29,2026,Auxerre,Angers,1,3,0,0.4,0.0,310.425540474441,7,6,999,0,1.0,0,999,0,1.0,0,0,0,1485.2232906729325,1401.6574065532957,83.56588411963685,0.43220338983050843,0.288135593220339,0.2796610169491525,1,3.0,0.0,2.0,11.0,10.0,1.8,1.1014492753623188,1.2173913043478262,1.4492753623188406,2.2,2.0,1.4411764705882353,0.7714285714285715,1.2352941176470589,1.0,1.2,1.8857142857142857,0.2753623188405797,0.3333333333333333,0.6985507246376812,10.685714285714285,12.0,3.5142857142857142,13.942857142857143,2.4571428571428573,-1.314285714285715,0.0,2.0,3.0,3.0,10.0,0.4,1.0434782608695652,0.8840579710144928,1.4927536231884058,0.6,2.0,1.1428571428571428,0.9411764705882353,1.0285714285714285,1.5714285714285714,0.7352941176470589,1.411764705882353,0.2463768115942029,0.391304347826087,-0.6434782608695652,9.685714285714285,14.314285714285715,3.257142857142857,11.085714285714285,1.6285714285714286,-4.62857142857143
ligue1-2026-2026-08-29-lorient-v-troyes,2026-08-29,2026,Lorient,Troyes,1,2,0,0.0,0.0,556.8334691396585,7,7,999,0,1.0,0,999,0,1.0,0,0,0,1491.2661147288504,1497.9828694614928,-6.716754732642357,0.48657187993680884,0.287519747235387,0.22590837282780407,1,1.0,2.0,2.0,8.0,7.0,1.0,1.0869565217391304,1.318840579710145,1.6956521739130435,1.6,1.4,1.3529411764705883,0.8285714285714286,1.6764705882352942,1.6176470588235294,0.9714285714285714,1.7714285714285714,0.17391304347826086,0.36231884057971014,-0.08695652173913038,11.314285714285715,11.2,3.8857142857142857,9.542857142857143,1.6285714285714286,0.11428571428571566,0.0,1.0,0.0,0.0,0.0,1.0,1.0,0.0,0.0,0.0,0.0,1.0,1.0,0.0,0.0,0.0,0.0,1.0,1.0,0.0,9.0,10.0,2.0,8.0,2.0,-1.0
ligue1-2026-2026-08-29-strasbourg-v-lens,2026-08-29,2026,Strasbourg,Lens,2,1,2,0.42857142857142855,0.0,413.0470096073049,8,7,999,0,1.0,0,999,0,1.0,0,0,0,1561.5199615220188,1653.0988440047329,-91.5788824827141,0.2418716669533804,0.24823671082057458,0.509891622226045,1,2.0,1.0,2.0,9.0,12.0,1.4,1.4466019417475728,1.4757281553398058,1.4077669902912622,1.8,2.4,1.7450980392156863,1.1538461538461537,1.6666666666666667,1.2156862745098038,1.2884615384615385,1.5961538461538463,0.23300970873786409,0.20388349514563106,-0.04660194174757293,11.285714285714286,12.685714285714285,4.571428571428571,11.285714285714286,2.1142857142857143,-1.3999999999999986,3.0,1.0,1.0,11.0,5.0,2.0,1.7087378640776698,1.5339805825242718,1.0970873786407767,2.2,1.0,1.9038461538461537,1.5098039215686274,1.6538461538461537,1.0576923076923077,1.411764705882353,1.1372549019607843,0.3786407766990291,0.22330097087378642,0.2912621359223302,16.34285714285714,11.085714285714285,5.6571428571428575,12.514285714285714,2.2,5.257142857142856
ligue1-2026-2026-08-29-lyon-v-le-havre,2026-08-29,2026,Lyon,Le Havre,1,1,1,0.6428571428571429,0.0,552.2473546806608,7,6,999,0,1.0,0,999,0,1.0,0,0,0,1611.2551541593682,1424.1921485855626,187.06300557380564,0.6756756756756757,0.1891891891891892,0.13513513513513511,1,3.0,0.0,2.0,10.0,10.0,1.8,1.6796116504854368,1.6407766990291262,1.3689320388349515,2.0,2.0,1.9019607843137254,1.4615384615384615,1.803921568627451,1.3333333333333333,1.4807692307692308,1.4038461538461537,0.34951456310679613,0.17475728155339806,0.12038834951456323,12.228571428571428,12.114285714285714,4.6,13.057142857142857,2.2,0.11428571428571388,1.0,2.0,2.0,7.0,7.0,1.0,0.9805825242718447,1.029126213592233,1.5631067961165048,1.4,1.4,1.0384615384615385,0.9215686274509803,1.0192307692307692,1.5192307692307692,1.0392156862745099,1.607843137254902,0.18446601941747573,0.3883495145631068,0.01941747572815533,11.085714285714285,13.057142857142857,3.657142857142857,13.685714285714285,2.142857142857143,-1.9714285714285715
ligue1-2026-2026-08-29-brest-v-toulouse,2026-08-29,2026,Brest,Toulouse,2,2,1,0.5714285714285714,0.0,703.0608682042306,7,7,999,0,1.0,0,999,0,1.0,0,0,0,1479.9990033882914,1499.3357484295086,-19.336745041217227,0.3997567403202919,0.2763024528684371,0.323940806811271,1,0.0,2.0,3.0,4.0,10.0,0.4,1.4660194174757282,1.4563106796116505,1.4563106796116505,0.8,2.0,1.7647058823529411,1.1730769230769231,1.6470588235294117,1.1372549019607843,1.2692307692307692,1.7692307692307692,0.3300970873786408,0.2621359223300971,-1.066019417475728,11.628571428571428,13.742857142857142,3.6285714285714286,12.742857142857142,1.9142857142857144,-2.114285714285714,2.0,2.0,1.0,6.0,6.0,1.6,1.2621359223300972,1.2912621359223302,1.3300970873786409,1.2,1.2,1.1538461538461537,1.3725490196078431,1.2692307692307692,1.4038461538461537,1.3137254901960784,1.2549019607843137,0.2524271844660194,0.2912621359223301,0.3378640776699029,12.657142857142857,11.885714285714286,4.171428571428572,14.114285714285714,2.5142857142857142,0.7714285714285705
ligue1-2026-2026-08-30-paris-fc-v-nice,2026-08-30,2026,Paris FC,Nice,3,0,2,0.8333333333333334,0.0,683.4105943788709,8,8,999,0,1.0,0,999,0,1.0,0,0,0,1530.9604300558706,1469.1910294040872,61.76940065178337,0.48519443453442745,0.27827327863003926,0.23653228683553335,1,2.0,1.0,2.0,7.0,4.0,1.4,1.2857142857142858,1.3428571428571427,1.4285714285714286,1.4,0.8,1.4705882352941178,1.1111111111111112,1.6470588235294117,1.588235294117647,1.0555555555555556,1.2777777777777777,0.2571428571428571,0.2857142857142857,0.1142857142857141,11.628571428571428,12.4,3.8857142857142857,10.771428571428572,2.342857142857143,-0.7714285714285722,0.0,4.0,1.0,3.0,4.0,0.8,1.4368932038834952,1.3883495145631068,1.2621359223300972,0.6,0.8,1.7115384615384615,1.1568627450980393,1.5,1.0192307692307692,1.2745098039215685,1.5098039215686274,0.3106796116504854,0.24271844660194175,-0.6368932038834951,11.314285714285715,14.857142857142858,3.8285714285714287,12.428571428571429,2.142857142857143,-3.5428571428571427
ligue1-2026-2026-08-30-rennes-v-le-mans,2026-08-30,2026,Rennes,Le Mans,3,2,2,1.0,0.0,137.34804780521947,7,8,999,0,1.0,0,999,0,1.0,0,0,0,1596.4069695592398,1496.5901656976534,99.81680386158632,0.6849315068493151,0.18003913894324852,0.1350293542074364,1,2.0,1.0,2.0,9.0,11.0,1.4,1.4271844660194175,1.6019417475728155,1.4368932038834952,1.8,2.2,1.6923076923076923,1.1568627450980393,1.75,1.1923076923076923,1.4509803921568627,1.6862745098039216,0.27184466019417475,0.20388349514563106,-0.027184466019417597,14.057142857142857,13.657142857142857,4.914285714285715,12.228571428571428,1.9428571428571428,0.40000000000000036,0.0,1.0,0.0,2.0,2.0,1.0,1.0,2.0,2.0,2.0,2.0,1.0,1.0,2.0,2.0,2.0,2.0,0.0,0.0,0.0,8.0,26.0,5.0,14.0,1.0,-18.0
ligue1-2026-2026-08-30-monaco-v-marseille,2026-08-30,2026,Monaco,Marseille,2,0,2,0.6428571428571429,0.0,170.65760939507788,7,9,999,0,1.0,0,999,0,1.0,0,0,0,1595.7389747540424,1609.7789403964837,-14.039965642441302,0.4317656129529684,0.27139552814186585,0.2968388589051658,1,2.0,1.0,2.0,9.0,9.0,1.4,1.796116504854369,1.8640776699029127,1.3300970873786409,1.8,1.8,2.0392156862745097,1.5576923076923077,1.9803921568627452,1.0392156862745099,1.75,1.6153846153846154,0.30097087378640774,0.1650485436893204,-0.3961165048543691,12.6,13.485714285714286,4.514285714285714,12.942857142857143,2.4571428571428573,-0.8857142857142861,3.0,1.0,1.0,9.0,5.0,2.0,1.7184466019417475,1.8737864077669903,1.2912621359223302,1.8,1.0,2.1153846153846154,1.3137254901960784,2.25,1.0769230769230769,1.4901960784313726,1.5098039215686274,0.21359223300970873,0.23300970873786409,0.2815533980582525,15.085714285714285,10.457142857142857,5.8,12.514285714285714,2.5142857142857142,4.628571428571428
ligue1-2026-2026-09-03-toulouse-v-lille,2026-09-03,2026,Toulouse,Lille,0,1,0,0.21428571428571427,0.0,792.0037973750112,5,6,999,0,1.0,0,999,0,1.0,0,0,0,1501.6165895983145,1633.8431876966397,-132.2265980983252,0.2642238998342847,0.2717731541152642,0.46400294605045117,1,2.0,2.0,1.0,6.0,6.0,1.6,1.2596153846153846,1.2980769230769231,1.3365384615384615,1.2,1.2,1.1538461538461537,1.3653846153846154,1.2692307692307692,1.4038461538461537,1.3269230769230769,1.2692307692307692,0.25,0.28846153846153844,0.3403846153846155,12.472222222222221,12.277777777777779,4.111111111111111,14.222222222222221,2.5277777777777777,0.19444444444444287,2.0,2.0,1.0,6.0,5.0,1.6,1.7692307692307692,1.5384615384615385,1.0480769230769231,1.2,1.0,2.0,1.5384615384615385,1.75,0.9807692307692307,1.3269230769230769,1.1153846153846154,0.38461538461538464,0.18269230769230768,-0.16923076923076907,13.444444444444445,9.666666666666666,4.694444444444445,10.944444444444445,2.611111111111111,3.7777777777777786
ligue1-2026-2026-09-04-lyon-v-auxerre,2026-09-04,2026,Lyon,Auxerre,3,1,2,0.8,0.0,249.5562986910852,6,6,999,0,1.0,0,999,0,1.0,0,0,0,1604.4706689511963,1464.2347343615486,140.23593458964774,0.6655744419414295,0.18902314151136598,0.1454024165472046,1,2.0,1.0,2.0,8.0,9.0,1.4,1.6730769230769231,1.6346153846153846,1.3653846153846154,1.6,1.8,1.8846153846153846,1.4615384615384615,1.7884615384615385,1.3269230769230769,1.4807692307692308,1.4038461538461537,0.34615384615384615,0.17307692307692307,-0.2730769230769232,12.333333333333334,12.11111111111111,4.611111111111111,12.88888888888889,2.138888888888889,0.2222222222222232,3.0,0.0,2.0,10.0,10.0,1.8,1.0857142857142856,1.2142857142857142,1.4714285714285715,2.0,2.0,1.4,0.7714285714285715,1.2285714285714286,1.0571428571428572,1.2,1.8857142857142857,0.2714285714285714,0.32857142857142857,0.7142857142857144,10.944444444444445,12.083333333333334,3.611111111111111,14.0,2.4722222222222223,-1.1388888888888893
ligue1-2026-2026-09-04-paris-sg-v-monaco,2026-09-04,2026,Paris SG,Monaco,1,2,0,0.5,0.0,692.8795120593559,7,5,999,0,1.0,0,999,0,1.0,0,0,0,1767.8603493953956,1606.451852039019,161.40849735637653,0.7201565557729942,0.16281800391389434,0.11702544031311157,1,2.0,2.0,1.0,8.0,6.0,1.6,2.2884615384615383,2.4134615384615383,0.9711538461538461,1.6,1.2,2.3137254901960786,2.2641509433962264,2.5098039215686274,0.9803921568627451,2.3207547169811322,0.9622641509433962,0.3557692307692308,0.057692307692307696,-0.6884615384615382,17.75,8.833333333333334,6.555555555555555,9.027777777777779,1.1944444444444444,8.916666666666666,3.0,0.0,2.0,9.0,7.0,1.8,1.8076923076923077,1.8653846153846154,1.3173076923076923,1.8,1.4,2.0576923076923075,1.5576923076923077,1.9807692307692308,1.0192307692307692,1.75,1.6153846153846154,0.3076923076923077,0.16346153846153846,-0.007692307692307665,12.555555555555555,13.472222222222221,4.527777777777778,12.833333333333334,2.5,-0.9166666666666661
ligue1-2026-2026-09-05-lens-v-lorient,2026-09-05,2026,Lens,Lorient,0,1,0,0.5,0.0,539.770660062649,7,7,999,0,1.0,0,999,0,1.0,0,0,0,1643.3411757975782,1478.643915437754,164.6972603598242,0.6303499679729809,0.21836603971350377,0.15128399231351541,1,3.0,0.0,2.0,11.0,6.0,1.8,1.6923076923076923,1.5288461538461537,1.1057692307692308,2.2,1.2,1.9038461538461537,1.4807692307692308,1.6538461538461537,1.0576923076923077,1.4038461538461537,1.1538461538461537,0.375,0.22115384615384615,0.10769230769230775,16.36111111111111,11.222222222222221,5.694444444444445,12.472222222222221,2.1944444444444446,5.138888888888889,1.0,2.0,2.0,7.0,6.0,1.0,1.0714285714285714,1.3142857142857143,1.7,1.4,1.2,1.3142857142857143,0.8285714285714286,1.6571428571428573,1.6285714285714286,0.9714285714285714,1.7714285714285714,0.17142857142857143,0.35714285714285715,-0.0714285714285714,11.416666666666666,11.194444444444445,3.9444444444444446,9.527777777777779,1.5833333333333333,0.22222222222222143
ligue1-2026-2026-09-05-le-havre-v-brest,2026-09-05,2026,Le Havre,Brest,1,2,0,0.14285714285714285,0.0,357.13572034857475,7,7,999,0,1.0,0,999,0,1.0,0,0,0,1430.9766337937344,1477.7181622194855,-46.741528425751085,0.32613126783530366,0.29555646147574394,0.3783122706889523,1,1.0,2.0,2.0,4.0,4.0,1.0,0.9807692307692307,1.0288461538461537,1.5576923076923077,0.8,0.8,1.0384615384615385,0.9230769230769231,1.0192307692307692,1.5192307692307692,1.0384615384615385,1.5961538461538463,0.18269230769230768,0.38461538461538464,0.019230769230769273,11.11111111111111,13.13888888888889,3.6666666666666665,13.75,2.138888888888889,-2.0277777777777786,0.0,3.0,2.0,6.0,8.0,0.6,1.4615384615384615,1.4615384615384615,1.4615384615384615,1.2,1.6,1.75,1.1730769230769231,1.6538461538461537,1.1538461538461537,1.2692307692307692,1.7692307692307692,0.3269230769230769,0.25961538461538464,-0.8615384615384615,12.027777777777779,13.527777777777779,3.7222222222222223,12.916666666666666,1.9166666666666667,-1.5
ligue1-2026-2026-09-05-nice-v-le-mans,2026-09-05,2026,Nice,Le Mans,1,1,1,0.5,0.0,726.495245755422,6,6,999,0,1.0,0,999,0,1.0,0,0,0,1459.3987982510114,1491.7812533606855,-32.38245510967408,0.5835764902042518,0.236348478532722,0.18007503126302626,1,0.0,3.0,2.0,2.0,6.0,0.6,1.4230769230769231,1.375,1.2788461538461537,0.4,1.2,1.7115384615384615,1.1346153846153846,1.5,1.0192307692307692,1.25,1.5384615384615385,0.3076923076923077,0.25,-0.8230769230769232,11.416666666666666,14.86111111111111,3.8333333333333335,12.277777777777779,2.111111111111111,-3.4444444444444446,0.0,1.0,1.0,4.0,5.0,0.5,0.5,2.0,2.5,2.0,2.5,1.0,0.0,2.0,2.0,2.0,3.0,0.0,0.0,0.0,10.0,24.0,5.0,14.5,2.5,-14.0
ligue1-2026-2026-09-06-troyes-v-strasbourg,2026-09-06,2026,Troyes,Strasbourg,2,6,0,0.0,0.0,272.7599013231797,8,8,999,0,1.0,0,999,0,1.0,0,0,0,1510.6050687525892,1571.2776297291734,-60.672560976584236,0.3437815975733064,0.27805864509605666,0.37815975733063706,1,1.0,1.0,0.0,2.0,1.0,2.0,2.0,1.0,0.5,1.0,0.5,1.0,3.0,0.0,0.0,2.0,1.0,0.5,0.5,0.0,10.0,12.5,2.0,9.5,1.0,-2.5,3.0,1.0,1.0,10.0,11.0,2.0,1.4615384615384615,1.4807692307692308,1.4038461538461537,2.0,2.2,1.7692307692307692,1.1538461538461537,1.6730769230769231,1.2115384615384615,1.2884615384615385,1.5961538461538463,0.23076923076923078,0.20192307692307693,0.5384615384615385,11.416666666666666,12.805555555555555,4.638888888888889,11.25,2.111111111111111,-1.3888888888888893
ligue1-2026-2026-09-06-angers-v-rennes,2026-09-06,2026,Angers,Rennes,1,2,0,0.1,0.0,109.88434816339439,8,7,999,0,1.0,0,999,0,1.0,0,0,0,1422.6459628646796,1601.2158818962077,-178.56991903152812,0.20955315870570107,0.2357473035439137,0.5546995377503853,1,1.0,2.0,2.0,6.0,8.0,1.0,1.0714285714285714,0.9142857142857143,1.4857142857142858,1.2,1.6,1.1428571428571428,1.0,1.0285714285714285,1.5714285714285714,0.8,1.4,0.24285714285714285,0.38571428571428573,-0.0714285714285714,9.833333333333334,14.472222222222221,3.3333333333333335,10.944444444444445,1.6388888888888888,-4.6388888888888875,2.0,1.0,2.0,10.0,12.0,1.4,1.4423076923076923,1.6153846153846154,1.4423076923076923,2.0,2.4,1.7169811320754718,1.1568627450980393,1.7735849056603774,1.2075471698113207,1.4509803921568627,1.6862745098039216,0.2692307692307692,0.20192307692307693,-0.04230769230769238,14.277777777777779,13.61111111111111,5.0,12.305555555555555,1.9722222222222223,0.6666666666666679
ligue1-2026-2026-09-06-marseille-v-paris-fc,2026-09-06,2026,Marseille,Paris FC,2,3,0,0.5,0.0,661.732380441033,7,7,999,0,1.0,0,999,0,1.0,0,0,0,1599.066063111507,1540.7526612089464,58.3134019025606,0.4983388704318937,0.25249169435215946,0.24916943521594684,1,3.0,0.0,2.0,8.0,6.0,1.8,1.7019230769230769,1.8557692307692308,1.2980769230769231,1.6,1.2,2.1153846153846154,1.2884615384615385,2.25,1.0769230769230769,1.4615384615384615,1.5192307692307692,0.21153846153846154,0.2403846153846154,0.09807692307692317,15.027777777777779,10.472222222222221,5.694444444444445,12.444444444444445,2.4444444444444446,4.555555555555557,3.0,1.0,1.0,10.0,3.0,2.0,1.3333333333333333,1.3888888888888888,1.3888888888888888,2.0,0.6,1.5555555555555556,1.1111111111111112,1.7222222222222223,1.5,1.0555555555555556,1.2777777777777777,0.2777777777777778,0.2777777777777778,0.6666666666666667,11.722222222222221,12.472222222222221,3.888888888888889,10.666666666666666,2.2777777777777777,-0.75
ligue1-2026-2026-09-11-rennes-v-marseille,2026-09-11,2026,Rennes,Marseille,1,0,2,0.42857142857142855,0.0,766.4381524621508,5,5,999,0,1.0,0,999,0,1.0,0,0,0,1608.9922352829487,1584.8006378572775,24.19159742567126,0.483021608861449,0.24786635191574355,0.2691120392228073,1,3.0,1.0,1.0,10.0,9.0,2.0,1.457142857142857,1.619047619047619,1.438095238095238,2.0,1.8,1.7169811320754718,1.1923076923076923,1.7735849056603774,1.2075471698113207,1.4615384615384615,1.6730769230769231,0.26666666666666666,0.2,0.5428571428571429,14.35135135135135,13.756756756756756,5.0,12.378378378378379,1.945945945945946,0.5945945945945947,3.0,0.0,2.0,10.0,6.0,1.8,1.6857142857142857,1.8571428571428572,1.3142857142857143,2.0,1.2,2.0754716981132075,1.2884615384615385,2.2452830188679247,1.1132075471698113,1.4615384615384615,1.5192307692307692,0.20952380952380953,0.23809523809523808,0.11428571428571432,15.0,10.675675675675675,5.675675675675675,12.378378378378379,2.3783783783783785,4.324324324324325
ligue1-2026-2026-09-12-le-havre-v-angers,2026-09-12,2026,Le Havre,Angers,0,0,1,0.5,0.0,230.88187812503108,7,6,999,0,1.0,0,999,0,1.0,0,0,0,1419.4556266231891,1414.8696094779386,4.58601714525048,0.3632006498781478,0.27774167343623074,0.3590576766856215,1,1.0,1.0,3.0,4.0,5.0,0.8,0.9714285714285714,1.0285714285714285,1.561904761904762,0.8,1.0,1.0188679245283019,0.9230769230769231,1.0188679245283019,1.528301886792453,1.0384615384615385,1.5961538461538463,0.18095238095238095,0.38095238095238093,-0.17142857142857137,11.297297297297296,13.297297297297296,3.675675675675676,13.783783783783784,2.1621621621621623,-2.0,1.0,2.0,2.0,6.0,7.0,1.0,1.056338028169014,0.9154929577464789,1.4929577464788732,1.2,1.4,1.1111111111111112,1.0,1.0277777777777777,1.5833333333333333,0.8,1.4,0.23943661971830985,0.38028169014084506,-0.05633802816901401,10.08108108108108,14.54054054054054,3.324324324324324,10.91891891891892,1.6216216216216217,-4.45945945945946
ligue1-2026-2026-09-12-strasbourg-v-monaco,2026-09-12,2026,Strasbourg,Monaco,1,1,1,0.2857142857142857,0.0,537.9304004859993,6,8,999,0,1.0,0,999,0,1.0,0,0,0,1593.5318795922026,1622.8176029278884,-29.285723335685816,0.3180515759312321,0.25787965616045844,0.4240687679083095,1,4.0,0.0,1.0,15.0,12.0,2.4,1.4761904761904763,1.5238095238095237,1.4095238095238096,3.0,2.4,1.7692307692307692,1.1886792452830188,1.6730769230769231,1.2115384615384615,1.3773584905660377,1.6037735849056605,0.22857142857142856,0.2,0.9238095238095236,11.621621621621621,13.18918918918919,4.837837837837838,11.378378378378379,2.081081081081081,-1.5675675675675684,3.0,0.0,2.0,9.0,7.0,1.8,1.819047619047619,1.8666666666666667,1.3142857142857143,1.8,1.4,2.0576923076923075,1.5849056603773586,1.9807692307692308,1.0192307692307692,1.7547169811320755,1.6037735849056605,0.3047619047619048,0.1619047619047619,-0.01904761904761898,12.324324324324325,13.72972972972973,4.45945945945946,12.783783783783784,2.4594594594594597,-1.4054054054054053
ligue1-2026-2026-09-12-paris-fc-v-lyon,2026-09-12,2026,Paris FC,Lyon,0,0,1,0.5,0.0,394.1582523546252,6,8,999,0,1.0,0,999,0,1.0,0,0,0,1555.018086463176,1610.1428582297158,-55.12477176653988,0.3828316115075915,0.26053818005377755,0.3566302084386309,1,3.0,1.0,1.0,9.0,5.0,2.0,1.3783783783783783,1.4324324324324325,1.4054054054054055,1.8,1.0,1.5555555555555556,1.2105263157894737,1.7222222222222223,1.5,1.1578947368421053,1.3157894736842106,0.2702702702702703,0.2702702702702703,0.6216216216216217,11.891891891891891,12.513513513513514,3.972972972972973,10.702702702702704,2.27027027027027,-0.6216216216216228,2.0,1.0,2.0,7.0,8.0,1.4,1.6857142857142857,1.6476190476190475,1.361904761904762,1.4,1.6,1.9056603773584906,1.4615384615384615,1.8113207547169812,1.320754716981132,1.4807692307692308,1.4038461538461537,0.34285714285714286,0.17142857142857143,-0.2857142857142858,12.567567567567568,12.0,4.675675675675675,12.837837837837839,2.135135135135135,0.5675675675675684
ligue1-2026-2026-09-12-auxerre-v-nice,2026-09-12,2026,Auxerre,Nice,1,0,2,0.7,0.0,537.2523581843685,8,7,999,0,1.0,0,999,0,1.0,0,0,0,1458.5625450830291,1457.4768138450302,1.0857312379989708,0.32653473344103395,0.28695476575121165,0.3865105008077544,1,2.0,0.0,3.0,8.0,12.0,1.2,1.0704225352112675,1.2112676056338028,1.4929577464788732,1.6,2.4,1.4,0.75,1.2285714285714286,1.0571428571428572,1.1944444444444444,1.9166666666666667,0.2676056338028169,0.323943661971831,0.12957746478873244,10.864864864864865,12.324324324324325,3.5945945945945947,13.837837837837839,2.4594594594594597,-1.4594594594594597,0.0,3.0,2.0,2.0,6.0,0.6,1.4190476190476191,1.3714285714285714,1.276190476190476,0.4,1.2,1.6981132075471699,1.1346153846153846,1.490566037735849,1.0188679245283019,1.25,1.5384615384615385,0.3047619047619048,0.24761904761904763,-0.8190476190476191,11.324324324324325,14.675675675675675,3.7837837837837838,12.054054054054054,2.108108108108108,-3.351351351351351
ligue1-2026-2026-09-12-lorient-v-toulouse,2026-09-12,2026,Lorient,Toulouse,2,2,1,0.3,0.0,594.4066721144292,7,9,999,0,1.0,0,999,0,1.0,0,0,0,1495.0656275162341,1492.5414946680717,2.5241328481624805,0.41002004008016035,0.28577154308617236,0.30420841683366734,1,2.0,1.0,2.0,6.0,4.0,1.4,1.0985915492957747,1.3098591549295775,1.676056338028169,1.2,0.8,1.3142857142857143,0.8888888888888888,1.6571428571428573,1.6285714285714286,0.9722222222222222,1.7222222222222223,0.18309859154929578,0.352112676056338,0.3014084507042252,11.324324324324325,11.35135135135135,3.918918918918919,9.432432432432432,1.5675675675675675,-0.027027027027026307,1.0,2.0,2.0,4.0,6.0,1.0,1.2476190476190476,1.2857142857142858,1.3333333333333333,0.8,1.2,1.1320754716981132,1.3653846153846154,1.2452830188679245,1.3962264150943395,1.3269230769230769,1.2692307692307692,0.24761904761904763,0.29523809523809524,-0.24761904761904763,12.783783783783784,12.216216216216216,4.27027027027027,14.27027027027027,2.4864864864864864,0.5675675675675684
ligue1-2026-2026-09-13-lille-v-troyes,2026-09-13,2026,Lille,Troyes,2,0,2,1.0,0.0,266.2853573544189,10,7,5,0,0.0,-1,999,0,1.0,0,0,0,1642.9182826268825,1488.35081888956,154.56746373732244,0.631578947368421,0.21052631578947367,0.15789473684210525,1,3.0,1.0,1.0,6.0,4.0,2.0,1.7809523809523808,1.5333333333333334,1.0380952380952382,1.2,0.8,2.0,1.5660377358490567,1.75,0.9807692307692307,1.320754716981132,1.0943396226415094,0.3904761904761905,0.18095238095238095,0.21904761904761916,13.35135135135135,10.054054054054054,4.72972972972973,10.891891891891891,2.5405405405405403,3.2972972972972965,1.0,1.0,1.0,4.0,7.0,1.3333333333333333,1.3333333333333333,1.3333333333333333,2.3333333333333335,1.3333333333333333,2.3333333333333335,0.5,3.0,1.0,3.0,2.0,1.0,0.3333333333333333,0.3333333333333333,0.0,15.666666666666666,14.666666666666666,3.3333333333333335,8.333333333333334,1.0,1.0
ligue1-2026-2026-09-13-le-mans-v-lens,2026-09-13,2026,Le Mans,Lens,2,2,1,0.5,0.0,329.8625025677224,8,8,999,0,1.0,0,3,1,3.0,1,0,0,1493.7032377666667,1626.919463719098,-133.2162259524314,0.19884287540642515,0.21813017509942711,0.5830269494941478,1,0.0,2.0,1.0,5.0,6.0,0.6666666666666666,0.6666666666666666,1.6666666666666667,2.0,1.6666666666666667,2.0,1.0,0.5,2.0,2.0,1.5,2.0,0.0,0.0,0.0,9.333333333333334,18.666666666666668,4.333333333333333,13.333333333333334,2.3333333333333335,-9.333333333333334,2.0,0.0,3.0,10.0,7.0,1.2,1.6761904761904762,1.5142857142857142,1.1047619047619048,2.0,1.4,1.8679245283018868,1.4807692307692308,1.6226415094339623,1.0566037735849056,1.4038461538461537,1.1538461538461537,0.37142857142857144,0.22857142857142856,-0.4761904761904763,16.37837837837838,11.135135135135135,5.702702702702703,12.621621621621621,2.2972972972972974,5.243243243243244
ligue1-2026-2026-09-13-brest-v-paris-sg,2026-09-13,2026,Brest,Paris SG,0,1,0,0.07142857142857142,0.0,497.76269074981866,8,9,999,0,1.0,0,4,1,3.0,5,0,0,1489.2391693900308,1751.4945985065262,-262.2554291164954,0.07885055185442974,0.14557024957740877,0.7755791985681615,1,1.0,3.0,1.0,8.0,8.0,1.2,1.4761904761904763,1.4666666666666666,1.457142857142857,1.6,1.6,1.75,1.2075471698113207,1.6538461538461537,1.1538461538461537,1.2830188679245282,1.7547169811320755,0.3238095238095238,0.2571428571428571,-0.2761904761904763,12.216216216216216,13.64864864864865,3.864864864864865,13.054054054054054,1.8918918918918919,-1.4324324324324333,1.0,2.0,2.0,8.0,8.0,1.0,2.2666666666666666,2.4,0.9809523809523809,1.6,1.6,2.269230769230769,2.2641509433962264,2.480769230769231,1.0,2.3207547169811322,0.9622641509433962,0.3523809523809524,0.05714285714285714,-1.2666666666666666,17.89189189189189,8.702702702702704,6.648648648648648,9.027027027027026,1.1891891891891893,9.189189189189188
ligue1-2026-2026-09-18-monaco-v-lens,2026-09-18,2026,Monaco,Lens,2,1,2,0.6428571428571429,0.0,822.5469199461746,6,5,999,0,1.0,0,8,0,3.0,1,0,0,1624.8252768519906,1625.9663260485236,-1.1410491965330039,0.5261599210266535,0.24284304047384012,0.23099703849950645,1,3.0,1.0,1.0,10.0,7.0,2.0,1.8113207547169812,1.8584905660377358,1.3113207547169812,2.0,1.4,2.0576923076923075,1.5740740740740742,1.9807692307692308,1.0192307692307692,1.7407407407407407,1.5925925925925926,0.3018867924528302,0.16037735849056603,0.18867924528301883,12.31578947368421,13.710526315789474,4.421052631578948,12.710526315789474,2.4210526315789473,-1.3947368421052637,2.0,1.0,2.0,12.0,7.0,1.4,1.669811320754717,1.5188679245283019,1.1132075471698113,2.4,1.4,1.8679245283018868,1.471698113207547,1.6226415094339623,1.0566037735849056,1.4150943396226414,1.169811320754717,0.36792452830188677,0.22641509433962265,-0.26981132075471703,16.36842105263158,11.18421052631579,5.7105263157894735,12.578947368421053,2.3157894736842106,5.184210526315789
ligue1-2026-2026-09-19-angers-v-troyes,2026-09-19,2026,Angers,Troyes,2,0,2,1.0,0.0,356.0422504414798,7,6,999,0,1.0,0,999,0,1.0,0,0,0,1417.7920924206055,1483.0435140824623,-65.25142166185674,0.4673403103572718,0.273727896066402,0.2589317935763262,1,1.0,2.0,2.0,5.0,6.0,1.0,1.0555555555555556,0.9027777777777778,1.4722222222222223,1.0,1.2,1.1111111111111112,1.0,1.0277777777777777,1.5833333333333333,0.7777777777777778,1.3611111111111112,0.25,0.3888888888888889,-0.05555555555555558,10.052631578947368,14.552631578947368,3.263157894736842,10.973684210526315,1.605263157894737,-4.5,1.0,1.0,2.0,4.0,9.0,1.0,1.0,1.0,2.25,1.0,2.25,0.5,1.5,1.0,3.0,1.0,1.5,0.25,0.5,0.0,13.75,14.25,2.75,11.25,0.75,-0.5
ligue1-2026-2026-09-19-le-mans-v-lorient,2026-09-19,2026,Le Mans,Lorient,2,1,2,1.0,0.0,267.4099306456145,6,7,999,0,1.0,0,999,0,1.0,0,0,0,1494.6563754372412,1492.1975153655949,2.4588600716463134,0.3277755185034567,0.3066287108580724,0.36559577063847093,1,0.0,3.0,1.0,7.0,8.0,0.75,0.75,1.75,2.0,1.75,2.0,1.0,0.5,2.0,2.0,1.5,2.0,0.0,0.0,0.0,10.25,18.0,4.5,14.25,2.25,-7.75,1.0,2.0,2.0,4.0,6.0,1.0,1.0972222222222223,1.3194444444444444,1.6805555555555556,0.8,1.2,1.3055555555555556,0.8888888888888888,1.6666666666666667,1.6388888888888888,0.9722222222222222,1.7222222222222223,0.18055555555555555,0.3472222222222222,-0.09722222222222232,11.289473684210526,11.394736842105264,3.8947368421052633,9.394736842105264,1.5526315789473684,-0.10526315789473806
ligue1-2026-2026-09-19-lyon-v-rennes,2026-09-19,2026,Lyon,Rennes,4,0,2,0.5714285714285714,0.0,566.0283882163013,7,8,3,1,3.0,1,3,1,1.0,0,0,0,1611.4273362284284,1615.5625567970094,-4.135220568580962,0.449677174325864,0.2552221800227877,0.29510064565134825,1,2.0,2.0,1.0,6.0,6.0,1.6,1.679245283018868,1.6320754716981132,1.349056603773585,1.2,1.2,1.9056603773584906,1.4528301886792452,1.8113207547169812,1.320754716981132,1.4528301886792452,1.3773584905660377,0.3490566037735849,0.1792452830188679,-0.0792452830188679,12.368421052631579,11.842105263157896,4.578947368421052,12.842105263157896,2.1052631578947367,0.5263157894736832,3.0,1.0,1.0,9.0,8.0,2.0,1.471698113207547,1.6132075471698113,1.4245283018867925,1.8,1.6,1.7407407407407407,1.1923076923076923,1.7592592592592593,1.1851851851851851,1.4615384615384615,1.6730769230769231,0.27358490566037735,0.19811320754716982,0.5283018867924529,14.5,13.736842105263158,5.052631578947368,12.447368421052632,1.9210526315789473,0.7631578947368425
ligue1-2026-2026-09-19-paris-fc-v-strasbourg,2026-09-19,2026,Paris FC,Strasbourg,2,1,2,0.5,0.0,395.68643186639076,7,7,999,0,1.0,0,999,0,1.0,0,0,0,1553.7336084644633,1591.5242056681004,-37.79059720363716,0.5261599210266535,0.24284304047384012,0.23099703849950645,1,3.0,2.0,0.0,8.0,3.0,2.2,1.368421052631579,1.394736842105263,1.368421052631579,1.6,0.6,1.5263157894736843,1.2105263157894737,1.631578947368421,1.4210526315789473,1.1578947368421053,1.3157894736842106,0.2894736842105263,0.2894736842105263,0.8315789473684212,11.736842105263158,12.31578947368421,3.973684210526316,10.921052631578947,2.263157894736842,-0.5789473684210531,3.0,1.0,1.0,14.0,12.0,2.0,1.471698113207547,1.5188679245283019,1.4056603773584906,2.8,2.4,1.7547169811320755,1.1886792452830188,1.6603773584905661,1.2075471698113207,1.3773584905660377,1.6037735849056605,0.22641509433962265,0.19811320754716982,0.5283018867924529,11.657894736842104,13.157894736842104,4.7631578947368425,11.31578947368421,2.0526315789473686,-1.5
ligue1-2026-2026-09-19-toulouse-v-le-havre,2026-09-19,2026,Toulouse,Le Havre,3,2,2,0.5,0.0,665.0339281280934,7,7,999,0,1.0,0,999,0,1.0,0,0,0,1495.409606818711,1416.5331436805222,78.87646313818868,0.5738880918220947,0.23672883787661403,0.18938307030129126,1,0.0,3.0,2.0,4.0,7.0,0.6,1.2452830188679245,1.2924528301886793,1.3396226415094339,0.8,1.4,1.1320754716981132,1.3584905660377358,1.2452830188679245,1.3962264150943395,1.3396226415094339,1.2830188679245282,0.24528301886792453,0.29245283018867924,-0.6452830188679245,12.789473684210526,12.157894736842104,4.2631578947368425,14.368421052631579,2.4210526315789473,0.6315789473684212,1.0,2.0,2.0,4.0,4.0,1.0,0.9716981132075472,1.0188679245283019,1.5471698113207548,0.8,0.8,1.0185185185185186,0.9230769230769231,1.0,1.5,1.0384615384615385,1.5961538461538463,0.18867924528301888,0.3867924528301887,0.028301886792452824,11.394736842105264,13.18421052631579,3.736842105263158,13.81578947368421,2.1315789473684212,-1.7894736842105257
ligue1-2026-2026-09-20-auxerre-v-brest,2026-09-20,2026,Auxerre,Brest,2,1,2,0.7,0.0,602.6256194989534,8,7,999,0,1.0,0,999,0,1.0,0,0,0,1465.7324727752346,1483.596961461968,-17.864488686733466,0.3284446159783868,0.25742956387495175,0.4141258201466616,1,2.0,0.0,3.0,7.0,11.0,1.2,1.0972222222222223,1.2083333333333333,1.4722222222222223,1.4,2.2,1.4444444444444444,0.75,1.2222222222222223,1.0277777777777777,1.1944444444444444,1.9166666666666667,0.2777777777777778,0.3194444444444444,0.10277777777777763,10.868421052631579,12.31578947368421,3.6842105263157894,13.710526315789474,2.4210526315789473,-1.4473684210526319,1.0,3.0,1.0,7.0,7.0,1.2,1.4622641509433962,1.4528301886792452,1.4528301886792452,1.4,1.4,1.7169811320754718,1.2075471698113207,1.6226415094339623,1.150943396226415,1.2830188679245282,1.7547169811320755,0.32075471698113206,0.2641509433962264,-0.2622641509433963,12.31578947368421,13.68421052631579,3.8684210526315788,13.052631578947368,1.868421052631579,-1.3684210526315788
ligue1-2026-2026-09-20-nice-v-lille,2026-09-20,2026,Nice,Lille,2,1,2,0.5714285714285714,0.0,829.1226524257995,8,7,999,0,1.0,0,12,0,0.0,-1,0,0,1450.3068861528247,1648.2255874339803,-197.91870128115556,0.30579150579150577,0.2633204633204633,0.43088803088803085,1,0.0,3.0,2.0,1.0,5.0,0.6,1.4056603773584906,1.3584905660377358,1.2735849056603774,0.2,1.0,1.6981132075471699,1.1132075471698113,1.490566037735849,1.0188679245283019,1.2264150943396226,1.528301886792453,0.3018867924528302,0.25471698113207547,-0.8056603773584906,11.342105263157896,14.578947368421053,3.789473684210526,11.921052631578947,2.0789473684210527,-3.2368421052631575,3.0,1.0,1.0,7.0,4.0,2.0,1.7924528301886793,1.5377358490566038,1.028301886792453,1.4,0.8,2.018867924528302,1.5660377358490567,1.7547169811320755,0.9622641509433962,1.320754716981132,1.0943396226415094,0.39622641509433965,0.1792452830188679,0.2075471698113207,13.342105263157896,10.0,4.7631578947368425,10.894736842105264,2.5,3.3421052631578956
ligue1-2026-2026-09-20-marseille-v-paris-sg,2026-09-20,2026,Marseille,Paris SG,1,2,0,0.14285714285714285,0.0,665.2028643500363,9,7,3,1,0.0,-3,11,0,3.0,5,0,0,1578.2303163432168,1757.136806434589,-178.90649009137223,0.1454024165472046,0.18902314151136598,0.6655744419414295,1,2.0,0.0,3.0,9.0,7.0,1.2,1.669811320754717,1.8396226415094339,1.3113207547169812,1.8,1.4,2.0754716981132075,1.2641509433962264,2.2452830188679247,1.1132075471698113,1.4339622641509433,1.509433962264151,0.20754716981132076,0.24528301886792453,-0.469811320754717,14.947368421052632,10.921052631578947,5.657894736842105,12.394736842105264,2.4210526315789473,4.026315789473685,1.0,2.0,2.0,7.0,8.0,1.0,2.2735849056603774,2.3867924528301887,0.9716981132075472,1.4,1.6,2.269230769230769,2.2777777777777777,2.480769230769231,1.0,2.2962962962962963,0.9444444444444444,0.3584905660377358,0.05660377358490566,-1.2735849056603774,17.81578947368421,8.894736842105264,6.657894736842105,8.973684210526315,1.2105263157894737,8.921052631578945
