fixture_id,date,season,league,home,away,home_goals,away_goals,status,provenance,api_fixture_id,hs,as_,hst,ast,hf,af,hy,ay,hr,ar
seriea-2023-2023-08-19-empoli-v-verona,2023-08-19,2023,seriea,Empoli,Verona,0,1,finished,api_football,1052254.0,,,,,,,,,,
seriea-2023-2023-08-19-frosinone-v-napoli,2023-08-19,2023,seriea,Frosinone,Napoli,1,3,finished,api_football,1052255.0,,,,,,,,,,
seriea-2023-2023-08-19-genoa-v-fiorentina,2023-08-19,2023,seriea,Genoa,Fiorentina,1,4,finished,api_football,1052256.0,,,,,,,,,,
seriea-2023-2023-08-19-inter-v-monza,2023-08-19,2023,seriea,Inter,Monza,2,0,finished,api_football,1052257.0,,,,,,,,,,
seriea-2023-2023-08-20-sassuolo-v-atalanta,2023-08-20,2023,seriea,Sassuolo,Atalanta,0,2,finished,api_football,1052260.0,,,,,,,,,,
seriea-2023-2023-08-20-roma-v-salernitana,2023-08-20,2023,seriea,Roma,Salernitana,2,2,finished,api_football,1052259.0,,,,,,,,,,
seriea-2023-2023-08-20-udinese-v-juventus,2023-08-20,2023,seriea,Udinese,Juventus,0,3,finished,api_football,1052262.0,,,,,,,,,,
seriea-2023-2023-08-20-lecce-v-lazio,2023-08-20,2023,seriea,Lecce,Lazio,2,1,finished,api_football,1052258.0,,,,,,,,,,
seriea-2023-2023-08-21-bologna-v-milan,2023-08-21,2023,seriea,Bologna,Milan,0,2,finished,api_football,1052253.0,,,,,,,,,,
seriea-2023-2023-08-21-torino-v-cagliari,2023-08-21,2023,seriea,Torino,Cagliari,0,0,finished,api_football,1052261.0,,,,,,,,,,
seriea-2023-2023-08-26-frosinone-v-atalanta,2023-08-26,2023,seriea,Frosinone,Atalanta,2,1,finished,api_football,1052265.0,,,,,,,,,,
seriea-2023-2023-08-26-monza-v-empoli,2023-08-26,2023,seriea,Monza,Empoli,2,0,finished,api_football,1052270.0,,,,,,,,,,
seriea-2023-2023-08-26-milan-v-torino,2023-08-26,2023,seriea,Milan,Torino,4,1,finished,api_football,1052269.0,,,,,,,,,,
seriea-2023-2023-08-26-verona-v-roma,2023-08-26,2023,seriea,Verona,Roma,2,1,finished,api_football,1052266.0,,,,,,,,,,
seriea-2023-2023-08-27-lazio-v-genoa,2023-08-27,2023,seriea,Lazio,Genoa,0,1,finished,api_football,1052268.0,,,,,,,,,,
seriea-2023-2023-08-27-napoli-v-sassuolo,2023-08-27,2023,seriea,Napoli,Sassuolo,2,0,finished,api_football,1052271.0,,,,,,,,,,
seriea-2023-2023-08-27-juventus-v-bologna,2023-08-27,2023,seriea,Juventus,Bologna,1,1,finished,api_football,1052267.0,,,,,,,,,,
seriea-2023-2023-08-27-fiorentina-v-lecce,2023-08-27,2023,seriea,Fiorentina,Lecce,2,2,finished,api_football,1052264.0,,,,,,,,,,
seriea-2023-2023-08-28-cagliari-v-inter,2023-08-28,2023,seriea,Cagliari,Inter,0,2,finished,api_football,1052263.0,,,,,,,,,,
seriea-2023-2023-08-28-salernitana-v-udinese,2023-08-28,2023,seriea,Salernitana,Udinese,1,1,finished,api_football,1052272.0,,,,,,,,,,
seriea-2023-2023-09-01-sassuolo-v-verona,2023-09-01,2023,seriea,Sassuolo,Verona,3,1,finished,api_football,1052280.0,,,,,,,,,,
seriea-2023-2023-09-01-roma-v-milan,2023-09-01,2023,seriea,Roma,Milan,1,2,finished,api_football,1052279.0,,,,,,,,,,
seriea-2023-2023-09-02-napoli-v-lazio,2023-09-02,2023,seriea,Napoli,Lazio,1,2,finished,api_football,1052278.0,,,,,,,,,,
seriea-2023-2023-09-02-atalanta-v-monza,2023-09-02,2023,seriea,Atalanta,Monza,3,0,finished,api_football,1052273.0,,,,,,,,,,
seriea-2023-2023-09-02-udinese-v-frosinone,2023-09-02,2023,seriea,Udinese,Frosinone,0,0,finished,api_football,1052282.0,,,,,,,,,,
seriea-2023-2023-09-02-bologna-v-cagliari,2023-09-02,2023,seriea,Bologna,Cagliari,2,1,finished,api_football,1052274.0,,,,,,,,,,
seriea-2023-2023-09-03-empoli-v-juventus,2023-09-03,2023,seriea,Empoli,Juventus,0,2,finished,api_football,1052275.0,,,,,,,,,,
seriea-2023-2023-09-03-torino-v-genoa,2023-09-03,2023,seriea,Torino,Genoa,1,0,finished,api_football,1052281.0,,,,,,,,,,
seriea-2023-2023-09-03-inter-v-fiorentina,2023-09-03,2023,seriea,Inter,Fiorentina,4,0,finished,api_football,1052276.0,,,,,,,,,,
seriea-2023-2023-09-03-lecce-v-salernitana,2023-09-03,2023,seriea,Lecce,Salernitana,2,0,finished,api_football,1052277.0,,,,,,,,,,
seriea-2023-2023-09-16-juventus-v-lazio,2023-09-16,2023,seriea,Juventus,Lazio,3,1,finished,api_football,1052289.0,,,,,,,,,,
seriea-2023-2023-09-16-inter-v-milan,2023-09-16,2023,seriea,Inter,Milan,5,1,finished,api_football,1052288.0,,,,,,,,,,
seriea-2023-2023-09-16-genoa-v-napoli,2023-09-16,2023,seriea,Genoa,Napoli,2,2,finished,api_football,1052286.0,,,,,,,,,,
seriea-2023-2023-09-17-frosinone-v-sassuolo,2023-09-17,2023,seriea,Frosinone,Sassuolo,4,2,finished,api_football,1052285.0,,,,,,,,,,
seriea-2023-2023-09-17-fiorentina-v-atalanta,2023-09-17,2023,seriea,Fiorentina,Atalanta,3,2,finished,api_football,1052284.0,,,,,,,,,,
seriea-2023-2023-09-17-cagliari-v-udinese,2023-09-17,2023,seriea,Cagliari,Udinese,0,0,finished,api_football,1052283.0,,,,,,,,,,
seriea-2023-2023-09-17-roma-v-empoli,2023-09-17,2023,seriea,Roma,Empoli,7,0,finished,api_football,1052291.0,,,,,,,,,,
seriea-2023-2023-09-17-monza-v-lecce,2023-09-17,2023,seriea,Monza,Lecce,1,1,finished,api_football,1052290.0,,,,,,,,,,
seriea-2023-2023-09-18-verona-v-bologna,2023-09-18,2023,seriea,Verona,Bologna,0,0,finished,api_football,1052287.0,,,,,,,,,,
seriea-2023-2023-09-18-salernitana-v-torino,2023-09-18,2023,seriea,Salernitana,Torino,0,3,finished,api_football,1052292.0,,,,,,,,,,
seriea-2023-2023-09-22-salernitana-v-frosinone,2023-09-22,2023,seriea,Salernitana,Frosinone,1,1,finished,api_football,1052299.0,,,,,,,,,,
seriea-2023-2023-09-22-lecce-v-genoa,2023-09-22,2023,seriea,Lecce,Genoa,1,0,finished,api_football,1052297.0,,,,,,,,,,
seriea-2023-2023-09-23-sassuolo-v-juventus,2023-09-23,2023,seriea,Sassuolo,Juventus,4,2,finished,api_football,1052300.0,,,,,,,,,,
seriea-2023-2023-09-23-lazio-v-monza,2023-09-23,2023,seriea,Lazio,Monza,1,1,finished,api_football,1052296.0,,,,,,,,,,
seriea-2023-2023-09-23-milan-v-verona,2023-09-23,2023,seriea,Milan,Verona,1,0,finished,api_football,1052298.0,,,,,,,,,,
seriea-2023-2023-09-24-torino-v-roma,2023-09-24,2023,seriea,Torino,Roma,1,1,finished,api_football,1052301.0,,,,,,,,,,
seriea-2023-2023-09-24-atalanta-v-cagliari,2023-09-24,2023,seriea,Atalanta,Cagliari,2,0,finished,api_football,1052293.0,,,,,,,,,,
seriea-2023-2023-09-24-bologna-v-napoli,2023-09-24,2023,seriea,Bologna,Napoli,0,0,finished,api_football,1052294.0,,,,,,,,,,
seriea-2023-2023-09-24-empoli-v-inter,2023-09-24,2023,seriea,Empoli,Inter,0,1,finished,api_football,1052295.0,,,,,,,,,,
seriea-2023-2023-09-24-udinese-v-fiorentina,2023-09-24,2023,seriea,Udinese,Fiorentina,0,2,finished,api_football,1052302.0,,,,,,,,,,
seriea-2023-2023-09-26-juventus-v-lecce,2023-09-26,2023,seriea,Juventus,Lecce,1,0,finished,api_football,1052309.0,,,,,,,,,,
seriea-2023-2023-09-27-empoli-v-salernitana,2023-09-27,2023,seriea,Empoli,Salernitana,1,0,finished,api_football,1052304.0,,,,,,,,,,
seriea-2023-2023-09-27-napoli-v-udinese,2023-09-27,2023,seriea,Napoli,Udinese,4,1,finished,api_football,1052312.0,,,,,,,,,,
seriea-2023-2023-09-27-inter-v-sassuolo,2023-09-27,2023,seriea,Inter,Sassuolo,1,2,finished,api_football,1052308.0,,,,,,,,,,
seriea-2023-2023-09-27-lazio-v-torino,2023-09-27,2023,seriea,Lazio,Torino,2,0,finished,api_football,1052310.0,,,,,,,,,,
seriea-2023-2023-09-27-verona-v-atalanta,2023-09-27,2023,seriea,Verona,Atalanta,0,1,finished,api_football,1052307.0,,,,,,,,,,
seriea-2023-2023-09-27-cagliari-v-milan,2023-09-27,2023,seriea,Cagliari,Milan,1,3,finished,api_football,1052303.0,,,,,,,,,,
seriea-2023-2023-09-28-genoa-v-roma,2023-09-28,2023,seriea,Genoa,Roma,4,1,finished,api_football,1052306.0,,,,,,,,,,
seriea-2023-2023-09-28-monza-v-bologna,2023-09-28,2023,seriea,Monza,Bologna,0,0,finished,api_football,1052311.0,,,,,,,,,,
seriea-2023-2023-09-28-frosinone-v-fiorentina,2023-09-28,2023,seriea,Frosinone,Fiorentina,1,1,finished,api_football,1052305.0,,,,,,,,,,
seriea-2023-2023-09-30-lecce-v-napoli,2023-09-30,2023,seriea,Lecce,Napoli,0,4,finished,api_football,1052316.0,,,,,,,,,,
seriea-2023-2023-09-30-milan-v-lazio,2023-09-30,2023,seriea,Milan,Lazio,2,0,finished,api_football,1052317.0,,,,,,,,,,
seriea-2023-2023-09-30-salernitana-v-inter,2023-09-30,2023,seriea,Salernitana,Inter,0,4,finished,api_football,1052319.0,,,,,,,,,,
seriea-2023-2023-10-01-bologna-v-empoli,2023-10-01,2023,seriea,Bologna,Empoli,3,0,finished,api_football,1052314.0,,,,,,,,,,
seriea-2023-2023-10-01-udinese-v-genoa,2023-10-01,2023,seriea,Udinese,Genoa,2,2,finished,api_football,1052322.0,,,,,,,,,,
seriea-2023-2023-10-01-atalanta-v-juventus,2023-10-01,2023,seriea,Atalanta,Juventus,0,0,finished,api_football,1052313.0,,,,,,,,,,
seriea-2023-2023-10-01-roma-v-frosinone,2023-10-01,2023,seriea,Roma,Frosinone,2,0,finished,api_football,1052318.0,,,,,,,,,,
seriea-2023-2023-10-02-fiorentina-v-cagliari,2023-10-02,2023,seriea,Fiorentina,Cagliari,3,0,finished,api_football,1052315.0,,,,,,,,,,
seriea-2023-2023-10-02-torino-v-verona,2023-10-02,2023,seriea,Torino,Verona,0,0,finished,api_football,1052321.0,,,,,,,,,,
seriea-2023-2023-10-02-sassuolo-v-monza,2023-10-02,2023,seriea,Sassuolo,Monza,0,1,finished,api_football,1052320.0,,,,,,,,,,
seriea-2023-2023-10-06-lecce-v-sassuolo,2023-10-06,2023,seriea,Lecce,Sassuolo,1,1,finished,api_football,1052330.0,,,,,,,,,,
seriea-2023-2023-10-06-empoli-v-udinese,2023-10-06,2023,seriea,Empoli,Udinese,0,0,finished,api_football,1052324.0,,,,,,,,,,
seriea-2023-2023-10-07-genoa-v-milan,2023-10-07,2023,seriea,Genoa,Milan,0,1,finished,api_football,1052326.0,,,,,,,,,,
seriea-2023-2023-10-07-inter-v-bologna,2023-10-07,2023,seriea,Inter,Bologna,2,2,finished,api_football,1052327.0,,,,,,,,,,
seriea-2023-2023-10-07-juventus-v-torino,2023-10-07,2023,seriea,Juventus,Torino,2,0,finished,api_football,1052328.0,,,,,,,,,,
seriea-2023-2023-10-08-napoli-v-fiorentina,2023-10-08,2023,seriea,Napoli,Fiorentina,1,3,finished,api_football,1052332.0,,,,,,,,,,
seriea-2023-2023-10-08-cagliari-v-roma,2023-10-08,2023,seriea,Cagliari,Roma,1,4,finished,api_football,1052323.0,,,,,,,,,,
seriea-2023-2023-10-08-frosinone-v-verona,2023-10-08,2023,seriea,Frosinone,Verona,2,1,finished,api_football,1052325.0,,,,,,,,,,
seriea-2023-2023-10-08-lazio-v-atalanta,2023-10-08,2023,seriea,Lazio,Atalanta,3,2,finished,api_football,1052329.0,,,,,,,,,,
seriea-2023-2023-10-08-monza-v-salernitana,2023-10-08,2023,seriea,Monza,Salernitana,3,0,finished,api_football,1052331.0,,,,,,,,,,
seriea-2023-2023-10-21-verona-v-napoli,2023-10-21,2023,seriea,Verona,Napoli,1,3,finished,api_football,1052336.0,,,,,,,,,,
seriea-2023-2023-10-21-torino-v-inter,2023-10-21,2023,seriea,Torino,Inter,0,3,finished,api_football,1052341.0,,,,,,,,,,
seriea-2023-2023-10-21-sassuolo-v-lazio,2023-10-21,2023,seriea,Sassuolo,Lazio,0,2,finished,api_football,1052340.0,,,,,,,,,,
seriea-2023-2023-10-22-milan-v-juventus,2023-10-22,2023,seriea,Milan,Juventus,0,1,finished,api_football,1052337.0,,,,,,,,,,
seriea-2023-2023-10-22-salernitana-v-cagliari,2023-10-22,2023,seriea,Salernitana,Cagliari,2,2,finished,api_football,1052339.0,,,,,,,,,,
seriea-2023-2023-10-22-atalanta-v-genoa,2023-10-22,2023,seriea,Atalanta,Genoa,2,0,finished,api_football,1052333.0,,,,,,,,,,
seriea-2023-2023-10-22-roma-v-monza,2023-10-22,2023,seriea,Roma,Monza,1,0,finished,api_football,1052338.0,,,,,,,,,,
seriea-2023-2023-10-22-bologna-v-frosinone,2023-10-22,2023,seriea,Bologna,Frosinone,2,1,finished,api_football,1052334.0,,,,,,,,,,
seriea-2023-2023-10-23-udinese-v-lecce,2023-10-23,2023,seriea,Udinese,Lecce,1,1,finished,api_football,1052342.0,,,,,,,,,,
seriea-2023-2023-10-23-fiorentina-v-empoli,2023-10-23,2023,seriea,Fiorentina,Empoli,0,2,finished,api_football,1052335.0,,,,,,,,,,
seriea-2023-2023-10-27-genoa-v-salernitana,2023-10-27,2023,seriea,Genoa,Salernitana,1,0,finished,api_football,1052345.0,,,,,,,,,,
seriea-2023-2023-10-28-juventus-v-verona,2023-10-28,2023,seriea,Juventus,Verona,1,0,finished,api_football,1052347.0,,,,,,,,,,
seriea-2023-2023-10-28-sassuolo-v-bologna,2023-10-28,2023,seriea,Sassuolo,Bologna,1,1,finished,api_football,1052352.0,,,,,,,,,,
seriea-2023-2023-10-28-lecce-v-torino,2023-10-28,2023,seriea,Lecce,Torino,0,1,finished,api_football,1052349.0,,,,,,,,,,
seriea-2023-2023-10-29-inter-v-roma,2023-10-29,2023,seriea,Inter,Roma,1,0,finished,api_football,1052346.0,,,,,,,,,,
seriea-2023-2023-10-29-napoli-v-milan,2023-10-29,2023,seriea,Napoli,Milan,2,2,finished,api_football,1052351.0,,,,,,,,,,
seriea-2023-2023-10-29-cagliari-v-frosinone,2023-10-29,2023,seriea,Cagliari,Frosinone,4,3,finished,api_football,1052343.0,,,,,,,,,,
seriea-2023-2023-10-29-monza-v-udinese,2023-10-29,2023,seriea,Monza,Udinese,1,1,finished,api_football,1052350.0,,,,,,,,,,
seriea-2023-2023-10-30-lazio-v-fiorentina,2023-10-30,2023,seriea,Lazio,Fiorentina,1,0,finished,api_football,1052348.0,,,,,,,,,,
seriea-2023-2023-10-30-empoli-v-atalanta,2023-10-30,2023,seriea,Empoli,Atalanta,0,3,finished,api_football,1052344.0,,,,,,,,,,
seriea-2023-2023-11-03-bologna-v-lazio,2023-11-03,2023,seriea,Bologna,Lazio,1,0,finished,api_football,1052354.0,,,,,,,,,,
seriea-2023-2023-11-04-salernitana-v-napoli,2023-11-04,2023,seriea,Salernitana,Napoli,0,2,finished,api_football,1052361.0,,,,,,,,,,
seriea-2023-2023-11-04-atalanta-v-inter,2023-11-04,2023,seriea,Atalanta,Inter,1,2,finished,api_football,1052353.0,,,,,,,,,,
seriea-2023-2023-11-04-milan-v-udinese,2023-11-04,2023,seriea,Milan,Udinese,0,1,finished,api_football,1052359.0,,,,,,,,,,
seriea-2023-2023-11-05-fiorentina-v-juventus,2023-11-05,2023,seriea,Fiorentina,Juventus,0,1,finished,api_football,1052356.0,,,,,,,,,,
seriea-2023-2023-11-05-cagliari-v-genoa,2023-11-05,2023,seriea,Cagliari,Genoa,2,1,finished,api_football,1052355.0,,,,,,,,,,
seriea-2023-2023-11-05-roma-v-lecce,2023-11-05,2023,seriea,Roma,Lecce,2,1,finished,api_football,1052360.0,,,,,,,,,,
seriea-2023-2023-11-05-verona-v-monza,2023-11-05,2023,seriea,Verona,Monza,1,3,finished,api_football,1052358.0,,,,,,,,,,
seriea-2023-2023-11-06-torino-v-sassuolo,2023-11-06,2023,seriea,Torino,Sassuolo,2,1,finished,api_football,1052362.0,,,,,,,,,,
seriea-2023-2023-11-06-frosinone-v-empoli,2023-11-06,2023,seriea,Frosinone,Empoli,2,1,finished,api_football,1052357.0,,,,,,,,,,
seriea-2023-2023-11-10-sassuolo-v-salernitana,2023-11-10,2023,seriea,Sassuolo,Salernitana,2,2,finished,api_football,1052371.0,,,,,,,,,,
seriea-2023-2023-11-10-genoa-v-verona,2023-11-10,2023,seriea,Genoa,Verona,1,0,finished,api_football,1052364.0,,,,,,,,,,
seriea-2023-2023-11-11-lecce-v-milan,2023-11-11,2023,seriea,Lecce,Milan,2,2,finished,api_football,1052368.0,,,,,,,,,,
seriea-2023-2023-11-11-juventus-v-cagliari,2023-11-11,2023,seriea,Juventus,Cagliari,2,1,finished,api_football,1052366.0,,,,,,,,,,
seriea-2023-2023-11-11-monza-v-torino,2023-11-11,2023,seriea,Monza,Torino,1,1,finished,api_football,1052369.0,,,,,,,,,,
seriea-2023-2023-11-12-napoli-v-empoli,2023-11-12,2023,seriea,Napoli,Empoli,0,1,finished,api_football,1052370.0,,,,,,,,,,
seriea-2023-2023-11-12-udinese-v-atalanta,2023-11-12,2023,seriea,Udinese,Atalanta,1,1,finished,api_football,1052372.0,,,,,,,,,,
seriea-2023-2023-11-12-lazio-v-roma,2023-11-12,2023,seriea,Lazio,Roma,0,0,finished,api_football,1052367.0,,,,,,,,,,
seriea-2023-2023-11-12-fiorentina-v-bologna,2023-11-12,2023,seriea,Fiorentina,Bologna,2,1,finished,api_football,1052363.0,,,,,,,,,,
seriea-2023-2023-11-12-inter-v-frosinone,2023-11-12,2023,seriea,Inter,Frosinone,2,0,finished,api_football,1052365.0,,,,,,,,,,
seriea-2023-2023-11-25-salernitana-v-lazio,2023-11-25,2023,seriea,Salernitana,Lazio,2,1,finished,api_football,1052382.0,,,,,,,,,,
seriea-2023-2023-11-25-atalanta-v-napoli,2023-11-25,2023,seriea,Atalanta,Napoli,1,2,finished,api_football,1052373.0,,,,,,,,,,
seriea-2023-2023-11-25-milan-v-fiorentina,2023-11-25,2023,seriea,Milan,Fiorentina,1,0,finished,api_football,1052380.0,,,,,,,,,,
seriea-2023-2023-11-26-empoli-v-sassuolo,2023-11-26,2023,seriea,Empoli,Sassuolo,3,4,finished,api_football,1052376.0,,,,,,,,,,
seriea-2023-2023-11-26-frosinone-v-genoa,2023-11-26,2023,seriea,Frosinone,Genoa,2,1,finished,api_football,1052377.0,,,,,,,,,,
seriea-2023-2023-11-26-cagliari-v-monza,2023-11-26,2023,seriea,Cagliari,Monza,1,1,finished,api_football,1052375.0,,,,,,,,,,
seriea-2023-2023-11-26-juventus-v-inter,2023-11-26,2023,seriea,Juventus,Inter,1,1,finished,api_football,1052379.0,,,,,,,,,,
seriea-2023-2023-11-26-roma-v-udinese,2023-11-26,2023,seriea,Roma,Udinese,3,1,finished,api_football,1052381.0,,,,,,,,,,
seriea-2023-2023-11-27-verona-v-lecce,2023-11-27,2023,seriea,Verona,Lecce,2,2,finished,api_football,1052378.0,,,,,,,,,,
seriea-2023-2023-11-27-bologna-v-torino,2023-11-27,2023,seriea,Bologna,Torino,2,0,finished,api_football,1052374.0,,,,,,,,,,
seriea-2023-2023-12-01-monza-v-juventus,2023-12-01,2023,seriea,Monza,Juventus,1,2,finished,api_football,1052388.0,,,,,,,,,,
seriea-2023-2023-12-02-genoa-v-empoli,2023-12-02,2023,seriea,Genoa,Empoli,1,1,finished,api_football,1052384.0,,,,,,,,,,
seriea-2023-2023-12-02-lazio-v-cagliari,2023-12-02,2023,seriea,Lazio,Cagliari,1,0,finished,api_football,1052385.0,,,,,,,,,,
seriea-2023-2023-12-02-milan-v-frosinone,2023-12-02,2023,seriea,Milan,Frosinone,3,1,finished,api_football,1052387.0,,,,,,,,,,
seriea-2023-2023-12-03-sassuolo-v-roma,2023-12-03,2023,seriea,Sassuolo,Roma,1,2,finished,api_football,1052390.0,,,,,,,,,,
seriea-2023-2023-12-03-napoli-v-inter,2023-12-03,2023,seriea,Napoli,Inter,0,3,finished,api_football,1052389.0,,,,,,,,,,
seriea-2023-2023-12-03-fiorentina-v-salernitana,2023-12-03,2023,seriea,Fiorentina,Salernitana,3,0,finished,api_football,1052383.0,,,,,,,,,,
seriea-2023-2023-12-03-udinese-v-verona,2023-12-03,2023,seriea,Udinese,Verona,3,3,finished,api_football,1052392.0,,,,,,,,,,
seriea-2023-2023-12-03-lecce-v-bologna,2023-12-03,2023,seriea,Lecce,Bologna,1,1,finished,api_football,1052386.0,,,,,,,,,,
seriea-2023-2023-12-04-torino-v-atalanta,2023-12-04,2023,seriea,Torino,Atalanta,3,0,finished,api_football,1052391.0,,,,,,,,,,
seriea-2023-2023-12-08-juventus-v-napoli,2023-12-08,2023,seriea,Juventus,Napoli,1,0,finished,api_football,1052399.0,,,,,,,,,,
seriea-2023-2023-12-09-atalanta-v-milan,2023-12-09,2023,seriea,Atalanta,Milan,3,2,finished,api_football,1052393.0,,,,,,,,,,
seriea-2023-2023-12-09-inter-v-udinese,2023-12-09,2023,seriea,Inter,Udinese,4,0,finished,api_football,1052398.0,,,,,,,,,,
seriea-2023-2023-12-09-verona-v-lazio,2023-12-09,2023,seriea,Verona,Lazio,1,1,finished,api_football,1052397.0,,,,,,,,,,
seriea-2023-2023-12-10-salernitana-v-bologna,2023-12-10,2023,seriea,Salernitana,Bologna,1,2,finished,api_football,1052402.0,,,,,,,,,,
seriea-2023-2023-12-10-roma-v-fiorentina,2023-12-10,2023,seriea,Roma,Fiorentina,1,1,finished,api_football,1052401.0,,,,,,,,,,
seriea-2023-2023-12-10-frosinone-v-torino,2023-12-10,2023,seriea,Frosinone,Torino,0,0,finished,api_football,1052396.0,,,,,,,,,,
seriea-2023-2023-12-10-monza-v-genoa,2023-12-10,2023,seriea,Monza,Genoa,1,0,finished,api_football,1052400.0,,,,,,,,,,
seriea-2023-2023-12-11-empoli-v-lecce,2023-12-11,2023,seriea,Empoli,Lecce,1,1,finished,api_football,1052395.0,,,,,,,,,,
seriea-2023-2023-12-11-cagliari-v-sassuolo,2023-12-11,2023,seriea,Cagliari,Sassuolo,2,1,finished,api_football,1052394.0,,,,,,,,,,
seriea-2023-2023-12-15-genoa-v-juventus,2023-12-15,2023,seriea,Genoa,Juventus,1,1,finished,api_football,1052406.0,,,,,,,,,,
seriea-2023-2023-12-16-lecce-v-frosinone,2023-12-16,2023,seriea,Lecce,Frosinone,2,1,finished,api_football,1052408.0,,,,,,,,,,
seriea-2023-2023-12-16-napoli-v-cagliari,2023-12-16,2023,seriea,Napoli,Cagliari,2,1,finished,api_football,1052410.0,,,,,,,,,,
seriea-2023-2023-12-16-torino-v-empoli,2023-12-16,2023,seriea,Torino,Empoli,1,0,finished,api_football,1052411.0,,,,,,,,,,
seriea-2023-2023-12-17-udinese-v-sassuolo,2023-12-17,2023,seriea,Udinese,Sassuolo,2,2,finished,api_football,1052412.0,,,,,,,,,,
seriea-2023-2023-12-17-fiorentina-v-verona,2023-12-17,2023,seriea,Fiorentina,Verona,1,0,finished,api_football,1052405.0,,,,,,,,,,
seriea-2023-2023-12-17-milan-v-monza,2023-12-17,2023,seriea,Milan,Monza,3,0,finished,api_football,1052409.0,,,,,,,,,,
seriea-2023-2023-12-17-lazio-v-inter,2023-12-17,2023,seriea,Lazio,Inter,0,2,finished,api_football,1052407.0,,,,,,,,,,
seriea-2023-2023-12-17-bologna-v-roma,2023-12-17,2023,seriea,Bologna,Roma,2,0,finished,api_football,1052404.0,,,,,,,,,,
seriea-2023-2023-12-18-atalanta-v-salernitana,2023-12-18,2023,seriea,Atalanta,Salernitana,4,1,finished,api_football,1052403.0,,,,,,,,,,
seriea-2023-2023-12-22-sassuolo-v-genoa,2023-12-22,2023,seriea,Sassuolo,Genoa,1,2,finished,api_football,1052421.0,,,,,,,,,,
seriea-2023-2023-12-22-empoli-v-lazio,2023-12-22,2023,seriea,Empoli,Lazio,0,2,finished,api_football,1052414.0,,,,,,,,,,
seriea-2023-2023-12-22-salernitana-v-milan,2023-12-22,2023,seriea,Salernitana,Milan,2,2,finished,api_football,1052420.0,,,,,,,,,,
seriea-2023-2023-12-22-monza-v-fiorentina,2023-12-22,2023,seriea,Monza,Fiorentina,0,1,finished,api_football,1052418.0,,,,,,,,,,
seriea-2023-2023-12-23-torino-v-udinese,2023-12-23,2023,seriea,Torino,Udinese,1,1,finished,api_football,1052422.0,,,,,,,,,,
seriea-2023-2023-12-23-bologna-v-atalanta,2023-12-23,2023,seriea,Bologna,Atalanta,1,0,finished,api_football,1052413.0,,,,,,,,,,
seriea-2023-2023-12-23-frosinone-v-juventus,2023-12-23,2023,seriea,Frosinone,Juventus,1,2,finished,api_football,1052415.0,,,,,,,,,,
seriea-2023-2023-12-23-inter-v-lecce,2023-12-23,2023,seriea,Inter,Lecce,2,0,finished,api_football,1052417.0,,,,,,,,,,
seriea-2023-2023-12-23-roma-v-napoli,2023-12-23,2023,seriea,Roma,Napoli,2,0,finished,api_football,1052419.0,,,,,,,,,,
seriea-2023-2023-12-23-verona-v-cagliari,2023-12-23,2023,seriea,Verona,Cagliari,2,0,finished,api_football,1052416.0,,,,,,,,,,
seriea-2023-2023-12-29-napoli-v-monza,2023-12-29,2023,seriea,Napoli,Monza,0,0,finished,api_football,1052431.0,,,,,,,,,,
seriea-2023-2023-12-29-fiorentina-v-torino,2023-12-29,2023,seriea,Fiorentina,Torino,1,0,finished,api_football,1052425.0,,,,,,,,,,
seriea-2023-2023-12-29-lazio-v-frosinone,2023-12-29,2023,seriea,Lazio,Frosinone,3,1,finished,api_football,1052429.0,,,,,,,,,,
seriea-2023-2023-12-29-genoa-v-inter,2023-12-29,2023,seriea,Genoa,Inter,1,1,finished,api_football,1052426.0,,,,,,,,,,
seriea-2023-2023-12-30-verona-v-salernitana,2023-12-30,2023,seriea,Verona,Salernitana,0,1,finished,api_football,1052427.0,,,,,,,,,,
seriea-2023-2023-12-30-juventus-v-roma,2023-12-30,2023,seriea,Juventus,Roma,1,0,finished,api_football,1052428.0,,,,,,,,,,
seriea-2023-2023-12-30-milan-v-sassuolo,2023-12-30,2023,seriea,Milan,Sassuolo,1,0,finished,api_football,1052430.0,,,,,,,,,,
seriea-2023-2023-12-30-udinese-v-bologna,2023-12-30,2023,seriea,Udinese,Bologna,3,0,finished,api_football,1052432.0,,,,,,,,,,
seriea-2023-2023-12-30-cagliari-v-empoli,2023-12-30,2023,seriea,Cagliari,Empoli,0,0,finished,api_football,1052424.0,,,,,,,,,,
seriea-2023-2023-12-30-atalanta-v-lecce,2023-12-30,2023,seriea,Atalanta,Lecce,1,0,finished,api_football,1052423.0,,,,,,,,,,
seriea-2023-2024-01-05-bologna-v-genoa,2024-01-05,2023,seriea,Bologna,Genoa,1,1,finished,api_football,1052433.0,,,,,,,,,,
seriea-2023-2024-01-06-sassuolo-v-fiorentina,2024-01-06,2023,seriea,Sassuolo,Fiorentina,1,0,finished,api_football,1052440.0,,,,,,,,,,
seriea-2023-2024-01-06-lecce-v-cagliari,2024-01-06,2023,seriea,Lecce,Cagliari,1,1,finished,api_football,1052437.0,,,,,,,,,,
seriea-2023-2024-01-06-inter-v-verona,2024-01-06,2023,seriea,Inter,Verona,2,1,finished,api_football,1052436.0,,,,,,,,,,
seriea-2023-2024-01-06-frosinone-v-monza,2024-01-06,2023,seriea,Frosinone,Monza,2,3,finished,api_football,1052435.0,,,,,,,,,,
seriea-2023-2024-01-07-roma-v-atalanta,2024-01-07,2023,seriea,Roma,Atalanta,1,1,finished,api_football,1052438.0,,,,,,,,,,
seriea-2023-2024-01-07-salernitana-v-juventus,2024-01-07,2023,seriea,Salernitana,Juventus,1,2,finished,api_football,1052439.0,,,,,,,,,,
seriea-2023-2024-01-07-udinese-v-lazio,2024-01-07,2023,seriea,Udinese,Lazio,1,2,finished,api_football,1052442.0,,,,,,,,,,
seriea-2023-2024-01-07-empoli-v-milan,2024-01-07,2023,seriea,Empoli,Milan,0,3,finished,api_football,1052434.0,,,,,,,,,,
seriea-2023-2024-01-07-torino-v-napoli,2024-01-07,2023,seriea,Torino,Napoli,3,0,finished,api_football,1052441.0,,,,,,,,,,
seriea-2023-2024-01-13-genoa-v-torino,2024-01-13,2023,seriea,Genoa,Torino,0,0,finished,api_football,1052446.0,,,,,,,,,,
seriea-2023-2024-01-13-monza-v-inter,2024-01-13,2023,seriea,Monza,Inter,1,5,finished,api_football,1052451.0,,,,,,,,,,
seriea-2023-2024-01-13-verona-v-empoli,2024-01-13,2023,seriea,Verona,Empoli,2,1,finished,api_football,1052447.0,,,,,,,,,,
seriea-2023-2024-01-13-napoli-v-salernitana,2024-01-13,2023,seriea,Napoli,Salernitana,2,1,finished,api_football,1052452.0,,,,,,,,,,
seriea-2023-2024-01-14-fiorentina-v-udinese,2024-01-14,2023,seriea,Fiorentina,Udinese,2,2,finished,api_football,1052445.0,,,,,,,,,,
seriea-2023-2024-01-14-milan-v-roma,2024-01-14,2023,seriea,Milan,Roma,3,1,finished,api_football,1052450.0,,,,,,,,,,
seriea-2023-2024-01-14-lazio-v-lecce,2024-01-14,2023,seriea,Lazio,Lecce,1,0,finished,api_football,1052449.0,,,,,,,,,,
seriea-2023-2024-01-14-cagliari-v-bologna,2024-01-14,2023,seriea,Cagliari,Bologna,2,1,finished,api_football,1052444.0,,,,,,,,,,
seriea-2023-2024-01-15-atalanta-v-frosinone,2024-01-15,2023,seriea,Atalanta,Frosinone,5,0,finished,api_football,1052443.0,,,,,,,,,,
seriea-2023-2024-01-16-juventus-v-sassuolo,2024-01-16,2023,seriea,Juventus,Sassuolo,3,0,finished,api_football,1052448.0,,,,,,,,,,
seriea-2023-2024-01-20-udinese-v-milan,2024-01-20,2023,seriea,Udinese,Milan,2,3,finished,api_football,1052462.0,,,,,,,,,,
seriea-2023-2024-01-20-roma-v-verona,2024-01-20,2023,seriea,Roma,Verona,2,1,finished,api_football,1052458.0,,,,,,,,,,
seriea-2023-2024-01-21-frosinone-v-cagliari,2024-01-21,2023,seriea,Frosinone,Cagliari,3,1,finished,api_football,1052455.0,,,,,,,,,,
seriea-2023-2024-01-21-empoli-v-monza,2024-01-21,2023,seriea,Empoli,Monza,3,0,finished,api_football,1052454.0,,,,,,,,,,
seriea-2023-2024-01-21-salernitana-v-genoa,2024-01-21,2023,seriea,Salernitana,Genoa,1,2,finished,api_football,1052459.0,,,,,,,,,,
seriea-2023-2024-01-21-lecce-v-juventus,2024-01-21,2023,seriea,Lecce,Juventus,0,3,finished,api_football,1052457.0,,,,,,,,,,
seriea-2023-2024-01-26-cagliari-v-torino,2024-01-26,2023,seriea,Cagliari,Torino,1,2,finished,api_football,1052464.0,,,,,,,,,,
seriea-2023-2024-01-27-milan-v-bologna,2024-01-27,2023,seriea,Milan,Bologna,2,2,finished,api_football,1052470.0,,,,,,,,,,
seriea-2023-2024-01-27-atalanta-v-udinese,2024-01-27,2023,seriea,Atalanta,Udinese,2,0,finished,api_football,1052463.0,,,,,,,,,,
seriea-2023-2024-01-27-juventus-v-empoli,2024-01-27,2023,seriea,Juventus,Empoli,1,1,finished,api_football,1052468.0,,,,,,,,,,
seriea-2023-2024-01-28-fiorentina-v-inter,2024-01-28,2023,seriea,Fiorentina,Inter,0,1,finished,api_football,1052465.0,,,,,,,,,,
seriea-2023-2024-01-28-genoa-v-lecce,2024-01-28,2023,seriea,Genoa,Lecce,2,1,finished,api_football,1052466.0,,,,,,,,,,
seriea-2023-2024-01-28-verona-v-frosinone,2024-01-28,2023,seriea,Verona,Frosinone,1,1,finished,api_football,1052467.0,,,,,,,,,,
seriea-2023-2024-01-28-monza-v-sassuolo,2024-01-28,2023,seriea,Monza,Sassuolo,1,0,finished,api_football,1052471.0,,,,,,,,,,
seriea-2023-2024-01-28-lazio-v-napoli,2024-01-28,2023,seriea,Lazio,Napoli,0,0,finished,api_football,1052469.0,,,,,,,,,,
seriea-2023-2024-01-29-salernitana-v-roma,2024-01-29,2023,seriea,Salernitana,Roma,1,2,finished,api_football,1052472.0,,,,,,,,,,
seriea-2023-2024-02-02-lecce-v-fiorentina,2024-02-02,2023,seriea,Lecce,Fiorentina,3,2,finished,api_football,1052478.0,,,,,,,,,,
seriea-2023-2024-02-03-frosinone-v-milan,2024-02-03,2023,seriea,Frosinone,Milan,2,3,finished,api_football,1052476.0,,,,,,,,,,
seriea-2023-2024-02-03-empoli-v-genoa,2024-02-03,2023,seriea,Empoli,Genoa,0,0,finished,api_football,1052475.0,,,,,,,,,,
seriea-2023-2024-02-03-bologna-v-sassuolo,2024-02-03,2023,seriea,Bologna,Sassuolo,4,2,finished,api_football,1052474.0,,,,,,,,,,
seriea-2023-2024-02-03-udinese-v-monza,2024-02-03,2023,seriea,Udinese,Monza,0,0,finished,api_football,1052482.0,,,,,,,,,,
seriea-2023-2024-02-04-torino-v-salernitana,2024-02-04,2023,seriea,Torino,Salernitana,0,0,finished,api_football,1052481.0,,,,,,,,,,
seriea-2023-2024-02-04-napoli-v-verona,2024-02-04,2023,seriea,Napoli,Verona,2,1,finished,api_football,1052479.0,,,,,,,,,,
seriea-2023-2024-02-04-atalanta-v-lazio,2024-02-04,2023,seriea,Atalanta,Lazio,3,1,finished,api_football,1052473.0,,,,,,,,,,
seriea-2023-2024-02-04-inter-v-juventus,2024-02-04,2023,seriea,Inter,Juventus,1,0,finished,api_football,1052477.0,,,,,,,,,,
seriea-2023-2024-02-05-roma-v-cagliari,2024-02-05,2023,seriea,Roma,Cagliari,4,0,finished,api_football,1052480.0,,,,,,,,,,
seriea-2023-2024-02-09-salernitana-v-empoli,2024-02-09,2023,seriea,Salernitana,Empoli,1,3,finished,api_football,1052491.0,,,,,,,,,,
seriea-2023-2024-02-10-roma-v-inter,2024-02-10,2023,seriea,Roma,Inter,2,4,finished,api_football,1052490.0,,,,,,,,,,
seriea-2023-2024-02-10-cagliari-v-lazio,2024-02-10,2023,seriea,Cagliari,Lazio,1,3,finished,api_football,1052484.0,,,,,,,,,,
seriea-2023-2024-02-10-sassuolo-v-torino,2024-02-10,2023,seriea,Sassuolo,Torino,1,1,finished,api_football,1052492.0,,,,,,,,,,
seriea-2023-2024-02-11-fiorentina-v-frosinone,2024-02-11,2023,seriea,Fiorentina,Frosinone,5,1,finished,api_football,1052485.0,,,,,,,,,,
seriea-2023-2024-02-11-bologna-v-lecce,2024-02-11,2023,seriea,Bologna,Lecce,4,0,finished,api_football,1052483.0,,,,,,,,,,
seriea-2023-2024-02-11-monza-v-verona,2024-02-11,2023,seriea,Monza,Verona,0,0,finished,api_football,1052489.0,,,,,,,,,,
seriea-2023-2024-02-11-genoa-v-atalanta,2024-02-11,2023,seriea,Genoa,Atalanta,1,4,finished,api_football,1052486.0,,,,,,,,,,
seriea-2023-2024-02-11-milan-v-napoli,2024-02-11,2023,seriea,Milan,Napoli,1,0,finished,api_football,1052488.0,,,,,,,,,,
seriea-2023-2024-02-12-juventus-v-udinese,2024-02-12,2023,seriea,Juventus,Udinese,0,1,finished,api_football,1052487.0,,,,,,,,,,
seriea-2023-2024-02-14-bologna-v-fiorentina,2024-02-14,2023,seriea,Bologna,Fiorentina,2,0,finished,api_football,1052453.0,,,,,,,,,,
seriea-2023-2024-02-16-torino-v-lecce,2024-02-16,2023,seriea,Torino,Lecce,2,0,finished,api_football,1052501.0,,,,,,,,,,
seriea-2023-2024-02-16-inter-v-salernitana,2024-02-16,2023,seriea,Inter,Salernitana,4,0,finished,api_football,1052497.0,,,,,,,,,,
seriea-2023-2024-02-17-napoli-v-genoa,2024-02-17,2023,seriea,Napoli,Genoa,1,1,finished,api_football,1052500.0,,,,,,,,,,
seriea-2023-2024-02-17-verona-v-juventus,2024-02-17,2023,seriea,Verona,Juventus,2,2,finished,api_football,1052496.0,,,,,,,,,,
seriea-2023-2024-02-17-atalanta-v-sassuolo,2024-02-17,2023,seriea,Atalanta,Sassuolo,3,0,finished,api_football,1052493.0,,,,,,,,,,
seriea-2023-2024-02-18-lazio-v-bologna,2024-02-18,2023,seriea,Lazio,Bologna,1,2,finished,api_football,1052498.0,,,,,,,,,,
seriea-2023-2024-02-18-udinese-v-cagliari,2024-02-18,2023,seriea,Udinese,Cagliari,1,1,finished,api_football,1052502.0,,,,,,,,,,
seriea-2023-2024-02-18-empoli-v-fiorentina,2024-02-18,2023,seriea,Empoli,Fiorentina,1,1,finished,api_football,1052494.0,,,,,,,,,,
seriea-2023-2024-02-18-frosinone-v-roma,2024-02-18,2023,seriea,Frosinone,Roma,0,3,finished,api_football,1052495.0,,,,,,,,,,
seriea-2023-2024-02-18-monza-v-milan,2024-02-18,2023,seriea,Monza,Milan,4,2,finished,api_football,1052499.0,,,,,,,,,,
seriea-2023-2024-02-22-torino-v-lazio,2024-02-22,2023,seriea,Torino,Lazio,0,2,finished,api_football,1052461.0,,,,,,,,,,
seriea-2023-2024-02-23-bologna-v-verona,2024-02-23,2023,seriea,Bologna,Verona,2,0,finished,api_football,1052503.0,,,,,,,,,,
seriea-2023-2024-02-24-sassuolo-v-empoli,2024-02-24,2023,seriea,Sassuolo,Empoli,2,3,finished,api_football,1052512.0,,,,,,,,,,
seriea-2023-2024-02-24-salernitana-v-monza,2024-02-24,2023,seriea,Salernitana,Monza,0,2,finished,api_football,1052511.0,,,,,,,,,,
seriea-2023-2024-02-24-genoa-v-udinese,2024-02-24,2023,seriea,Genoa,Udinese,2,0,finished,api_football,1052506.0,,,,,,,,,,
seriea-2023-2024-02-25-juventus-v-frosinone,2024-02-25,2023,seriea,Juventus,Frosinone,3,2,finished,api_football,1052507.0,,,,,,,,,,
seriea-2023-2024-02-25-cagliari-v-napoli,2024-02-25,2023,seriea,Cagliari,Napoli,1,1,finished,api_football,1052504.0,,,,,,,,,,
seriea-2023-2024-02-25-lecce-v-inter,2024-02-25,2023,seriea,Lecce,Inter,0,4,finished,api_football,1052508.0,,,,,,,,,,
seriea-2023-2024-02-25-milan-v-atalanta,2024-02-25,2023,seriea,Milan,Atalanta,1,1,finished,api_football,1052509.0,,,,,,,,,,
seriea-2023-2024-02-26-roma-v-torino,2024-02-26,2023,seriea,Roma,Torino,3,2,finished,api_football,1052510.0,,,,,,,,,,
seriea-2023-2024-02-26-fiorentina-v-lazio,2024-02-26,2023,seriea,Fiorentina,Lazio,2,1,finished,api_football,1052505.0,,,,,,,,,,
seriea-2023-2024-02-28-sassuolo-v-napoli,2024-02-28,2023,seriea,Sassuolo,Napoli,1,6,finished,api_football,1052460.0,,,,,,,,,,
seriea-2023-2024-02-28-inter-v-atalanta,2024-02-28,2023,seriea,Inter,Atalanta,4,0,finished,api_football,1052456.0,,,,,,,,,,
seriea-2023-2024-03-01-lazio-v-milan,2024-03-01,2023,seriea,Lazio,Milan,0,1,finished,api_football,1052518.0,,,,,,,,,,
seriea-2023-2024-03-02-udinese-v-salernitana,2024-03-02,2023,seriea,Udinese,Salernitana,1,1,finished,api_football,1052522.0,,,,,,,,,,
seriea-2023-2024-03-02-monza-v-roma,2024-03-02,2023,seriea,Monza,Roma,1,4,finished,api_football,1052519.0,,,,,,,,,,
seriea-2023-2024-03-02-torino-v-fiorentina,2024-03-02,2023,seriea,Torino,Fiorentina,0,0,finished,api_football,1052521.0,,,,,,,,,,
seriea-2023-2024-03-03-frosinone-v-lecce,2024-03-03,2023,seriea,Frosinone,Lecce,1,1,finished,api_football,1052515.0,,,,,,,,,,
seriea-2023-2024-03-03-napoli-v-juventus,2024-03-03,2023,seriea,Napoli,Juventus,2,1,finished,api_football,1052520.0,,,,,,,,,,
seriea-2023-2024-03-03-atalanta-v-bologna,2024-03-03,2023,seriea,Atalanta,Bologna,1,2,finished,api_football,1052513.0,,,,,,,,,,
seriea-2023-2024-03-03-empoli-v-cagliari,2024-03-03,2023,seriea,Empoli,Cagliari,0,1,finished,api_football,1052514.0,,,,,,,,,,
seriea-2023-2024-03-03-verona-v-sassuolo,2024-03-03,2023,seriea,Verona,Sassuolo,1,0,finished,api_football,1052516.0,,,,,,,,,,
seriea-2023-2024-03-04-inter-v-genoa,2024-03-04,2023,seriea,Inter,Genoa,2,1,finished,api_football,1052517.0,,,,,,,,,,
seriea-2023-2024-03-08-napoli-v-torino,2024-03-08,2023,seriea,Napoli,Torino,1,1,finished,api_football,1052531.0,,,,,,,,,,
seriea-2023-2024-03-09-bologna-v-inter,2024-03-09,2023,seriea,Bologna,Inter,0,1,finished,api_football,1052523.0,,,,,,,,,,
seriea-2023-2024-03-09-genoa-v-monza,2024-03-09,2023,seriea,Genoa,Monza,2,3,finished,api_football,1052526.0,,,,,,,,,,
seriea-2023-2024-03-09-sassuolo-v-frosinone,2024-03-09,2023,seriea,Sassuolo,Frosinone,1,0,finished,api_football,1052532.0,,,,,,,,,,
seriea-2023-2024-03-09-cagliari-v-salernitana,2024-03-09,2023,seriea,Cagliari,Salernitana,4,2,finished,api_football,1052524.0,,,,,,,,,,
seriea-2023-2024-03-10-lecce-v-verona,2024-03-10,2023,seriea,Lecce,Verona,0,1,finished,api_football,1052529.0,,,,,,,,,,
seriea-2023-2024-03-10-juventus-v-atalanta,2024-03-10,2023,seriea,Juventus,Atalanta,2,2,finished,api_football,1052527.0,,,,,,,,,,
seriea-2023-2024-03-10-fiorentina-v-roma,2024-03-10,2023,seriea,Fiorentina,Roma,2,2,finished,api_football,1052525.0,,,,,,,,,,
seriea-2023-2024-03-10-milan-v-empoli,2024-03-10,2023,seriea,Milan,Empoli,1,0,finished,api_football,1052530.0,,,,,,,,,,
seriea-2023-2024-03-11-lazio-v-udinese,2024-03-11,2023,seriea,Lazio,Udinese,1,2,finished,api_football,1052528.0,,,,,,,,,,
seriea-2023-2024-03-15-empoli-v-bologna,2024-03-15,2023,seriea,Empoli,Bologna,0,1,finished,api_football,1052534.0,,,,,,,,,,
seriea-2023-2024-03-16-udinese-v-torino,2024-03-16,2023,seriea,Udinese,Torino,0,2,finished,api_football,1052542.0,,,,,,,,,,
seriea-2023-2024-03-16-monza-v-cagliari,2024-03-16,2023,seriea,Monza,Cagliari,1,0,finished,api_football,1052539.0,,,,,,,,,,
seriea-2023-2024-03-16-salernitana-v-lecce,2024-03-16,2023,seriea,Salernitana,Lecce,0,1,finished,api_football,1052541.0,,,,,,,,,,
seriea-2023-2024-03-16-frosinone-v-lazio,2024-03-16,2023,seriea,Frosinone,Lazio,2,3,finished,api_football,1052535.0,,,,,,,,,,
seriea-2023-2024-03-17-inter-v-napoli,2024-03-17,2023,seriea,Inter,Napoli,1,1,finished,api_football,1052537.0,,,,,,,,,,
seriea-2023-2024-03-17-roma-v-sassuolo,2024-03-17,2023,seriea,Roma,Sassuolo,1,0,finished,api_football,1052540.0,,,,,,,,,,
seriea-2023-2024-03-17-verona-v-milan,2024-03-17,2023,seriea,Verona,Milan,1,3,finished,api_football,1052536.0,,,,,,,,,,
seriea-2023-2024-03-17-juventus-v-genoa,2024-03-17,2023,seriea,Juventus,Genoa,0,0,finished,api_football,1052538.0,,,,,,,,,,
seriea-2023-2024-03-30-lazio-v-juventus,2024-03-30,2023,seriea,Lazio,Juventus,1,0,finished,api_football,1052548.0,,,,,,,,,,
seriea-2023-2024-03-30-napoli-v-atalanta,2024-03-30,2023,seriea,Napoli,Atalanta,0,3,finished,api_football,1052550.0,,,,,,,,,,
seriea-2023-2024-03-30-genoa-v-frosinone,2024-03-30,2023,seriea,Genoa,Frosinone,1,1,finished,api_football,1052546.0,,,,,,,,,,
seriea-2023-2024-03-30-torino-v-monza,2024-03-30,2023,seriea,Torino,Monza,1,0,finished,api_football,1052552.0,,,,,,,,,,
seriea-2023-2024-03-30-fiorentina-v-milan,2024-03-30,2023,seriea,Fiorentina,Milan,1,2,finished,api_football,1052545.0,,,,,,,,,,
seriea-2023-2024-04-01-bologna-v-salernitana,2024-04-01,2023,seriea,Bologna,Salernitana,3,0,finished,api_football,1052543.0,,,,,,,,,,
seriea-2023-2024-04-01-cagliari-v-verona,2024-04-01,2023,seriea,Cagliari,Verona,1,1,finished,api_football,1052544.0,,,,,,,,,,
seriea-2023-2024-04-01-sassuolo-v-udinese,2024-04-01,2023,seriea,Sassuolo,Udinese,1,1,finished,api_football,1052551.0,,,,,,,,,,
seriea-2023-2024-04-01-inter-v-empoli,2024-04-01,2023,seriea,Inter,Empoli,2,0,finished,api_football,1052547.0,,,,,,,,,,
seriea-2023-2024-04-01-lecce-v-roma,2024-04-01,2023,seriea,Lecce,Roma,0,0,finished,api_football,1052549.0,,,,,,,,,,
seriea-2023-2024-04-05-salernitana-v-sassuolo,2024-04-05,2023,seriea,Salernitana,Sassuolo,2,2,finished,api_football,1052561.0,,,,,,,,,,
seriea-2023-2024-04-06-milan-v-lecce,2024-04-06,2023,seriea,Milan,Lecce,3,0,finished,api_football,1052558.0,,,,,,,,,,
seriea-2023-2024-04-06-roma-v-lazio,2024-04-06,2023,seriea,Roma,Lazio,1,0,finished,api_football,1052560.0,,,,,,,,,,
seriea-2023-2024-04-06-empoli-v-torino,2024-04-06,2023,seriea,Empoli,Torino,3,2,finished,api_football,1052554.0,,,,,,,,,,
seriea-2023-2024-04-07-monza-v-napoli,2024-04-07,2023,seriea,Monza,Napoli,2,4,finished,api_football,1052559.0,,,,,,,,,,
seriea-2023-2024-04-07-cagliari-v-atalanta,2024-04-07,2023,seriea,Cagliari,Atalanta,2,1,finished,api_football,1052553.0,,,,,,,,,,
seriea-2023-2024-04-07-frosinone-v-bologna,2024-04-07,2023,seriea,Frosinone,Bologna,0,0,finished,api_football,1052555.0,,,,,,,,,,
seriea-2023-2024-04-07-juventus-v-fiorentina,2024-04-07,2023,seriea,Juventus,Fiorentina,1,0,finished,api_football,1052557.0,,,,,,,,,,
seriea-2023-2024-04-07-verona-v-genoa,2024-04-07,2023,seriea,Verona,Genoa,1,2,finished,api_football,1052556.0,,,,,,,,,,
seriea-2023-2024-04-08-udinese-v-inter,2024-04-08,2023,seriea,Udinese,Inter,1,2,finished,api_football,1052562.0,,,,,,,,,,
seriea-2023-2024-04-12-lazio-v-salernitana,2024-04-12,2023,seriea,Lazio,Salernitana,4,1,finished,api_football,1052567.0,,,,,,,,,,
seriea-2023-2024-04-13-lecce-v-empoli,2024-04-13,2023,seriea,Lecce,Empoli,1,0,finished,api_football,1052568.0,,,,,,,,,,
seriea-2023-2024-04-13-torino-v-juventus,2024-04-13,2023,seriea,Torino,Juventus,0,0,finished,api_football,1052571.0,,,,,,,,,,
seriea-2023-2024-04-13-bologna-v-monza,2024-04-13,2023,seriea,Bologna,Monza,0,0,finished,api_football,1052564.0,,,,,,,,,,
seriea-2023-2024-04-14-inter-v-cagliari,2024-04-14,2023,seriea,Inter,Cagliari,2,2,finished,api_football,1052566.0,,,,,,,,,,
seriea-2023-2024-04-14-napoli-v-frosinone,2024-04-14,2023,seriea,Napoli,Frosinone,2,2,finished,api_football,1052569.0,,,,,,,,,,
seriea-2023-2024-04-14-sassuolo-v-milan,2024-04-14,2023,seriea,Sassuolo,Milan,3,3,finished,api_football,1052570.0,,,,,,,,,,
seriea-2023-2024-04-15-fiorentina-v-genoa,2024-04-15,2023,seriea,Fiorentina,Genoa,1,1,finished,api_football,1052565.0,,,,,,,,,,
seriea-2023-2024-04-15-atalanta-v-verona,2024-04-15,2023,seriea,Atalanta,Verona,2,2,finished,api_football,1052563.0,,,,,,,,,,
seriea-2023-2024-04-19-cagliari-v-juventus,2024-04-19,2023,seriea,Cagliari,Juventus,2,2,finished,api_football,1052573.0,,,,,,,,,,
seriea-2023-2024-04-19-genoa-v-lazio,2024-04-19,2023,seriea,Genoa,Lazio,0,1,finished,api_football,1052575.0,,,,,,,,,,
seriea-2023-2024-04-20-empoli-v-napoli,2024-04-20,2023,seriea,Empoli,Napoli,1,0,finished,api_football,1052574.0,,,,,,,,,,
seriea-2023-2024-04-20-verona-v-udinese,2024-04-20,2023,seriea,Verona,Udinese,1,0,finished,api_football,1052576.0,,,,,,,,,,
seriea-2023-2024-04-21-sassuolo-v-lecce,2024-04-21,2023,seriea,Sassuolo,Lecce,0,3,finished,api_football,1052581.0,,,,,,,,,,
seriea-2023-2024-04-21-torino-v-frosinone,2024-04-21,2023,seriea,Torino,Frosinone,0,0,finished,api_football,1052582.0,,,,,,,,,,
seriea-2023-2024-04-21-salernitana-v-fiorentina,2024-04-21,2023,seriea,Salernitana,Fiorentina,0,2,finished,api_football,1052580.0,,,,,,,,,,
seriea-2023-2024-04-21-monza-v-atalanta,2024-04-21,2023,seriea,Monza,Atalanta,1,2,finished,api_football,1052578.0,,,,,,,,,,
seriea-2023-2024-04-22-roma-v-bologna,2024-04-22,2023,seriea,Roma,Bologna,1,3,finished,api_football,1052579.0,,,,,,,,,,
seriea-2023-2024-04-22-milan-v-inter,2024-04-22,2023,seriea,Milan,Inter,1,2,finished,api_football,1052577.0,,,,,,,,,,
seriea-2023-2024-04-25-udinese-v-roma,2024-04-25,2023,seriea,Udinese,Roma,1,2,finished,api_football,1052572.0,,,,,,,,,,
seriea-2023-2024-04-26-frosinone-v-salernitana,2024-04-26,2023,seriea,Frosinone,Salernitana,3,0,finished,api_football,1052586.0,,,,,,,,,,
seriea-2023-2024-04-27-juventus-v-milan,2024-04-27,2023,seriea,Juventus,Milan,0,0,finished,api_football,1052589.0,,,,,,,,,,
seriea-2023-2024-04-27-lazio-v-verona,2024-04-27,2023,seriea,Lazio,Verona,1,0,finished,api_football,1052590.0,,,,,,,,,,
seriea-2023-2024-04-27-lecce-v-monza,2024-04-27,2023,seriea,Lecce,Monza,1,1,finished,api_football,1052591.0,,,,,,,,,,
seriea-2023-2024-04-28-fiorentina-v-sassuolo,2024-04-28,2023,seriea,Fiorentina,Sassuolo,5,1,finished,api_football,1052585.0,,,,,,,,,,
seriea-2023-2024-04-28-napoli-v-roma,2024-04-28,2023,seriea,Napoli,Roma,2,2,finished,api_football,1052592.0,,,,,,,,,,
seriea-2023-2024-04-28-atalanta-v-empoli,2024-04-28,2023,seriea,Atalanta,Empoli,2,0,finished,api_football,1052583.0,,,,,,,,,,
seriea-2023-2024-04-28-inter-v-torino,2024-04-28,2023,seriea,Inter,Torino,2,0,finished,api_football,1052588.0,,,,,,,,,,
seriea-2023-2024-04-28-bologna-v-udinese,2024-04-28,2023,seriea,Bologna,Udinese,1,1,finished,api_football,1052584.0,,,,,,,,,,
seriea-2023-2024-04-29-genoa-v-cagliari,2024-04-29,2023,seriea,Genoa,Cagliari,3,0,finished,api_football,1052587.0,,,,,,,,,,
seriea-2023-2024-05-03-torino-v-bologna,2024-05-03,2023,seriea,Torino,Bologna,0,0,finished,api_football,1052601.0,,,,,,,,,,
seriea-2023-2024-05-04-sassuolo-v-inter,2024-05-04,2023,seriea,Sassuolo,Inter,1,0,finished,api_football,1052600.0,,,,,,,,,,
seriea-2023-2024-05-04-monza-v-lazio,2024-05-04,2023,seriea,Monza,Lazio,2,2,finished,api_football,1052597.0,,,,,,,,,,
seriea-2023-2024-05-05-empoli-v-frosinone,2024-05-05,2023,seriea,Empoli,Frosinone,0,0,finished,api_football,1052594.0,,,,,,,,,,
seriea-2023-2024-05-05-cagliari-v-lecce,2024-05-05,2023,seriea,Cagliari,Lecce,1,1,finished,api_football,1052593.0,,,,,,,,,,
seriea-2023-2024-05-05-verona-v-fiorentina,2024-05-05,2023,seriea,Verona,Fiorentina,2,1,finished,api_football,1052595.0,,,,,,,,,,
seriea-2023-2024-05-05-milan-v-genoa,2024-05-05,2023,seriea,Milan,Genoa,3,3,finished,api_football,1052596.0,,,,,,,,,,
seriea-2023-2024-05-05-roma-v-juventus,2024-05-05,2023,seriea,Roma,Juventus,1,1,finished,api_football,1052598.0,,,,,,,,,,
seriea-2023-2024-05-06-salernitana-v-atalanta,2024-05-06,2023,seriea,Salernitana,Atalanta,1,2,finished,api_football,1052599.0,,,,,,,,,,
seriea-2023-2024-05-06-udinese-v-napoli,2024-05-06,2023,seriea,Udinese,Napoli,1,1,finished,api_football,1052602.0,,,,,,,,,,
seriea-2023-2024-05-10-frosinone-v-inter,2024-05-10,2023,seriea,Frosinone,Inter,0,5,finished,api_football,1052605.0,,,,,,,,,,
seriea-2023-2024-05-11-milan-v-cagliari,2024-05-11,2023,seriea,Milan,Cagliari,5,1,finished,api_football,1052611.0,,,,,,,,,,
seriea-2023-2024-05-11-napoli-v-bologna,2024-05-11,2023,seriea,Napoli,Bologna,0,2,finished,api_football,1052612.0,,,,,,,,,,
seriea-2023-2024-05-12-juventus-v-salernitana,2024-05-12,2023,seriea,Juventus,Salernitana,1,1,finished,api_football,1052608.0,,,,,,,,,,
seriea-2023-2024-05-12-verona-v-torino,2024-05-12,2023,seriea,Verona,Torino,1,2,finished,api_football,1052607.0,,,,,,,,,,
seriea-2023-2024-05-12-atalanta-v-roma,2024-05-12,2023,seriea,Atalanta,Roma,2,1,finished,api_football,1052603.0,,,,,,,,,,
seriea-2023-2024-05-12-lazio-v-empoli,2024-05-12,2023,seriea,Lazio,Empoli,2,0,finished,api_football,1052609.0,,,,,,,,,,
seriea-2023-2024-05-12-genoa-v-sassuolo,2024-05-12,2023,seriea,Genoa,Sassuolo,2,1,finished,api_football,1052606.0,,,,,,,,,,
seriea-2023-2024-05-13-lecce-v-udinese,2024-05-13,2023,seriea,Lecce,Udinese,0,2,finished,api_football,1052610.0,,,,,,,,,,
seriea-2023-2024-05-13-fiorentina-v-monza,2024-05-13,2023,seriea,Fiorentina,Monza,2,1,finished,api_football,1052604.0,,,,,,,,,,
seriea-2023-2024-05-17-fiorentina-v-napoli,2024-05-17,2023,seriea,Fiorentina,Napoli,2,2,finished,api_football,1052614.0,,,,,,,,,,
seriea-2023-2024-05-18-lecce-v-atalanta,2024-05-18,2023,seriea,Lecce,Atalanta,0,2,finished,api_football,1052616.0,,,,,,,,,,
seriea-2023-2024-05-18-torino-v-milan,2024-05-18,2023,seriea,Torino,Milan,3,1,finished,api_football,1052621.0,,,,,,,,,,
seriea-2023-2024-05-19-roma-v-genoa,2024-05-19,2023,seriea,Roma,Genoa,1,0,finished,api_football,1052618.0,,,,,,,,,,
seriea-2023-2024-05-19-monza-v-frosinone,2024-05-19,2023,seriea,Monza,Frosinone,0,1,finished,api_football,1052617.0,,,,,,,,,,
seriea-2023-2024-05-19-inter-v-lazio,2024-05-19,2023,seriea,Inter,Lazio,1,1,finished,api_football,1052615.0,,,,,,,,,,
seriea-2023-2024-05-19-sassuolo-v-cagliari,2024-05-19,2023,seriea,Sassuolo,Cagliari,0,2,finished,api_football,1052620.0,,,,,,,,,,
seriea-2023-2024-05-19-udinese-v-empoli,2024-05-19,2023,seriea,Udinese,Empoli,1,1,finished,api_football,1052622.0,,,,,,,,,,
seriea-2023-2024-05-20-salernitana-v-verona,2024-05-20,2023,seriea,Salernitana,Verona,1,2,finished,api_football,1052619.0,,,,,,,,,,
seriea-2023-2024-05-20-bologna-v-juventus,2024-05-20,2023,seriea,Bologna,Juventus,3,3,finished,api_football,1052613.0,,,,,,,,,,
seriea-2023-2024-05-23-cagliari-v-fiorentina,2024-05-23,2023,seriea,Cagliari,Fiorentina,2,3,finished,api_football,1052624.0,,,,,,,,,,
seriea-2023-2024-05-24-genoa-v-bologna,2024-05-24,2023,seriea,Genoa,Bologna,2,0,finished,api_football,1052627.0,,,,,,,,,,
seriea-2023-2024-05-25-juventus-v-monza,2024-05-25,2023,seriea,Juventus,Monza,2,0,finished,api_football,1052629.0,,,,,,,,,,
seriea-2023-2024-05-25-milan-v-salernitana,2024-05-25,2023,seriea,Milan,Salernitana,3,3,finished,api_football,1052631.0,,,,,,,,,,
seriea-2023-2024-05-26-frosinone-v-udinese,2024-05-26,2023,seriea,Frosinone,Udinese,0,1,finished,api_football,1052626.0,,,,,,,,,,
seriea-2023-2024-05-26-empoli-v-roma,2024-05-26,2023,seriea,Empoli,Roma,2,1,finished,api_football,1052625.0,,,,,,,,,,
seriea-2023-2024-05-26-verona-v-inter,2024-05-26,2023,seriea,Verona,Inter,2,2,finished,api_football,1052628.0,,,,,,,,,,
seriea-2023-2024-05-26-atalanta-v-torino,2024-05-26,2023,seriea,Atalanta,Torino,3,0,finished,api_football,1052623.0,,,,,,,,,,
seriea-2023-2024-05-26-napoli-v-lecce,2024-05-26,2023,seriea,Napoli,Lecce,0,0,finished,api_football,1052632.0,,,,,,,,,,
seriea-2023-2024-05-26-lazio-v-sassuolo,2024-05-26,2023,seriea,Lazio,Sassuolo,1,1,finished,api_football,1052630.0,,,,,,,,,,
seriea-2023-2024-06-02-atalanta-v-fiorentina,2024-06-02,2023,seriea,Atalanta,Fiorentina,2,3,finished,api_football,1052533.0,,,,,,,,,,
seriea-2024-2024-08-17-genoa-v-inter,2024-08-17,2024,seriea,Genoa,Inter,2,2,finished,api_football,1223598.0,,,,,,,,,,
seriea-2024-2024-08-17-parma-v-fiorentina,2024-08-17,2024,seriea,Parma,Fiorentina,1,1,finished,api_football,1223604.0,,,,,,,,,,
seriea-2024-2024-08-17-milan-v-torino,2024-08-17,2024,seriea,Milan,Torino,2,2,finished,api_football,1223603.0,,,,,,,,,,
seriea-2024-2024-08-17-empoli-v-monza,2024-08-17,2024,seriea,Empoli,Monza,0,0,finished,api_football,1223597.0,,,,,,,,,,
seriea-2024-2024-08-18-cagliari-v-roma,2024-08-18,2024,seriea,Cagliari,Roma,0,0,finished,api_football,1223596.0,,,,,,,,,,
seriea-2024-2024-08-18-lazio-v-venezia,2024-08-18,2024,seriea,Lazio,Venezia,3,1,finished,api_football,1223601.0,,,,,,,,,,
seriea-2024-2024-08-18-verona-v-napoli,2024-08-18,2024,seriea,Verona,Napoli,3,0,finished,api_football,1223599.0,,,,,,,,,,
seriea-2024-2024-08-18-bologna-v-udinese,2024-08-18,2024,seriea,Bologna,Udinese,1,1,finished,api_football,1223595.0,,,,,,,,,,
seriea-2024-2024-08-19-juventus-v-como,2024-08-19,2024,seriea,Juventus,Como,3,0,finished,api_football,1223600.0,,,,,,,,,,
seriea-2024-2024-08-19-lecce-v-atalanta,2024-08-19,2024,seriea,Lecce,Atalanta,0,4,finished,api_football,1223602.0,,,,,,,,,,
seriea-2024-2024-08-24-monza-v-genoa,2024-08-24,2024,seriea,Monza,Genoa,0,1,finished,api_football,1223609.0,,,,,,,,,,
seriea-2024-2024-08-24-udinese-v-lazio,2024-08-24,2024,seriea,Udinese,Lazio,2,1,finished,api_football,1223614.0,,,,,,,,,,
seriea-2024-2024-08-24-parma-v-milan,2024-08-24,2024,seriea,Parma,Milan,2,1,finished,api_football,1223611.0,,,,,,,,,,
seriea-2024-2024-08-24-inter-v-lecce,2024-08-24,2024,seriea,Inter,Lecce,2,0,finished,api_football,1223608.0,,,,,,,,,,
seriea-2024-2024-08-25-napoli-v-bologna,2024-08-25,2024,seriea,Napoli,Bologna,3,0,finished,api_football,1223610.0,,,,,,,,,,
seriea-2024-2024-08-25-roma-v-empoli,2024-08-25,2024,seriea,Roma,Empoli,1,2,finished,api_football,1223612.0,,,,,,,,,,
seriea-2024-2024-08-25-fiorentina-v-venezia,2024-08-25,2024,seriea,Fiorentina,Venezia,0,0,finished,api_football,1223606.0,,,,,,,,,,
seriea-2024-2024-08-25-torino-v-atalanta,2024-08-25,2024,seriea,Torino,Atalanta,2,1,finished,api_football,1223613.0,,,,,,,,,,
seriea-2024-2024-08-26-verona-v-juventus,2024-08-26,2024,seriea,Verona,Juventus,0,3,finished,api_football,1223607.0,,,,,,,,,,
seriea-2024-2024-08-26-cagliari-v-como,2024-08-26,2024,seriea,Cagliari,Como,1,1,finished,api_football,1223605.0,,,,,,,,,,
seriea-2024-2024-08-30-venezia-v-torino,2024-08-30,2024,seriea,Venezia,Torino,0,1,finished,api_football,1223624.0,,,,,,,,,,
seriea-2024-2024-08-30-inter-v-atalanta,2024-08-30,2024,seriea,Inter,Atalanta,4,0,finished,api_football,1223618.0,,,,,,,,,,
seriea-2024-2024-08-31-bologna-v-empoli,2024-08-31,2024,seriea,Bologna,Empoli,1,1,finished,api_football,1223615.0,,,,,,,,,,
seriea-2024-2024-08-31-lecce-v-cagliari,2024-08-31,2024,seriea,Lecce,Cagliari,1,0,finished,api_football,1223621.0,,,,,,,,,,
seriea-2024-2024-08-31-lazio-v-milan,2024-08-31,2024,seriea,Lazio,Milan,2,2,finished,api_football,1223620.0,,,,,,,,,,
seriea-2024-2024-08-31-napoli-v-parma,2024-08-31,2024,seriea,Napoli,Parma,2,1,finished,api_football,1223622.0,,,,,,,,,,
seriea-2024-2024-09-01-juventus-v-roma,2024-09-01,2024,seriea,Juventus,Roma,0,0,finished,api_football,1223619.0,,,,,,,,,,
seriea-2024-2024-09-01-udinese-v-como,2024-09-01,2024,seriea,Udinese,Como,1,0,finished,api_football,1223623.0,,,,,,,,,,
seriea-2024-2024-09-01-genoa-v-verona,2024-09-01,2024,seriea,Genoa,Verona,0,2,finished,api_football,1223617.0,,,,,,,,,,
seriea-2024-2024-09-01-fiorentina-v-monza,2024-09-01,2024,seriea,Fiorentina,Monza,2,2,finished,api_football,1223616.0,,,,,,,,,,
seriea-2024-2024-09-14-como-v-bologna,2024-09-14,2024,seriea,Como,Bologna,2,2,finished,api_football,1223627.0,,,,,,,,,,
seriea-2024-2024-09-14-empoli-v-juventus,2024-09-14,2024,seriea,Empoli,Juventus,0,0,finished,api_football,1223628.0,,,,,,,,,,
seriea-2024-2024-09-14-milan-v-venezia,2024-09-14,2024,seriea,Milan,Venezia,4,0,finished,api_football,1223631.0,,,,,,,,,,
seriea-2024-2024-09-15-cagliari-v-napoli,2024-09-15,2024,seriea,Cagliari,Napoli,0,4,finished,api_football,1223626.0,,,,,,,,,,
seriea-2024-2024-09-15-torino-v-lecce,2024-09-15,2024,seriea,Torino,Lecce,0,0,finished,api_football,1223634.0,,,,,,,,,,
seriea-2024-2024-09-15-atalanta-v-fiorentina,2024-09-15,2024,seriea,Atalanta,Fiorentina,3,2,finished,api_football,1223625.0,,,,,,,,,,
seriea-2024-2024-09-15-monza-v-inter,2024-09-15,2024,seriea,Monza,Inter,1,1,finished,api_football,1223632.0,,,,,,,,,,
seriea-2024-2024-09-15-genoa-v-roma,2024-09-15,2024,seriea,Genoa,Roma,1,1,finished,api_football,1223629.0,,,,,,,,,,
seriea-2024-2024-09-16-parma-v-udinese,2024-09-16,2024,seriea,Parma,Udinese,2,3,finished,api_football,1223633.0,,,,,,,,,,
seriea-2024-2024-09-16-lazio-v-verona,2024-09-16,2024,seriea,Lazio,Verona,2,1,finished,api_football,1223630.0,,,,,,,,,,
seriea-2024-2024-09-20-cagliari-v-empoli,2024-09-20,2024,seriea,Cagliari,Empoli,0,2,finished,api_football,1223636.0,,,,,,,,,,
seriea-2024-2024-09-20-verona-v-torino,2024-09-20,2024,seriea,Verona,Torino,2,3,finished,api_football,1223638.0,,,,,,,,,,
seriea-2024-2024-09-21-juventus-v-napoli,2024-09-21,2024,seriea,Juventus,Napoli,0,0,finished,api_football,1223640.0,,,,,,,,,,
seriea-2024-2024-09-21-lecce-v-parma,2024-09-21,2024,seriea,Lecce,Parma,2,2,finished,api_football,1223641.0,,,,,,,,,,
seriea-2024-2024-09-21-venezia-v-genoa,2024-09-21,2024,seriea,Venezia,Genoa,2,0,finished,api_football,1223644.0,,,,,,,,,,
seriea-2024-2024-09-22-monza-v-bologna,2024-09-22,2024,seriea,Monza,Bologna,1,2,finished,api_football,1223642.0,,,,,,,,,,
seriea-2024-2024-09-22-fiorentina-v-lazio,2024-09-22,2024,seriea,Fiorentina,Lazio,2,1,finished,api_football,1223637.0,,,,,,,,,,
seriea-2024-2024-09-22-inter-v-milan,2024-09-22,2024,seriea,Inter,Milan,1,2,finished,api_football,1223639.0,,,,,,,,,,
seriea-2024-2024-09-22-roma-v-udinese,2024-09-22,2024,seriea,Roma,Udinese,3,0,finished,api_football,1223643.0,,,,,,,,,,
seriea-2024-2024-09-24-atalanta-v-como,2024-09-24,2024,seriea,Atalanta,Como,2,3,finished,api_football,1223635.0,,,,,,,,,,
seriea-2024-2024-09-27-milan-v-lecce,2024-09-27,2024,seriea,Milan,Lecce,3,0,finished,api_football,1223649.0,,,,,,,,,,
seriea-2024-2024-09-28-udinese-v-inter,2024-09-28,2024,seriea,Udinese,Inter,2,3,finished,api_football,1223654.0,,,,,,,,,,
seriea-2024-2024-09-28-genoa-v-juventus,2024-09-28,2024,seriea,Genoa,Juventus,0,3,finished,api_football,1223648.0,,,,,,,,,,
seriea-2024-2024-09-28-bologna-v-atalanta,2024-09-28,2024,seriea,Bologna,Atalanta,1,1,finished,api_football,1223645.0,,,,,,,,,,
seriea-2024-2024-09-29-empoli-v-fiorentina,2024-09-29,2024,seriea,Empoli,Fiorentina,0,0,finished,api_football,1223647.0,,,,,,,,,,
seriea-2024-2024-09-29-como-v-verona,2024-09-29,2024,seriea,Como,Verona,3,2,finished,api_football,1223646.0,,,,,,,,,,
seriea-2024-2024-09-29-roma-v-venezia,2024-09-29,2024,seriea,Roma,Venezia,2,1,finished,api_football,1223652.0,,,,,,,,,,
seriea-2024-2024-09-29-napoli-v-monza,2024-09-29,2024,seriea,Napoli,Monza,2,0,finished,api_football,1223650.0,,,,,,,,,,
seriea-2024-2024-09-29-torino-v-lazio,2024-09-29,2024,seriea,Torino,Lazio,2,3,finished,api_football,1223653.0,,,,,,,,,,
seriea-2024-2024-09-30-parma-v-cagliari,2024-09-30,2024,seriea,Parma,Cagliari,2,3,finished,api_football,1223651.0,,,,,,,,,,
seriea-2024-2024-10-04-verona-v-venezia,2024-10-04,2024,seriea,Verona,Venezia,2,1,finished,api_football,1223658.0,,,,,,,,,,
seriea-2024-2024-10-04-napoli-v-como,2024-10-04,2024,seriea,Napoli,Como,3,1,finished,api_football,1223663.0,,,,,,,,,,
seriea-2024-2024-10-05-atalanta-v-genoa,2024-10-05,2024,seriea,Atalanta,Genoa,5,1,finished,api_football,1223655.0,,,,,,,,,,
seriea-2024-2024-10-05-inter-v-torino,2024-10-05,2024,seriea,Inter,Torino,3,2,finished,api_football,1223659.0,,,,,,,,,,
seriea-2024-2024-10-05-udinese-v-lecce,2024-10-05,2024,seriea,Udinese,Lecce,1,0,finished,api_football,1223664.0,,,,,,,,,,
seriea-2024-2024-10-06-fiorentina-v-milan,2024-10-06,2024,seriea,Fiorentina,Milan,2,1,finished,api_football,1223657.0,,,,,,,,,,
seriea-2024-2024-10-06-monza-v-roma,2024-10-06,2024,seriea,Monza,Roma,1,1,finished,api_football,1223662.0,,,,,,,,,,
seriea-2024-2024-10-06-bologna-v-parma,2024-10-06,2024,seriea,Bologna,Parma,0,0,finished,api_football,1223656.0,,,,,,,,,,
seriea-2024-2024-10-06-juventus-v-cagliari,2024-10-06,2024,seriea,Juventus,Cagliari,1,1,finished,api_football,1223660.0,,,,,,,,,,
seriea-2024-2024-10-06-lazio-v-empoli,2024-10-06,2024,seriea,Lazio,Empoli,2,1,finished,api_football,1223661.0,,,,,,,,,,
seriea-2024-2024-10-19-genoa-v-bologna,2024-10-19,2024,seriea,Genoa,Bologna,2,2,finished,api_football,1223668.0,,,,,,,,,,
seriea-2024-2024-10-19-como-v-parma,2024-10-19,2024,seriea,Como,Parma,1,1,finished,api_football,1223666.0,,,,,,,,,,
seriea-2024-2024-10-19-milan-v-udinese,2024-10-19,2024,seriea,Milan,Udinese,1,0,finished,api_football,1223672.0,,,,,,,,,,
seriea-2024-2024-10-19-juventus-v-lazio,2024-10-19,2024,seriea,Juventus,Lazio,1,0,finished,api_football,1223670.0,,,,,,,,,,
seriea-2024-2024-10-20-cagliari-v-torino,2024-10-20,2024,seriea,Cagliari,Torino,3,2,finished,api_football,1223665.0,,,,,,,,,,
seriea-2024-2024-10-20-roma-v-inter,2024-10-20,2024,seriea,Roma,Inter,0,1,finished,api_football,1223673.0,,,,,,,,,,
seriea-2024-2024-10-20-lecce-v-fiorentina,2024-10-20,2024,seriea,Lecce,Fiorentina,0,6,finished,api_football,1223671.0,,,,,,,,,,
seriea-2024-2024-10-20-empoli-v-napoli,2024-10-20,2024,seriea,Empoli,Napoli,0,1,finished,api_football,1223667.0,,,,,,,,,,
seriea-2024-2024-10-20-venezia-v-atalanta,2024-10-20,2024,seriea,Venezia,Atalanta,0,2,finished,api_football,1223674.0,,,,,,,,,,
seriea-2024-2024-10-21-verona-v-monza,2024-10-21,2024,seriea,Verona,Monza,0,3,finished,api_football,1223669.0,,,,,,,,,,
seriea-2024-2024-10-25-torino-v-como,2024-10-25,2024,seriea,Torino,Como,1,0,finished,api_football,1223683.0,,,,,,,,,,
seriea-2024-2024-10-25-udinese-v-cagliari,2024-10-25,2024,seriea,Udinese,Cagliari,2,0,finished,api_football,1223684.0,,,,,,,,,,
seriea-2024-2024-10-26-napoli-v-lecce,2024-10-26,2024,seriea,Napoli,Lecce,1,0,finished,api_football,1223681.0,,,,,,,,,,
seriea-2024-2024-10-26-atalanta-v-verona,2024-10-26,2024,seriea,Atalanta,Verona,6,1,finished,api_football,1223675.0,,,,,,,,,,
seriea-2024-2024-10-27-fiorentina-v-roma,2024-10-27,2024,seriea,Fiorentina,Roma,5,1,finished,api_football,1223677.0,,,,,,,,,,
seriea-2024-2024-10-27-inter-v-juventus,2024-10-27,2024,seriea,Inter,Juventus,4,4,finished,api_football,1223678.0,,,,,,,,,,
seriea-2024-2024-10-27-monza-v-venezia,2024-10-27,2024,seriea,Monza,Venezia,2,2,finished,api_football,1223680.0,,,,,,,,,,
seriea-2024-2024-10-27-parma-v-empoli,2024-10-27,2024,seriea,Parma,Empoli,1,1,finished,api_football,1223682.0,,,,,,,,,,
seriea-2024-2024-10-27-lazio-v-genoa,2024-10-27,2024,seriea,Lazio,Genoa,3,0,finished,api_football,1223679.0,,,,,,,,,,
seriea-2024-2024-10-29-lecce-v-verona,2024-10-29,2024,seriea,Lecce,Verona,1,0,finished,api_football,1223691.0,,,,,,,,,,
seriea-2024-2024-10-29-cagliari-v-bologna,2024-10-29,2024,seriea,Cagliari,Bologna,0,2,finished,api_football,1223686.0,,,,,,,,,,
seriea-2024-2024-10-29-milan-v-napoli,2024-10-29,2024,seriea,Milan,Napoli,0,2,finished,api_football,1223692.0,,,,,,,,,,
seriea-2024-2024-10-30-atalanta-v-monza,2024-10-30,2024,seriea,Atalanta,Monza,2,0,finished,api_football,1223685.0,,,,,,,,,,
seriea-2024-2024-10-30-empoli-v-inter,2024-10-30,2024,seriea,Empoli,Inter,0,3,finished,api_football,1223688.0,,,,,,,,,,
seriea-2024-2024-10-30-venezia-v-udinese,2024-10-30,2024,seriea,Venezia,Udinese,3,2,finished,api_football,1223694.0,,,,,,,,,,
seriea-2024-2024-10-30-juventus-v-parma,2024-10-30,2024,seriea,Juventus,Parma,2,2,finished,api_football,1223690.0,,,,,,,,,,
seriea-2024-2024-10-31-genoa-v-fiorentina,2024-10-31,2024,seriea,Genoa,Fiorentina,0,1,finished,api_football,1223689.0,,,,,,,,,,
seriea-2024-2024-10-31-roma-v-torino,2024-10-31,2024,seriea,Roma,Torino,1,0,finished,api_football,1223693.0,,,,,,,,,,
seriea-2024-2024-10-31-como-v-lazio,2024-10-31,2024,seriea,Como,Lazio,1,5,finished,api_football,1223687.0,,,,,,,,,,
seriea-2024-2024-11-02-udinese-v-juventus,2024-11-02,2024,seriea,Udinese,Juventus,0,2,finished,api_football,1223704.0,,,,,,,,,,
seriea-2024-2024-11-02-monza-v-milan,2024-11-02,2024,seriea,Monza,Milan,0,1,finished,api_football,1223700.0,,,,,,,,,,
seriea-2024-2024-11-02-bologna-v-lecce,2024-11-02,2024,seriea,Bologna,Lecce,1,0,finished,api_football,1223695.0,,,,,,,,,,
seriea-2024-2024-11-03-napoli-v-atalanta,2024-11-03,2024,seriea,Napoli,Atalanta,0,3,finished,api_football,1223701.0,,,,,,,,,,
seriea-2024-2024-11-03-torino-v-fiorentina,2024-11-03,2024,seriea,Torino,Fiorentina,0,1,finished,api_football,1223703.0,,,,,,,,,,
seriea-2024-2024-11-03-verona-v-roma,2024-11-03,2024,seriea,Verona,Roma,3,2,finished,api_football,1223697.0,,,,,,,,,,
seriea-2024-2024-11-03-inter-v-venezia,2024-11-03,2024,seriea,Inter,Venezia,1,0,finished,api_football,1223698.0,,,,,,,,,,
seriea-2024-2024-11-04-lazio-v-cagliari,2024-11-04,2024,seriea,Lazio,Cagliari,2,1,finished,api_football,1223699.0,,,,,,,,,,
seriea-2024-2024-11-04-empoli-v-como,2024-11-04,2024,seriea,Empoli,Como,1,0,finished,api_football,1223696.0,,,,,,,,,,
seriea-2024-2024-11-04-parma-v-genoa,2024-11-04,2024,seriea,Parma,Genoa,0,1,finished,api_football,1223702.0,,,,,,,,,,
seriea-2024-2024-11-07-genoa-v-como,2024-11-07,2024,seriea,Genoa,Como,1,1,finished,api_football,1223708.0,,,,,,,,,,
seriea-2024-2024-11-08-lecce-v-empoli,2024-11-08,2024,seriea,Lecce,Empoli,1,1,finished,api_football,1223711.0,,,,,,,,,,
seriea-2024-2024-11-09-venezia-v-parma,2024-11-09,2024,seriea,Venezia,Parma,1,2,finished,api_football,1223714.0,,,,,,,,,,
seriea-2024-2024-11-09-cagliari-v-milan,2024-11-09,2024,seriea,Cagliari,Milan,3,3,finished,api_football,1223706.0,,,,,,,,,,
seriea-2024-2024-11-09-juventus-v-torino,2024-11-09,2024,seriea,Juventus,Torino,2,0,finished,api_football,1223710.0,,,,,,,,,,
seriea-2024-2024-11-10-monza-v-lazio,2024-11-10,2024,seriea,Monza,Lazio,0,1,finished,api_football,1223712.0,,,,,,,,,,
seriea-2024-2024-11-10-fiorentina-v-verona,2024-11-10,2024,seriea,Fiorentina,Verona,3,1,finished,api_football,1223707.0,,,,,,,,,,
seriea-2024-2024-11-10-inter-v-napoli,2024-11-10,2024,seriea,Inter,Napoli,1,1,finished,api_football,1223709.0,,,,,,,,,,
seriea-2024-2024-11-10-atalanta-v-udinese,2024-11-10,2024,seriea,Atalanta,Udinese,2,1,finished,api_football,1223705.0,,,,,,,,,,
seriea-2024-2024-11-10-roma-v-bologna,2024-11-10,2024,seriea,Roma,Bologna,2,3,finished,api_football,1223713.0,,,,,,,,,,
seriea-2024-2024-11-23-parma-v-atalanta,2024-11-23,2024,seriea,Parma,Atalanta,1,3,finished,api_football,1223722.0,,,,,,,,,,
seriea-2024-2024-11-23-verona-v-inter,2024-11-23,2024,seriea,Verona,Inter,0,5,finished,api_football,1223718.0,,,,,,,,,,
seriea-2024-2024-11-23-milan-v-juventus,2024-11-23,2024,seriea,Milan,Juventus,0,0,finished,api_football,1223720.0,,,,,,,,,,
seriea-2024-2024-11-24-lazio-v-bologna,2024-11-24,2024,seriea,Lazio,Bologna,3,0,finished,api_football,1223719.0,,,,,,,,,,
seriea-2024-2024-11-24-como-v-fiorentina,2024-11-24,2024,seriea,Como,Fiorentina,0,2,finished,api_football,1223715.0,,,,,,,,,,
seriea-2024-2024-11-24-napoli-v-roma,2024-11-24,2024,seriea,Napoli,Roma,1,0,finished,api_football,1223721.0,,,,,,,,,,
seriea-2024-2024-11-24-genoa-v-cagliari,2024-11-24,2024,seriea,Genoa,Cagliari,2,2,finished,api_football,1223717.0,,,,,,,,,,
seriea-2024-2024-11-24-torino-v-monza,2024-11-24,2024,seriea,Torino,Monza,1,1,finished,api_football,1223723.0,,,,,,,,,,
seriea-2024-2024-11-25-empoli-v-udinese,2024-11-25,2024,seriea,Empoli,Udinese,1,1,finished,api_football,1223716.0,,,,,,,,,,
seriea-2024-2024-11-25-venezia-v-lecce,2024-11-25,2024,seriea,Venezia,Lecce,0,1,finished,api_football,1223724.0,,,,,,,,,,
seriea-2024-2024-11-29-cagliari-v-verona,2024-11-29,2024,seriea,Cagliari,Verona,1,0,finished,api_football,1223726.0,,,,,,,,,,
seriea-2024-2024-11-30-milan-v-empoli,2024-11-30,2024,seriea,Milan,Empoli,3,0,finished,api_football,1223730.0,,,,,,,,,,
seriea-2024-2024-11-30-bologna-v-venezia,2024-11-30,2024,seriea,Bologna,Venezia,3,0,finished,api_football,1223725.0,,,,,,,,,,
seriea-2024-2024-11-30-como-v-monza,2024-11-30,2024,seriea,Como,Monza,1,1,finished,api_football,1223727.0,,,,,,,,,,
seriea-2024-2024-12-01-lecce-v-juventus,2024-12-01,2024,seriea,Lecce,Juventus,1,1,finished,api_football,1223729.0,,,,,,,,,,
seriea-2024-2024-12-01-udinese-v-genoa,2024-12-01,2024,seriea,Udinese,Genoa,0,2,finished,api_football,1223734.0,,,,,,,,,,
seriea-2024-2024-12-01-parma-v-lazio,2024-12-01,2024,seriea,Parma,Lazio,3,1,finished,api_football,1223731.0,,,,,,,,,,
seriea-2024-2024-12-01-torino-v-napoli,2024-12-01,2024,seriea,Torino,Napoli,0,1,finished,api_football,1223733.0,,,,,,,,,,
seriea-2024-2024-12-02-roma-v-atalanta,2024-12-02,2024,seriea,Roma,Atalanta,0,2,finished,api_football,1223732.0,,,,,,,,,,
seriea-2024-2024-12-06-atalanta-v-milan,2024-12-06,2024,seriea,Atalanta,Milan,2,1,finished,api_football,1223735.0,,,,,,,,,,
seriea-2024-2024-12-06-inter-v-parma,2024-12-06,2024,seriea,Inter,Parma,3,1,finished,api_football,1223739.0,,,,,,,,,,
seriea-2024-2024-12-07-genoa-v-torino,2024-12-07,2024,seriea,Genoa,Torino,0,0,finished,api_football,1223737.0,,,,,,,,,,
seriea-2024-2024-12-07-juventus-v-bologna,2024-12-07,2024,seriea,Juventus,Bologna,2,2,finished,api_football,1223740.0,,,,,,,,,,
seriea-2024-2024-12-07-roma-v-lecce,2024-12-07,2024,seriea,Roma,Lecce,4,1,finished,api_football,1223743.0,,,,,,,,,,
seriea-2024-2024-12-08-fiorentina-v-cagliari,2024-12-08,2024,seriea,Fiorentina,Cagliari,1,0,finished,api_football,1223736.0,,,,,,,,,,
seriea-2024-2024-12-08-verona-v-empoli,2024-12-08,2024,seriea,Verona,Empoli,1,4,finished,api_football,1223738.0,,,,,,,,,,
seriea-2024-2024-12-08-venezia-v-como,2024-12-08,2024,seriea,Venezia,Como,2,2,finished,api_football,1223744.0,,,,,,,,,,
seriea-2024-2024-12-08-napoli-v-lazio,2024-12-08,2024,seriea,Napoli,Lazio,0,1,finished,api_football,1223742.0,,,,,,,,,,
seriea-2024-2024-12-09-monza-v-udinese,2024-12-09,2024,seriea,Monza,Udinese,1,2,finished,api_football,1223741.0,,,,,,,,,,
seriea-2024-2024-12-13-empoli-v-torino,2024-12-13,2024,seriea,Empoli,Torino,0,1,finished,api_football,1223748.0,,,,,,,,,,
seriea-2024-2024-12-14-cagliari-v-atalanta,2024-12-14,2024,seriea,Cagliari,Atalanta,0,1,finished,api_football,1223746.0,,,,,,,,,,
seriea-2024-2024-12-14-udinese-v-napoli,2024-12-14,2024,seriea,Udinese,Napoli,1,3,finished,api_football,1223754.0,,,,,,,,,,
seriea-2024-2024-12-14-juventus-v-venezia,2024-12-14,2024,seriea,Juventus,Venezia,2,2,finished,api_football,1223749.0,,,,,,,,,,
seriea-2024-2024-12-15-como-v-roma,2024-12-15,2024,seriea,Como,Roma,2,0,finished,api_football,1223747.0,,,,,,,,,,
seriea-2024-2024-12-15-parma-v-verona,2024-12-15,2024,seriea,Parma,Verona,2,3,finished,api_football,1223753.0,,,,,,,,,,
seriea-2024-2024-12-15-milan-v-genoa,2024-12-15,2024,seriea,Milan,Genoa,0,0,finished,api_football,1223752.0,,,,,,,,,,
seriea-2024-2024-12-15-lecce-v-monza,2024-12-15,2024,seriea,Lecce,Monza,2,1,finished,api_football,1223751.0,,,,,,,,,,
seriea-2024-2024-12-15-bologna-v-fiorentina,2024-12-15,2024,seriea,Bologna,Fiorentina,1,0,finished,api_football,1223745.0,,,,,,,,,,
seriea-2024-2024-12-16-lazio-v-inter,2024-12-16,2024,seriea,Lazio,Inter,0,6,finished,api_football,1223750.0,,,,,,,,,,
seriea-2024-2024-12-20-verona-v-milan,2024-12-20,2024,seriea,Verona,Milan,0,1,finished,api_football,1223758.0,,,,,,,,,,
seriea-2024-2024-12-21-torino-v-bologna,2024-12-21,2024,seriea,Torino,Bologna,0,2,finished,api_football,1223763.0,,,,,,,,,,
seriea-2024-2024-12-21-genoa-v-napoli,2024-12-21,2024,seriea,Genoa,Napoli,1,2,finished,api_football,1223757.0,,,,,,,,,,
seriea-2024-2024-12-21-lecce-v-lazio,2024-12-21,2024,seriea,Lecce,Lazio,1,2,finished,api_football,1223760.0,,,,,,,,,,
seriea-2024-2024-12-22-monza-v-juventus,2024-12-22,2024,seriea,Monza,Juventus,1,2,finished,api_football,1223761.0,,,,,,,,,,
seriea-2024-2024-12-22-atalanta-v-empoli,2024-12-22,2024,seriea,Atalanta,Empoli,3,2,finished,api_football,1223755.0,,,,,,,,,,
seriea-2024-2024-12-22-venezia-v-cagliari,2024-12-22,2024,seriea,Venezia,Cagliari,2,1,finished,api_football,1223764.0,,,,,,,,,,
seriea-2024-2024-12-22-roma-v-parma,2024-12-22,2024,seriea,Roma,Parma,5,0,finished,api_football,1223762.0,,,,,,,,,,
seriea-2024-2024-12-23-inter-v-como,2024-12-23,2024,seriea,Inter,Como,2,0,finished,api_football,1223759.0,,,,,,,,,,
seriea-2024-2024-12-23-fiorentina-v-udinese,2024-12-23,2024,seriea,Fiorentina,Udinese,1,2,finished,api_football,1223756.0,,,,,,,,,,
seriea-2024-2024-12-28-lazio-v-atalanta,2024-12-28,2024,seriea,Lazio,Atalanta,1,1,finished,api_football,1223770.0,,,,,,,,,,
seriea-2024-2024-12-28-empoli-v-genoa,2024-12-28,2024,seriea,Empoli,Genoa,1,2,finished,api_football,1223768.0,,,,,,,,,,
seriea-2024-2024-12-28-parma-v-monza,2024-12-28,2024,seriea,Parma,Monza,2,1,finished,api_football,1223773.0,,,,,,,,,,
seriea-2024-2024-12-28-cagliari-v-inter,2024-12-28,2024,seriea,Cagliari,Inter,0,3,finished,api_football,1223766.0,,,,,,,,,,
seriea-2024-2024-12-29-udinese-v-torino,2024-12-29,2024,seriea,Udinese,Torino,2,2,finished,api_football,1223774.0,,,,,,,,,,
seriea-2024-2024-12-29-milan-v-roma,2024-12-29,2024,seriea,Milan,Roma,1,1,finished,api_football,1223771.0,,,,,,,,,,
seriea-2024-2024-12-29-juventus-v-fiorentina,2024-12-29,2024,seriea,Juventus,Fiorentina,2,2,finished,api_football,1223769.0,,,,,,,,,,
seriea-2024-2024-12-29-napoli-v-venezia,2024-12-29,2024,seriea,Napoli,Venezia,1,0,finished,api_football,1223772.0,,,,,,,,,,
seriea-2024-2024-12-30-bologna-v-verona,2024-12-30,2024,seriea,Bologna,Verona,2,3,finished,api_football,1223765.0,,,,,,,,,,
seriea-2024-2024-12-30-como-v-lecce,2024-12-30,2024,seriea,Como,Lecce,2,0,finished,api_football,1223767.0,,,,,,,,,,
seriea-2024-2025-01-04-venezia-v-empoli,2025-01-04,2024,seriea,Venezia,Empoli,1,1,finished,api_football,1223784.0,,,,,,,,,,
seriea-2024-2025-01-04-fiorentina-v-napoli,2025-01-04,2024,seriea,Fiorentina,Napoli,0,3,finished,api_football,1223777.0,,,,,,,,,,
seriea-2024-2025-01-04-verona-v-udinese,2025-01-04,2024,seriea,Verona,Udinese,0,0,finished,api_football,1223778.0,,,,,,,,,,
seriea-2024-2025-01-05-roma-v-lazio,2025-01-05,2024,seriea,Roma,Lazio,2,0,finished,api_football,1223782.0,,,,,,,,,,
seriea-2024-2025-01-05-torino-v-parma,2025-01-05,2024,seriea,Torino,Parma,0,0,finished,api_football,1223783.0,,,,,,,,,,
seriea-2024-2025-01-05-lecce-v-genoa,2025-01-05,2024,seriea,Lecce,Genoa,0,0,finished,api_football,1223780.0,,,,,,,,,,
seriea-2024-2025-01-05-monza-v-cagliari,2025-01-05,2024,seriea,Monza,Cagliari,1,2,finished,api_football,1223781.0,,,,,,,,,,
seriea-2024-2025-01-10-lazio-v-como,2025-01-10,2024,seriea,Lazio,Como,1,1,finished,api_football,1223788.0,,,,,,,,,,
seriea-2024-2025-01-11-milan-v-cagliari,2025-01-11,2024,seriea,Milan,Cagliari,1,1,finished,api_football,1223789.0,,,,,,,,,,
seriea-2024-2025-01-11-torino-v-juventus,2025-01-11,2024,seriea,Torino,Juventus,1,1,finished,api_football,1223792.0,,,,,,,,,,
seriea-2024-2025-01-11-udinese-v-atalanta,2025-01-11,2024,seriea,Udinese,Atalanta,0,0,finished,api_football,1223793.0,,,,,,,,,,
seriea-2024-2025-01-11-empoli-v-lecce,2025-01-11,2024,seriea,Empoli,Lecce,1,3,finished,api_football,1223786.0,,,,,,,,,,
seriea-2024-2025-01-12-napoli-v-verona,2025-01-12,2024,seriea,Napoli,Verona,2,0,finished,api_football,1223791.0,,,,,,,,,,
seriea-2024-2025-01-12-venezia-v-inter,2025-01-12,2024,seriea,Venezia,Inter,0,1,finished,api_football,1223794.0,,,,,,,,,,
seriea-2024-2025-01-12-genoa-v-parma,2025-01-12,2024,seriea,Genoa,Parma,1,0,finished,api_football,1223787.0,,,,,,,,,,
seriea-2024-2025-01-12-bologna-v-roma,2025-01-12,2024,seriea,Bologna,Roma,2,2,finished,api_football,1223785.0,,,,,,,,,,
seriea-2024-2025-01-13-monza-v-fiorentina,2025-01-13,2024,seriea,Monza,Fiorentina,2,1,finished,api_football,1223790.0,,,,,,,,,,
seriea-2024-2025-01-14-atalanta-v-juventus,2025-01-14,2024,seriea,Atalanta,Juventus,1,1,finished,api_football,1223775.0,,,,,,,,,,
seriea-2024-2025-01-14-como-v-milan,2025-01-14,2024,seriea,Como,Milan,1,2,finished,api_football,1223776.0,,,,,,,,,,
seriea-2024-2025-01-15-inter-v-bologna,2025-01-15,2024,seriea,Inter,Bologna,2,2,finished,api_football,1223779.0,,,,,,,,,,
seriea-2024-2025-01-17-roma-v-genoa,2025-01-17,2024,seriea,Roma,Genoa,3,1,finished,api_football,1223804.0,,,,,,,,,,
seriea-2024-2025-01-18-bologna-v-monza,2025-01-18,2024,seriea,Bologna,Monza,3,1,finished,api_football,1223796.0,,,,,,,,,,
seriea-2024-2025-01-18-juventus-v-milan,2025-01-18,2024,seriea,Juventus,Milan,2,0,finished,api_football,1223802.0,,,,,,,,,,
seriea-2024-2025-01-18-atalanta-v-napoli,2025-01-18,2024,seriea,Atalanta,Napoli,2,3,finished,api_football,1223795.0,,,,,,,,,,
seriea-2024-2025-01-19-inter-v-empoli,2025-01-19,2024,seriea,Inter,Empoli,3,1,finished,api_football,1223801.0,,,,,,,,,,
seriea-2024-2025-01-19-fiorentina-v-torino,2025-01-19,2024,seriea,Fiorentina,Torino,1,1,finished,api_football,1223799.0,,,,,,,,,,
seriea-2024-2025-01-19-cagliari-v-lecce,2025-01-19,2024,seriea,Cagliari,Lecce,4,1,finished,api_football,1223797.0,,,,,,,,,,
seriea-2024-2025-01-19-parma-v-venezia,2025-01-19,2024,seriea,Parma,Venezia,1,1,finished,api_football,1223803.0,,,,,,,,,,
seriea-2024-2025-01-19-verona-v-lazio,2025-01-19,2024,seriea,Verona,Lazio,0,3,finished,api_football,1223800.0,,,,,,,,,,
seriea-2024-2025-01-20-como-v-udinese,2025-01-20,2024,seriea,Como,Udinese,4,1,finished,api_football,1223798.0,,,,,,,,,,
seriea-2024-2025-01-24-torino-v-cagliari,2025-01-24,2024,seriea,Torino,Cagliari,2,0,finished,api_football,1223812.0,,,,,,,,,,
seriea-2024-2025-01-25-napoli-v-juventus,2025-01-25,2024,seriea,Napoli,Juventus,2,1,finished,api_football,1223811.0,,,,,,,,,,
seriea-2024-2025-01-25-empoli-v-bologna,2025-01-25,2024,seriea,Empoli,Bologna,1,1,finished,api_football,1223806.0,,,,,,,,,,
seriea-2024-2025-01-25-como-v-atalanta,2025-01-25,2024,seriea,Como,Atalanta,1,2,finished,api_football,1223805.0,,,,,,,,,,
seriea-2024-2025-01-26-milan-v-parma,2025-01-26,2024,seriea,Milan,Parma,3,2,finished,api_football,1223810.0,,,,,,,,,,
seriea-2024-2025-01-26-udinese-v-roma,2025-01-26,2024,seriea,Udinese,Roma,1,2,finished,api_football,1223813.0,,,,,,,,,,
seriea-2024-2025-01-26-lecce-v-inter,2025-01-26,2024,seriea,Lecce,Inter,0,4,finished,api_football,1223809.0,,,,,,,,,,
seriea-2024-2025-01-26-lazio-v-fiorentina,2025-01-26,2024,seriea,Lazio,Fiorentina,1,2,finished,api_football,1223808.0,,,,,,,,,,
seriea-2024-2025-01-27-venezia-v-verona,2025-01-27,2024,seriea,Venezia,Verona,1,1,finished,api_football,1223814.0,,,,,,,,,,
seriea-2024-2025-01-27-genoa-v-monza,2025-01-27,2024,seriea,Genoa,Monza,2,0,finished,api_football,1223807.0,,,,,,,,,,
seriea-2024-2025-01-31-parma-v-lecce,2025-01-31,2024,seriea,Parma,Lecce,1,3,finished,api_football,1223822.0,,,,,,,,,,
seriea-2024-2025-02-01-udinese-v-venezia,2025-02-01,2024,seriea,Udinese,Venezia,3,2,finished,api_football,1223824.0,,,,,,,,,,
seriea-2024-2025-02-01-monza-v-verona,2025-02-01,2024,seriea,Monza,Verona,0,1,finished,api_football,1223821.0,,,,,,,,,,
seriea-2024-2025-02-01-atalanta-v-torino,2025-02-01,2024,seriea,Atalanta,Torino,1,1,finished,api_football,1223815.0,,,,,,,,,,
seriea-2024-2025-02-01-bologna-v-como,2025-02-01,2024,seriea,Bologna,Como,2,0,finished,api_football,1223816.0,,,,,,,,,,
seriea-2024-2025-02-02-juventus-v-empoli,2025-02-02,2024,seriea,Juventus,Empoli,4,1,finished,api_football,1223819.0,,,,,,,,,,
seriea-2024-2025-02-02-fiorentina-v-genoa,2025-02-02,2024,seriea,Fiorentina,Genoa,2,1,finished,api_football,1223818.0,,,,,,,,,,
seriea-2024-2025-02-02-milan-v-inter,2025-02-02,2024,seriea,Milan,Inter,1,1,finished,api_football,1223820.0,,,,,,,,,,
seriea-2024-2025-02-02-roma-v-napoli,2025-02-02,2024,seriea,Roma,Napoli,1,1,finished,api_football,1223823.0,,,,,,,,,,
seriea-2024-2025-02-03-cagliari-v-lazio,2025-02-03,2024,seriea,Cagliari,Lazio,1,2,finished,api_football,1223817.0,,,,,,,,,,
seriea-2024-2025-02-06-fiorentina-v-inter,2025-02-06,2024,seriea,Fiorentina,Inter,3,0,finished,api_football,1223728.0,,,,,,,,,,
seriea-2024-2025-02-07-como-v-juventus,2025-02-07,2024,seriea,Como,Juventus,1,2,finished,api_football,1223826.0,,,,,,,,,,
seriea-2024-2025-02-08-verona-v-atalanta,2025-02-08,2024,seriea,Verona,Atalanta,0,5,finished,api_football,1223828.0,,,,,,,,,,
seriea-2024-2025-02-08-torino-v-genoa,2025-02-08,2024,seriea,Torino,Genoa,1,1,finished,api_football,1223833.0,,,,,,,,,,
seriea-2024-2025-02-08-empoli-v-milan,2025-02-08,2024,seriea,Empoli,Milan,0,2,finished,api_football,1223827.0,,,,,,,,,,
seriea-2024-2025-02-09-venezia-v-roma,2025-02-09,2024,seriea,Venezia,Roma,0,1,finished,api_football,1223834.0,,,,,,,,,,
seriea-2024-2025-02-09-lazio-v-monza,2025-02-09,2024,seriea,Lazio,Monza,5,1,finished,api_football,1223830.0,,,,,,,,,,
seriea-2024-2025-02-09-cagliari-v-parma,2025-02-09,2024,seriea,Cagliari,Parma,2,1,finished,api_football,1223825.0,,,,,,,,,,
seriea-2024-2025-02-09-lecce-v-bologna,2025-02-09,2024,seriea,Lecce,Bologna,0,0,finished,api_football,1223831.0,,,,,,,,,,
seriea-2024-2025-02-09-napoli-v-udinese,2025-02-09,2024,seriea,Napoli,Udinese,1,1,finished,api_football,1223832.0,,,,,,,,,,
seriea-2024-2025-02-10-inter-v-fiorentina,2025-02-10,2024,seriea,Inter,Fiorentina,2,1,finished,api_football,1223829.0,,,,,,,,,,
seriea-2024-2025-02-14-bologna-v-torino,2025-02-14,2024,seriea,Bologna,Torino,3,2,finished,api_football,1223836.0,,,,,,,,,,
seriea-2024-2025-02-15-atalanta-v-cagliari,2025-02-15,2024,seriea,Atalanta,Cagliari,0,0,finished,api_football,1223835.0,,,,,,,,,,
seriea-2024-2025-02-15-lazio-v-napoli,2025-02-15,2024,seriea,Lazio,Napoli,2,2,finished,api_football,1223840.0,,,,,,,,,,
seriea-2024-2025-02-15-milan-v-verona,2025-02-15,2024,seriea,Milan,Verona,1,0,finished,api_football,1223841.0,,,,,,,,,,
seriea-2024-2025-02-16-juventus-v-inter,2025-02-16,2024,seriea,Juventus,Inter,1,0,finished,api_football,1223839.0,,,,,,,,,,
seriea-2024-2025-02-16-fiorentina-v-como,2025-02-16,2024,seriea,Fiorentina,Como,0,2,finished,api_football,1223837.0,,,,,,,,,,
seriea-2024-2025-02-16-udinese-v-empoli,2025-02-16,2024,seriea,Udinese,Empoli,3,0,finished,api_football,1223844.0,,,,,,,,,,
seriea-2024-2025-02-16-monza-v-lecce,2025-02-16,2024,seriea,Monza,Lecce,0,0,finished,api_football,1223842.0,,,,,,,,,,
seriea-2024-2025-02-16-parma-v-roma,2025-02-16,2024,seriea,Parma,Roma,0,1,finished,api_football,1223843.0,,,,,,,,,,
seriea-2024-2025-02-17-genoa-v-venezia,2025-02-17,2024,seriea,Genoa,Venezia,2,0,finished,api_football,1223838.0,,,,,,,,,,
seriea-2024-2025-02-21-lecce-v-udinese,2025-02-21,2024,seriea,Lecce,Udinese,0,1,finished,api_football,1223850.0,,,,,,,,,,
seriea-2024-2025-02-22-venezia-v-lazio,2025-02-22,2024,seriea,Venezia,Lazio,0,0,finished,api_football,1223854.0,,,,,,,,,,
seriea-2024-2025-02-22-parma-v-bologna,2025-02-22,2024,seriea,Parma,Bologna,2,0,finished,api_football,1223851.0,,,,,,,,,,
seriea-2024-2025-02-22-inter-v-genoa,2025-02-22,2024,seriea,Inter,Genoa,1,0,finished,api_football,1223849.0,,,,,,,,,,
seriea-2024-2025-02-22-torino-v-milan,2025-02-22,2024,seriea,Torino,Milan,2,1,finished,api_football,1223853.0,,,,,,,,,,
seriea-2024-2025-02-23-empoli-v-atalanta,2025-02-23,2024,seriea,Empoli,Atalanta,0,5,finished,api_football,1223847.0,,,,,,,,,,
seriea-2024-2025-02-23-cagliari-v-juventus,2025-02-23,2024,seriea,Cagliari,Juventus,0,1,finished,api_football,1223845.0,,,,,,,,,,
seriea-2024-2025-02-23-como-v-napoli,2025-02-23,2024,seriea,Como,Napoli,2,1,finished,api_football,1223846.0,,,,,,,,,,
seriea-2024-2025-02-23-verona-v-fiorentina,2025-02-23,2024,seriea,Verona,Fiorentina,1,0,finished,api_football,1223848.0,,,,,,,,,,
seriea-2024-2025-02-24-roma-v-monza,2025-02-24,2024,seriea,Roma,Monza,4,0,finished,api_football,1223852.0,,,,,,,,,,
seriea-2024-2025-02-27-bologna-v-milan,2025-02-27,2024,seriea,Bologna,Milan,2,1,finished,api_football,1223676.0,,,,,,,,,,
seriea-2024-2025-02-28-fiorentina-v-lecce,2025-02-28,2024,seriea,Fiorentina,Lecce,1,0,finished,api_football,1223857.0,,,,,,,,,,
seriea-2024-2025-03-01-atalanta-v-venezia,2025-03-01,2024,seriea,Atalanta,Venezia,0,0,finished,api_football,1223855.0,,,,,,,,,,
seriea-2024-2025-03-01-napoli-v-inter,2025-03-01,2024,seriea,Napoli,Inter,1,1,finished,api_football,1223862.0,,,,,,,,,,
seriea-2024-2025-03-01-udinese-v-parma,2025-03-01,2024,seriea,Udinese,Parma,1,0,finished,api_football,1223864.0,,,,,,,,,,
seriea-2024-2025-03-02-milan-v-lazio,2025-03-02,2024,seriea,Milan,Lazio,1,2,finished,api_football,1223860.0,,,,,,,,,,
seriea-2024-2025-03-02-monza-v-torino,2025-03-02,2024,seriea,Monza,Torino,0,2,finished,api_football,1223861.0,,,,,,,,,,
seriea-2024-2025-03-02-genoa-v-empoli,2025-03-02,2024,seriea,Genoa,Empoli,1,1,finished,api_football,1223858.0,,,,,,,,,,
seriea-2024-2025-03-02-bologna-v-cagliari,2025-03-02,2024,seriea,Bologna,Cagliari,2,1,finished,api_football,1223856.0,,,,,,,,,,
seriea-2024-2025-03-02-roma-v-como,2025-03-02,2024,seriea,Roma,Como,2,1,finished,api_football,1223863.0,,,,,,,,,,
seriea-2024-2025-03-03-juventus-v-verona,2025-03-03,2024,seriea,Juventus,Verona,2,0,finished,api_football,1223859.0,,,,,,,,,,
seriea-2024-2025-03-07-cagliari-v-genoa,2025-03-07,2024,seriea,Cagliari,Genoa,1,1,finished,api_football,1223865.0,,,,,,,,,,
seriea-2024-2025-03-08-parma-v-torino,2025-03-08,2024,seriea,Parma,Torino,2,2,finished,api_football,1223874.0,,,,,,,,,,
seriea-2024-2025-03-08-como-v-venezia,2025-03-08,2024,seriea,Como,Venezia,1,1,finished,api_football,1223866.0,,,,,,,,,,
seriea-2024-2025-03-08-lecce-v-milan,2025-03-08,2024,seriea,Lecce,Milan,2,3,finished,api_football,1223872.0,,,,,,,,,,
seriea-2024-2025-03-08-inter-v-monza,2025-03-08,2024,seriea,Inter,Monza,3,2,finished,api_football,1223869.0,,,,,,,,,,
seriea-2024-2025-03-09-verona-v-bologna,2025-03-09,2024,seriea,Verona,Bologna,1,2,finished,api_football,1223868.0,,,,,,,,,,
seriea-2024-2025-03-09-napoli-v-fiorentina,2025-03-09,2024,seriea,Napoli,Fiorentina,2,1,finished,api_football,1223873.0,,,,,,,,,,
seriea-2024-2025-03-09-empoli-v-roma,2025-03-09,2024,seriea,Empoli,Roma,0,1,finished,api_football,1223867.0,,,,,,,,,,
seriea-2024-2025-03-09-juventus-v-atalanta,2025-03-09,2024,seriea,Juventus,Atalanta,0,4,finished,api_football,1223870.0,,,,,,,,,,
seriea-2024-2025-03-10-lazio-v-udinese,2025-03-10,2024,seriea,Lazio,Udinese,1,1,finished,api_football,1223871.0,,,,,,,,,,
seriea-2024-2025-03-14-genoa-v-lecce,2025-03-14,2024,seriea,Genoa,Lecce,2,1,finished,api_football,1223878.0,,,,,,,,,,
seriea-2024-2025-03-15-udinese-v-verona,2025-03-15,2024,seriea,Udinese,Verona,0,1,finished,api_football,1223883.0,,,,,,,,,,
seriea-2024-2025-03-15-monza-v-parma,2025-03-15,2024,seriea,Monza,Parma,1,1,finished,api_football,1223880.0,,,,,,,,,,
seriea-2024-2025-03-15-milan-v-como,2025-03-15,2024,seriea,Milan,Como,2,1,finished,api_football,1223879.0,,,,,,,,,,
seriea-2024-2025-03-15-torino-v-empoli,2025-03-15,2024,seriea,Torino,Empoli,1,0,finished,api_football,1223882.0,,,,,,,,,,
seriea-2024-2025-03-16-venezia-v-napoli,2025-03-16,2024,seriea,Venezia,Napoli,0,0,finished,api_football,1223884.0,,,,,,,,,,
seriea-2024-2025-03-16-atalanta-v-inter,2025-03-16,2024,seriea,Atalanta,Inter,0,2,finished,api_football,1223875.0,,,,,,,,,,
seriea-2024-2025-03-16-bologna-v-lazio,2025-03-16,2024,seriea,Bologna,Lazio,5,0,finished,api_football,1223876.0,,,,,,,,,,
seriea-2024-2025-03-16-fiorentina-v-juventus,2025-03-16,2024,seriea,Fiorentina,Juventus,3,0,finished,api_football,1223877.0,,,,,,,,,,
seriea-2024-2025-03-16-roma-v-cagliari,2025-03-16,2024,seriea,Roma,Cagliari,1,0,finished,api_football,1223881.0,,,,,,,,,,
seriea-2024-2025-03-29-venezia-v-bologna,2025-03-29,2024,seriea,Venezia,Bologna,0,1,finished,api_football,1223894.0,,,,,,,,,,
seriea-2024-2025-03-29-como-v-empoli,2025-03-29,2024,seriea,Como,Empoli,1,1,finished,api_football,1223886.0,,,,,,,,,,
seriea-2024-2025-03-29-juventus-v-genoa,2025-03-29,2024,seriea,Juventus,Genoa,1,0,finished,api_football,1223890.0,,,,,,,,,,
seriea-2024-2025-03-29-lecce-v-roma,2025-03-29,2024,seriea,Lecce,Roma,0,1,finished,api_football,1223892.0,,,,,,,,,,
seriea-2024-2025-03-30-fiorentina-v-atalanta,2025-03-30,2024,seriea,Fiorentina,Atalanta,1,0,finished,api_football,1223887.0,,,,,,,,,,
seriea-2024-2025-03-30-napoli-v-milan,2025-03-30,2024,seriea,Napoli,Milan,2,1,finished,api_football,1223893.0,,,,,,,,,,
seriea-2024-2025-03-30-inter-v-udinese,2025-03-30,2024,seriea,Inter,Udinese,2,1,finished,api_football,1223889.0,,,,,,,,,,
seriea-2024-2025-03-30-cagliari-v-monza,2025-03-30,2024,seriea,Cagliari,Monza,3,0,finished,api_football,1223885.0,,,,,,,,,,
seriea-2024-2025-03-31-lazio-v-torino,2025-03-31,2024,seriea,Lazio,Torino,1,1,finished,api_football,1223891.0,,,,,,,,,,
seriea-2024-2025-03-31-verona-v-parma,2025-03-31,2024,seriea,Verona,Parma,0,0,finished,api_football,1223888.0,,,,,,,,,,
seriea-2024-2025-04-04-genoa-v-udinese,2025-04-04,2024,seriea,Genoa,Udinese,1,0,finished,api_football,1223898.0,,,,,,,,,,
seriea-2024-2025-04-05-monza-v-como,2025-04-05,2024,seriea,Monza,Como,1,3,finished,api_football,1223901.0,,,,,,,,,,
seriea-2024-2025-04-05-parma-v-inter,2025-04-05,2024,seriea,Parma,Inter,2,2,finished,api_football,1223902.0,,,,,,,,,,
seriea-2024-2025-04-05-milan-v-fiorentina,2025-04-05,2024,seriea,Milan,Fiorentina,2,2,finished,api_football,1223900.0,,,,,,,,,,
seriea-2024-2025-04-06-roma-v-juventus,2025-04-06,2024,seriea,Roma,Juventus,1,1,finished,api_football,1223903.0,,,,,,,,,,
seriea-2024-2025-04-06-empoli-v-cagliari,2025-04-06,2024,seriea,Empoli,Cagliari,0,0,finished,api_football,1223897.0,,,,,,,,,,
seriea-2024-2025-04-06-atalanta-v-lazio,2025-04-06,2024,seriea,Atalanta,Lazio,0,1,finished,api_football,1223895.0,,,,,,,,,,
seriea-2024-2025-04-06-lecce-v-venezia,2025-04-06,2024,seriea,Lecce,Venezia,1,1,finished,api_football,1223899.0,,,,,,,,,,
seriea-2024-2025-04-06-torino-v-verona,2025-04-06,2024,seriea,Torino,Verona,1,1,finished,api_football,1223904.0,,,,,,,,,,
seriea-2024-2025-04-07-bologna-v-napoli,2025-04-07,2024,seriea,Bologna,Napoli,1,1,finished,api_football,1223896.0,,,,,,,,,,
seriea-2024-2025-04-11-udinese-v-milan,2025-04-11,2024,seriea,Udinese,Milan,0,4,finished,api_football,1223913.0,,,,,,,,,,
seriea-2024-2025-04-12-venezia-v-monza,2025-04-12,2024,seriea,Venezia,Monza,1,0,finished,api_football,1223914.0,,,,,,,,,,
seriea-2024-2025-04-12-inter-v-cagliari,2025-04-12,2024,seriea,Inter,Cagliari,3,1,finished,api_football,1223909.0,,,,,,,,,,
seriea-2024-2025-04-12-juventus-v-lecce,2025-04-12,2024,seriea,Juventus,Lecce,2,1,finished,api_football,1223910.0,,,,,,,,,,
seriea-2024-2025-04-13-atalanta-v-bologna,2025-04-13,2024,seriea,Atalanta,Bologna,2,0,finished,api_football,1223905.0,,,,,,,,,,
seriea-2024-2025-04-13-como-v-torino,2025-04-13,2024,seriea,Como,Torino,1,0,finished,api_football,1223906.0,,,,,,,,,,
seriea-2024-2025-04-13-fiorentina-v-parma,2025-04-13,2024,seriea,Fiorentina,Parma,0,0,finished,api_football,1223907.0,,,,,,,,,,
seriea-2024-2025-04-13-lazio-v-roma,2025-04-13,2024,seriea,Lazio,Roma,1,1,finished,api_football,1223911.0,,,,,,,,,,
seriea-2024-2025-04-13-verona-v-genoa,2025-04-13,2024,seriea,Verona,Genoa,0,0,finished,api_football,1223908.0,,,,,,,,,,
seriea-2024-2025-04-14-napoli-v-empoli,2025-04-14,2024,seriea,Napoli,Empoli,3,0,finished,api_football,1223912.0,,,,,,,,,,
seriea-2024-2025-04-19-lecce-v-como,2025-04-19,2024,seriea,Lecce,Como,0,3,finished,api_football,1223919.0,,,,,,,,,,
seriea-2024-2025-04-19-monza-v-napoli,2025-04-19,2024,seriea,Monza,Napoli,0,1,finished,api_football,1223921.0,,,,,,,,,,
seriea-2024-2025-04-19-roma-v-verona,2025-04-19,2024,seriea,Roma,Verona,1,0,finished,api_football,1223923.0,,,,,,,,,,
seriea-2024-2025-04-20-empoli-v-venezia,2025-04-20,2024,seriea,Empoli,Venezia,2,2,finished,api_football,1223917.0,,,,,,,,,,
seriea-2024-2025-04-20-bologna-v-inter,2025-04-20,2024,seriea,Bologna,Inter,1,0,finished,api_football,1223915.0,,,,,,,,,,
seriea-2024-2025-04-20-milan-v-atalanta,2025-04-20,2024,seriea,Milan,Atalanta,0,1,finished,api_football,1223920.0,,,,,,,,,,
seriea-2024-2025-04-23-genoa-v-lazio,2025-04-23,2024,seriea,Genoa,Lazio,0,2,finished,api_football,1223918.0,,,,,,,,,,
seriea-2024-2025-04-23-cagliari-v-fiorentina,2025-04-23,2024,seriea,Cagliari,Fiorentina,1,2,finished,api_football,1223916.0,,,,,,,,,,
seriea-2024-2025-04-23-torino-v-udinese,2025-04-23,2024,seriea,Torino,Udinese,2,0,finished,api_football,1223924.0,,,,,,,,,,
seriea-2024-2025-04-23-parma-v-juventus,2025-04-23,2024,seriea,Parma,Juventus,1,0,finished,api_football,1223922.0,,,,,,,,,,
seriea-2024-2025-04-27-atalanta-v-lecce,2025-04-27,2024,seriea,Atalanta,Lecce,1,1,finished,api_football,1223925.0,,,,,,,,,,
seriea-2024-2025-04-27-venezia-v-milan,2025-04-27,2024,seriea,Venezia,Milan,0,2,finished,api_football,1223934.0,,,,,,,,,,
seriea-2024-2025-04-27-como-v-genoa,2025-04-27,2024,seriea,Como,Genoa,1,0,finished,api_football,1223926.0,,,,,,,,,,
seriea-2024-2025-04-27-fiorentina-v-empoli,2025-04-27,2024,seriea,Fiorentina,Empoli,2,1,finished,api_football,1223927.0,,,,,,,,,,
seriea-2024-2025-04-27-inter-v-roma,2025-04-27,2024,seriea,Inter,Roma,0,1,finished,api_football,1223929.0,,,,,,,,,,
seriea-2024-2025-04-27-juventus-v-monza,2025-04-27,2024,seriea,Juventus,Monza,2,0,finished,api_football,1223930.0,,,,,,,,,,
seriea-2024-2025-04-27-napoli-v-torino,2025-04-27,2024,seriea,Napoli,Torino,2,0,finished,api_football,1223932.0,,,,,,,,,,
seriea-2024-2025-04-28-lazio-v-parma,2025-04-28,2024,seriea,Lazio,Parma,2,2,finished,api_football,1223931.0,,,,,,,,,,
seriea-2024-2025-04-28-verona-v-cagliari,2025-04-28,2024,seriea,Verona,Cagliari,0,2,finished,api_football,1223928.0,,,,,,,,,,
seriea-2024-2025-04-28-udinese-v-bologna,2025-04-28,2024,seriea,Udinese,Bologna,0,0,finished,api_football,1223933.0,,,,,,,,,,
seriea-2024-2025-05-02-torino-v-venezia,2025-05-02,2024,seriea,Torino,Venezia,1,1,finished,api_football,1223944.0,,,,,,,,,,
seriea-2024-2025-05-03-cagliari-v-udinese,2025-05-03,2024,seriea,Cagliari,Udinese,1,2,finished,api_football,1223936.0,,,,,,,,,,
seriea-2024-2025-05-03-parma-v-como,2025-05-03,2024,seriea,Parma,Como,0,1,finished,api_football,1223942.0,,,,,,,,,,
seriea-2024-2025-05-03-lecce-v-napoli,2025-05-03,2024,seriea,Lecce,Napoli,0,1,finished,api_football,1223940.0,,,,,,,,,,
seriea-2024-2025-05-03-inter-v-verona,2025-05-03,2024,seriea,Inter,Verona,1,0,finished,api_football,1223939.0,,,,,,,,,,
seriea-2024-2025-05-04-bologna-v-juventus,2025-05-04,2024,seriea,Bologna,Juventus,1,1,finished,api_football,1223935.0,,,,,,,,,,
seriea-2024-2025-05-04-monza-v-atalanta,2025-05-04,2024,seriea,Monza,Atalanta,0,4,finished,api_football,1223941.0,,,,,,,,,,
seriea-2024-2025-05-04-empoli-v-lazio,2025-05-04,2024,seriea,Empoli,Lazio,0,1,finished,api_football,1223937.0,,,,,,,,,,
seriea-2024-2025-05-04-roma-v-fiorentina,2025-05-04,2024,seriea,Roma,Fiorentina,1,0,finished,api_football,1223943.0,,,,,,,,,,
seriea-2024-2025-05-05-genoa-v-milan,2025-05-05,2024,seriea,Genoa,Milan,1,2,finished,api_football,1223938.0,,,,,,,,,,
seriea-2024-2025-05-09-milan-v-bologna,2025-05-09,2024,seriea,Milan,Bologna,3,1,finished,api_football,1223950.0,,,,,,,,,,
seriea-2024-2025-05-10-como-v-cagliari,2025-05-10,2024,seriea,Como,Cagliari,3,1,finished,api_football,1223946.0,,,,,,,,,,
seriea-2024-2025-05-10-lazio-v-juventus,2025-05-10,2024,seriea,Lazio,Juventus,1,1,finished,api_football,1223949.0,,,,,,,,,,
seriea-2024-2025-05-10-empoli-v-parma,2025-05-10,2024,seriea,Empoli,Parma,2,1,finished,api_football,1223947.0,,,,,,,,,,
seriea-2024-2025-05-11-torino-v-inter,2025-05-11,2024,seriea,Torino,Inter,0,2,finished,api_football,1223952.0,,,,,,,,,,
seriea-2024-2025-05-11-napoli-v-genoa,2025-05-11,2024,seriea,Napoli,Genoa,2,2,finished,api_football,1223951.0,,,,,,,,,,
seriea-2024-2025-05-11-udinese-v-monza,2025-05-11,2024,seriea,Udinese,Monza,1,2,finished,api_football,1223953.0,,,,,,,,,,
seriea-2024-2025-05-11-verona-v-lecce,2025-05-11,2024,seriea,Verona,Lecce,1,1,finished,api_football,1223948.0,,,,,,,,,,
seriea-2024-2025-05-12-venezia-v-fiorentina,2025-05-12,2024,seriea,Venezia,Fiorentina,2,1,finished,api_football,1223954.0,,,,,,,,,,
seriea-2024-2025-05-12-atalanta-v-roma,2025-05-12,2024,seriea,Atalanta,Roma,2,1,finished,api_football,1223945.0,,,,,,,,,,
seriea-2024-2025-05-17-genoa-v-atalanta,2025-05-17,2024,seriea,Genoa,Atalanta,2,3,finished,api_football,1223957.0,,,,,,,,,,
seriea-2024-2025-05-18-roma-v-milan,2025-05-18,2024,seriea,Roma,Milan,3,1,finished,api_football,1223964.0,,,,,,,,,,
seriea-2024-2025-05-18-verona-v-como,2025-05-18,2024,seriea,Verona,Como,1,1,finished,api_football,1223958.0,,,,,,,,,,
seriea-2024-2025-05-18-cagliari-v-venezia,2025-05-18,2024,seriea,Cagliari,Venezia,3,0,finished,api_football,1223955.0,,,,,,,,,,
seriea-2024-2025-05-18-juventus-v-udinese,2025-05-18,2024,seriea,Juventus,Udinese,2,0,finished,api_football,1223960.0,,,,,,,,,,
seriea-2024-2025-05-18-fiorentina-v-bologna,2025-05-18,2024,seriea,Fiorentina,Bologna,3,2,finished,api_football,1223956.0,,,,,,,,,,
seriea-2024-2025-05-18-monza-v-empoli,2025-05-18,2024,seriea,Monza,Empoli,1,3,finished,api_football,1223962.0,,,,,,,,,,
seriea-2024-2025-05-18-parma-v-napoli,2025-05-18,2024,seriea,Parma,Napoli,0,0,finished,api_football,1223963.0,,,,,,,,,,
seriea-2024-2025-05-18-lecce-v-torino,2025-05-18,2024,seriea,Lecce,Torino,1,0,finished,api_football,1223961.0,,,,,,,,,,
seriea-2024-2025-05-18-inter-v-lazio,2025-05-18,2024,seriea,Inter,Lazio,2,2,finished,api_football,1223959.0,,,,,,,,,,
seriea-2024-2025-05-23-napoli-v-cagliari,2025-05-23,2024,seriea,Napoli,Cagliari,2,0,finished,api_football,1223971.0,,,,,,,,,,
seriea-2024-2025-05-23-como-v-inter,2025-05-23,2024,seriea,Como,Inter,0,2,finished,api_football,1223967.0,,,,,,,,,,
seriea-2024-2025-05-24-bologna-v-genoa,2025-05-24,2024,seriea,Bologna,Genoa,1,3,finished,api_football,1223966.0,,,,,,,,,,
seriea-2024-2025-05-24-milan-v-monza,2025-05-24,2024,seriea,Milan,Monza,2,0,finished,api_football,1223970.0,,,,,,,,,,
seriea-2024-2025-05-25-empoli-v-verona,2025-05-25,2024,seriea,Empoli,Verona,1,2,finished,api_football,1223968.0,,,,,,,,,,
seriea-2024-2025-05-25-venezia-v-juventus,2025-05-25,2024,seriea,Venezia,Juventus,2,3,finished,api_football,1223974.0,,,,,,,,,,
seriea-2024-2025-05-25-torino-v-roma,2025-05-25,2024,seriea,Torino,Roma,0,2,finished,api_football,1223972.0,,,,,,,,,,
seriea-2024-2025-05-25-atalanta-v-parma,2025-05-25,2024,seriea,Atalanta,Parma,2,3,finished,api_football,1223965.0,,,,,,,,,,
seriea-2024-2025-05-25-udinese-v-fiorentina,2025-05-25,2024,seriea,Udinese,Fiorentina,2,3,finished,api_football,1223973.0,,,,,,,,,,
seriea-2024-2025-05-25-lazio-v-lecce,2025-05-25,2024,seriea,Lazio,Lecce,0,1,finished,api_football,1223969.0,,,,,,,,,,
seriea-2025-2025-08-23-milan-v-cremonese,2025-08-23,2025,seriea,Milan,Cremonese,1,2,finished,csv_cached,,24.0,4.0,6.0,3.0,10.0,14.0,1.0,4.0,0.0,0.0
seriea-2025-2025-08-23-roma-v-bologna,2025-08-23,2025,seriea,Roma,Bologna,1,0,finished,csv_cached,,14.0,10.0,4.0,2.0,15.0,13.0,1.0,1.0,0.0,0.0
seriea-2025-2025-08-23-genoa-v-lecce,2025-08-23,2025,seriea,Genoa,Lecce,0,0,finished,csv_cached,,5.0,7.0,2.0,0.0,16.0,13.0,2.0,3.0,0.0,0.0
seriea-2025-2025-08-23-sassuolo-v-napoli,2025-08-23,2025,seriea,Sassuolo,Napoli,0,2,finished,csv_cached,,7.0,13.0,2.0,4.0,17.0,17.0,3.0,1.0,1.0,0.0
seriea-2025-2025-08-24-juventus-v-parma,2025-08-24,2025,seriea,Juventus,Parma,2,0,finished,csv_cached,,25.0,8.0,8.0,2.0,9.0,13.0,1.0,2.0,1.0,0.0
seriea-2025-2025-08-24-atalanta-v-pisa,2025-08-24,2025,seriea,Atalanta,Pisa,1,1,finished,csv_cached,,21.0,11.0,6.0,2.0,9.0,10.0,2.0,0.0,0.0,0.0
seriea-2025-2025-08-24-cagliari-v-fiorentina,2025-08-24,2025,seriea,Cagliari,Fiorentina,1,1,finished,csv_cached,,14.0,4.0,6.0,1.0,18.0,14.0,4.0,2.0,0.0,0.0
seriea-2025-2025-08-24-como-v-lazio,2025-08-24,2025,seriea,Como,Lazio,2,0,finished,csv_cached,,19.0,5.0,6.0,1.0,15.0,12.0,2.0,3.0,0.0,0.0
seriea-2025-2025-08-25-udinese-v-verona,2025-08-25,2025,seriea,Udinese,Verona,1,1,finished,csv_cached,,14.0,9.0,4.0,3.0,14.0,14.0,3.0,2.0,0.0,0.0
seriea-2025-2025-08-25-inter-v-torino,2025-08-25,2025,seriea,Inter,Torino,5,0,finished,csv_cached,,20.0,12.0,9.0,4.0,14.0,6.0,0.0,0.0,0.0,0.0
seriea-2025-2025-08-29-cremonese-v-sassuolo,2025-08-29,2025,seriea,Cremonese,Sassuolo,3,2,finished,csv_cached,,11.0,9.0,6.0,6.0,12.0,17.0,2.0,2.0,0.0,0.0
seriea-2025-2025-08-29-lecce-v-milan,2025-08-29,2025,seriea,Lecce,Milan,0,2,finished,csv_cached,,7.0,14.0,2.0,6.0,10.0,8.0,1.0,0.0,0.0,0.0
seriea-2025-2025-08-30-napoli-v-cagliari,2025-08-30,2025,seriea,Napoli,Cagliari,1,0,finished,csv_cached,,20.0,10.0,6.0,1.0,16.0,12.0,2.0,1.0,0.0,0.0
seriea-2025-2025-08-30-pisa-v-roma,2025-08-30,2025,seriea,Pisa,Roma,0,1,finished,csv_cached,,7.0,10.0,3.0,5.0,14.0,10.0,2.0,1.0,0.0,0.0
seriea-2025-2025-08-30-bologna-v-como,2025-08-30,2025,seriea,Bologna,Como,1,0,finished,csv_cached,,15.0,13.0,2.0,2.0,13.0,19.0,4.0,3.0,0.0,0.0
seriea-2025-2025-08-30-parma-v-atalanta,2025-08-30,2025,seriea,Parma,Atalanta,1,1,finished,csv_cached,,7.0,11.0,3.0,3.0,8.0,15.0,2.0,2.0,0.0,0.0
seriea-2025-2025-08-31-lazio-v-verona,2025-08-31,2025,seriea,Lazio,Verona,4,0,finished,csv_cached,,22.0,12.0,6.0,4.0,8.0,19.0,0.0,0.0,0.0,0.0
seriea-2025-2025-08-31-genoa-v-juventus,2025-08-31,2025,seriea,Genoa,Juventus,0,1,finished,csv_cached,,10.0,13.0,1.0,3.0,14.0,15.0,1.0,2.0,0.0,0.0
seriea-2025-2025-08-31-torino-v-fiorentina,2025-08-31,2025,seriea,Torino,Fiorentina,0,0,finished,csv_cached,,7.0,16.0,4.0,4.0,21.0,13.0,2.0,2.0,0.0,0.0
seriea-2025-2025-08-31-inter-v-udinese,2025-08-31,2025,seriea,Inter,Udinese,1,2,finished,csv_cached,,16.0,10.0,4.0,5.0,17.0,5.0,1.0,3.0,0.0,0.0
seriea-2025-2025-09-13-fiorentina-v-napoli,2025-09-13,2025,seriea,Fiorentina,Napoli,1,3,finished,csv_cached,,19.0,14.0,3.0,9.0,14.0,14.0,0.0,0.0,0.0,0.0
seriea-2025-2025-09-13-juventus-v-inter,2025-09-13,2025,seriea,Juventus,Inter,4,3,finished,csv_cached,,12.0,18.0,4.0,4.0,14.0,10.0,2.0,1.0,0.0,0.0
seriea-2025-2025-09-13-cagliari-v-parma,2025-09-13,2025,seriea,Cagliari,Parma,2,0,finished,csv_cached,,12.0,17.0,5.0,5.0,15.0,18.0,3.0,1.0,0.0,0.0
seriea-2025-2025-09-14-milan-v-bologna,2025-09-14,2025,seriea,Milan,Bologna,1,0,finished,csv_cached,,14.0,5.0,3.0,0.0,17.0,16.0,3.0,2.0,0.0,0.0
seriea-2025-2025-09-14-sassuolo-v-lazio,2025-09-14,2025,seriea,Sassuolo,Lazio,1,0,finished,csv_cached,,10.0,13.0,3.0,3.0,15.0,11.0,6.0,3.0,0.0,0.0
seriea-2025-2025-09-14-roma-v-torino,2025-09-14,2025,seriea,Roma,Torino,0,1,finished,csv_cached,,22.0,8.0,5.0,4.0,11.0,17.0,2.0,3.0,0.0,0.0
seriea-2025-2025-09-14-atalanta-v-lecce,2025-09-14,2025,seriea,Atalanta,Lecce,4,1,finished,csv_cached,,19.0,12.0,8.0,3.0,12.0,7.0,0.0,0.0,0.0,0.0
seriea-2025-2025-09-14-pisa-v-udinese,2025-09-14,2025,seriea,Pisa,Udinese,0,1,finished,csv_cached,,12.0,13.0,2.0,3.0,13.0,15.0,1.0,2.0,0.0,0.0
seriea-2025-2025-09-15-verona-v-cremonese,2025-09-15,2025,seriea,Verona,Cremonese,0,0,finished,csv_cached,,20.0,6.0,9.0,2.0,18.0,3.0,2.0,1.0,0.0,0.0
seriea-2025-2025-09-15-como-v-genoa,2025-09-15,2025,seriea,Como,Genoa,1,1,finished,csv_cached,,13.0,13.0,4.0,6.0,13.0,17.0,2.0,2.0,1.0,0.0
seriea-2025-2025-09-19-lecce-v-cagliari,2025-09-19,2025,seriea,Lecce,Cagliari,1,2,finished,csv_cached,,11.0,15.0,5.0,6.0,10.0,19.0,2.0,3.0,0.0,0.0
seriea-2025-2025-09-20-verona-v-juventus,2025-09-20,2025,seriea,Verona,Juventus,1,1,finished,csv_cached,,14.0,10.0,4.0,4.0,18.0,10.0,3.0,3.0,0.0,0.0
seriea-2025-2025-09-20-bologna-v-genoa,2025-09-20,2025,seriea,Bologna,Genoa,2,1,finished,csv_cached,,14.0,7.0,6.0,4.0,12.0,15.0,1.0,5.0,0.0,0.0
seriea-2025-2025-09-20-udinese-v-milan,2025-09-20,2025,seriea,Udinese,Milan,0,3,finished,csv_cached,,10.0,13.0,4.0,6.0,9.0,7.0,2.0,0.0,0.0,0.0
seriea-2025-2025-09-21-fiorentina-v-como,2025-09-21,2025,seriea,Fiorentina,Como,1,2,finished,csv_cached,,8.0,19.0,1.0,7.0,16.0,19.0,4.0,3.0,0.0,0.0
seriea-2025-2025-09-21-torino-v-atalanta,2025-09-21,2025,seriea,Torino,Atalanta,0,3,finished,csv_cached,,11.0,9.0,5.0,5.0,11.0,9.0,0.0,0.0,0.0,0.0
seriea-2025-2025-09-21-inter-v-sassuolo,2025-09-21,2025,seriea,Inter,Sassuolo,2,1,finished,csv_cached,,20.0,9.0,6.0,5.0,15.0,8.0,2.0,1.0,0.0,0.0
seriea-2025-2025-09-21-lazio-v-roma,2025-09-21,2025,seriea,Lazio,Roma,0,1,finished,csv_cached,,10.0,13.0,2.0,6.0,14.0,22.0,1.0,1.0,2.0,0.0
seriea-2025-2025-09-21-cremonese-v-parma,2025-09-21,2025,seriea,Cremonese,Parma,0,0,finished,csv_cached,,3.0,15.0,1.0,3.0,16.0,8.0,1.0,0.0,0.0,0.0
seriea-2025-2025-09-22-napoli-v-pisa,2025-09-22,2025,seriea,Napoli,Pisa,3,2,finished,csv_cached,,18.0,15.0,6.0,6.0,10.0,18.0,1.0,2.0,0.0,0.0
seriea-2025-2025-09-27-como-v-cremonese,2025-09-27,2025,seriea,Como,Cremonese,1,1,finished,csv_cached,,14.0,9.0,6.0,2.0,16.0,17.0,3.0,4.0,1.0,0.0
seriea-2025-2025-09-27-juventus-v-atalanta,2025-09-27,2025,seriea,Juventus,Atalanta,1,1,finished,csv_cached,,24.0,12.0,10.0,2.0,6.0,7.0,0.0,3.0,0.0,1.0
seriea-2025-2025-09-27-cagliari-v-inter,2025-09-27,2025,seriea,Cagliari,Inter,0,2,finished,csv_cached,,6.0,20.0,0.0,5.0,13.0,14.0,0.0,2.0,0.0,0.0
seriea-2025-2025-09-28-milan-v-napoli,2025-09-28,2025,seriea,Milan,Napoli,2,1,finished,csv_cached,,6.0,19.0,3.0,7.0,7.0,7.0,1.0,0.0,1.0,0.0
seriea-2025-2025-09-28-roma-v-verona,2025-09-28,2025,seriea,Roma,Verona,2,0,finished,csv_cached,,10.0,12.0,5.0,3.0,11.0,19.0,0.0,4.0,0.0,0.0
seriea-2025-2025-09-28-lecce-v-bologna,2025-09-28,2025,seriea,Lecce,Bologna,2,2,finished,csv_cached,,12.0,14.0,4.0,5.0,13.0,13.0,4.0,2.0,0.0,0.0
seriea-2025-2025-09-28-sassuolo-v-udinese,2025-09-28,2025,seriea,Sassuolo,Udinese,3,1,finished,csv_cached,,11.0,12.0,5.0,5.0,5.0,22.0,0.0,3.0,0.0,0.0
seriea-2025-2025-09-28-pisa-v-fiorentina,2025-09-28,2025,seriea,Pisa,Fiorentina,0,0,finished,csv_cached,,11.0,14.0,1.0,2.0,15.0,15.0,0.0,1.0,0.0,0.0
seriea-2025-2025-09-29-parma-v-torino,2025-09-29,2025,seriea,Parma,Torino,2,1,finished,csv_cached,,13.0,15.0,2.0,4.0,10.0,12.0,3.0,3.0,0.0,0.0
seriea-2025-2025-09-29-genoa-v-lazio,2025-09-29,2025,seriea,Genoa,Lazio,0,3,finished,csv_cached,,17.0,10.0,5.0,6.0,18.0,16.0,5.0,1.0,0.0,0.0
seriea-2025-2025-10-03-verona-v-sassuolo,2025-10-03,2025,seriea,Verona,Sassuolo,0,1,finished,csv_cached,,17.0,11.0,9.0,3.0,14.0,12.0,2.0,2.0,0.0,0.0
seriea-2025-2025-10-04-lazio-v-torino,2025-10-04,2025,seriea,Lazio,Torino,3,3,finished,csv_cached,,9.0,16.0,4.0,8.0,13.0,22.0,3.0,3.0,0.0,0.0
seriea-2025-2025-10-04-parma-v-lecce,2025-10-04,2025,seriea,Parma,Lecce,0,1,finished,csv_cached,,10.0,7.0,2.0,3.0,16.0,16.0,1.0,2.0,0.0,0.0
seriea-2025-2025-10-04-inter-v-cremonese,2025-10-04,2025,seriea,Inter,Cremonese,4,1,finished,csv_cached,,27.0,3.0,9.0,2.0,9.0,8.0,1.0,1.0,0.0,0.0
seriea-2025-2025-10-04-atalanta-v-como,2025-10-04,2025,seriea,Atalanta,Como,1,1,finished,csv_cached,,16.0,12.0,4.0,4.0,10.0,19.0,1.0,3.0,0.0,0.0
seriea-2025-2025-10-05-bologna-v-pisa,2025-10-05,2025,seriea,Bologna,Pisa,4,0,finished,csv_cached,,24.0,2.0,7.0,0.0,16.0,12.0,0.0,1.0,0.0,1.0
seriea-2025-2025-10-05-udinese-v-cagliari,2025-10-05,2025,seriea,Udinese,Cagliari,1,1,finished,csv_cached,,23.0,8.0,4.0,2.0,14.0,16.0,1.0,2.0,0.0,0.0
seriea-2025-2025-10-05-fiorentina-v-roma,2025-10-05,2025,seriea,Fiorentina,Roma,1,2,finished,csv_cached,,11.0,8.0,3.0,3.0,19.0,21.0,2.0,3.0,0.0,0.0
seriea-2025-2025-10-05-juventus-v-milan,2025-10-05,2025,seriea,Juventus,Milan,0,0,finished,csv_cached,,12.0,13.0,3.0,4.0,15.0,8.0,2.0,2.0,0.0,0.0
seriea-2025-2025-10-05-napoli-v-genoa,2025-10-05,2025,seriea,Napoli,Genoa,2,1,finished,csv_cached,,12.0,6.0,5.0,1.0,16.0,15.0,1.0,3.0,0.0,0.0
seriea-2025-2025-10-18-lecce-v-sassuolo,2025-10-18,2025,seriea,Lecce,Sassuolo,0,0,finished,csv_cached,,11.0,9.0,2.0,2.0,16.0,14.0,2.0,2.0,0.0,0.0
seriea-2025-2025-10-18-pisa-v-verona,2025-10-18,2025,seriea,Pisa,Verona,0,0,finished,csv_cached,,7.0,15.0,0.0,3.0,8.0,14.0,4.0,2.0,0.0,0.0
seriea-2025-2025-10-18-torino-v-napoli,2025-10-18,2025,seriea,Torino,Napoli,1,0,finished,csv_cached,,12.0,22.0,2.0,5.0,9.0,9.0,1.0,2.0,0.0,0.0
seriea-2025-2025-10-18-roma-v-inter,2025-10-18,2025,seriea,Roma,Inter,0,1,finished,csv_cached,,15.0,12.0,5.0,3.0,18.0,29.0,4.0,3.0,0.0,0.0
seriea-2025-2025-10-19-como-v-juventus,2025-10-19,2025,seriea,Como,Juventus,2,0,finished,csv_cached,,12.0,15.0,6.0,3.0,17.0,15.0,3.0,1.0,0.0,0.0
seriea-2025-2025-10-19-cagliari-v-bologna,2025-10-19,2025,seriea,Cagliari,Bologna,0,2,finished,csv_cached,,4.0,10.0,3.0,7.0,15.0,22.0,1.0,3.0,0.0,0.0
seriea-2025-2025-10-19-milan-v-fiorentina,2025-10-19,2025,seriea,Milan,Fiorentina,2,1,finished,csv_cached,,14.0,5.0,4.0,1.0,14.0,12.0,3.0,3.0,0.0,0.0
seriea-2025-2025-10-19-genoa-v-parma,2025-10-19,2025,seriea,Genoa,Parma,0,0,finished,csv_cached,,23.0,1.0,7.0,0.0,15.0,13.0,2.0,5.0,0.0,1.0
seriea-2025-2025-10-19-atalanta-v-lazio,2025-10-19,2025,seriea,Atalanta,Lazio,0,0,finished,csv_cached,,16.0,4.0,6.0,1.0,10.0,5.0,4.0,0.0,0.0,0.0
seriea-2025-2025-10-20-cremonese-v-udinese,2025-10-20,2025,seriea,Cremonese,Udinese,1,1,finished,csv_cached,,11.0,8.0,4.0,1.0,15.0,14.0,4.0,2.0,0.0,0.0
seriea-2025-2025-10-24-milan-v-pisa,2025-10-24,2025,seriea,Milan,Pisa,2,2,finished,csv_cached,,20.0,8.0,7.0,2.0,8.0,21.0,1.0,3.0,0.0,0.0
seriea-2025-2025-10-25-parma-v-como,2025-10-25,2025,seriea,Parma,Como,0,0,finished,csv_cached,,10.0,6.0,3.0,2.0,7.0,14.0,0.0,1.0,0.0,0.0
seriea-2025-2025-10-25-udinese-v-lecce,2025-10-25,2025,seriea,Udinese,Lecce,3,2,finished,csv_cached,,8.0,13.0,4.0,3.0,12.0,12.0,2.0,2.0,0.0,0.0
seriea-2025-2025-10-25-napoli-v-inter,2025-10-25,2025,seriea,Napoli,Inter,3,1,finished,csv_cached,,7.0,15.0,3.0,3.0,15.0,10.0,2.0,1.0,0.0,0.0
seriea-2025-2025-10-25-cremonese-v-atalanta,2025-10-25,2025,seriea,Cremonese,Atalanta,1,1,finished,csv_cached,,9.0,20.0,5.0,6.0,6.0,8.0,3.0,1.0,0.0,0.0
seriea-2025-2025-10-26-torino-v-genoa,2025-10-26,2025,seriea,Torino,Genoa,2,1,finished,csv_cached,,13.0,11.0,6.0,3.0,14.0,9.0,2.0,2.0,0.0,0.0
seriea-2025-2025-10-26-sassuolo-v-roma,2025-10-26,2025,seriea,Sassuolo,Roma,0,1,finished,csv_cached,,11.0,15.0,1.0,8.0,18.0,16.0,3.0,2.0,0.0,0.0
seriea-2025-2025-10-26-lazio-v-juventus,2025-10-26,2025,seriea,Lazio,Juventus,1,0,finished,csv_cached,,13.0,14.0,3.0,5.0,11.0,18.0,2.0,4.0,0.0,0.0
seriea-2025-2025-10-26-fiorentina-v-bologna,2025-10-26,2025,seriea,Fiorentina,Bologna,2,2,finished,csv_cached,,19.0,6.0,7.0,3.0,13.0,20.0,3.0,5.0,0.0,1.0
seriea-2025-2025-10-26-verona-v-cagliari,2025-10-26,2025,seriea,Verona,Cagliari,2,2,finished,csv_cached,,10.0,7.0,6.0,3.0,16.0,12.0,3.0,4.0,0.0,0.0
seriea-2025-2025-10-28-lecce-v-napoli,2025-10-28,2025,seriea,Lecce,Napoli,0,1,finished,csv_cached,,7.0,14.0,2.0,3.0,10.0,14.0,2.0,1.0,0.0,0.0
seriea-2025-2025-10-28-atalanta-v-milan,2025-10-28,2025,seriea,Atalanta,Milan,1,1,finished,csv_cached,,17.0,6.0,3.0,1.0,9.0,8.0,1.0,3.0,0.0,0.0
seriea-2025-2025-10-29-roma-v-parma,2025-10-29,2025,seriea,Roma,Parma,2,1,finished,csv_cached,,18.0,8.0,6.0,5.0,8.0,9.0,0.0,3.0,0.0,0.0
seriea-2025-2025-10-29-juventus-v-udinese,2025-10-29,2025,seriea,Juventus,Udinese,3,1,finished,csv_cached,,25.0,8.0,11.0,2.0,12.0,13.0,1.0,4.0,0.0,0.0
seriea-2025-2025-10-29-como-v-verona,2025-10-29,2025,seriea,Como,Verona,3,1,finished,csv_cached,,15.0,13.0,5.0,9.0,11.0,21.0,1.0,4.0,0.0,0.0
seriea-2025-2025-10-29-bologna-v-torino,2025-10-29,2025,seriea,Bologna,Torino,0,0,finished,csv_cached,,11.0,8.0,2.0,2.0,11.0,20.0,2.0,3.0,0.0,0.0
seriea-2025-2025-10-29-inter-v-fiorentina,2025-10-29,2025,seriea,Inter,Fiorentina,3,0,finished,csv_cached,,22.0,10.0,8.0,2.0,11.0,16.0,1.0,2.0,0.0,1.0
seriea-2025-2025-10-29-genoa-v-cremonese,2025-10-29,2025,seriea,Genoa,Cremonese,0,2,finished,csv_cached,,16.0,12.0,1.0,4.0,16.0,13.0,3.0,1.0,0.0,0.0
seriea-2025-2025-10-30-cagliari-v-sassuolo,2025-10-30,2025,seriea,Cagliari,Sassuolo,1,2,finished,csv_cached,,8.0,12.0,1.0,4.0,20.0,21.0,4.0,4.0,0.0,0.0
seriea-2025-2025-10-30-pisa-v-lazio,2025-10-30,2025,seriea,Pisa,Lazio,0,0,finished,csv_cached,,10.0,11.0,2.0,6.0,16.0,12.0,2.0,2.0,0.0,0.0
seriea-2025-2025-11-01-udinese-v-atalanta,2025-11-01,2025,seriea,Udinese,Atalanta,1,0,finished,csv_cached,,11.0,5.0,5.0,0.0,14.0,11.0,1.0,3.0,0.0,0.0
seriea-2025-2025-11-01-napoli-v-como,2025-11-01,2025,seriea,Napoli,Como,0,0,finished,csv_cached,,13.0,13.0,8.0,2.0,15.0,16.0,3.0,2.0,0.0,0.0
seriea-2025-2025-11-01-cremonese-v-juventus,2025-11-01,2025,seriea,Cremonese,Juventus,1,2,finished,csv_cached,,9.0,15.0,2.0,5.0,10.0,14.0,1.0,0.0,0.0,0.0
seriea-2025-2025-11-02-torino-v-pisa,2025-11-02,2025,seriea,Torino,Pisa,2,2,finished,csv_cached,,15.0,11.0,3.0,3.0,14.0,8.0,2.0,1.0,0.0,0.0
seriea-2025-2025-11-02-fiorentina-v-lecce,2025-11-02,2025,seriea,Fiorentina,Lecce,0,1,finished,csv_cached,,15.0,11.0,4.0,4.0,14.0,21.0,4.0,1.0,0.0,0.0
seriea-2025-2025-11-02-verona-v-inter,2025-11-02,2025,seriea,Verona,Inter,1,2,finished,csv_cached,,8.0,21.0,2.0,6.0,15.0,4.0,2.0,1.0,0.0,0.0
seriea-2025-2025-11-02-milan-v-roma,2025-11-02,2025,seriea,Milan,Roma,1,0,finished,csv_cached,,17.0,20.0,8.0,6.0,12.0,13.0,1.0,5.0,0.0,0.0
seriea-2025-2025-11-02-parma-v-bologna,2025-11-02,2025,seriea,Parma,Bologna,1,3,finished,csv_cached,,7.0,22.0,1.0,6.0,16.0,15.0,3.0,2.0,1.0,0.0
seriea-2025-2025-11-03-sassuolo-v-genoa,2025-11-03,2025,seriea,Sassuolo,Genoa,1,2,finished,csv_cached,,13.0,16.0,4.0,5.0,13.0,13.0,1.0,3.0,0.0,0.0
seriea-2025-2025-11-03-lazio-v-cagliari,2025-11-03,2025,seriea,Lazio,Cagliari,2,0,finished,csv_cached,,8.0,17.0,3.0,5.0,8.0,18.0,0.0,2.0,0.0,0.0
seriea-2025-2025-11-07-pisa-v-cremonese,2025-11-07,2025,seriea,Pisa,Cremonese,1,0,finished,csv_cached,,14.0,13.0,6.0,3.0,11.0,17.0,4.0,2.0,0.0,0.0
seriea-2025-2025-11-08-como-v-cagliari,2025-11-08,2025,seriea,Como,Cagliari,0,0,finished,csv_cached,,10.0,4.0,6.0,2.0,21.0,15.0,3.0,1.0,0.0,0.0
seriea-2025-2025-11-08-lecce-v-verona,2025-11-08,2025,seriea,Lecce,Verona,0,0,finished,csv_cached,,11.0,5.0,6.0,2.0,10.0,18.0,1.0,4.0,0.0,0.0
seriea-2025-2025-11-08-juventus-v-torino,2025-11-08,2025,seriea,Juventus,Torino,0,0,finished,csv_cached,,22.0,8.0,6.0,3.0,9.0,4.0,0.0,1.0,0.0,0.0
seriea-2025-2025-11-08-parma-v-milan,2025-11-08,2025,seriea,Parma,Milan,2,2,finished,csv_cached,,14.0,10.0,4.0,5.0,14.0,10.0,1.0,1.0,0.0,0.0
seriea-2025-2025-11-09-inter-v-lazio,2025-11-09,2025,seriea,Inter,Lazio,2,0,finished,csv_cached,,8.0,8.0,3.0,5.0,26.0,11.0,3.0,1.0,0.0,0.0
seriea-2025-2025-11-09-roma-v-udinese,2025-11-09,2025,seriea,Roma,Udinese,2,0,finished,csv_cached,,13.0,10.0,4.0,4.0,13.0,14.0,2.0,1.0,0.0,0.0
seriea-2025-2025-11-09-atalanta-v-sassuolo,2025-11-09,2025,seriea,Atalanta,Sassuolo,0,3,finished,csv_cached,,14.0,8.0,2.0,4.0,9.0,8.0,0.0,2.0,0.0,0.0
seriea-2025-2025-11-09-bologna-v-napoli,2025-11-09,2025,seriea,Bologna,Napoli,2,0,finished,csv_cached,,11.0,4.0,4.0,1.0,14.0,15.0,1.0,3.0,0.0,0.0
seriea-2025-2025-11-09-genoa-v-fiorentina,2025-11-09,2025,seriea,Genoa,Fiorentina,2,2,finished,csv_cached,,10.0,7.0,6.0,3.0,20.0,15.0,2.0,3.0,0.0,0.0
seriea-2025-2025-11-22-udinese-v-bologna,2025-11-22,2025,seriea,Udinese,Bologna,0,3,finished,csv_cached,,12.0,10.0,3.0,5.0,19.0,16.0,0.0,1.0,0.0,0.0
seriea-2025-2025-11-22-fiorentina-v-juventus,2025-11-22,2025,seriea,Fiorentina,Juventus,1,1,finished,csv_cached,,11.0,17.0,2.0,4.0,11.0,18.0,2.0,3.0,0.0,0.0
seriea-2025-2025-11-22-napoli-v-atalanta,2025-11-22,2025,seriea,Napoli,Atalanta,3,1,finished,csv_cached,,11.0,14.0,6.0,3.0,11.0,12.0,1.0,2.0,0.0,0.0
seriea-2025-2025-11-22-cagliari-v-genoa,2025-11-22,2025,seriea,Cagliari,Genoa,3,3,finished,csv_cached,,11.0,13.0,5.0,8.0,22.0,16.0,4.0,3.0,0.0,1.0
seriea-2025-2025-11-23-lazio-v-lecce,2025-11-23,2025,seriea,Lazio,Lecce,2,0,finished,csv_cached,,19.0,5.0,9.0,1.0,8.0,13.0,1.0,1.0,0.0,0.0
seriea-2025-2025-11-23-inter-v-milan,2025-11-23,2025,seriea,Inter,Milan,0,1,finished,csv_cached,,20.0,7.0,6.0,3.0,7.0,9.0,1.0,2.0,0.0,0.0
seriea-2025-2025-11-23-verona-v-parma,2025-11-23,2025,seriea,Verona,Parma,1,2,finished,csv_cached,,10.0,15.0,2.0,7.0,24.0,6.0,4.0,3.0,0.0,0.0
seriea-2025-2025-11-23-cremonese-v-roma,2025-11-23,2025,seriea,Cremonese,Roma,1,3,finished,csv_cached,,9.0,12.0,4.0,6.0,12.0,16.0,2.0,2.0,0.0,0.0
seriea-2025-2025-11-24-torino-v-como,2025-11-24,2025,seriea,Torino,Como,1,5,finished,csv_cached,,10.0,15.0,2.0,7.0,6.0,9.0,0.0,1.0,0.0,0.0
seriea-2025-2025-11-24-sassuolo-v-pisa,2025-11-24,2025,seriea,Sassuolo,Pisa,2,2,finished,csv_cached,,22.0,10.0,7.0,3.0,10.0,10.0,2.0,1.0,0.0,0.0
seriea-2025-2025-11-28-como-v-sassuolo,2025-11-28,2025,seriea,Como,Sassuolo,2,0,finished,csv_cached,,18.0,12.0,13.0,5.0,11.0,7.0,2.0,1.0,0.0,0.0
seriea-2025-2025-11-29-genoa-v-verona,2025-11-29,2025,seriea,Genoa,Verona,2,1,finished,csv_cached,,15.0,13.0,4.0,5.0,9.0,19.0,1.0,3.0,0.0,0.0
seriea-2025-2025-11-29-parma-v-udinese,2025-11-29,2025,seriea,Parma,Udinese,0,2,finished,csv_cached,,17.0,14.0,2.0,5.0,6.0,19.0,1.0,2.0,1.0,1.0
seriea-2025-2025-11-29-milan-v-lazio,2025-11-29,2025,seriea,Milan,Lazio,1,0,finished,csv_cached,,16.0,9.0,4.0,4.0,10.0,12.0,3.0,3.0,0.0,0.0
seriea-2025-2025-11-29-juventus-v-cagliari,2025-11-29,2025,seriea,Juventus,Cagliari,2,1,finished,csv_cached,,14.0,5.0,6.0,3.0,16.0,16.0,1.0,5.0,0.0,0.0
seriea-2025-2025-11-30-lecce-v-torino,2025-11-30,2025,seriea,Lecce,Torino,2,1,finished,csv_cached,,10.0,15.0,2.0,6.0,16.0,22.0,2.0,3.0,0.0,0.0
seriea-2025-2025-11-30-pisa-v-inter,2025-11-30,2025,seriea,Pisa,Inter,0,2,finished,csv_cached,,10.0,14.0,2.0,3.0,13.0,15.0,2.0,1.0,0.0,0.0
seriea-2025-2025-11-30-atalanta-v-fiorentina,2025-11-30,2025,seriea,Atalanta,Fiorentina,2,0,finished,csv_cached,,21.0,15.0,9.0,3.0,15.0,10.0,1.0,3.0,0.0,0.0
seriea-2025-2025-11-30-roma-v-napoli,2025-11-30,2025,seriea,Roma,Napoli,0,1,finished,csv_cached,,8.0,8.0,2.0,5.0,14.0,13.0,4.0,3.0,0.0,0.0
seriea-2025-2025-12-01-bologna-v-cremonese,2025-12-01,2025,seriea,Bologna,Cremonese,1,3,finished,csv_cached,,29.0,10.0,7.0,5.0,13.0,12.0,0.0,2.0,0.0,0.0
seriea-2025-2025-12-06-sassuolo-v-fiorentina,2025-12-06,2025,seriea,Sassuolo,Fiorentina,3,1,finished,csv_cached,,13.0,9.0,5.0,1.0,15.0,15.0,2.0,3.0,0.0,0.0
seriea-2025-2025-12-06-verona-v-atalanta,2025-12-06,2025,seriea,Verona,Atalanta,3,1,finished,csv_cached,,12.0,12.0,7.0,5.0,14.0,7.0,2.0,1.0,0.0,0.0
seriea-2025-2025-12-06-inter-v-como,2025-12-06,2025,seriea,Inter,Como,4,0,finished,csv_cached,,11.0,15.0,7.0,3.0,16.0,13.0,1.0,2.0,0.0,0.0
seriea-2025-2025-12-07-lazio-v-bologna,2025-12-07,2025,seriea,Lazio,Bologna,1,1,finished,csv_cached,,16.0,13.0,9.0,6.0,13.0,18.0,4.0,3.0,1.0,0.0
seriea-2025-2025-12-07-napoli-v-juventus,2025-12-07,2025,seriea,Napoli,Juventus,2,1,finished,csv_cached,,9.0,5.0,4.0,2.0,6.0,15.0,2.0,1.0,0.0,0.0
seriea-2025-2025-12-07-cremonese-v-lecce,2025-12-07,2025,seriea,Cremonese,Lecce,2,0,finished,csv_cached,,11.0,9.0,4.0,1.0,15.0,12.0,1.0,2.0,0.0,0.0
seriea-2025-2025-12-07-cagliari-v-roma,2025-12-07,2025,seriea,Cagliari,Roma,1,0,finished,csv_cached,,15.0,6.0,8.0,2.0,18.0,16.0,2.0,1.0,0.0,1.0
seriea-2025-2025-12-08-pisa-v-parma,2025-12-08,2025,seriea,Pisa,Parma,0,1,finished,csv_cached,,14.0,9.0,2.0,2.0,15.0,7.0,2.0,2.0,1.0,0.0
seriea-2025-2025-12-08-udinese-v-genoa,2025-12-08,2025,seriea,Udinese,Genoa,1,2,finished,csv_cached,,23.0,12.0,6.0,6.0,16.0,12.0,1.0,0.0,0.0,0.0
seriea-2025-2025-12-08-torino-v-milan,2025-12-08,2025,seriea,Torino,Milan,2,3,finished,csv_cached,,8.0,17.0,4.0,6.0,16.0,7.0,2.0,1.0,0.0,0.0
seriea-2025-2025-12-12-lecce-v-pisa,2025-12-12,2025,seriea,Lecce,Pisa,1,0,finished,csv_cached,,21.0,5.0,3.0,0.0,17.0,6.0,2.0,1.0,0.0,0.0
seriea-2025-2025-12-13-torino-v-cremonese,2025-12-13,2025,seriea,Torino,Cremonese,1,0,finished,csv_cached,,18.0,10.0,6.0,3.0,20.0,13.0,1.0,2.0,0.0,0.0
seriea-2025-2025-12-13-parma-v-lazio,2025-12-13,2025,seriea,Parma,Lazio,0,1,finished,csv_cached,,19.0,15.0,5.0,5.0,14.0,8.0,2.0,1.0,0.0,2.0
seriea-2025-2025-12-13-atalanta-v-cagliari,2025-12-13,2025,seriea,Atalanta,Cagliari,2,1,finished,csv_cached,,17.0,8.0,8.0,1.0,13.0,15.0,1.0,2.0,0.0,0.0
seriea-2025-2025-12-14-fiorentina-v-verona,2025-12-14,2025,seriea,Fiorentina,Verona,1,2,finished,csv_cached,,20.0,13.0,4.0,3.0,10.0,22.0,1.0,5.0,0.0,0.0
seriea-2025-2025-12-14-milan-v-sassuolo,2025-12-14,2025,seriea,Milan,Sassuolo,2,2,finished,csv_cached,,13.0,8.0,5.0,3.0,12.0,12.0,1.0,3.0,0.0,0.0
seriea-2025-2025-12-14-bologna-v-juventus,2025-12-14,2025,seriea,Bologna,Juventus,0,1,finished,csv_cached,,11.0,13.0,4.0,3.0,10.0,11.0,3.0,1.0,1.0,0.0
seriea-2025-2025-12-14-genoa-v-inter,2025-12-14,2025,seriea,Genoa,Inter,1,2,finished,csv_cached,,5.0,18.0,3.0,8.0,10.0,20.0,2.0,3.0,0.0,0.0
seriea-2025-2025-12-14-udinese-v-napoli,2025-12-14,2025,seriea,Udinese,Napoli,1,0,finished,csv_cached,,18.0,7.0,5.0,0.0,16.0,9.0,1.0,0.0,0.0,0.0
seriea-2025-2025-12-15-roma-v-como,2025-12-15,2025,seriea,Roma,Como,1,0,finished,csv_cached,,14.0,13.0,4.0,1.0,16.0,8.0,3.0,3.0,0.0,0.0
seriea-2025-2025-12-20-lazio-v-cremonese,2025-12-20,2025,seriea,Lazio,Cremonese,0,0,finished,csv_cached,,8.0,9.0,2.0,2.0,13.0,21.0,4.0,3.0,0.0,1.0
seriea-2025-2025-12-20-juventus-v-roma,2025-12-20,2025,seriea,Juventus,Roma,2,1,finished,csv_cached,,13.0,14.0,9.0,5.0,14.0,13.0,2.0,3.0,0.0,0.0
seriea-2025-2025-12-21-cagliari-v-pisa,2025-12-21,2025,seriea,Cagliari,Pisa,2,2,finished,csv_cached,,14.0,15.0,5.0,3.0,15.0,20.0,3.0,2.0,0.0,0.0
seriea-2025-2025-12-21-sassuolo-v-torino,2025-12-21,2025,seriea,Sassuolo,Torino,0,1,finished,csv_cached,,7.0,10.0,1.0,5.0,15.0,17.0,3.0,1.0,0.0,0.0
seriea-2025-2025-12-21-fiorentina-v-udinese,2025-12-21,2025,seriea,Fiorentina,Udinese,5,1,finished,csv_cached,,20.0,11.0,7.0,4.0,10.0,8.0,3.0,1.0,0.0,1.0
seriea-2025-2025-12-21-genoa-v-atalanta,2025-12-21,2025,seriea,Genoa,Atalanta,0,1,finished,csv_cached,,6.0,16.0,3.0,4.0,11.0,19.0,1.0,2.0,1.0,0.0
seriea-2025-2025-12-27-torino-v-cagliari,2025-12-27,2025,seriea,Torino,Cagliari,1,2,finished,csv_cached,,19.0,9.0,10.0,4.0,14.0,13.0,3.0,0.0,0.0,0.0
seriea-2025-2025-12-27-lecce-v-como,2025-12-27,2025,seriea,Lecce,Como,0,3,finished,csv_cached,,11.0,12.0,5.0,6.0,10.0,23.0,2.0,4.0,0.0,0.0
seriea-2025-2025-12-27-pisa-v-juventus,2025-12-27,2025,seriea,Pisa,Juventus,0,2,finished,csv_cached,,8.0,15.0,0.0,7.0,10.0,12.0,4.0,1.0,0.0,0.0
seriea-2025-2025-12-27-udinese-v-lazio,2025-12-27,2025,seriea,Udinese,Lazio,1,1,finished,csv_cached,,15.0,14.0,4.0,2.0,19.0,14.0,3.0,4.0,0.0,0.0
seriea-2025-2025-12-27-parma-v-fiorentina,2025-12-27,2025,seriea,Parma,Fiorentina,1,0,finished,csv_cached,,13.0,23.0,2.0,4.0,10.0,15.0,2.0,2.0,0.0,0.0
seriea-2025-2025-12-28-atalanta-v-inter,2025-12-28,2025,seriea,Atalanta,Inter,0,1,finished,csv_cached,,7.0,15.0,0.0,4.0,8.0,12.0,2.0,1.0,0.0,0.0
seriea-2025-2025-12-28-milan-v-verona,2025-12-28,2025,seriea,Milan,Verona,3,0,finished,csv_cached,,11.0,9.0,5.0,1.0,5.0,15.0,0.0,1.0,0.0,0.0
seriea-2025-2025-12-28-cremonese-v-napoli,2025-12-28,2025,seriea,Cremonese,Napoli,0,2,finished,csv_cached,,6.0,22.0,2.0,8.0,13.0,8.0,2.0,2.0,0.0,0.0
seriea-2025-2025-12-28-bologna-v-sassuolo,2025-12-28,2025,seriea,Bologna,Sassuolo,1,1,finished,csv_cached,,16.0,8.0,6.0,5.0,18.0,19.0,2.0,3.0,0.0,0.0
seriea-2025-2025-12-29-roma-v-genoa,2025-12-29,2025,seriea,Roma,Genoa,3,1,finished,csv_cached,,16.0,10.0,8.0,2.0,13.0,13.0,0.0,1.0,0.0,0.0
seriea-2025-2026-01-02-cagliari-v-milan,2026-01-02,2025,seriea,Cagliari,Milan,0,1,finished,csv_cached,,6.0,11.0,1.0,4.0,10.0,8.0,2.0,1.0,0.0,0.0
seriea-2025-2026-01-03-atalanta-v-roma,2026-01-03,2025,seriea,Atalanta,Roma,1,0,finished,csv_cached,,13.0,10.0,2.0,4.0,16.0,15.0,1.0,2.0,0.0,0.0
seriea-2025-2026-01-03-juventus-v-lecce,2026-01-03,2025,seriea,Juventus,Lecce,1,1,finished,csv_cached,,25.0,6.0,5.0,1.0,6.0,7.0,0.0,3.0,0.0,0.0
seriea-2025-2026-01-03-como-v-udinese,2026-01-03,2025,seriea,Como,Udinese,1,0,finished,csv_cached,,15.0,4.0,3.0,1.0,12.0,15.0,1.0,3.0,0.0,0.0
seriea-2025-2026-01-03-genoa-v-pisa,2026-01-03,2025,seriea,Genoa,Pisa,1,1,finished,csv_cached,,12.0,10.0,4.0,2.0,9.0,17.0,1.0,3.0,0.0,0.0
seriea-2025-2026-01-03-sassuolo-v-parma,2026-01-03,2025,seriea,Sassuolo,Parma,1,1,finished,csv_cached,,11.0,16.0,3.0,5.0,12.0,7.0,2.0,1.0,0.0,0.0
seriea-2025-2026-01-04-fiorentina-v-cremonese,2026-01-04,2025,seriea,Fiorentina,Cremonese,1,0,finished,csv_cached,,22.0,6.0,8.0,2.0,10.0,19.0,1.0,2.0,0.0,0.0
seriea-2025-2026-01-04-verona-v-torino,2026-01-04,2025,seriea,Verona,Torino,0,3,finished,csv_cached,,7.0,21.0,3.0,5.0,13.0,7.0,0.0,2.0,0.0,0.0
seriea-2025-2026-01-04-inter-v-bologna,2026-01-04,2025,seriea,Inter,Bologna,3,1,finished,csv_cached,,19.0,6.0,10.0,2.0,20.0,21.0,3.0,3.0,0.0,0.0
seriea-2025-2026-01-04-lazio-v-napoli,2026-01-04,2025,seriea,Lazio,Napoli,0,2,finished,csv_cached,,5.0,14.0,0.0,3.0,10.0,13.0,5.0,1.0,2.0,1.0
seriea-2025-2026-01-06-lecce-v-roma,2026-01-06,2025,seriea,Lecce,Roma,0,2,finished,csv_cached,,6.0,10.0,1.0,3.0,10.0,20.0,3.0,1.0,0.0,0.0
seriea-2025-2026-01-06-sassuolo-v-juventus,2026-01-06,2025,seriea,Sassuolo,Juventus,0,3,finished,csv_cached,,7.0,17.0,2.0,10.0,3.0,12.0,0.0,0.0,0.0,0.0
seriea-2025-2026-01-06-pisa-v-como,2026-01-06,2025,seriea,Pisa,Como,0,3,finished,csv_cached,,10.0,15.0,4.0,7.0,9.0,13.0,2.0,2.0,0.0,0.0
seriea-2025-2026-01-07-torino-v-udinese,2026-01-07,2025,seriea,Torino,Udinese,1,2,finished,csv_cached,,10.0,9.0,4.0,4.0,16.0,8.0,2.0,1.0,0.0,0.0
seriea-2025-2026-01-07-bologna-v-atalanta,2026-01-07,2025,seriea,Bologna,Atalanta,0,2,finished,csv_cached,,11.0,11.0,2.0,5.0,16.0,15.0,0.0,0.0,0.0,0.0
seriea-2025-2026-01-07-napoli-v-verona,2026-01-07,2025,seriea,Napoli,Verona,2,2,finished,csv_cached,,15.0,11.0,4.0,4.0,7.0,15.0,0.0,3.0,0.0,0.0
seriea-2025-2026-01-07-lazio-v-fiorentina,2026-01-07,2025,seriea,Lazio,Fiorentina,2,2,finished,csv_cached,,17.0,8.0,9.0,5.0,11.0,15.0,3.0,5.0,0.0,0.0
seriea-2025-2026-01-07-parma-v-inter,2026-01-07,2025,seriea,Parma,Inter,0,2,finished,csv_cached,,4.0,26.0,0.0,8.0,4.0,20.0,0.0,3.0,0.0,0.0
seriea-2025-2026-01-08-milan-v-genoa,2026-01-08,2025,seriea,Milan,Genoa,1,1,finished,csv_cached,,32.0,7.0,8.0,2.0,12.0,8.0,4.0,1.0,0.0,0.0
seriea-2025-2026-01-08-cremonese-v-cagliari,2026-01-08,2025,seriea,Cremonese,Cagliari,2,2,finished,csv_cached,,12.0,21.0,5.0,5.0,16.0,12.0,2.0,2.0,0.0,0.0
seriea-2025-2026-01-10-udinese-v-pisa,2026-01-10,2025,seriea,Udinese,Pisa,2,2,finished,csv_cached,,11.0,14.0,2.0,7.0,13.0,16.0,1.0,4.0,0.0,0.0
seriea-2025-2026-01-10-atalanta-v-torino,2026-01-10,2025,seriea,Atalanta,Torino,2,0,finished,csv_cached,,18.0,10.0,5.0,3.0,14.0,17.0,1.0,2.0,0.0,0.0
seriea-2025-2026-01-10-como-v-bologna,2026-01-10,2025,seriea,Como,Bologna,1,1,finished,csv_cached,,12.0,7.0,3.0,2.0,14.0,3.0,3.0,3.0,0.0,1.0
seriea-2025-2026-01-10-roma-v-sassuolo,2026-01-10,2025,seriea,Roma,Sassuolo,2,0,finished,csv_cached,,26.0,5.0,6.0,3.0,15.0,16.0,2.0,2.0,0.0,0.0
seriea-2025-2026-01-11-lecce-v-parma,2026-01-11,2025,seriea,Lecce,Parma,1,2,finished,csv_cached,,10.0,12.0,1.0,2.0,16.0,17.0,3.0,1.0,2.0,0.0
seriea-2025-2026-01-11-fiorentina-v-milan,2026-01-11,2025,seriea,Fiorentina,Milan,1,1,finished,csv_cached,,20.0,13.0,7.0,3.0,10.0,14.0,2.0,3.0,0.0,0.0
seriea-2025-2026-01-11-verona-v-lazio,2026-01-11,2025,seriea,Verona,Lazio,0,1,finished,csv_cached,,10.0,11.0,2.0,2.0,12.0,7.0,2.0,1.0,0.0,0.0
seriea-2025-2026-01-11-inter-v-napoli,2026-01-11,2025,seriea,Inter,Napoli,2,2,finished,csv_cached,,13.0,7.0,4.0,3.0,12.0,11.0,0.0,1.0,0.0,0.0
seriea-2025-2026-01-12-genoa-v-cagliari,2026-01-12,2025,seriea,Genoa,Cagliari,3,0,finished,csv_cached,,11.0,15.0,7.0,3.0,17.0,20.0,2.0,5.0,0.0,0.0
seriea-2025-2026-01-12-juventus-v-cremonese,2026-01-12,2025,seriea,Juventus,Cremonese,5,0,finished,csv_cached,,18.0,9.0,11.0,2.0,16.0,8.0,0.0,1.0,0.0,0.0
seriea-2025-2026-01-14-napoli-v-parma,2026-01-14,2025,seriea,Napoli,Parma,0,0,finished,csv_cached,,16.0,4.0,4.0,1.0,11.0,12.0,1.0,3.0,0.0,0.0
seriea-2025-2026-01-14-inter-v-lecce,2026-01-14,2025,seriea,Inter,Lecce,1,0,finished,csv_cached,,21.0,10.0,7.0,1.0,11.0,14.0,2.0,1.0,0.0,0.0
seriea-2025-2026-01-15-como-v-milan,2026-01-15,2025,seriea,Como,Milan,1,3,finished,csv_cached,,18.0,7.0,8.0,4.0,7.0,5.0,1.0,0.0,0.0,0.0
seriea-2025-2026-01-15-verona-v-bologna,2026-01-15,2025,seriea,Verona,Bologna,2,3,finished,csv_cached,,15.0,14.0,5.0,5.0,13.0,14.0,1.0,2.0,0.0,0.0
seriea-2025-2026-01-16-pisa-v-atalanta,2026-01-16,2025,seriea,Pisa,Atalanta,1,1,finished,csv_cached,,14.0,9.0,6.0,4.0,12.0,11.0,1.0,2.0,0.0,0.0
seriea-2025-2026-01-17-cagliari-v-juventus,2026-01-17,2025,seriea,Cagliari,Juventus,1,0,finished,csv_cached,,3.0,21.0,1.0,5.0,16.0,12.0,0.0,1.0,0.0,0.0
seriea-2025-2026-01-17-napoli-v-sassuolo,2026-01-17,2025,seriea,Napoli,Sassuolo,1,0,finished,csv_cached,,11.0,21.0,4.0,4.0,10.0,11.0,0.0,3.0,0.0,0.0
seriea-2025-2026-01-17-udinese-v-inter,2026-01-17,2025,seriea,Udinese,Inter,0,1,finished,csv_cached,,5.0,14.0,1.0,5.0,17.0,11.0,0.0,1.0,0.0,0.0
seriea-2025-2026-01-18-torino-v-roma,2026-01-18,2025,seriea,Torino,Roma,0,2,finished,csv_cached,,8.0,14.0,4.0,5.0,13.0,9.0,2.0,1.0,0.0,0.0
seriea-2025-2026-01-18-milan-v-lecce,2026-01-18,2025,seriea,Milan,Lecce,1,0,finished,csv_cached,,20.0,4.0,6.0,0.0,9.0,11.0,1.0,1.0,0.0,0.0
seriea-2025-2026-01-18-parma-v-genoa,2026-01-18,2025,seriea,Parma,Genoa,0,0,finished,csv_cached,,14.0,11.0,2.0,3.0,13.0,18.0,3.0,2.0,0.0,0.0
seriea-2025-2026-01-18-bologna-v-fiorentina,2026-01-18,2025,seriea,Bologna,Fiorentina,1,2,finished,csv_cached,,18.0,11.0,3.0,4.0,14.0,13.0,3.0,0.0,0.0,0.0
seriea-2025-2026-01-19-cremonese-v-verona,2026-01-19,2025,seriea,Cremonese,Verona,0,0,finished,csv_cached,,7.0,11.0,1.0,4.0,13.0,13.0,3.0,0.0,0.0,0.0
seriea-2025-2026-01-19-lazio-v-como,2026-01-19,2025,seriea,Lazio,Como,0,3,finished,csv_cached,,8.0,11.0,4.0,6.0,14.0,9.0,4.0,3.0,0.0,0.0
seriea-2025-2026-01-23-inter-v-pisa,2026-01-23,2025,seriea,Inter,Pisa,6,2,finished,csv_cached,,34.0,8.0,14.0,3.0,8.0,11.0,2.0,3.0,0.0,0.0
seriea-2025-2026-01-24-como-v-torino,2026-01-24,2025,seriea,Como,Torino,6,0,finished,csv_cached,,17.0,7.0,7.0,1.0,9.0,15.0,0.0,1.0,0.0,0.0
seriea-2025-2026-01-24-fiorentina-v-cagliari,2026-01-24,2025,seriea,Fiorentina,Cagliari,1,2,finished,csv_cached,,15.0,10.0,3.0,6.0,11.0,17.0,2.0,3.0,0.0,0.0
seriea-2025-2026-01-24-lecce-v-lazio,2026-01-24,2025,seriea,Lecce,Lazio,0,0,finished,csv_cached,,15.0,6.0,2.0,1.0,16.0,6.0,2.0,1.0,0.0,0.0
seriea-2025-2026-01-25-juventus-v-napoli,2026-01-25,2025,seriea,Juventus,Napoli,3,0,finished,csv_cached,,12.0,9.0,6.0,1.0,21.0,11.0,1.0,2.0,0.0,0.0
seriea-2025-2026-01-25-genoa-v-bologna,2026-01-25,2025,seriea,Genoa,Bologna,3,2,finished,csv_cached,,8.0,13.0,6.0,3.0,14.0,17.0,2.0,2.0,0.0,1.0
seriea-2025-2026-01-25-roma-v-milan,2026-01-25,2025,seriea,Roma,Milan,1,1,finished,csv_cached,,15.0,5.0,7.0,2.0,15.0,11.0,0.0,4.0,0.0,0.0
seriea-2025-2026-01-25-sassuolo-v-cremonese,2026-01-25,2025,seriea,Sassuolo,Cremonese,1,0,finished,csv_cached,,13.0,10.0,7.0,4.0,13.0,14.0,1.0,2.0,0.0,0.0
seriea-2025-2026-01-25-atalanta-v-parma,2026-01-25,2025,seriea,Atalanta,Parma,4,0,finished,csv_cached,,21.0,15.0,9.0,2.0,14.0,8.0,1.0,0.0,0.0,0.0
seriea-2025-2026-01-26-verona-v-udinese,2026-01-26,2025,seriea,Verona,Udinese,1,3,finished,csv_cached,,7.0,20.0,4.0,7.0,8.0,11.0,2.0,0.0,0.0,0.0
seriea-2025-2026-01-30-lazio-v-genoa,2026-01-30,2025,seriea,Lazio,Genoa,3,2,finished,csv_cached,,14.0,16.0,4.0,4.0,12.0,12.0,2.0,3.0,0.0,0.0
seriea-2025-2026-01-31-pisa-v-sassuolo,2026-01-31,2025,seriea,Pisa,Sassuolo,1,3,finished,csv_cached,,15.0,21.0,6.0,5.0,13.0,8.0,3.0,3.0,0.0,0.0
seriea-2025-2026-01-31-napoli-v-fiorentina,2026-01-31,2025,seriea,Napoli,Fiorentina,2,1,finished,csv_cached,,19.0,15.0,6.0,5.0,21.0,13.0,1.0,1.0,0.0,0.0
seriea-2025-2026-01-31-cagliari-v-verona,2026-01-31,2025,seriea,Cagliari,Verona,4,0,finished,csv_cached,,13.0,9.0,7.0,3.0,9.0,14.0,0.0,2.0,0.0,1.0
seriea-2025-2026-02-01-cremonese-v-inter,2026-02-01,2025,seriea,Cremonese,Inter,0,2,finished,csv_cached,,9.0,15.0,3.0,4.0,19.0,14.0,3.0,0.0,0.0,0.0
seriea-2025-2026-02-01-parma-v-juventus,2026-02-01,2025,seriea,Parma,Juventus,1,4,finished,csv_cached,,10.0,15.0,4.0,8.0,10.0,13.0,1.0,3.0,0.0,0.0
seriea-2025-2026-02-01-torino-v-lecce,2026-02-01,2025,seriea,Torino,Lecce,1,0,finished,csv_cached,,17.0,14.0,5.0,2.0,14.0,12.0,2.0,2.0,0.0,0.0
seriea-2025-2026-02-01-como-v-atalanta,2026-02-01,2025,seriea,Como,Atalanta,0,0,finished,csv_cached,,28.0,6.0,9.0,2.0,9.0,11.0,4.0,3.0,0.0,1.0
seriea-2025-2026-02-02-udinese-v-roma,2026-02-02,2025,seriea,Udinese,Roma,1,0,finished,csv_cached,,8.0,10.0,4.0,3.0,18.0,17.0,5.0,4.0,0.0,0.0
seriea-2025-2026-02-03-bologna-v-milan,2026-02-03,2025,seriea,Bologna,Milan,0,3,finished,csv_cached,,13.0,10.0,2.0,3.0,14.0,10.0,3.0,0.0,0.0,0.0
seriea-2025-2026-02-06-verona-v-pisa,2026-02-06,2025,seriea,Verona,Pisa,0,0,finished,csv_cached,,4.0,11.0,0.0,3.0,13.0,16.0,1.0,2.0,0.0,0.0
seriea-2025-2026-02-07-genoa-v-napoli,2026-02-07,2025,seriea,Genoa,Napoli,2,3,finished,csv_cached,,12.0,14.0,3.0,5.0,16.0,12.0,2.0,4.0,0.0,1.0
seriea-2025-2026-02-07-fiorentina-v-torino,2026-02-07,2025,seriea,Fiorentina,Torino,2,2,finished,csv_cached,,21.0,12.0,5.0,4.0,6.0,23.0,2.0,5.0,0.0,0.0
seriea-2025-2026-02-08-juventus-v-lazio,2026-02-08,2025,seriea,Juventus,Lazio,2,2,finished,csv_cached,,34.0,9.0,8.0,2.0,10.0,4.0,0.0,2.0,0.0,0.0
seriea-2025-2026-02-08-bologna-v-parma,2026-02-08,2025,seriea,Bologna,Parma,0,1,finished,csv_cached,,16.0,5.0,2.0,1.0,10.0,14.0,1.0,3.0,1.0,1.0
seriea-2025-2026-02-08-lecce-v-udinese,2026-02-08,2025,seriea,Lecce,Udinese,2,1,finished,csv_cached,,16.0,6.0,5.0,1.0,9.0,21.0,1.0,2.0,0.0,0.0
seriea-2025-2026-02-08-sassuolo-v-inter,2026-02-08,2025,seriea,Sassuolo,Inter,0,5,finished,csv_cached,,7.0,23.0,2.0,11.0,6.0,10.0,2.0,1.0,1.0,0.0
seriea-2025-2026-02-09-atalanta-v-cremonese,2026-02-09,2025,seriea,Atalanta,Cremonese,2,1,finished,csv_cached,,29.0,12.0,9.0,2.0,11.0,11.0,2.0,0.0,0.0,0.0
seriea-2025-2026-02-09-roma-v-cagliari,2026-02-09,2025,seriea,Roma,Cagliari,2,0,finished,csv_cached,,15.0,3.0,5.0,1.0,18.0,14.0,2.0,4.0,0.0,0.0
seriea-2025-2026-02-13-pisa-v-milan,2026-02-13,2025,seriea,Pisa,Milan,1,2,finished,csv_cached,,7.0,7.0,2.0,2.0,14.0,9.0,1.0,3.0,0.0,1.0
seriea-2025-2026-02-14-como-v-fiorentina,2026-02-14,2025,seriea,Como,Fiorentina,1,2,finished,csv_cached,,16.0,7.0,3.0,3.0,14.0,12.0,4.0,2.0,1.0,0.0
seriea-2025-2026-02-14-lazio-v-atalanta,2026-02-14,2025,seriea,Lazio,Atalanta,0,2,finished,csv_cached,,18.0,12.0,5.0,5.0,10.0,16.0,1.0,4.0,0.0,0.0
seriea-2025-2026-02-14-inter-v-juventus,2026-02-14,2025,seriea,Inter,Juventus,3,2,finished,csv_cached,,21.0,11.0,9.0,8.0,15.0,7.0,4.0,2.0,0.0,1.0
seriea-2025-2026-02-15-napoli-v-roma,2026-02-15,2025,seriea,Napoli,Roma,2,2,finished,csv_cached,,11.0,9.0,7.0,2.0,14.0,14.0,1.0,1.0,0.0,0.0
seriea-2025-2026-02-15-parma-v-verona,2026-02-15,2025,seriea,Parma,Verona,2,1,finished,csv_cached,,27.0,4.0,8.0,1.0,7.0,14.0,2.0,1.0,0.0,1.0
seriea-2025-2026-02-15-torino-v-bologna,2026-02-15,2025,seriea,Torino,Bologna,1,2,finished,csv_cached,,7.0,14.0,2.0,6.0,14.0,10.0,3.0,1.0,0.0,0.0
seriea-2025-2026-02-15-udinese-v-sassuolo,2026-02-15,2025,seriea,Udinese,Sassuolo,1,2,finished,csv_cached,,8.0,10.0,2.0,3.0,14.0,14.0,3.0,3.0,0.0,0.0
seriea-2025-2026-02-15-cremonese-v-genoa,2026-02-15,2025,seriea,Cremonese,Genoa,0,0,finished,csv_cached,,19.0,19.0,8.0,6.0,10.0,12.0,2.0,0.0,0.0,0.0
seriea-2025-2026-02-16-cagliari-v-lecce,2026-02-16,2025,seriea,Cagliari,Lecce,0,2,finished,csv_cached,,11.0,13.0,0.0,4.0,16.0,14.0,0.0,0.0,0.0,0.0
seriea-2025-2026-02-18-milan-v-como,2026-02-18,2025,seriea,Milan,Como,1,1,finished,csv_cached,,6.0,10.0,4.0,4.0,11.0,12.0,2.0,3.0,0.0,0.0
seriea-2025-2026-02-20-sassuolo-v-verona,2026-02-20,2025,seriea,Sassuolo,Verona,3,0,finished,csv_cached,,8.0,12.0,4.0,1.0,12.0,14.0,2.0,3.0,0.0,1.0
seriea-2025-2026-02-21-juventus-v-como,2026-02-21,2025,seriea,Juventus,Como,0,2,finished,csv_cached,,11.0,11.0,3.0,2.0,10.0,15.0,1.0,0.0,0.0,0.0
seriea-2025-2026-02-21-lecce-v-inter,2026-02-21,2025,seriea,Lecce,Inter,0,2,finished,csv_cached,,3.0,24.0,0.0,9.0,10.0,8.0,1.0,2.0,0.0,0.0
seriea-2025-2026-02-21-cagliari-v-lazio,2026-02-21,2025,seriea,Cagliari,Lazio,0,0,finished,csv_cached,,11.0,10.0,2.0,3.0,12.0,15.0,3.0,2.0,1.0,0.0
seriea-2025-2026-02-22-genoa-v-torino,2026-02-22,2025,seriea,Genoa,Torino,3,0,finished,csv_cached,,16.0,7.0,5.0,3.0,9.0,14.0,0.0,1.0,0.0,1.0
seriea-2025-2026-02-22-milan-v-parma,2026-02-22,2025,seriea,Milan,Parma,0,1,finished,csv_cached,,25.0,9.0,6.0,3.0,13.0,10.0,2.0,1.0,0.0,0.0
seriea-2025-2026-02-22-roma-v-cremonese,2026-02-22,2025,seriea,Roma,Cremonese,3,0,finished,csv_cached,,23.0,2.0,5.0,0.0,12.0,11.0,1.0,1.0,0.0,0.0
seriea-2025-2026-02-22-atalanta-v-napoli,2026-02-22,2025,seriea,Atalanta,Napoli,2,1,finished,csv_cached,,10.0,10.0,7.0,4.0,10.0,9.0,1.0,1.0,0.0,0.0
seriea-2025-2026-02-23-fiorentina-v-pisa,2026-02-23,2025,seriea,Fiorentina,Pisa,1,0,finished,csv_cached,,15.0,7.0,5.0,1.0,8.0,19.0,3.0,3.0,0.0,0.0
seriea-2025-2026-02-23-bologna-v-udinese,2026-02-23,2025,seriea,Bologna,Udinese,1,0,finished,csv_cached,,11.0,10.0,6.0,3.0,10.0,13.0,1.0,1.0,0.0,0.0
seriea-2025-2026-02-27-parma-v-cagliari,2026-02-27,2025,seriea,Parma,Cagliari,1,1,finished,csv_cached,,18.0,11.0,4.0,5.0,14.0,8.0,2.0,4.0,0.0,0.0
seriea-2025-2026-02-28-como-v-lecce,2026-02-28,2025,seriea,Como,Lecce,3,1,finished,csv_cached,,12.0,5.0,7.0,2.0,15.0,12.0,0.0,1.0,0.0,0.0
seriea-2025-2026-02-28-verona-v-napoli,2026-02-28,2025,seriea,Verona,Napoli,1,2,finished,csv_cached,,8.0,9.0,2.0,5.0,11.0,11.0,3.0,4.0,0.0,0.0
seriea-2025-2026-02-28-inter-v-genoa,2026-02-28,2025,seriea,Inter,Genoa,2,0,finished,csv_cached,,14.0,6.0,6.0,2.0,13.0,8.0,2.0,1.0,0.0,0.0
seriea-2025-2026-03-01-roma-v-juventus,2026-03-01,2025,seriea,Roma,Juventus,3,3,finished,csv_cached,,11.0,13.0,5.0,5.0,7.0,12.0,1.0,0.0,0.0,0.0
seriea-2025-2026-03-01-torino-v-lazio,2026-03-01,2025,seriea,Torino,Lazio,2,0,finished,csv_cached,,13.0,12.0,5.0,3.0,13.0,5.0,4.0,1.0,0.0,0.0
seriea-2025-2026-03-01-sassuolo-v-atalanta,2026-03-01,2025,seriea,Sassuolo,Atalanta,2,1,finished,csv_cached,,7.0,26.0,5.0,7.0,3.0,13.0,2.0,2.0,1.0,0.0
seriea-2025-2026-03-01-cremonese-v-milan,2026-03-01,2025,seriea,Cremonese,Milan,0,2,finished,csv_cached,,15.0,20.0,3.0,6.0,14.0,10.0,2.0,0.0,0.0,0.0
seriea-2025-2026-03-02-udinese-v-fiorentina,2026-03-02,2025,seriea,Udinese,Fiorentina,3,0,finished,csv_cached,,10.0,10.0,7.0,0.0,16.0,12.0,1.0,4.0,0.0,0.0
seriea-2025-2026-03-02-pisa-v-bologna,2026-03-02,2025,seriea,Pisa,Bologna,0,1,finished,csv_cached,,6.0,8.0,3.0,1.0,15.0,11.0,0.0,2.0,0.0,0.0
seriea-2025-2026-03-06-napoli-v-torino,2026-03-06,2025,seriea,Napoli,Torino,2,1,finished,csv_cached,,14.0,7.0,9.0,4.0,9.0,11.0,0.0,3.0,0.0,0.0
seriea-2025-2026-03-07-atalanta-v-udinese,2026-03-07,2025,seriea,Atalanta,Udinese,2,2,finished,csv_cached,,22.0,8.0,4.0,2.0,7.0,10.0,1.0,2.0,0.0,0.0
seriea-2025-2026-03-07-cagliari-v-como,2026-03-07,2025,seriea,Cagliari,Como,1,2,finished,csv_cached,,8.0,8.0,3.0,2.0,17.0,18.0,3.0,1.0,0.0,0.0
seriea-2025-2026-03-07-juventus-v-pisa,2026-03-07,2025,seriea,Juventus,Pisa,4,0,finished,csv_cached,,25.0,7.0,7.0,2.0,7.0,7.0,1.0,3.0,0.0,0.0
seriea-2025-2026-03-08-bologna-v-verona,2026-03-08,2025,seriea,Bologna,Verona,1,2,finished,csv_cached,,19.0,15.0,2.0,5.0,5.0,20.0,1.0,2.0,0.0,0.0
seriea-2025-2026-03-08-fiorentina-v-parma,2026-03-08,2025,seriea,Fiorentina,Parma,0,0,finished,csv_cached,,12.0,8.0,1.0,0.0,12.0,14.0,2.0,0.0,0.0,0.0
seriea-2025-2026-03-08-lecce-v-cremonese,2026-03-08,2025,seriea,Lecce,Cremonese,2,1,finished,csv_cached,,9.0,10.0,3.0,5.0,19.0,27.0,1.0,4.0,0.0,1.0
seriea-2025-2026-03-08-milan-v-inter,2026-03-08,2025,seriea,Milan,Inter,1,0,finished,csv_cached,,9.0,11.0,2.0,2.0,8.0,12.0,2.0,2.0,0.0,0.0
seriea-2025-2026-03-08-genoa-v-roma,2026-03-08,2025,seriea,Genoa,Roma,2,1,finished,csv_cached,,11.0,8.0,5.0,1.0,11.0,17.0,1.0,3.0,0.0,0.0
seriea-2025-2026-03-09-lazio-v-sassuolo,2026-03-09,2025,seriea,Lazio,Sassuolo,2,1,finished,csv_cached,,13.0,7.0,5.0,4.0,7.0,8.0,0.0,4.0,0.0,0.0
seriea-2025-2026-03-13-torino-v-parma,2026-03-13,2025,seriea,Torino,Parma,4,1,finished,csv_cached,,15.0,6.0,6.0,3.0,17.0,13.0,1.0,3.0,0.0,0.0
seriea-2025-2026-03-14-inter-v-atalanta,2026-03-14,2025,seriea,Inter,Atalanta,1,1,finished,csv_cached,,16.0,8.0,3.0,3.0,11.0,5.0,2.0,2.0,0.0,0.0
seriea-2025-2026-03-14-napoli-v-lecce,2026-03-14,2025,seriea,Napoli,Lecce,2,1,finished,csv_cached,,12.0,12.0,4.0,2.0,11.0,7.0,0.0,1.0,0.0,0.0
seriea-2025-2026-03-14-udinese-v-juventus,2026-03-14,2025,seriea,Udinese,Juventus,0,1,finished,csv_cached,,10.0,22.0,2.0,8.0,12.0,14.0,3.0,1.0,0.0,0.0
seriea-2025-2026-03-15-lazio-v-milan,2026-03-15,2025,seriea,Lazio,Milan,1,0,finished,csv_cached,,7.0,17.0,2.0,3.0,7.0,19.0,4.0,1.0,0.0,0.0
seriea-2025-2026-03-15-sassuolo-v-bologna,2026-03-15,2025,seriea,Sassuolo,Bologna,0,1,finished,csv_cached,,9.0,16.0,3.0,3.0,16.0,11.0,1.0,2.0,0.0,0.0
seriea-2025-2026-03-15-como-v-roma,2026-03-15,2025,seriea,Como,Roma,2,1,finished,csv_cached,,22.0,3.0,7.0,1.0,16.0,18.0,2.0,3.0,0.0,1.0
seriea-2025-2026-03-15-verona-v-genoa,2026-03-15,2025,seriea,Verona,Genoa,0,2,finished,csv_cached,,8.0,11.0,1.0,3.0,22.0,9.0,2.0,1.0,0.0,0.0
seriea-2025-2026-03-15-pisa-v-cagliari,2026-03-15,2025,seriea,Pisa,Cagliari,3,1,finished,csv_cached,,10.0,14.0,6.0,4.0,14.0,16.0,1.0,4.0,1.0,1.0
seriea-2025-2026-03-16-cremonese-v-fiorentina,2026-03-16,2025,seriea,Cremonese,Fiorentina,1,4,finished,csv_cached,,13.0,13.0,3.0,6.0,17.0,16.0,1.0,0.0,0.0,0.0
seriea-2025-2026-03-20-cagliari-v-napoli,2026-03-20,2025,seriea,Cagliari,Napoli,0,1,finished,csv_cached,,7.0,17.0,0.0,5.0,12.0,16.0,2.0,2.0,0.0,0.0
seriea-2025-2026-03-20-genoa-v-udinese,2026-03-20,2025,seriea,Genoa,Udinese,0,2,finished,csv_cached,,18.0,6.0,2.0,4.0,5.0,13.0,1.0,5.0,0.0,0.0
seriea-2025-2026-03-21-milan-v-torino,2026-03-21,2025,seriea,Milan,Torino,3,2,finished,csv_cached,,15.0,19.0,6.0,7.0,9.0,10.0,3.0,1.0,0.0,0.0
seriea-2025-2026-03-21-juventus-v-sassuolo,2026-03-21,2025,seriea,Juventus,Sassuolo,1,1,finished,csv_cached,,18.0,7.0,8.0,1.0,7.0,7.0,1.0,2.0,0.0,0.0
seriea-2025-2026-03-21-parma-v-cremonese,2026-03-21,2025,seriea,Parma,Cremonese,0,2,finished,csv_cached,,8.0,7.0,1.0,4.0,20.0,15.0,3.0,3.0,0.0,0.0
seriea-2025-2026-03-22-fiorentina-v-inter,2026-03-22,2025,seriea,Fiorentina,Inter,1,1,finished,csv_cached,,16.0,12.0,6.0,4.0,16.0,12.0,3.0,3.0,0.0,0.0
seriea-2025-2026-03-22-roma-v-lecce,2026-03-22,2025,seriea,Roma,Lecce,1,0,finished,csv_cached,,14.0,8.0,2.0,3.0,14.0,17.0,2.0,2.0,0.0,0.0
seriea-2025-2026-03-22-bologna-v-lazio,2026-03-22,2025,seriea,Bologna,Lazio,0,2,finished,csv_cached,,15.0,9.0,4.0,5.0,13.0,8.0,1.0,1.0,0.0,0.0
seriea-2025-2026-03-22-atalanta-v-verona,2026-03-22,2025,seriea,Atalanta,Verona,1,0,finished,csv_cached,,11.0,12.0,3.0,3.0,12.0,16.0,1.0,3.0,0.0,0.0
seriea-2025-2026-03-22-como-v-pisa,2026-03-22,2025,seriea,Como,Pisa,5,0,finished,csv_cached,,14.0,7.0,7.0,0.0,5.0,6.0,0.0,2.0,0.0,0.0
seriea-2025-2026-04-04-lazio-v-parma,2026-04-04,2025,seriea,Lazio,Parma,1,1,finished,csv_cached,,7.0,7.0,3.0,4.0,12.0,8.0,1.0,2.0,0.0,0.0
seriea-2025-2026-04-04-sassuolo-v-cagliari,2026-04-04,2025,seriea,Sassuolo,Cagliari,2,1,finished,csv_cached,,9.0,11.0,2.0,3.0,14.0,11.0,1.0,0.0,0.0,0.0
seriea-2025-2026-04-04-verona-v-fiorentina,2026-04-04,2025,seriea,Verona,Fiorentina,0,1,finished,csv_cached,,21.0,5.0,8.0,1.0,15.0,7.0,3.0,1.0,1.0,1.0
seriea-2025-2026-04-05-inter-v-roma,2026-04-05,2025,seriea,Inter,Roma,5,2,finished,csv_cached,,17.0,9.0,9.0,3.0,11.0,10.0,0.0,1.0,0.0,0.0
seriea-2025-2026-04-05-cremonese-v-bologna,2026-04-05,2025,seriea,Cremonese,Bologna,1,2,finished,csv_cached,,9.0,14.0,3.0,7.0,15.0,15.0,2.0,3.0,1.0,1.0
seriea-2025-2026-04-05-pisa-v-torino,2026-04-05,2025,seriea,Pisa,Torino,0,1,finished,csv_cached,,7.0,13.0,1.0,2.0,12.0,12.0,1.0,0.0,0.0,0.0
seriea-2025-2026-04-06-juventus-v-genoa,2026-04-06,2025,seriea,Juventus,Genoa,2,0,finished,csv_cached,,16.0,12.0,5.0,3.0,10.0,8.0,4.0,1.0,0.0,0.0
seriea-2025-2026-04-06-lecce-v-atalanta,2026-04-06,2025,seriea,Lecce,Atalanta,0,3,finished,csv_cached,,11.0,16.0,0.0,6.0,10.0,18.0,0.0,2.0,0.0,0.0
seriea-2025-2026-04-06-napoli-v-milan,2026-04-06,2025,seriea,Napoli,Milan,1,0,finished,csv_cached,,10.0,7.0,3.0,1.0,7.0,6.0,2.0,0.0,0.0,0.0
seriea-2025-2026-04-06-udinese-v-como,2026-04-06,2025,seriea,Udinese,Como,0,0,finished,csv_cached,,14.0,12.0,4.0,4.0,10.0,12.0,2.0,3.0,0.0,0.0
seriea-2025-2026-04-10-roma-v-pisa,2026-04-10,2025,seriea,Roma,Pisa,3,0,finished,csv_cached,,8.0,9.0,3.0,5.0,11.0,12.0,1.0,1.0,0.0,0.0
seriea-2025-2026-04-11-atalanta-v-juventus,2026-04-11,2025,seriea,Atalanta,Juventus,0,1,finished,csv_cached,,22.0,7.0,3.0,2.0,7.0,11.0,1.0,3.0,0.0,0.0
seriea-2025-2026-04-11-milan-v-udinese,2026-04-11,2025,seriea,Milan,Udinese,0,3,finished,csv_cached,,20.0,12.0,3.0,6.0,9.0,14.0,1.0,1.0,0.0,0.0
seriea-2025-2026-04-11-torino-v-verona,2026-04-11,2025,seriea,Torino,Verona,2,1,finished,csv_cached,,11.0,18.0,2.0,4.0,13.0,17.0,1.0,4.0,0.0,0.0
seriea-2025-2026-04-11-cagliari-v-cremonese,2026-04-11,2025,seriea,Cagliari,Cremonese,1,0,finished,csv_cached,,17.0,5.0,5.0,2.0,9.0,17.0,1.0,1.0,0.0,0.0
seriea-2025-2026-04-12-como-v-inter,2026-04-12,2025,seriea,Como,Inter,3,4,finished,csv_cached,,24.0,7.0,8.0,5.0,12.0,17.0,3.0,7.0,0.0,0.0
seriea-2025-2026-04-12-bologna-v-lecce,2026-04-12,2025,seriea,Bologna,Lecce,2,0,finished,csv_cached,,12.0,6.0,4.0,1.0,15.0,19.0,0.0,2.0,0.0,0.0
seriea-2025-2026-04-12-genoa-v-sassuolo,2026-04-12,2025,seriea,Genoa,Sassuolo,2,1,finished,csv_cached,,14.0,15.0,7.0,6.0,9.0,14.0,2.0,3.0,1.0,1.0
seriea-2025-2026-04-12-parma-v-napoli,2026-04-12,2025,seriea,Parma,Napoli,1,1,finished,csv_cached,,3.0,20.0,2.0,6.0,4.0,8.0,1.0,0.0,0.0,0.0
seriea-2025-2026-04-13-fiorentina-v-lazio,2026-04-13,2025,seriea,Fiorentina,Lazio,1,0,finished,csv_cached,,8.0,13.0,2.0,6.0,10.0,10.0,3.0,2.0,0.0,0.0
seriea-2025-2026-04-17-sassuolo-v-como,2026-04-17,2025,seriea,Sassuolo,Como,2,1,finished,csv_cached,,11.0,12.0,4.0,3.0,14.0,11.0,3.0,3.0,0.0,0.0
seriea-2025-2026-04-17-inter-v-cagliari,2026-04-17,2025,seriea,Inter,Cagliari,3,0,finished,csv_cached,,18.0,10.0,5.0,1.0,17.0,6.0,0.0,2.0,0.0,0.0
seriea-2025-2026-04-18-udinese-v-parma,2026-04-18,2025,seriea,Udinese,Parma,0,1,finished,csv_cached,,16.0,10.0,3.0,1.0,11.0,8.0,2.0,0.0,0.0,0.0
seriea-2025-2026-04-18-napoli-v-lazio,2026-04-18,2025,seriea,Napoli,Lazio,0,2,finished,csv_cached,,12.0,14.0,0.0,7.0,11.0,9.0,1.0,3.0,0.0,0.0
seriea-2025-2026-04-18-roma-v-atalanta,2026-04-18,2025,seriea,Roma,Atalanta,1,1,finished,csv_cached,,19.0,8.0,9.0,2.0,4.0,14.0,1.0,2.0,0.0,0.0
seriea-2025-2026-04-19-juventus-v-bologna,2026-04-19,2025,seriea,Juventus,Bologna,2,0,finished,csv_cached,,14.0,7.0,4.0,0.0,10.0,5.0,1.0,0.0,0.0,0.0
seriea-2025-2026-04-19-pisa-v-genoa,2026-04-19,2025,seriea,Pisa,Genoa,1,2,finished,csv_cached,,12.0,13.0,4.0,5.0,21.0,16.0,3.0,1.0,0.0,0.0
seriea-2025-2026-04-19-cremonese-v-torino,2026-04-19,2025,seriea,Cremonese,Torino,0,0,finished,csv_cached,,14.0,4.0,4.0,1.0,11.0,12.0,0.0,3.0,0.0,0.0
seriea-2025-2026-04-19-verona-v-milan,2026-04-19,2025,seriea,Verona,Milan,0,1,finished,csv_cached,,13.0,6.0,2.0,3.0,13.0,6.0,2.0,0.0,0.0,0.0
seriea-2025-2026-04-20-lecce-v-fiorentina,2026-04-20,2025,seriea,Lecce,Fiorentina,1,1,finished,csv_cached,,14.0,5.0,4.0,3.0,8.0,13.0,2.0,4.0,0.0,0.0
seriea-2025-2026-04-24-napoli-v-cremonese,2026-04-24,2025,seriea,Napoli,Cremonese,4,0,finished,csv_cached,,25.0,7.0,9.0,4.0,7.0,11.0,0.0,0.0,0.0,0.0
seriea-2025-2026-04-25-verona-v-lecce,2026-04-25,2025,seriea,Verona,Lecce,0,0,finished,csv_cached,,6.0,12.0,3.0,2.0,15.0,19.0,2.0,5.0,0.0,0.0
seriea-2025-2026-04-25-parma-v-pisa,2026-04-25,2025,seriea,Parma,Pisa,1,0,finished,csv_cached,,15.0,12.0,5.0,3.0,10.0,19.0,1.0,2.0,0.0,0.0
seriea-2025-2026-04-25-bologna-v-roma,2026-04-25,2025,seriea,Bologna,Roma,0,2,finished,csv_cached,,10.0,7.0,2.0,2.0,10.0,16.0,0.0,3.0,0.0,0.0
seriea-2025-2026-04-26-torino-v-inter,2026-04-26,2025,seriea,Torino,Inter,2,2,finished,csv_cached,,14.0,14.0,2.0,5.0,10.0,8.0,1.0,2.0,0.0,0.0
seriea-2025-2026-04-26-milan-v-juventus,2026-04-26,2025,seriea,Milan,Juventus,0,0,finished,csv_cached,,8.0,10.0,1.0,5.0,12.0,8.0,2.0,3.0,0.0,0.0
seriea-2025-2026-04-26-fiorentina-v-sassuolo,2026-04-26,2025,seriea,Fiorentina,Sassuolo,0,0,finished,csv_cached,,22.0,11.0,5.0,1.0,13.0,12.0,2.0,1.0,0.0,0.0
seriea-2025-2026-04-26-genoa-v-como,2026-04-26,2025,seriea,Genoa,Como,0,2,finished,csv_cached,,9.0,8.0,1.0,2.0,12.0,15.0,1.0,3.0,0.0,0.0
seriea-2025-2026-04-27-lazio-v-udinese,2026-04-27,2025,seriea,Lazio,Udinese,3,3,finished,csv_cached,,13.0,16.0,5.0,7.0,17.0,14.0,3.0,1.0,0.0,0.0
seriea-2025-2026-04-27-cagliari-v-atalanta,2026-04-27,2025,seriea,Cagliari,Atalanta,3,2,finished,csv_cached,,9.0,12.0,4.0,6.0,8.0,11.0,0.0,0.0,0.0,0.0
seriea-2025-2026-05-01-pisa-v-lecce,2026-05-01,2025,seriea,Pisa,Lecce,1,2,finished,csv_cached,,17.0,7.0,7.0,4.0,15.0,13.0,4.0,2.0,0.0,0.0
seriea-2025-2026-05-02-udinese-v-torino,2026-05-02,2025,seriea,Udinese,Torino,2,0,finished,csv_cached,,19.0,9.0,8.0,1.0,11.0,18.0,1.0,1.0,0.0,0.0
seriea-2025-2026-05-02-como-v-napoli,2026-05-02,2025,seriea,Como,Napoli,0,0,finished,csv_cached,,16.0,8.0,5.0,1.0,11.0,10.0,1.0,1.0,0.0,0.0
seriea-2025-2026-05-02-atalanta-v-genoa,2026-05-02,2025,seriea,Atalanta,Genoa,0,0,finished,csv_cached,,21.0,7.0,7.0,2.0,14.0,10.0,2.0,1.0,0.0,0.0
seriea-2025-2026-05-03-sassuolo-v-milan,2026-05-03,2025,seriea,Sassuolo,Milan,2,0,finished,csv_cached,,13.0,7.0,4.0,1.0,16.0,16.0,4.0,4.0,0.0,1.0
seriea-2025-2026-05-03-inter-v-parma,2026-05-03,2025,seriea,Inter,Parma,2,0,finished,csv_cached,,12.0,4.0,5.0,0.0,9.0,7.0,1.0,0.0,0.0,0.0
seriea-2025-2026-05-03-juventus-v-verona,2026-05-03,2025,seriea,Juventus,Verona,1,1,finished,csv_cached,,29.0,7.0,7.0,3.0,9.0,19.0,1.0,4.0,0.0,0.0
seriea-2025-2026-05-03-bologna-v-cagliari,2026-05-03,2025,seriea,Bologna,Cagliari,0,0,finished,csv_cached,,13.0,8.0,4.0,2.0,13.0,12.0,2.0,1.0,0.0,0.0
seriea-2025-2026-05-04-roma-v-fiorentina,2026-05-04,2025,seriea,Roma,Fiorentina,4,0,finished,csv_cached,,14.0,4.0,7.0,1.0,12.0,10.0,2.0,2.0,0.0,0.0
seriea-2025-2026-05-04-cremonese-v-lazio,2026-05-04,2025,seriea,Cremonese,Lazio,1,2,finished,csv_cached,,13.0,8.0,5.0,3.0,16.0,13.0,1.0,2.0,0.0,0.0
seriea-2025-2026-05-08-torino-v-sassuolo,2026-05-08,2025,seriea,Torino,Sassuolo,2,1,finished,csv_cached,,18.0,13.0,4.0,7.0,13.0,9.0,4.0,2.0,0.0,0.0
seriea-2025-2026-05-09-cagliari-v-udinese,2026-05-09,2025,seriea,Cagliari,Udinese,0,2,finished,csv_cached,,22.0,9.0,5.0,6.0,10.0,13.0,1.0,1.0,0.0,0.0
seriea-2025-2026-05-09-lazio-v-inter,2026-05-09,2025,seriea,Lazio,Inter,0,3,finished,csv_cached,,9.0,14.0,5.0,5.0,10.0,8.0,2.0,1.0,1.0,0.0
seriea-2025-2026-05-09-lecce-v-juventus,2026-05-09,2025,seriea,Lecce,Juventus,0,1,finished,csv_cached,,8.0,15.0,3.0,6.0,7.0,18.0,1.0,1.0,0.0,0.0
seriea-2025-2026-05-10-parma-v-roma,2026-05-10,2025,seriea,Parma,Roma,2,3,finished,csv_cached,,11.0,15.0,3.0,7.0,14.0,8.0,4.0,0.0,1.0,0.0
seriea-2025-2026-05-10-verona-v-como,2026-05-10,2025,seriea,Verona,Como,0,1,finished,csv_cached,,11.0,11.0,3.0,4.0,17.0,14.0,1.0,1.0,0.0,0.0
seriea-2025-2026-05-10-cremonese-v-pisa,2026-05-10,2025,seriea,Cremonese,Pisa,3,0,finished,csv_cached,,10.0,0.0,6.0,0.0,10.0,12.0,0.0,4.0,0.0,2.0
seriea-2025-2026-05-10-fiorentina-v-genoa,2026-05-10,2025,seriea,Fiorentina,Genoa,0,0,finished,csv_cached,,13.0,9.0,1.0,3.0,13.0,14.0,0.0,0.0,0.0,0.0
seriea-2025-2026-05-10-milan-v-atalanta,2026-05-10,2025,seriea,Milan,Atalanta,2,3,finished,csv_cached,,20.0,9.0,9.0,5.0,8.0,17.0,3.0,3.0,0.0,0.0
seriea-2025-2026-05-11-napoli-v-bologna,2026-05-11,2025,seriea,Napoli,Bologna,2,3,finished,csv_cached,,14.0,10.0,5.0,4.0,10.0,12.0,1.0,4.0,0.0,0.0
seriea-2025-2026-05-17-udinese-v-cremonese,2026-05-17,2025,seriea,Udinese,Cremonese,0,1,finished,csv_cached,,10.0,7.0,2.0,4.0,10.0,9.0,1.0,3.0,0.0,0.0
seriea-2025-2026-05-17-sassuolo-v-lecce,2026-05-17,2025,seriea,Sassuolo,Lecce,2,3,finished,csv_cached,,15.0,11.0,6.0,6.0,7.0,13.0,1.0,4.0,0.0,0.0
seriea-2025-2026-05-17-atalanta-v-bologna,2026-05-17,2025,seriea,Atalanta,Bologna,0,1,finished,csv_cached,,10.0,10.0,1.0,5.0,17.0,6.0,1.0,1.0,0.0,0.0
seriea-2025-2026-05-17-inter-v-verona,2026-05-17,2025,seriea,Inter,Verona,1,1,finished,csv_cached,,17.0,14.0,6.0,5.0,9.0,12.0,0.0,2.0,0.0,0.0
seriea-2025-2026-05-17-cagliari-v-torino,2026-05-17,2025,seriea,Cagliari,Torino,2,1,finished,csv_cached,,13.0,10.0,4.0,3.0,8.0,13.0,1.0,1.0,0.0,0.0
seriea-2025-2026-05-17-pisa-v-napoli,2026-05-17,2025,seriea,Pisa,Napoli,0,3,finished,csv_cached,,4.0,10.0,2.0,5.0,13.0,8.0,2.0,2.0,0.0,0.0
seriea-2025-2026-05-17-juventus-v-fiorentina,2026-05-17,2025,seriea,Juventus,Fiorentina,0,2,finished,csv_cached,,26.0,10.0,9.0,4.0,15.0,12.0,1.0,3.0,0.0,1.0
seriea-2025-2026-05-17-genoa-v-milan,2026-05-17,2025,seriea,Genoa,Milan,1,2,finished,csv_cached,,11.0,8.0,2.0,6.0,8.0,19.0,2.0,3.0,0.0,0.0
seriea-2025-2026-05-17-como-v-parma,2026-05-17,2025,seriea,Como,Parma,1,0,finished,csv_cached,,23.0,2.0,7.0,2.0,10.0,14.0,2.0,0.0,0.0,0.0
seriea-2025-2026-05-17-roma-v-lazio,2026-05-17,2025,seriea,Roma,Lazio,2,0,finished,csv_cached,,16.0,6.0,7.0,2.0,15.0,17.0,2.0,3.0,1.0,1.0
seriea-2025-2026-05-22-fiorentina-v-atalanta,2026-05-22,2025,seriea,Fiorentina,Atalanta,1,1,finished,csv_cached,,11.0,21.0,4.0,6.0,11.0,14.0,0.0,2.0,0.0,0.0
seriea-2025-2026-05-23-bologna-v-inter,2026-05-23,2025,seriea,Bologna,Inter,3,3,finished,csv_cached,,11.0,11.0,3.0,5.0,15.0,14.0,0.0,2.0,0.0,0.0
seriea-2025-2026-05-23-lazio-v-pisa,2026-05-23,2025,seriea,Lazio,Pisa,2,1,finished,csv_cached,,15.0,8.0,9.0,2.0,9.0,8.0,2.0,1.0,0.0,0.0
seriea-2025-2026-05-24-lecce-v-genoa,2026-05-24,2025,seriea,Lecce,Genoa,1,0,finished,csv_cached,,9.0,8.0,4.0,1.0,11.0,6.0,2.0,0.0,0.0,0.0
seriea-2025-2026-05-24-napoli-v-udinese,2026-05-24,2025,seriea,Napoli,Udinese,1,0,finished,csv_cached,,14.0,10.0,6.0,3.0,3.0,13.0,0.0,3.0,0.0,1.0
seriea-2025-2026-05-24-cremonese-v-como,2026-05-24,2025,seriea,Cremonese,Como,1,4,finished,csv_cached,,6.0,15.0,1.0,6.0,14.0,12.0,4.0,2.0,3.0,0.0
seriea-2025-2026-05-24-parma-v-sassuolo,2026-05-24,2025,seriea,Parma,Sassuolo,1,0,finished,csv_cached,,16.0,6.0,3.0,1.0,10.0,14.0,2.0,2.0,0.0,0.0
seriea-2025-2026-05-24-torino-v-juventus,2026-05-24,2025,seriea,Torino,Juventus,2,2,finished,csv_cached,,12.0,17.0,5.0,4.0,10.0,10.0,1.0,2.0,0.0,0.0
seriea-2025-2026-05-24-milan-v-cagliari,2026-05-24,2025,seriea,Milan,Cagliari,1,2,finished,csv_cached,,16.0,25.0,3.0,10.0,8.0,9.0,2.0,2.0,0.0,0.0
seriea-2025-2026-05-24-verona-v-roma,2026-05-24,2025,seriea,Verona,Roma,0,2,finished,csv_cached,,8.0,19.0,3.0,7.0,12.0,10.0,3.0,1.0,1.0,0.0
seriea-2026-2026-08-22-inter-v-monza,2026-08-22,2026,seriea,Inter,Monza,4,1,finished,csv_cached,,13.0,7.0,5.0,3.0,5.0,14.0,2.0,2.0,0.0,0.0
seriea-2026-2026-08-22-udinese-v-como,2026-08-22,2026,seriea,Udinese,Como,1,1,finished,csv_cached,,17.0,20.0,3.0,6.0,13.0,11.0,3.0,0.0,0.0,0.0
seriea-2026-2026-08-22-genoa-v-napoli,2026-08-22,2026,seriea,Genoa,Napoli,0,2,finished,csv_cached,,11.0,13.0,2.0,4.0,10.0,8.0,2.0,1.0,0.0,0.0
seriea-2026-2026-08-22-parma-v-cagliari,2026-08-22,2026,seriea,Parma,Cagliari,0,1,finished,csv_cached,,13.0,14.0,2.0,5.0,6.0,20.0,0.0,2.0,0.0,0.0
seriea-2026-2026-08-23-frosinone-v-juventus,2026-08-23,2026,seriea,Frosinone,Juventus,0,1,finished,csv_cached,,11.0,20.0,2.0,5.0,15.0,18.0,2.0,2.0,0.0,0.0
seriea-2026-2026-08-23-atalanta-v-sassuolo,2026-08-23,2026,seriea,Atalanta,Sassuolo,2,1,finished,csv_cached,,14.0,22.0,7.0,8.0,9.0,10.0,0.0,0.0,0.0,0.0
seriea-2026-2026-08-23-torino-v-milan,2026-08-23,2026,seriea,Torino,Milan,1,2,finished,csv_cached,,8.0,19.0,1.0,4.0,10.0,9.0,0.0,1.0,0.0,0.0
seriea-2026-2026-08-23-venezia-v-lecce,2026-08-23,2026,seriea,Venezia,Lecce,0,2,finished,csv_cached,,19.0,12.0,7.0,5.0,8.0,12.0,1.0,3.0,0.0,0.0
seriea-2026-2026-08-24-bologna-v-lazio,2026-08-24,2026,seriea,Bologna,Lazio,0,1,finished,csv_cached,,14.0,10.0,5.0,3.0,18.0,19.0,4.0,4.0,0.0,0.0
seriea-2026-2026-08-24-roma-v-fiorentina,2026-08-24,2026,seriea,Roma,Fiorentina,4,0,finished,csv_cached,,17.0,9.0,8.0,4.0,15.0,11.0,2.0,2.0,0.0,0.0
seriea-2026-2026-08-28-milan-v-venezia,2026-08-28,2026,seriea,Milan,Venezia,2,0,finished,csv_cached,,16.0,9.0,5.0,2.0,8.0,11.0,1.0,3.0,0.0,0.0
seriea-2026-2026-08-29-fiorentina-v-frosinone,2026-08-29,2026,seriea,Fiorentina,Frosinone,0,3,finished,csv_cached,,25.0,12.0,4.0,6.0,14.0,21.0,3.0,3.0,0.0,0.0
seriea-2026-2026-08-29-monza-v-udinese,2026-08-29,2026,seriea,Monza,Udinese,2,3,finished,csv_cached,,15.0,12.0,5.0,5.0,10.0,12.0,1.0,0.0,0.0,0.0
seriea-2026-2026-08-29-sassuolo-v-torino,2026-08-29,2026,seriea,Sassuolo,Torino,2,1,finished,csv_cached,,19.0,10.0,7.0,4.0,12.0,9.0,3.0,1.0,0.0,0.0
seriea-2026-2026-08-29-juventus-v-parma,2026-08-29,2026,seriea,Juventus,Parma,2,0,finished,csv_cached,,21.0,4.0,6.0,3.0,23.0,12.0,2.0,3.0,0.0,0.0
seriea-2026-2026-08-30-cagliari-v-inter,2026-08-30,2026,seriea,Cagliari,Inter,0,1,finished,csv_cached,,10.0,31.0,0.0,7.0,6.0,5.0,2.0,1.0,0.0,0.0
seriea-2026-2026-08-30-napoli-v-como,2026-08-30,2026,seriea,Napoli,Como,1,2,finished,csv_cached,,13.0,21.0,2.0,6.0,9.0,5.0,1.0,0.0,0.0,0.0
seriea-2026-2026-08-30-lazio-v-genoa,2026-08-30,2026,seriea,Lazio,Genoa,1,0,finished,csv_cached,,15.0,8.0,2.0,1.0,18.0,6.0,1.0,2.0,0.0,0.0
seriea-2026-2026-08-31-atalanta-v-bologna,2026-08-31,2026,seriea,Atalanta,Bologna,1,0,finished,csv_cached,,6.0,16.0,2.0,3.0,10.0,13.0,1.0,0.0,0.0,0.0
seriea-2026-2026-08-31-lecce-v-roma,2026-08-31,2026,seriea,Lecce,Roma,0,4,finished,csv_cached,,7.0,15.0,3.0,8.0,9.0,8.0,1.0,1.0,0.0,0.0
seriea-2026-2026-09-04-genoa-v-como,2026-09-04,2026,seriea,Genoa,Como,1,4,finished,csv_cached,,11.0,20.0,2.0,9.0,8.0,7.0,2.0,1.0,0.0,0.0
seriea-2026-2026-09-05-roma-v-atalanta,2026-09-05,2026,seriea,Roma,Atalanta,2,1,finished,csv_cached,,39.0,6.0,10.0,2.0,9.0,10.0,1.0,1.0,0.0,1.0
seriea-2026-2026-09-05-fiorentina-v-torino,2026-09-05,2026,seriea,Fiorentina,Torino,1,2,finished,csv_cached,,14.0,7.0,6.0,4.0,13.0,9.0,0.0,0.0,0.0,0.0
seriea-2026-2026-09-05-inter-v-napoli,2026-09-05,2026,seriea,Inter,Napoli,3,2,finished,csv_cached,,29.0,16.0,8.0,7.0,7.0,7.0,1.0,2.0,0.0,0.0
seriea-2026-2026-09-06-frosinone-v-venezia,2026-09-06,2026,seriea,Frosinone,Venezia,3,2,finished,csv_cached,,13.0,15.0,8.0,4.0,18.0,14.0,2.0,4.0,0.0,0.0
seriea-2026-2026-09-06-parma-v-monza,2026-09-06,2026,seriea,Parma,Monza,1,1,finished,csv_cached,,7.0,16.0,3.0,5.0,16.0,16.0,2.0,2.0,0.0,0.0
seriea-2026-2026-09-06-bologna-v-sassuolo,2026-09-06,2026,seriea,Bologna,Sassuolo,2,2,finished,csv_cached,,21.0,15.0,5.0,6.0,14.0,8.0,3.0,1.0,0.0,0.0
seriea-2026-2026-09-06-juventus-v-milan,2026-09-06,2026,seriea,Juventus,Milan,1,1,finished,csv_cached,,14.0,3.0,5.0,1.0,10.0,11.0,1.0,3.0,0.0,0.0
seriea-2026-2026-09-07-udinese-v-lazio,2026-09-07,2026,seriea,Udinese,Lazio,1,2,finished,csv_cached,,10.0,19.0,6.0,6.0,13.0,9.0,5.0,1.0,0.0,0.0
seriea-2026-2026-09-07-cagliari-v-lecce,2026-09-07,2026,seriea,Cagliari,Lecce,1,0,finished,csv_cached,,20.0,10.0,9.0,3.0,9.0,13.0,1.0,3.0,0.0,0.0
seriea-2026-2026-09-11-venezia-v-fiorentina,2026-09-11,2026,seriea,Venezia,Fiorentina,2,4,finished,csv_cached,,10.0,19.0,3.0,10.0,11.0,6.0,2.0,1.0,0.0,0.0
seriea-2026-2026-09-12-genoa-v-frosinone,2026-09-12,2026,seriea,Genoa,Frosinone,1,1,finished,csv_cached,,17.0,26.0,5.0,6.0,12.0,12.0,3.0,2.0,1.0,0.0
seriea-2026-2026-09-12-lazio-v-milan,2026-09-12,2026,seriea,Lazio,Milan,2,2,finished,csv_cached,,8.0,16.0,6.0,7.0,15.0,14.0,2.0,3.0,0.0,0.0
seriea-2026-2026-09-12-atalanta-v-cagliari,2026-09-12,2026,seriea,Atalanta,Cagliari,1,2,finished,csv_cached,,22.0,5.0,4.0,5.0,9.0,8.0,0.0,0.0,0.0,0.0
seriea-2026-2026-09-13-napoli-v-bologna,2026-09-13,2026,seriea,Napoli,Bologna,1,0,finished,csv_cached,,14.0,5.0,3.0,2.0,15.0,10.0,0.0,1.0,0.0,0.0
seriea-2026-2026-09-13-lecce-v-monza,2026-09-13,2026,seriea,Lecce,Monza,3,2,finished,csv_cached,,7.0,19.0,3.0,11.0,14.0,13.0,2.0,0.0,0.0,0.0
seriea-2026-2026-09-13-sassuolo-v-juventus,2026-09-13,2026,seriea,Sassuolo,Juventus,3,2,finished,csv_cached,,10.0,19.0,6.0,8.0,8.0,13.0,2.0,2.0,0.0,0.0
seriea-2026-2026-09-14-inter-v-udinese,2026-09-14,2026,seriea,Inter,Udinese,5,3,finished,csv_cached,,27.0,6.0,12.0,5.0,9.0,9.0,1.0,1.0,0.0,0.0
seriea-2026-2026-09-14-como-v-parma,2026-09-14,2026,seriea,Como,Parma,2,1,finished,csv_cached,,29.0,12.0,7.0,4.0,8.0,4.0,1.0,0.0,0.0,0.0
seriea-2026-2026-09-14-torino-v-roma,2026-09-14,2026,seriea,Torino,Roma,0,2,finished,csv_cached,,8.0,14.0,3.0,5.0,7.0,20.0,0.0,2.0,0.0,0.0
seriea-2026-2026-09-18-monza-v-sassuolo,2026-09-18,2026,seriea,Monza,Sassuolo,2,1,finished,csv_cached,,15.0,20.0,6.0,8.0,13.0,6.0,4.0,1.0,0.0,0.0
seriea-2026-2026-09-19-roma-v-inter,2026-09-19,2026,seriea,Roma,Inter,2,2,finished,csv_cached,,18.0,16.0,4.0,5.0,13.0,7.0,3.0,3.0,0.0,0.0
seriea-2026-2026-09-19-venezia-v-lazio,2026-09-19,2026,seriea,Venezia,Lazio,0,2,finished,csv_cached,,17.0,12.0,6.0,2.0,14.0,8.0,6.0,0.0,0.0,0.0
seriea-2026-2026-09-19-bologna-v-torino,2026-09-19,2026,seriea,Bologna,Torino,1,1,finished,csv_cached,,11.0,14.0,1.0,3.0,18.0,12.0,0.0,3.0,0.0,0.0
seriea-2026-2026-09-19-udinese-v-cagliari,2026-09-19,2026,seriea,Udinese,Cagliari,0,1,finished,csv_cached,,26.0,5.0,5.0,2.0,10.0,8.0,2.0,0.0,0.0,0.0
seriea-2026-2026-09-20-parma-v-genoa,2026-09-20,2026,seriea,Parma,Genoa,2,1,finished,csv_cached,,5.0,12.0,2.0,5.0,17.0,14.0,3.0,3.0,0.0,0.0
seriea-2026-2026-09-20-juventus-v-atalanta,2026-09-20,2026,seriea,Juventus,Atalanta,2,0,finished,csv_cached,,14.0,11.0,5.0,2.0,10.0,10.0,1.0,2.0,0.0,0.0
seriea-2026-2026-09-20-fiorentina-v-napoli,2026-09-20,2026,seriea,Fiorentina,Napoli,1,1,finished,csv_cached,,17.0,13.0,4.0,5.0,11.0,9.0,3.0,0.0,0.0,0.0
seriea-2026-2026-09-20-frosinone-v-como,2026-09-20,2026,seriea,Frosinone,Como,2,0,finished,csv_cached,,22.0,27.0,6.0,8.0,21.0,8.0,3.0,2.0,0.0,0.0
seriea-2026-2026-09-20-milan-v-lecce,2026-09-20,2026,seriea,Milan,Lecce,3,0,finished,csv_cached,,10.0,6.0,4.0,3.0,9.0,15.0,0.0,1.0,0.0,0.0
seriea-2026-2026-10-10-genoa-v-fiorentina,2026-10-10,2026,seriea,Genoa,Fiorentina,,,scheduled,espn,,,,,,,,,,,
seriea-2026-2026-10-10-inter-v-parma,2026-10-10,2026,seriea,Inter,Parma,,,scheduled,espn,,,,,,,,,,,
seriea-2026-2026-10-10-napoli-v-frosinone,2026-10-10,2026,seriea,Napoli,Frosinone,,,scheduled,espn,,,,,,,,,,,
seriea-2026-2026-10-11-sassuolo-v-milan,2026-10-11,2026,seriea,Sassuolo,Milan,,,scheduled,espn,,,,,,,,,,,
seriea-2026-2026-10-11-lecce-v-bologna,2026-10-11,2026,seriea,Lecce,Bologna,,,scheduled,espn,,,,,,,,,,,
seriea-2026-2026-10-11-cagliari-v-juventus,2026-10-11,2026,seriea,Cagliari,Juventus,,,scheduled,espn,,,,,,,,,,,
seriea-2026-2026-10-11-como-v-roma,2026-10-11,2026,seriea,Como,Roma,,,scheduled,espn,,,,,,,,,,,
seriea-2026-2026-10-11-lazio-v-monza,2026-10-11,2026,seriea,Lazio,Monza,,,scheduled,espn,,,,,,,,,,,
seriea-2026-2026-10-12-torino-v-udinese,2026-10-12,2026,seriea,Torino,Udinese,,,scheduled,espn,,,,,,,,,,,
seriea-2026-2026-10-12-atalanta-v-venezia,2026-10-12,2026,seriea,Atalanta,Venezia,,,scheduled,espn,,,,,,,,,,,
seriea-2026-2026-10-16-frosinone-v-sassuolo,2026-10-16,2026,seriea,Frosinone,Sassuolo,,,scheduled,espn,,,,,,,,,,,
seriea-2026-2026-10-17-venezia-v-napoli,2026-10-17,2026,seriea,Venezia,Napoli,,,scheduled,espn,,,,,,,,,,,
seriea-2026-2026-10-17-bologna-v-inter,2026-10-17,2026,seriea,Bologna,Inter,,,scheduled,espn,,,,,,,,,,,
seriea-2026-2026-10-17-roma-v-genoa,2026-10-17,2026,seriea,Roma,Genoa,,,scheduled,espn,,,,,,,,,,,
seriea-2026-2026-10-18-udinese-v-lecce,2026-10-18,2026,seriea,Udinese,Lecce,,,scheduled,espn,,,,,,,,,,,
seriea-2026-2026-10-18-fiorentina-v-como,2026-10-18,2026,seriea,Fiorentina,Como,,,scheduled,espn,,,,,,,,,,,
seriea-2026-2026-10-18-milan-v-atalanta,2026-10-18,2026,seriea,Milan,Atalanta,,,scheduled,espn,,,,,,,,,,,
seriea-2026-2026-10-18-juventus-v-lazio,2026-10-18,2026,seriea,Juventus,Lazio,,,scheduled,espn,,,,,,,,,,,
seriea-2026-2026-10-19-parma-v-torino,2026-10-19,2026,seriea,Parma,Torino,,,scheduled,espn,,,,,,,,,,,
seriea-2026-2026-10-19-monza-v-cagliari,2026-10-19,2026,seriea,Monza,Cagliari,,,scheduled,espn,,,,,,,,,,,
seriea-2026-2026-10-23-torino-v-monza,2026-10-23,2026,seriea,Torino,Monza,,,scheduled,espn,,,,,,,,,,,
seriea-2026-2026-10-24-cagliari-v-bologna,2026-10-24,2026,seriea,Cagliari,Bologna,,,scheduled,espn,,,,,,,,,,,
seriea-2026-2026-10-24-como-v-sassuolo,2026-10-24,2026,seriea,Como,Sassuolo,,,scheduled,espn,,,,,,,,,,,
seriea-2026-2026-10-24-napoli-v-roma,2026-10-24,2026,seriea,Napoli,Roma,,,scheduled,espn,,,,,,,,,,,
seriea-2026-2026-10-24-lazio-v-parma,2026-10-24,2026,seriea,Lazio,Parma,,,scheduled,espn,,,,,,,,,,,
seriea-2026-2026-10-25-lecce-v-juventus,2026-10-25,2026,seriea,Lecce,Juventus,,,scheduled,espn,,,,,,,,,,,
seriea-2026-2026-10-25-genoa-v-venezia,2026-10-25,2026,seriea,Genoa,Venezia,,,scheduled,espn,,,,,,,,,,,
seriea-2026-2026-10-25-udinese-v-milan,2026-10-25,2026,seriea,Udinese,Milan,,,scheduled,espn,,,,,,,,,,,
seriea-2026-2026-10-25-inter-v-fiorentina,2026-10-25,2026,seriea,Inter,Fiorentina,,,scheduled,espn,,,,,,,,,,,
seriea-2026-2026-10-25-atalanta-v-frosinone,2026-10-25,2026,seriea,Atalanta,Frosinone,,,scheduled,espn,,,,,,,,,,,
seriea-2026-2026-10-27-sassuolo-v-lazio,2026-10-27,2026,seriea,Sassuolo,Lazio,,,scheduled,espn,,,,,,,,,,,
seriea-2026-2026-10-27-roma-v-cagliari,2026-10-27,2026,seriea,Roma,Cagliari,,,scheduled,espn,,,,,,,,,,,
seriea-2026-2026-10-27-torino-v-como,2026-10-27,2026,seriea,Torino,Como,,,scheduled,espn,,,,,,,,,,,
seriea-2026-2026-10-28-milan-v-bologna,2026-10-28,2026,seriea,Milan,Bologna,,,scheduled,espn,,,,,,,,,,,
seriea-2026-2026-10-28-parma-v-udinese,2026-10-28,2026,seriea,Parma,Udinese,,,scheduled,espn,,,,,,,,,,,
seriea-2026-2026-10-28-venezia-v-inter,2026-10-28,2026,seriea,Venezia,Inter,,,scheduled,espn,,,,,,,,,,,
seriea-2026-2026-10-28-genoa-v-juventus,2026-10-28,2026,seriea,Genoa,Juventus,,,scheduled,espn,,,,,,,,,,,
seriea-2026-2026-10-28-monza-v-napoli,2026-10-28,2026,seriea,Monza,Napoli,,,scheduled,espn,,,,,,,,,,,
seriea-2026-2026-10-29-fiorentina-v-atalanta,2026-10-29,2026,seriea,Fiorentina,Atalanta,,,scheduled,espn,,,,,,,,,,,
seriea-2026-2026-10-29-frosinone-v-lecce,2026-10-29,2026,seriea,Frosinone,Lecce,,,scheduled,espn,,,,,,,,,,,
seriea-2026-2026-10-31-bologna-v-monza,2026-10-31,2026,seriea,Bologna,Monza,,,scheduled,espn,,,,,,,,,,,
seriea-2026-2026-10-31-udinese-v-roma,2026-10-31,2026,seriea,Udinese,Roma,,,scheduled,espn,,,,,,,,,,,
seriea-2026-2026-10-31-milan-v-inter,2026-10-31,2026,seriea,Milan,Inter,,,scheduled,espn,,,,,,,,,,,
seriea-2026-2026-11-01-como-v-venezia,2026-11-01,2026,seriea,Como,Venezia,,,scheduled,espn,,,,,,,,,,,
seriea-2026-2026-11-01-frosinone-v-torino,2026-11-01,2026,seriea,Frosinone,Torino,,,scheduled,espn,,,,,,,,,,,
seriea-2026-2026-11-01-lazio-v-cagliari,2026-11-01,2026,seriea,Lazio,Cagliari,,,scheduled,espn,,,,,,,,,,,
seriea-2026-2026-11-01-lecce-v-genoa,2026-11-01,2026,seriea,Lecce,Genoa,,,scheduled,espn,,,,,,,,,,,
seriea-2026-2026-11-01-juventus-v-napoli,2026-11-01,2026,seriea,Juventus,Napoli,,,scheduled,espn,,,,,,,,,,,
seriea-2026-2026-11-02-atalanta-v-parma,2026-11-02,2026,seriea,Atalanta,Parma,,,scheduled,espn,,,,,,,,,,,
seriea-2026-2026-11-02-sassuolo-v-fiorentina,2026-11-02,2026,seriea,Sassuolo,Fiorentina,,,scheduled,espn,,,,,,,,,,,
seriea-2026-2026-11-06-venezia-v-udinese,2026-11-06,2026,seriea,Venezia,Udinese,,,scheduled,espn,,,,,,,,,,,
seriea-2026-2026-11-07-cagliari-v-frosinone,2026-11-07,2026,seriea,Cagliari,Frosinone,,,scheduled,espn,,,,,,,,,,,
seriea-2026-2026-11-07-torino-v-lecce,2026-11-07,2026,seriea,Torino,Lecce,,,scheduled,espn,,,,,,,,,,,
seriea-2026-2026-11-07-parma-v-bologna,2026-11-07,2026,seriea,Parma,Bologna,,,scheduled,espn,,,,,,,,,,,
seriea-2026-2026-11-07-roma-v-sassuolo,2026-11-07,2026,seriea,Roma,Sassuolo,,,scheduled,espn,,,,,,,,,,,
seriea-2026-2026-11-08-napoli-v-lazio,2026-11-08,2026,seriea,Napoli,Lazio,,,scheduled,espn,,,,,,,,,,,
seriea-2026-2026-11-08-genoa-v-milan,2026-11-08,2026,seriea,Genoa,Milan,,,scheduled,espn,,,,,,,,,,,
seriea-2026-2026-11-08-monza-v-atalanta,2026-11-08,2026,seriea,Monza,Atalanta,,,scheduled,espn,,,,,,,,,,,
seriea-2026-2026-11-08-inter-v-como,2026-11-08,2026,seriea,Inter,Como,,,scheduled,espn,,,,,,,,,,,
seriea-2026-2026-11-08-fiorentina-v-juventus,2026-11-08,2026,seriea,Fiorentina,Juventus,,,scheduled,espn,,,,,,,,,,,
seriea-2026-2026-11-21-como-v-cagliari,2026-11-21,2026,seriea,Como,Cagliari,,,scheduled,espn,,,,,,,,,,,
seriea-2026-2026-11-21-lazio-v-lecce,2026-11-21,2026,seriea,Lazio,Lecce,,,scheduled,espn,,,,,,,,,,,
seriea-2026-2026-11-21-parma-v-roma,2026-11-21,2026,seriea,Parma,Roma,,,scheduled,espn,,,,,,,,,,,
seriea-2026-2026-11-21-napoli-v-torino,2026-11-21,2026,seriea,Napoli,Torino,,,scheduled,espn,,,,,,,,,,,
seriea-2026-2026-11-22-milan-v-frosinone,2026-11-22,2026,seriea,Milan,Frosinone,,,scheduled,espn,,,,,,,,,,,
seriea-2026-2026-11-22-sassuolo-v-genoa,2026-11-22,2026,seriea,Sassuolo,Genoa,,,scheduled,espn,,,,,,,,,,,
seriea-2026-2026-11-22-atalanta-v-inter,2026-11-22,2026,seriea,Atalanta,Inter,,,scheduled,espn,,,,,,,,,,,
seriea-2026-2026-11-22-juventus-v-venezia,2026-11-22,2026,seriea,Juventus,Venezia,,,scheduled,espn,,,,,,,,,,,
seriea-2026-2026-11-22-bologna-v-udinese,2026-11-22,2026,seriea,Bologna,Udinese,,,scheduled,espn,,,,,,,,,,,
seriea-2026-2026-11-23-monza-v-fiorentina,2026-11-23,2026,seriea,Monza,Fiorentina,,,scheduled,espn,,,,,,,,,,,
seriea-2026-2026-11-27-venezia-v-bologna,2026-11-27,2026,seriea,Venezia,Bologna,,,scheduled,espn,,,,,,,,,,,
seriea-2026-2026-11-28-frosinone-v-parma,2026-11-28,2026,seriea,Frosinone,Parma,,,scheduled,espn,,,,,,,,,,,
seriea-2026-2026-11-28-torino-v-lazio,2026-11-28,2026,seriea,Torino,Lazio,,,scheduled,espn,,,,,,,,,,,
seriea-2026-2026-11-28-inter-v-genoa,2026-11-28,2026,seriea,Inter,Genoa,,,scheduled,espn,,,,,,,,,,,
seriea-2026-2026-11-29-roma-v-monza,2026-11-29,2026,seriea,Roma,Monza,,,scheduled,espn,,,,,,,,,,,
seriea-2026-2026-11-29-como-v-juventus,2026-11-29,2026,seriea,Como,Juventus,,,scheduled,espn,,,,,,,,,,,
seriea-2026-2026-11-29-udinese-v-fiorentina,2026-11-29,2026,seriea,Udinese,Fiorentina,,,scheduled,espn,,,,,,,,,,,
seriea-2026-2026-11-29-sassuolo-v-napoli,2026-11-29,2026,seriea,Sassuolo,Napoli,,,scheduled,espn,,,,,,,,,,,
seriea-2026-2026-11-30-lecce-v-atalanta,2026-11-30,2026,seriea,Lecce,Atalanta,,,scheduled,espn,,,,,,,,,,,
seriea-2026-2026-11-30-cagliari-v-milan,2026-11-30,2026,seriea,Cagliari,Milan,,,scheduled,espn,,,,,,,,,,,
seriea-2026-2026-12-04-bologna-v-roma,2026-12-04,2026,seriea,Bologna,Roma,,,scheduled,espn,,,,,,,,,,,
seriea-2026-2026-12-05-monza-v-como,2026-12-05,2026,seriea,Monza,Como,,,scheduled,espn,,,,,,,,,,,
seriea-2026-2026-12-05-frosinone-v-inter,2026-12-05,2026,seriea,Frosinone,Inter,,,scheduled,espn,,,,,,,,,,,
seriea-2026-2026-12-05-napoli-v-lecce,2026-12-05,2026,seriea,Napoli,Lecce,,,scheduled,espn,,,,,,,,,,,
seriea-2026-2026-12-06-juventus-v-udinese,2026-12-06,2026,seriea,Juventus,Udinese,,,scheduled,espn,,,,,,,,,,,
seriea-2026-2026-12-06-genoa-v-torino,2026-12-06,2026,seriea,Genoa,Torino,,,scheduled,espn,,,,,,,,,,,
seriea-2026-2026-12-06-lazio-v-atalanta,2026-12-06,2026,seriea,Lazio,Atalanta,,,scheduled,espn,,,,,,,,,,,
seriea-2026-2026-12-06-milan-v-parma,2026-12-06,2026,seriea,Milan,Parma,,,scheduled,espn,,,,,,,,,,,
seriea-2026-2026-12-07-venezia-v-sassuolo,2026-12-07,2026,seriea,Venezia,Sassuolo,,,scheduled,espn,,,,,,,,,,,
seriea-2026-2026-12-07-fiorentina-v-cagliari,2026-12-07,2026,seriea,Fiorentina,Cagliari,,,scheduled,espn,,,,,,,,,,,
