fixture_id,date,season,league,home,away,home_goals,away_goals,status,provenance,api_fixture_id,hs,as_,hst,ast,hf,af,hy,ay,hr,ar
pl-2023-2023-08-11-burnley-v-man-city,2023-08-11,2023,pl,Burnley,Man City,0.0,3.0,finished,api_football,1035037.0,,,,,,,,,,
pl-2023-2023-08-12-arsenal-v-nott-m-forest,2023-08-12,2023,pl,Arsenal,Nott'm Forest,2.0,1.0,finished,api_football,1035038.0,,,,,,,,,,
pl-2023-2023-08-12-bournemouth-v-west-ham,2023-08-12,2023,pl,Bournemouth,West Ham,1.0,1.0,finished,api_football,1035039.0,,,,,,,,,,
pl-2023-2023-08-12-everton-v-fulham,2023-08-12,2023,pl,Everton,Fulham,0.0,1.0,finished,api_football,1035041.0,,,,,,,,,,
pl-2023-2023-08-12-brighton-v-luton,2023-08-12,2023,pl,Brighton,Luton,4.0,1.0,finished,api_football,1035040.0,,,,,,,,,,
pl-2023-2023-08-12-sheffield-united-v-crystal-palace,2023-08-12,2023,pl,Sheffield United,Crystal Palace,0.0,1.0,finished,api_football,1035042.0,,,,,,,,,,
pl-2023-2023-08-12-newcastle-v-aston-villa,2023-08-12,2023,pl,Newcastle,Aston Villa,5.0,1.0,finished,api_football,1035043.0,,,,,,,,,,
pl-2023-2023-08-13-brentford-v-tottenham,2023-08-13,2023,pl,Brentford,Tottenham,2.0,2.0,finished,api_football,1035044.0,,,,,,,,,,
pl-2023-2023-08-13-chelsea-v-liverpool,2023-08-13,2023,pl,Chelsea,Liverpool,1.0,1.0,finished,api_football,1035045.0,,,,,,,,,,
pl-2023-2023-08-14-man-united-v-wolves,2023-08-14,2023,pl,Man United,Wolves,1.0,0.0,finished,api_football,1035046.0,,,,,,,,,,
pl-2023-2023-08-18-nott-m-forest-v-sheffield-united,2023-08-18,2023,pl,Nott'm Forest,Sheffield United,2.0,1.0,finished,api_football,1035053.0,,,,,,,,,,
pl-2023-2023-08-19-fulham-v-brentford,2023-08-19,2023,pl,Fulham,Brentford,0.0,3.0,finished,api_football,1035049.0,,,,,,,,,,
pl-2023-2023-08-19-tottenham-v-man-united,2023-08-19,2023,pl,Tottenham,Man United,2.0,0.0,finished,api_football,1035054.0,,,,,,,,,,
pl-2023-2023-08-19-liverpool-v-bournemouth,2023-08-19,2023,pl,Liverpool,Bournemouth,3.0,1.0,finished,api_football,1035050.0,,,,,,,,,,
pl-2023-2023-08-19-wolves-v-brighton,2023-08-19,2023,pl,Wolves,Brighton,1.0,4.0,finished,api_football,1035056.0,,,,,,,,,,
pl-2023-2023-08-19-man-city-v-newcastle,2023-08-19,2023,pl,Man City,Newcastle,1.0,0.0,finished,api_football,1035052.0,,,,,,,,,,
pl-2023-2023-08-20-aston-villa-v-everton,2023-08-20,2023,pl,Aston Villa,Everton,4.0,0.0,finished,api_football,1035047.0,,,,,,,,,,
pl-2023-2023-08-20-west-ham-v-chelsea,2023-08-20,2023,pl,West Ham,Chelsea,3.0,1.0,finished,api_football,1035055.0,,,,,,,,,,
pl-2023-2023-08-21-crystal-palace-v-arsenal,2023-08-21,2023,pl,Crystal Palace,Arsenal,0.0,1.0,finished,api_football,1035048.0,,,,,,,,,,
pl-2023-2023-08-25-chelsea-v-luton,2023-08-25,2023,pl,Chelsea,Luton,3.0,0.0,finished,api_football,1035062.0,,,,,,,,,,
pl-2023-2023-08-26-brighton-v-west-ham,2023-08-26,2023,pl,Brighton,West Ham,1.0,3.0,finished,api_football,1035060.0,,,,,,,,,,
pl-2023-2023-08-26-everton-v-wolves,2023-08-26,2023,pl,Everton,Wolves,0.0,1.0,finished,api_football,1035063.0,,,,,,,,,,
pl-2023-2023-08-26-brentford-v-crystal-palace,2023-08-26,2023,pl,Brentford,Crystal Palace,1.0,1.0,finished,api_football,1035059.0,,,,,,,,,,
pl-2023-2023-08-26-man-united-v-nott-m-forest,2023-08-26,2023,pl,Man United,Nott'm Forest,3.0,2.0,finished,api_football,1035064.0,,,,,,,,,,
pl-2023-2023-08-26-arsenal-v-fulham,2023-08-26,2023,pl,Arsenal,Fulham,2.0,2.0,finished,api_football,1035058.0,,,,,,,,,,
pl-2023-2023-08-26-bournemouth-v-tottenham,2023-08-26,2023,pl,Bournemouth,Tottenham,0.0,2.0,finished,api_football,1035057.0,,,,,,,,,,
pl-2023-2023-08-27-burnley-v-aston-villa,2023-08-27,2023,pl,Burnley,Aston Villa,1.0,3.0,finished,api_football,1035061.0,,,,,,,,,,
pl-2023-2023-08-27-sheffield-united-v-man-city,2023-08-27,2023,pl,Sheffield United,Man City,1.0,2.0,finished,api_football,1035066.0,,,,,,,,,,
pl-2023-2023-08-27-newcastle-v-liverpool,2023-08-27,2023,pl,Newcastle,Liverpool,1.0,2.0,finished,api_football,1035065.0,,,,,,,,,,
pl-2023-2023-09-01-luton-v-west-ham,2023-09-01,2023,pl,Luton,West Ham,1.0,2.0,finished,api_football,1035074.0,,,,,,,,,,
pl-2023-2023-09-02-brentford-v-bournemouth,2023-09-02,2023,pl,Brentford,Bournemouth,2.0,2.0,finished,api_football,1035068.0,,,,,,,,,,
pl-2023-2023-09-02-brighton-v-newcastle,2023-09-02,2023,pl,Brighton,Newcastle,3.0,1.0,finished,api_football,1035069.0,,,,,,,,,,
pl-2023-2023-09-02-man-city-v-fulham,2023-09-02,2023,pl,Man City,Fulham,5.0,1.0,finished,api_football,1035075.0,,,,,,,,,,
pl-2023-2023-09-02-chelsea-v-nott-m-forest,2023-09-02,2023,pl,Chelsea,Nott'm Forest,0.0,1.0,finished,api_football,1035071.0,,,,,,,,,,
pl-2023-2023-09-02-burnley-v-tottenham,2023-09-02,2023,pl,Burnley,Tottenham,2.0,5.0,finished,api_football,1035070.0,,,,,,,,,,
pl-2023-2023-09-02-sheffield-united-v-everton,2023-09-02,2023,pl,Sheffield United,Everton,2.0,2.0,finished,api_football,1035076.0,,,,,,,,,,
pl-2023-2023-09-03-liverpool-v-aston-villa,2023-09-03,2023,pl,Liverpool,Aston Villa,3.0,0.0,finished,api_football,1035073.0,,,,,,,,,,
pl-2023-2023-09-03-crystal-palace-v-wolves,2023-09-03,2023,pl,Crystal Palace,Wolves,3.0,2.0,finished,api_football,1035072.0,,,,,,,,,,
pl-2023-2023-09-03-arsenal-v-man-united,2023-09-03,2023,pl,Arsenal,Man United,3.0,1.0,finished,api_football,1035067.0,,,,,,,,,,
pl-2023-2023-09-16-aston-villa-v-crystal-palace,2023-09-16,2023,pl,Aston Villa,Crystal Palace,3.0,1.0,finished,api_football,1035078.0,,,,,,,,,,
pl-2023-2023-09-16-west-ham-v-man-city,2023-09-16,2023,pl,West Ham,Man City,1.0,3.0,finished,api_football,1035085.0,,,,,,,,,,
pl-2023-2023-09-16-fulham-v-luton,2023-09-16,2023,pl,Fulham,Luton,1.0,0.0,finished,api_football,1035080.0,,,,,,,,,,
pl-2023-2023-09-16-tottenham-v-sheffield-united,2023-09-16,2023,pl,Tottenham,Sheffield United,2.0,1.0,finished,api_football,1035084.0,,,,,,,,,,
pl-2023-2023-09-16-wolves-v-liverpool,2023-09-16,2023,pl,Wolves,Liverpool,1.0,3.0,finished,api_football,1035086.0,,,,,,,,,,
pl-2023-2023-09-16-man-united-v-brighton,2023-09-16,2023,pl,Man United,Brighton,1.0,3.0,finished,api_football,1035081.0,,,,,,,,,,
pl-2023-2023-09-16-newcastle-v-brentford,2023-09-16,2023,pl,Newcastle,Brentford,1.0,0.0,finished,api_football,1035082.0,,,,,,,,,,
pl-2023-2023-09-17-bournemouth-v-chelsea,2023-09-17,2023,pl,Bournemouth,Chelsea,0.0,0.0,finished,api_football,1035077.0,,,,,,,,,,
pl-2023-2023-09-17-everton-v-arsenal,2023-09-17,2023,pl,Everton,Arsenal,0.0,1.0,finished,api_football,1035079.0,,,,,,,,,,
pl-2023-2023-09-18-nott-m-forest-v-burnley,2023-09-18,2023,pl,Nott'm Forest,Burnley,1.0,1.0,finished,api_football,1035083.0,,,,,,,,,,
pl-2023-2023-09-23-man-city-v-nott-m-forest,2023-09-23,2023,pl,Man City,Nott'm Forest,2.0,0.0,finished,api_football,1035095.0,,,,,,,,,,
pl-2023-2023-09-23-crystal-palace-v-fulham,2023-09-23,2023,pl,Crystal Palace,Fulham,0.0,0.0,finished,api_football,1035092.0,,,,,,,,,,
pl-2023-2023-09-23-luton-v-wolves,2023-09-23,2023,pl,Luton,Wolves,1.0,1.0,finished,api_football,1035094.0,,,,,,,,,,
pl-2023-2023-09-23-brentford-v-everton,2023-09-23,2023,pl,Brentford,Everton,1.0,3.0,finished,api_football,1035088.0,,,,,,,,,,
pl-2023-2023-09-23-burnley-v-man-united,2023-09-23,2023,pl,Burnley,Man United,0.0,1.0,finished,api_football,1035090.0,,,,,,,,,,
pl-2023-2023-09-24-liverpool-v-west-ham,2023-09-24,2023,pl,Liverpool,West Ham,3.0,1.0,finished,api_football,1035093.0,,,,,,,,,,
pl-2023-2023-09-24-brighton-v-bournemouth,2023-09-24,2023,pl,Brighton,Bournemouth,3.0,1.0,finished,api_football,1035089.0,,,,,,,,,,
pl-2023-2023-09-24-chelsea-v-aston-villa,2023-09-24,2023,pl,Chelsea,Aston Villa,0.0,1.0,finished,api_football,1035091.0,,,,,,,,,,
pl-2023-2023-09-24-arsenal-v-tottenham,2023-09-24,2023,pl,Arsenal,Tottenham,2.0,2.0,finished,api_football,1035087.0,,,,,,,,,,
pl-2023-2023-09-24-sheffield-united-v-newcastle,2023-09-24,2023,pl,Sheffield United,Newcastle,0.0,8.0,finished,api_football,1035096.0,,,,,,,,,,
pl-2023-2023-09-30-wolves-v-man-city,2023-09-30,2023,pl,Wolves,Man City,2.0,1.0,finished,api_football,1035106.0,,,,,,,,,,
pl-2023-2023-09-30-everton-v-luton,2023-09-30,2023,pl,Everton,Luton,1.0,2.0,finished,api_football,1035099.0,,,,,,,,,,
pl-2023-2023-09-30-west-ham-v-sheffield-united,2023-09-30,2023,pl,West Ham,Sheffield United,2.0,0.0,finished,api_football,1035105.0,,,,,,,,,,
pl-2023-2023-09-30-aston-villa-v-brighton,2023-09-30,2023,pl,Aston Villa,Brighton,6.0,1.0,finished,api_football,1035098.0,,,,,,,,,,
pl-2023-2023-09-30-man-united-v-crystal-palace,2023-09-30,2023,pl,Man United,Crystal Palace,0.0,1.0,finished,api_football,1035101.0,,,,,,,,,,
pl-2023-2023-09-30-newcastle-v-burnley,2023-09-30,2023,pl,Newcastle,Burnley,2.0,0.0,finished,api_football,1035102.0,,,,,,,,,,
pl-2023-2023-09-30-bournemouth-v-arsenal,2023-09-30,2023,pl,Bournemouth,Arsenal,0.0,4.0,finished,api_football,1035097.0,,,,,,,,,,
pl-2023-2023-09-30-tottenham-v-liverpool,2023-09-30,2023,pl,Tottenham,Liverpool,2.0,1.0,finished,api_football,1035104.0,,,,,,,,,,
pl-2023-2023-10-01-nott-m-forest-v-brentford,2023-10-01,2023,pl,Nott'm Forest,Brentford,1.0,1.0,finished,api_football,1035103.0,,,,,,,,,,
pl-2023-2023-10-02-fulham-v-chelsea,2023-10-02,2023,pl,Fulham,Chelsea,0.0,2.0,finished,api_football,1035100.0,,,,,,,,,,
pl-2023-2023-10-03-luton-v-burnley,2023-10-03,2023,pl,Luton,Burnley,1.0,2.0,finished,api_football,1035051.0,,,,,,,,,,
pl-2023-2023-10-07-luton-v-tottenham,2023-10-07,2023,pl,Luton,Tottenham,0.0,1.0,finished,api_football,1035113.0,,,,,,,,,,
pl-2023-2023-10-07-man-united-v-brentford,2023-10-07,2023,pl,Man United,Brentford,2.0,1.0,finished,api_football,1035114.0,,,,,,,,,,
pl-2023-2023-10-07-fulham-v-sheffield-united,2023-10-07,2023,pl,Fulham,Sheffield United,3.0,1.0,finished,api_football,1035112.0,,,,,,,,,,
pl-2023-2023-10-07-burnley-v-chelsea,2023-10-07,2023,pl,Burnley,Chelsea,1.0,4.0,finished,api_football,1035109.0,,,,,,,,,,
pl-2023-2023-10-07-everton-v-bournemouth,2023-10-07,2023,pl,Everton,Bournemouth,3.0,0.0,finished,api_football,1035111.0,,,,,,,,,,
pl-2023-2023-10-07-crystal-palace-v-nott-m-forest,2023-10-07,2023,pl,Crystal Palace,Nott'm Forest,0.0,0.0,finished,api_football,1035110.0,,,,,,,,,,
pl-2023-2023-10-08-brighton-v-liverpool,2023-10-08,2023,pl,Brighton,Liverpool,2.0,2.0,finished,api_football,1035108.0,,,,,,,,,,
pl-2023-2023-10-08-arsenal-v-man-city,2023-10-08,2023,pl,Arsenal,Man City,1.0,0.0,finished,api_football,1035107.0,,,,,,,,,,
pl-2023-2023-10-08-wolves-v-aston-villa,2023-10-08,2023,pl,Wolves,Aston Villa,1.0,1.0,finished,api_football,1035116.0,,,,,,,,,,
pl-2023-2023-10-08-west-ham-v-newcastle,2023-10-08,2023,pl,West Ham,Newcastle,2.0,2.0,finished,api_football,1035115.0,,,,,,,,,,
pl-2023-2023-10-21-liverpool-v-everton,2023-10-21,2023,pl,Liverpool,Everton,2.0,0.0,finished,api_football,1035121.0,,,,,,,,,,
pl-2023-2023-10-21-newcastle-v-crystal-palace,2023-10-21,2023,pl,Newcastle,Crystal Palace,4.0,0.0,finished,api_football,1035123.0,,,,,,,,,,
pl-2023-2023-10-21-bournemouth-v-wolves,2023-10-21,2023,pl,Bournemouth,Wolves,1.0,2.0,finished,api_football,1035117.0,,,,,,,,,,
pl-2023-2023-10-21-man-city-v-brighton,2023-10-21,2023,pl,Man City,Brighton,2.0,1.0,finished,api_football,1035122.0,,,,,,,,,,
pl-2023-2023-10-21-brentford-v-burnley,2023-10-21,2023,pl,Brentford,Burnley,3.0,0.0,finished,api_football,1035119.0,,,,,,,,,,
pl-2023-2023-10-21-nott-m-forest-v-luton,2023-10-21,2023,pl,Nott'm Forest,Luton,2.0,2.0,finished,api_football,1035124.0,,,,,,,,,,
pl-2023-2023-10-21-chelsea-v-arsenal,2023-10-21,2023,pl,Chelsea,Arsenal,2.0,2.0,finished,api_football,1035120.0,,,,,,,,,,
pl-2023-2023-10-21-sheffield-united-v-man-united,2023-10-21,2023,pl,Sheffield United,Man United,1.0,2.0,finished,api_football,1035125.0,,,,,,,,,,
pl-2023-2023-10-22-aston-villa-v-west-ham,2023-10-22,2023,pl,Aston Villa,West Ham,4.0,1.0,finished,api_football,1035118.0,,,,,,,,,,
pl-2023-2023-10-23-tottenham-v-fulham,2023-10-23,2023,pl,Tottenham,Fulham,2.0,0.0,finished,api_football,1035126.0,,,,,,,,,,
pl-2023-2023-10-27-crystal-palace-v-tottenham,2023-10-27,2023,pl,Crystal Palace,Tottenham,1.0,2.0,finished,api_football,1035132.0,,,,,,,,,,
pl-2023-2023-10-28-arsenal-v-sheffield-united,2023-10-28,2023,pl,Arsenal,Sheffield United,5.0,0.0,finished,api_football,1035128.0,,,,,,,,,,
pl-2023-2023-10-28-wolves-v-newcastle,2023-10-28,2023,pl,Wolves,Newcastle,2.0,2.0,finished,api_football,1035136.0,,,,,,,,,,
pl-2023-2023-10-28-bournemouth-v-burnley,2023-10-28,2023,pl,Bournemouth,Burnley,2.0,1.0,finished,api_football,1035127.0,,,,,,,,,,
pl-2023-2023-10-28-chelsea-v-brentford,2023-10-28,2023,pl,Chelsea,Brentford,0.0,2.0,finished,api_football,1035131.0,,,,,,,,,,
pl-2023-2023-10-29-west-ham-v-everton,2023-10-29,2023,pl,West Ham,Everton,0.0,1.0,finished,api_football,1035135.0,,,,,,,,,,
pl-2023-2023-10-29-liverpool-v-nott-m-forest,2023-10-29,2023,pl,Liverpool,Nott'm Forest,3.0,0.0,finished,api_football,1035133.0,,,,,,,,,,
pl-2023-2023-10-29-brighton-v-fulham,2023-10-29,2023,pl,Brighton,Fulham,1.0,1.0,finished,api_football,1035130.0,,,,,,,,,,
pl-2023-2023-10-29-aston-villa-v-luton,2023-10-29,2023,pl,Aston Villa,Luton,3.0,1.0,finished,api_football,1035129.0,,,,,,,,,,
pl-2023-2023-10-29-man-united-v-man-city,2023-10-29,2023,pl,Man United,Man City,0.0,3.0,finished,api_football,1035134.0,,,,,,,,,,
pl-2023-2023-11-04-fulham-v-man-united,2023-11-04,2023,pl,Fulham,Man United,0.0,1.0,finished,api_football,1035140.0,,,,,,,,,,
pl-2023-2023-11-04-brentford-v-west-ham,2023-11-04,2023,pl,Brentford,West Ham,3.0,2.0,finished,api_football,1035137.0,,,,,,,,,,
pl-2023-2023-11-04-everton-v-brighton,2023-11-04,2023,pl,Everton,Brighton,1.0,1.0,finished,api_football,1035139.0,,,,,,,,,,
pl-2023-2023-11-04-newcastle-v-arsenal,2023-11-04,2023,pl,Newcastle,Arsenal,1.0,0.0,finished,api_football,1035143.0,,,,,,,,,,
pl-2023-2023-11-04-man-city-v-bournemouth,2023-11-04,2023,pl,Man City,Bournemouth,6.0,1.0,finished,api_football,1035142.0,,,,,,,,,,
pl-2023-2023-11-04-sheffield-united-v-wolves,2023-11-04,2023,pl,Sheffield United,Wolves,2.0,1.0,finished,api_football,1035145.0,,,,,,,,,,
pl-2023-2023-11-04-burnley-v-crystal-palace,2023-11-04,2023,pl,Burnley,Crystal Palace,0.0,2.0,finished,api_football,1035138.0,,,,,,,,,,
pl-2023-2023-11-05-luton-v-liverpool,2023-11-05,2023,pl,Luton,Liverpool,1.0,1.0,finished,api_football,1035141.0,,,,,,,,,,
pl-2023-2023-11-05-nott-m-forest-v-aston-villa,2023-11-05,2023,pl,Nott'm Forest,Aston Villa,2.0,0.0,finished,api_football,1035144.0,,,,,,,,,,
pl-2023-2023-11-06-tottenham-v-chelsea,2023-11-06,2023,pl,Tottenham,Chelsea,1.0,4.0,finished,api_football,1035146.0,,,,,,,,,,
pl-2023-2023-11-11-arsenal-v-burnley,2023-11-11,2023,pl,Arsenal,Burnley,3.0,1.0,finished,api_football,1035148.0,,,,,,,,,,
pl-2023-2023-11-11-wolves-v-tottenham,2023-11-11,2023,pl,Wolves,Tottenham,2.0,1.0,finished,api_football,1035156.0,,,,,,,,,,
pl-2023-2023-11-11-bournemouth-v-newcastle,2023-11-11,2023,pl,Bournemouth,Newcastle,2.0,0.0,finished,api_football,1035147.0,,,,,,,,,,
pl-2023-2023-11-11-man-united-v-luton,2023-11-11,2023,pl,Man United,Luton,1.0,0.0,finished,api_football,1035154.0,,,,,,,,,,
pl-2023-2023-11-11-crystal-palace-v-everton,2023-11-11,2023,pl,Crystal Palace,Everton,2.0,3.0,finished,api_football,1035152.0,,,,,,,,,,
pl-2023-2023-11-12-liverpool-v-brentford,2023-11-12,2023,pl,Liverpool,Brentford,3.0,0.0,finished,api_football,1035153.0,,,,,,,,,,
pl-2023-2023-11-12-west-ham-v-nott-m-forest,2023-11-12,2023,pl,West Ham,Nott'm Forest,3.0,2.0,finished,api_football,1035155.0,,,,,,,,,,
pl-2023-2023-11-12-brighton-v-sheffield-united,2023-11-12,2023,pl,Brighton,Sheffield United,1.0,1.0,finished,api_football,1035150.0,,,,,,,,,,
pl-2023-2023-11-12-aston-villa-v-fulham,2023-11-12,2023,pl,Aston Villa,Fulham,3.0,1.0,finished,api_football,1035149.0,,,,,,,,,,
pl-2023-2023-11-12-chelsea-v-man-city,2023-11-12,2023,pl,Chelsea,Man City,4.0,4.0,finished,api_football,1035151.0,,,,,,,,,,
pl-2023-2023-11-25-newcastle-v-chelsea,2023-11-25,2023,pl,Newcastle,Chelsea,4.0,1.0,finished,api_football,1035300.0,,,,,,,,,,
pl-2023-2023-11-25-luton-v-crystal-palace,2023-11-25,2023,pl,Luton,Crystal Palace,2.0,1.0,finished,api_football,1035298.0,,,,,,,,,,
pl-2023-2023-11-25-sheffield-united-v-bournemouth,2023-11-25,2023,pl,Sheffield United,Bournemouth,1.0,3.0,finished,api_football,1035302.0,,,,,,,,,,
pl-2023-2023-11-25-brentford-v-arsenal,2023-11-25,2023,pl,Brentford,Arsenal,0.0,1.0,finished,api_football,1035294.0,,,,,,,,,,
pl-2023-2023-11-25-burnley-v-west-ham,2023-11-25,2023,pl,Burnley,West Ham,1.0,2.0,finished,api_football,1035295.0,,,,,,,,,,
pl-2023-2023-11-25-nott-m-forest-v-brighton,2023-11-25,2023,pl,Nott'm Forest,Brighton,2.0,3.0,finished,api_football,1035301.0,,,,,,,,,,
pl-2023-2023-11-25-man-city-v-liverpool,2023-11-25,2023,pl,Man City,Liverpool,1.0,1.0,finished,api_football,1035299.0,,,,,,,,,,
pl-2023-2023-11-26-tottenham-v-aston-villa,2023-11-26,2023,pl,Tottenham,Aston Villa,1.0,2.0,finished,api_football,1035303.0,,,,,,,,,,
pl-2023-2023-11-26-everton-v-man-united,2023-11-26,2023,pl,Everton,Man United,0.0,3.0,finished,api_football,1035296.0,,,,,,,,,,
pl-2023-2023-11-27-fulham-v-wolves,2023-11-27,2023,pl,Fulham,Wolves,3.0,2.0,finished,api_football,1035297.0,,,,,,,,,,
pl-2023-2023-12-02-brentford-v-luton,2023-12-02,2023,pl,Brentford,Luton,3.0,1.0,finished,api_football,1035306.0,,,,,,,,,,
pl-2023-2023-12-02-nott-m-forest-v-everton,2023-12-02,2023,pl,Nott'm Forest,Everton,0.0,1.0,finished,api_football,1035312.0,,,,,,,,,,
pl-2023-2023-12-02-arsenal-v-wolves,2023-12-02,2023,pl,Arsenal,Wolves,2.0,1.0,finished,api_football,1035305.0,,,,,,,,,,
pl-2023-2023-12-02-burnley-v-sheffield-united,2023-12-02,2023,pl,Burnley,Sheffield United,5.0,0.0,finished,api_football,1035307.0,,,,,,,,,,
pl-2023-2023-12-02-newcastle-v-man-united,2023-12-02,2023,pl,Newcastle,Man United,1.0,0.0,finished,api_football,1035311.0,,,,,,,,,,
pl-2023-2023-12-03-west-ham-v-crystal-palace,2023-12-03,2023,pl,West Ham,Crystal Palace,1.0,1.0,finished,api_football,1035313.0,,,,,,,,,,
pl-2023-2023-12-03-bournemouth-v-aston-villa,2023-12-03,2023,pl,Bournemouth,Aston Villa,2.0,2.0,finished,api_football,1035304.0,,,,,,,,,,
pl-2023-2023-12-03-man-city-v-tottenham,2023-12-03,2023,pl,Man City,Tottenham,3.0,3.0,finished,api_football,1035310.0,,,,,,,,,,
pl-2023-2023-12-03-liverpool-v-fulham,2023-12-03,2023,pl,Liverpool,Fulham,4.0,3.0,finished,api_football,1035309.0,,,,,,,,,,
pl-2023-2023-12-03-chelsea-v-brighton,2023-12-03,2023,pl,Chelsea,Brighton,3.0,2.0,finished,api_football,1035308.0,,,,,,,,,,
pl-2023-2023-12-05-wolves-v-burnley,2023-12-05,2023,pl,Wolves,Burnley,1.0,0.0,finished,api_football,1035321.0,,,,,,,,,,
pl-2023-2023-12-05-luton-v-arsenal,2023-12-05,2023,pl,Luton,Arsenal,3.0,4.0,finished,api_football,1035318.0,,,,,,,,,,
pl-2023-2023-12-06-sheffield-united-v-liverpool,2023-12-06,2023,pl,Sheffield United,Liverpool,0.0,2.0,finished,api_football,1035319.0,,,,,,,,,,
pl-2023-2023-12-06-man-united-v-chelsea,2023-12-06,2023,pl,Man United,Chelsea,2.0,1.0,finished,api_football,1035323.0,,,,,,,,,,
pl-2023-2023-12-06-aston-villa-v-man-city,2023-12-06,2023,pl,Aston Villa,Man City,1.0,0.0,finished,api_football,1035314.0,,,,,,,,,,
pl-2023-2023-12-06-fulham-v-nott-m-forest,2023-12-06,2023,pl,Fulham,Nott'm Forest,5.0,0.0,finished,api_football,1035317.0,,,,,,,,,,
pl-2023-2023-12-06-brighton-v-brentford,2023-12-06,2023,pl,Brighton,Brentford,2.0,1.0,finished,api_football,1035315.0,,,,,,,,,,
pl-2023-2023-12-06-crystal-palace-v-bournemouth,2023-12-06,2023,pl,Crystal Palace,Bournemouth,0.0,2.0,finished,api_football,1035322.0,,,,,,,,,,
pl-2023-2023-12-07-tottenham-v-west-ham,2023-12-07,2023,pl,Tottenham,West Ham,1.0,2.0,finished,api_football,1035320.0,,,,,,,,,,
pl-2023-2023-12-07-everton-v-newcastle,2023-12-07,2023,pl,Everton,Newcastle,3.0,0.0,finished,api_football,1035316.0,,,,,,,,,,
pl-2023-2023-12-09-crystal-palace-v-liverpool,2023-12-09,2023,pl,Crystal Palace,Liverpool,1.0,2.0,finished,api_football,1035326.0,,,,,,,,,,
pl-2023-2023-12-09-man-united-v-bournemouth,2023-12-09,2023,pl,Man United,Bournemouth,0.0,3.0,finished,api_football,1035330.0,,,,,,,,,,
pl-2023-2023-12-09-wolves-v-nott-m-forest,2023-12-09,2023,pl,Wolves,Nott'm Forest,1.0,1.0,finished,api_football,1035333.0,,,,,,,,,,
pl-2023-2023-12-09-brighton-v-burnley,2023-12-09,2023,pl,Brighton,Burnley,1.0,1.0,finished,api_football,1035325.0,,,,,,,,,,
pl-2023-2023-12-09-sheffield-united-v-brentford,2023-12-09,2023,pl,Sheffield United,Brentford,1.0,0.0,finished,api_football,1035331.0,,,,,,,,,,
pl-2023-2023-12-09-aston-villa-v-arsenal,2023-12-09,2023,pl,Aston Villa,Arsenal,1.0,0.0,finished,api_football,1035324.0,,,,,,,,,,
pl-2023-2023-12-10-fulham-v-west-ham,2023-12-10,2023,pl,Fulham,West Ham,5.0,0.0,finished,api_football,1035328.0,,,,,,,,,,
pl-2023-2023-12-10-everton-v-chelsea,2023-12-10,2023,pl,Everton,Chelsea,2.0,0.0,finished,api_football,1035327.0,,,,,,,,,,
pl-2023-2023-12-10-luton-v-man-city,2023-12-10,2023,pl,Luton,Man City,1.0,2.0,finished,api_football,1035329.0,,,,,,,,,,
pl-2023-2023-12-10-tottenham-v-newcastle,2023-12-10,2023,pl,Tottenham,Newcastle,4.0,1.0,finished,api_football,1035332.0,,,,,,,,,,
pl-2023-2023-12-15-nott-m-forest-v-tottenham,2023-12-15,2023,pl,Nott'm Forest,Tottenham,0.0,2.0,finished,api_football,1035342.0,,,,,,,,,,
pl-2023-2023-12-16-newcastle-v-fulham,2023-12-16,2023,pl,Newcastle,Fulham,3.0,0.0,finished,api_football,1035341.0,,,,,,,,,,
pl-2023-2023-12-16-chelsea-v-sheffield-united,2023-12-16,2023,pl,Chelsea,Sheffield United,2.0,0.0,finished,api_football,1035338.0,,,,,,,,,,
pl-2023-2023-12-16-man-city-v-crystal-palace,2023-12-16,2023,pl,Man City,Crystal Palace,2.0,2.0,finished,api_football,1035340.0,,,,,,,,,,
pl-2023-2023-12-16-burnley-v-everton,2023-12-16,2023,pl,Burnley,Everton,0.0,2.0,finished,api_football,1035337.0,,,,,,,,,,
pl-2023-2023-12-17-arsenal-v-brighton,2023-12-17,2023,pl,Arsenal,Brighton,2.0,0.0,finished,api_football,1035335.0,,,,,,,,,,
pl-2023-2023-12-17-west-ham-v-wolves,2023-12-17,2023,pl,West Ham,Wolves,3.0,0.0,finished,api_football,1035343.0,,,,,,,,,,
pl-2023-2023-12-17-brentford-v-aston-villa,2023-12-17,2023,pl,Brentford,Aston Villa,1.0,2.0,finished,api_football,1035336.0,,,,,,,,,,
pl-2023-2023-12-17-liverpool-v-man-united,2023-12-17,2023,pl,Liverpool,Man United,0.0,0.0,finished,api_football,1035339.0,,,,,,,,,,
pl-2023-2023-12-21-crystal-palace-v-brighton,2023-12-21,2023,pl,Crystal Palace,Brighton,1.0,1.0,finished,api_football,1035345.0,,,,,,,,,,
pl-2023-2023-12-22-aston-villa-v-sheffield-united,2023-12-22,2023,pl,Aston Villa,Sheffield United,1.0,1.0,finished,api_football,1035344.0,,,,,,,,,,
pl-2023-2023-12-23-west-ham-v-man-united,2023-12-23,2023,pl,West Ham,Man United,2.0,0.0,finished,api_football,1035352.0,,,,,,,,,,
pl-2023-2023-12-23-fulham-v-burnley,2023-12-23,2023,pl,Fulham,Burnley,0.0,2.0,finished,api_football,1035346.0,,,,,,,,,,
pl-2023-2023-12-23-tottenham-v-everton,2023-12-23,2023,pl,Tottenham,Everton,2.0,1.0,finished,api_football,1035351.0,,,,,,,,,,
pl-2023-2023-12-23-nott-m-forest-v-bournemouth,2023-12-23,2023,pl,Nott'm Forest,Bournemouth,2.0,3.0,finished,api_football,1035350.0,,,,,,,,,,
pl-2023-2023-12-23-luton-v-newcastle,2023-12-23,2023,pl,Luton,Newcastle,1.0,0.0,finished,api_football,1035348.0,,,,,,,,,,
pl-2023-2023-12-23-liverpool-v-arsenal,2023-12-23,2023,pl,Liverpool,Arsenal,1.0,1.0,finished,api_football,1035347.0,,,,,,,,,,
pl-2023-2023-12-24-wolves-v-chelsea,2023-12-24,2023,pl,Wolves,Chelsea,2.0,1.0,finished,api_football,1035353.0,,,,,,,,,,
pl-2023-2023-12-26-burnley-v-liverpool,2023-12-26,2023,pl,Burnley,Liverpool,0.0,2.0,finished,api_football,1035358.0,,,,,,,,,,
pl-2023-2023-12-26-bournemouth-v-fulham,2023-12-26,2023,pl,Bournemouth,Fulham,3.0,0.0,finished,api_football,1035354.0,,,,,,,,,,
pl-2023-2023-12-26-sheffield-united-v-luton,2023-12-26,2023,pl,Sheffield United,Luton,2.0,3.0,finished,api_football,1035363.0,,,,,,,,,,
pl-2023-2023-12-26-newcastle-v-nott-m-forest,2023-12-26,2023,pl,Newcastle,Nott'm Forest,1.0,3.0,finished,api_football,1035362.0,,,,,,,,,,
pl-2023-2023-12-26-man-united-v-aston-villa,2023-12-26,2023,pl,Man United,Aston Villa,3.0,2.0,finished,api_football,1035361.0,,,,,,,,,,
pl-2023-2023-12-27-chelsea-v-crystal-palace,2023-12-27,2023,pl,Chelsea,Crystal Palace,2.0,1.0,finished,api_football,1035359.0,,,,,,,,,,
pl-2023-2023-12-27-brentford-v-wolves,2023-12-27,2023,pl,Brentford,Wolves,1.0,4.0,finished,api_football,1035356.0,,,,,,,,,,
pl-2023-2023-12-27-everton-v-man-city,2023-12-27,2023,pl,Everton,Man City,1.0,3.0,finished,api_football,1035360.0,,,,,,,,,,
pl-2023-2023-12-28-arsenal-v-west-ham,2023-12-28,2023,pl,Arsenal,West Ham,0.0,2.0,finished,api_football,1035355.0,,,,,,,,,,
pl-2023-2023-12-28-brighton-v-tottenham,2023-12-28,2023,pl,Brighton,Tottenham,4.0,2.0,finished,api_football,1035357.0,,,,,,,,,,
pl-2023-2023-12-30-luton-v-chelsea,2023-12-30,2023,pl,Luton,Chelsea,2.0,3.0,finished,api_football,1035368.0,,,,,,,,,,
pl-2023-2023-12-30-wolves-v-everton,2023-12-30,2023,pl,Wolves,Everton,3.0,0.0,finished,api_football,1035373.0,,,,,,,,,,
pl-2023-2023-12-30-man-city-v-sheffield-united,2023-12-30,2023,pl,Man City,Sheffield United,2.0,0.0,finished,api_football,1035369.0,,,,,,,,,,
pl-2023-2023-12-30-crystal-palace-v-brentford,2023-12-30,2023,pl,Crystal Palace,Brentford,3.0,1.0,finished,api_football,1035365.0,,,,,,,,,,
pl-2023-2023-12-30-aston-villa-v-burnley,2023-12-30,2023,pl,Aston Villa,Burnley,3.0,2.0,finished,api_football,1035364.0,,,,,,,,,,
pl-2023-2023-12-30-nott-m-forest-v-man-united,2023-12-30,2023,pl,Nott'm Forest,Man United,2.0,1.0,finished,api_football,1035370.0,,,,,,,,,,
pl-2023-2023-12-31-fulham-v-arsenal,2023-12-31,2023,pl,Fulham,Arsenal,2.0,1.0,finished,api_football,1035366.0,,,,,,,,,,
pl-2023-2023-12-31-tottenham-v-bournemouth,2023-12-31,2023,pl,Tottenham,Bournemouth,3.0,1.0,finished,api_football,1035371.0,,,,,,,,,,
pl-2023-2024-01-01-liverpool-v-newcastle,2024-01-01,2023,pl,Liverpool,Newcastle,4.0,2.0,finished,api_football,1035367.0,,,,,,,,,,
pl-2023-2024-01-02-west-ham-v-brighton,2024-01-02,2023,pl,West Ham,Brighton,0.0,0.0,finished,api_football,1035372.0,,,,,,,,,,
pl-2023-2024-01-12-burnley-v-luton,2024-01-12,2023,pl,Burnley,Luton,1.0,1.0,finished,api_football,1035378.0,,,,,,,,,,
pl-2023-2024-01-13-chelsea-v-fulham,2024-01-13,2023,pl,Chelsea,Fulham,1.0,0.0,finished,api_football,1035379.0,,,,,,,,,,
pl-2023-2024-01-13-newcastle-v-man-city,2024-01-13,2023,pl,Newcastle,Man City,2.0,3.0,finished,api_football,1035382.0,,,,,,,,,,
pl-2023-2024-01-14-everton-v-aston-villa,2024-01-14,2023,pl,Everton,Aston Villa,0.0,0.0,finished,api_football,1035380.0,,,,,,,,,,
pl-2023-2024-01-14-man-united-v-tottenham,2024-01-14,2023,pl,Man United,Tottenham,2.0,2.0,finished,api_football,1035381.0,,,,,,,,,,
pl-2023-2024-01-20-arsenal-v-crystal-palace,2024-01-20,2023,pl,Arsenal,Crystal Palace,5.0,0.0,finished,api_football,1035375.0,,,,,,,,,,
pl-2023-2024-01-20-brentford-v-nott-m-forest,2024-01-20,2023,pl,Brentford,Nott'm Forest,3.0,2.0,finished,api_football,1035376.0,,,,,,,,,,
pl-2023-2024-01-21-sheffield-united-v-west-ham,2024-01-21,2023,pl,Sheffield United,West Ham,2.0,2.0,finished,api_football,1035383.0,,,,,,,,,,
pl-2023-2024-01-21-bournemouth-v-liverpool,2024-01-21,2023,pl,Bournemouth,Liverpool,0.0,4.0,finished,api_football,1035374.0,,,,,,,,,,
pl-2023-2024-01-22-brighton-v-wolves,2024-01-22,2023,pl,Brighton,Wolves,0.0,0.0,finished,api_football,1035377.0,,,,,,,,,,
pl-2023-2024-01-30-fulham-v-everton,2024-01-30,2023,pl,Fulham,Everton,0.0,0.0,finished,api_football,1035385.0,,,,,,,,,,
pl-2023-2024-01-30-aston-villa-v-newcastle,2024-01-30,2023,pl,Aston Villa,Newcastle,1.0,3.0,finished,api_football,1035384.0,,,,,,,,,,
pl-2023-2024-01-30-nott-m-forest-v-arsenal,2024-01-30,2023,pl,Nott'm Forest,Arsenal,1.0,2.0,finished,api_football,1035387.0,,,,,,,,,,
pl-2023-2024-01-30-luton-v-brighton,2024-01-30,2023,pl,Luton,Brighton,4.0,0.0,finished,api_football,1035386.0,,,,,,,,,,
pl-2023-2024-01-30-crystal-palace-v-sheffield-united,2024-01-30,2023,pl,Crystal Palace,Sheffield United,3.0,2.0,finished,api_football,1035391.0,,,,,,,,,,
pl-2023-2024-01-31-tottenham-v-brentford,2024-01-31,2023,pl,Tottenham,Brentford,3.0,2.0,finished,api_football,1035388.0,,,,,,,,,,
pl-2023-2024-01-31-man-city-v-burnley,2024-01-31,2023,pl,Man City,Burnley,3.0,1.0,finished,api_football,1035393.0,,,,,,,,,,
pl-2023-2024-01-31-liverpool-v-chelsea,2024-01-31,2023,pl,Liverpool,Chelsea,4.0,1.0,finished,api_football,1035392.0,,,,,,,,,,
pl-2023-2024-02-01-west-ham-v-bournemouth,2024-02-01,2023,pl,West Ham,Bournemouth,1.0,1.0,finished,api_football,1035389.0,,,,,,,,,,
pl-2023-2024-02-01-wolves-v-man-united,2024-02-01,2023,pl,Wolves,Man United,3.0,4.0,finished,api_football,1035390.0,,,,,,,,,,
pl-2023-2024-02-03-newcastle-v-luton,2024-02-03,2023,pl,Newcastle,Luton,4.0,4.0,finished,api_football,1035402.0,,,,,,,,,,
pl-2023-2024-02-03-burnley-v-fulham,2024-02-03,2023,pl,Burnley,Fulham,2.0,2.0,finished,api_football,1035398.0,,,,,,,,,,
pl-2023-2024-02-03-sheffield-united-v-aston-villa,2024-02-03,2023,pl,Sheffield United,Aston Villa,0.0,5.0,finished,api_football,1035403.0,,,,,,,,,,
pl-2023-2024-02-03-everton-v-tottenham,2024-02-03,2023,pl,Everton,Tottenham,2.0,2.0,finished,api_football,1035400.0,,,,,,,,,,
pl-2023-2024-02-03-brighton-v-crystal-palace,2024-02-03,2023,pl,Brighton,Crystal Palace,4.0,1.0,finished,api_football,1035397.0,,,,,,,,,,
pl-2023-2024-02-04-man-united-v-west-ham,2024-02-04,2023,pl,Man United,West Ham,3.0,0.0,finished,api_football,1035401.0,,,,,,,,,,
pl-2023-2024-02-04-bournemouth-v-nott-m-forest,2024-02-04,2023,pl,Bournemouth,Nott'm Forest,1.0,1.0,finished,api_football,1035394.0,,,,,,,,,,
pl-2023-2024-02-04-chelsea-v-wolves,2024-02-04,2023,pl,Chelsea,Wolves,2.0,4.0,finished,api_football,1035399.0,,,,,,,,,,
pl-2023-2024-02-04-arsenal-v-liverpool,2024-02-04,2023,pl,Arsenal,Liverpool,3.0,1.0,finished,api_football,1035395.0,,,,,,,,,,
pl-2023-2024-02-05-brentford-v-man-city,2024-02-05,2023,pl,Brentford,Man City,1.0,3.0,finished,api_football,1035396.0,,,,,,,,,,
pl-2023-2024-02-10-nott-m-forest-v-newcastle,2024-02-10,2023,pl,Nott'm Forest,Newcastle,2.0,3.0,finished,api_football,1035410.0,,,,,,,,,,
pl-2023-2024-02-10-tottenham-v-brighton,2024-02-10,2023,pl,Tottenham,Brighton,2.0,1.0,finished,api_football,1035411.0,,,,,,,,,,
pl-2023-2024-02-10-wolves-v-brentford,2024-02-10,2023,pl,Wolves,Brentford,0.0,2.0,finished,api_football,1035413.0,,,,,,,,,,
pl-2023-2024-02-10-liverpool-v-burnley,2024-02-10,2023,pl,Liverpool,Burnley,3.0,1.0,finished,api_football,1035407.0,,,,,,,,,,
pl-2023-2024-02-10-man-city-v-everton,2024-02-10,2023,pl,Man City,Everton,2.0,0.0,finished,api_football,1035409.0,,,,,,,,,,
pl-2023-2024-02-10-luton-v-sheffield-united,2024-02-10,2023,pl,Luton,Sheffield United,1.0,3.0,finished,api_football,1035408.0,,,,,,,,,,
pl-2023-2024-02-10-fulham-v-bournemouth,2024-02-10,2023,pl,Fulham,Bournemouth,3.0,1.0,finished,api_football,1035406.0,,,,,,,,,,
pl-2023-2024-02-11-west-ham-v-arsenal,2024-02-11,2023,pl,West Ham,Arsenal,0.0,6.0,finished,api_football,1035412.0,,,,,,,,,,
pl-2023-2024-02-11-aston-villa-v-man-united,2024-02-11,2023,pl,Aston Villa,Man United,1.0,2.0,finished,api_football,1035404.0,,,,,,,,,,
pl-2023-2024-02-12-crystal-palace-v-chelsea,2024-02-12,2023,pl,Crystal Palace,Chelsea,1.0,3.0,finished,api_football,1035405.0,,,,,,,,,,
pl-2023-2024-02-17-man-city-v-chelsea,2024-02-17,2023,pl,Man City,Chelsea,1.0,1.0,finished,api_football,1035419.0,,,,,,,,,,
pl-2023-2024-02-17-nott-m-forest-v-west-ham,2024-02-17,2023,pl,Nott'm Forest,West Ham,2.0,0.0,finished,api_football,1035421.0,,,,,,,,,,
pl-2023-2024-02-17-tottenham-v-wolves,2024-02-17,2023,pl,Tottenham,Wolves,1.0,2.0,finished,api_football,1035423.0,,,,,,,,,,
pl-2023-2024-02-17-burnley-v-arsenal,2024-02-17,2023,pl,Burnley,Arsenal,0.0,5.0,finished,api_football,1035415.0,,,,,,,,,,
pl-2023-2024-02-17-fulham-v-aston-villa,2024-02-17,2023,pl,Fulham,Aston Villa,1.0,2.0,finished,api_football,1035417.0,,,,,,,,,,
pl-2023-2024-02-17-newcastle-v-bournemouth,2024-02-17,2023,pl,Newcastle,Bournemouth,2.0,2.0,finished,api_football,1035420.0,,,,,,,,,,
pl-2023-2024-02-17-brentford-v-liverpool,2024-02-17,2023,pl,Brentford,Liverpool,1.0,4.0,finished,api_football,1035414.0,,,,,,,,,,
pl-2023-2024-02-18-sheffield-united-v-brighton,2024-02-18,2023,pl,Sheffield United,Brighton,0.0,5.0,finished,api_football,1035422.0,,,,,,,,,,
pl-2023-2024-02-18-luton-v-man-united,2024-02-18,2023,pl,Luton,Man United,1.0,2.0,finished,api_football,1035418.0,,,,,,,,,,
pl-2023-2024-02-19-everton-v-crystal-palace,2024-02-19,2023,pl,Everton,Crystal Palace,1.0,1.0,finished,api_football,1035416.0,,,,,,,,,,
pl-2023-2024-02-20-man-city-v-brentford,2024-02-20,2023,pl,Man City,Brentford,1.0,0.0,finished,api_football,1035349.0,,,,,,,,,,
pl-2023-2024-02-21-liverpool-v-luton,2024-02-21,2023,pl,Liverpool,Luton,4.0,1.0,finished,api_football,1035430.0,,,,,,,,,,
pl-2023-2024-02-24-bournemouth-v-man-city,2024-02-24,2023,pl,Bournemouth,Man City,0.0,1.0,finished,api_football,1035424.0,,,,,,,,,,
pl-2023-2024-02-24-aston-villa-v-nott-m-forest,2024-02-24,2023,pl,Aston Villa,Nott'm Forest,4.0,2.0,finished,api_football,1035426.0,,,,,,,,,,
pl-2023-2024-02-24-arsenal-v-newcastle,2024-02-24,2023,pl,Arsenal,Newcastle,4.0,1.0,finished,api_football,1035425.0,,,,,,,,,,
pl-2023-2024-02-24-brighton-v-everton,2024-02-24,2023,pl,Brighton,Everton,1.0,1.0,finished,api_football,1035427.0,,,,,,,,,,
pl-2023-2024-02-24-man-united-v-fulham,2024-02-24,2023,pl,Man United,Fulham,1.0,2.0,finished,api_football,1035431.0,,,,,,,,,,
pl-2023-2024-02-24-crystal-palace-v-burnley,2024-02-24,2023,pl,Crystal Palace,Burnley,3.0,0.0,finished,api_football,1035429.0,,,,,,,,,,
pl-2023-2024-02-25-wolves-v-sheffield-united,2024-02-25,2023,pl,Wolves,Sheffield United,1.0,0.0,finished,api_football,1035433.0,,,,,,,,,,
pl-2023-2024-02-26-west-ham-v-brentford,2024-02-26,2023,pl,West Ham,Brentford,4.0,2.0,finished,api_football,1035432.0,,,,,,,,,,
pl-2023-2024-03-02-newcastle-v-wolves,2024-03-02,2023,pl,Newcastle,Wolves,3.0,0.0,finished,api_football,1035440.0,,,,,,,,,,
pl-2023-2024-03-02-fulham-v-brighton,2024-03-02,2023,pl,Fulham,Brighton,3.0,0.0,finished,api_football,1035437.0,,,,,,,,,,
pl-2023-2024-03-02-everton-v-west-ham,2024-03-02,2023,pl,Everton,West Ham,1.0,3.0,finished,api_football,1035436.0,,,,,,,,,,
pl-2023-2024-03-02-tottenham-v-crystal-palace,2024-03-02,2023,pl,Tottenham,Crystal Palace,3.0,1.0,finished,api_football,1035443.0,,,,,,,,,,
pl-2023-2024-03-02-brentford-v-chelsea,2024-03-02,2023,pl,Brentford,Chelsea,2.0,2.0,finished,api_football,1035434.0,,,,,,,,,,
pl-2023-2024-03-02-nott-m-forest-v-liverpool,2024-03-02,2023,pl,Nott'm Forest,Liverpool,0.0,1.0,finished,api_football,1035441.0,,,,,,,,,,
pl-2023-2024-03-02-luton-v-aston-villa,2024-03-02,2023,pl,Luton,Aston Villa,2.0,3.0,finished,api_football,1035438.0,,,,,,,,,,
pl-2023-2024-03-03-man-city-v-man-united,2024-03-03,2023,pl,Man City,Man United,3.0,1.0,finished,api_football,1035439.0,,,,,,,,,,
pl-2023-2024-03-03-burnley-v-bournemouth,2024-03-03,2023,pl,Burnley,Bournemouth,0.0,2.0,finished,api_football,1035435.0,,,,,,,,,,
pl-2023-2024-03-04-sheffield-united-v-arsenal,2024-03-04,2023,pl,Sheffield United,Arsenal,0.0,6.0,finished,api_football,1035442.0,,,,,,,,,,
pl-2023-2024-03-09-man-united-v-everton,2024-03-09,2023,pl,Man United,Everton,2.0,0.0,finished,api_football,1035451.0,,,,,,,,,,
pl-2023-2024-03-09-bournemouth-v-sheffield-united,2024-03-09,2023,pl,Bournemouth,Sheffield United,2.0,2.0,finished,api_football,1035444.0,,,,,,,,,,
pl-2023-2024-03-09-wolves-v-fulham,2024-03-09,2023,pl,Wolves,Fulham,2.0,1.0,finished,api_football,1035453.0,,,,,,,,,,
pl-2023-2024-03-09-crystal-palace-v-luton,2024-03-09,2023,pl,Crystal Palace,Luton,1.0,1.0,finished,api_football,1035449.0,,,,,,,,,,
pl-2023-2024-03-09-arsenal-v-brentford,2024-03-09,2023,pl,Arsenal,Brentford,2.0,1.0,finished,api_football,1035445.0,,,,,,,,,,
pl-2023-2024-03-10-aston-villa-v-tottenham,2024-03-10,2023,pl,Aston Villa,Tottenham,0.0,4.0,finished,api_football,1035446.0,,,,,,,,,,
pl-2023-2024-03-10-west-ham-v-burnley,2024-03-10,2023,pl,West Ham,Burnley,2.0,2.0,finished,api_football,1035452.0,,,,,,,,,,
pl-2023-2024-03-10-brighton-v-nott-m-forest,2024-03-10,2023,pl,Brighton,Nott'm Forest,1.0,0.0,finished,api_football,1035447.0,,,,,,,,,,
pl-2023-2024-03-10-liverpool-v-man-city,2024-03-10,2023,pl,Liverpool,Man City,1.0,1.0,finished,api_football,1035450.0,,,,,,,,,,
pl-2023-2024-03-11-chelsea-v-newcastle,2024-03-11,2023,pl,Chelsea,Newcastle,3.0,2.0,finished,api_football,1035448.0,,,,,,,,,,
pl-2023-2024-03-13-bournemouth-v-luton,2024-03-13,2023,pl,Bournemouth,Luton,4.0,3.0,finished,api_football,1035334.0,,,,,,,,,,
pl-2023-2024-03-16-fulham-v-tottenham,2024-03-16,2023,pl,Fulham,Tottenham,3.0,0.0,finished,api_football,1035459.0,,,,,,,,,,
pl-2023-2024-03-16-luton-v-nott-m-forest,2024-03-16,2023,pl,Luton,Nott'm Forest,1.0,1.0,finished,api_football,1035460.0,,,,,,,,,,
pl-2023-2024-03-16-burnley-v-brentford,2024-03-16,2023,pl,Burnley,Brentford,2.0,1.0,finished,api_football,1035456.0,,,,,,,,,,
pl-2023-2024-03-17-west-ham-v-aston-villa,2024-03-17,2023,pl,West Ham,Aston Villa,1.0,1.0,finished,api_football,1035462.0,,,,,,,,,,
pl-2023-2024-03-30-newcastle-v-west-ham,2024-03-30,2023,pl,Newcastle,West Ham,4.0,3.0,finished,api_football,1035470.0,,,,,,,,,,
pl-2023-2024-03-30-bournemouth-v-everton,2024-03-30,2023,pl,Bournemouth,Everton,2.0,1.0,finished,api_football,1035464.0,,,,,,,,,,
pl-2023-2024-03-30-tottenham-v-luton,2024-03-30,2023,pl,Tottenham,Luton,2.0,1.0,finished,api_football,1035473.0,,,,,,,,,,
pl-2023-2024-03-30-chelsea-v-burnley,2024-03-30,2023,pl,Chelsea,Burnley,2.0,2.0,finished,api_football,1035467.0,,,,,,,,,,
pl-2023-2024-03-30-sheffield-united-v-fulham,2024-03-30,2023,pl,Sheffield United,Fulham,3.0,3.0,finished,api_football,1035472.0,,,,,,,,,,
pl-2023-2024-03-30-nott-m-forest-v-crystal-palace,2024-03-30,2023,pl,Nott'm Forest,Crystal Palace,1.0,1.0,finished,api_football,1035471.0,,,,,,,,,,
pl-2023-2024-03-30-aston-villa-v-wolves,2024-03-30,2023,pl,Aston Villa,Wolves,2.0,0.0,finished,api_football,1035465.0,,,,,,,,,,
pl-2023-2024-03-30-brentford-v-man-united,2024-03-30,2023,pl,Brentford,Man United,1.0,1.0,finished,api_football,1035466.0,,,,,,,,,,
pl-2023-2024-03-31-liverpool-v-brighton,2024-03-31,2023,pl,Liverpool,Brighton,2.0,1.0,finished,api_football,1035468.0,,,,,,,,,,
pl-2023-2024-03-31-man-city-v-arsenal,2024-03-31,2023,pl,Man City,Arsenal,0.0,0.0,finished,api_football,1035469.0,,,,,,,,,,
pl-2023-2024-04-02-newcastle-v-everton,2024-04-02,2023,pl,Newcastle,Everton,1.0,1.0,finished,api_football,1035481.0,,,,,,,,,,
pl-2023-2024-04-02-burnley-v-wolves,2024-04-02,2023,pl,Burnley,Wolves,1.0,1.0,finished,api_football,1035477.0,,,,,,,,,,
pl-2023-2024-04-02-bournemouth-v-crystal-palace,2024-04-02,2023,pl,Bournemouth,Crystal Palace,1.0,0.0,finished,api_football,1035474.0,,,,,,,,,,
pl-2023-2024-04-02-nott-m-forest-v-fulham,2024-04-02,2023,pl,Nott'm Forest,Fulham,3.0,1.0,finished,api_football,1035478.0,,,,,,,,,,
pl-2023-2024-04-02-west-ham-v-tottenham,2024-04-02,2023,pl,West Ham,Tottenham,1.0,1.0,finished,api_football,1035479.0,,,,,,,,,,
pl-2023-2024-04-03-arsenal-v-luton,2024-04-03,2023,pl,Arsenal,Luton,2.0,0.0,finished,api_football,1035475.0,,,,,,,,,,
pl-2023-2024-04-03-brentford-v-brighton,2024-04-03,2023,pl,Brentford,Brighton,0.0,0.0,finished,api_football,1035476.0,,,,,,,,,,
pl-2023-2024-04-03-man-city-v-aston-villa,2024-04-03,2023,pl,Man City,Aston Villa,4.0,1.0,finished,api_football,1035483.0,,,,,,,,,,
pl-2023-2024-04-04-liverpool-v-sheffield-united,2024-04-04,2023,pl,Liverpool,Sheffield United,3.0,1.0,finished,api_football,1035482.0,,,,,,,,,,
pl-2023-2024-04-04-chelsea-v-man-united,2024-04-04,2023,pl,Chelsea,Man United,4.0,3.0,finished,api_football,1035480.0,,,,,,,,,,
pl-2023-2024-04-06-luton-v-bournemouth,2024-04-06,2023,pl,Luton,Bournemouth,2.0,1.0,finished,api_football,1035489.0,,,,,,,,,,
pl-2023-2024-04-06-fulham-v-newcastle,2024-04-06,2023,pl,Fulham,Newcastle,0.0,1.0,finished,api_football,1035488.0,,,,,,,,,,
pl-2023-2024-04-06-aston-villa-v-brentford,2024-04-06,2023,pl,Aston Villa,Brentford,3.0,3.0,finished,api_football,1035484.0,,,,,,,,,,
pl-2023-2024-04-06-everton-v-burnley,2024-04-06,2023,pl,Everton,Burnley,1.0,0.0,finished,api_football,1035487.0,,,,,,,,,,
pl-2023-2024-04-06-wolves-v-west-ham,2024-04-06,2023,pl,Wolves,West Ham,1.0,2.0,finished,api_football,1035493.0,,,,,,,,,,
pl-2023-2024-04-06-crystal-palace-v-man-city,2024-04-06,2023,pl,Crystal Palace,Man City,2.0,4.0,finished,api_football,1035486.0,,,,,,,,,,
pl-2023-2024-04-06-brighton-v-arsenal,2024-04-06,2023,pl,Brighton,Arsenal,0.0,3.0,finished,api_football,1035485.0,,,,,,,,,,
pl-2023-2024-04-07-man-united-v-liverpool,2024-04-07,2023,pl,Man United,Liverpool,2.0,2.0,finished,api_football,1035490.0,,,,,,,,,,
pl-2023-2024-04-07-sheffield-united-v-chelsea,2024-04-07,2023,pl,Sheffield United,Chelsea,2.0,2.0,finished,api_football,1035491.0,,,,,,,,,,
pl-2023-2024-04-07-tottenham-v-nott-m-forest,2024-04-07,2023,pl,Tottenham,Nott'm Forest,3.0,1.0,finished,api_football,1035492.0,,,,,,,,,,
pl-2023-2024-04-13-nott-m-forest-v-wolves,2024-04-13,2023,pl,Nott'm Forest,Wolves,2.0,2.0,finished,api_football,1035502.0,,,,,,,,,,
pl-2023-2024-04-13-brentford-v-sheffield-united,2024-04-13,2023,pl,Brentford,Sheffield United,2.0,0.0,finished,api_football,1035496.0,,,,,,,,,,
pl-2023-2024-04-13-bournemouth-v-man-united,2024-04-13,2023,pl,Bournemouth,Man United,2.0,2.0,finished,api_football,1035494.0,,,,,,,,,,
pl-2023-2024-04-13-burnley-v-brighton,2024-04-13,2023,pl,Burnley,Brighton,1.0,1.0,finished,api_football,1035497.0,,,,,,,,,,
pl-2023-2024-04-13-man-city-v-luton,2024-04-13,2023,pl,Man City,Luton,5.0,1.0,finished,api_football,1035500.0,,,,,,,,,,
pl-2023-2024-04-13-newcastle-v-tottenham,2024-04-13,2023,pl,Newcastle,Tottenham,4.0,0.0,finished,api_football,1035501.0,,,,,,,,,,
pl-2023-2024-04-14-liverpool-v-crystal-palace,2024-04-14,2023,pl,Liverpool,Crystal Palace,0.0,1.0,finished,api_football,1035499.0,,,,,,,,,,
pl-2023-2024-04-14-west-ham-v-fulham,2024-04-14,2023,pl,West Ham,Fulham,0.0,2.0,finished,api_football,1035503.0,,,,,,,,,,
pl-2023-2024-04-14-arsenal-v-aston-villa,2024-04-14,2023,pl,Arsenal,Aston Villa,0.0,2.0,finished,api_football,1035495.0,,,,,,,,,,
pl-2023-2024-04-15-chelsea-v-everton,2024-04-15,2023,pl,Chelsea,Everton,6.0,0.0,finished,api_football,1035498.0,,,,,,,,,,
pl-2023-2024-04-20-sheffield-united-v-burnley,2024-04-20,2023,pl,Sheffield United,Burnley,1.0,4.0,finished,api_football,1035511.0,,,,,,,,,,
pl-2023-2024-04-20-luton-v-brentford,2024-04-20,2023,pl,Luton,Brentford,1.0,5.0,finished,api_football,1035509.0,,,,,,,,,,
pl-2023-2024-04-20-wolves-v-arsenal,2024-04-20,2023,pl,Wolves,Arsenal,0.0,2.0,finished,api_football,1035513.0,,,,,,,,,,
pl-2023-2024-04-21-fulham-v-liverpool,2024-04-21,2023,pl,Fulham,Liverpool,1.0,3.0,finished,api_football,1035508.0,,,,,,,,,,
pl-2023-2024-04-21-aston-villa-v-bournemouth,2024-04-21,2023,pl,Aston Villa,Bournemouth,3.0,1.0,finished,api_football,1035504.0,,,,,,,,,,
pl-2023-2024-04-21-crystal-palace-v-west-ham,2024-04-21,2023,pl,Crystal Palace,West Ham,5.0,2.0,finished,api_football,1035506.0,,,,,,,,,,
pl-2023-2024-04-21-everton-v-nott-m-forest,2024-04-21,2023,pl,Everton,Nott'm Forest,2.0,0.0,finished,api_football,1035507.0,,,,,,,,,,
pl-2023-2024-04-23-arsenal-v-chelsea,2024-04-23,2023,pl,Arsenal,Chelsea,5.0,0.0,finished,api_football,1035454.0,,,,,,,,,,
pl-2023-2024-04-24-wolves-v-bournemouth,2024-04-24,2023,pl,Wolves,Bournemouth,0.0,1.0,finished,api_football,1035463.0,,,,,,,,,,
pl-2023-2024-04-24-man-united-v-sheffield-united,2024-04-24,2023,pl,Man United,Sheffield United,4.0,2.0,finished,api_football,1035461.0,,,,,,,,,,
pl-2023-2024-04-24-everton-v-liverpool,2024-04-24,2023,pl,Everton,Liverpool,2.0,0.0,finished,api_football,1035458.0,,,,,,,,,,
pl-2023-2024-04-24-crystal-palace-v-newcastle,2024-04-24,2023,pl,Crystal Palace,Newcastle,2.0,0.0,finished,api_football,1035457.0,,,,,,,,,,
pl-2023-2024-04-25-brighton-v-man-city,2024-04-25,2023,pl,Brighton,Man City,0.0,4.0,finished,api_football,1035455.0,,,,,,,,,,
pl-2023-2024-04-27-aston-villa-v-chelsea,2024-04-27,2023,pl,Aston Villa,Chelsea,2.0,2.0,finished,api_football,1035515.0,,,,,,,,,,
pl-2023-2024-04-27-everton-v-brentford,2024-04-27,2023,pl,Everton,Brentford,1.0,0.0,finished,api_football,1035516.0,,,,,,,,,,
pl-2023-2024-04-27-wolves-v-luton,2024-04-27,2023,pl,Wolves,Luton,2.0,1.0,finished,api_football,1035523.0,,,,,,,,,,
pl-2023-2024-04-27-fulham-v-crystal-palace,2024-04-27,2023,pl,Fulham,Crystal Palace,1.0,1.0,finished,api_football,1035517.0,,,,,,,,,,
pl-2023-2024-04-27-newcastle-v-sheffield-united,2024-04-27,2023,pl,Newcastle,Sheffield United,5.0,1.0,finished,api_football,1035519.0,,,,,,,,,,
pl-2023-2024-04-27-man-united-v-burnley,2024-04-27,2023,pl,Man United,Burnley,1.0,1.0,finished,api_football,1035518.0,,,,,,,,,,
pl-2023-2024-04-27-west-ham-v-liverpool,2024-04-27,2023,pl,West Ham,Liverpool,2.0,2.0,finished,api_football,1035522.0,,,,,,,,,,
pl-2023-2024-04-28-bournemouth-v-brighton,2024-04-28,2023,pl,Bournemouth,Brighton,3.0,0.0,finished,api_football,1035514.0,,,,,,,,,,
pl-2023-2024-04-28-tottenham-v-arsenal,2024-04-28,2023,pl,Tottenham,Arsenal,2.0,3.0,finished,api_football,1035521.0,,,,,,,,,,
pl-2023-2024-04-28-nott-m-forest-v-man-city,2024-04-28,2023,pl,Nott'm Forest,Man City,0.0,2.0,finished,api_football,1035520.0,,,,,,,,,,
pl-2023-2024-05-02-chelsea-v-tottenham,2024-05-02,2023,pl,Chelsea,Tottenham,2.0,0.0,finished,api_football,1035428.0,,,,,,,,,,
pl-2023-2024-05-03-luton-v-everton,2024-05-03,2023,pl,Luton,Everton,1.0,1.0,finished,api_football,1035531.0,,,,,,,,,,
pl-2023-2024-05-04-brentford-v-fulham,2024-05-04,2023,pl,Brentford,Fulham,0.0,0.0,finished,api_football,1035525.0,,,,,,,,,,
pl-2023-2024-05-04-arsenal-v-bournemouth,2024-05-04,2023,pl,Arsenal,Bournemouth,3.0,0.0,finished,api_football,1035524.0,,,,,,,,,,
pl-2023-2024-05-04-man-city-v-wolves,2024-05-04,2023,pl,Man City,Wolves,5.0,1.0,finished,api_football,1035532.0,,,,,,,,,,
pl-2023-2024-05-04-burnley-v-newcastle,2024-05-04,2023,pl,Burnley,Newcastle,1.0,4.0,finished,api_football,1035527.0,,,,,,,,,,
pl-2023-2024-05-04-sheffield-united-v-nott-m-forest,2024-05-04,2023,pl,Sheffield United,Nott'm Forest,1.0,3.0,finished,api_football,1035533.0,,,,,,,,,,
pl-2023-2024-05-05-chelsea-v-west-ham,2024-05-05,2023,pl,Chelsea,West Ham,5.0,0.0,finished,api_football,1035528.0,,,,,,,,,,
pl-2023-2024-05-05-brighton-v-aston-villa,2024-05-05,2023,pl,Brighton,Aston Villa,1.0,0.0,finished,api_football,1035526.0,,,,,,,,,,
pl-2023-2024-05-05-liverpool-v-tottenham,2024-05-05,2023,pl,Liverpool,Tottenham,4.0,2.0,finished,api_football,1035530.0,,,,,,,,,,
pl-2023-2024-05-06-crystal-palace-v-man-united,2024-05-06,2023,pl,Crystal Palace,Man United,4.0,0.0,finished,api_football,1035529.0,,,,,,,,,,
pl-2023-2024-05-11-west-ham-v-luton,2024-05-11,2023,pl,West Ham,Luton,3.0,1.0,finished,api_football,1035542.0,,,,,,,,,,
pl-2023-2024-05-11-tottenham-v-burnley,2024-05-11,2023,pl,Tottenham,Burnley,2.0,1.0,finished,api_football,1035541.0,,,,,,,,,,
pl-2023-2024-05-11-nott-m-forest-v-chelsea,2024-05-11,2023,pl,Nott'm Forest,Chelsea,2.0,3.0,finished,api_football,1035540.0,,,,,,,,,,
pl-2023-2024-05-11-everton-v-sheffield-united,2024-05-11,2023,pl,Everton,Sheffield United,1.0,0.0,finished,api_football,1035536.0,,,,,,,,,,
pl-2023-2024-05-11-wolves-v-crystal-palace,2024-05-11,2023,pl,Wolves,Crystal Palace,1.0,3.0,finished,api_football,1035543.0,,,,,,,,,,
pl-2023-2024-05-11-newcastle-v-brighton,2024-05-11,2023,pl,Newcastle,Brighton,1.0,1.0,finished,api_football,1035539.0,,,,,,,,,,
pl-2023-2024-05-11-fulham-v-man-city,2024-05-11,2023,pl,Fulham,Man City,0.0,4.0,finished,api_football,1035537.0,,,,,,,,,,
pl-2023-2024-05-11-bournemouth-v-brentford,2024-05-11,2023,pl,Bournemouth,Brentford,1.0,2.0,finished,api_football,1035534.0,,,,,,,,,,
pl-2023-2024-05-12-man-united-v-arsenal,2024-05-12,2023,pl,Man United,Arsenal,0.0,1.0,finished,api_football,1035538.0,,,,,,,,,,
pl-2023-2024-05-13-aston-villa-v-liverpool,2024-05-13,2023,pl,Aston Villa,Liverpool,3.0,3.0,finished,api_football,1035535.0,,,,,,,,,,
pl-2023-2024-05-14-tottenham-v-man-city,2024-05-14,2023,pl,Tottenham,Man City,0.0,2.0,finished,api_football,1035512.0,,,,,,,,,,
pl-2023-2024-05-15-brighton-v-chelsea,2024-05-15,2023,pl,Brighton,Chelsea,1.0,2.0,finished,api_football,1035505.0,,,,,,,,,,
pl-2023-2024-05-15-man-united-v-newcastle,2024-05-15,2023,pl,Man United,Newcastle,3.0,2.0,finished,api_football,1035510.0,,,,,,,,,,
pl-2023-2024-05-19-brentford-v-newcastle,2024-05-19,2023,pl,Brentford,Newcastle,2.0,4.0,finished,api_football,1035545.0,,,,,,,,,,
pl-2023-2024-05-19-luton-v-fulham,2024-05-19,2023,pl,Luton,Fulham,2.0,4.0,finished,api_football,1035551.0,,,,,,,,,,
pl-2023-2024-05-19-sheffield-united-v-tottenham,2024-05-19,2023,pl,Sheffield United,Tottenham,0.0,3.0,finished,api_football,1035553.0,,,,,,,,,,
pl-2023-2024-05-19-brighton-v-man-united,2024-05-19,2023,pl,Brighton,Man United,0.0,2.0,finished,api_football,1035546.0,,,,,,,,,,
pl-2023-2024-05-19-crystal-palace-v-aston-villa,2024-05-19,2023,pl,Crystal Palace,Aston Villa,5.0,0.0,finished,api_football,1035549.0,,,,,,,,,,
pl-2023-2024-05-19-chelsea-v-bournemouth,2024-05-19,2023,pl,Chelsea,Bournemouth,2.0,1.0,finished,api_football,1035548.0,,,,,,,,,,
pl-2023-2024-05-19-man-city-v-west-ham,2024-05-19,2023,pl,Man City,West Ham,3.0,1.0,finished,api_football,1035552.0,,,,,,,,,,
pl-2023-2024-05-19-liverpool-v-wolves,2024-05-19,2023,pl,Liverpool,Wolves,2.0,0.0,finished,api_football,1035550.0,,,,,,,,,,
pl-2023-2024-05-19-burnley-v-nott-m-forest,2024-05-19,2023,pl,Burnley,Nott'm Forest,1.0,2.0,finished,api_football,1035547.0,,,,,,,,,,
pl-2023-2024-05-19-arsenal-v-everton,2024-05-19,2023,pl,Arsenal,Everton,2.0,1.0,finished,api_football,1035544.0,,,,,,,,,,
pl-2024-2024-08-16-man-united-v-fulham,2024-08-16,2024,pl,Man United,Fulham,1.0,0.0,finished,api_football,1208021.0,,,,,,,,,,
pl-2024-2024-08-17-nott-m-forest-v-bournemouth,2024-08-17,2024,pl,Nott'm Forest,Bournemouth,1.0,1.0,finished,api_football,1208026.0,,,,,,,,,,
pl-2024-2024-08-17-everton-v-brighton,2024-08-17,2024,pl,Everton,Brighton,0.0,3.0,finished,api_football,1208024.0,,,,,,,,,,
pl-2024-2024-08-17-west-ham-v-aston-villa,2024-08-17,2024,pl,West Ham,Aston Villa,1.0,2.0,finished,api_football,1208027.0,,,,,,,,,,
pl-2024-2024-08-17-newcastle-v-southampton,2024-08-17,2024,pl,Newcastle,Southampton,1.0,0.0,finished,api_football,1208025.0,,,,,,,,,,
pl-2024-2024-08-17-ipswich-town-v-liverpool,2024-08-17,2024,pl,Ipswich Town,Liverpool,0.0,2.0,finished,api_football,1208022.0,,,,,,,,,,
pl-2024-2024-08-17-arsenal-v-wolves,2024-08-17,2024,pl,Arsenal,Wolves,2.0,0.0,finished,api_football,1208023.0,,,,,,,,,,
pl-2024-2024-08-18-brentford-v-crystal-palace,2024-08-18,2024,pl,Brentford,Crystal Palace,2.0,1.0,finished,api_football,1208028.0,,,,,,,,,,
pl-2024-2024-08-18-chelsea-v-man-city,2024-08-18,2024,pl,Chelsea,Man City,0.0,2.0,finished,api_football,1208029.0,,,,,,,,,,
pl-2024-2024-08-19-leicester-v-tottenham,2024-08-19,2024,pl,Leicester,Tottenham,1.0,1.0,finished,api_football,1208030.0,,,,,,,,,,
pl-2024-2024-08-24-man-city-v-ipswich-town,2024-08-24,2024,pl,Man City,Ipswich Town,4.0,1.0,finished,api_football,1208037.0,,,,,,,,,,
pl-2024-2024-08-24-crystal-palace-v-west-ham,2024-08-24,2024,pl,Crystal Palace,West Ham,0.0,2.0,finished,api_football,1208034.0,,,,,,,,,,
pl-2024-2024-08-24-aston-villa-v-arsenal,2024-08-24,2024,pl,Aston Villa,Arsenal,0.0,2.0,finished,api_football,1208032.0,,,,,,,,,,
pl-2024-2024-08-24-brighton-v-man-united,2024-08-24,2024,pl,Brighton,Man United,2.0,1.0,finished,api_football,1208033.0,,,,,,,,,,
pl-2024-2024-08-24-fulham-v-leicester,2024-08-24,2024,pl,Fulham,Leicester,2.0,1.0,finished,api_football,1208035.0,,,,,,,,,,
pl-2024-2024-08-24-southampton-v-nott-m-forest,2024-08-24,2024,pl,Southampton,Nott'm Forest,0.0,1.0,finished,api_football,1208038.0,,,,,,,,,,
pl-2024-2024-08-24-tottenham-v-everton,2024-08-24,2024,pl,Tottenham,Everton,4.0,0.0,finished,api_football,1208039.0,,,,,,,,,,
pl-2024-2024-08-25-bournemouth-v-newcastle,2024-08-25,2024,pl,Bournemouth,Newcastle,1.0,1.0,finished,api_football,1208031.0,,,,,,,,,,
pl-2024-2024-08-25-wolves-v-chelsea,2024-08-25,2024,pl,Wolves,Chelsea,2.0,6.0,finished,api_football,1208040.0,,,,,,,,,,
pl-2024-2024-08-25-liverpool-v-brentford,2024-08-25,2024,pl,Liverpool,Brentford,2.0,0.0,finished,api_football,1208036.0,,,,,,,,,,
pl-2024-2024-08-31-arsenal-v-brighton,2024-08-31,2024,pl,Arsenal,Brighton,1.0,1.0,finished,api_football,1208041.0,,,,,,,,,,
pl-2024-2024-08-31-everton-v-bournemouth,2024-08-31,2024,pl,Everton,Bournemouth,2.0,3.0,finished,api_football,1208044.0,,,,,,,,,,
pl-2024-2024-08-31-leicester-v-aston-villa,2024-08-31,2024,pl,Leicester,Aston Villa,1.0,2.0,finished,api_football,1208046.0,,,,,,,,,,
pl-2024-2024-08-31-brentford-v-southampton,2024-08-31,2024,pl,Brentford,Southampton,3.0,1.0,finished,api_football,1208042.0,,,,,,,,,,
pl-2024-2024-08-31-ipswich-town-v-fulham,2024-08-31,2024,pl,Ipswich Town,Fulham,1.0,1.0,finished,api_football,1208045.0,,,,,,,,,,
pl-2024-2024-08-31-nott-m-forest-v-wolves,2024-08-31,2024,pl,Nott'm Forest,Wolves,1.0,1.0,finished,api_football,1208049.0,,,,,,,,,,
pl-2024-2024-08-31-west-ham-v-man-city,2024-08-31,2024,pl,West Ham,Man City,1.0,3.0,finished,api_football,1208050.0,,,,,,,,,,
pl-2024-2024-09-01-newcastle-v-tottenham,2024-09-01,2024,pl,Newcastle,Tottenham,2.0,1.0,finished,api_football,1208048.0,,,,,,,,,,
pl-2024-2024-09-01-chelsea-v-crystal-palace,2024-09-01,2024,pl,Chelsea,Crystal Palace,1.0,1.0,finished,api_football,1208043.0,,,,,,,,,,
pl-2024-2024-09-01-man-united-v-liverpool,2024-09-01,2024,pl,Man United,Liverpool,0.0,3.0,finished,api_football,1208047.0,,,,,,,,,,
pl-2024-2024-09-14-brighton-v-ipswich-town,2024-09-14,2024,pl,Brighton,Ipswich Town,0.0,0.0,finished,api_football,1208053.0,,,,,,,,,,
pl-2024-2024-09-14-bournemouth-v-chelsea,2024-09-14,2024,pl,Bournemouth,Chelsea,0.0,1.0,finished,api_football,1208051.0,,,,,,,,,,
pl-2024-2024-09-14-crystal-palace-v-leicester,2024-09-14,2024,pl,Crystal Palace,Leicester,2.0,2.0,finished,api_football,1208054.0,,,,,,,,,,
pl-2024-2024-09-14-aston-villa-v-everton,2024-09-14,2024,pl,Aston Villa,Everton,3.0,2.0,finished,api_football,1208052.0,,,,,,,,,,
pl-2024-2024-09-14-southampton-v-man-united,2024-09-14,2024,pl,Southampton,Man United,0.0,3.0,finished,api_football,1208058.0,,,,,,,,,,
pl-2024-2024-09-14-liverpool-v-nott-m-forest,2024-09-14,2024,pl,Liverpool,Nott'm Forest,0.0,1.0,finished,api_football,1208056.0,,,,,,,,,,
pl-2024-2024-09-14-man-city-v-brentford,2024-09-14,2024,pl,Man City,Brentford,2.0,1.0,finished,api_football,1208057.0,,,,,,,,,,
pl-2024-2024-09-14-fulham-v-west-ham,2024-09-14,2024,pl,Fulham,West Ham,1.0,1.0,finished,api_football,1208055.0,,,,,,,,,,
pl-2024-2024-09-15-wolves-v-newcastle,2024-09-15,2024,pl,Wolves,Newcastle,1.0,2.0,finished,api_football,1208060.0,,,,,,,,,,
pl-2024-2024-09-15-tottenham-v-arsenal,2024-09-15,2024,pl,Tottenham,Arsenal,0.0,1.0,finished,api_football,1208059.0,,,,,,,,,,
pl-2024-2024-09-21-leicester-v-everton,2024-09-21,2024,pl,Leicester,Everton,1.0,1.0,finished,api_football,1208065.0,,,,,,,,,,
pl-2024-2024-09-21-crystal-palace-v-man-united,2024-09-21,2024,pl,Crystal Palace,Man United,0.0,0.0,finished,api_football,1208063.0,,,,,,,,,,
pl-2024-2024-09-21-aston-villa-v-wolves,2024-09-21,2024,pl,Aston Villa,Wolves,3.0,1.0,finished,api_football,1208061.0,,,,,,,,,,
pl-2024-2024-09-21-tottenham-v-brentford,2024-09-21,2024,pl,Tottenham,Brentford,3.0,1.0,finished,api_football,1208069.0,,,,,,,,,,
pl-2024-2024-09-21-liverpool-v-bournemouth,2024-09-21,2024,pl,Liverpool,Bournemouth,3.0,0.0,finished,api_football,1208066.0,,,,,,,,,,
pl-2024-2024-09-21-west-ham-v-chelsea,2024-09-21,2024,pl,West Ham,Chelsea,0.0,3.0,finished,api_football,1208070.0,,,,,,,,,,
pl-2024-2024-09-21-fulham-v-newcastle,2024-09-21,2024,pl,Fulham,Newcastle,3.0,1.0,finished,api_football,1208064.0,,,,,,,,,,
pl-2024-2024-09-21-southampton-v-ipswich-town,2024-09-21,2024,pl,Southampton,Ipswich Town,1.0,1.0,finished,api_football,1208068.0,,,,,,,,,,
pl-2024-2024-09-22-brighton-v-nott-m-forest,2024-09-22,2024,pl,Brighton,Nott'm Forest,2.0,2.0,finished,api_football,1208062.0,,,,,,,,,,
pl-2024-2024-09-22-man-city-v-arsenal,2024-09-22,2024,pl,Man City,Arsenal,2.0,2.0,finished,api_football,1208067.0,,,,,,,,,,
pl-2024-2024-09-28-wolves-v-liverpool,2024-09-28,2024,pl,Wolves,Liverpool,1.0,2.0,finished,api_football,1208080.0,,,,,,,,,,
pl-2024-2024-09-28-nott-m-forest-v-fulham,2024-09-28,2024,pl,Nott'm Forest,Fulham,0.0,1.0,finished,api_football,1208079.0,,,,,,,,,,
pl-2024-2024-09-28-brentford-v-west-ham,2024-09-28,2024,pl,Brentford,West Ham,1.0,1.0,finished,api_football,1208073.0,,,,,,,,,,
pl-2024-2024-09-28-chelsea-v-brighton,2024-09-28,2024,pl,Chelsea,Brighton,4.0,2.0,finished,api_football,1208074.0,,,,,,,,,,
pl-2024-2024-09-28-everton-v-crystal-palace,2024-09-28,2024,pl,Everton,Crystal Palace,2.0,1.0,finished,api_football,1208075.0,,,,,,,,,,
pl-2024-2024-09-28-arsenal-v-leicester,2024-09-28,2024,pl,Arsenal,Leicester,4.0,2.0,finished,api_football,1208072.0,,,,,,,,,,
pl-2024-2024-09-28-newcastle-v-man-city,2024-09-28,2024,pl,Newcastle,Man City,1.0,1.0,finished,api_football,1208078.0,,,,,,,,,,
pl-2024-2024-09-29-ipswich-town-v-aston-villa,2024-09-29,2024,pl,Ipswich Town,Aston Villa,2.0,2.0,finished,api_football,1208076.0,,,,,,,,,,
pl-2024-2024-09-29-man-united-v-tottenham,2024-09-29,2024,pl,Man United,Tottenham,0.0,3.0,finished,api_football,1208077.0,,,,,,,,,,
pl-2024-2024-09-30-bournemouth-v-southampton,2024-09-30,2024,pl,Bournemouth,Southampton,3.0,1.0,finished,api_football,1208071.0,,,,,,,,,,
pl-2024-2024-10-05-brentford-v-wolves,2024-10-05,2024,pl,Brentford,Wolves,5.0,3.0,finished,api_football,1208083.0,,,,,,,,,,
pl-2024-2024-10-05-man-city-v-fulham,2024-10-05,2024,pl,Man City,Fulham,3.0,2.0,finished,api_football,1208089.0,,,,,,,,,,
pl-2024-2024-10-05-leicester-v-bournemouth,2024-10-05,2024,pl,Leicester,Bournemouth,1.0,0.0,finished,api_football,1208088.0,,,,,,,,,,
pl-2024-2024-10-05-west-ham-v-ipswich-town,2024-10-05,2024,pl,West Ham,Ipswich Town,4.0,1.0,finished,api_football,1208090.0,,,,,,,,,,
pl-2024-2024-10-05-arsenal-v-southampton,2024-10-05,2024,pl,Arsenal,Southampton,3.0,1.0,finished,api_football,1208081.0,,,,,,,,,,
pl-2024-2024-10-05-crystal-palace-v-liverpool,2024-10-05,2024,pl,Crystal Palace,Liverpool,0.0,1.0,finished,api_football,1208086.0,,,,,,,,,,
pl-2024-2024-10-05-everton-v-newcastle,2024-10-05,2024,pl,Everton,Newcastle,0.0,0.0,finished,api_football,1208087.0,,,,,,,,,,
pl-2024-2024-10-06-chelsea-v-nott-m-forest,2024-10-06,2024,pl,Chelsea,Nott'm Forest,1.0,1.0,finished,api_football,1208085.0,,,,,,,,,,
pl-2024-2024-10-06-aston-villa-v-man-united,2024-10-06,2024,pl,Aston Villa,Man United,0.0,0.0,finished,api_football,1208082.0,,,,,,,,,,
pl-2024-2024-10-06-brighton-v-tottenham,2024-10-06,2024,pl,Brighton,Tottenham,3.0,2.0,finished,api_football,1208084.0,,,,,,,,,,
pl-2024-2024-10-19-fulham-v-aston-villa,2024-10-19,2024,pl,Fulham,Aston Villa,1.0,3.0,finished,api_football,1208092.0,,,,,,,,,,
pl-2024-2024-10-19-southampton-v-leicester,2024-10-19,2024,pl,Southampton,Leicester,2.0,3.0,finished,api_football,1208098.0,,,,,,,,,,
pl-2024-2024-10-19-tottenham-v-west-ham,2024-10-19,2024,pl,Tottenham,West Ham,4.0,1.0,finished,api_football,1208099.0,,,,,,,,,,
pl-2024-2024-10-19-bournemouth-v-arsenal,2024-10-19,2024,pl,Bournemouth,Arsenal,2.0,0.0,finished,api_football,1208091.0,,,,,,,,,,
pl-2024-2024-10-19-man-united-v-brentford,2024-10-19,2024,pl,Man United,Brentford,2.0,1.0,finished,api_football,1208095.0,,,,,,,,,,
pl-2024-2024-10-19-newcastle-v-brighton,2024-10-19,2024,pl,Newcastle,Brighton,0.0,1.0,finished,api_football,1208096.0,,,,,,,,,,
pl-2024-2024-10-19-ipswich-town-v-everton,2024-10-19,2024,pl,Ipswich Town,Everton,0.0,2.0,finished,api_football,1208093.0,,,,,,,,,,
pl-2024-2024-10-20-wolves-v-man-city,2024-10-20,2024,pl,Wolves,Man City,1.0,2.0,finished,api_football,1208100.0,,,,,,,,,,
pl-2024-2024-10-20-liverpool-v-chelsea,2024-10-20,2024,pl,Liverpool,Chelsea,2.0,1.0,finished,api_football,1208094.0,,,,,,,,,,
pl-2024-2024-10-21-nott-m-forest-v-crystal-palace,2024-10-21,2024,pl,Nott'm Forest,Crystal Palace,1.0,0.0,finished,api_football,1208097.0,,,,,,,,,,
pl-2024-2024-10-25-leicester-v-nott-m-forest,2024-10-25,2024,pl,Leicester,Nott'm Forest,1.0,3.0,finished,api_football,1208110.0,,,,,,,,,,
pl-2024-2024-10-26-man-city-v-southampton,2024-10-26,2024,pl,Man City,Southampton,1.0,0.0,finished,api_football,1208111.0,,,,,,,,,,
pl-2024-2024-10-26-brighton-v-wolves,2024-10-26,2024,pl,Brighton,Wolves,2.0,2.0,finished,api_football,1208106.0,,,,,,,,,,
pl-2024-2024-10-26-brentford-v-ipswich-town,2024-10-26,2024,pl,Brentford,Ipswich Town,4.0,3.0,finished,api_football,1208105.0,,,,,,,,,,
pl-2024-2024-10-26-aston-villa-v-bournemouth,2024-10-26,2024,pl,Aston Villa,Bournemouth,1.0,1.0,finished,api_football,1208104.0,,,,,,,,,,
pl-2024-2024-10-26-everton-v-fulham,2024-10-26,2024,pl,Everton,Fulham,1.0,1.0,finished,api_football,1208109.0,,,,,,,,,,
pl-2024-2024-10-27-arsenal-v-liverpool,2024-10-27,2024,pl,Arsenal,Liverpool,2.0,2.0,finished,api_football,1208103.0,,,,,,,,,,
pl-2024-2024-10-27-crystal-palace-v-tottenham,2024-10-27,2024,pl,Crystal Palace,Tottenham,1.0,0.0,finished,api_football,1208108.0,,,,,,,,,,
pl-2024-2024-10-27-chelsea-v-newcastle,2024-10-27,2024,pl,Chelsea,Newcastle,2.0,1.0,finished,api_football,1208107.0,,,,,,,,,,
pl-2024-2024-10-27-west-ham-v-man-united,2024-10-27,2024,pl,West Ham,Man United,2.0,1.0,finished,api_football,1208112.0,,,,,,,,,,
pl-2024-2024-11-02-newcastle-v-arsenal,2024-11-02,2024,pl,Newcastle,Arsenal,1.0,0.0,finished,api_football,1208118.0,,,,,,,,,,
pl-2024-2024-11-02-bournemouth-v-man-city,2024-11-02,2024,pl,Bournemouth,Man City,2.0,1.0,finished,api_football,1208113.0,,,,,,,,,,
pl-2024-2024-11-02-liverpool-v-brighton,2024-11-02,2024,pl,Liverpool,Brighton,2.0,1.0,finished,api_football,1208116.0,,,,,,,,,,
pl-2024-2024-11-02-southampton-v-everton,2024-11-02,2024,pl,Southampton,Everton,1.0,0.0,finished,api_football,1208120.0,,,,,,,,,,
pl-2024-2024-11-02-ipswich-town-v-leicester,2024-11-02,2024,pl,Ipswich Town,Leicester,1.0,1.0,finished,api_football,1208115.0,,,,,,,,,,
pl-2024-2024-11-02-nott-m-forest-v-west-ham,2024-11-02,2024,pl,Nott'm Forest,West Ham,3.0,0.0,finished,api_football,1208119.0,,,,,,,,,,
pl-2024-2024-11-02-wolves-v-crystal-palace,2024-11-02,2024,pl,Wolves,Crystal Palace,2.0,2.0,finished,api_football,1208122.0,,,,,,,,,,
pl-2024-2024-11-03-tottenham-v-aston-villa,2024-11-03,2024,pl,Tottenham,Aston Villa,4.0,1.0,finished,api_football,1208121.0,,,,,,,,,,
pl-2024-2024-11-03-man-united-v-chelsea,2024-11-03,2024,pl,Man United,Chelsea,1.0,1.0,finished,api_football,1208117.0,,,,,,,,,,
pl-2024-2024-11-04-fulham-v-brentford,2024-11-04,2024,pl,Fulham,Brentford,2.0,1.0,finished,api_football,1208114.0,,,,,,,,,,
pl-2024-2024-11-09-brentford-v-bournemouth,2024-11-09,2024,pl,Brentford,Bournemouth,3.0,2.0,finished,api_football,1208123.0,,,,,,,,,,
pl-2024-2024-11-09-brighton-v-man-city,2024-11-09,2024,pl,Brighton,Man City,2.0,1.0,finished,api_football,1208124.0,,,,,,,,,,
pl-2024-2024-11-09-liverpool-v-aston-villa,2024-11-09,2024,pl,Liverpool,Aston Villa,2.0,0.0,finished,api_football,1208127.0,,,,,,,,,,
pl-2024-2024-11-09-crystal-palace-v-fulham,2024-11-09,2024,pl,Crystal Palace,Fulham,0.0,2.0,finished,api_football,1208126.0,,,,,,,,,,
pl-2024-2024-11-09-west-ham-v-everton,2024-11-09,2024,pl,West Ham,Everton,0.0,0.0,finished,api_football,1208131.0,,,,,,,,,,
pl-2024-2024-11-09-wolves-v-southampton,2024-11-09,2024,pl,Wolves,Southampton,2.0,0.0,finished,api_football,1208132.0,,,,,,,,,,
pl-2024-2024-11-10-man-united-v-leicester,2024-11-10,2024,pl,Man United,Leicester,3.0,0.0,finished,api_football,1208128.0,,,,,,,,,,
pl-2024-2024-11-10-tottenham-v-ipswich-town,2024-11-10,2024,pl,Tottenham,Ipswich Town,1.0,2.0,finished,api_football,1208130.0,,,,,,,,,,
pl-2024-2024-11-10-nott-m-forest-v-newcastle,2024-11-10,2024,pl,Nott'm Forest,Newcastle,1.0,3.0,finished,api_football,1208129.0,,,,,,,,,,
pl-2024-2024-11-10-chelsea-v-arsenal,2024-11-10,2024,pl,Chelsea,Arsenal,1.0,1.0,finished,api_football,1208125.0,,,,,,,,,,
pl-2024-2024-11-23-aston-villa-v-crystal-palace,2024-11-23,2024,pl,Aston Villa,Crystal Palace,2.0,2.0,finished,api_football,1208135.0,,,,,,,,,,
pl-2024-2024-11-23-bournemouth-v-brighton,2024-11-23,2024,pl,Bournemouth,Brighton,1.0,2.0,finished,api_football,1208133.0,,,,,,,,,,
pl-2024-2024-11-23-everton-v-brentford,2024-11-23,2024,pl,Everton,Brentford,0.0,0.0,finished,api_football,1208136.0,,,,,,,,,,
pl-2024-2024-11-23-arsenal-v-nott-m-forest,2024-11-23,2024,pl,Arsenal,Nott'm Forest,3.0,0.0,finished,api_football,1208134.0,,,,,,,,,,
pl-2024-2024-11-23-fulham-v-wolves,2024-11-23,2024,pl,Fulham,Wolves,1.0,4.0,finished,api_football,1208137.0,,,,,,,,,,
pl-2024-2024-11-23-leicester-v-chelsea,2024-11-23,2024,pl,Leicester,Chelsea,1.0,2.0,finished,api_football,1208139.0,,,,,,,,,,
pl-2024-2024-11-23-man-city-v-tottenham,2024-11-23,2024,pl,Man City,Tottenham,0.0,4.0,finished,api_football,1208140.0,,,,,,,,,,
pl-2024-2024-11-24-southampton-v-liverpool,2024-11-24,2024,pl,Southampton,Liverpool,2.0,3.0,finished,api_football,1208142.0,,,,,,,,,,
pl-2024-2024-11-24-ipswich-town-v-man-united,2024-11-24,2024,pl,Ipswich Town,Man United,1.0,1.0,finished,api_football,1208138.0,,,,,,,,,,
pl-2024-2024-11-25-newcastle-v-west-ham,2024-11-25,2024,pl,Newcastle,West Ham,0.0,2.0,finished,api_football,1208141.0,,,,,,,,,,
pl-2024-2024-11-29-brighton-v-southampton,2024-11-29,2024,pl,Brighton,Southampton,1.0,1.0,finished,api_football,1208144.0,,,,,,,,,,
pl-2024-2024-11-30-brentford-v-leicester,2024-11-30,2024,pl,Brentford,Leicester,4.0,1.0,finished,api_football,1208143.0,,,,,,,,,,
pl-2024-2024-11-30-wolves-v-bournemouth,2024-11-30,2024,pl,Wolves,Bournemouth,2.0,4.0,finished,api_football,1208152.0,,,,,,,,,,
pl-2024-2024-11-30-west-ham-v-arsenal,2024-11-30,2024,pl,West Ham,Arsenal,2.0,5.0,finished,api_football,1208151.0,,,,,,,,,,
pl-2024-2024-11-30-crystal-palace-v-newcastle,2024-11-30,2024,pl,Crystal Palace,Newcastle,1.0,1.0,finished,api_football,1208146.0,,,,,,,,,,
pl-2024-2024-11-30-nott-m-forest-v-ipswich-town,2024-11-30,2024,pl,Nott'm Forest,Ipswich Town,1.0,0.0,finished,api_football,1208149.0,,,,,,,,,,
pl-2024-2024-12-01-man-united-v-everton,2024-12-01,2024,pl,Man United,Everton,4.0,0.0,finished,api_football,1208148.0,,,,,,,,,,
pl-2024-2024-12-01-tottenham-v-fulham,2024-12-01,2024,pl,Tottenham,Fulham,1.0,1.0,finished,api_football,1208150.0,,,,,,,,,,
pl-2024-2024-12-01-chelsea-v-aston-villa,2024-12-01,2024,pl,Chelsea,Aston Villa,3.0,0.0,finished,api_football,1208145.0,,,,,,,,,,
pl-2024-2024-12-01-liverpool-v-man-city,2024-12-01,2024,pl,Liverpool,Man City,2.0,0.0,finished,api_football,1208147.0,,,,,,,,,,
pl-2024-2024-12-03-ipswich-town-v-crystal-palace,2024-12-03,2024,pl,Ipswich Town,Crystal Palace,0.0,1.0,finished,api_football,1208158.0,,,,,,,,,,
pl-2024-2024-12-03-leicester-v-west-ham,2024-12-03,2024,pl,Leicester,West Ham,3.0,1.0,finished,api_football,1208159.0,,,,,,,,,,
pl-2024-2024-12-04-aston-villa-v-brentford,2024-12-04,2024,pl,Aston Villa,Brentford,3.0,1.0,finished,api_football,1208155.0,,,,,,,,,,
pl-2024-2024-12-04-arsenal-v-man-united,2024-12-04,2024,pl,Arsenal,Man United,2.0,0.0,finished,api_football,1208154.0,,,,,,,,,,
pl-2024-2024-12-04-man-city-v-nott-m-forest,2024-12-04,2024,pl,Man City,Nott'm Forest,3.0,0.0,finished,api_football,1208160.0,,,,,,,,,,
pl-2024-2024-12-04-everton-v-wolves,2024-12-04,2024,pl,Everton,Wolves,4.0,0.0,finished,api_football,1208156.0,,,,,,,,,,
pl-2024-2024-12-04-newcastle-v-liverpool,2024-12-04,2024,pl,Newcastle,Liverpool,3.0,3.0,finished,api_football,1208161.0,,,,,,,,,,
pl-2024-2024-12-04-southampton-v-chelsea,2024-12-04,2024,pl,Southampton,Chelsea,1.0,5.0,finished,api_football,1208162.0,,,,,,,,,,
pl-2024-2024-12-05-fulham-v-brighton,2024-12-05,2024,pl,Fulham,Brighton,3.0,1.0,finished,api_football,1208157.0,,,,,,,,,,
pl-2024-2024-12-05-bournemouth-v-tottenham,2024-12-05,2024,pl,Bournemouth,Tottenham,1.0,0.0,finished,api_football,1208153.0,,,,,,,,,,
pl-2024-2024-12-07-crystal-palace-v-man-city,2024-12-07,2024,pl,Crystal Palace,Man City,2.0,2.0,finished,api_football,1208165.0,,,,,,,,,,
pl-2024-2024-12-07-brentford-v-newcastle,2024-12-07,2024,pl,Brentford,Newcastle,4.0,2.0,finished,api_football,1208164.0,,,,,,,,,,
pl-2024-2024-12-07-aston-villa-v-southampton,2024-12-07,2024,pl,Aston Villa,Southampton,1.0,0.0,finished,api_football,1208163.0,,,,,,,,,,
pl-2024-2024-12-07-man-united-v-nott-m-forest,2024-12-07,2024,pl,Man United,Nott'm Forest,2.0,3.0,finished,api_football,1208170.0,,,,,,,,,,
pl-2024-2024-12-08-ipswich-town-v-bournemouth,2024-12-08,2024,pl,Ipswich Town,Bournemouth,1.0,2.0,finished,api_football,1208168.0,,,,,,,,,,
pl-2024-2024-12-08-tottenham-v-chelsea,2024-12-08,2024,pl,Tottenham,Chelsea,3.0,4.0,finished,api_football,1208171.0,,,,,,,,,,
pl-2024-2024-12-08-leicester-v-brighton,2024-12-08,2024,pl,Leicester,Brighton,2.0,2.0,finished,api_football,1208169.0,,,,,,,,,,
pl-2024-2024-12-08-fulham-v-arsenal,2024-12-08,2024,pl,Fulham,Arsenal,1.0,1.0,finished,api_football,1208167.0,,,,,,,,,,
pl-2024-2024-12-09-west-ham-v-wolves,2024-12-09,2024,pl,West Ham,Wolves,2.0,1.0,finished,api_football,1208172.0,,,,,,,,,,
pl-2024-2024-12-14-newcastle-v-leicester,2024-12-14,2024,pl,Newcastle,Leicester,4.0,0.0,finished,api_football,1208179.0,,,,,,,,,,
pl-2024-2024-12-14-wolves-v-ipswich-town,2024-12-14,2024,pl,Wolves,Ipswich Town,1.0,2.0,finished,api_football,1208182.0,,,,,,,,,,
pl-2024-2024-12-14-liverpool-v-fulham,2024-12-14,2024,pl,Liverpool,Fulham,2.0,2.0,finished,api_football,1208177.0,,,,,,,,,,
pl-2024-2024-12-14-arsenal-v-everton,2024-12-14,2024,pl,Arsenal,Everton,0.0,0.0,finished,api_football,1208174.0,,,,,,,,,,
pl-2024-2024-12-14-nott-m-forest-v-aston-villa,2024-12-14,2024,pl,Nott'm Forest,Aston Villa,2.0,1.0,finished,api_football,1208180.0,,,,,,,,,,
pl-2024-2024-12-15-brighton-v-crystal-palace,2024-12-15,2024,pl,Brighton,Crystal Palace,1.0,3.0,finished,api_football,1208175.0,,,,,,,,,,
pl-2024-2024-12-15-man-city-v-man-united,2024-12-15,2024,pl,Man City,Man United,1.0,2.0,finished,api_football,1208178.0,,,,,,,,,,
pl-2024-2024-12-15-southampton-v-tottenham,2024-12-15,2024,pl,Southampton,Tottenham,0.0,5.0,finished,api_football,1208181.0,,,,,,,,,,
pl-2024-2024-12-15-chelsea-v-brentford,2024-12-15,2024,pl,Chelsea,Brentford,2.0,1.0,finished,api_football,1208176.0,,,,,,,,,,
pl-2024-2024-12-16-bournemouth-v-west-ham,2024-12-16,2024,pl,Bournemouth,West Ham,1.0,1.0,finished,api_football,1208173.0,,,,,,,,,,
pl-2024-2024-12-21-aston-villa-v-man-city,2024-12-21,2024,pl,Aston Villa,Man City,2.0,1.0,finished,api_football,1208183.0,,,,,,,,,,
pl-2024-2024-12-21-west-ham-v-brighton,2024-12-21,2024,pl,West Ham,Brighton,1.0,1.0,finished,api_football,1208192.0,,,,,,,,,,
pl-2024-2024-12-21-brentford-v-nott-m-forest,2024-12-21,2024,pl,Brentford,Nott'm Forest,0.0,2.0,finished,api_football,1208184.0,,,,,,,,,,
pl-2024-2024-12-21-ipswich-town-v-newcastle,2024-12-21,2024,pl,Ipswich Town,Newcastle,0.0,4.0,finished,api_football,1208188.0,,,,,,,,,,
pl-2024-2024-12-21-crystal-palace-v-arsenal,2024-12-21,2024,pl,Crystal Palace,Arsenal,1.0,5.0,finished,api_football,1208185.0,,,,,,,,,,
pl-2024-2024-12-22-man-united-v-bournemouth,2024-12-22,2024,pl,Man United,Bournemouth,0.0,3.0,finished,api_football,1208190.0,,,,,,,,,,
pl-2024-2024-12-22-fulham-v-southampton,2024-12-22,2024,pl,Fulham,Southampton,0.0,0.0,finished,api_football,1208187.0,,,,,,,,,,
pl-2024-2024-12-22-everton-v-chelsea,2024-12-22,2024,pl,Everton,Chelsea,0.0,0.0,finished,api_football,1208186.0,,,,,,,,,,
pl-2024-2024-12-22-leicester-v-wolves,2024-12-22,2024,pl,Leicester,Wolves,0.0,3.0,finished,api_football,1208189.0,,,,,,,,,,
pl-2024-2024-12-22-tottenham-v-liverpool,2024-12-22,2024,pl,Tottenham,Liverpool,3.0,6.0,finished,api_football,1208191.0,,,,,,,,,,
pl-2024-2024-12-26-chelsea-v-fulham,2024-12-26,2024,pl,Chelsea,Fulham,1.0,2.0,finished,api_football,1208196.0,,,,,,,,,,
pl-2024-2024-12-26-wolves-v-man-united,2024-12-26,2024,pl,Wolves,Man United,2.0,0.0,finished,api_football,1208202.0,,,,,,,,,,
pl-2024-2024-12-26-nott-m-forest-v-tottenham,2024-12-26,2024,pl,Nott'm Forest,Tottenham,1.0,0.0,finished,api_football,1208200.0,,,,,,,,,,
pl-2024-2024-12-26-liverpool-v-leicester,2024-12-26,2024,pl,Liverpool,Leicester,3.0,1.0,finished,api_football,1208197.0,,,,,,,,,,
pl-2024-2024-12-26-southampton-v-west-ham,2024-12-26,2024,pl,Southampton,West Ham,0.0,1.0,finished,api_football,1208201.0,,,,,,,,,,
pl-2024-2024-12-26-bournemouth-v-crystal-palace,2024-12-26,2024,pl,Bournemouth,Crystal Palace,0.0,0.0,finished,api_football,1208193.0,,,,,,,,,,
pl-2024-2024-12-26-newcastle-v-aston-villa,2024-12-26,2024,pl,Newcastle,Aston Villa,3.0,0.0,finished,api_football,1208199.0,,,,,,,,,,
pl-2024-2024-12-26-man-city-v-everton,2024-12-26,2024,pl,Man City,Everton,1.0,1.0,finished,api_football,1208198.0,,,,,,,,,,
pl-2024-2024-12-27-brighton-v-brentford,2024-12-27,2024,pl,Brighton,Brentford,0.0,0.0,finished,api_football,1208195.0,,,,,,,,,,
pl-2024-2024-12-27-arsenal-v-ipswich-town,2024-12-27,2024,pl,Arsenal,Ipswich Town,1.0,0.0,finished,api_football,1208194.0,,,,,,,,,,
pl-2024-2024-12-29-west-ham-v-liverpool,2024-12-29,2024,pl,West Ham,Liverpool,0.0,5.0,finished,api_football,1208212.0,,,,,,,,,,
pl-2024-2024-12-29-tottenham-v-wolves,2024-12-29,2024,pl,Tottenham,Wolves,2.0,2.0,finished,api_football,1208211.0,,,,,,,,,,
pl-2024-2024-12-29-crystal-palace-v-southampton,2024-12-29,2024,pl,Crystal Palace,Southampton,2.0,1.0,finished,api_football,1208205.0,,,,,,,,,,
pl-2024-2024-12-29-fulham-v-bournemouth,2024-12-29,2024,pl,Fulham,Bournemouth,2.0,2.0,finished,api_football,1208207.0,,,,,,,,,,
pl-2024-2024-12-29-leicester-v-man-city,2024-12-29,2024,pl,Leicester,Man City,0.0,2.0,finished,api_football,1208209.0,,,,,,,,,,
pl-2024-2024-12-29-everton-v-nott-m-forest,2024-12-29,2024,pl,Everton,Nott'm Forest,0.0,2.0,finished,api_football,1208206.0,,,,,,,,,,
pl-2024-2024-12-30-ipswich-town-v-chelsea,2024-12-30,2024,pl,Ipswich Town,Chelsea,2.0,0.0,finished,api_football,1208208.0,,,,,,,,,,
pl-2024-2024-12-30-aston-villa-v-brighton,2024-12-30,2024,pl,Aston Villa,Brighton,2.0,2.0,finished,api_football,1208203.0,,,,,,,,,,
pl-2024-2024-12-30-man-united-v-newcastle,2024-12-30,2024,pl,Man United,Newcastle,0.0,2.0,finished,api_football,1208210.0,,,,,,,,,,
pl-2024-2025-01-01-brentford-v-arsenal,2025-01-01,2024,pl,Brentford,Arsenal,1.0,3.0,finished,api_football,1208204.0,,,,,,,,,,
pl-2024-2025-01-04-aston-villa-v-leicester,2025-01-04,2024,pl,Aston Villa,Leicester,2.0,1.0,finished,api_football,1208214.0,,,,,,,,,,
pl-2024-2025-01-04-crystal-palace-v-chelsea,2025-01-04,2024,pl,Crystal Palace,Chelsea,1.0,1.0,finished,api_football,1208216.0,,,,,,,,,,
pl-2024-2025-01-04-southampton-v-brentford,2025-01-04,2024,pl,Southampton,Brentford,0.0,5.0,finished,api_football,1208220.0,,,,,,,,,,
pl-2024-2025-01-04-man-city-v-west-ham,2025-01-04,2024,pl,Man City,West Ham,4.0,1.0,finished,api_football,1208219.0,,,,,,,,,,
pl-2024-2025-01-04-bournemouth-v-everton,2025-01-04,2024,pl,Bournemouth,Everton,1.0,0.0,finished,api_football,1208213.0,,,,,,,,,,
pl-2024-2025-01-04-tottenham-v-newcastle,2025-01-04,2024,pl,Tottenham,Newcastle,1.0,2.0,finished,api_football,1208221.0,,,,,,,,,,
pl-2024-2025-01-04-brighton-v-arsenal,2025-01-04,2024,pl,Brighton,Arsenal,1.0,1.0,finished,api_football,1208215.0,,,,,,,,,,
pl-2024-2025-01-05-fulham-v-ipswich-town,2025-01-05,2024,pl,Fulham,Ipswich Town,2.0,2.0,finished,api_football,1208217.0,,,,,,,,,,
pl-2024-2025-01-05-liverpool-v-man-united,2025-01-05,2024,pl,Liverpool,Man United,2.0,2.0,finished,api_football,1208218.0,,,,,,,,,,
pl-2024-2025-01-06-wolves-v-nott-m-forest,2025-01-06,2024,pl,Wolves,Nott'm Forest,0.0,3.0,finished,api_football,1208222.0,,,,,,,,,,
pl-2024-2025-01-14-west-ham-v-fulham,2025-01-14,2024,pl,West Ham,Fulham,3.0,2.0,finished,api_football,1208229.0,,,,,,,,,,
pl-2024-2025-01-14-chelsea-v-bournemouth,2025-01-14,2024,pl,Chelsea,Bournemouth,2.0,2.0,finished,api_football,1208230.0,,,,,,,,,,
pl-2024-2025-01-14-brentford-v-man-city,2025-01-14,2024,pl,Brentford,Man City,2.0,2.0,finished,api_football,1208224.0,,,,,,,,,,
pl-2024-2025-01-14-nott-m-forest-v-liverpool,2025-01-14,2024,pl,Nott'm Forest,Liverpool,1.0,1.0,finished,api_football,1208228.0,,,,,,,,,,
pl-2024-2025-01-15-newcastle-v-wolves,2025-01-15,2024,pl,Newcastle,Wolves,3.0,0.0,finished,api_football,1208231.0,,,,,,,,,,
pl-2024-2025-01-15-everton-v-aston-villa,2025-01-15,2024,pl,Everton,Aston Villa,0.0,1.0,finished,api_football,1208225.0,,,,,,,,,,
pl-2024-2025-01-15-leicester-v-crystal-palace,2025-01-15,2024,pl,Leicester,Crystal Palace,0.0,2.0,finished,api_football,1208227.0,,,,,,,,,,
pl-2024-2025-01-15-arsenal-v-tottenham,2025-01-15,2024,pl,Arsenal,Tottenham,2.0,1.0,finished,api_football,1208223.0,,,,,,,,,,
pl-2024-2025-01-16-man-united-v-southampton,2025-01-16,2024,pl,Man United,Southampton,3.0,1.0,finished,api_football,1208232.0,,,,,,,,,,
pl-2024-2025-01-16-ipswich-town-v-brighton,2025-01-16,2024,pl,Ipswich Town,Brighton,0.0,2.0,finished,api_football,1208226.0,,,,,,,,,,
pl-2024-2025-01-18-newcastle-v-bournemouth,2025-01-18,2024,pl,Newcastle,Bournemouth,1.0,4.0,finished,api_football,1208240.0,,,,,,,,,,
pl-2024-2025-01-18-leicester-v-fulham,2025-01-18,2024,pl,Leicester,Fulham,0.0,2.0,finished,api_football,1208238.0,,,,,,,,,,
pl-2024-2025-01-18-west-ham-v-crystal-palace,2025-01-18,2024,pl,West Ham,Crystal Palace,0.0,2.0,finished,api_football,1208242.0,,,,,,,,,,
pl-2024-2025-01-18-brentford-v-liverpool,2025-01-18,2024,pl,Brentford,Liverpool,0.0,2.0,finished,api_football,1208234.0,,,,,,,,,,
pl-2024-2025-01-18-arsenal-v-aston-villa,2025-01-18,2024,pl,Arsenal,Aston Villa,2.0,2.0,finished,api_football,1208233.0,,,,,,,,,,
pl-2024-2025-01-19-man-united-v-brighton,2025-01-19,2024,pl,Man United,Brighton,1.0,3.0,finished,api_football,1208239.0,,,,,,,,,,
pl-2024-2025-01-19-everton-v-tottenham,2025-01-19,2024,pl,Everton,Tottenham,3.0,2.0,finished,api_football,1208236.0,,,,,,,,,,
pl-2024-2025-01-19-nott-m-forest-v-southampton,2025-01-19,2024,pl,Nott'm Forest,Southampton,3.0,2.0,finished,api_football,1208241.0,,,,,,,,,,
pl-2024-2025-01-19-ipswich-town-v-man-city,2025-01-19,2024,pl,Ipswich Town,Man City,0.0,6.0,finished,api_football,1208237.0,,,,,,,,,,
pl-2024-2025-01-20-chelsea-v-wolves,2025-01-20,2024,pl,Chelsea,Wolves,3.0,1.0,finished,api_football,1208235.0,,,,,,,,,,
pl-2024-2025-01-25-bournemouth-v-nott-m-forest,2025-01-25,2024,pl,Bournemouth,Nott'm Forest,5.0,0.0,finished,api_football,1208243.0,,,,,,,,,,
pl-2024-2025-01-25-wolves-v-arsenal,2025-01-25,2024,pl,Wolves,Arsenal,0.0,1.0,finished,api_football,1208252.0,,,,,,,,,,
pl-2024-2025-01-25-liverpool-v-ipswich-town,2025-01-25,2024,pl,Liverpool,Ipswich Town,4.0,1.0,finished,api_football,1208248.0,,,,,,,,,,
pl-2024-2025-01-25-southampton-v-newcastle,2025-01-25,2024,pl,Southampton,Newcastle,1.0,3.0,finished,api_football,1208250.0,,,,,,,,,,
pl-2024-2025-01-25-brighton-v-everton,2025-01-25,2024,pl,Brighton,Everton,0.0,1.0,finished,api_football,1208245.0,,,,,,,,,,
pl-2024-2025-01-25-man-city-v-chelsea,2025-01-25,2024,pl,Man City,Chelsea,3.0,1.0,finished,api_football,1208249.0,,,,,,,,,,
pl-2024-2025-01-26-tottenham-v-leicester,2025-01-26,2024,pl,Tottenham,Leicester,1.0,2.0,finished,api_football,1208251.0,,,,,,,,,,
pl-2024-2025-01-26-crystal-palace-v-brentford,2025-01-26,2024,pl,Crystal Palace,Brentford,1.0,2.0,finished,api_football,1208246.0,,,,,,,,,,
pl-2024-2025-01-26-aston-villa-v-west-ham,2025-01-26,2024,pl,Aston Villa,West Ham,1.0,1.0,finished,api_football,1208244.0,,,,,,,,,,
pl-2024-2025-01-26-fulham-v-man-united,2025-01-26,2024,pl,Fulham,Man United,0.0,1.0,finished,api_football,1208247.0,,,,,,,,,,
pl-2024-2025-02-01-everton-v-leicester,2025-02-01,2024,pl,Everton,Leicester,4.0,0.0,finished,api_football,1208257.0,,,,,,,,,,
pl-2024-2025-02-01-nott-m-forest-v-brighton,2025-02-01,2024,pl,Nott'm Forest,Brighton,7.0,0.0,finished,api_football,1208261.0,,,,,,,,,,
pl-2024-2025-02-01-ipswich-town-v-southampton,2025-02-01,2024,pl,Ipswich Town,Southampton,1.0,2.0,finished,api_football,1208258.0,,,,,,,,,,
pl-2024-2025-02-01-wolves-v-aston-villa,2025-02-01,2024,pl,Wolves,Aston Villa,2.0,0.0,finished,api_football,1208262.0,,,,,,,,,,
pl-2024-2025-02-01-bournemouth-v-liverpool,2025-02-01,2024,pl,Bournemouth,Liverpool,0.0,2.0,finished,api_football,1208253.0,,,,,,,,,,
pl-2024-2025-02-01-newcastle-v-fulham,2025-02-01,2024,pl,Newcastle,Fulham,1.0,2.0,finished,api_football,1208260.0,,,,,,,,,,
pl-2024-2025-02-02-man-united-v-crystal-palace,2025-02-02,2024,pl,Man United,Crystal Palace,0.0,2.0,finished,api_football,1208259.0,,,,,,,,,,
pl-2024-2025-02-02-brentford-v-tottenham,2025-02-02,2024,pl,Brentford,Tottenham,0.0,2.0,finished,api_football,1208255.0,,,,,,,,,,
pl-2024-2025-02-02-arsenal-v-man-city,2025-02-02,2024,pl,Arsenal,Man City,5.0,1.0,finished,api_football,1208254.0,,,,,,,,,,
pl-2024-2025-02-03-chelsea-v-west-ham,2025-02-03,2024,pl,Chelsea,West Ham,2.0,1.0,finished,api_football,1208256.0,,,,,,,,,,
pl-2024-2025-02-12-everton-v-liverpool,2025-02-12,2024,pl,Everton,Liverpool,2.0,2.0,finished,api_football,1208166.0,,,,,,,,,,
pl-2024-2025-02-14-brighton-v-chelsea,2025-02-14,2024,pl,Brighton,Chelsea,3.0,0.0,finished,api_football,1208264.0,,,,,,,,,,
pl-2024-2025-02-15-man-city-v-newcastle,2025-02-15,2024,pl,Man City,Newcastle,4.0,0.0,finished,api_football,1208269.0,,,,,,,,,,
pl-2024-2025-02-15-crystal-palace-v-everton,2025-02-15,2024,pl,Crystal Palace,Everton,1.0,2.0,finished,api_football,1208265.0,,,,,,,,,,
pl-2024-2025-02-15-aston-villa-v-ipswich-town,2025-02-15,2024,pl,Aston Villa,Ipswich Town,1.0,1.0,finished,api_football,1208263.0,,,,,,,,,,
pl-2024-2025-02-15-west-ham-v-brentford,2025-02-15,2024,pl,West Ham,Brentford,0.0,1.0,finished,api_football,1208272.0,,,,,,,,,,
pl-2024-2025-02-15-leicester-v-arsenal,2025-02-15,2024,pl,Leicester,Arsenal,0.0,2.0,finished,api_football,1208267.0,,,,,,,,,,
pl-2024-2025-02-15-southampton-v-bournemouth,2025-02-15,2024,pl,Southampton,Bournemouth,1.0,3.0,finished,api_football,1208270.0,,,,,,,,,,
pl-2024-2025-02-15-fulham-v-nott-m-forest,2025-02-15,2024,pl,Fulham,Nott'm Forest,2.0,1.0,finished,api_football,1208266.0,,,,,,,,,,
pl-2024-2025-02-16-liverpool-v-wolves,2025-02-16,2024,pl,Liverpool,Wolves,2.0,1.0,finished,api_football,1208268.0,,,,,,,,,,
pl-2024-2025-02-16-tottenham-v-man-united,2025-02-16,2024,pl,Tottenham,Man United,1.0,0.0,finished,api_football,1208271.0,,,,,,,,,,
pl-2024-2025-02-19-aston-villa-v-liverpool,2025-02-19,2024,pl,Aston Villa,Liverpool,2.0,2.0,finished,api_football,1208305.0,,,,,,,,,,
pl-2024-2025-02-21-leicester-v-brentford,2025-02-21,2024,pl,Leicester,Brentford,0.0,4.0,finished,api_football,1208279.0,,,,,,,,,,
pl-2024-2025-02-22-ipswich-town-v-tottenham,2025-02-22,2024,pl,Ipswich Town,Tottenham,1.0,4.0,finished,api_football,1208278.0,,,,,,,,,,
pl-2024-2025-02-22-arsenal-v-west-ham,2025-02-22,2024,pl,Arsenal,West Ham,0.0,1.0,finished,api_football,1208274.0,,,,,,,,,,
pl-2024-2025-02-22-aston-villa-v-chelsea,2025-02-22,2024,pl,Aston Villa,Chelsea,2.0,1.0,finished,api_football,1208275.0,,,,,,,,,,
pl-2024-2025-02-22-southampton-v-brighton,2025-02-22,2024,pl,Southampton,Brighton,0.0,4.0,finished,api_football,1208282.0,,,,,,,,,,
pl-2024-2025-02-22-everton-v-man-united,2025-02-22,2024,pl,Everton,Man United,2.0,2.0,finished,api_football,1208276.0,,,,,,,,,,
pl-2024-2025-02-22-bournemouth-v-wolves,2025-02-22,2024,pl,Bournemouth,Wolves,0.0,1.0,finished,api_football,1208273.0,,,,,,,,,,
pl-2024-2025-02-22-fulham-v-crystal-palace,2025-02-22,2024,pl,Fulham,Crystal Palace,0.0,2.0,finished,api_football,1208277.0,,,,,,,,,,
pl-2024-2025-02-23-newcastle-v-nott-m-forest,2025-02-23,2024,pl,Newcastle,Nott'm Forest,4.0,3.0,finished,api_football,1208281.0,,,,,,,,,,
pl-2024-2025-02-23-man-city-v-liverpool,2025-02-23,2024,pl,Man City,Liverpool,0.0,2.0,finished,api_football,1208280.0,,,,,,,,,,
pl-2024-2025-02-25-wolves-v-fulham,2025-02-25,2024,pl,Wolves,Fulham,1.0,2.0,finished,api_football,1208288.0,,,,,,,,,,
pl-2024-2025-02-25-brighton-v-bournemouth,2025-02-25,2024,pl,Brighton,Bournemouth,2.0,1.0,finished,api_football,1208284.0,,,,,,,,,,
pl-2024-2025-02-25-crystal-palace-v-aston-villa,2025-02-25,2024,pl,Crystal Palace,Aston Villa,4.0,1.0,finished,api_football,1208289.0,,,,,,,,,,
pl-2024-2025-02-25-chelsea-v-southampton,2025-02-25,2024,pl,Chelsea,Southampton,4.0,0.0,finished,api_football,1208290.0,,,,,,,,,,
pl-2024-2025-02-26-tottenham-v-man-city,2025-02-26,2024,pl,Tottenham,Man City,0.0,1.0,finished,api_football,1208286.0,,,,,,,,,,
pl-2024-2025-02-26-liverpool-v-newcastle,2025-02-26,2024,pl,Liverpool,Newcastle,2.0,0.0,finished,api_football,1208291.0,,,,,,,,,,
pl-2024-2025-02-26-man-united-v-ipswich-town,2025-02-26,2024,pl,Man United,Ipswich Town,3.0,2.0,finished,api_football,1208292.0,,,,,,,,,,
pl-2024-2025-02-26-brentford-v-everton,2025-02-26,2024,pl,Brentford,Everton,1.0,1.0,finished,api_football,1208283.0,,,,,,,,,,
pl-2024-2025-02-26-nott-m-forest-v-arsenal,2025-02-26,2024,pl,Nott'm Forest,Arsenal,0.0,0.0,finished,api_football,1208285.0,,,,,,,,,,
pl-2024-2025-02-27-west-ham-v-leicester,2025-02-27,2024,pl,West Ham,Leicester,2.0,0.0,finished,api_football,1208287.0,,,,,,,,,,
pl-2024-2025-03-08-crystal-palace-v-ipswich-town,2025-03-08,2024,pl,Crystal Palace,Ipswich Town,1.0,0.0,finished,api_football,1208296.0,,,,,,,,,,
pl-2024-2025-03-08-brentford-v-aston-villa,2025-03-08,2024,pl,Brentford,Aston Villa,0.0,1.0,finished,api_football,1208293.0,,,,,,,,,,
pl-2024-2025-03-08-wolves-v-everton,2025-03-08,2024,pl,Wolves,Everton,1.0,1.0,finished,api_football,1208302.0,,,,,,,,,,
pl-2024-2025-03-08-nott-m-forest-v-man-city,2025-03-08,2024,pl,Nott'm Forest,Man City,1.0,0.0,finished,api_football,1208299.0,,,,,,,,,,
pl-2024-2025-03-08-liverpool-v-southampton,2025-03-08,2024,pl,Liverpool,Southampton,3.0,1.0,finished,api_football,1208297.0,,,,,,,,,,
pl-2024-2025-03-08-brighton-v-fulham,2025-03-08,2024,pl,Brighton,Fulham,2.0,1.0,finished,api_football,1208294.0,,,,,,,,,,
pl-2024-2025-03-09-tottenham-v-bournemouth,2025-03-09,2024,pl,Tottenham,Bournemouth,2.0,2.0,finished,api_football,1208300.0,,,,,,,,,,
pl-2024-2025-03-09-chelsea-v-leicester,2025-03-09,2024,pl,Chelsea,Leicester,1.0,0.0,finished,api_football,1208295.0,,,,,,,,,,
pl-2024-2025-03-09-man-united-v-arsenal,2025-03-09,2024,pl,Man United,Arsenal,1.0,1.0,finished,api_football,1208298.0,,,,,,,,,,
pl-2024-2025-03-10-west-ham-v-newcastle,2025-03-10,2024,pl,West Ham,Newcastle,0.0,1.0,finished,api_football,1208301.0,,,,,,,,,,
pl-2024-2025-03-15-southampton-v-wolves,2025-03-15,2024,pl,Southampton,Wolves,1.0,2.0,finished,api_football,1208312.0,,,,,,,,,,
pl-2024-2025-03-15-everton-v-west-ham,2025-03-15,2024,pl,Everton,West Ham,1.0,1.0,finished,api_football,1208306.0,,,,,,,,,,
pl-2024-2025-03-15-man-city-v-brighton,2025-03-15,2024,pl,Man City,Brighton,2.0,2.0,finished,api_football,1208310.0,,,,,,,,,,
pl-2024-2025-03-15-ipswich-town-v-nott-m-forest,2025-03-15,2024,pl,Ipswich Town,Nott'm Forest,2.0,4.0,finished,api_football,1208308.0,,,,,,,,,,
pl-2024-2025-03-15-bournemouth-v-brentford,2025-03-15,2024,pl,Bournemouth,Brentford,1.0,2.0,finished,api_football,1208303.0,,,,,,,,,,
pl-2024-2025-03-16-fulham-v-tottenham,2025-03-16,2024,pl,Fulham,Tottenham,2.0,0.0,finished,api_football,1208307.0,,,,,,,,,,
pl-2024-2025-03-16-arsenal-v-chelsea,2025-03-16,2024,pl,Arsenal,Chelsea,1.0,0.0,finished,api_football,1208304.0,,,,,,,,,,
pl-2024-2025-03-16-leicester-v-man-united,2025-03-16,2024,pl,Leicester,Man United,0.0,3.0,finished,api_football,1208309.0,,,,,,,,,,
pl-2024-2025-04-01-wolves-v-west-ham,2025-04-01,2024,pl,Wolves,West Ham,1.0,0.0,finished,api_football,1208317.0,,,,,,,,,,
pl-2024-2025-04-01-arsenal-v-fulham,2025-04-01,2024,pl,Arsenal,Fulham,2.0,1.0,finished,api_football,1208314.0,,,,,,,,,,
pl-2024-2025-04-01-nott-m-forest-v-man-united,2025-04-01,2024,pl,Nott'm Forest,Man United,1.0,0.0,finished,api_football,1208316.0,,,,,,,,,,
pl-2024-2025-04-02-newcastle-v-brentford,2025-04-02,2024,pl,Newcastle,Brentford,2.0,1.0,finished,api_football,1208320.0,,,,,,,,,,
pl-2024-2025-04-02-bournemouth-v-ipswich-town,2025-04-02,2024,pl,Bournemouth,Ipswich Town,1.0,2.0,finished,api_football,1208313.0,,,,,,,,,,
pl-2024-2025-04-02-southampton-v-crystal-palace,2025-04-02,2024,pl,Southampton,Crystal Palace,1.0,1.0,finished,api_football,1208321.0,,,,,,,,,,
pl-2024-2025-04-02-man-city-v-leicester,2025-04-02,2024,pl,Man City,Leicester,2.0,0.0,finished,api_football,1208319.0,,,,,,,,,,
pl-2024-2025-04-02-brighton-v-aston-villa,2025-04-02,2024,pl,Brighton,Aston Villa,0.0,3.0,finished,api_football,1208315.0,,,,,,,,,,
pl-2024-2025-04-02-liverpool-v-everton,2025-04-02,2024,pl,Liverpool,Everton,1.0,0.0,finished,api_football,1208322.0,,,,,,,,,,
pl-2024-2025-04-03-chelsea-v-tottenham,2025-04-03,2024,pl,Chelsea,Tottenham,1.0,0.0,finished,api_football,1208318.0,,,,,,,,,,
pl-2024-2025-04-05-crystal-palace-v-brighton,2025-04-05,2024,pl,Crystal Palace,Brighton,2.0,1.0,finished,api_football,1208325.0,,,,,,,,,,
pl-2024-2025-04-05-everton-v-arsenal,2025-04-05,2024,pl,Everton,Arsenal,1.0,1.0,finished,api_football,1208326.0,,,,,,,,,,
pl-2024-2025-04-05-aston-villa-v-nott-m-forest,2025-04-05,2024,pl,Aston Villa,Nott'm Forest,2.0,1.0,finished,api_football,1208323.0,,,,,,,,,,
pl-2024-2025-04-05-west-ham-v-bournemouth,2025-04-05,2024,pl,West Ham,Bournemouth,2.0,2.0,finished,api_football,1208332.0,,,,,,,,,,
pl-2024-2025-04-05-ipswich-town-v-wolves,2025-04-05,2024,pl,Ipswich Town,Wolves,1.0,2.0,finished,api_football,1208328.0,,,,,,,,,,
pl-2024-2025-04-06-fulham-v-liverpool,2025-04-06,2024,pl,Fulham,Liverpool,3.0,2.0,finished,api_football,1208327.0,,,,,,,,,,
pl-2024-2025-04-06-tottenham-v-southampton,2025-04-06,2024,pl,Tottenham,Southampton,3.0,1.0,finished,api_football,1208331.0,,,,,,,,,,
pl-2024-2025-04-06-brentford-v-chelsea,2025-04-06,2024,pl,Brentford,Chelsea,0.0,0.0,finished,api_football,1208324.0,,,,,,,,,,
pl-2024-2025-04-06-man-united-v-man-city,2025-04-06,2024,pl,Man United,Man City,0.0,0.0,finished,api_football,1208330.0,,,,,,,,,,
pl-2024-2025-04-07-leicester-v-newcastle,2025-04-07,2024,pl,Leicester,Newcastle,0.0,3.0,finished,api_football,1208329.0,,,,,,,,,,
pl-2024-2025-04-12-man-city-v-crystal-palace,2025-04-12,2024,pl,Man City,Crystal Palace,5.0,2.0,finished,api_football,1208338.0,,,,,,,,,,
pl-2024-2025-04-12-southampton-v-aston-villa,2025-04-12,2024,pl,Southampton,Aston Villa,0.0,3.0,finished,api_football,1208341.0,,,,,,,,,,
pl-2024-2025-04-12-brighton-v-leicester,2025-04-12,2024,pl,Brighton,Leicester,2.0,2.0,finished,api_football,1208335.0,,,,,,,,,,
pl-2024-2025-04-12-nott-m-forest-v-everton,2025-04-12,2024,pl,Nott'm Forest,Everton,0.0,1.0,finished,api_football,1208340.0,,,,,,,,,,
pl-2024-2025-04-12-arsenal-v-brentford,2025-04-12,2024,pl,Arsenal,Brentford,1.0,1.0,finished,api_football,1208334.0,,,,,,,,,,
pl-2024-2025-04-13-chelsea-v-ipswich-town,2025-04-13,2024,pl,Chelsea,Ipswich Town,2.0,2.0,finished,api_football,1208336.0,,,,,,,,,,
pl-2024-2025-04-13-newcastle-v-man-united,2025-04-13,2024,pl,Newcastle,Man United,4.0,1.0,finished,api_football,1208339.0,,,,,,,,,,
pl-2024-2025-04-13-liverpool-v-west-ham,2025-04-13,2024,pl,Liverpool,West Ham,2.0,1.0,finished,api_football,1208337.0,,,,,,,,,,
pl-2024-2025-04-13-wolves-v-tottenham,2025-04-13,2024,pl,Wolves,Tottenham,4.0,2.0,finished,api_football,1208342.0,,,,,,,,,,
pl-2024-2025-04-14-bournemouth-v-fulham,2025-04-14,2024,pl,Bournemouth,Fulham,1.0,0.0,finished,api_football,1208333.0,,,,,,,,,,
pl-2024-2025-04-16-newcastle-v-crystal-palace,2025-04-16,2024,pl,Newcastle,Crystal Palace,5.0,0.0,finished,api_football,1208311.0,,,,,,,,,,
pl-2024-2025-04-19-brentford-v-brighton,2025-04-19,2024,pl,Brentford,Brighton,4.0,2.0,finished,api_football,1208344.0,,,,,,,,,,
pl-2024-2025-04-19-west-ham-v-southampton,2025-04-19,2024,pl,West Ham,Southampton,1.0,1.0,finished,api_football,1208352.0,,,,,,,,,,
pl-2024-2025-04-19-crystal-palace-v-bournemouth,2025-04-19,2024,pl,Crystal Palace,Bournemouth,0.0,0.0,finished,api_football,1208345.0,,,,,,,,,,
pl-2024-2025-04-19-everton-v-man-city,2025-04-19,2024,pl,Everton,Man City,0.0,2.0,finished,api_football,1208346.0,,,,,,,,,,
pl-2024-2025-04-19-aston-villa-v-newcastle,2025-04-19,2024,pl,Aston Villa,Newcastle,4.0,1.0,finished,api_football,1208343.0,,,,,,,,,,
pl-2024-2025-04-20-leicester-v-liverpool,2025-04-20,2024,pl,Leicester,Liverpool,0.0,1.0,finished,api_football,1208349.0,,,,,,,,,,
pl-2024-2025-04-20-ipswich-town-v-arsenal,2025-04-20,2024,pl,Ipswich Town,Arsenal,0.0,4.0,finished,api_football,1208348.0,,,,,,,,,,
pl-2024-2025-04-20-fulham-v-chelsea,2025-04-20,2024,pl,Fulham,Chelsea,1.0,2.0,finished,api_football,1208347.0,,,,,,,,,,
pl-2024-2025-04-20-man-united-v-wolves,2025-04-20,2024,pl,Man United,Wolves,0.0,1.0,finished,api_football,1208350.0,,,,,,,,,,
pl-2024-2025-04-21-tottenham-v-nott-m-forest,2025-04-21,2024,pl,Tottenham,Nott'm Forest,1.0,2.0,finished,api_football,1208351.0,,,,,,,,,,
pl-2024-2025-04-22-man-city-v-aston-villa,2025-04-22,2024,pl,Man City,Aston Villa,2.0,1.0,finished,api_football,1208358.0,,,,,,,,,,
pl-2024-2025-04-23-arsenal-v-crystal-palace,2025-04-23,2024,pl,Arsenal,Crystal Palace,2.0,2.0,finished,api_football,1208354.0,,,,,,,,,,
pl-2024-2025-04-26-wolves-v-leicester,2025-04-26,2024,pl,Wolves,Leicester,3.0,0.0,finished,api_football,1208362.0,,,,,,,,,,
pl-2024-2025-04-26-southampton-v-fulham,2025-04-26,2024,pl,Southampton,Fulham,1.0,2.0,finished,api_football,1208361.0,,,,,,,,,,
pl-2024-2025-04-26-brighton-v-west-ham,2025-04-26,2024,pl,Brighton,West Ham,3.0,2.0,finished,api_football,1208355.0,,,,,,,,,,
pl-2024-2025-04-26-chelsea-v-everton,2025-04-26,2024,pl,Chelsea,Everton,1.0,0.0,finished,api_football,1208356.0,,,,,,,,,,
pl-2024-2025-04-26-newcastle-v-ipswich-town,2025-04-26,2024,pl,Newcastle,Ipswich Town,3.0,0.0,finished,api_football,1208359.0,,,,,,,,,,
pl-2024-2025-04-27-liverpool-v-tottenham,2025-04-27,2024,pl,Liverpool,Tottenham,5.0,1.0,finished,api_football,1208357.0,,,,,,,,,,
pl-2024-2025-04-27-bournemouth-v-man-united,2025-04-27,2024,pl,Bournemouth,Man United,1.0,1.0,finished,api_football,1208353.0,,,,,,,,,,
pl-2024-2025-05-01-nott-m-forest-v-brentford,2025-05-01,2024,pl,Nott'm Forest,Brentford,0.0,2.0,finished,api_football,1208360.0,,,,,,,,,,
pl-2024-2025-05-02-man-city-v-wolves,2025-05-02,2024,pl,Man City,Wolves,1.0,0.0,finished,api_football,1208371.0,,,,,,,,,,
pl-2024-2025-05-03-everton-v-ipswich-town,2025-05-03,2024,pl,Everton,Ipswich Town,2.0,2.0,finished,api_football,1208369.0,,,,,,,,,,
pl-2024-2025-05-03-leicester-v-southampton,2025-05-03,2024,pl,Leicester,Southampton,2.0,0.0,finished,api_football,1208370.0,,,,,,,,,,
pl-2024-2025-05-03-arsenal-v-bournemouth,2025-05-03,2024,pl,Arsenal,Bournemouth,1.0,2.0,finished,api_football,1208363.0,,,,,,,,,,
pl-2024-2025-05-03-aston-villa-v-fulham,2025-05-03,2024,pl,Aston Villa,Fulham,1.0,0.0,finished,api_football,1208364.0,,,,,,,,,,
pl-2024-2025-05-04-west-ham-v-tottenham,2025-05-04,2024,pl,West Ham,Tottenham,1.0,1.0,finished,api_football,1208372.0,,,,,,,,,,
pl-2024-2025-05-04-brighton-v-newcastle,2025-05-04,2024,pl,Brighton,Newcastle,1.0,1.0,finished,api_football,1208366.0,,,,,,,,,,
pl-2024-2025-05-04-brentford-v-man-united,2025-05-04,2024,pl,Brentford,Man United,4.0,3.0,finished,api_football,1208365.0,,,,,,,,,,
pl-2024-2025-05-04-chelsea-v-liverpool,2025-05-04,2024,pl,Chelsea,Liverpool,3.0,1.0,finished,api_football,1208367.0,,,,,,,,,,
pl-2024-2025-05-05-crystal-palace-v-nott-m-forest,2025-05-05,2024,pl,Crystal Palace,Nott'm Forest,1.0,1.0,finished,api_football,1208368.0,,,,,,,,,,
pl-2024-2025-05-10-fulham-v-everton,2025-05-10,2024,pl,Fulham,Everton,1.0,3.0,finished,api_football,1208374.0,,,,,,,,,,
pl-2024-2025-05-10-wolves-v-brighton,2025-05-10,2024,pl,Wolves,Brighton,0.0,2.0,finished,api_football,1208382.0,,,,,,,,,,
pl-2024-2025-05-10-southampton-v-man-city,2025-05-10,2024,pl,Southampton,Man City,0.0,0.0,finished,api_football,1208380.0,,,,,,,,,,
pl-2024-2025-05-10-ipswich-town-v-brentford,2025-05-10,2024,pl,Ipswich Town,Brentford,0.0,1.0,finished,api_football,1208375.0,,,,,,,,,,
pl-2024-2025-05-10-bournemouth-v-aston-villa,2025-05-10,2024,pl,Bournemouth,Aston Villa,0.0,1.0,finished,api_football,1208373.0,,,,,,,,,,
pl-2024-2025-05-11-tottenham-v-crystal-palace,2025-05-11,2024,pl,Tottenham,Crystal Palace,0.0,2.0,finished,api_football,1208381.0,,,,,,,,,,
pl-2024-2025-05-11-newcastle-v-chelsea,2025-05-11,2024,pl,Newcastle,Chelsea,2.0,0.0,finished,api_football,1208378.0,,,,,,,,,,
pl-2024-2025-05-11-liverpool-v-arsenal,2025-05-11,2024,pl,Liverpool,Arsenal,2.0,2.0,finished,api_football,1208376.0,,,,,,,,,,
pl-2024-2025-05-11-man-united-v-west-ham,2025-05-11,2024,pl,Man United,West Ham,0.0,2.0,finished,api_football,1208377.0,,,,,,,,,,
pl-2024-2025-05-11-nott-m-forest-v-leicester,2025-05-11,2024,pl,Nott'm Forest,Leicester,2.0,2.0,finished,api_football,1208379.0,,,,,,,,,,
pl-2024-2025-05-16-aston-villa-v-tottenham,2025-05-16,2024,pl,Aston Villa,Tottenham,2.0,0.0,finished,api_football,1208384.0,,,,,,,,,,
pl-2024-2025-05-16-chelsea-v-man-united,2025-05-16,2024,pl,Chelsea,Man United,1.0,0.0,finished,api_football,1208387.0,,,,,,,,,,
pl-2024-2025-05-18-leicester-v-ipswich-town,2025-05-18,2024,pl,Leicester,Ipswich Town,2.0,0.0,finished,api_football,1208390.0,,,,,,,,,,
pl-2024-2025-05-18-brentford-v-fulham,2025-05-18,2024,pl,Brentford,Fulham,2.0,3.0,finished,api_football,1208385.0,,,,,,,,,,
pl-2024-2025-05-18-arsenal-v-newcastle,2025-05-18,2024,pl,Arsenal,Newcastle,1.0,0.0,finished,api_football,1208383.0,,,,,,,,,,
pl-2024-2025-05-18-everton-v-southampton,2025-05-18,2024,pl,Everton,Southampton,2.0,0.0,finished,api_football,1208389.0,,,,,,,,,,
pl-2024-2025-05-18-west-ham-v-nott-m-forest,2025-05-18,2024,pl,West Ham,Nott'm Forest,1.0,2.0,finished,api_football,1208392.0,,,,,,,,,,
pl-2024-2025-05-19-brighton-v-liverpool,2025-05-19,2024,pl,Brighton,Liverpool,3.0,2.0,finished,api_football,1208386.0,,,,,,,,,,
pl-2024-2025-05-20-crystal-palace-v-wolves,2025-05-20,2024,pl,Crystal Palace,Wolves,4.0,2.0,finished,api_football,1208388.0,,,,,,,,,,
pl-2024-2025-05-20-man-city-v-bournemouth,2025-05-20,2024,pl,Man City,Bournemouth,3.0,1.0,finished,api_football,1208391.0,,,,,,,,,,
pl-2024-2025-05-25-southampton-v-arsenal,2025-05-25,2024,pl,Southampton,Arsenal,1.0,2.0,finished,api_football,1208400.0,,,,,,,,,,
pl-2024-2025-05-25-ipswich-town-v-west-ham,2025-05-25,2024,pl,Ipswich Town,West Ham,1.0,3.0,finished,api_football,1208395.0,,,,,,,,,,
pl-2024-2025-05-25-tottenham-v-brighton,2025-05-25,2024,pl,Tottenham,Brighton,1.0,4.0,finished,api_football,1208401.0,,,,,,,,,,
pl-2024-2025-05-25-liverpool-v-crystal-palace,2025-05-25,2024,pl,Liverpool,Crystal Palace,1.0,1.0,finished,api_football,1208396.0,,,,,,,,,,
pl-2024-2025-05-25-nott-m-forest-v-chelsea,2025-05-25,2024,pl,Nott'm Forest,Chelsea,0.0,1.0,finished,api_football,1208399.0,,,,,,,,,,
pl-2024-2025-05-25-fulham-v-man-city,2025-05-25,2024,pl,Fulham,Man City,0.0,2.0,finished,api_football,1208394.0,,,,,,,,,,
pl-2024-2025-05-25-man-united-v-aston-villa,2025-05-25,2024,pl,Man United,Aston Villa,2.0,0.0,finished,api_football,1208397.0,,,,,,,,,,
pl-2024-2025-05-25-bournemouth-v-leicester,2025-05-25,2024,pl,Bournemouth,Leicester,2.0,0.0,finished,api_football,1208393.0,,,,,,,,,,
pl-2024-2025-05-25-newcastle-v-everton,2025-05-25,2024,pl,Newcastle,Everton,0.0,1.0,finished,api_football,1208398.0,,,,,,,,,,
pl-2024-2025-05-25-wolves-v-brentford,2025-05-25,2024,pl,Wolves,Brentford,1.0,1.0,finished,api_football,1208402.0,,,,,,,,,,
pl-2025-2025-08-15-liverpool-v-bournemouth,2025-08-15,2025,pl,Liverpool,Bournemouth,4.0,2.0,finished,csv_download,,19.0,10.0,10.0,3.0,7.0,10.0,1.0,2.0,0.0,0.0
pl-2025-2025-08-16-tottenham-v-burnley,2025-08-16,2025,pl,Tottenham,Burnley,3.0,0.0,finished,csv_download,,16.0,14.0,6.0,4.0,14.0,8.0,0.0,0.0,0.0,0.0
pl-2025-2025-08-16-brighton-v-fulham,2025-08-16,2025,pl,Brighton,Fulham,1.0,1.0,finished,csv_download,,10.0,7.0,4.0,2.0,16.0,15.0,3.0,3.0,0.0,0.0
pl-2025-2025-08-16-sunderland-v-west-ham,2025-08-16,2025,pl,Sunderland,West Ham,3.0,0.0,finished,csv_download,,10.0,12.0,5.0,4.0,8.0,10.0,0.0,1.0,0.0,0.0
pl-2025-2025-08-16-aston-villa-v-newcastle,2025-08-16,2025,pl,Aston Villa,Newcastle,0.0,0.0,finished,csv_download,,3.0,16.0,3.0,3.0,13.0,11.0,1.0,1.0,1.0,0.0
pl-2025-2025-08-16-wolves-v-man-city,2025-08-16,2025,pl,Wolves,Man City,0.0,4.0,finished,csv_download,,9.0,15.0,3.0,4.0,13.0,7.0,1.0,2.0,0.0,0.0
pl-2025-2025-08-17-chelsea-v-crystal-palace,2025-08-17,2025,pl,Chelsea,Crystal Palace,0.0,0.0,finished,csv_download,,19.0,12.0,3.0,4.0,10.0,12.0,2.0,3.0,0.0,0.0
pl-2025-2025-08-17-nott-m-forest-v-brentford,2025-08-17,2025,pl,Nott'm Forest,Brentford,3.0,1.0,finished,csv_download,,11.0,10.0,5.0,3.0,7.0,15.0,1.0,2.0,0.0,0.0
pl-2025-2025-08-17-man-united-v-arsenal,2025-08-17,2025,pl,Man United,Arsenal,0.0,1.0,finished,csv_download,,22.0,9.0,7.0,3.0,10.0,19.0,1.0,4.0,0.0,0.0
pl-2025-2025-08-18-leeds-v-everton,2025-08-18,2025,pl,Leeds,Everton,1.0,0.0,finished,csv_download,,21.0,7.0,3.0,1.0,6.0,8.0,0.0,2.0,0.0,0.0
pl-2025-2025-08-22-west-ham-v-chelsea,2025-08-22,2025,pl,West Ham,Chelsea,1.0,5.0,finished,csv_download,,12.0,12.0,4.0,7.0,7.0,10.0,0.0,1.0,0.0,0.0
pl-2025-2025-08-23-brentford-v-aston-villa,2025-08-23,2025,pl,Brentford,Aston Villa,1.0,0.0,finished,csv_download,,9.0,17.0,2.0,2.0,11.0,9.0,1.0,2.0,0.0,0.0
pl-2025-2025-08-23-burnley-v-sunderland,2025-08-23,2025,pl,Burnley,Sunderland,2.0,0.0,finished,csv_download,,7.0,9.0,2.0,1.0,9.0,5.0,0.0,1.0,0.0,0.0
pl-2025-2025-08-23-arsenal-v-leeds,2025-08-23,2025,pl,Arsenal,Leeds,5.0,0.0,finished,csv_download,,18.0,3.0,5.0,1.0,8.0,11.0,0.0,2.0,0.0,0.0
pl-2025-2025-08-23-man-city-v-tottenham,2025-08-23,2025,pl,Man City,Tottenham,0.0,2.0,finished,csv_download,,10.0,12.0,4.0,5.0,7.0,12.0,1.0,4.0,0.0,0.0
pl-2025-2025-08-23-bournemouth-v-wolves,2025-08-23,2025,pl,Bournemouth,Wolves,1.0,0.0,finished,csv_download,,14.0,6.0,4.0,1.0,13.0,16.0,2.0,4.0,0.0,1.0
pl-2025-2025-08-24-crystal-palace-v-nott-m-forest,2025-08-24,2025,pl,Crystal Palace,Nott'm Forest,1.0,1.0,finished,csv_download,,8.0,9.0,4.0,1.0,11.0,11.0,3.0,3.0,0.0,0.0
pl-2025-2025-08-24-everton-v-brighton,2025-08-24,2025,pl,Everton,Brighton,2.0,0.0,finished,csv_download,,11.0,13.0,3.0,4.0,7.0,15.0,4.0,3.0,0.0,0.0
pl-2025-2025-08-24-fulham-v-man-united,2025-08-24,2025,pl,Fulham,Man United,1.0,1.0,finished,csv_download,,13.0,10.0,4.0,3.0,12.0,10.0,1.0,1.0,0.0,0.0
pl-2025-2025-08-25-newcastle-v-liverpool,2025-08-25,2025,pl,Newcastle,Liverpool,2.0,3.0,finished,csv_download,,10.0,5.0,3.0,4.0,17.0,15.0,2.0,3.0,1.0,0.0
pl-2025-2025-08-30-chelsea-v-fulham,2025-08-30,2025,pl,Chelsea,Fulham,2.0,0.0,finished,csv_download,,13.0,11.0,6.0,3.0,11.0,17.0,2.0,2.0,0.0,0.0
pl-2025-2025-08-30-man-united-v-burnley,2025-08-30,2025,pl,Man United,Burnley,3.0,2.0,finished,csv_download,,26.0,6.0,6.0,3.0,9.0,9.0,1.0,5.0,0.0,0.0
pl-2025-2025-08-30-sunderland-v-brentford,2025-08-30,2025,pl,Sunderland,Brentford,2.0,1.0,finished,csv_download,,12.0,7.0,3.0,4.0,11.0,12.0,3.0,2.0,0.0,0.0
pl-2025-2025-08-30-tottenham-v-bournemouth,2025-08-30,2025,pl,Tottenham,Bournemouth,0.0,1.0,finished,csv_download,,5.0,20.0,1.0,6.0,17.0,13.0,2.0,4.0,0.0,0.0
pl-2025-2025-08-30-wolves-v-everton,2025-08-30,2025,pl,Wolves,Everton,2.0,3.0,finished,csv_download,,12.0,10.0,4.0,4.0,15.0,10.0,0.0,1.0,0.0,0.0
pl-2025-2025-08-30-leeds-v-newcastle,2025-08-30,2025,pl,Leeds,Newcastle,0.0,0.0,finished,csv_download,,10.0,8.0,1.0,2.0,10.0,15.0,1.0,1.0,0.0,0.0
pl-2025-2025-08-31-brighton-v-man-city,2025-08-31,2025,pl,Brighton,Man City,2.0,1.0,finished,csv_download,,12.0,12.0,7.0,3.0,16.0,14.0,2.0,2.0,0.0,0.0
pl-2025-2025-08-31-nott-m-forest-v-west-ham,2025-08-31,2025,pl,Nott'm Forest,West Ham,0.0,3.0,finished,csv_download,,11.0,12.0,3.0,8.0,14.0,6.0,0.0,0.0,0.0,0.0
pl-2025-2025-08-31-liverpool-v-arsenal,2025-08-31,2025,pl,Liverpool,Arsenal,1.0,0.0,finished,csv_download,,9.0,11.0,3.0,1.0,7.0,10.0,2.0,2.0,0.0,0.0
pl-2025-2025-08-31-aston-villa-v-crystal-palace,2025-08-31,2025,pl,Aston Villa,Crystal Palace,0.0,3.0,finished,csv_download,,13.0,6.0,4.0,4.0,7.0,14.0,2.0,3.0,0.0,0.0
pl-2025-2025-09-13-fulham-v-leeds,2025-09-13,2025,pl,Fulham,Leeds,1.0,0.0,finished,csv_download,,5.0,10.0,3.0,3.0,20.0,15.0,1.0,2.0,0.0,0.0
pl-2025-2025-09-13-west-ham-v-tottenham,2025-09-13,2025,pl,West Ham,Tottenham,0.0,3.0,finished,csv_download,,7.0,14.0,4.0,5.0,8.0,7.0,0.0,1.0,1.0,0.0
pl-2025-2025-09-13-newcastle-v-wolves,2025-09-13,2025,pl,Newcastle,Wolves,1.0,0.0,finished,csv_download,,16.0,8.0,4.0,3.0,10.0,17.0,1.0,4.0,0.0,0.0
pl-2025-2025-09-13-brentford-v-chelsea,2025-09-13,2025,pl,Brentford,Chelsea,2.0,2.0,finished,csv_download,,7.0,16.0,4.0,6.0,13.0,9.0,3.0,2.0,0.0,0.0
pl-2025-2025-09-13-everton-v-aston-villa,2025-09-13,2025,pl,Everton,Aston Villa,0.0,0.0,finished,csv_download,,20.0,7.0,2.0,1.0,17.0,15.0,3.0,3.0,0.0,0.0
pl-2025-2025-09-13-crystal-palace-v-sunderland,2025-09-13,2025,pl,Crystal Palace,Sunderland,0.0,0.0,finished,csv_download,,14.0,6.0,6.0,0.0,10.0,8.0,1.0,1.0,0.0,0.0
pl-2025-2025-09-13-bournemouth-v-brighton,2025-09-13,2025,pl,Bournemouth,Brighton,2.0,1.0,finished,csv_download,,13.0,6.0,5.0,2.0,16.0,10.0,4.0,4.0,0.0,0.0
pl-2025-2025-09-13-arsenal-v-nott-m-forest,2025-09-13,2025,pl,Arsenal,Nott'm Forest,3.0,0.0,finished,csv_download,,16.0,5.0,5.0,1.0,8.0,11.0,1.0,1.0,0.0,0.0
pl-2025-2025-09-14-burnley-v-liverpool,2025-09-14,2025,pl,Burnley,Liverpool,0.0,1.0,finished,csv_download,,3.0,27.0,0.0,4.0,9.0,9.0,0.0,2.0,0.0,0.0
pl-2025-2025-09-14-man-city-v-man-united,2025-09-14,2025,pl,Man City,Man United,3.0,0.0,finished,csv_download,,13.0,12.0,6.0,2.0,8.0,8.0,0.0,0.0,0.0,0.0
pl-2025-2025-09-20-fulham-v-brentford,2025-09-20,2025,pl,Fulham,Brentford,3.0,1.0,finished,csv_download,,14.0,8.0,3.0,3.0,11.0,13.0,4.0,1.0,0.0,0.0
pl-2025-2025-09-20-liverpool-v-everton,2025-09-20,2025,pl,Liverpool,Everton,2.0,1.0,finished,csv_download,,11.0,9.0,3.0,2.0,11.0,10.0,2.0,3.0,0.0,0.0
pl-2025-2025-09-20-wolves-v-leeds,2025-09-20,2025,pl,Wolves,Leeds,1.0,3.0,finished,csv_download,,16.0,6.0,6.0,4.0,11.0,9.0,1.0,1.0,0.0,0.0
pl-2025-2025-09-20-brighton-v-tottenham,2025-09-20,2025,pl,Brighton,Tottenham,2.0,2.0,finished,csv_download,,12.0,11.0,4.0,3.0,10.0,13.0,1.0,2.0,0.0,0.0
pl-2025-2025-09-20-burnley-v-nott-m-forest,2025-09-20,2025,pl,Burnley,Nott'm Forest,1.0,1.0,finished,csv_download,,12.0,17.0,5.0,8.0,12.0,11.0,1.0,1.0,0.0,0.0
pl-2025-2025-09-20-west-ham-v-crystal-palace,2025-09-20,2025,pl,West Ham,Crystal Palace,1.0,2.0,finished,csv_download,,8.0,18.0,3.0,3.0,15.0,5.0,3.0,3.0,0.0,0.0
pl-2025-2025-09-20-man-united-v-chelsea,2025-09-20,2025,pl,Man United,Chelsea,2.0,1.0,finished,csv_download,,11.0,5.0,4.0,1.0,13.0,14.0,0.0,5.0,1.0,1.0
pl-2025-2025-09-21-bournemouth-v-newcastle,2025-09-21,2025,pl,Bournemouth,Newcastle,0.0,0.0,finished,csv_download,,11.0,4.0,2.0,1.0,7.0,10.0,2.0,1.0,0.0,0.0
pl-2025-2025-09-21-sunderland-v-aston-villa,2025-09-21,2025,pl,Sunderland,Aston Villa,1.0,1.0,finished,csv_download,,14.0,12.0,4.0,2.0,14.0,8.0,2.0,1.0,1.0,0.0
pl-2025-2025-09-21-arsenal-v-man-city,2025-09-21,2025,pl,Arsenal,Man City,1.0,1.0,finished,csv_download,,12.0,5.0,3.0,3.0,11.0,10.0,1.0,2.0,0.0,0.0
pl-2025-2025-09-27-leeds-v-bournemouth,2025-09-27,2025,pl,Leeds,Bournemouth,2.0,2.0,finished,csv_download,,19.0,12.0,8.0,5.0,12.0,13.0,2.0,2.0,0.0,0.0
pl-2025-2025-09-27-man-city-v-burnley,2025-09-27,2025,pl,Man City,Burnley,5.0,1.0,finished,csv_download,,21.0,9.0,8.0,2.0,5.0,7.0,1.0,3.0,0.0,0.0
pl-2025-2025-09-27-brentford-v-man-united,2025-09-27,2025,pl,Brentford,Man United,3.0,1.0,finished,csv_download,,10.0,14.0,8.0,6.0,14.0,10.0,2.0,2.0,0.0,0.0
pl-2025-2025-09-27-tottenham-v-wolves,2025-09-27,2025,pl,Tottenham,Wolves,1.0,1.0,finished,csv_download,,10.0,9.0,3.0,3.0,9.0,11.0,3.0,2.0,0.0,0.0
pl-2025-2025-09-27-chelsea-v-brighton,2025-09-27,2025,pl,Chelsea,Brighton,1.0,3.0,finished,csv_download,,13.0,12.0,3.0,3.0,9.0,16.0,3.0,5.0,1.0,0.0
pl-2025-2025-09-27-crystal-palace-v-liverpool,2025-09-27,2025,pl,Crystal Palace,Liverpool,2.0,1.0,finished,csv_download,,16.0,20.0,7.0,4.0,10.0,8.0,1.0,3.0,0.0,0.0
pl-2025-2025-09-27-nott-m-forest-v-sunderland,2025-09-27,2025,pl,Nott'm Forest,Sunderland,0.0,1.0,finished,csv_download,,22.0,11.0,6.0,3.0,11.0,6.0,4.0,2.0,0.0,0.0
pl-2025-2025-09-28-aston-villa-v-fulham,2025-09-28,2025,pl,Aston Villa,Fulham,3.0,1.0,finished,csv_download,,9.0,11.0,4.0,4.0,10.0,13.0,1.0,4.0,0.0,0.0
pl-2025-2025-09-28-newcastle-v-arsenal,2025-09-28,2025,pl,Newcastle,Arsenal,1.0,2.0,finished,csv_download,,8.0,20.0,3.0,7.0,8.0,9.0,2.0,1.0,0.0,0.0
pl-2025-2025-09-29-everton-v-west-ham,2025-09-29,2025,pl,Everton,West Ham,1.0,1.0,finished,csv_download,,12.0,14.0,6.0,3.0,7.0,16.0,3.0,4.0,0.0,0.0
pl-2025-2025-10-03-bournemouth-v-fulham,2025-10-03,2025,pl,Bournemouth,Fulham,3.0,1.0,finished,csv_download,,11.0,12.0,6.0,4.0,8.0,10.0,0.0,1.0,0.0,0.0
pl-2025-2025-10-04-leeds-v-tottenham,2025-10-04,2025,pl,Leeds,Tottenham,1.0,2.0,finished,csv_download,,16.0,9.0,4.0,3.0,10.0,12.0,2.0,3.0,0.0,0.0
pl-2025-2025-10-04-arsenal-v-west-ham,2025-10-04,2025,pl,Arsenal,West Ham,2.0,0.0,finished,csv_download,,21.0,4.0,5.0,0.0,14.0,14.0,0.0,2.0,0.0,0.0
pl-2025-2025-10-04-man-united-v-sunderland,2025-10-04,2025,pl,Man United,Sunderland,2.0,0.0,finished,csv_download,,15.0,8.0,6.0,3.0,10.0,12.0,1.0,4.0,0.0,0.0
pl-2025-2025-10-04-chelsea-v-liverpool,2025-10-04,2025,pl,Chelsea,Liverpool,2.0,1.0,finished,csv_download,,12.0,12.0,6.0,2.0,9.0,8.0,0.0,2.0,0.0,0.0
pl-2025-2025-10-05-aston-villa-v-burnley,2025-10-05,2025,pl,Aston Villa,Burnley,2.0,1.0,finished,csv_download,,15.0,5.0,7.0,2.0,9.0,15.0,3.0,1.0,0.0,0.0
pl-2025-2025-10-05-wolves-v-brighton,2025-10-05,2025,pl,Wolves,Brighton,1.0,1.0,finished,csv_download,,6.0,17.0,3.0,6.0,13.0,9.0,2.0,4.0,0.0,0.0
pl-2025-2025-10-05-newcastle-v-nott-m-forest,2025-10-05,2025,pl,Newcastle,Nott'm Forest,2.0,0.0,finished,csv_download,,18.0,5.0,9.0,4.0,16.0,15.0,0.0,4.0,0.0,0.0
pl-2025-2025-10-05-everton-v-crystal-palace,2025-10-05,2025,pl,Everton,Crystal Palace,2.0,1.0,finished,csv_download,,14.0,15.0,7.0,8.0,13.0,16.0,2.0,3.0,0.0,0.0
pl-2025-2025-10-05-brentford-v-man-city,2025-10-05,2025,pl,Brentford,Man City,0.0,1.0,finished,csv_download,,6.0,10.0,1.0,4.0,10.0,6.0,3.0,2.0,0.0,0.0
pl-2025-2025-10-18-nott-m-forest-v-chelsea,2025-10-18,2025,pl,Nott'm Forest,Chelsea,0.0,3.0,finished,csv_download,,12.0,17.0,2.0,6.0,13.0,16.0,2.0,2.0,0.0,1.0
pl-2025-2025-10-18-brighton-v-newcastle,2025-10-18,2025,pl,Brighton,Newcastle,2.0,1.0,finished,csv_download,,13.0,16.0,5.0,3.0,9.0,9.0,0.0,1.0,0.0,0.0
pl-2025-2025-10-18-burnley-v-leeds,2025-10-18,2025,pl,Burnley,Leeds,2.0,0.0,finished,csv_download,,4.0,19.0,3.0,4.0,10.0,7.0,2.0,1.0,0.0,0.0
pl-2025-2025-10-18-crystal-palace-v-bournemouth,2025-10-18,2025,pl,Crystal Palace,Bournemouth,3.0,3.0,finished,csv_download,,20.0,8.0,7.0,5.0,8.0,16.0,1.0,4.0,0.0,0.0
pl-2025-2025-10-18-man-city-v-everton,2025-10-18,2025,pl,Man City,Everton,2.0,0.0,finished,csv_download,,19.0,5.0,7.0,1.0,8.0,14.0,0.0,2.0,0.0,0.0
pl-2025-2025-10-18-sunderland-v-wolves,2025-10-18,2025,pl,Sunderland,Wolves,2.0,0.0,finished,csv_download,,8.0,16.0,2.0,3.0,5.0,12.0,0.0,0.0,0.0,0.0
pl-2025-2025-10-18-fulham-v-arsenal,2025-10-18,2025,pl,Fulham,Arsenal,0.0,1.0,finished,csv_download,,9.0,16.0,0.0,5.0,11.0,4.0,0.0,0.0,0.0,0.0
pl-2025-2025-10-19-liverpool-v-man-united,2025-10-19,2025,pl,Liverpool,Man United,1.0,2.0,finished,csv_download,,19.0,12.0,6.0,4.0,8.0,14.0,0.0,2.0,0.0,0.0
pl-2025-2025-10-19-tottenham-v-aston-villa,2025-10-19,2025,pl,Tottenham,Aston Villa,1.0,2.0,finished,csv_download,,9.0,8.0,3.0,2.0,11.0,7.0,2.0,0.0,0.0,0.0
pl-2025-2025-10-20-west-ham-v-brentford,2025-10-20,2025,pl,West Ham,Brentford,0.0,2.0,finished,csv_download,,7.0,22.0,1.0,7.0,10.0,10.0,1.0,1.0,0.0,0.0
pl-2025-2025-10-24-leeds-v-west-ham,2025-10-24,2025,pl,Leeds,West Ham,2.0,1.0,finished,csv_download,,13.0,9.0,5.0,3.0,12.0,11.0,3.0,3.0,0.0,0.0
pl-2025-2025-10-25-chelsea-v-sunderland,2025-10-25,2025,pl,Chelsea,Sunderland,1.0,2.0,finished,csv_download,,16.0,10.0,7.0,4.0,15.0,13.0,1.0,1.0,0.0,0.0
pl-2025-2025-10-25-newcastle-v-fulham,2025-10-25,2025,pl,Newcastle,Fulham,2.0,1.0,finished,csv_download,,18.0,12.0,7.0,5.0,11.0,18.0,0.0,2.0,0.0,0.0
pl-2025-2025-10-25-man-united-v-brighton,2025-10-25,2025,pl,Man United,Brighton,4.0,2.0,finished,csv_download,,13.0,17.0,9.0,5.0,4.0,13.0,2.0,2.0,0.0,0.0
pl-2025-2025-10-25-brentford-v-liverpool,2025-10-25,2025,pl,Brentford,Liverpool,3.0,2.0,finished,csv_download,,17.0,18.0,8.0,5.0,7.0,10.0,3.0,2.0,0.0,0.0
pl-2025-2025-10-26-bournemouth-v-nott-m-forest,2025-10-26,2025,pl,Bournemouth,Nott'm Forest,2.0,0.0,finished,csv_download,,13.0,8.0,5.0,4.0,17.0,7.0,3.0,1.0,0.0,0.0
pl-2025-2025-10-26-arsenal-v-crystal-palace,2025-10-26,2025,pl,Arsenal,Crystal Palace,1.0,0.0,finished,csv_download,,10.0,7.0,3.0,1.0,6.0,11.0,0.0,0.0,0.0,0.0
pl-2025-2025-10-26-everton-v-tottenham,2025-10-26,2025,pl,Everton,Tottenham,0.0,3.0,finished,csv_download,,12.0,7.0,2.0,4.0,9.0,8.0,2.0,0.0,0.0,0.0
pl-2025-2025-10-26-aston-villa-v-man-city,2025-10-26,2025,pl,Aston Villa,Man City,1.0,0.0,finished,csv_download,,9.0,18.0,3.0,4.0,8.0,16.0,1.0,4.0,0.0,0.0
pl-2025-2025-10-26-wolves-v-burnley,2025-10-26,2025,pl,Wolves,Burnley,2.0,3.0,finished,csv_download,,15.0,11.0,7.0,7.0,12.0,7.0,1.0,0.0,0.0,0.0
pl-2025-2025-11-01-brighton-v-leeds,2025-11-01,2025,pl,Brighton,Leeds,3.0,0.0,finished,csv_download,,14.0,5.0,7.0,2.0,10.0,7.0,0.0,1.0,0.0,0.0
pl-2025-2025-11-01-burnley-v-arsenal,2025-11-01,2025,pl,Burnley,Arsenal,0.0,2.0,finished,csv_download,,3.0,12.0,0.0,8.0,10.0,13.0,2.0,1.0,0.0,0.0
pl-2025-2025-11-01-crystal-palace-v-brentford,2025-11-01,2025,pl,Crystal Palace,Brentford,2.0,0.0,finished,csv_download,,9.0,6.0,2.0,2.0,7.0,11.0,0.0,3.0,0.0,0.0
pl-2025-2025-11-01-fulham-v-wolves,2025-11-01,2025,pl,Fulham,Wolves,3.0,0.0,finished,csv_download,,19.0,5.0,6.0,2.0,13.0,14.0,1.0,3.0,0.0,1.0
pl-2025-2025-11-01-nott-m-forest-v-man-united,2025-11-01,2025,pl,Nott'm Forest,Man United,2.0,2.0,finished,csv_download,,17.0,18.0,3.0,7.0,10.0,7.0,1.0,1.0,0.0,0.0
pl-2025-2025-11-01-tottenham-v-chelsea,2025-11-01,2025,pl,Tottenham,Chelsea,0.0,1.0,finished,csv_download,,3.0,15.0,1.0,9.0,14.0,12.0,4.0,2.0,0.0,0.0
pl-2025-2025-11-01-liverpool-v-aston-villa,2025-11-01,2025,pl,Liverpool,Aston Villa,2.0,0.0,finished,csv_download,,16.0,10.0,4.0,3.0,13.0,11.0,2.0,3.0,0.0,0.0
pl-2025-2025-11-02-man-city-v-bournemouth,2025-11-02,2025,pl,Man City,Bournemouth,3.0,1.0,finished,csv_download,,15.0,8.0,8.0,5.0,8.0,11.0,2.0,2.0,0.0,0.0
pl-2025-2025-11-02-west-ham-v-newcastle,2025-11-02,2025,pl,West Ham,Newcastle,3.0,1.0,finished,csv_download,,15.0,12.0,9.0,4.0,5.0,10.0,1.0,2.0,0.0,0.0
pl-2025-2025-11-03-sunderland-v-everton,2025-11-03,2025,pl,Sunderland,Everton,1.0,1.0,finished,csv_download,,17.0,8.0,3.0,2.0,10.0,12.0,3.0,2.0,0.0,0.0
pl-2025-2025-11-08-tottenham-v-man-united,2025-11-08,2025,pl,Tottenham,Man United,2.0,2.0,finished,csv_download,,10.0,5.0,4.0,2.0,10.0,8.0,5.0,1.0,0.0,0.0
pl-2025-2025-11-08-sunderland-v-arsenal,2025-11-08,2025,pl,Sunderland,Arsenal,2.0,2.0,finished,csv_download,,6.0,17.0,2.0,7.0,13.0,13.0,2.0,1.0,0.0,0.0
pl-2025-2025-11-08-west-ham-v-burnley,2025-11-08,2025,pl,West Ham,Burnley,3.0,2.0,finished,csv_download,,15.0,16.0,6.0,7.0,15.0,13.0,2.0,2.0,0.0,0.0
pl-2025-2025-11-08-everton-v-fulham,2025-11-08,2025,pl,Everton,Fulham,2.0,0.0,finished,csv_download,,14.0,8.0,5.0,4.0,11.0,14.0,2.0,2.0,0.0,0.0
pl-2025-2025-11-08-chelsea-v-wolves,2025-11-08,2025,pl,Chelsea,Wolves,3.0,0.0,finished,csv_download,,20.0,3.0,8.0,0.0,12.0,14.0,1.0,2.0,0.0,0.0
pl-2025-2025-11-09-brentford-v-newcastle,2025-11-09,2025,pl,Brentford,Newcastle,3.0,1.0,finished,csv_download,,15.0,5.0,7.0,1.0,10.0,13.0,2.0,1.0,0.0,0.0
pl-2025-2025-11-09-crystal-palace-v-brighton,2025-11-09,2025,pl,Crystal Palace,Brighton,0.0,0.0,finished,csv_download,,10.0,7.0,2.0,3.0,10.0,12.0,1.0,4.0,0.0,0.0
pl-2025-2025-11-09-nott-m-forest-v-leeds,2025-11-09,2025,pl,Nott'm Forest,Leeds,3.0,1.0,finished,csv_download,,14.0,10.0,6.0,3.0,10.0,11.0,2.0,1.0,0.0,0.0
pl-2025-2025-11-09-aston-villa-v-bournemouth,2025-11-09,2025,pl,Aston Villa,Bournemouth,4.0,0.0,finished,csv_download,,16.0,13.0,8.0,4.0,8.0,20.0,2.0,2.0,0.0,0.0
pl-2025-2025-11-09-man-city-v-liverpool,2025-11-09,2025,pl,Man City,Liverpool,3.0,0.0,finished,csv_download,,14.0,7.0,6.0,1.0,14.0,15.0,2.0,4.0,0.0,0.0
pl-2025-2025-11-22-brighton-v-brentford,2025-11-22,2025,pl,Brighton,Brentford,2.0,1.0,finished,csv_download,,14.0,10.0,5.0,4.0,10.0,9.0,4.0,2.0,0.0,0.0
pl-2025-2025-11-22-newcastle-v-man-city,2025-11-22,2025,pl,Newcastle,Man City,2.0,1.0,finished,csv_download,,9.0,17.0,5.0,4.0,13.0,8.0,1.0,3.0,0.0,0.0
pl-2025-2025-11-22-liverpool-v-nott-m-forest,2025-11-22,2025,pl,Liverpool,Nott'm Forest,0.0,3.0,finished,csv_download,,21.0,15.0,4.0,7.0,11.0,8.0,2.0,0.0,0.0,0.0
pl-2025-2025-11-22-bournemouth-v-west-ham,2025-11-22,2025,pl,Bournemouth,West Ham,2.0,2.0,finished,csv_download,,28.0,5.0,10.0,2.0,9.0,10.0,3.0,2.0,0.0,0.0
pl-2025-2025-11-22-wolves-v-crystal-palace,2025-11-22,2025,pl,Wolves,Crystal Palace,0.0,2.0,finished,csv_download,,8.0,10.0,1.0,4.0,13.0,9.0,2.0,3.0,0.0,0.0
pl-2025-2025-11-22-fulham-v-sunderland,2025-11-22,2025,pl,Fulham,Sunderland,1.0,0.0,finished,csv_download,,24.0,4.0,6.0,2.0,5.0,13.0,3.0,3.0,0.0,0.0
pl-2025-2025-11-22-burnley-v-chelsea,2025-11-22,2025,pl,Burnley,Chelsea,0.0,2.0,finished,csv_download,,8.0,15.0,2.0,5.0,13.0,8.0,2.0,3.0,0.0,0.0
pl-2025-2025-11-23-leeds-v-aston-villa,2025-11-23,2025,pl,Leeds,Aston Villa,1.0,2.0,finished,csv_download,,14.0,14.0,5.0,3.0,18.0,16.0,5.0,1.0,0.0,0.0
pl-2025-2025-11-23-arsenal-v-tottenham,2025-11-23,2025,pl,Arsenal,Tottenham,4.0,1.0,finished,csv_download,,17.0,3.0,8.0,2.0,11.0,15.0,1.0,3.0,0.0,0.0
pl-2025-2025-11-24-man-united-v-everton,2025-11-24,2025,pl,Man United,Everton,0.0,1.0,finished,csv_download,,25.0,3.0,6.0,1.0,12.0,9.0,2.0,0.0,0.0,1.0
pl-2025-2025-11-29-sunderland-v-bournemouth,2025-11-29,2025,pl,Sunderland,Bournemouth,3.0,2.0,finished,csv_download,,12.0,18.0,6.0,6.0,14.0,13.0,5.0,5.0,0.0,1.0
pl-2025-2025-11-29-brentford-v-burnley,2025-11-29,2025,pl,Brentford,Burnley,3.0,1.0,finished,csv_download,,14.0,6.0,4.0,2.0,7.0,7.0,0.0,2.0,0.0,0.0
pl-2025-2025-11-29-tottenham-v-fulham,2025-11-29,2025,pl,Tottenham,Fulham,1.0,2.0,finished,csv_download,,14.0,7.0,2.0,3.0,11.0,7.0,3.0,2.0,0.0,0.0
pl-2025-2025-11-29-man-city-v-leeds,2025-11-29,2025,pl,Man City,Leeds,3.0,2.0,finished,csv_download,,18.0,9.0,9.0,4.0,17.0,11.0,4.0,1.0,0.0,0.0
pl-2025-2025-11-29-everton-v-newcastle,2025-11-29,2025,pl,Everton,Newcastle,1.0,4.0,finished,csv_download,,10.0,13.0,2.0,8.0,4.0,6.0,0.0,0.0,0.0,0.0
pl-2025-2025-11-30-crystal-palace-v-man-united,2025-11-30,2025,pl,Crystal Palace,Man United,1.0,2.0,finished,csv_download,,14.0,14.0,3.0,6.0,14.0,14.0,3.0,2.0,0.0,0.0
pl-2025-2025-11-30-aston-villa-v-wolves,2025-11-30,2025,pl,Aston Villa,Wolves,1.0,0.0,finished,csv_download,,16.0,9.0,6.0,4.0,13.0,21.0,0.0,4.0,0.0,0.0
pl-2025-2025-11-30-nott-m-forest-v-brighton,2025-11-30,2025,pl,Nott'm Forest,Brighton,0.0,2.0,finished,csv_download,,19.0,17.0,3.0,6.0,11.0,10.0,0.0,1.0,0.0,0.0
pl-2025-2025-11-30-west-ham-v-liverpool,2025-11-30,2025,pl,West Ham,Liverpool,0.0,2.0,finished,csv_download,,7.0,9.0,0.0,5.0,12.0,14.0,1.0,0.0,1.0,0.0
pl-2025-2025-11-30-chelsea-v-arsenal,2025-11-30,2025,pl,Chelsea,Arsenal,1.0,1.0,finished,csv_download,,11.0,8.0,4.0,4.0,12.0,13.0,1.0,6.0,1.0,0.0
pl-2025-2025-12-02-fulham-v-man-city,2025-12-02,2025,pl,Fulham,Man City,4.0,5.0,finished,csv_download,,12.0,11.0,6.0,4.0,9.0,7.0,0.0,1.0,0.0,0.0
pl-2025-2025-12-02-bournemouth-v-everton,2025-12-02,2025,pl,Bournemouth,Everton,0.0,1.0,finished,csv_download,,5.0,13.0,2.0,3.0,14.0,14.0,3.0,3.0,0.0,0.0
pl-2025-2025-12-02-newcastle-v-tottenham,2025-12-02,2025,pl,Newcastle,Tottenham,2.0,2.0,finished,csv_download,,19.0,8.0,7.0,2.0,5.0,12.0,0.0,3.0,0.0,0.0
pl-2025-2025-12-03-wolves-v-nott-m-forest,2025-12-03,2025,pl,Wolves,Nott'm Forest,0.0,1.0,finished,csv_download,,5.0,10.0,1.0,3.0,19.0,11.0,2.0,2.0,0.0,0.0
pl-2025-2025-12-03-arsenal-v-brentford,2025-12-03,2025,pl,Arsenal,Brentford,2.0,0.0,finished,csv_download,,15.0,6.0,7.0,1.0,7.0,9.0,0.0,1.0,0.0,0.0
pl-2025-2025-12-03-leeds-v-chelsea,2025-12-03,2025,pl,Leeds,Chelsea,3.0,1.0,finished,csv_download,,17.0,14.0,5.0,2.0,10.0,13.0,1.0,1.0,0.0,0.0
pl-2025-2025-12-03-liverpool-v-sunderland,2025-12-03,2025,pl,Liverpool,Sunderland,1.0,1.0,finished,csv_download,,23.0,9.0,4.0,6.0,10.0,5.0,1.0,1.0,0.0,0.0
pl-2025-2025-12-03-burnley-v-crystal-palace,2025-12-03,2025,pl,Burnley,Crystal Palace,0.0,1.0,finished,csv_download,,11.0,3.0,4.0,3.0,9.0,8.0,0.0,0.0,0.0,0.0
pl-2025-2025-12-03-brighton-v-aston-villa,2025-12-03,2025,pl,Brighton,Aston Villa,3.0,4.0,finished,csv_download,,16.0,14.0,7.0,10.0,10.0,9.0,2.0,2.0,0.0,0.0
pl-2025-2025-12-04-man-united-v-west-ham,2025-12-04,2025,pl,Man United,West Ham,1.0,1.0,finished,csv_download,,17.0,11.0,4.0,3.0,13.0,9.0,2.0,2.0,0.0,0.0
pl-2025-2025-12-06-tottenham-v-brentford,2025-12-06,2025,pl,Tottenham,Brentford,2.0,0.0,finished,csv_download,,15.0,4.0,7.0,1.0,8.0,9.0,3.0,4.0,0.0,0.0
pl-2025-2025-12-06-newcastle-v-burnley,2025-12-06,2025,pl,Newcastle,Burnley,2.0,1.0,finished,csv_download,,17.0,9.0,7.0,3.0,9.0,11.0,2.0,2.0,0.0,1.0
pl-2025-2025-12-06-everton-v-nott-m-forest,2025-12-06,2025,pl,Everton,Nott'm Forest,3.0,0.0,finished,csv_download,,11.0,7.0,5.0,3.0,17.0,15.0,4.0,3.0,0.0,0.0
pl-2025-2025-12-06-man-city-v-sunderland,2025-12-06,2025,pl,Man City,Sunderland,3.0,0.0,finished,csv_download,,18.0,8.0,6.0,1.0,9.0,10.0,1.0,0.0,0.0,1.0
pl-2025-2025-12-06-bournemouth-v-chelsea,2025-12-06,2025,pl,Bournemouth,Chelsea,0.0,0.0,finished,csv_download,,13.0,11.0,5.0,4.0,15.0,13.0,0.0,2.0,0.0,0.0
pl-2025-2025-12-06-aston-villa-v-arsenal,2025-12-06,2025,pl,Aston Villa,Arsenal,2.0,1.0,finished,csv_download,,15.0,15.0,6.0,9.0,10.0,8.0,0.0,2.0,0.0,0.0
pl-2025-2025-12-06-leeds-v-liverpool,2025-12-06,2025,pl,Leeds,Liverpool,3.0,3.0,finished,csv_download,,12.0,16.0,5.0,7.0,14.0,14.0,3.0,3.0,0.0,0.0
pl-2025-2025-12-07-brighton-v-west-ham,2025-12-07,2025,pl,Brighton,West Ham,1.0,1.0,finished,csv_download,,22.0,14.0,4.0,5.0,12.0,8.0,2.0,2.0,0.0,0.0
pl-2025-2025-12-07-fulham-v-crystal-palace,2025-12-07,2025,pl,Fulham,Crystal Palace,1.0,2.0,finished,csv_download,,12.0,11.0,4.0,5.0,5.0,8.0,0.0,0.0,0.0,0.0
pl-2025-2025-12-08-wolves-v-man-united,2025-12-08,2025,pl,Wolves,Man United,1.0,4.0,finished,csv_download,,8.0,27.0,2.0,10.0,17.0,12.0,3.0,2.0,0.0,0.0
pl-2025-2025-12-13-chelsea-v-everton,2025-12-13,2025,pl,Chelsea,Everton,2.0,0.0,finished,csv_download,,17.0,11.0,5.0,2.0,13.0,11.0,1.0,0.0,0.0,0.0
pl-2025-2025-12-13-liverpool-v-brighton,2025-12-13,2025,pl,Liverpool,Brighton,2.0,0.0,finished,csv_download,,18.0,14.0,4.0,1.0,8.0,15.0,1.0,2.0,0.0,0.0
pl-2025-2025-12-13-burnley-v-fulham,2025-12-13,2025,pl,Burnley,Fulham,2.0,3.0,finished,csv_download,,16.0,6.0,8.0,4.0,8.0,8.0,1.0,2.0,0.0,0.0
pl-2025-2025-12-13-arsenal-v-wolves,2025-12-13,2025,pl,Arsenal,Wolves,2.0,1.0,finished,csv_download,,16.0,3.0,2.0,2.0,7.0,15.0,0.0,4.0,0.0,0.0
pl-2025-2025-12-14-west-ham-v-aston-villa,2025-12-14,2025,pl,West Ham,Aston Villa,2.0,3.0,finished,csv_download,,10.0,7.0,3.0,4.0,18.0,13.0,1.0,2.0,0.0,0.0
pl-2025-2025-12-14-nott-m-forest-v-tottenham,2025-12-14,2025,pl,Nott'm Forest,Tottenham,3.0,0.0,finished,csv_download,,15.0,6.0,6.0,1.0,9.0,13.0,1.0,3.0,0.0,0.0
pl-2025-2025-12-14-sunderland-v-newcastle,2025-12-14,2025,pl,Sunderland,Newcastle,1.0,0.0,finished,csv_download,,5.0,6.0,1.0,2.0,10.0,10.0,5.0,4.0,0.0,0.0
pl-2025-2025-12-14-crystal-palace-v-man-city,2025-12-14,2025,pl,Crystal Palace,Man City,0.0,3.0,finished,csv_download,,16.0,7.0,4.0,6.0,9.0,6.0,2.0,0.0,0.0,0.0
pl-2025-2025-12-14-brentford-v-leeds,2025-12-14,2025,pl,Brentford,Leeds,1.0,1.0,finished,csv_download,,7.0,18.0,2.0,4.0,8.0,9.0,0.0,0.0,0.0,0.0
pl-2025-2025-12-15-man-united-v-bournemouth,2025-12-15,2025,pl,Man United,Bournemouth,4.0,4.0,finished,csv_download,,25.0,14.0,9.0,9.0,15.0,12.0,2.0,3.0,0.0,0.0
pl-2025-2025-12-20-newcastle-v-chelsea,2025-12-20,2025,pl,Newcastle,Chelsea,2.0,2.0,finished,csv_download,,11.0,13.0,5.0,4.0,13.0,14.0,3.0,6.0,0.0,0.0
pl-2025-2025-12-20-bournemouth-v-burnley,2025-12-20,2025,pl,Bournemouth,Burnley,1.0,1.0,finished,csv_download,,16.0,4.0,1.0,1.0,11.0,11.0,1.0,1.0,0.0,0.0
pl-2025-2025-12-20-brighton-v-sunderland,2025-12-20,2025,pl,Brighton,Sunderland,0.0,0.0,finished,csv_download,,16.0,14.0,4.0,6.0,11.0,15.0,2.0,2.0,0.0,0.0
pl-2025-2025-12-20-man-city-v-west-ham,2025-12-20,2025,pl,Man City,West Ham,3.0,0.0,finished,csv_download,,17.0,7.0,8.0,3.0,16.0,10.0,1.0,1.0,0.0,0.0
pl-2025-2025-12-20-wolves-v-brentford,2025-12-20,2025,pl,Wolves,Brentford,0.0,2.0,finished,csv_download,,9.0,7.0,2.0,6.0,12.0,15.0,2.0,4.0,0.0,0.0
pl-2025-2025-12-20-tottenham-v-liverpool,2025-12-20,2025,pl,Tottenham,Liverpool,1.0,2.0,finished,csv_download,,15.0,8.0,4.0,4.0,9.0,7.0,3.0,3.0,2.0,0.0
pl-2025-2025-12-20-everton-v-arsenal,2025-12-20,2025,pl,Everton,Arsenal,0.0,1.0,finished,csv_download,,5.0,13.0,1.0,2.0,4.0,5.0,2.0,2.0,0.0,0.0
pl-2025-2025-12-20-leeds-v-crystal-palace,2025-12-20,2025,pl,Leeds,Crystal Palace,4.0,1.0,finished,csv_download,,20.0,9.0,8.0,3.0,5.0,10.0,1.0,3.0,0.0,0.0
pl-2025-2025-12-21-aston-villa-v-man-united,2025-12-21,2025,pl,Aston Villa,Man United,2.0,1.0,finished,csv_download,,12.0,15.0,4.0,6.0,11.0,14.0,1.0,2.0,0.0,0.0
pl-2025-2025-12-22-fulham-v-nott-m-forest,2025-12-22,2025,pl,Fulham,Nott'm Forest,1.0,0.0,finished,csv_download,,11.0,12.0,1.0,2.0,5.0,9.0,5.0,4.0,0.0,0.0
pl-2025-2025-12-26-man-united-v-newcastle,2025-12-26,2025,pl,Man United,Newcastle,1.0,0.0,finished,csv_download,,10.0,16.0,4.0,3.0,9.0,5.0,2.0,1.0,0.0,0.0
pl-2025-2025-12-27-nott-m-forest-v-man-city,2025-12-27,2025,pl,Nott'm Forest,Man City,1.0,2.0,finished,csv_download,,7.0,16.0,2.0,5.0,5.0,13.0,1.0,2.0,0.0,0.0
pl-2025-2025-12-27-arsenal-v-brighton,2025-12-27,2025,pl,Arsenal,Brighton,2.0,1.0,finished,csv_download,,24.0,8.0,6.0,3.0,7.0,13.0,2.0,3.0,0.0,0.0
pl-2025-2025-12-27-brentford-v-bournemouth,2025-12-27,2025,pl,Brentford,Bournemouth,4.0,1.0,finished,csv_download,,15.0,20.0,7.0,10.0,9.0,8.0,2.0,2.0,0.0,0.0
pl-2025-2025-12-27-burnley-v-everton,2025-12-27,2025,pl,Burnley,Everton,0.0,0.0,finished,csv_download,,16.0,15.0,0.0,6.0,8.0,8.0,0.0,2.0,0.0,0.0
pl-2025-2025-12-27-liverpool-v-wolves,2025-12-27,2025,pl,Liverpool,Wolves,2.0,1.0,finished,csv_download,,14.0,9.0,4.0,4.0,5.0,13.0,0.0,1.0,0.0,0.0
pl-2025-2025-12-27-west-ham-v-fulham,2025-12-27,2025,pl,West Ham,Fulham,0.0,1.0,finished,csv_download,,11.0,15.0,2.0,4.0,8.0,8.0,1.0,3.0,0.0,0.0
pl-2025-2025-12-27-chelsea-v-aston-villa,2025-12-27,2025,pl,Chelsea,Aston Villa,1.0,2.0,finished,csv_download,,14.0,11.0,3.0,8.0,16.0,8.0,5.0,3.0,0.0,0.0
pl-2025-2025-12-28-sunderland-v-leeds,2025-12-28,2025,pl,Sunderland,Leeds,1.0,1.0,finished,csv_download,,8.0,17.0,3.0,6.0,7.0,9.0,1.0,0.0,0.0,0.0
pl-2025-2025-12-28-crystal-palace-v-tottenham,2025-12-28,2025,pl,Crystal Palace,Tottenham,0.0,1.0,finished,csv_download,,15.0,8.0,2.0,4.0,7.0,5.0,3.0,2.0,0.0,0.0
pl-2025-2025-12-30-arsenal-v-aston-villa,2025-12-30,2025,pl,Arsenal,Aston Villa,4.0,1.0,finished,csv_download,,22.0,11.0,7.0,3.0,18.0,9.0,2.0,3.0,0.0,0.0
pl-2025-2025-12-30-west-ham-v-brighton,2025-12-30,2025,pl,West Ham,Brighton,2.0,2.0,finished,csv_download,,10.0,16.0,4.0,6.0,11.0,18.0,3.0,5.0,0.0,0.0
pl-2025-2025-12-30-man-united-v-wolves,2025-12-30,2025,pl,Man United,Wolves,1.0,1.0,finished,csv_download,,15.0,11.0,6.0,4.0,9.0,12.0,0.0,2.0,0.0,0.0
pl-2025-2025-12-30-chelsea-v-bournemouth,2025-12-30,2025,pl,Chelsea,Bournemouth,2.0,2.0,finished,csv_download,,17.0,17.0,3.0,6.0,5.0,12.0,1.0,1.0,0.0,0.0
pl-2025-2025-12-30-nott-m-forest-v-everton,2025-12-30,2025,pl,Nott'm Forest,Everton,0.0,2.0,finished,csv_download,,21.0,11.0,6.0,3.0,11.0,9.0,1.0,0.0,0.0,0.0
pl-2025-2025-12-30-burnley-v-newcastle,2025-12-30,2025,pl,Burnley,Newcastle,1.0,3.0,finished,csv_download,,15.0,20.0,4.0,9.0,9.0,3.0,2.0,1.0,0.0,0.0
pl-2025-2026-01-01-crystal-palace-v-fulham,2026-01-01,2025,pl,Crystal Palace,Fulham,1.0,1.0,finished,csv_download,,11.0,17.0,2.0,5.0,7.0,10.0,0.0,5.0,0.0,0.0
pl-2025-2026-01-01-liverpool-v-leeds,2026-01-01,2025,pl,Liverpool,Leeds,0.0,0.0,finished,csv_download,,19.0,4.0,4.0,2.0,10.0,8.0,0.0,2.0,0.0,0.0
pl-2025-2026-01-01-brentford-v-tottenham,2026-01-01,2025,pl,Brentford,Tottenham,0.0,0.0,finished,csv_download,,7.0,9.0,2.0,3.0,8.0,10.0,1.0,2.0,0.0,0.0
pl-2025-2026-01-01-sunderland-v-man-city,2026-01-01,2025,pl,Sunderland,Man City,0.0,0.0,finished,csv_download,,10.0,14.0,4.0,4.0,9.0,6.0,1.0,1.0,0.0,0.0
pl-2025-2026-01-03-aston-villa-v-nott-m-forest,2026-01-03,2025,pl,Aston Villa,Nott'm Forest,3.0,1.0,finished,csv_download,,11.0,10.0,4.0,5.0,10.0,20.0,1.0,2.0,0.0,0.0
pl-2025-2026-01-03-brighton-v-burnley,2026-01-03,2025,pl,Brighton,Burnley,2.0,0.0,finished,csv_download,,15.0,5.0,4.0,3.0,7.0,17.0,0.0,4.0,0.0,0.0
pl-2025-2026-01-03-wolves-v-west-ham,2026-01-03,2025,pl,Wolves,West Ham,3.0,0.0,finished,csv_download,,11.0,6.0,8.0,0.0,11.0,10.0,1.0,0.0,0.0,0.0
pl-2025-2026-01-03-bournemouth-v-arsenal,2026-01-03,2025,pl,Bournemouth,Arsenal,2.0,3.0,finished,csv_download,,15.0,12.0,3.0,5.0,13.0,8.0,3.0,1.0,0.0,0.0
pl-2025-2026-01-04-tottenham-v-sunderland,2026-01-04,2025,pl,Tottenham,Sunderland,1.0,1.0,finished,csv_download,,13.0,10.0,5.0,3.0,10.0,6.0,2.0,3.0,0.0,0.0
pl-2025-2026-01-04-fulham-v-liverpool,2026-01-04,2025,pl,Fulham,Liverpool,2.0,2.0,finished,csv_download,,8.0,10.0,2.0,2.0,11.0,4.0,1.0,1.0,0.0,0.0
pl-2025-2026-01-04-man-city-v-chelsea,2026-01-04,2025,pl,Man City,Chelsea,1.0,1.0,finished,csv_download,,14.0,8.0,3.0,3.0,12.0,14.0,3.0,3.0,0.0,0.0
pl-2025-2026-01-04-newcastle-v-crystal-palace,2026-01-04,2025,pl,Newcastle,Crystal Palace,2.0,0.0,finished,csv_download,,12.0,11.0,7.0,1.0,5.0,12.0,1.0,3.0,0.0,0.0
pl-2025-2026-01-04-everton-v-brentford,2026-01-04,2025,pl,Everton,Brentford,2.0,4.0,finished,csv_download,,14.0,11.0,6.0,7.0,9.0,8.0,0.0,2.0,0.0,0.0
pl-2025-2026-01-04-leeds-v-man-united,2026-01-04,2025,pl,Leeds,Man United,1.0,1.0,finished,csv_download,,11.0,15.0,3.0,2.0,9.0,9.0,0.0,1.0,0.0,0.0
pl-2025-2026-01-06-west-ham-v-nott-m-forest,2026-01-06,2025,pl,West Ham,Nott'm Forest,1.0,2.0,finished,csv_download,,14.0,13.0,3.0,5.0,15.0,9.0,3.0,0.0,0.0,0.0
pl-2025-2026-01-07-burnley-v-man-united,2026-01-07,2025,pl,Burnley,Man United,2.0,2.0,finished,csv_download,,7.0,30.0,1.0,10.0,9.0,8.0,2.0,0.0,0.0,0.0
pl-2025-2026-01-07-man-city-v-brighton,2026-01-07,2025,pl,Man City,Brighton,1.0,1.0,finished,csv_download,,22.0,6.0,6.0,3.0,6.0,16.0,1.0,6.0,0.0,0.0
pl-2025-2026-01-07-fulham-v-chelsea,2026-01-07,2025,pl,Fulham,Chelsea,2.0,1.0,finished,csv_download,,16.0,14.0,5.0,6.0,11.0,6.0,3.0,3.0,0.0,1.0
pl-2025-2026-01-07-newcastle-v-leeds,2026-01-07,2025,pl,Newcastle,Leeds,4.0,3.0,finished,csv_download,,18.0,14.0,8.0,6.0,11.0,10.0,3.0,2.0,0.0,0.0
pl-2025-2026-01-07-crystal-palace-v-aston-villa,2026-01-07,2025,pl,Crystal Palace,Aston Villa,0.0,0.0,finished,csv_download,,11.0,15.0,5.0,3.0,8.0,3.0,2.0,0.0,0.0,0.0
pl-2025-2026-01-07-bournemouth-v-tottenham,2026-01-07,2025,pl,Bournemouth,Tottenham,3.0,2.0,finished,csv_download,,11.0,16.0,3.0,4.0,19.0,10.0,3.0,3.0,0.0,0.0
pl-2025-2026-01-07-brentford-v-sunderland,2026-01-07,2025,pl,Brentford,Sunderland,3.0,0.0,finished,csv_download,,18.0,11.0,6.0,3.0,13.0,13.0,2.0,1.0,0.0,0.0
pl-2025-2026-01-07-everton-v-wolves,2026-01-07,2025,pl,Everton,Wolves,1.0,1.0,finished,csv_download,,13.0,13.0,2.0,4.0,13.0,15.0,1.0,3.0,2.0,0.0
pl-2025-2026-01-08-arsenal-v-liverpool,2026-01-08,2025,pl,Arsenal,Liverpool,0.0,0.0,finished,csv_download,,9.0,8.0,4.0,0.0,10.0,9.0,2.0,2.0,0.0,0.0
pl-2025-2026-01-17-man-united-v-man-city,2026-01-17,2025,pl,Man United,Man City,2.0,0.0,finished,csv_download,,11.0,7.0,7.0,1.0,13.0,8.0,2.0,3.0,0.0,0.0
pl-2025-2026-01-17-chelsea-v-brentford,2026-01-17,2025,pl,Chelsea,Brentford,2.0,0.0,finished,csv_download,,6.0,15.0,2.0,5.0,7.0,10.0,3.0,2.0,0.0,0.0
pl-2025-2026-01-17-leeds-v-fulham,2026-01-17,2025,pl,Leeds,Fulham,1.0,0.0,finished,csv_download,,14.0,8.0,5.0,1.0,6.0,11.0,1.0,5.0,0.0,0.0
pl-2025-2026-01-17-liverpool-v-burnley,2026-01-17,2025,pl,Liverpool,Burnley,1.0,1.0,finished,csv_download,,32.0,7.0,11.0,1.0,8.0,10.0,1.0,2.0,0.0,0.0
pl-2025-2026-01-17-sunderland-v-crystal-palace,2026-01-17,2025,pl,Sunderland,Crystal Palace,2.0,1.0,finished,csv_download,,13.0,6.0,7.0,2.0,8.0,15.0,3.0,3.0,0.0,0.0
pl-2025-2026-01-17-tottenham-v-west-ham,2026-01-17,2025,pl,Tottenham,West Ham,1.0,2.0,finished,csv_download,,21.0,17.0,6.0,4.0,12.0,17.0,5.0,3.0,0.0,0.0
pl-2025-2026-01-17-nott-m-forest-v-arsenal,2026-01-17,2025,pl,Nott'm Forest,Arsenal,0.0,0.0,finished,csv_download,,6.0,15.0,0.0,3.0,8.0,14.0,1.0,1.0,0.0,0.0
pl-2025-2026-01-18-aston-villa-v-everton,2026-01-18,2025,pl,Aston Villa,Everton,0.0,1.0,finished,csv_download,,18.0,9.0,5.0,3.0,15.0,13.0,1.0,2.0,0.0,0.0
pl-2025-2026-01-18-wolves-v-newcastle,2026-01-18,2025,pl,Wolves,Newcastle,0.0,0.0,finished,csv_download,,6.0,12.0,2.0,2.0,14.0,8.0,2.0,2.0,0.0,0.0
pl-2025-2026-01-19-brighton-v-bournemouth,2026-01-19,2025,pl,Brighton,Bournemouth,1.0,1.0,finished,csv_download,,17.0,11.0,5.0,2.0,7.0,6.0,2.0,3.0,0.0,0.0
pl-2025-2026-01-24-west-ham-v-sunderland,2026-01-24,2025,pl,West Ham,Sunderland,3.0,1.0,finished,csv_download,,13.0,7.0,5.0,2.0,9.0,16.0,2.0,4.0,0.0,0.0
pl-2025-2026-01-24-burnley-v-tottenham,2026-01-24,2025,pl,Burnley,Tottenham,2.0,2.0,finished,csv_download,,9.0,18.0,4.0,11.0,8.0,9.0,1.0,0.0,0.0,0.0
pl-2025-2026-01-24-fulham-v-brighton,2026-01-24,2025,pl,Fulham,Brighton,2.0,1.0,finished,csv_download,,12.0,13.0,4.0,5.0,10.0,6.0,1.0,1.0,0.0,0.0
pl-2025-2026-01-24-man-city-v-wolves,2026-01-24,2025,pl,Man City,Wolves,2.0,0.0,finished,csv_download,,11.0,11.0,4.0,1.0,16.0,14.0,1.0,3.0,0.0,0.0
pl-2025-2026-01-24-bournemouth-v-liverpool,2026-01-24,2025,pl,Bournemouth,Liverpool,3.0,2.0,finished,csv_download,,12.0,14.0,5.0,4.0,7.0,7.0,1.0,1.0,0.0,0.0
pl-2025-2026-01-25-brentford-v-nott-m-forest,2026-01-25,2025,pl,Brentford,Nott'm Forest,0.0,2.0,finished,csv_download,,10.0,7.0,1.0,2.0,11.0,10.0,1.0,0.0,0.0,0.0
pl-2025-2026-01-25-crystal-palace-v-chelsea,2026-01-25,2025,pl,Crystal Palace,Chelsea,1.0,3.0,finished,csv_download,,13.0,10.0,7.0,6.0,11.0,10.0,2.0,2.0,1.0,0.0
pl-2025-2026-01-25-newcastle-v-aston-villa,2026-01-25,2025,pl,Newcastle,Aston Villa,0.0,2.0,finished,csv_download,,15.0,14.0,4.0,8.0,7.0,12.0,1.0,2.0,0.0,0.0
pl-2025-2026-01-25-arsenal-v-man-united,2026-01-25,2025,pl,Arsenal,Man United,2.0,3.0,finished,csv_download,,15.0,10.0,4.0,3.0,11.0,9.0,2.0,0.0,0.0,0.0
pl-2025-2026-01-26-everton-v-leeds,2026-01-26,2025,pl,Everton,Leeds,1.0,1.0,finished,csv_download,,10.0,14.0,3.0,4.0,9.0,13.0,0.0,3.0,0.0,0.0
pl-2025-2026-01-31-liverpool-v-newcastle,2026-01-31,2025,pl,Liverpool,Newcastle,4.0,1.0,finished,csv_download,,17.0,8.0,7.0,2.0,11.0,7.0,1.0,3.0,0.0,0.0
pl-2025-2026-01-31-chelsea-v-west-ham,2026-01-31,2025,pl,Chelsea,West Ham,3.0,2.0,finished,csv_download,,14.0,11.0,6.0,6.0,11.0,13.0,3.0,2.0,0.0,1.0
pl-2025-2026-01-31-wolves-v-bournemouth,2026-01-31,2025,pl,Wolves,Bournemouth,0.0,2.0,finished,csv_download,,17.0,9.0,7.0,4.0,11.0,15.0,3.0,3.0,0.0,0.0
pl-2025-2026-01-31-leeds-v-arsenal,2026-01-31,2025,pl,Leeds,Arsenal,0.0,4.0,finished,csv_download,,3.0,14.0,1.0,8.0,10.0,7.0,1.0,1.0,0.0,0.0
pl-2025-2026-01-31-brighton-v-everton,2026-01-31,2025,pl,Brighton,Everton,1.0,1.0,finished,csv_download,,11.0,7.0,2.0,4.0,13.0,14.0,1.0,2.0,0.0,0.0
pl-2025-2026-02-01-aston-villa-v-brentford,2026-02-01,2025,pl,Aston Villa,Brentford,0.0,1.0,finished,csv_download,,27.0,6.0,5.0,2.0,8.0,8.0,0.0,3.0,0.0,0.0
pl-2025-2026-02-01-man-united-v-fulham,2026-02-01,2025,pl,Man United,Fulham,3.0,2.0,finished,csv_download,,13.0,14.0,6.0,6.0,6.0,9.0,2.0,1.0,0.0,0.0
pl-2025-2026-02-01-nott-m-forest-v-crystal-palace,2026-02-01,2025,pl,Nott'm Forest,Crystal Palace,1.0,1.0,finished,csv_download,,9.0,14.0,1.0,3.0,4.0,12.0,1.0,3.0,0.0,0.0
pl-2025-2026-02-01-tottenham-v-man-city,2026-02-01,2025,pl,Tottenham,Man City,2.0,2.0,finished,csv_download,,12.0,15.0,6.0,3.0,15.0,12.0,3.0,3.0,0.0,0.0
pl-2025-2026-02-02-sunderland-v-burnley,2026-02-02,2025,pl,Sunderland,Burnley,3.0,0.0,finished,csv_download,,14.0,5.0,5.0,0.0,12.0,10.0,1.0,4.0,0.0,0.0
pl-2025-2026-02-06-leeds-v-nott-m-forest,2026-02-06,2025,pl,Leeds,Nott'm Forest,3.0,1.0,finished,csv_download,,14.0,16.0,5.0,6.0,9.0,12.0,1.0,1.0,0.0,0.0
pl-2025-2026-02-07-burnley-v-west-ham,2026-02-07,2025,pl,Burnley,West Ham,0.0,2.0,finished,csv_download,,18.0,6.0,5.0,4.0,11.0,10.0,3.0,1.0,0.0,0.0
pl-2025-2026-02-07-newcastle-v-brentford,2026-02-07,2025,pl,Newcastle,Brentford,2.0,3.0,finished,csv_download,,16.0,11.0,4.0,5.0,14.0,18.0,2.0,2.0,0.0,0.0
pl-2025-2026-02-07-arsenal-v-sunderland,2026-02-07,2025,pl,Arsenal,Sunderland,3.0,0.0,finished,csv_download,,16.0,5.0,5.0,3.0,11.0,8.0,1.0,2.0,0.0,0.0
pl-2025-2026-02-07-wolves-v-chelsea,2026-02-07,2025,pl,Wolves,Chelsea,1.0,3.0,finished,csv_download,,11.0,15.0,3.0,6.0,9.0,10.0,1.0,1.0,0.0,0.0
pl-2025-2026-02-07-man-united-v-tottenham,2026-02-07,2025,pl,Man United,Tottenham,2.0,0.0,finished,csv_download,,23.0,7.0,10.0,1.0,12.0,11.0,1.0,2.0,0.0,1.0
pl-2025-2026-02-07-bournemouth-v-aston-villa,2026-02-07,2025,pl,Bournemouth,Aston Villa,1.0,1.0,finished,csv_download,,20.0,7.0,9.0,4.0,4.0,11.0,1.0,1.0,0.0,0.0
pl-2025-2026-02-07-fulham-v-everton,2026-02-07,2025,pl,Fulham,Everton,1.0,2.0,finished,csv_download,,13.0,16.0,3.0,3.0,11.0,12.0,1.0,5.0,0.0,0.0
pl-2025-2026-02-08-brighton-v-crystal-palace,2026-02-08,2025,pl,Brighton,Crystal Palace,0.0,1.0,finished,csv_download,,7.0,7.0,2.0,4.0,12.0,9.0,1.0,3.0,0.0,0.0
pl-2025-2026-02-08-liverpool-v-man-city,2026-02-08,2025,pl,Liverpool,Man City,1.0,2.0,finished,csv_download,,15.0,17.0,4.0,7.0,13.0,16.0,2.0,4.0,1.0,0.0
pl-2025-2026-02-10-chelsea-v-leeds,2026-02-10,2025,pl,Chelsea,Leeds,2.0,2.0,finished,csv_download,,19.0,4.0,4.0,2.0,9.0,13.0,4.0,4.0,0.0,0.0
pl-2025-2026-02-10-everton-v-bournemouth,2026-02-10,2025,pl,Everton,Bournemouth,1.0,2.0,finished,csv_download,,16.0,11.0,6.0,4.0,14.0,15.0,1.0,3.0,1.0,0.0
pl-2025-2026-02-10-tottenham-v-newcastle,2026-02-10,2025,pl,Tottenham,Newcastle,1.0,2.0,finished,csv_download,,16.0,21.0,2.0,5.0,15.0,11.0,3.0,2.0,0.0,0.0
pl-2025-2026-02-10-west-ham-v-man-united,2026-02-10,2025,pl,West Ham,Man United,1.0,1.0,finished,csv_download,,7.0,9.0,3.0,3.0,10.0,4.0,1.0,1.0,0.0,0.0
pl-2025-2026-02-11-sunderland-v-liverpool,2026-02-11,2025,pl,Sunderland,Liverpool,0.0,1.0,finished,csv_download,,11.0,23.0,2.0,3.0,8.0,10.0,1.0,0.0,0.0,0.0
pl-2025-2026-02-11-nott-m-forest-v-wolves,2026-02-11,2025,pl,Nott'm Forest,Wolves,0.0,0.0,finished,csv_download,,35.0,7.0,10.0,3.0,12.0,13.0,0.0,2.0,0.0,0.0
pl-2025-2026-02-11-man-city-v-fulham,2026-02-11,2025,pl,Man City,Fulham,3.0,0.0,finished,csv_download,,13.0,14.0,5.0,3.0,8.0,10.0,3.0,1.0,0.0,0.0
pl-2025-2026-02-11-crystal-palace-v-burnley,2026-02-11,2025,pl,Crystal Palace,Burnley,2.0,3.0,finished,csv_download,,21.0,8.0,3.0,3.0,11.0,8.0,2.0,1.0,0.0,0.0
pl-2025-2026-02-11-aston-villa-v-brighton,2026-02-11,2025,pl,Aston Villa,Brighton,1.0,0.0,finished,csv_download,,15.0,9.0,1.0,3.0,9.0,15.0,2.0,3.0,0.0,0.0
pl-2025-2026-02-12-brentford-v-arsenal,2026-02-12,2025,pl,Brentford,Arsenal,1.0,1.0,finished,csv_download,,12.0,7.0,3.0,2.0,12.0,11.0,3.0,2.0,0.0,0.0
pl-2025-2026-02-18-wolves-v-arsenal,2026-02-18,2025,pl,Wolves,Arsenal,2.0,2.0,finished,csv_download,,5.0,10.0,2.0,4.0,6.0,8.0,2.0,1.0,0.0,0.0
pl-2025-2026-02-21-aston-villa-v-leeds,2026-02-21,2025,pl,Aston Villa,Leeds,1.0,1.0,finished,csv_download,,16.0,14.0,4.0,4.0,11.0,16.0,1.0,4.0,0.0,0.0
pl-2025-2026-02-21-brentford-v-brighton,2026-02-21,2025,pl,Brentford,Brighton,0.0,2.0,finished,csv_download,,13.0,11.0,3.0,7.0,9.0,14.0,1.0,2.0,0.0,0.0
pl-2025-2026-02-21-chelsea-v-burnley,2026-02-21,2025,pl,Chelsea,Burnley,1.0,1.0,finished,csv_download,,12.0,12.0,2.0,4.0,13.0,11.0,2.0,2.0,1.0,0.0
pl-2025-2026-02-21-west-ham-v-bournemouth,2026-02-21,2025,pl,West Ham,Bournemouth,0.0,0.0,finished,csv_download,,20.0,10.0,3.0,5.0,10.0,11.0,1.0,1.0,0.0,0.0
pl-2025-2026-02-21-man-city-v-newcastle,2026-02-21,2025,pl,Man City,Newcastle,2.0,1.0,finished,csv_download,,15.0,13.0,7.0,7.0,12.0,13.0,2.0,5.0,0.0,0.0
pl-2025-2026-02-22-tottenham-v-arsenal,2026-02-22,2025,pl,Tottenham,Arsenal,1.0,4.0,finished,csv_download,,6.0,20.0,5.0,7.0,17.0,11.0,2.0,1.0,0.0,0.0
pl-2025-2026-02-22-sunderland-v-fulham,2026-02-22,2025,pl,Sunderland,Fulham,1.0,3.0,finished,csv_download,,12.0,12.0,2.0,4.0,6.0,13.0,1.0,1.0,0.0,0.0
pl-2025-2026-02-22-nott-m-forest-v-liverpool,2026-02-22,2025,pl,Nott'm Forest,Liverpool,0.0,1.0,finished,csv_download,,18.0,10.0,2.0,4.0,13.0,9.0,2.0,0.0,0.0,0.0
pl-2025-2026-02-22-crystal-palace-v-wolves,2026-02-22,2025,pl,Crystal Palace,Wolves,1.0,0.0,finished,csv_download,,14.0,12.0,3.0,7.0,19.0,13.0,5.0,1.0,0.0,1.0
pl-2025-2026-02-23-everton-v-man-united,2026-02-23,2025,pl,Everton,Man United,0.0,1.0,finished,csv_download,,12.0,11.0,4.0,3.0,12.0,7.0,2.0,3.0,0.0,0.0
pl-2025-2026-02-27-wolves-v-aston-villa,2026-02-27,2025,pl,Wolves,Aston Villa,2.0,0.0,finished,csv_download,,9.0,14.0,2.0,5.0,13.0,19.0,3.0,3.0,0.0,0.0
pl-2025-2026-02-28-bournemouth-v-sunderland,2026-02-28,2025,pl,Bournemouth,Sunderland,1.0,1.0,finished,csv_download,,21.0,8.0,5.0,4.0,15.0,12.0,4.0,2.0,0.0,0.0
pl-2025-2026-02-28-burnley-v-brentford,2026-02-28,2025,pl,Burnley,Brentford,3.0,4.0,finished,csv_download,,12.0,16.0,3.0,7.0,9.0,9.0,2.0,2.0,0.0,0.0
pl-2025-2026-02-28-liverpool-v-west-ham,2026-02-28,2025,pl,Liverpool,West Ham,5.0,2.0,finished,csv_download,,18.0,11.0,7.0,4.0,12.0,11.0,2.0,2.0,0.0,0.0
pl-2025-2026-02-28-newcastle-v-everton,2026-02-28,2025,pl,Newcastle,Everton,2.0,3.0,finished,csv_download,,17.0,9.0,7.0,5.0,15.0,7.0,2.0,3.0,0.0,0.0
pl-2025-2026-02-28-leeds-v-man-city,2026-02-28,2025,pl,Leeds,Man City,0.0,1.0,finished,csv_download,,14.0,14.0,2.0,5.0,10.0,8.0,0.0,3.0,0.0,0.0
pl-2025-2026-03-01-arsenal-v-chelsea,2026-03-01,2025,pl,Arsenal,Chelsea,2.0,1.0,finished,csv_download,,12.0,9.0,5.0,3.0,11.0,14.0,1.0,3.0,0.0,1.0
pl-2025-2026-03-01-man-united-v-crystal-palace,2026-03-01,2025,pl,Man United,Crystal Palace,2.0,1.0,finished,csv_download,,20.0,8.0,11.0,3.0,13.0,12.0,2.0,2.0,0.0,1.0
pl-2025-2026-03-01-brighton-v-nott-m-forest,2026-03-01,2025,pl,Brighton,Nott'm Forest,2.0,1.0,finished,csv_download,,14.0,13.0,7.0,4.0,12.0,13.0,3.0,1.0,0.0,0.0
pl-2025-2026-03-01-fulham-v-tottenham,2026-03-01,2025,pl,Fulham,Tottenham,2.0,1.0,finished,csv_download,,18.0,13.0,4.0,1.0,11.0,14.0,3.0,3.0,0.0,0.0
pl-2025-2026-03-03-bournemouth-v-brentford,2026-03-03,2025,pl,Bournemouth,Brentford,0.0,0.0,finished,csv_download,,13.0,5.0,2.0,2.0,9.0,10.0,2.0,1.0,0.0,0.0
pl-2025-2026-03-03-everton-v-burnley,2026-03-03,2025,pl,Everton,Burnley,2.0,0.0,finished,csv_download,,14.0,5.0,5.0,2.0,10.0,12.0,0.0,1.0,0.0,0.0
pl-2025-2026-03-03-leeds-v-sunderland,2026-03-03,2025,pl,Leeds,Sunderland,0.0,1.0,finished,csv_download,,18.0,3.0,4.0,1.0,15.0,19.0,1.0,3.0,0.0,0.0
pl-2025-2026-03-03-wolves-v-liverpool,2026-03-03,2025,pl,Wolves,Liverpool,2.0,1.0,finished,csv_download,,4.0,19.0,3.0,7.0,10.0,13.0,2.0,1.0,0.0,0.0
pl-2025-2026-03-04-aston-villa-v-chelsea,2026-03-04,2025,pl,Aston Villa,Chelsea,1.0,4.0,finished,csv_download,,9.0,15.0,4.0,8.0,10.0,9.0,3.0,2.0,0.0,0.0
pl-2025-2026-03-04-brighton-v-arsenal,2026-03-04,2025,pl,Brighton,Arsenal,0.0,1.0,finished,csv_download,,11.0,7.0,3.0,2.0,14.0,12.0,4.0,1.0,0.0,0.0
pl-2025-2026-03-04-fulham-v-west-ham,2026-03-04,2025,pl,Fulham,West Ham,0.0,1.0,finished,csv_download,,13.0,9.0,5.0,3.0,14.0,12.0,2.0,4.0,0.0,0.0
pl-2025-2026-03-04-man-city-v-nott-m-forest,2026-03-04,2025,pl,Man City,Nott'm Forest,2.0,2.0,finished,csv_download,,21.0,9.0,7.0,4.0,10.0,6.0,0.0,4.0,0.0,0.0
pl-2025-2026-03-04-newcastle-v-man-united,2026-03-04,2025,pl,Newcastle,Man United,2.0,1.0,finished,csv_download,,12.0,14.0,5.0,5.0,15.0,16.0,2.0,3.0,1.0,0.0
pl-2025-2026-03-05-tottenham-v-crystal-palace,2026-03-05,2025,pl,Tottenham,Crystal Palace,1.0,3.0,finished,csv_download,,12.0,9.0,4.0,4.0,14.0,14.0,3.0,2.0,0.0,0.0
pl-2025-2026-03-14-burnley-v-bournemouth,2026-03-14,2025,pl,Burnley,Bournemouth,0.0,0.0,finished,csv_download,,15.0,22.0,2.0,3.0,11.0,5.0,1.0,0.0,0.0,0.0
pl-2025-2026-03-14-chelsea-v-newcastle,2026-03-14,2025,pl,Chelsea,Newcastle,0.0,1.0,finished,csv_download,,22.0,7.0,3.0,5.0,9.0,10.0,2.0,2.0,0.0,0.0
pl-2025-2026-03-14-arsenal-v-everton,2026-03-14,2025,pl,Arsenal,Everton,2.0,0.0,finished,csv_download,,25.0,9.0,7.0,3.0,11.0,12.0,0.0,0.0,0.0,0.0
pl-2025-2026-03-14-sunderland-v-brighton,2026-03-14,2025,pl,Sunderland,Brighton,0.0,1.0,finished,csv_download,,14.0,12.0,4.0,4.0,7.0,12.0,1.0,2.0,0.0,0.0
pl-2025-2026-03-14-west-ham-v-man-city,2026-03-14,2025,pl,West Ham,Man City,1.0,1.0,finished,csv_download,,1.0,24.0,1.0,6.0,14.0,5.0,2.0,2.0,0.0,0.0
pl-2025-2026-03-15-crystal-palace-v-leeds,2026-03-15,2025,pl,Crystal Palace,Leeds,0.0,0.0,finished,csv_download,,12.0,10.0,0.0,3.0,12.0,11.0,2.0,1.0,0.0,1.0
pl-2025-2026-03-15-man-united-v-aston-villa,2026-03-15,2025,pl,Man United,Aston Villa,3.0,1.0,finished,csv_download,,16.0,9.0,6.0,2.0,10.0,5.0,3.0,2.0,0.0,0.0
pl-2025-2026-03-15-nott-m-forest-v-fulham,2026-03-15,2025,pl,Nott'm Forest,Fulham,0.0,0.0,finished,csv_download,,11.0,5.0,2.0,0.0,8.0,10.0,2.0,3.0,0.0,0.0
pl-2025-2026-03-15-liverpool-v-tottenham,2026-03-15,2025,pl,Liverpool,Tottenham,1.0,1.0,finished,csv_download,,17.0,13.0,4.0,7.0,8.0,13.0,0.0,0.0,0.0,0.0
pl-2025-2026-03-16-brentford-v-wolves,2026-03-16,2025,pl,Brentford,Wolves,2.0,2.0,finished,csv_download,,10.0,13.0,3.0,4.0,12.0,10.0,2.0,4.0,0.0,0.0
pl-2025-2026-03-20-bournemouth-v-man-united,2026-03-20,2025,pl,Bournemouth,Man United,2.0,2.0,finished,csv_download,,16.0,14.0,5.0,5.0,10.0,9.0,2.0,2.0,0.0,1.0
pl-2025-2026-03-21-everton-v-chelsea,2026-03-21,2025,pl,Everton,Chelsea,3.0,0.0,finished,csv_download,,10.0,12.0,9.0,4.0,6.0,7.0,0.0,2.0,0.0,0.0
pl-2025-2026-03-21-leeds-v-brentford,2026-03-21,2025,pl,Leeds,Brentford,0.0,0.0,finished,csv_download,,14.0,6.0,4.0,2.0,6.0,9.0,2.0,0.0,0.0,0.0
pl-2025-2026-03-21-fulham-v-burnley,2026-03-21,2025,pl,Fulham,Burnley,3.0,1.0,finished,csv_download,,22.0,9.0,6.0,5.0,6.0,9.0,2.0,2.0,0.0,1.0
pl-2025-2026-03-21-brighton-v-liverpool,2026-03-21,2025,pl,Brighton,Liverpool,2.0,1.0,finished,csv_download,,16.0,12.0,7.0,5.0,11.0,11.0,5.0,5.0,0.0,0.0
pl-2025-2026-03-22-newcastle-v-sunderland,2026-03-22,2025,pl,Newcastle,Sunderland,1.0,2.0,finished,csv_download,,16.0,17.0,4.0,7.0,8.0,19.0,1.0,6.0,0.0,0.0
pl-2025-2026-03-22-aston-villa-v-west-ham,2026-03-22,2025,pl,Aston Villa,West Ham,2.0,0.0,finished,csv_download,,23.0,9.0,7.0,1.0,3.0,7.0,0.0,1.0,0.0,0.0
pl-2025-2026-03-22-tottenham-v-nott-m-forest,2026-03-22,2025,pl,Tottenham,Nott'm Forest,0.0,3.0,finished,csv_download,,14.0,8.0,3.0,7.0,13.0,13.0,1.0,2.0,0.0,0.0
pl-2025-2026-04-10-west-ham-v-wolves,2026-04-10,2025,pl,West Ham,Wolves,4.0,0.0,finished,csv_download,,18.0,14.0,7.0,3.0,11.0,7.0,2.0,2.0,0.0,0.0
pl-2025-2026-04-11-arsenal-v-bournemouth,2026-04-11,2025,pl,Arsenal,Bournemouth,1.0,2.0,finished,csv_download,,15.0,8.0,3.0,3.0,12.0,18.0,1.0,3.0,0.0,0.0
pl-2025-2026-04-11-brentford-v-everton,2026-04-11,2025,pl,Brentford,Everton,2.0,2.0,finished,csv_download,,17.0,14.0,4.0,7.0,6.0,7.0,0.0,2.0,0.0,0.0
pl-2025-2026-04-11-burnley-v-brighton,2026-04-11,2025,pl,Burnley,Brighton,0.0,2.0,finished,csv_download,,10.0,13.0,5.0,6.0,7.0,11.0,2.0,1.0,0.0,0.0
pl-2025-2026-04-11-liverpool-v-fulham,2026-04-11,2025,pl,Liverpool,Fulham,2.0,0.0,finished,csv_download,,18.0,19.0,5.0,4.0,10.0,4.0,0.0,0.0,0.0,0.0
pl-2025-2026-04-12-sunderland-v-tottenham,2026-04-12,2025,pl,Sunderland,Tottenham,1.0,0.0,finished,csv_download,,13.0,11.0,2.0,7.0,14.0,15.0,3.0,3.0,0.0,0.0
pl-2025-2026-04-12-crystal-palace-v-newcastle,2026-04-12,2025,pl,Crystal Palace,Newcastle,2.0,1.0,finished,csv_download,,11.0,7.0,5.0,3.0,17.0,12.0,0.0,3.0,0.0,0.0
pl-2025-2026-04-12-chelsea-v-man-city,2026-04-12,2025,pl,Chelsea,Man City,0.0,3.0,finished,csv_download,,12.0,18.0,3.0,8.0,10.0,14.0,3.0,1.0,0.0,0.0
pl-2025-2026-04-12-nott-m-forest-v-aston-villa,2026-04-12,2025,pl,Nott'm Forest,Aston Villa,1.0,1.0,finished,csv_download,,15.0,12.0,4.0,5.0,15.0,10.0,2.0,2.0,0.0,0.0
pl-2025-2026-04-13-man-united-v-leeds,2026-04-13,2025,pl,Man United,Leeds,1.0,2.0,finished,csv_download,,20.0,15.0,9.0,6.0,12.0,15.0,3.0,2.0,1.0,0.0
pl-2025-2026-04-18-leeds-v-wolves,2026-04-18,2025,pl,Leeds,Wolves,3.0,0.0,finished,csv_download,,17.0,7.0,6.0,2.0,9.0,17.0,2.0,1.0,0.0,0.0
pl-2025-2026-04-18-newcastle-v-bournemouth,2026-04-18,2025,pl,Newcastle,Bournemouth,1.0,2.0,finished,csv_download,,12.0,12.0,3.0,3.0,11.0,12.0,2.0,4.0,0.0,0.0
pl-2025-2026-04-18-tottenham-v-brighton,2026-04-18,2025,pl,Tottenham,Brighton,2.0,2.0,finished,csv_download,,13.0,10.0,6.0,3.0,14.0,14.0,3.0,1.0,0.0,0.0
pl-2025-2026-04-18-brentford-v-fulham,2026-04-18,2025,pl,Brentford,Fulham,0.0,0.0,finished,csv_download,,13.0,11.0,4.0,0.0,8.0,13.0,0.0,1.0,0.0,0.0
pl-2025-2026-04-18-chelsea-v-man-united,2026-04-18,2025,pl,Chelsea,Man United,0.0,1.0,finished,csv_download,,21.0,4.0,3.0,1.0,12.0,13.0,1.0,3.0,0.0,0.0
pl-2025-2026-04-19-man-city-v-arsenal,2026-04-19,2025,pl,Man City,Arsenal,2.0,1.0,finished,csv_download,,15.0,9.0,5.0,3.0,5.0,12.0,2.0,2.0,0.0,0.0
pl-2025-2026-04-19-nott-m-forest-v-burnley,2026-04-19,2025,pl,Nott'm Forest,Burnley,4.0,1.0,finished,csv_download,,10.0,4.0,4.0,3.0,8.0,12.0,0.0,2.0,0.0,0.0
pl-2025-2026-04-19-everton-v-liverpool,2026-04-19,2025,pl,Everton,Liverpool,1.0,2.0,finished,csv_download,,10.0,14.0,4.0,6.0,8.0,12.0,2.0,0.0,0.0,0.0
pl-2025-2026-04-19-aston-villa-v-sunderland,2026-04-19,2025,pl,Aston Villa,Sunderland,4.0,3.0,finished,csv_download,,15.0,10.0,7.0,7.0,11.0,11.0,1.0,3.0,0.0,0.0
pl-2025-2026-04-20-crystal-palace-v-west-ham,2026-04-20,2025,pl,Crystal Palace,West Ham,0.0,0.0,finished,csv_download,,9.0,9.0,1.0,4.0,13.0,12.0,2.0,1.0,0.0,0.0
pl-2025-2026-04-21-brighton-v-chelsea,2026-04-21,2025,pl,Brighton,Chelsea,3.0,0.0,finished,csv_download,,15.0,6.0,9.0,0.0,15.0,6.0,1.0,1.0,0.0,0.0
pl-2025-2026-04-22-bournemouth-v-leeds,2026-04-22,2025,pl,Bournemouth,Leeds,2.0,2.0,finished,csv_download,,17.0,10.0,7.0,3.0,6.0,10.0,3.0,0.0,0.0,0.0
pl-2025-2026-04-22-burnley-v-man-city,2026-04-22,2025,pl,Burnley,Man City,0.0,1.0,finished,csv_download,,9.0,28.0,1.0,9.0,10.0,12.0,0.0,0.0,0.0,0.0
pl-2025-2026-04-24-sunderland-v-nott-m-forest,2026-04-24,2025,pl,Sunderland,Nott'm Forest,0.0,5.0,finished,csv_download,,14.0,10.0,4.0,6.0,13.0,15.0,2.0,5.0,0.0,0.0
pl-2025-2026-04-25-west-ham-v-everton,2026-04-25,2025,pl,West Ham,Everton,2.0,1.0,finished,csv_download,,10.0,11.0,3.0,3.0,9.0,11.0,3.0,4.0,0.0,0.0
pl-2025-2026-04-25-fulham-v-aston-villa,2026-04-25,2025,pl,Fulham,Aston Villa,1.0,0.0,finished,csv_download,,13.0,10.0,6.0,1.0,14.0,12.0,2.0,2.0,0.0,0.0
pl-2025-2026-04-25-arsenal-v-newcastle,2026-04-25,2025,pl,Arsenal,Newcastle,1.0,0.0,finished,csv_download,,11.0,13.0,4.0,3.0,13.0,10.0,2.0,2.0,0.0,0.0
pl-2025-2026-04-25-liverpool-v-crystal-palace,2026-04-25,2025,pl,Liverpool,Crystal Palace,3.0,1.0,finished,csv_download,,9.0,14.0,3.0,7.0,10.0,10.0,1.0,3.0,0.0,0.0
pl-2025-2026-04-25-wolves-v-tottenham,2026-04-25,2025,pl,Wolves,Tottenham,0.0,1.0,finished,csv_download,,11.0,11.0,2.0,2.0,8.0,14.0,3.0,4.0,0.0,0.0
pl-2025-2026-04-27-man-united-v-brentford,2026-04-27,2025,pl,Man United,Brentford,2.0,1.0,finished,csv_download,,11.0,12.0,6.0,4.0,6.0,9.0,2.0,4.0,0.0,0.0
pl-2025-2026-05-01-leeds-v-burnley,2026-05-01,2025,pl,Leeds,Burnley,3.0,1.0,finished,csv_download,,18.0,9.0,8.0,3.0,12.0,11.0,4.0,3.0,0.0,0.0
pl-2025-2026-05-02-brentford-v-west-ham,2026-05-02,2025,pl,Brentford,West Ham,3.0,0.0,finished,csv_download,,14.0,13.0,6.0,4.0,8.0,12.0,1.0,3.0,0.0,0.0
pl-2025-2026-05-02-newcastle-v-brighton,2026-05-02,2025,pl,Newcastle,Brighton,3.0,1.0,finished,csv_download,,13.0,13.0,6.0,4.0,10.0,12.0,3.0,3.0,0.0,0.0
pl-2025-2026-05-02-wolves-v-sunderland,2026-05-02,2025,pl,Wolves,Sunderland,1.0,1.0,finished,csv_download,,20.0,10.0,7.0,2.0,11.0,11.0,0.0,4.0,0.0,1.0
pl-2025-2026-05-02-arsenal-v-fulham,2026-05-02,2025,pl,Arsenal,Fulham,3.0,0.0,finished,csv_download,,18.0,10.0,9.0,1.0,7.0,12.0,0.0,1.0,0.0,0.0
pl-2025-2026-05-03-man-united-v-liverpool,2026-05-03,2025,pl,Man United,Liverpool,3.0,2.0,finished,csv_download,,18.0,13.0,6.0,5.0,12.0,11.0,2.0,2.0,0.0,0.0
pl-2025-2026-05-03-bournemouth-v-crystal-palace,2026-05-03,2025,pl,Bournemouth,Crystal Palace,3.0,0.0,finished,csv_download,,16.0,7.0,5.0,1.0,10.0,11.0,0.0,2.0,0.0,0.0
pl-2025-2026-05-03-aston-villa-v-tottenham,2026-05-03,2025,pl,Aston Villa,Tottenham,1.0,2.0,finished,csv_download,,5.0,10.0,1.0,5.0,12.0,12.0,2.0,5.0,0.0,0.0
pl-2025-2026-05-04-everton-v-man-city,2026-05-04,2025,pl,Everton,Man City,3.0,3.0,finished,csv_download,,14.0,21.0,6.0,4.0,15.0,5.0,4.0,1.0,0.0,0.0
pl-2025-2026-05-04-chelsea-v-nott-m-forest,2026-05-04,2025,pl,Chelsea,Nott'm Forest,1.0,3.0,finished,csv_download,,21.0,6.0,5.0,4.0,12.0,10.0,3.0,1.0,0.0,0.0
pl-2025-2026-05-09-liverpool-v-chelsea,2026-05-09,2025,pl,Liverpool,Chelsea,1.0,1.0,finished,csv_download,,8.0,6.0,3.0,3.0,17.0,17.0,2.0,4.0,0.0,0.0
pl-2025-2026-05-09-brighton-v-wolves,2026-05-09,2025,pl,Brighton,Wolves,3.0,0.0,finished,csv_download,,14.0,5.0,6.0,1.0,9.0,11.0,1.0,2.0,0.0,0.0
pl-2025-2026-05-09-fulham-v-bournemouth,2026-05-09,2025,pl,Fulham,Bournemouth,0.0,1.0,finished,csv_download,,14.0,10.0,2.0,5.0,12.0,21.0,4.0,2.0,1.0,1.0
pl-2025-2026-05-09-sunderland-v-man-united,2026-05-09,2025,pl,Sunderland,Man United,0.0,0.0,finished,csv_download,,15.0,11.0,4.0,1.0,12.0,12.0,0.0,3.0,0.0,0.0
pl-2025-2026-05-09-man-city-v-brentford,2026-05-09,2025,pl,Man City,Brentford,3.0,0.0,finished,csv_download,,25.0,4.0,10.0,2.0,8.0,14.0,4.0,2.0,0.0,0.0
pl-2025-2026-05-10-crystal-palace-v-everton,2026-05-10,2025,pl,Crystal Palace,Everton,2.0,2.0,finished,csv_download,,21.0,13.0,8.0,6.0,5.0,13.0,0.0,2.0,0.0,0.0
pl-2025-2026-05-10-nott-m-forest-v-newcastle,2026-05-10,2025,pl,Nott'm Forest,Newcastle,1.0,1.0,finished,csv_download,,17.0,16.0,6.0,6.0,16.0,11.0,2.0,0.0,0.0,0.0
pl-2025-2026-05-10-west-ham-v-arsenal,2026-05-10,2025,pl,West Ham,Arsenal,0.0,1.0,finished,csv_download,,9.0,15.0,3.0,4.0,14.0,12.0,3.0,4.0,0.0,0.0
pl-2025-2026-05-10-burnley-v-aston-villa,2026-05-10,2025,pl,Burnley,Aston Villa,2.0,2.0,finished,csv_download,,15.0,18.0,6.0,7.0,18.0,8.0,1.0,1.0,0.0,0.0
pl-2025-2026-05-11-tottenham-v-leeds,2026-05-11,2025,pl,Tottenham,Leeds,1.0,1.0,finished,csv_download,,16.0,11.0,3.0,4.0,12.0,7.0,3.0,1.0,0.0,0.0
pl-2025-2026-05-13-man-city-v-crystal-palace,2026-05-13,2025,pl,Man City,Crystal Palace,3.0,0.0,finished,csv_download,,15.0,6.0,4.0,2.0,10.0,7.0,0.0,2.0,0.0,0.0
pl-2025-2026-05-15-aston-villa-v-liverpool,2026-05-15,2025,pl,Aston Villa,Liverpool,4.0,2.0,finished,csv_download,,14.0,16.0,9.0,5.0,12.0,9.0,3.0,1.0,0.0,0.0
pl-2025-2026-05-17-man-united-v-nott-m-forest,2026-05-17,2025,pl,Man United,Nott'm Forest,3.0,2.0,finished,csv_download,,29.0,11.0,8.0,4.0,11.0,5.0,2.0,1.0,0.0,0.0
pl-2025-2026-05-17-brentford-v-crystal-palace,2026-05-17,2025,pl,Brentford,Crystal Palace,2.0,2.0,finished,csv_download,,14.0,16.0,3.0,5.0,7.0,5.0,1.0,3.0,0.0,0.0
pl-2025-2026-05-17-everton-v-sunderland,2026-05-17,2025,pl,Everton,Sunderland,1.0,3.0,finished,csv_download,,10.0,7.0,4.0,3.0,14.0,9.0,3.0,0.0,0.0,0.0
pl-2025-2026-05-17-leeds-v-brighton,2026-05-17,2025,pl,Leeds,Brighton,1.0,0.0,finished,csv_download,,7.0,19.0,1.0,8.0,9.0,7.0,1.0,0.0,0.0,0.0
pl-2025-2026-05-17-wolves-v-fulham,2026-05-17,2025,pl,Wolves,Fulham,1.0,1.0,finished,csv_download,,11.0,13.0,3.0,5.0,20.0,8.0,1.0,0.0,0.0,0.0
pl-2025-2026-05-17-newcastle-v-west-ham,2026-05-17,2025,pl,Newcastle,West Ham,3.0,1.0,finished,csv_download,,15.0,15.0,7.0,8.0,8.0,11.0,1.0,3.0,0.0,0.0
pl-2025-2026-05-18-arsenal-v-burnley,2026-05-18,2025,pl,Arsenal,Burnley,1.0,0.0,finished,csv_download,,13.0,5.0,3.0,0.0,7.0,16.0,1.0,3.0,0.0,0.0
pl-2025-2026-05-19-chelsea-v-tottenham,2026-05-19,2025,pl,Chelsea,Tottenham,2.0,1.0,finished,csv_download,,9.0,9.0,4.0,3.0,11.0,18.0,4.0,3.0,0.0,0.0
pl-2025-2026-05-19-bournemouth-v-man-city,2026-05-19,2025,pl,Bournemouth,Man City,1.0,1.0,finished,csv_download,,10.0,14.0,2.0,5.0,16.0,7.0,4.0,2.0,0.0,0.0
pl-2025-2026-05-24-sunderland-v-chelsea,2026-05-24,2025,pl,Sunderland,Chelsea,2.0,1.0,finished,csv_download,,20.0,10.0,2.0,1.0,15.0,18.0,3.0,2.0,0.0,0.0
pl-2025-2026-05-24-tottenham-v-everton,2026-05-24,2025,pl,Tottenham,Everton,1.0,0.0,finished,csv_download,,21.0,8.0,6.0,3.0,15.0,12.0,5.0,3.0,0.0,1.0
pl-2025-2026-05-24-west-ham-v-leeds,2026-05-24,2025,pl,West Ham,Leeds,3.0,0.0,finished,csv_download,,16.0,13.0,9.0,3.0,11.0,14.0,0.0,3.0,0.0,0.0
pl-2025-2026-05-24-man-city-v-aston-villa,2026-05-24,2025,pl,Man City,Aston Villa,1.0,2.0,finished,csv_download,,16.0,12.0,3.0,5.0,8.0,4.0,1.0,0.0,0.0,0.0
pl-2025-2026-05-24-nott-m-forest-v-bournemouth,2026-05-24,2025,pl,Nott'm Forest,Bournemouth,1.0,1.0,finished,csv_download,,15.0,17.0,5.0,4.0,11.0,7.0,1.0,1.0,0.0,0.0
pl-2025-2026-05-24-fulham-v-newcastle,2026-05-24,2025,pl,Fulham,Newcastle,2.0,0.0,finished,csv_download,,21.0,7.0,6.0,2.0,13.0,6.0,2.0,2.0,0.0,0.0
pl-2025-2026-05-24-brighton-v-man-united,2026-05-24,2025,pl,Brighton,Man United,0.0,3.0,finished,csv_download,,13.0,11.0,2.0,7.0,11.0,8.0,0.0,1.0,0.0,0.0
pl-2025-2026-05-24-crystal-palace-v-arsenal,2026-05-24,2025,pl,Crystal Palace,Arsenal,1.0,2.0,finished,csv_download,,8.0,17.0,3.0,7.0,9.0,12.0,0.0,1.0,0.0,0.0
pl-2025-2026-05-24-liverpool-v-brentford,2026-05-24,2025,pl,Liverpool,Brentford,1.0,1.0,finished,csv_download,,24.0,11.0,8.0,2.0,9.0,9.0,2.0,3.0,0.0,0.0
pl-2025-2026-05-24-burnley-v-wolves,2026-05-24,2025,pl,Burnley,Wolves,1.0,1.0,finished,csv_download,,16.0,16.0,8.0,4.0,10.0,11.0,2.0,2.0,0.0,0.0
pl-2026-2026-08-21-arsenal-v-coventry-city,2026-08-21,2026,pl,Arsenal,Coventry City,3.0,0.0,finished,fpl_api,1.0,,,,,,,,,,
pl-2026-2026-08-22-nott-m-forest-v-leeds,2026-08-22,2026,pl,Nott'm Forest,Leeds,0.0,1.0,finished,fpl_api,6.0,,,,,,,,,,
pl-2026-2026-08-22-everton-v-crystal-palace,2026-08-22,2026,pl,Everton,Crystal Palace,2.0,0.0,finished,fpl_api,3.0,,,,,,,,,,
pl-2026-2026-08-22-ipswich-town-v-sunderland,2026-08-22,2026,pl,Ipswich Town,Sunderland,2.0,1.0,finished,fpl_api,5.0,,,,,,,,,,
pl-2026-2026-08-22-hull-city-v-man-united,2026-08-22,2026,pl,Hull City,Man United,2.0,0.0,finished,fpl_api,4.0,,,,,,,,,,
pl-2026-2026-08-22-brentford-v-tottenham,2026-08-22,2026,pl,Brentford,Tottenham,3.0,0.0,finished,fpl_api,2.0,,,,,,,,,,
pl-2026-2026-08-23-brighton-v-aston-villa,2026-08-23,2026,pl,Brighton,Aston Villa,4.0,0.0,finished,fpl_api,7.0,,,,,,,,,,
pl-2026-2026-08-23-man-city-v-bournemouth,2026-08-23,2026,pl,Man City,Bournemouth,2.0,1.0,finished,fpl_api,8.0,,,,,,,,,,
pl-2026-2026-08-23-newcastle-v-liverpool,2026-08-23,2026,pl,Newcastle,Liverpool,2.0,2.0,finished,fpl_api,9.0,,,,,,,,,,
pl-2026-2026-08-24-fulham-v-chelsea,2026-08-24,2026,pl,Fulham,Chelsea,2.0,3.0,finished,fpl_api,10.0,,,,,,,,,,
pl-2026-2026-08-28-crystal-palace-v-man-city,2026-08-28,2026,pl,Crystal Palace,Man City,1.0,4.0,finished,fpl_api,11.0,,,,,,,,,,
pl-2026-2026-08-29-bournemouth-v-everton,2026-08-29,2026,pl,Bournemouth,Everton,1.0,1.0,finished,fpl_api,12.0,,,,,,,,,,
pl-2026-2026-08-29-coventry-city-v-hull-city,2026-08-29,2026,pl,Coventry City,Hull City,0.0,1.0,finished,fpl_api,13.0,,,,,,,,,,
pl-2026-2026-08-29-tottenham-v-newcastle,2026-08-29,2026,pl,Tottenham,Newcastle,0.0,2.0,finished,fpl_api,15.0,,,,,,,,,,
pl-2026-2026-08-29-liverpool-v-nott-m-forest,2026-08-29,2026,pl,Liverpool,Nott'm Forest,2.0,2.0,finished,fpl_api,14.0,,,,,,,,,,
pl-2026-2026-08-30-sunderland-v-fulham,2026-08-30,2026,pl,Sunderland,Fulham,1.0,0.0,finished,fpl_api,19.0,,,,,,,,,,
pl-2026-2026-08-30-man-united-v-ipswich-town,2026-08-30,2026,pl,Man United,Ipswich Town,5.0,2.0,finished,fpl_api,18.0,,,,,,,,,,
pl-2026-2026-08-30-chelsea-v-brighton,2026-08-30,2026,pl,Chelsea,Brighton,4.0,3.0,finished,fpl_api,16.0,,,,,,,,,,
pl-2026-2026-08-30-leeds-v-brentford,2026-08-30,2026,pl,Leeds,Brentford,1.0,1.0,finished,fpl_api,17.0,,,,,,,,,,
pl-2026-2026-08-31-aston-villa-v-arsenal,2026-08-31,2026,pl,Aston Villa,Arsenal,0.0,1.0,finished,fpl_api,20.0,,,,,,,,,,
pl-2026-2026-09-04-ipswich-town-v-liverpool,2026-09-04,2026,pl,Ipswich Town,Liverpool,0.0,2.0,finished,fpl_api,21.0,,,,,,,,,,
pl-2026-2026-09-05-newcastle-v-bournemouth,2026-09-05,2026,pl,Newcastle,Bournemouth,2.0,2.0,finished,fpl_api,27.0,,,,,,,,,,
pl-2026-2026-09-05-brentford-v-sunderland,2026-09-05,2026,pl,Brentford,Sunderland,1.0,1.0,finished,fpl_api,22.0,,,,,,,,,,
pl-2026-2026-09-05-brighton-v-leeds,2026-09-05,2026,pl,Brighton,Leeds,1.0,1.0,finished,fpl_api,23.0,,,,,,,,,,
pl-2026-2026-09-05-fulham-v-crystal-palace,2026-09-05,2026,pl,Fulham,Crystal Palace,2.0,3.0,finished,fpl_api,24.0,,,,,,,,,,
pl-2026-2026-09-05-man-city-v-coventry-city,2026-09-05,2026,pl,Man City,Coventry City,1.0,0.0,finished,fpl_api,26.0,,,,,,,,,,
pl-2026-2026-09-05-nott-m-forest-v-tottenham,2026-09-05,2026,pl,Nott'm Forest,Tottenham,0.0,0.0,finished,fpl_api,28.0,,,,,,,,,,
pl-2026-2026-09-05-hull-city-v-aston-villa,2026-09-05,2026,pl,Hull City,Aston Villa,0.0,0.0,finished,fpl_api,25.0,,,,,,,,,,
pl-2026-2026-09-06-arsenal-v-chelsea,2026-09-06,2026,pl,Arsenal,Chelsea,2.0,1.0,finished,fpl_api,29.0,,,,,,,,,,
pl-2026-2026-09-06-everton-v-man-united,2026-09-06,2026,pl,Everton,Man United,2.0,2.0,finished,fpl_api,30.0,,,,,,,,,,
pl-2026-2026-09-12-aston-villa-v-nott-m-forest,2026-09-12,2026,pl,Aston Villa,Nott'm Forest,1.0,2.0,finished,fpl_api,31.0,,,,,,,,,,
pl-2026-2026-09-12-bournemouth-v-brentford,2026-09-12,2026,pl,Bournemouth,Brentford,2.0,2.0,finished,fpl_api,32.0,,,,,,,,,,
pl-2026-2026-09-12-chelsea-v-hull-city,2026-09-12,2026,pl,Chelsea,Hull City,2.0,2.0,finished,fpl_api,33.0,,,,,,,,,,
pl-2026-2026-09-12-crystal-palace-v-ipswich-town,2026-09-12,2026,pl,Crystal Palace,Ipswich Town,2.0,3.0,finished,fpl_api,34.0,,,,,,,,,,
pl-2026-2026-09-12-liverpool-v-fulham,2026-09-12,2026,pl,Liverpool,Fulham,0.0,0.0,finished,fpl_api,35.0,,,,,,,,,,
pl-2026-2026-09-12-tottenham-v-everton,2026-09-12,2026,pl,Tottenham,Everton,0.0,0.0,finished,fpl_api,37.0,,,,,,,,,,
pl-2026-2026-09-12-sunderland-v-arsenal,2026-09-12,2026,pl,Sunderland,Arsenal,0.0,2.0,finished,fpl_api,36.0,,,,,,,,,,
pl-2026-2026-09-13-coventry-city-v-brighton,2026-09-13,2026,pl,Coventry City,Brighton,0.0,5.0,finished,fpl_api,38.0,,,,,,,,,,
pl-2026-2026-09-13-man-united-v-man-city,2026-09-13,2026,pl,Man United,Man City,0.0,1.0,finished,fpl_api,39.0,,,,,,,,,,
pl-2026-2026-09-14-leeds-v-newcastle,2026-09-14,2026,pl,Leeds,Newcastle,4.0,1.0,finished,fpl_api,40.0,,,,,,,,,,
pl-2026-2026-09-18-brentford-v-chelsea,2026-09-18,2026,pl,Brentford,Chelsea,3.0,0.0,finished,fpl_api,41.0,,,,,,,,,,
pl-2026-2026-09-19-tottenham-v-aston-villa,2026-09-19,2026,pl,Tottenham,Aston Villa,2.0,3.0,finished,fpl_api,48.0,,,,,,,,,,
pl-2026-2026-09-19-newcastle-v-hull-city,2026-09-19,2026,pl,Newcastle,Hull City,2.0,1.0,finished,fpl_api,46.0,,,,,,,,,,
pl-2026-2026-09-19-everton-v-ipswich-town,2026-09-19,2026,pl,Everton,Ipswich Town,1.0,0.0,finished,fpl_api,43.0,,,,,,,,,,
pl-2026-2026-09-19-brighton-v-arsenal,2026-09-19,2026,pl,Brighton,Arsenal,3.0,0.0,finished,fpl_api,42.0,,,,,,,,,,
pl-2026-2026-09-19-nott-m-forest-v-coventry-city,2026-09-19,2026,pl,Nott'm Forest,Coventry City,0.0,1.0,finished,fpl_api,47.0,,,,,,,,,,
pl-2026-2026-09-20-bournemouth-v-liverpool,2026-09-20,2026,pl,Bournemouth,Liverpool,0.0,1.0,finished,fpl_api,49.0,,,,,,,,,,
pl-2026-2026-09-20-leeds-v-crystal-palace,2026-09-20,2026,pl,Leeds,Crystal Palace,0.0,0.0,finished,fpl_api,44.0,,,,,,,,,,
pl-2026-2026-09-20-man-city-v-sunderland,2026-09-20,2026,pl,Man City,Sunderland,5.0,3.0,finished,fpl_api,45.0,,,,,,,,,,
pl-2026-2026-09-20-fulham-v-man-united,2026-09-20,2026,pl,Fulham,Man United,1.0,1.0,finished,fpl_api,50.0,,,,,,,,,,
pl-2026-2026-10-10-sunderland-v-brighton,2026-10-10,2026,pl,Sunderland,Brighton,,,scheduled,fpl_api,60.0,,,,,,,,,,
pl-2026-2026-10-10-ipswich-town-v-fulham,2026-10-10,2026,pl,Ipswich Town,Fulham,,,scheduled,fpl_api,57.0,,,,,,,,,,
pl-2026-2026-10-10-man-united-v-tottenham,2026-10-10,2026,pl,Man United,Tottenham,,,scheduled,fpl_api,59.0,,,,,,,,,,
pl-2026-2026-10-10-aston-villa-v-brentford,2026-10-10,2026,pl,Aston Villa,Brentford,,,scheduled,fpl_api,52.0,,,,,,,,,,
pl-2026-2026-10-10-arsenal-v-leeds,2026-10-10,2026,pl,Arsenal,Leeds,,,scheduled,fpl_api,51.0,,,,,,,,,,
pl-2026-2026-10-10-chelsea-v-bournemouth,2026-10-10,2026,pl,Chelsea,Bournemouth,,,scheduled,fpl_api,53.0,,,,,,,,,,
pl-2026-2026-10-11-crystal-palace-v-nott-m-forest,2026-10-11,2026,pl,Crystal Palace,Nott'm Forest,,,scheduled,fpl_api,55.0,,,,,,,,,,
pl-2026-2026-10-11-hull-city-v-everton,2026-10-11,2026,pl,Hull City,Everton,,,scheduled,fpl_api,56.0,,,,,,,,,,
pl-2026-2026-10-11-liverpool-v-man-city,2026-10-11,2026,pl,Liverpool,Man City,,,scheduled,fpl_api,58.0,,,,,,,,,,
pl-2026-2026-10-12-coventry-city-v-newcastle,2026-10-12,2026,pl,Coventry City,Newcastle,,,scheduled,fpl_api,54.0,,,,,,,,,,
pl-2026-2026-10-17-everton-v-chelsea,2026-10-17,2026,pl,Everton,Chelsea,,,scheduled,fpl_api,64.0,,,,,,,,,,
pl-2026-2026-10-17-brentford-v-liverpool,2026-10-17,2026,pl,Brentford,Liverpool,,,scheduled,fpl_api,62.0,,,,,,,,,,
pl-2026-2026-10-17-fulham-v-hull-city,2026-10-17,2026,pl,Fulham,Hull City,,,scheduled,fpl_api,65.0,,,,,,,,,,
pl-2026-2026-10-17-man-city-v-ipswich-town,2026-10-17,2026,pl,Man City,Ipswich Town,,,scheduled,fpl_api,67.0,,,,,,,,,,
pl-2026-2026-10-17-newcastle-v-aston-villa,2026-10-17,2026,pl,Newcastle,Aston Villa,,,scheduled,fpl_api,68.0,,,,,,,,,,
pl-2026-2026-10-18-nott-m-forest-v-arsenal,2026-10-18,2026,pl,Nott'm Forest,Arsenal,,,scheduled,fpl_api,69.0,,,,,,,,,,
pl-2026-2026-10-18-leeds-v-man-united,2026-10-18,2026,pl,Leeds,Man United,,,scheduled,fpl_api,66.0,,,,,,,,,,
pl-2026-2026-10-18-bournemouth-v-sunderland,2026-10-18,2026,pl,Bournemouth,Sunderland,,,scheduled,fpl_api,61.0,,,,,,,,,,
pl-2026-2026-10-18-brighton-v-crystal-palace,2026-10-18,2026,pl,Brighton,Crystal Palace,,,scheduled,fpl_api,63.0,,,,,,,,,,
pl-2026-2026-10-19-tottenham-v-coventry-city,2026-10-19,2026,pl,Tottenham,Coventry City,,,scheduled,fpl_api,70.0,,,,,,,,,,
pl-2026-2026-10-23-ipswich-town-v-nott-m-forest,2026-10-23,2026,pl,Ipswich Town,Nott'm Forest,,,scheduled,fpl_api,77.0,,,,,,,,,,
pl-2026-2026-10-24-aston-villa-v-man-city,2026-10-24,2026,pl,Aston Villa,Man City,,,scheduled,fpl_api,72.0,,,,,,,,,,
pl-2026-2026-10-24-arsenal-v-everton,2026-10-24,2026,pl,Arsenal,Everton,,,scheduled,fpl_api,71.0,,,,,,,,,,
pl-2026-2026-10-24-coventry-city-v-fulham,2026-10-24,2026,pl,Coventry City,Fulham,,,scheduled,fpl_api,74.0,,,,,,,,,,
pl-2026-2026-10-24-chelsea-v-tottenham,2026-10-24,2026,pl,Chelsea,Tottenham,,,scheduled,fpl_api,73.0,,,,,,,,,,
pl-2026-2026-10-25-hull-city-v-brentford,2026-10-25,2026,pl,Hull City,Brentford,,,scheduled,fpl_api,76.0,,,,,,,,,,
pl-2026-2026-10-25-liverpool-v-brighton,2026-10-25,2026,pl,Liverpool,Brighton,,,scheduled,fpl_api,78.0,,,,,,,,,,
pl-2026-2026-10-25-man-united-v-bournemouth,2026-10-25,2026,pl,Man United,Bournemouth,,,scheduled,fpl_api,79.0,,,,,,,,,,
pl-2026-2026-10-25-crystal-palace-v-newcastle,2026-10-25,2026,pl,Crystal Palace,Newcastle,,,scheduled,fpl_api,75.0,,,,,,,,,,
pl-2026-2026-10-25-sunderland-v-leeds,2026-10-25,2026,pl,Sunderland,Leeds,,,scheduled,fpl_api,80.0,,,,,,,,,,
pl-2026-2026-10-31-tottenham-v-crystal-palace,2026-10-31,2026,pl,Tottenham,Crystal Palace,,,scheduled,fpl_api,90.0,,,,,,,,,,
pl-2026-2026-10-31-man-city-v-brighton,2026-10-31,2026,pl,Man City,Brighton,,,scheduled,fpl_api,88.0,,,,,,,,,,
pl-2026-2026-10-31-hull-city-v-ipswich-town,2026-10-31,2026,pl,Hull City,Ipswich Town,,,scheduled,fpl_api,86.0,,,,,,,,,,
pl-2026-2026-10-31-aston-villa-v-fulham,2026-10-31,2026,pl,Aston Villa,Fulham,,,scheduled,fpl_api,81.0,,,,,,,,,,
pl-2026-2026-10-31-brentford-v-nott-m-forest,2026-10-31,2026,pl,Brentford,Nott'm Forest,,,scheduled,fpl_api,83.0,,,,,,,,,,
pl-2026-2026-10-31-bournemouth-v-leeds,2026-10-31,2026,pl,Bournemouth,Leeds,,,scheduled,fpl_api,82.0,,,,,,,,,,
pl-2026-2026-10-31-chelsea-v-man-united,2026-10-31,2026,pl,Chelsea,Man United,,,scheduled,fpl_api,84.0,,,,,,,,,,
pl-2026-2026-10-31-coventry-city-v-sunderland,2026-10-31,2026,pl,Coventry City,Sunderland,,,scheduled,fpl_api,85.0,,,,,,,,,,
pl-2026-2026-11-01-liverpool-v-arsenal,2026-11-01,2026,pl,Liverpool,Arsenal,,,scheduled,fpl_api,87.0,,,,,,,,,,
pl-2026-2026-11-02-newcastle-v-everton,2026-11-02,2026,pl,Newcastle,Everton,,,scheduled,fpl_api,89.0,,,,,,,,,,
pl-2026-2026-11-06-everton-v-coventry-city,2026-11-06,2026,pl,Everton,Coventry City,,,scheduled,fpl_api,94.0,,,,,,,,,,
pl-2026-2026-11-07-leeds-v-tottenham,2026-11-07,2026,pl,Leeds,Tottenham,,,scheduled,fpl_api,97.0,,,,,,,,,,
pl-2026-2026-11-07-arsenal-v-hull-city,2026-11-07,2026,pl,Arsenal,Hull City,,,scheduled,fpl_api,91.0,,,,,,,,,,
pl-2026-2026-11-07-fulham-v-newcastle,2026-11-07,2026,pl,Fulham,Newcastle,,,scheduled,fpl_api,95.0,,,,,,,,,,
pl-2026-2026-11-07-nott-m-forest-v-man-city,2026-11-07,2026,pl,Nott'm Forest,Man City,,,scheduled,fpl_api,99.0,,,,,,,,,,
pl-2026-2026-11-08-brighton-v-brentford,2026-11-08,2026,pl,Brighton,Brentford,,,scheduled,fpl_api,92.0,,,,,,,,,,
pl-2026-2026-11-08-crystal-palace-v-liverpool,2026-11-08,2026,pl,Crystal Palace,Liverpool,,,scheduled,fpl_api,93.0,,,,,,,,,,
pl-2026-2026-11-08-ipswich-town-v-bournemouth,2026-11-08,2026,pl,Ipswich Town,Bournemouth,,,scheduled,fpl_api,96.0,,,,,,,,,,
pl-2026-2026-11-08-sunderland-v-chelsea,2026-11-08,2026,pl,Sunderland,Chelsea,,,scheduled,fpl_api,100.0,,,,,,,,,,
pl-2026-2026-11-08-man-united-v-aston-villa,2026-11-08,2026,pl,Man United,Aston Villa,,,scheduled,fpl_api,98.0,,,,,,,,,,
pl-2026-2026-11-21-man-city-v-fulham,2026-11-21,2026,pl,Man City,Fulham,,,scheduled,fpl_api,108.0,,,,,,,,,,
pl-2026-2026-11-21-tottenham-v-ipswich-town,2026-11-21,2026,pl,Tottenham,Ipswich Town,,,scheduled,fpl_api,110.0,,,,,,,,,,
pl-2026-2026-11-21-coventry-city-v-crystal-palace,2026-11-21,2026,pl,Coventry City,Crystal Palace,,,scheduled,fpl_api,105.0,,,,,,,,,,
pl-2026-2026-11-21-chelsea-v-leeds,2026-11-21,2026,pl,Chelsea,Leeds,,,scheduled,fpl_api,104.0,,,,,,,,,,
pl-2026-2026-11-21-bournemouth-v-nott-m-forest,2026-11-21,2026,pl,Bournemouth,Nott'm Forest,,,scheduled,fpl_api,102.0,,,,,,,,,,
pl-2026-2026-11-21-aston-villa-v-sunderland,2026-11-21,2026,pl,Aston Villa,Sunderland,,,scheduled,fpl_api,101.0,,,,,,,,,,
pl-2026-2026-11-21-newcastle-v-arsenal,2026-11-21,2026,pl,Newcastle,Arsenal,,,scheduled,fpl_api,109.0,,,,,,,,,,
pl-2026-2026-11-22-hull-city-v-brighton,2026-11-22,2026,pl,Hull City,Brighton,,,scheduled,fpl_api,106.0,,,,,,,,,,
pl-2026-2026-11-22-liverpool-v-man-united,2026-11-22,2026,pl,Liverpool,Man United,,,scheduled,fpl_api,107.0,,,,,,,,,,
pl-2026-2026-11-23-brentford-v-everton,2026-11-23,2026,pl,Brentford,Everton,,,scheduled,fpl_api,103.0,,,,,,,,,,
pl-2026-2026-11-27-nott-m-forest-v-chelsea,2026-11-27,2026,pl,Nott'm Forest,Chelsea,,,scheduled,fpl_api,119.0,,,,,,,,,,
pl-2026-2026-11-28-leeds-v-coventry-city,2026-11-28,2026,pl,Leeds,Coventry City,,,scheduled,fpl_api,117.0,,,,,,,,,,
pl-2026-2026-11-28-man-united-v-brentford,2026-11-28,2026,pl,Man United,Brentford,,,scheduled,fpl_api,118.0,,,,,,,,,,
pl-2026-2026-11-28-ipswich-town-v-aston-villa,2026-11-28,2026,pl,Ipswich Town,Aston Villa,,,scheduled,fpl_api,116.0,,,,,,,,,,
pl-2026-2026-11-29-everton-v-liverpool,2026-11-29,2026,pl,Everton,Liverpool,,,scheduled,fpl_api,114.0,,,,,,,,,,
pl-2026-2026-11-29-brighton-v-newcastle,2026-11-29,2026,pl,Brighton,Newcastle,,,scheduled,fpl_api,112.0,,,,,,,,,,
pl-2026-2026-11-29-crystal-palace-v-hull-city,2026-11-29,2026,pl,Crystal Palace,Hull City,,,scheduled,fpl_api,113.0,,,,,,,,,,
pl-2026-2026-11-29-fulham-v-bournemouth,2026-11-29,2026,pl,Fulham,Bournemouth,,,scheduled,fpl_api,115.0,,,,,,,,,,
pl-2026-2026-11-29-sunderland-v-tottenham,2026-11-29,2026,pl,Sunderland,Tottenham,,,scheduled,fpl_api,120.0,,,,,,,,,,
pl-2026-2026-11-29-arsenal-v-man-city,2026-11-29,2026,pl,Arsenal,Man City,,,scheduled,fpl_api,111.0,,,,,,,,,,
pl-2026-2026-12-02-brentford-v-arsenal,2026-12-02,2026,pl,Brentford,Arsenal,,,scheduled,fpl_api,123.0,,,,,,,,,,
pl-2026-2026-12-02-chelsea-v-crystal-palace,2026-12-02,2026,pl,Chelsea,Crystal Palace,,,scheduled,fpl_api,124.0,,,,,,,,,,
pl-2026-2026-12-02-coventry-city-v-ipswich-town,2026-12-02,2026,pl,Coventry City,Ipswich Town,,,scheduled,fpl_api,125.0,,,,,,,,,,
pl-2026-2026-12-02-man-city-v-leeds,2026-12-02,2026,pl,Man City,Leeds,,,scheduled,fpl_api,128.0,,,,,,,,,,
pl-2026-2026-12-02-newcastle-v-man-united,2026-12-02,2026,pl,Newcastle,Man United,,,scheduled,fpl_api,129.0,,,,,,,,,,
pl-2026-2026-12-02-aston-villa-v-everton,2026-12-02,2026,pl,Aston Villa,Everton,,,scheduled,fpl_api,121.0,,,,,,,,,,
pl-2026-2026-12-02-tottenham-v-fulham,2026-12-02,2026,pl,Tottenham,Fulham,,,scheduled,fpl_api,130.0,,,,,,,,,,
pl-2026-2026-12-02-hull-city-v-nott-m-forest,2026-12-02,2026,pl,Hull City,Nott'm Forest,,,scheduled,fpl_api,126.0,,,,,,,,,,
pl-2026-2026-12-02-liverpool-v-sunderland,2026-12-02,2026,pl,Liverpool,Sunderland,,,scheduled,fpl_api,127.0,,,,,,,,,,
pl-2026-2026-12-02-bournemouth-v-brighton,2026-12-02,2026,pl,Bournemouth,Brighton,,,scheduled,fpl_api,122.0,,,,,,,,,,
pl-2026-2026-12-05-newcastle-v-sunderland,2026-12-05,2026,pl,Newcastle,Sunderland,,,scheduled,fpl_api,138.0,,,,,,,,,,
pl-2026-2026-12-05-tottenham-v-arsenal,2026-12-05,2026,pl,Tottenham,Arsenal,,,scheduled,fpl_api,140.0,,,,,,,,,,
pl-2026-2026-12-05-nott-m-forest-v-brighton,2026-12-05,2026,pl,Nott'm Forest,Brighton,,,scheduled,fpl_api,139.0,,,,,,,,,,
pl-2026-2026-12-05-leeds-v-ipswich-town,2026-12-05,2026,pl,Leeds,Ipswich Town,,,scheduled,fpl_api,136.0,,,,,,,,,,
pl-2026-2026-12-05-man-united-v-coventry-city,2026-12-05,2026,pl,Man United,Coventry City,,,scheduled,fpl_api,137.0,,,,,,,,,,
pl-2026-2026-12-05-chelsea-v-liverpool,2026-12-05,2026,pl,Chelsea,Liverpool,,,scheduled,fpl_api,134.0,,,,,,,,,,
pl-2026-2026-12-05-everton-v-fulham,2026-12-05,2026,pl,Everton,Fulham,,,scheduled,fpl_api,135.0,,,,,,,,,,
pl-2026-2026-12-05-aston-villa-v-crystal-palace,2026-12-05,2026,pl,Aston Villa,Crystal Palace,,,scheduled,fpl_api,131.0,,,,,,,,,,
pl-2026-2026-12-05-brentford-v-man-city,2026-12-05,2026,pl,Brentford,Man City,,,scheduled,fpl_api,133.0,,,,,,,,,,
pl-2026-2026-12-05-bournemouth-v-hull-city,2026-12-05,2026,pl,Bournemouth,Hull City,,,scheduled,fpl_api,132.0,,,,,,,,,,
pl-2026-2026-12-12-sunderland-v-nott-m-forest,2026-12-12,2026,pl,Sunderland,Nott'm Forest,,,scheduled,fpl_api,150.0,,,,,,,,,,
pl-2026-2026-12-12-man-city-v-chelsea,2026-12-12,2026,pl,Man City,Chelsea,,,scheduled,fpl_api,149.0,,,,,,,,,,
pl-2026-2026-12-12-liverpool-v-leeds,2026-12-12,2026,pl,Liverpool,Leeds,,,scheduled,fpl_api,148.0,,,,,,,,,,
pl-2026-2026-12-12-ipswich-town-v-newcastle,2026-12-12,2026,pl,Ipswich Town,Newcastle,,,scheduled,fpl_api,147.0,,,,,,,,,,
pl-2026-2026-12-12-hull-city-v-tottenham,2026-12-12,2026,pl,Hull City,Tottenham,,,scheduled,fpl_api,146.0,,,,,,,,,,
pl-2026-2026-12-12-fulham-v-brentford,2026-12-12,2026,pl,Fulham,Brentford,,,scheduled,fpl_api,145.0,,,,,,,,,,
pl-2026-2026-12-12-crystal-palace-v-man-united,2026-12-12,2026,pl,Crystal Palace,Man United,,,scheduled,fpl_api,144.0,,,,,,,,,,
pl-2026-2026-12-12-coventry-city-v-aston-villa,2026-12-12,2026,pl,Coventry City,Aston Villa,,,scheduled,fpl_api,143.0,,,,,,,,,,
pl-2026-2026-12-12-brighton-v-everton,2026-12-12,2026,pl,Brighton,Everton,,,scheduled,fpl_api,142.0,,,,,,,,,,
pl-2026-2026-12-12-arsenal-v-bournemouth,2026-12-12,2026,pl,Arsenal,Bournemouth,,,scheduled,fpl_api,141.0,,,,,,,,,,
pl-2026-2026-12-19-nott-m-forest-v-everton,2026-12-19,2026,pl,Nott'm Forest,Everton,,,scheduled,fpl_api,159.0,,,,,,,,,,
pl-2026-2026-12-19-man-city-v-hull-city,2026-12-19,2026,pl,Man City,Hull City,,,scheduled,fpl_api,158.0,,,,,,,,,,
pl-2026-2026-12-19-liverpool-v-tottenham,2026-12-19,2026,pl,Liverpool,Tottenham,,,scheduled,fpl_api,157.0,,,,,,,,,,
pl-2026-2026-12-19-leeds-v-fulham,2026-12-19,2026,pl,Leeds,Fulham,,,scheduled,fpl_api,156.0,,,,,,,,,,
pl-2026-2026-12-19-sunderland-v-crystal-palace,2026-12-19,2026,pl,Sunderland,Crystal Palace,,,scheduled,fpl_api,160.0,,,,,,,,,,
pl-2026-2026-12-19-brighton-v-ipswich-town,2026-12-19,2026,pl,Brighton,Ipswich Town,,,scheduled,fpl_api,154.0,,,,,,,,,,
pl-2026-2026-12-19-brentford-v-newcastle,2026-12-19,2026,pl,Brentford,Newcastle,,,scheduled,fpl_api,153.0,,,,,,,,,,
pl-2026-2026-12-19-bournemouth-v-coventry-city,2026-12-19,2026,pl,Bournemouth,Coventry City,,,scheduled,fpl_api,152.0,,,,,,,,,,
pl-2026-2026-12-19-arsenal-v-man-united,2026-12-19,2026,pl,Arsenal,Man United,,,scheduled,fpl_api,151.0,,,,,,,,,,
pl-2026-2026-12-19-chelsea-v-aston-villa,2026-12-19,2026,pl,Chelsea,Aston Villa,,,scheduled,fpl_api,155.0,,,,,,,,,,
pl-2026-2026-12-26-aston-villa-v-leeds,2026-12-26,2026,pl,Aston Villa,Leeds,,,scheduled,fpl_api,161.0,,,,,,,,,,
pl-2026-2026-12-26-everton-v-sunderland,2026-12-26,2026,pl,Everton,Sunderland,,,scheduled,fpl_api,164.0,,,,,,,,,,
pl-2026-2026-12-26-fulham-v-brighton,2026-12-26,2026,pl,Fulham,Brighton,,,scheduled,fpl_api,165.0,,,,,,,,,,
pl-2026-2026-12-26-ipswich-town-v-brentford,2026-12-26,2026,pl,Ipswich Town,Brentford,,,scheduled,fpl_api,167.0,,,,,,,,,,
pl-2026-2026-12-26-tottenham-v-bournemouth,2026-12-26,2026,pl,Tottenham,Bournemouth,,,scheduled,fpl_api,170.0,,,,,,,,,,
pl-2026-2026-12-26-hull-city-v-liverpool,2026-12-26,2026,pl,Hull City,Liverpool,,,scheduled,fpl_api,166.0,,,,,,,,,,
pl-2026-2026-12-26-newcastle-v-man-city,2026-12-26,2026,pl,Newcastle,Man City,,,scheduled,fpl_api,169.0,,,,,,,,,,
pl-2026-2026-12-27-coventry-city-v-chelsea,2026-12-27,2026,pl,Coventry City,Chelsea,,,scheduled,fpl_api,162.0,,,,,,,,,,
pl-2026-2026-12-27-man-united-v-nott-m-forest,2026-12-27,2026,pl,Man United,Nott'm Forest,,,scheduled,fpl_api,168.0,,,,,,,,,,
pl-2026-2026-12-27-crystal-palace-v-arsenal,2026-12-27,2026,pl,Crystal Palace,Arsenal,,,scheduled,fpl_api,163.0,,,,,,,,,,
pl-2026-2026-12-29-hull-city-v-leeds,2026-12-29,2026,pl,Hull City,Leeds,,,scheduled,fpl_api,176.0,,,,,,,,,,
pl-2026-2026-12-29-tottenham-v-brighton,2026-12-29,2026,pl,Tottenham,Brighton,,,scheduled,fpl_api,180.0,,,,,,,,,,
pl-2026-2026-12-29-everton-v-man-city,2026-12-29,2026,pl,Everton,Man City,,,scheduled,fpl_api,174.0,,,,,,,,,,
pl-2026-2026-12-30-coventry-city-v-brentford,2026-12-30,2026,pl,Coventry City,Brentford,,,scheduled,fpl_api,172.0,,,,,,,,,,
pl-2026-2026-12-30-crystal-palace-v-bournemouth,2026-12-30,2026,pl,Crystal Palace,Bournemouth,,,scheduled,fpl_api,173.0,,,,,,,,,,
pl-2026-2026-12-30-fulham-v-arsenal,2026-12-30,2026,pl,Fulham,Arsenal,,,scheduled,fpl_api,175.0,,,,,,,,,,
pl-2026-2026-12-30-man-united-v-sunderland,2026-12-30,2026,pl,Man United,Sunderland,,,scheduled,fpl_api,178.0,,,,,,,,,,
pl-2026-2026-12-30-newcastle-v-nott-m-forest,2026-12-30,2026,pl,Newcastle,Nott'm Forest,,,scheduled,fpl_api,179.0,,,,,,,,,,
pl-2026-2026-12-30-aston-villa-v-liverpool,2026-12-30,2026,pl,Aston Villa,Liverpool,,,scheduled,fpl_api,171.0,,,,,,,,,,
pl-2026-2026-12-30-ipswich-town-v-chelsea,2026-12-30,2026,pl,Ipswich Town,Chelsea,,,scheduled,fpl_api,177.0,,,,,,,,,,
pl-2026-2027-01-01-leeds-v-everton,2027-01-01,2026,pl,Leeds,Everton,,,scheduled,fpl_api,186.0,,,,,,,,,,
pl-2026-2027-01-02-sunderland-v-hull-city,2027-01-02,2026,pl,Sunderland,Hull City,,,scheduled,fpl_api,190.0,,,,,,,,,,
pl-2026-2027-01-02-nott-m-forest-v-fulham,2027-01-02,2026,pl,Nott'm Forest,Fulham,,,scheduled,fpl_api,189.0,,,,,,,,,,
pl-2026-2027-01-02-brentford-v-crystal-palace,2027-01-02,2026,pl,Brentford,Crystal Palace,,,scheduled,fpl_api,183.0,,,,,,,,,,
pl-2026-2027-01-02-liverpool-v-coventry-city,2027-01-02,2026,pl,Liverpool,Coventry City,,,scheduled,fpl_api,187.0,,,,,,,,,,
pl-2026-2027-01-02-brighton-v-man-united,2027-01-02,2026,pl,Brighton,Man United,,,scheduled,fpl_api,184.0,,,,,,,,,,
pl-2026-2027-01-02-arsenal-v-ipswich-town,2027-01-02,2026,pl,Arsenal,Ipswich Town,,,scheduled,fpl_api,181.0,,,,,,,,,,
pl-2026-2027-01-02-bournemouth-v-aston-villa,2027-01-02,2026,pl,Bournemouth,Aston Villa,,,scheduled,fpl_api,182.0,,,,,,,,,,
pl-2026-2027-01-03-chelsea-v-newcastle,2027-01-03,2026,pl,Chelsea,Newcastle,,,scheduled,fpl_api,185.0,,,,,,,,,,
pl-2026-2027-01-03-man-city-v-tottenham,2027-01-03,2026,pl,Man City,Tottenham,,,scheduled,fpl_api,188.0,,,,,,,,,,
pl-2026-2027-01-05-nott-m-forest-v-hull-city,2027-01-05,2026,pl,Nott'm Forest,Hull City,,,scheduled,fpl_api,199.0,,,,,,,,,,
pl-2026-2027-01-05-brighton-v-bournemouth,2027-01-05,2026,pl,Brighton,Bournemouth,,,scheduled,fpl_api,192.0,,,,,,,,,,
pl-2026-2027-01-05-everton-v-aston-villa,2027-01-05,2026,pl,Everton,Aston Villa,,,scheduled,fpl_api,194.0,,,,,,,,,,
pl-2026-2027-01-05-arsenal-v-brentford,2027-01-05,2026,pl,Arsenal,Brentford,,,scheduled,fpl_api,191.0,,,,,,,,,,
pl-2026-2027-01-05-sunderland-v-liverpool,2027-01-05,2026,pl,Sunderland,Liverpool,,,scheduled,fpl_api,200.0,,,,,,,,,,
pl-2026-2027-01-06-crystal-palace-v-chelsea,2027-01-06,2026,pl,Crystal Palace,Chelsea,,,scheduled,fpl_api,193.0,,,,,,,,,,
pl-2026-2027-01-06-fulham-v-tottenham,2027-01-06,2026,pl,Fulham,Tottenham,,,scheduled,fpl_api,195.0,,,,,,,,,,
pl-2026-2027-01-06-ipswich-town-v-coventry-city,2027-01-06,2026,pl,Ipswich Town,Coventry City,,,scheduled,fpl_api,196.0,,,,,,,,,,
pl-2026-2027-01-06-leeds-v-man-city,2027-01-06,2026,pl,Leeds,Man City,,,scheduled,fpl_api,197.0,,,,,,,,,,
pl-2026-2027-01-07-man-united-v-newcastle,2027-01-07,2026,pl,Man United,Newcastle,,,scheduled,fpl_api,198.0,,,,,,,,,,
pl-2026-2027-01-16-man-city-v-nott-m-forest,2027-01-16,2026,pl,Man City,Nott'm Forest,,,scheduled,fpl_api,208.0,,,,,,,,,,
pl-2026-2027-01-16-liverpool-v-crystal-palace,2027-01-16,2026,pl,Liverpool,Crystal Palace,,,scheduled,fpl_api,207.0,,,,,,,,,,
pl-2026-2027-01-16-newcastle-v-fulham,2027-01-16,2026,pl,Newcastle,Fulham,,,scheduled,fpl_api,209.0,,,,,,,,,,
pl-2026-2027-01-16-hull-city-v-arsenal,2027-01-16,2026,pl,Hull City,Arsenal,,,scheduled,fpl_api,206.0,,,,,,,,,,
pl-2026-2027-01-16-tottenham-v-leeds,2027-01-16,2026,pl,Tottenham,Leeds,,,scheduled,fpl_api,210.0,,,,,,,,,,
pl-2026-2027-01-16-chelsea-v-sunderland,2027-01-16,2026,pl,Chelsea,Sunderland,,,scheduled,fpl_api,204.0,,,,,,,,,,
pl-2026-2027-01-16-bournemouth-v-ipswich-town,2027-01-16,2026,pl,Bournemouth,Ipswich Town,,,scheduled,fpl_api,202.0,,,,,,,,,,
pl-2026-2027-01-16-aston-villa-v-man-united,2027-01-16,2026,pl,Aston Villa,Man United,,,scheduled,fpl_api,201.0,,,,,,,,,,
pl-2026-2027-01-16-brentford-v-brighton,2027-01-16,2026,pl,Brentford,Brighton,,,scheduled,fpl_api,203.0,,,,,,,,,,
pl-2026-2027-01-16-coventry-city-v-everton,2027-01-16,2026,pl,Coventry City,Everton,,,scheduled,fpl_api,205.0,,,,,,,,,,
pl-2026-2027-01-23-nott-m-forest-v-bournemouth,2027-01-23,2026,pl,Nott'm Forest,Bournemouth,,,scheduled,fpl_api,219.0,,,,,,,,,,
pl-2026-2027-01-23-man-united-v-liverpool,2027-01-23,2026,pl,Man United,Liverpool,,,scheduled,fpl_api,218.0,,,,,,,,,,
pl-2026-2027-01-23-leeds-v-chelsea,2027-01-23,2026,pl,Leeds,Chelsea,,,scheduled,fpl_api,217.0,,,,,,,,,,
pl-2026-2027-01-23-ipswich-town-v-hull-city,2027-01-23,2026,pl,Ipswich Town,Hull City,,,scheduled,fpl_api,216.0,,,,,,,,,,
pl-2026-2027-01-23-sunderland-v-coventry-city,2027-01-23,2026,pl,Sunderland,Coventry City,,,scheduled,fpl_api,220.0,,,,,,,,,,
pl-2026-2027-01-23-everton-v-brentford,2027-01-23,2026,pl,Everton,Brentford,,,scheduled,fpl_api,214.0,,,,,,,,,,
pl-2026-2027-01-23-crystal-palace-v-tottenham,2027-01-23,2026,pl,Crystal Palace,Tottenham,,,scheduled,fpl_api,213.0,,,,,,,,,,
pl-2026-2027-01-23-brighton-v-man-city,2027-01-23,2026,pl,Brighton,Man City,,,scheduled,fpl_api,212.0,,,,,,,,,,
pl-2026-2027-01-23-arsenal-v-newcastle,2027-01-23,2026,pl,Arsenal,Newcastle,,,scheduled,fpl_api,211.0,,,,,,,,,,
pl-2026-2027-01-23-fulham-v-aston-villa,2027-01-23,2026,pl,Fulham,Aston Villa,,,scheduled,fpl_api,215.0,,,,,,,,,,
pl-2026-2027-01-30-liverpool-v-everton,2027-01-30,2026,pl,Liverpool,Everton,,,scheduled,fpl_api,227.0,,,,,,,,,,
pl-2026-2027-01-30-tottenham-v-sunderland,2027-01-30,2026,pl,Tottenham,Sunderland,,,scheduled,fpl_api,230.0,,,,,,,,,,
pl-2026-2027-01-30-newcastle-v-brighton,2027-01-30,2026,pl,Newcastle,Brighton,,,scheduled,fpl_api,229.0,,,,,,,,,,
pl-2026-2027-01-30-man-city-v-arsenal,2027-01-30,2026,pl,Man City,Arsenal,,,scheduled,fpl_api,228.0,,,,,,,,,,
pl-2026-2027-01-30-hull-city-v-crystal-palace,2027-01-30,2026,pl,Hull City,Crystal Palace,,,scheduled,fpl_api,226.0,,,,,,,,,,
pl-2026-2027-01-30-coventry-city-v-leeds,2027-01-30,2026,pl,Coventry City,Leeds,,,scheduled,fpl_api,225.0,,,,,,,,,,
pl-2026-2027-01-30-bournemouth-v-fulham,2027-01-30,2026,pl,Bournemouth,Fulham,,,scheduled,fpl_api,222.0,,,,,,,,,,
pl-2026-2027-01-30-aston-villa-v-ipswich-town,2027-01-30,2026,pl,Aston Villa,Ipswich Town,,,scheduled,fpl_api,221.0,,,,,,,,,,
pl-2026-2027-01-30-chelsea-v-nott-m-forest,2027-01-30,2026,pl,Chelsea,Nott'm Forest,,,scheduled,fpl_api,224.0,,,,,,,,,,
pl-2026-2027-01-30-brentford-v-man-united,2027-01-30,2026,pl,Brentford,Man United,,,scheduled,fpl_api,223.0,,,,,,,,,,
pl-2026-2027-02-06-man-united-v-chelsea,2027-02-06,2026,pl,Man United,Chelsea,,,scheduled,fpl_api,238.0,,,,,,,,,,
pl-2026-2027-02-06-leeds-v-bournemouth,2027-02-06,2026,pl,Leeds,Bournemouth,,,scheduled,fpl_api,237.0,,,,,,,,,,
pl-2026-2027-02-06-sunderland-v-aston-villa,2027-02-06,2026,pl,Sunderland,Aston Villa,,,scheduled,fpl_api,240.0,,,,,,,,,,
pl-2026-2027-02-06-nott-m-forest-v-brentford,2027-02-06,2026,pl,Nott'm Forest,Brentford,,,scheduled,fpl_api,239.0,,,,,,,,,,
pl-2026-2027-02-06-ipswich-town-v-tottenham,2027-02-06,2026,pl,Ipswich Town,Tottenham,,,scheduled,fpl_api,236.0,,,,,,,,,,
pl-2026-2027-02-06-fulham-v-man-city,2027-02-06,2026,pl,Fulham,Man City,,,scheduled,fpl_api,235.0,,,,,,,,,,
pl-2026-2027-02-06-crystal-palace-v-coventry-city,2027-02-06,2026,pl,Crystal Palace,Coventry City,,,scheduled,fpl_api,233.0,,,,,,,,,,
pl-2026-2027-02-06-brighton-v-hull-city,2027-02-06,2026,pl,Brighton,Hull City,,,scheduled,fpl_api,232.0,,,,,,,,,,
pl-2026-2027-02-06-arsenal-v-liverpool,2027-02-06,2026,pl,Arsenal,Liverpool,,,scheduled,fpl_api,231.0,,,,,,,,,,
pl-2026-2027-02-06-everton-v-newcastle,2027-02-06,2026,pl,Everton,Newcastle,,,scheduled,fpl_api,234.0,,,,,,,,,,
pl-2026-2027-02-10-hull-city-v-sunderland,2027-02-10,2026,pl,Hull City,Sunderland,,,scheduled,fpl_api,246.0,,,,,,,,,,
pl-2026-2027-02-10-tottenham-v-man-city,2027-02-10,2026,pl,Tottenham,Man City,,,scheduled,fpl_api,250.0,,,,,,,,,,
pl-2026-2027-02-10-newcastle-v-chelsea,2027-02-10,2026,pl,Newcastle,Chelsea,,,scheduled,fpl_api,249.0,,,,,,,,,,
pl-2026-2027-02-10-man-united-v-brighton,2027-02-10,2026,pl,Man United,Brighton,,,scheduled,fpl_api,248.0,,,,,,,,,,
pl-2026-2027-02-10-ipswich-town-v-arsenal,2027-02-10,2026,pl,Ipswich Town,Arsenal,,,scheduled,fpl_api,247.0,,,,,,,,,,
pl-2026-2027-02-10-crystal-palace-v-brentford,2027-02-10,2026,pl,Crystal Palace,Brentford,,,scheduled,fpl_api,243.0,,,,,,,,,,
pl-2026-2027-02-10-coventry-city-v-liverpool,2027-02-10,2026,pl,Coventry City,Liverpool,,,scheduled,fpl_api,242.0,,,,,,,,,,
pl-2026-2027-02-10-aston-villa-v-bournemouth,2027-02-10,2026,pl,Aston Villa,Bournemouth,,,scheduled,fpl_api,241.0,,,,,,,,,,
pl-2026-2027-02-10-fulham-v-nott-m-forest,2027-02-10,2026,pl,Fulham,Nott'm Forest,,,scheduled,fpl_api,245.0,,,,,,,,,,
pl-2026-2027-02-10-everton-v-leeds,2027-02-10,2026,pl,Everton,Leeds,,,scheduled,fpl_api,244.0,,,,,,,,,,
pl-2026-2027-02-20-man-city-v-newcastle,2027-02-20,2026,pl,Man City,Newcastle,,,scheduled,fpl_api,258.0,,,,,,,,,,
pl-2026-2027-02-20-leeds-v-aston-villa,2027-02-20,2026,pl,Leeds,Aston Villa,,,scheduled,fpl_api,256.0,,,,,,,,,,
pl-2026-2027-02-20-sunderland-v-everton,2027-02-20,2026,pl,Sunderland,Everton,,,scheduled,fpl_api,260.0,,,,,,,,,,
pl-2026-2027-02-20-nott-m-forest-v-man-united,2027-02-20,2026,pl,Nott'm Forest,Man United,,,scheduled,fpl_api,259.0,,,,,,,,,,
pl-2026-2027-02-20-liverpool-v-hull-city,2027-02-20,2026,pl,Liverpool,Hull City,,,scheduled,fpl_api,257.0,,,,,,,,,,
pl-2026-2027-02-20-brighton-v-tottenham,2027-02-20,2026,pl,Brighton,Tottenham,,,scheduled,fpl_api,254.0,,,,,,,,,,
pl-2026-2027-02-20-brentford-v-coventry-city,2027-02-20,2026,pl,Brentford,Coventry City,,,scheduled,fpl_api,253.0,,,,,,,,,,
pl-2026-2027-02-20-bournemouth-v-crystal-palace,2027-02-20,2026,pl,Bournemouth,Crystal Palace,,,scheduled,fpl_api,252.0,,,,,,,,,,
pl-2026-2027-02-20-chelsea-v-ipswich-town,2027-02-20,2026,pl,Chelsea,Ipswich Town,,,scheduled,fpl_api,255.0,,,,,,,,,,
pl-2026-2027-02-20-arsenal-v-fulham,2027-02-20,2026,pl,Arsenal,Fulham,,,scheduled,fpl_api,251.0,,,,,,,,,,
pl-2026-2027-02-27-man-united-v-arsenal,2027-02-27,2026,pl,Man United,Arsenal,,,scheduled,fpl_api,268.0,,,,,,,,,,
pl-2026-2027-02-27-hull-city-v-man-city,2027-02-27,2026,pl,Hull City,Man City,,,scheduled,fpl_api,266.0,,,,,,,,,,
pl-2026-2027-02-27-tottenham-v-liverpool,2027-02-27,2026,pl,Tottenham,Liverpool,,,scheduled,fpl_api,270.0,,,,,,,,,,
pl-2026-2027-02-27-newcastle-v-brentford,2027-02-27,2026,pl,Newcastle,Brentford,,,scheduled,fpl_api,269.0,,,,,,,,,,
pl-2026-2027-02-27-ipswich-town-v-brighton,2027-02-27,2026,pl,Ipswich Town,Brighton,,,scheduled,fpl_api,267.0,,,,,,,,,,
pl-2026-2027-02-27-everton-v-nott-m-forest,2027-02-27,2026,pl,Everton,Nott'm Forest,,,scheduled,fpl_api,264.0,,,,,,,,,,
pl-2026-2027-02-27-crystal-palace-v-sunderland,2027-02-27,2026,pl,Crystal Palace,Sunderland,,,scheduled,fpl_api,263.0,,,,,,,,,,
pl-2026-2027-02-27-coventry-city-v-bournemouth,2027-02-27,2026,pl,Coventry City,Bournemouth,,,scheduled,fpl_api,262.0,,,,,,,,,,
pl-2026-2027-02-27-fulham-v-leeds,2027-02-27,2026,pl,Fulham,Leeds,,,scheduled,fpl_api,265.0,,,,,,,,,,
pl-2026-2027-02-27-aston-villa-v-chelsea,2027-02-27,2026,pl,Aston Villa,Chelsea,,,scheduled,fpl_api,261.0,,,,,,,,,,
pl-2026-2027-03-03-leeds-v-hull-city,2027-03-03,2026,pl,Leeds,Hull City,,,scheduled,fpl_api,276.0,,,,,,,,,,
pl-2026-2027-03-03-sunderland-v-man-united,2027-03-03,2026,pl,Sunderland,Man United,,,scheduled,fpl_api,280.0,,,,,,,,,,
pl-2026-2027-03-03-nott-m-forest-v-newcastle,2027-03-03,2026,pl,Nott'm Forest,Newcastle,,,scheduled,fpl_api,279.0,,,,,,,,,,
pl-2026-2027-03-03-man-city-v-everton,2027-03-03,2026,pl,Man City,Everton,,,scheduled,fpl_api,278.0,,,,,,,,,,
pl-2026-2027-03-03-liverpool-v-aston-villa,2027-03-03,2026,pl,Liverpool,Aston Villa,,,scheduled,fpl_api,277.0,,,,,,,,,,
pl-2026-2027-03-03-brentford-v-ipswich-town,2027-03-03,2026,pl,Brentford,Ipswich Town,,,scheduled,fpl_api,273.0,,,,,,,,,,
pl-2026-2027-03-03-bournemouth-v-tottenham,2027-03-03,2026,pl,Bournemouth,Tottenham,,,scheduled,fpl_api,272.0,,,,,,,,,,
pl-2026-2027-03-03-arsenal-v-crystal-palace,2027-03-03,2026,pl,Arsenal,Crystal Palace,,,scheduled,fpl_api,271.0,,,,,,,,,,
pl-2026-2027-03-03-chelsea-v-coventry-city,2027-03-03,2026,pl,Chelsea,Coventry City,,,scheduled,fpl_api,275.0,,,,,,,,,,
pl-2026-2027-03-03-brighton-v-fulham,2027-03-03,2026,pl,Brighton,Fulham,,,scheduled,fpl_api,274.0,,,,,,,,,,
pl-2026-2027-03-13-sunderland-v-brentford,2027-03-13,2026,pl,Sunderland,Brentford,,,scheduled,fpl_api,289.0,,,,,,,,,,
pl-2026-2027-03-13-liverpool-v-ipswich-town,2027-03-13,2026,pl,Liverpool,Ipswich Town,,,scheduled,fpl_api,287.0,,,,,,,,,,
pl-2026-2027-03-13-tottenham-v-nott-m-forest,2027-03-13,2026,pl,Tottenham,Nott'm Forest,,,scheduled,fpl_api,290.0,,,,,,,,,,
pl-2026-2027-03-13-leeds-v-brighton,2027-03-13,2026,pl,Leeds,Brighton,,,scheduled,fpl_api,286.0,,,,,,,,,,
pl-2026-2027-03-13-man-united-v-everton,2027-03-13,2026,pl,Man United,Everton,,,scheduled,fpl_api,288.0,,,,,,,,,,
pl-2026-2027-03-13-bournemouth-v-newcastle,2027-03-13,2026,pl,Bournemouth,Newcastle,,,scheduled,fpl_api,282.0,,,,,,,,,,
pl-2026-2027-03-13-crystal-palace-v-fulham,2027-03-13,2026,pl,Crystal Palace,Fulham,,,scheduled,fpl_api,285.0,,,,,,,,,,
pl-2026-2027-03-13-aston-villa-v-hull-city,2027-03-13,2026,pl,Aston Villa,Hull City,,,scheduled,fpl_api,281.0,,,,,,,,,,
pl-2026-2027-03-13-coventry-city-v-man-city,2027-03-13,2026,pl,Coventry City,Man City,,,scheduled,fpl_api,284.0,,,,,,,,,,
pl-2026-2027-03-13-chelsea-v-arsenal,2027-03-13,2026,pl,Chelsea,Arsenal,,,scheduled,fpl_api,283.0,,,,,,,,,,
pl-2026-2027-03-20-hull-city-v-chelsea,2027-03-20,2026,pl,Hull City,Chelsea,,,scheduled,fpl_api,296.0,,,,,,,,,,
pl-2026-2027-03-20-nott-m-forest-v-aston-villa,2027-03-20,2026,pl,Nott'm Forest,Aston Villa,,,scheduled,fpl_api,300.0,,,,,,,,,,
pl-2026-2027-03-20-newcastle-v-leeds,2027-03-20,2026,pl,Newcastle,Leeds,,,scheduled,fpl_api,299.0,,,,,,,,,,
pl-2026-2027-03-20-man-city-v-man-united,2027-03-20,2026,pl,Man City,Man United,,,scheduled,fpl_api,298.0,,,,,,,,,,
pl-2026-2027-03-20-ipswich-town-v-crystal-palace,2027-03-20,2026,pl,Ipswich Town,Crystal Palace,,,scheduled,fpl_api,297.0,,,,,,,,,,
pl-2026-2027-03-20-brighton-v-coventry-city,2027-03-20,2026,pl,Brighton,Coventry City,,,scheduled,fpl_api,293.0,,,,,,,,,,
pl-2026-2027-03-20-brentford-v-bournemouth,2027-03-20,2026,pl,Brentford,Bournemouth,,,scheduled,fpl_api,292.0,,,,,,,,,,
pl-2026-2027-03-20-arsenal-v-sunderland,2027-03-20,2026,pl,Arsenal,Sunderland,,,scheduled,fpl_api,291.0,,,,,,,,,,
pl-2026-2027-03-20-fulham-v-liverpool,2027-03-20,2026,pl,Fulham,Liverpool,,,scheduled,fpl_api,295.0,,,,,,,,,,
pl-2026-2027-03-20-everton-v-tottenham,2027-03-20,2026,pl,Everton,Tottenham,,,scheduled,fpl_api,294.0,,,,,,,,,,
pl-2026-2027-04-10-man-united-v-hull-city,2027-04-10,2026,pl,Man United,Hull City,,,scheduled,fpl_api,308.0,,,,,,,,,,
pl-2026-2027-04-10-leeds-v-nott-m-forest,2027-04-10,2026,pl,Leeds,Nott'm Forest,,,scheduled,fpl_api,306.0,,,,,,,,,,
pl-2026-2027-04-10-sunderland-v-ipswich-town,2027-04-10,2026,pl,Sunderland,Ipswich Town,,,scheduled,fpl_api,309.0,,,,,,,,,,
pl-2026-2027-04-10-tottenham-v-brentford,2027-04-10,2026,pl,Tottenham,Brentford,,,scheduled,fpl_api,310.0,,,,,,,,,,
pl-2026-2027-04-10-liverpool-v-newcastle,2027-04-10,2026,pl,Liverpool,Newcastle,,,scheduled,fpl_api,307.0,,,,,,,,,,
pl-2026-2027-04-10-coventry-city-v-arsenal,2027-04-10,2026,pl,Coventry City,Arsenal,,,scheduled,fpl_api,304.0,,,,,,,,,,
pl-2026-2027-04-10-chelsea-v-fulham,2027-04-10,2026,pl,Chelsea,Fulham,,,scheduled,fpl_api,303.0,,,,,,,,,,
pl-2026-2027-04-10-bournemouth-v-man-city,2027-04-10,2026,pl,Bournemouth,Man City,,,scheduled,fpl_api,302.0,,,,,,,,,,
pl-2026-2027-04-10-crystal-palace-v-everton,2027-04-10,2026,pl,Crystal Palace,Everton,,,scheduled,fpl_api,305.0,,,,,,,,,,
pl-2026-2027-04-10-aston-villa-v-brighton,2027-04-10,2026,pl,Aston Villa,Brighton,,,scheduled,fpl_api,301.0,,,,,,,,,,
pl-2026-2027-04-17-man-city-v-crystal-palace,2027-04-17,2026,pl,Man City,Crystal Palace,,,scheduled,fpl_api,318.0,,,,,,,,,,
pl-2026-2027-04-17-hull-city-v-coventry-city,2027-04-17,2026,pl,Hull City,Coventry City,,,scheduled,fpl_api,316.0,,,,,,,,,,
pl-2026-2027-04-17-nott-m-forest-v-liverpool,2027-04-17,2026,pl,Nott'm Forest,Liverpool,,,scheduled,fpl_api,320.0,,,,,,,,,,
pl-2026-2027-04-17-newcastle-v-tottenham,2027-04-17,2026,pl,Newcastle,Tottenham,,,scheduled,fpl_api,319.0,,,,,,,,,,
pl-2026-2027-04-17-ipswich-town-v-man-united,2027-04-17,2026,pl,Ipswich Town,Man United,,,scheduled,fpl_api,317.0,,,,,,,,,,
pl-2026-2027-04-17-everton-v-bournemouth,2027-04-17,2026,pl,Everton,Bournemouth,,,scheduled,fpl_api,314.0,,,,,,,,,,
pl-2026-2027-04-17-brighton-v-chelsea,2027-04-17,2026,pl,Brighton,Chelsea,,,scheduled,fpl_api,313.0,,,,,,,,,,
pl-2026-2027-04-17-brentford-v-leeds,2027-04-17,2026,pl,Brentford,Leeds,,,scheduled,fpl_api,312.0,,,,,,,,,,
pl-2026-2027-04-17-fulham-v-sunderland,2027-04-17,2026,pl,Fulham,Sunderland,,,scheduled,fpl_api,315.0,,,,,,,,,,
pl-2026-2027-04-17-arsenal-v-aston-villa,2027-04-17,2026,pl,Arsenal,Aston Villa,,,scheduled,fpl_api,311.0,,,,,,,,,,
pl-2026-2027-04-24-leeds-v-liverpool,2027-04-24,2026,pl,Leeds,Liverpool,,,scheduled,fpl_api,326.0,,,,,,,,,,
pl-2026-2027-04-24-tottenham-v-hull-city,2027-04-24,2026,pl,Tottenham,Hull City,,,scheduled,fpl_api,330.0,,,,,,,,,,
pl-2026-2027-04-24-nott-m-forest-v-sunderland,2027-04-24,2026,pl,Nott'm Forest,Sunderland,,,scheduled,fpl_api,329.0,,,,,,,,,,
pl-2026-2027-04-24-newcastle-v-ipswich-town,2027-04-24,2026,pl,Newcastle,Ipswich Town,,,scheduled,fpl_api,328.0,,,,,,,,,,
pl-2026-2027-04-24-man-united-v-crystal-palace,2027-04-24,2026,pl,Man United,Crystal Palace,,,scheduled,fpl_api,327.0,,,,,,,,,,
pl-2026-2027-04-24-brentford-v-fulham,2027-04-24,2026,pl,Brentford,Fulham,,,scheduled,fpl_api,323.0,,,,,,,,,,
pl-2026-2027-04-24-bournemouth-v-arsenal,2027-04-24,2026,pl,Bournemouth,Arsenal,,,scheduled,fpl_api,322.0,,,,,,,,,,
pl-2026-2027-04-24-aston-villa-v-coventry-city,2027-04-24,2026,pl,Aston Villa,Coventry City,,,scheduled,fpl_api,321.0,,,,,,,,,,
pl-2026-2027-04-24-everton-v-brighton,2027-04-24,2026,pl,Everton,Brighton,,,scheduled,fpl_api,325.0,,,,,,,,,,
pl-2026-2027-04-24-chelsea-v-man-city,2027-04-24,2026,pl,Chelsea,Man City,,,scheduled,fpl_api,324.0,,,,,,,,,,
pl-2026-2027-05-01-sunderland-v-newcastle,2027-05-01,2026,pl,Sunderland,Newcastle,,,scheduled,fpl_api,340.0,,,,,,,,,,
pl-2026-2027-05-01-ipswich-town-v-leeds,2027-05-01,2026,pl,Ipswich Town,Leeds,,,scheduled,fpl_api,337.0,,,,,,,,,,
pl-2026-2027-05-01-man-city-v-brentford,2027-05-01,2026,pl,Man City,Brentford,,,scheduled,fpl_api,339.0,,,,,,,,,,
pl-2026-2027-05-01-hull-city-v-bournemouth,2027-05-01,2026,pl,Hull City,Bournemouth,,,scheduled,fpl_api,336.0,,,,,,,,,,
pl-2026-2027-05-01-liverpool-v-chelsea,2027-05-01,2026,pl,Liverpool,Chelsea,,,scheduled,fpl_api,338.0,,,,,,,,,,
pl-2026-2027-05-01-brighton-v-nott-m-forest,2027-05-01,2026,pl,Brighton,Nott'm Forest,,,scheduled,fpl_api,332.0,,,,,,,,,,
pl-2026-2027-05-01-fulham-v-everton,2027-05-01,2026,pl,Fulham,Everton,,,scheduled,fpl_api,335.0,,,,,,,,,,
pl-2026-2027-05-01-arsenal-v-tottenham,2027-05-01,2026,pl,Arsenal,Tottenham,,,scheduled,fpl_api,331.0,,,,,,,,,,
pl-2026-2027-05-01-crystal-palace-v-aston-villa,2027-05-01,2026,pl,Crystal Palace,Aston Villa,,,scheduled,fpl_api,334.0,,,,,,,,,,
pl-2026-2027-05-01-coventry-city-v-man-united,2027-05-01,2026,pl,Coventry City,Man United,,,scheduled,fpl_api,333.0,,,,,,,,,,
pl-2026-2027-05-08-tottenham-v-chelsea,2027-05-08,2026,pl,Tottenham,Chelsea,,,scheduled,fpl_api,350.0,,,,,,,,,,
pl-2026-2027-05-08-nott-m-forest-v-crystal-palace,2027-05-08,2026,pl,Nott'm Forest,Crystal Palace,,,scheduled,fpl_api,349.0,,,,,,,,,,
pl-2026-2027-05-08-newcastle-v-coventry-city,2027-05-08,2026,pl,Newcastle,Coventry City,,,scheduled,fpl_api,348.0,,,,,,,,,,
pl-2026-2027-05-08-man-city-v-liverpool,2027-05-08,2026,pl,Man City,Liverpool,,,scheduled,fpl_api,347.0,,,,,,,,,,
pl-2026-2027-05-08-leeds-v-arsenal,2027-05-08,2026,pl,Leeds,Arsenal,,,scheduled,fpl_api,346.0,,,,,,,,,,
pl-2026-2027-05-08-fulham-v-ipswich-town,2027-05-08,2026,pl,Fulham,Ipswich Town,,,scheduled,fpl_api,345.0,,,,,,,,,,
pl-2026-2027-05-08-everton-v-hull-city,2027-05-08,2026,pl,Everton,Hull City,,,scheduled,fpl_api,344.0,,,,,,,,,,
pl-2026-2027-05-08-brighton-v-sunderland,2027-05-08,2026,pl,Brighton,Sunderland,,,scheduled,fpl_api,343.0,,,,,,,,,,
pl-2026-2027-05-08-brentford-v-aston-villa,2027-05-08,2026,pl,Brentford,Aston Villa,,,scheduled,fpl_api,342.0,,,,,,,,,,
pl-2026-2027-05-08-bournemouth-v-man-united,2027-05-08,2026,pl,Bournemouth,Man United,,,scheduled,fpl_api,341.0,,,,,,,,,,
pl-2026-2027-05-15-man-united-v-leeds,2027-05-15,2026,pl,Man United,Leeds,,,scheduled,fpl_api,359.0,,,,,,,,,,
pl-2026-2027-05-15-liverpool-v-brentford,2027-05-15,2026,pl,Liverpool,Brentford,,,scheduled,fpl_api,358.0,,,,,,,,,,
pl-2026-2027-05-15-ipswich-town-v-man-city,2027-05-15,2026,pl,Ipswich Town,Man City,,,scheduled,fpl_api,357.0,,,,,,,,,,
pl-2026-2027-05-15-hull-city-v-fulham,2027-05-15,2026,pl,Hull City,Fulham,,,scheduled,fpl_api,356.0,,,,,,,,,,
pl-2026-2027-05-15-sunderland-v-bournemouth,2027-05-15,2026,pl,Sunderland,Bournemouth,,,scheduled,fpl_api,360.0,,,,,,,,,,
pl-2026-2027-05-15-coventry-city-v-tottenham,2027-05-15,2026,pl,Coventry City,Tottenham,,,scheduled,fpl_api,354.0,,,,,,,,,,
pl-2026-2027-05-15-chelsea-v-everton,2027-05-15,2026,pl,Chelsea,Everton,,,scheduled,fpl_api,353.0,,,,,,,,,,
pl-2026-2027-05-15-crystal-palace-v-brighton,2027-05-15,2026,pl,Crystal Palace,Brighton,,,scheduled,fpl_api,355.0,,,,,,,,,,
pl-2026-2027-05-15-arsenal-v-nott-m-forest,2027-05-15,2026,pl,Arsenal,Nott'm Forest,,,scheduled,fpl_api,351.0,,,,,,,,,,
pl-2026-2027-05-15-aston-villa-v-newcastle,2027-05-15,2026,pl,Aston Villa,Newcastle,,,scheduled,fpl_api,352.0,,,,,,,,,,
pl-2026-2027-05-23-newcastle-v-crystal-palace,2027-05-23,2026,pl,Newcastle,Crystal Palace,,,scheduled,fpl_api,368.0,,,,,,,,,,
pl-2026-2027-05-23-tottenham-v-man-united,2027-05-23,2026,pl,Tottenham,Man United,,,scheduled,fpl_api,370.0,,,,,,,,,,
pl-2026-2027-05-23-man-city-v-aston-villa,2027-05-23,2026,pl,Man City,Aston Villa,,,scheduled,fpl_api,367.0,,,,,,,,,,
pl-2026-2027-05-23-leeds-v-sunderland,2027-05-23,2026,pl,Leeds,Sunderland,,,scheduled,fpl_api,366.0,,,,,,,,,,
pl-2026-2027-05-23-nott-m-forest-v-ipswich-town,2027-05-23,2026,pl,Nott'm Forest,Ipswich Town,,,scheduled,fpl_api,369.0,,,,,,,,,,
pl-2026-2027-05-23-everton-v-arsenal,2027-05-23,2026,pl,Everton,Arsenal,,,scheduled,fpl_api,364.0,,,,,,,,,,
pl-2026-2027-05-23-brighton-v-liverpool,2027-05-23,2026,pl,Brighton,Liverpool,,,scheduled,fpl_api,363.0,,,,,,,,,,
pl-2026-2027-05-23-bournemouth-v-chelsea,2027-05-23,2026,pl,Bournemouth,Chelsea,,,scheduled,fpl_api,361.0,,,,,,,,,,
pl-2026-2027-05-23-fulham-v-coventry-city,2027-05-23,2026,pl,Fulham,Coventry City,,,scheduled,fpl_api,365.0,,,,,,,,,,
pl-2026-2027-05-23-brentford-v-hull-city,2027-05-23,2026,pl,Brentford,Hull City,,,scheduled,fpl_api,362.0,,,,,,,,,,
pl-2026-2027-05-30-ipswich-town-v-everton,2027-05-30,2026,pl,Ipswich Town,Everton,,,scheduled,fpl_api,377.0,,,,,,,,,,
pl-2026-2027-05-30-liverpool-v-bournemouth,2027-05-30,2026,pl,Liverpool,Bournemouth,,,scheduled,fpl_api,378.0,,,,,,,,,,
pl-2026-2027-05-30-man-united-v-fulham,2027-05-30,2026,pl,Man United,Fulham,,,scheduled,fpl_api,379.0,,,,,,,,,,
pl-2026-2027-05-30-arsenal-v-brighton,2027-05-30,2026,pl,Arsenal,Brighton,,,scheduled,fpl_api,371.0,,,,,,,,,,
pl-2026-2027-05-30-aston-villa-v-tottenham,2027-05-30,2026,pl,Aston Villa,Tottenham,,,scheduled,fpl_api,372.0,,,,,,,,,,
pl-2026-2027-05-30-chelsea-v-brentford,2027-05-30,2026,pl,Chelsea,Brentford,,,scheduled,fpl_api,373.0,,,,,,,,,,
pl-2026-2027-05-30-coventry-city-v-nott-m-forest,2027-05-30,2026,pl,Coventry City,Nott'm Forest,,,scheduled,fpl_api,374.0,,,,,,,,,,
pl-2026-2027-05-30-crystal-palace-v-leeds,2027-05-30,2026,pl,Crystal Palace,Leeds,,,scheduled,fpl_api,375.0,,,,,,,,,,
pl-2026-2027-05-30-hull-city-v-newcastle,2027-05-30,2026,pl,Hull City,Newcastle,,,scheduled,fpl_api,376.0,,,,,,,,,,
pl-2026-2027-05-30-sunderland-v-man-city,2027-05-30,2026,pl,Sunderland,Man City,,,scheduled,fpl_api,380.0,,,,,,,,,,
