fixture_id,date,season,league,home,away,home_goals,away_goals,status,provenance,api_fixture_id,hs,as_,hst,ast,hf,af,hy,ay,hr,ar
laliga-2023-2023-08-11-almeria-v-rayo-vallecano,2023-08-11,2023,laliga,Almeria,Rayo Vallecano,0,2,finished,api_football,1037952.0,,,,,,,,,,
laliga-2023-2023-08-11-sevilla-v-valencia,2023-08-11,2023,laliga,Sevilla,Valencia,1,2,finished,api_football,1037956.0,,,,,,,,,,
laliga-2023-2023-08-12-real-sociedad-v-girona,2023-08-12,2023,laliga,Real Sociedad,Girona,1,1,finished,api_football,1037960.0,,,,,,,,,,
laliga-2023-2023-08-12-las-palmas-v-mallorca,2023-08-12,2023,laliga,Las Palmas,Mallorca,1,1,finished,api_football,1037957.0,,,,,,,,,,
laliga-2023-2023-08-12-ath-bilbao-v-real-madrid,2023-08-12,2023,laliga,Ath Bilbao,Real Madrid,0,2,finished,api_football,1037953.0,,,,,,,,,,
laliga-2023-2023-08-13-celta-v-osasuna,2023-08-13,2023,laliga,Celta,Osasuna,0,2,finished,api_football,1037955.0,,,,,,,,,,
laliga-2023-2023-08-13-villarreal-v-betis,2023-08-13,2023,laliga,Villarreal,Betis,1,2,finished,api_football,1037959.0,,,,,,,,,,
laliga-2023-2023-08-13-getafe-v-barcelona,2023-08-13,2023,laliga,Getafe,Barcelona,0,0,finished,api_football,1037958.0,,,,,,,,,,
laliga-2023-2023-08-14-ath-madrid-v-granada,2023-08-14,2023,laliga,Ath Madrid,Granada,3,1,finished,api_football,1037954.0,,,,,,,,,,
laliga-2023-2023-08-14-cadiz-v-alaves,2023-08-14,2023,laliga,Cadiz,Alaves,1,0,finished,api_football,1037961.0,,,,,,,,,,
laliga-2023-2023-08-18-valencia-v-las-palmas,2023-08-18,2023,laliga,Valencia,Las Palmas,1,0,finished,api_football,1037971.0,,,,,,,,,,
laliga-2023-2023-08-18-mallorca-v-villarreal,2023-08-18,2023,laliga,Mallorca,Villarreal,0,1,finished,api_football,1037964.0,,,,,,,,,,
laliga-2023-2023-08-19-real-sociedad-v-celta,2023-08-19,2023,laliga,Real Sociedad,Celta,1,1,finished,api_football,1037969.0,,,,,,,,,,
laliga-2023-2023-08-19-almeria-v-real-madrid,2023-08-19,2023,laliga,Almeria,Real Madrid,1,3,finished,api_football,1037962.0,,,,,,,,,,
laliga-2023-2023-08-19-osasuna-v-ath-bilbao,2023-08-19,2023,laliga,Osasuna,Ath Bilbao,0,2,finished,api_football,1037967.0,,,,,,,,,,
laliga-2023-2023-08-20-betis-v-ath-madrid,2023-08-20,2023,laliga,Betis,Ath Madrid,0,0,finished,api_football,1037968.0,,,,,,,,,,
laliga-2023-2023-08-20-girona-v-getafe,2023-08-20,2023,laliga,Girona,Getafe,3,0,finished,api_football,1037970.0,,,,,,,,,,
laliga-2023-2023-08-20-barcelona-v-cadiz,2023-08-20,2023,laliga,Barcelona,Cadiz,2,0,finished,api_football,1037963.0,,,,,,,,,,
laliga-2023-2023-08-21-granada-v-rayo-vallecano,2023-08-21,2023,laliga,Granada,Rayo Vallecano,0,2,finished,api_football,1037965.0,,,,,,,,,,
laliga-2023-2023-08-21-alaves-v-sevilla,2023-08-21,2023,laliga,Alaves,Sevilla,4,3,finished,api_football,1037966.0,,,,,,,,,,
laliga-2023-2023-08-25-celta-v-real-madrid,2023-08-25,2023,laliga,Celta,Real Madrid,0,1,finished,api_football,1037973.0,,,,,,,,,,
laliga-2023-2023-08-25-las-palmas-v-real-sociedad,2023-08-25,2023,laliga,Las Palmas,Real Sociedad,0,0,finished,api_football,1037975.0,,,,,,,,,,
laliga-2023-2023-08-26-cadiz-v-almeria,2023-08-26,2023,laliga,Cadiz,Almeria,1,1,finished,api_football,1037976.0,,,,,,,,,,
laliga-2023-2023-08-26-granada-v-mallorca,2023-08-26,2023,laliga,Granada,Mallorca,3,2,finished,api_football,1037974.0,,,,,,,,,,
laliga-2023-2023-08-26-sevilla-v-girona,2023-08-26,2023,laliga,Sevilla,Girona,1,2,finished,api_football,1037979.0,,,,,,,,,,
laliga-2023-2023-08-27-villarreal-v-barcelona,2023-08-27,2023,laliga,Villarreal,Barcelona,3,4,finished,api_football,1037978.0,,,,,,,,,,
laliga-2023-2023-08-27-valencia-v-osasuna,2023-08-27,2023,laliga,Valencia,Osasuna,1,2,finished,api_football,1037980.0,,,,,,,,,,
laliga-2023-2023-08-27-ath-bilbao-v-betis,2023-08-27,2023,laliga,Ath Bilbao,Betis,4,2,finished,api_football,1037972.0,,,,,,,,,,
laliga-2023-2023-08-28-rayo-vallecano-v-ath-madrid,2023-08-28,2023,laliga,Rayo Vallecano,Ath Madrid,0,7,finished,api_football,1037977.0,,,,,,,,,,
laliga-2023-2023-08-28-getafe-v-alaves,2023-08-28,2023,laliga,Getafe,Alaves,1,0,finished,api_football,1037981.0,,,,,,,,,,
laliga-2023-2023-09-01-almeria-v-celta,2023-09-01,2023,laliga,Almeria,Celta,2,3,finished,api_football,1037982.0,,,,,,,,,,
laliga-2023-2023-09-01-cadiz-v-villarreal,2023-09-01,2023,laliga,Cadiz,Villarreal,3,1,finished,api_football,1037985.0,,,,,,,,,,
laliga-2023-2023-09-02-real-sociedad-v-granada,2023-09-02,2023,laliga,Real Sociedad,Granada,5,3,finished,api_football,1037991.0,,,,,,,,,,
laliga-2023-2023-09-02-real-madrid-v-getafe,2023-09-02,2023,laliga,Real Madrid,Getafe,2,1,finished,api_football,1037990.0,,,,,,,,,,
laliga-2023-2023-09-02-alaves-v-valencia,2023-09-02,2023,laliga,Alaves,Valencia,1,0,finished,api_football,1037987.0,,,,,,,,,,
laliga-2023-2023-09-02-betis-v-rayo-vallecano,2023-09-02,2023,laliga,Betis,Rayo Vallecano,1,0,finished,api_football,1037984.0,,,,,,,,,,
laliga-2023-2023-09-03-osasuna-v-barcelona,2023-09-03,2023,laliga,Osasuna,Barcelona,1,2,finished,api_football,1037989.0,,,,,,,,,,
laliga-2023-2023-09-03-mallorca-v-ath-bilbao,2023-09-03,2023,laliga,Mallorca,Ath Bilbao,0,0,finished,api_football,1037988.0,,,,,,,,,,
laliga-2023-2023-09-03-girona-v-las-palmas,2023-09-03,2023,laliga,Girona,Las Palmas,1,0,finished,api_football,1037986.0,,,,,,,,,,
laliga-2023-2023-09-15-rayo-vallecano-v-alaves,2023-09-15,2023,laliga,Rayo Vallecano,Alaves,2,0,finished,api_football,1038001.0,,,,,,,,,,
laliga-2023-2023-09-16-barcelona-v-betis,2023-09-16,2023,laliga,Barcelona,Betis,5,0,finished,api_football,1037993.0,,,,,,,,,,
laliga-2023-2023-09-16-celta-v-mallorca,2023-09-16,2023,laliga,Celta,Mallorca,0,1,finished,api_football,1037994.0,,,,,,,,,,
laliga-2023-2023-09-16-ath-bilbao-v-cadiz,2023-09-16,2023,laliga,Ath Bilbao,Cadiz,3,0,finished,api_football,1037992.0,,,,,,,,,,
laliga-2023-2023-09-16-valencia-v-ath-madrid,2023-09-16,2023,laliga,Valencia,Ath Madrid,3,0,finished,api_football,1037998.0,,,,,,,,,,
laliga-2023-2023-09-17-real-madrid-v-real-sociedad,2023-09-17,2023,laliga,Real Madrid,Real Sociedad,2,1,finished,api_football,1037996.0,,,,,,,,,,
laliga-2023-2023-09-17-sevilla-v-las-palmas,2023-09-17,2023,laliga,Sevilla,Las Palmas,1,0,finished,api_football,1038000.0,,,,,,,,,,
laliga-2023-2023-09-17-getafe-v-osasuna,2023-09-17,2023,laliga,Getafe,Osasuna,3,2,finished,api_football,1037995.0,,,,,,,,,,
laliga-2023-2023-09-17-villarreal-v-almeria,2023-09-17,2023,laliga,Villarreal,Almeria,2,1,finished,api_football,1037997.0,,,,,,,,,,
laliga-2023-2023-09-18-granada-v-girona,2023-09-18,2023,laliga,Granada,Girona,2,4,finished,api_football,1037999.0,,,,,,,,,,
laliga-2023-2023-09-22-alaves-v-ath-bilbao,2023-09-22,2023,laliga,Alaves,Ath Bilbao,0,2,finished,api_football,1038009.0,,,,,,,,,,
laliga-2023-2023-09-23-almeria-v-valencia,2023-09-23,2023,laliga,Almeria,Valencia,2,2,finished,api_football,1038002.0,,,,,,,,,,
laliga-2023-2023-09-23-barcelona-v-celta,2023-09-23,2023,laliga,Barcelona,Celta,3,2,finished,api_football,1038004.0,,,,,,,,,,
laliga-2023-2023-09-23-osasuna-v-sevilla,2023-09-23,2023,laliga,Osasuna,Sevilla,0,0,finished,api_football,1038007.0,,,,,,,,,,
laliga-2023-2023-09-23-girona-v-mallorca,2023-09-23,2023,laliga,Girona,Mallorca,5,3,finished,api_football,1038006.0,,,,,,,,,,
laliga-2023-2023-09-24-ath-madrid-v-real-madrid,2023-09-24,2023,laliga,Ath Madrid,Real Madrid,3,1,finished,api_football,1038003.0,,,,,,,,,,
laliga-2023-2023-09-24-betis-v-cadiz,2023-09-24,2023,laliga,Betis,Cadiz,1,1,finished,api_football,1038005.0,,,,,,,,,,
laliga-2023-2023-09-24-las-palmas-v-granada,2023-09-24,2023,laliga,Las Palmas,Granada,1,0,finished,api_football,1038011.0,,,,,,,,,,
laliga-2023-2023-09-24-rayo-vallecano-v-villarreal,2023-09-24,2023,laliga,Rayo Vallecano,Villarreal,1,1,finished,api_football,1038008.0,,,,,,,,,,
laliga-2023-2023-09-24-real-sociedad-v-getafe,2023-09-24,2023,laliga,Real Sociedad,Getafe,4,3,finished,api_football,1038010.0,,,,,,,,,,
laliga-2023-2023-09-26-sevilla-v-almeria,2023-09-26,2023,laliga,Sevilla,Almeria,5,1,finished,api_football,1038014.0,,,,,,,,,,
laliga-2023-2023-09-26-mallorca-v-barcelona,2023-09-26,2023,laliga,Mallorca,Barcelona,2,2,finished,api_football,1038016.0,,,,,,,,,,
laliga-2023-2023-09-27-villarreal-v-girona,2023-09-27,2023,laliga,Villarreal,Girona,1,2,finished,api_football,1038018.0,,,,,,,,,,
laliga-2023-2023-09-27-cadiz-v-rayo-vallecano,2023-09-27,2023,laliga,Cadiz,Rayo Vallecano,0,0,finished,api_football,1038013.0,,,,,,,,,,
laliga-2023-2023-09-27-valencia-v-real-sociedad,2023-09-27,2023,laliga,Valencia,Real Sociedad,0,1,finished,api_football,1038019.0,,,,,,,,,,
laliga-2023-2023-09-27-ath-bilbao-v-getafe,2023-09-27,2023,laliga,Ath Bilbao,Getafe,2,2,finished,api_football,1038012.0,,,,,,,,,,
laliga-2023-2023-09-27-real-madrid-v-las-palmas,2023-09-27,2023,laliga,Real Madrid,Las Palmas,2,0,finished,api_football,1038020.0,,,,,,,,,,
laliga-2023-2023-09-28-osasuna-v-ath-madrid,2023-09-28,2023,laliga,Osasuna,Ath Madrid,0,2,finished,api_football,1038015.0,,,,,,,,,,
laliga-2023-2023-09-28-celta-v-alaves,2023-09-28,2023,laliga,Celta,Alaves,1,1,finished,api_football,1038021.0,,,,,,,,,,
laliga-2023-2023-09-28-granada-v-betis,2023-09-28,2023,laliga,Granada,Betis,1,1,finished,api_football,1038017.0,,,,,,,,,,
laliga-2023-2023-09-29-barcelona-v-sevilla,2023-09-29,2023,laliga,Barcelona,Sevilla,1,0,finished,api_football,1038024.0,,,,,,,,,,
laliga-2023-2023-09-30-getafe-v-villarreal,2023-09-30,2023,laliga,Getafe,Villarreal,0,0,finished,api_football,1038026.0,,,,,,,,,,
laliga-2023-2023-09-30-rayo-vallecano-v-mallorca,2023-09-30,2023,laliga,Rayo Vallecano,Mallorca,2,2,finished,api_football,1038031.0,,,,,,,,,,
laliga-2023-2023-09-30-girona-v-real-madrid,2023-09-30,2023,laliga,Girona,Real Madrid,0,3,finished,api_football,1038027.0,,,,,,,,,,
laliga-2023-2023-09-30-real-sociedad-v-ath-bilbao,2023-09-30,2023,laliga,Real Sociedad,Ath Bilbao,3,0,finished,api_football,1038029.0,,,,,,,,,,
laliga-2023-2023-10-01-betis-v-valencia,2023-10-01,2023,laliga,Betis,Valencia,3,0,finished,api_football,1038025.0,,,,,,,,,,
laliga-2023-2023-10-01-ath-madrid-v-cadiz,2023-10-01,2023,laliga,Ath Madrid,Cadiz,3,2,finished,api_football,1038023.0,,,,,,,,,,
laliga-2023-2023-10-01-almeria-v-granada,2023-10-01,2023,laliga,Almeria,Granada,3,3,finished,api_football,1038022.0,,,,,,,,,,
laliga-2023-2023-10-01-alaves-v-osasuna,2023-10-01,2023,laliga,Alaves,Osasuna,0,2,finished,api_football,1038028.0,,,,,,,,,,
laliga-2023-2023-10-02-las-palmas-v-celta,2023-10-02,2023,laliga,Las Palmas,Celta,2,1,finished,api_football,1038030.0,,,,,,,,,,
laliga-2023-2023-10-06-ath-bilbao-v-almeria,2023-10-06,2023,laliga,Ath Bilbao,Almeria,3,0,finished,api_football,1038037.0,,,,,,,,,,
laliga-2023-2023-10-07-sevilla-v-rayo-vallecano,2023-10-07,2023,laliga,Sevilla,Rayo Vallecano,2,2,finished,api_football,1038040.0,,,,,,,,,,
laliga-2023-2023-10-07-mallorca-v-valencia,2023-10-07,2023,laliga,Mallorca,Valencia,1,1,finished,api_football,1038035.0,,,,,,,,,,
laliga-2023-2023-10-07-cadiz-v-girona,2023-10-07,2023,laliga,Cadiz,Girona,0,1,finished,api_football,1038033.0,,,,,,,,,,
laliga-2023-2023-10-07-real-madrid-v-osasuna,2023-10-07,2023,laliga,Real Madrid,Osasuna,4,0,finished,api_football,1038039.0,,,,,,,,,,
laliga-2023-2023-10-08-granada-v-barcelona,2023-10-08,2023,laliga,Granada,Barcelona,2,2,finished,api_football,1038038.0,,,,,,,,,,
laliga-2023-2023-10-08-alaves-v-betis,2023-10-08,2023,laliga,Alaves,Betis,1,1,finished,api_football,1038036.0,,,,,,,,,,
laliga-2023-2023-10-08-celta-v-getafe,2023-10-08,2023,laliga,Celta,Getafe,2,2,finished,api_football,1038034.0,,,,,,,,,,
laliga-2023-2023-10-08-ath-madrid-v-real-sociedad,2023-10-08,2023,laliga,Ath Madrid,Real Sociedad,2,1,finished,api_football,1038032.0,,,,,,,,,,
laliga-2023-2023-10-08-villarreal-v-las-palmas,2023-10-08,2023,laliga,Villarreal,Las Palmas,1,2,finished,api_football,1038041.0,,,,,,,,,,
laliga-2023-2023-10-20-osasuna-v-granada,2023-10-20,2023,laliga,Osasuna,Granada,2,0,finished,api_football,1038050.0,,,,,,,,,,
laliga-2023-2023-10-21-celta-v-ath-madrid,2023-10-21,2023,laliga,Celta,Ath Madrid,0,3,finished,api_football,1038045.0,,,,,,,,,,
laliga-2023-2023-10-21-sevilla-v-real-madrid,2023-10-21,2023,laliga,Sevilla,Real Madrid,1,1,finished,api_football,1038049.0,,,,,,,,,,
laliga-2023-2023-10-21-getafe-v-betis,2023-10-21,2023,laliga,Getafe,Betis,1,1,finished,api_football,1038046.0,,,,,,,,,,
laliga-2023-2023-10-21-real-sociedad-v-mallorca,2023-10-21,2023,laliga,Real Sociedad,Mallorca,1,0,finished,api_football,1038048.0,,,,,,,,,,
laliga-2023-2023-10-22-barcelona-v-ath-bilbao,2023-10-22,2023,laliga,Barcelona,Ath Bilbao,1,0,finished,api_football,1038044.0,,,,,,,,,,
laliga-2023-2023-10-22-villarreal-v-alaves,2023-10-22,2023,laliga,Villarreal,Alaves,1,1,finished,api_football,1038051.0,,,,,,,,,,
laliga-2023-2023-10-22-las-palmas-v-rayo-vallecano,2023-10-22,2023,laliga,Las Palmas,Rayo Vallecano,0,1,finished,api_football,1038042.0,,,,,,,,,,
laliga-2023-2023-10-22-girona-v-almeria,2023-10-22,2023,laliga,Girona,Almeria,5,2,finished,api_football,1038043.0,,,,,,,,,,
laliga-2023-2023-10-23-valencia-v-cadiz,2023-10-23,2023,laliga,Valencia,Cadiz,2,0,finished,api_football,1038047.0,,,,,,,,,,
laliga-2023-2023-10-27-girona-v-celta,2023-10-27,2023,laliga,Girona,Celta,1,0,finished,api_football,1038059.0,,,,,,,,,,
laliga-2023-2023-10-28-cadiz-v-sevilla,2023-10-28,2023,laliga,Cadiz,Sevilla,2,2,finished,api_football,1038056.0,,,,,,,,,,
laliga-2023-2023-10-28-mallorca-v-getafe,2023-10-28,2023,laliga,Mallorca,Getafe,0,0,finished,api_football,1038060.0,,,,,,,,,,
laliga-2023-2023-10-28-almeria-v-las-palmas,2023-10-28,2023,laliga,Almeria,Las Palmas,1,2,finished,api_football,1038052.0,,,,,,,,,,
laliga-2023-2023-10-28-barcelona-v-real-madrid,2023-10-28,2023,laliga,Barcelona,Real Madrid,1,2,finished,api_football,1038054.0,,,,,,,,,,
laliga-2023-2023-10-29-betis-v-osasuna,2023-10-29,2023,laliga,Betis,Osasuna,2,1,finished,api_football,1038055.0,,,,,,,,,,
laliga-2023-2023-10-29-rayo-vallecano-v-real-sociedad,2023-10-29,2023,laliga,Rayo Vallecano,Real Sociedad,2,2,finished,api_football,1038057.0,,,,,,,,,,
laliga-2023-2023-10-29-ath-bilbao-v-valencia,2023-10-29,2023,laliga,Ath Bilbao,Valencia,2,2,finished,api_football,1038053.0,,,,,,,,,,
laliga-2023-2023-10-29-ath-madrid-v-alaves,2023-10-29,2023,laliga,Ath Madrid,Alaves,2,1,finished,api_football,1038061.0,,,,,,,,,,
laliga-2023-2023-10-30-granada-v-villarreal,2023-10-30,2023,laliga,Granada,Villarreal,2,3,finished,api_football,1038058.0,,,,,,,,,,
laliga-2023-2023-11-03-las-palmas-v-ath-madrid,2023-11-03,2023,laliga,Las Palmas,Ath Madrid,2,1,finished,api_football,1038066.0,,,,,,,,,,
laliga-2023-2023-11-04-osasuna-v-girona,2023-11-04,2023,laliga,Osasuna,Girona,2,4,finished,api_football,1038069.0,,,,,,,,,,
laliga-2023-2023-11-04-betis-v-mallorca,2023-11-04,2023,laliga,Betis,Mallorca,2,0,finished,api_football,1038062.0,,,,,,,,,,
laliga-2023-2023-11-04-real-sociedad-v-barcelona,2023-11-04,2023,laliga,Real Sociedad,Barcelona,0,1,finished,api_football,1038067.0,,,,,,,,,,
laliga-2023-2023-11-04-celta-v-sevilla,2023-11-04,2023,laliga,Celta,Sevilla,1,1,finished,api_football,1038063.0,,,,,,,,,,
laliga-2023-2023-11-05-alaves-v-almeria,2023-11-05,2023,laliga,Alaves,Almeria,1,0,finished,api_football,1038064.0,,,,,,,,,,
laliga-2023-2023-11-05-valencia-v-granada,2023-11-05,2023,laliga,Valencia,Granada,1,0,finished,api_football,1038071.0,,,,,,,,,,
laliga-2023-2023-11-05-villarreal-v-ath-bilbao,2023-11-05,2023,laliga,Villarreal,Ath Bilbao,2,3,finished,api_football,1038065.0,,,,,,,,,,
laliga-2023-2023-11-05-real-madrid-v-rayo-vallecano,2023-11-05,2023,laliga,Real Madrid,Rayo Vallecano,0,0,finished,api_football,1038070.0,,,,,,,,,,
laliga-2023-2023-11-06-getafe-v-cadiz,2023-11-06,2023,laliga,Getafe,Cadiz,1,0,finished,api_football,1038068.0,,,,,,,,,,
laliga-2023-2023-11-10-ath-bilbao-v-celta,2023-11-10,2023,laliga,Ath Bilbao,Celta,4,3,finished,api_football,1038073.0,,,,,,,,,,
laliga-2023-2023-11-11-osasuna-v-las-palmas,2023-11-11,2023,laliga,Osasuna,Las Palmas,1,1,finished,api_football,1038080.0,,,,,,,,,,
laliga-2023-2023-11-11-real-madrid-v-valencia,2023-11-11,2023,laliga,Real Madrid,Valencia,5,1,finished,api_football,1038075.0,,,,,,,,,,
laliga-2023-2023-11-11-granada-v-getafe,2023-11-11,2023,laliga,Granada,Getafe,1,1,finished,api_football,1038078.0,,,,,,,,,,
laliga-2023-2023-11-11-almeria-v-real-sociedad,2023-11-11,2023,laliga,Almeria,Real Sociedad,1,3,finished,api_football,1038072.0,,,,,,,,,,
laliga-2023-2023-11-11-rayo-vallecano-v-girona,2023-11-11,2023,laliga,Rayo Vallecano,Girona,1,2,finished,api_football,1038079.0,,,,,,,,,,
laliga-2023-2023-11-12-sevilla-v-betis,2023-11-12,2023,laliga,Sevilla,Betis,1,1,finished,api_football,1038076.0,,,,,,,,,,
laliga-2023-2023-11-12-barcelona-v-alaves,2023-11-12,2023,laliga,Barcelona,Alaves,2,1,finished,api_football,1038081.0,,,,,,,,,,
laliga-2023-2023-11-12-ath-madrid-v-villarreal,2023-11-12,2023,laliga,Ath Madrid,Villarreal,3,1,finished,api_football,1038074.0,,,,,,,,,,
laliga-2023-2023-11-24-alaves-v-granada,2023-11-24,2023,laliga,Alaves,Granada,3,1,finished,api_football,1038086.0,,,,,,,,,,
laliga-2023-2023-11-25-getafe-v-almeria,2023-11-25,2023,laliga,Getafe,Almeria,2,1,finished,api_football,1038087.0,,,,,,,,,,
laliga-2023-2023-11-25-ath-madrid-v-mallorca,2023-11-25,2023,laliga,Ath Madrid,Mallorca,1,0,finished,api_football,1038082.0,,,,,,,,,,
laliga-2023-2023-11-25-rayo-vallecano-v-barcelona,2023-11-25,2023,laliga,Rayo Vallecano,Barcelona,1,1,finished,api_football,1038089.0,,,,,,,,,,
laliga-2023-2023-11-25-valencia-v-celta,2023-11-25,2023,laliga,Valencia,Celta,0,0,finished,api_football,1038090.0,,,,,,,,,,
laliga-2023-2023-11-26-villarreal-v-osasuna,2023-11-26,2023,laliga,Villarreal,Osasuna,3,1,finished,api_football,1038091.0,,,,,,,,,,
laliga-2023-2023-11-26-real-sociedad-v-sevilla,2023-11-26,2023,laliga,Real Sociedad,Sevilla,2,1,finished,api_football,1038085.0,,,,,,,,,,
laliga-2023-2023-11-26-cadiz-v-real-madrid,2023-11-26,2023,laliga,Cadiz,Real Madrid,0,3,finished,api_football,1038084.0,,,,,,,,,,
laliga-2023-2023-11-26-betis-v-las-palmas,2023-11-26,2023,laliga,Betis,Las Palmas,1,0,finished,api_football,1038083.0,,,,,,,,,,
laliga-2023-2023-11-27-girona-v-ath-bilbao,2023-11-27,2023,laliga,Girona,Ath Bilbao,1,1,finished,api_football,1038088.0,,,,,,,,,,
laliga-2023-2023-11-29-mallorca-v-cadiz,2023-11-29,2023,laliga,Mallorca,Cadiz,1,1,finished,api_football,1038077.0,,,,,,,,,,
laliga-2023-2023-12-01-las-palmas-v-getafe,2023-12-01,2023,laliga,Las Palmas,Getafe,2,0,finished,api_football,1038099.0,,,,,,,,,,
laliga-2023-2023-12-02-ath-bilbao-v-rayo-vallecano,2023-12-02,2023,laliga,Ath Bilbao,Rayo Vallecano,4,0,finished,api_football,1038093.0,,,,,,,,,,
laliga-2023-2023-12-02-girona-v-valencia,2023-12-02,2023,laliga,Girona,Valencia,2,1,finished,api_football,1038094.0,,,,,,,,,,
laliga-2023-2023-12-02-osasuna-v-real-sociedad,2023-12-02,2023,laliga,Osasuna,Real Sociedad,1,1,finished,api_football,1038095.0,,,,,,,,,,
laliga-2023-2023-12-02-real-madrid-v-granada,2023-12-02,2023,laliga,Real Madrid,Granada,2,0,finished,api_football,1038100.0,,,,,,,,,,
laliga-2023-2023-12-03-sevilla-v-villarreal,2023-12-03,2023,laliga,Sevilla,Villarreal,1,1,finished,api_football,1038096.0,,,,,,,,,,
laliga-2023-2023-12-03-barcelona-v-ath-madrid,2023-12-03,2023,laliga,Barcelona,Ath Madrid,1,0,finished,api_football,1038097.0,,,,,,,,,,
laliga-2023-2023-12-03-mallorca-v-alaves,2023-12-03,2023,laliga,Mallorca,Alaves,0,0,finished,api_football,1038101.0,,,,,,,,,,
laliga-2023-2023-12-03-almeria-v-betis,2023-12-03,2023,laliga,Almeria,Betis,0,0,finished,api_football,1038092.0,,,,,,,,,,
laliga-2023-2023-12-04-celta-v-cadiz,2023-12-04,2023,laliga,Celta,Cadiz,1,1,finished,api_football,1038098.0,,,,,,,,,,
laliga-2023-2023-12-08-getafe-v-valencia,2023-12-08,2023,laliga,Getafe,Valencia,1,0,finished,api_football,1038105.0,,,,,,,,,,
laliga-2023-2023-12-09-mallorca-v-sevilla,2023-12-09,2023,laliga,Mallorca,Sevilla,1,0,finished,api_football,1038106.0,,,,,,,,,,
laliga-2023-2023-12-09-villarreal-v-real-sociedad,2023-12-09,2023,laliga,Villarreal,Real Sociedad,0,3,finished,api_football,1038111.0,,,,,,,,,,
laliga-2023-2023-12-09-betis-v-real-madrid,2023-12-09,2023,laliga,Betis,Real Madrid,1,1,finished,api_football,1038103.0,,,,,,,,,,
laliga-2023-2023-12-09-alaves-v-las-palmas,2023-12-09,2023,laliga,Alaves,Las Palmas,0,1,finished,api_football,1038107.0,,,,,,,,,,
laliga-2023-2023-12-10-ath-madrid-v-almeria,2023-12-10,2023,laliga,Ath Madrid,Almeria,2,1,finished,api_football,1038108.0,,,,,,,,,,
laliga-2023-2023-12-10-cadiz-v-osasuna,2023-12-10,2023,laliga,Cadiz,Osasuna,1,1,finished,api_football,1038104.0,,,,,,,,,,
laliga-2023-2023-12-10-barcelona-v-girona,2023-12-10,2023,laliga,Barcelona,Girona,2,4,finished,api_football,1038102.0,,,,,,,,,,
laliga-2023-2023-12-11-granada-v-ath-bilbao,2023-12-11,2023,laliga,Granada,Ath Bilbao,1,1,finished,api_football,1038109.0,,,,,,,,,,
laliga-2023-2023-12-11-rayo-vallecano-v-celta,2023-12-11,2023,laliga,Rayo Vallecano,Celta,0,0,finished,api_football,1038110.0,,,,,,,,,,
laliga-2023-2023-12-15-osasuna-v-rayo-vallecano,2023-12-15,2023,laliga,Osasuna,Rayo Vallecano,1,0,finished,api_football,1038115.0,,,,,,,,,,
laliga-2023-2023-12-16-valencia-v-barcelona,2023-12-16,2023,laliga,Valencia,Barcelona,1,1,finished,api_football,1038117.0,,,,,,,,,,
laliga-2023-2023-12-16-sevilla-v-getafe,2023-12-16,2023,laliga,Sevilla,Getafe,0,3,finished,api_football,1038120.0,,,,,,,,,,
laliga-2023-2023-12-16-ath-bilbao-v-ath-madrid,2023-12-16,2023,laliga,Ath Bilbao,Ath Madrid,2,0,finished,api_football,1038113.0,,,,,,,,,,
laliga-2023-2023-12-16-celta-v-granada,2023-12-16,2023,laliga,Celta,Granada,1,0,finished,api_football,1038114.0,,,,,,,,,,
laliga-2023-2023-12-17-real-madrid-v-villarreal,2023-12-17,2023,laliga,Real Madrid,Villarreal,4,1,finished,api_football,1038116.0,,,,,,,,,,
laliga-2023-2023-12-17-las-palmas-v-cadiz,2023-12-17,2023,laliga,Las Palmas,Cadiz,1,1,finished,api_football,1038119.0,,,,,,,,,,
laliga-2023-2023-12-17-almeria-v-mallorca,2023-12-17,2023,laliga,Almeria,Mallorca,0,0,finished,api_football,1038112.0,,,,,,,,,,
laliga-2023-2023-12-17-real-sociedad-v-betis,2023-12-17,2023,laliga,Real Sociedad,Betis,0,0,finished,api_football,1038118.0,,,,,,,,,,
laliga-2023-2023-12-18-girona-v-alaves,2023-12-18,2023,laliga,Girona,Alaves,3,0,finished,api_football,1038121.0,,,,,,,,,,
laliga-2023-2023-12-19-rayo-vallecano-v-valencia,2023-12-19,2023,laliga,Rayo Vallecano,Valencia,0,1,finished,api_football,1038127.0,,,,,,,,,,
laliga-2023-2023-12-19-ath-madrid-v-getafe,2023-12-19,2023,laliga,Ath Madrid,Getafe,3,3,finished,api_football,1038123.0,,,,,,,,,,
laliga-2023-2023-12-19-granada-v-sevilla,2023-12-19,2023,laliga,Granada,Sevilla,0,3,finished,api_football,1038128.0,,,,,,,,,,
laliga-2023-2023-12-20-ath-bilbao-v-las-palmas,2023-12-20,2023,laliga,Ath Bilbao,Las Palmas,1,0,finished,api_football,1038122.0,,,,,,,,,,
laliga-2023-2023-12-20-barcelona-v-almeria,2023-12-20,2023,laliga,Barcelona,Almeria,3,2,finished,api_football,1038130.0,,,,,,,,,,
laliga-2023-2023-12-20-villarreal-v-celta,2023-12-20,2023,laliga,Villarreal,Celta,3,2,finished,api_football,1038131.0,,,,,,,,,,
laliga-2023-2023-12-21-betis-v-girona,2023-12-21,2023,laliga,Betis,Girona,1,1,finished,api_football,1038124.0,,,,,,,,,,
laliga-2023-2023-12-21-cadiz-v-real-sociedad,2023-12-21,2023,laliga,Cadiz,Real Sociedad,0,0,finished,api_football,1038125.0,,,,,,,,,,
laliga-2023-2023-12-21-alaves-v-real-madrid,2023-12-21,2023,laliga,Alaves,Real Madrid,0,1,finished,api_football,1038129.0,,,,,,,,,,
laliga-2023-2023-12-21-mallorca-v-osasuna,2023-12-21,2023,laliga,Mallorca,Osasuna,3,2,finished,api_football,1038126.0,,,,,,,,,,
laliga-2023-2023-12-23-ath-madrid-v-sevilla,2023-12-23,2023,laliga,Ath Madrid,Sevilla,1,0,finished,api_football,1037983.0,,,,,,,,,,
laliga-2023-2024-01-02-real-sociedad-v-alaves,2024-01-02,2023,laliga,Real Sociedad,Alaves,1,1,finished,api_football,1038141.0,,,,,,,,,,
laliga-2023-2024-01-02-valencia-v-villarreal,2024-01-02,2023,laliga,Valencia,Villarreal,3,1,finished,api_football,1038133.0,,,,,,,,,,
laliga-2023-2024-01-02-getafe-v-rayo-vallecano,2024-01-02,2023,laliga,Getafe,Rayo Vallecano,0,2,finished,api_football,1038132.0,,,,,,,,,,
laliga-2023-2024-01-03-granada-v-cadiz,2024-01-03,2023,laliga,Granada,Cadiz,2,0,finished,api_football,1038139.0,,,,,,,,,,
laliga-2023-2024-01-03-celta-v-betis,2024-01-03,2023,laliga,Celta,Betis,2,1,finished,api_football,1038138.0,,,,,,,,,,
laliga-2023-2024-01-03-girona-v-ath-madrid,2024-01-03,2023,laliga,Girona,Ath Madrid,4,3,finished,api_football,1038136.0,,,,,,,,,,
laliga-2023-2024-01-03-real-madrid-v-mallorca,2024-01-03,2023,laliga,Real Madrid,Mallorca,1,0,finished,api_football,1038140.0,,,,,,,,,,
laliga-2023-2024-01-04-osasuna-v-almeria,2024-01-04,2023,laliga,Osasuna,Almeria,1,0,finished,api_football,1038134.0,,,,,,,,,,
laliga-2023-2024-01-04-sevilla-v-ath-bilbao,2024-01-04,2023,laliga,Sevilla,Ath Bilbao,0,2,finished,api_football,1038135.0,,,,,,,,,,
laliga-2023-2024-01-04-las-palmas-v-barcelona,2024-01-04,2023,laliga,Las Palmas,Barcelona,1,2,finished,api_football,1038137.0,,,,,,,,,,
laliga-2023-2024-01-12-sevilla-v-alaves,2024-01-12,2023,laliga,Sevilla,Alaves,2,3,finished,api_football,1038151.0,,,,,,,,,,
laliga-2023-2024-01-13-mallorca-v-celta,2024-01-13,2023,laliga,Mallorca,Celta,1,1,finished,api_football,1038150.0,,,,,,,,,,
laliga-2023-2024-01-13-ath-bilbao-v-real-sociedad,2024-01-13,2023,laliga,Ath Bilbao,Real Sociedad,2,1,finished,api_football,1038143.0,,,,,,,,,,
laliga-2023-2024-01-13-betis-v-granada,2024-01-13,2023,laliga,Betis,Granada,1,0,finished,api_football,1038146.0,,,,,,,,,,
laliga-2023-2024-01-13-las-palmas-v-villarreal,2024-01-13,2023,laliga,Las Palmas,Villarreal,3,0,finished,api_football,1038149.0,,,,,,,,,,
laliga-2023-2024-01-14-almeria-v-girona,2024-01-14,2023,laliga,Almeria,Girona,0,0,finished,api_football,1038142.0,,,,,,,,,,
laliga-2023-2024-01-14-cadiz-v-valencia,2024-01-14,2023,laliga,Cadiz,Valencia,1,4,finished,api_football,1038147.0,,,,,,,,,,
laliga-2023-2024-01-19-alaves-v-cadiz,2024-01-19,2023,laliga,Alaves,Cadiz,1,0,finished,api_football,1038154.0,,,,,,,,,,
laliga-2023-2024-01-20-rayo-vallecano-v-las-palmas,2024-01-20,2023,laliga,Rayo Vallecano,Las Palmas,0,2,finished,api_football,1038161.0,,,,,,,,,,
laliga-2023-2024-01-20-villarreal-v-mallorca,2024-01-20,2023,laliga,Villarreal,Mallorca,1,1,finished,api_football,1038160.0,,,,,,,,,,
laliga-2023-2024-01-20-valencia-v-ath-bilbao,2024-01-20,2023,laliga,Valencia,Ath Bilbao,1,0,finished,api_football,1038156.0,,,,,,,,,,
laliga-2023-2024-01-20-celta-v-real-sociedad,2024-01-20,2023,laliga,Celta,Real Sociedad,0,1,finished,api_football,1038152.0,,,,,,,,,,
laliga-2023-2024-01-21-betis-v-barcelona,2024-01-21,2023,laliga,Betis,Barcelona,2,4,finished,api_football,1038158.0,,,,,,,,,,
laliga-2023-2024-01-21-osasuna-v-getafe,2024-01-21,2023,laliga,Osasuna,Getafe,3,2,finished,api_football,1038159.0,,,,,,,,,,
laliga-2023-2024-01-21-girona-v-sevilla,2024-01-21,2023,laliga,Girona,Sevilla,5,1,finished,api_football,1038153.0,,,,,,,,,,
laliga-2023-2024-01-21-real-madrid-v-almeria,2024-01-21,2023,laliga,Real Madrid,Almeria,3,2,finished,api_football,1038155.0,,,,,,,,,,
laliga-2023-2024-01-22-granada-v-ath-madrid,2024-01-22,2023,laliga,Granada,Ath Madrid,0,1,finished,api_football,1038157.0,,,,,,,,,,
laliga-2023-2024-01-26-almeria-v-alaves,2024-01-26,2023,laliga,Almeria,Alaves,0,3,finished,api_football,1038171.0,,,,,,,,,,
laliga-2023-2024-01-27-real-sociedad-v-rayo-vallecano,2024-01-27,2023,laliga,Real Sociedad,Rayo Vallecano,0,0,finished,api_football,1038170.0,,,,,,,,,,
laliga-2023-2024-01-27-las-palmas-v-real-madrid,2024-01-27,2023,laliga,Las Palmas,Real Madrid,1,2,finished,api_football,1038166.0,,,,,,,,,,
laliga-2023-2024-01-27-barcelona-v-villarreal,2024-01-27,2023,laliga,Barcelona,Villarreal,3,5,finished,api_football,1038163.0,,,,,,,,,,
laliga-2023-2024-01-27-mallorca-v-betis,2024-01-27,2023,laliga,Mallorca,Betis,0,1,finished,api_football,1038168.0,,,,,,,,,,
laliga-2023-2024-01-28-ath-madrid-v-valencia,2024-01-28,2023,laliga,Ath Madrid,Valencia,2,0,finished,api_football,1038162.0,,,,,,,,,,
laliga-2023-2024-01-28-sevilla-v-osasuna,2024-01-28,2023,laliga,Sevilla,Osasuna,1,1,finished,api_football,1038169.0,,,,,,,,,,
laliga-2023-2024-01-28-cadiz-v-ath-bilbao,2024-01-28,2023,laliga,Cadiz,Ath Bilbao,0,0,finished,api_football,1038167.0,,,,,,,,,,
laliga-2023-2024-01-28-celta-v-girona,2024-01-28,2023,laliga,Celta,Girona,0,1,finished,api_football,1038164.0,,,,,,,,,,
laliga-2023-2024-01-29-getafe-v-granada,2024-01-29,2023,laliga,Getafe,Granada,2,0,finished,api_football,1038165.0,,,,,,,,,,
laliga-2023-2024-01-31-ath-madrid-v-rayo-vallecano,2024-01-31,2023,laliga,Ath Madrid,Rayo Vallecano,2,1,finished,api_football,1038144.0,,,,,,,,,,
laliga-2023-2024-01-31-barcelona-v-osasuna,2024-01-31,2023,laliga,Barcelona,Osasuna,1,0,finished,api_football,1038145.0,,,,,,,,,,
laliga-2023-2024-02-01-getafe-v-real-madrid,2024-02-01,2023,laliga,Getafe,Real Madrid,0,2,finished,api_football,1038148.0,,,,,,,,,,
laliga-2023-2024-02-02-ath-bilbao-v-mallorca,2024-02-02,2023,laliga,Ath Bilbao,Mallorca,4,0,finished,api_football,1038172.0,,,,,,,,,,
laliga-2023-2024-02-03-granada-v-las-palmas,2024-02-03,2023,laliga,Granada,Las Palmas,1,1,finished,api_football,1038176.0,,,,,,,,,,
laliga-2023-2024-02-03-valencia-v-almeria,2024-02-03,2023,laliga,Valencia,Almeria,2,1,finished,api_football,1038178.0,,,,,,,,,,
laliga-2023-2024-02-03-girona-v-real-sociedad,2024-02-03,2023,laliga,Girona,Real Sociedad,0,0,finished,api_football,1038174.0,,,,,,,,,,
laliga-2023-2024-02-03-alaves-v-barcelona,2024-02-03,2023,laliga,Alaves,Barcelona,1,3,finished,api_football,1038177.0,,,,,,,,,,
laliga-2023-2024-02-04-villarreal-v-cadiz,2024-02-04,2023,laliga,Villarreal,Cadiz,0,0,finished,api_football,1038180.0,,,,,,,,,,
laliga-2023-2024-02-04-osasuna-v-celta,2024-02-04,2023,laliga,Osasuna,Celta,0,3,finished,api_football,1038181.0,,,,,,,,,,
laliga-2023-2024-02-04-betis-v-getafe,2024-02-04,2023,laliga,Betis,Getafe,1,1,finished,api_football,1038173.0,,,,,,,,,,
laliga-2023-2024-02-04-real-madrid-v-ath-madrid,2024-02-04,2023,laliga,Real Madrid,Ath Madrid,1,1,finished,api_football,1038179.0,,,,,,,,,,
laliga-2023-2024-02-05-rayo-vallecano-v-sevilla,2024-02-05,2023,laliga,Rayo Vallecano,Sevilla,1,2,finished,api_football,1038175.0,,,,,,,,,,
laliga-2023-2024-02-09-cadiz-v-betis,2024-02-09,2023,laliga,Cadiz,Betis,0,2,finished,api_football,1038188.0,,,,,,,,,,
laliga-2023-2024-02-10-real-sociedad-v-osasuna,2024-02-10,2023,laliga,Real Sociedad,Osasuna,0,1,finished,api_football,1038191.0,,,,,,,,,,
laliga-2023-2024-02-10-alaves-v-villarreal,2024-02-10,2023,laliga,Alaves,Villarreal,1,1,finished,api_football,1038186.0,,,,,,,,,,
laliga-2023-2024-02-10-real-madrid-v-girona,2024-02-10,2023,laliga,Real Madrid,Girona,4,0,finished,api_football,1038190.0,,,,,,,,,,
laliga-2023-2024-02-10-las-palmas-v-valencia,2024-02-10,2023,laliga,Las Palmas,Valencia,2,0,finished,api_football,1038185.0,,,,,,,,,,
laliga-2023-2024-02-11-getafe-v-celta,2024-02-11,2023,laliga,Getafe,Celta,3,2,finished,api_football,1038189.0,,,,,,,,,,
laliga-2023-2024-02-11-mallorca-v-rayo-vallecano,2024-02-11,2023,laliga,Mallorca,Rayo Vallecano,2,1,finished,api_football,1038184.0,,,,,,,,,,
laliga-2023-2024-02-11-sevilla-v-ath-madrid,2024-02-11,2023,laliga,Sevilla,Ath Madrid,1,0,finished,api_football,1038187.0,,,,,,,,,,
laliga-2023-2024-02-11-barcelona-v-granada,2024-02-11,2023,laliga,Barcelona,Granada,3,3,finished,api_football,1038183.0,,,,,,,,,,
laliga-2023-2024-02-12-almeria-v-ath-bilbao,2024-02-12,2023,laliga,Almeria,Ath Bilbao,0,0,finished,api_football,1038182.0,,,,,,,,,,
laliga-2023-2024-02-16-villarreal-v-getafe,2024-02-16,2023,laliga,Villarreal,Getafe,1,1,finished,api_football,1038199.0,,,,,,,,,,
laliga-2023-2024-02-17-ath-madrid-v-las-palmas,2024-02-17,2023,laliga,Ath Madrid,Las Palmas,5,0,finished,api_football,1038193.0,,,,,,,,,,
laliga-2023-2024-02-17-osasuna-v-cadiz,2024-02-17,2023,laliga,Osasuna,Cadiz,2,0,finished,api_football,1038198.0,,,,,,,,,,
laliga-2023-2024-02-17-celta-v-barcelona,2024-02-17,2023,laliga,Celta,Barcelona,1,2,finished,api_football,1038197.0,,,,,,,,,,
laliga-2023-2024-02-17-valencia-v-sevilla,2024-02-17,2023,laliga,Valencia,Sevilla,0,0,finished,api_football,1038200.0,,,,,,,,,,
laliga-2023-2024-02-18-rayo-vallecano-v-real-madrid,2024-02-18,2023,laliga,Rayo Vallecano,Real Madrid,1,1,finished,api_football,1038195.0,,,,,,,,,,
laliga-2023-2024-02-18-granada-v-almeria,2024-02-18,2023,laliga,Granada,Almeria,1,1,finished,api_football,1038196.0,,,,,,,,,,
laliga-2023-2024-02-18-mallorca-v-real-sociedad,2024-02-18,2023,laliga,Mallorca,Real Sociedad,1,2,finished,api_football,1038194.0,,,,,,,,,,
laliga-2023-2024-02-18-betis-v-alaves,2024-02-18,2023,laliga,Betis,Alaves,0,0,finished,api_football,1038201.0,,,,,,,,,,
laliga-2023-2024-02-19-ath-bilbao-v-girona,2024-02-19,2023,laliga,Ath Bilbao,Girona,3,2,finished,api_football,1038192.0,,,,,,,,,,
laliga-2023-2024-02-23-real-sociedad-v-villarreal,2024-02-23,2023,laliga,Real Sociedad,Villarreal,1,3,finished,api_football,1038207.0,,,,,,,,,,
laliga-2023-2024-02-24-barcelona-v-getafe,2024-02-24,2023,laliga,Barcelona,Getafe,4,0,finished,api_football,1038203.0,,,,,,,,,,
laliga-2023-2024-02-24-alaves-v-mallorca,2024-02-24,2023,laliga,Alaves,Mallorca,1,1,finished,api_football,1038210.0,,,,,,,,,,
laliga-2023-2024-02-24-almeria-v-ath-madrid,2024-02-24,2023,laliga,Almeria,Ath Madrid,2,2,finished,api_football,1038202.0,,,,,,,,,,
laliga-2023-2024-02-25-cadiz-v-celta,2024-02-25,2023,laliga,Cadiz,Celta,2,2,finished,api_football,1038204.0,,,,,,,,,,
laliga-2023-2024-02-25-betis-v-ath-bilbao,2024-02-25,2023,laliga,Betis,Ath Bilbao,3,1,finished,api_football,1038211.0,,,,,,,,,,
laliga-2023-2024-02-25-las-palmas-v-osasuna,2024-02-25,2023,laliga,Las Palmas,Osasuna,1,1,finished,api_football,1038209.0,,,,,,,,,,
laliga-2023-2024-02-25-real-madrid-v-sevilla,2024-02-25,2023,laliga,Real Madrid,Sevilla,1,0,finished,api_football,1038206.0,,,,,,,,,,
laliga-2023-2024-02-26-girona-v-rayo-vallecano,2024-02-26,2023,laliga,Girona,Rayo Vallecano,3,0,finished,api_football,1038205.0,,,,,,,,,,
laliga-2023-2024-03-01-celta-v-almeria,2024-03-01,2023,laliga,Celta,Almeria,1,0,finished,api_football,1038215.0,,,,,,,,,,
laliga-2023-2024-03-02-sevilla-v-real-sociedad,2024-03-02,2023,laliga,Sevilla,Real Sociedad,3,2,finished,api_football,1038219.0,,,,,,,,,,
laliga-2023-2024-03-02-rayo-vallecano-v-cadiz,2024-03-02,2023,laliga,Rayo Vallecano,Cadiz,1,1,finished,api_football,1038216.0,,,,,,,,,,
laliga-2023-2024-03-02-getafe-v-las-palmas,2024-03-02,2023,laliga,Getafe,Las Palmas,3,3,finished,api_football,1038214.0,,,,,,,,,,
laliga-2023-2024-03-02-valencia-v-real-madrid,2024-03-02,2023,laliga,Valencia,Real Madrid,2,2,finished,api_football,1038218.0,,,,,,,,,,
laliga-2023-2024-03-03-villarreal-v-granada,2024-03-03,2023,laliga,Villarreal,Granada,5,1,finished,api_football,1038220.0,,,,,,,,,,
laliga-2023-2024-03-03-ath-madrid-v-betis,2024-03-03,2023,laliga,Ath Madrid,Betis,2,1,finished,api_football,1038213.0,,,,,,,,,,
laliga-2023-2024-03-03-mallorca-v-girona,2024-03-03,2023,laliga,Mallorca,Girona,1,0,finished,api_football,1038217.0,,,,,,,,,,
laliga-2023-2024-03-03-ath-bilbao-v-barcelona,2024-03-03,2023,laliga,Ath Bilbao,Barcelona,0,0,finished,api_football,1038212.0,,,,,,,,,,
laliga-2023-2024-03-04-osasuna-v-alaves,2024-03-04,2023,laliga,Osasuna,Alaves,1,0,finished,api_football,1038221.0,,,,,,,,,,
laliga-2023-2024-03-08-barcelona-v-mallorca,2024-03-08,2023,laliga,Barcelona,Mallorca,1,0,finished,api_football,1038223.0,,,,,,,,,,
laliga-2023-2024-03-09-granada-v-real-sociedad,2024-03-09,2023,laliga,Granada,Real Sociedad,2,3,finished,api_football,1038226.0,,,,,,,,,,
laliga-2023-2024-03-09-cadiz-v-ath-madrid,2024-03-09,2023,laliga,Cadiz,Ath Madrid,2,0,finished,api_football,1038229.0,,,,,,,,,,
laliga-2023-2024-03-09-girona-v-osasuna,2024-03-09,2023,laliga,Girona,Osasuna,2,0,finished,api_football,1038225.0,,,,,,,,,,
laliga-2023-2024-03-09-valencia-v-getafe,2024-03-09,2023,laliga,Valencia,Getafe,1,0,finished,api_football,1038231.0,,,,,,,,,,
laliga-2023-2024-03-10-betis-v-villarreal,2024-03-10,2023,laliga,Betis,Villarreal,2,3,finished,api_football,1038224.0,,,,,,,,,,
laliga-2023-2024-03-10-alaves-v-rayo-vallecano,2024-03-10,2023,laliga,Alaves,Rayo Vallecano,1,0,finished,api_football,1038227.0,,,,,,,,,,
laliga-2023-2024-03-10-las-palmas-v-ath-bilbao,2024-03-10,2023,laliga,Las Palmas,Ath Bilbao,0,2,finished,api_football,1038228.0,,,,,,,,,,
laliga-2023-2024-03-10-real-madrid-v-celta,2024-03-10,2023,laliga,Real Madrid,Celta,4,0,finished,api_football,1038230.0,,,,,,,,,,
laliga-2023-2024-03-11-almeria-v-sevilla,2024-03-11,2023,laliga,Almeria,Sevilla,2,2,finished,api_football,1038222.0,,,,,,,,,,
laliga-2023-2024-03-15-real-sociedad-v-cadiz,2024-03-15,2023,laliga,Real Sociedad,Cadiz,2,0,finished,api_football,1038237.0,,,,,,,,,,
laliga-2023-2024-03-16-mallorca-v-granada,2024-03-16,2023,laliga,Mallorca,Granada,1,0,finished,api_football,1038240.0,,,,,,,,,,
laliga-2023-2024-03-16-getafe-v-girona,2024-03-16,2023,laliga,Getafe,Girona,1,0,finished,api_football,1038233.0,,,,,,,,,,
laliga-2023-2024-03-16-ath-bilbao-v-alaves,2024-03-16,2023,laliga,Ath Bilbao,Alaves,2,0,finished,api_football,1038241.0,,,,,,,,,,
laliga-2023-2024-03-16-osasuna-v-real-madrid,2024-03-16,2023,laliga,Osasuna,Real Madrid,2,4,finished,api_football,1038234.0,,,,,,,,,,
laliga-2023-2024-03-17-sevilla-v-celta,2024-03-17,2023,laliga,Sevilla,Celta,1,2,finished,api_football,1038238.0,,,,,,,,,,
laliga-2023-2024-03-17-villarreal-v-valencia,2024-03-17,2023,laliga,Villarreal,Valencia,1,0,finished,api_football,1038239.0,,,,,,,,,,
laliga-2023-2024-03-17-las-palmas-v-almeria,2024-03-17,2023,laliga,Las Palmas,Almeria,0,1,finished,api_football,1038235.0,,,,,,,,,,
laliga-2023-2024-03-17-rayo-vallecano-v-betis,2024-03-17,2023,laliga,Rayo Vallecano,Betis,2,0,finished,api_football,1038236.0,,,,,,,,,,
laliga-2023-2024-03-17-ath-madrid-v-barcelona,2024-03-17,2023,laliga,Ath Madrid,Barcelona,0,3,finished,api_football,1038232.0,,,,,,,,,,
laliga-2023-2024-03-29-cadiz-v-granada,2024-03-29,2023,laliga,Cadiz,Granada,1,0,finished,api_football,1038244.0,,,,,,,,,,
laliga-2023-2024-03-30-almeria-v-osasuna,2024-03-30,2023,laliga,Almeria,Osasuna,0,3,finished,api_football,1038242.0,,,,,,,,,,
laliga-2023-2024-03-30-barcelona-v-las-palmas,2024-03-30,2023,laliga,Barcelona,Las Palmas,1,0,finished,api_football,1038243.0,,,,,,,,,,
laliga-2023-2024-03-30-getafe-v-sevilla,2024-03-30,2023,laliga,Getafe,Sevilla,0,1,finished,api_football,1038246.0,,,,,,,,,,
laliga-2023-2024-03-30-valencia-v-mallorca,2024-03-30,2023,laliga,Valencia,Mallorca,0,0,finished,api_football,1038251.0,,,,,,,,,,
laliga-2023-2024-03-31-alaves-v-real-sociedad,2024-03-31,2023,laliga,Alaves,Real Sociedad,0,1,finished,api_football,1038247.0,,,,,,,,,,
laliga-2023-2024-03-31-celta-v-rayo-vallecano,2024-03-31,2023,laliga,Celta,Rayo Vallecano,0,0,finished,api_football,1038245.0,,,,,,,,,,
laliga-2023-2024-03-31-girona-v-betis,2024-03-31,2023,laliga,Girona,Betis,3,2,finished,api_football,1038250.0,,,,,,,,,,
laliga-2023-2024-03-31-real-madrid-v-ath-bilbao,2024-03-31,2023,laliga,Real Madrid,Ath Bilbao,2,0,finished,api_football,1038248.0,,,,,,,,,,
laliga-2023-2024-04-01-villarreal-v-ath-madrid,2024-04-01,2023,laliga,Villarreal,Ath Madrid,1,2,finished,api_football,1038249.0,,,,,,,,,,
laliga-2023-2024-04-04-granada-v-valencia,2024-04-04,2023,laliga,Granada,Valencia,0,1,finished,api_football,1038208.0,,,,,,,,,,
laliga-2023-2024-04-12-betis-v-celta,2024-04-12,2023,laliga,Betis,Celta,2,1,finished,api_football,1038254.0,,,,,,,,,,
laliga-2023-2024-04-13-mallorca-v-real-madrid,2024-04-13,2023,laliga,Mallorca,Real Madrid,0,1,finished,api_football,1038255.0,,,,,,,,,,
laliga-2023-2024-04-13-cadiz-v-barcelona,2024-04-13,2023,laliga,Cadiz,Barcelona,0,1,finished,api_football,1038259.0,,,,,,,,,,
laliga-2023-2024-04-13-rayo-vallecano-v-getafe,2024-04-13,2023,laliga,Rayo Vallecano,Getafe,0,0,finished,api_football,1038260.0,,,,,,,,,,
laliga-2023-2024-04-13-ath-madrid-v-girona,2024-04-13,2023,laliga,Ath Madrid,Girona,3,1,finished,api_football,1038253.0,,,,,,,,,,
laliga-2023-2024-04-14-las-palmas-v-sevilla,2024-04-14,2023,laliga,Las Palmas,Sevilla,0,2,finished,api_football,1038257.0,,,,,,,,,,
laliga-2023-2024-04-14-granada-v-alaves,2024-04-14,2023,laliga,Granada,Alaves,2,0,finished,api_football,1038261.0,,,,,,,,,,
laliga-2023-2024-04-14-ath-bilbao-v-villarreal,2024-04-14,2023,laliga,Ath Bilbao,Villarreal,1,1,finished,api_football,1038252.0,,,,,,,,,,
laliga-2023-2024-04-14-real-sociedad-v-almeria,2024-04-14,2023,laliga,Real Sociedad,Almeria,2,2,finished,api_football,1038258.0,,,,,,,,,,
laliga-2023-2024-04-15-osasuna-v-valencia,2024-04-15,2023,laliga,Osasuna,Valencia,0,1,finished,api_football,1038256.0,,,,,,,,,,
laliga-2023-2024-04-19-ath-bilbao-v-granada,2024-04-19,2023,laliga,Ath Bilbao,Granada,1,1,finished,api_football,1038263.0,,,,,,,,,,
laliga-2023-2024-04-20-valencia-v-betis,2024-04-20,2023,laliga,Valencia,Betis,1,2,finished,api_football,1038268.0,,,,,,,,,,
laliga-2023-2024-04-20-girona-v-cadiz,2024-04-20,2023,laliga,Girona,Cadiz,4,1,finished,api_football,1038269.0,,,,,,,,,,
laliga-2023-2024-04-20-rayo-vallecano-v-osasuna,2024-04-20,2023,laliga,Rayo Vallecano,Osasuna,2,1,finished,api_football,1038271.0,,,,,,,,,,
laliga-2023-2024-04-20-celta-v-las-palmas,2024-04-20,2023,laliga,Celta,Las Palmas,4,1,finished,api_football,1038264.0,,,,,,,,,,
laliga-2023-2024-04-21-alaves-v-ath-madrid,2024-04-21,2023,laliga,Alaves,Ath Madrid,2,0,finished,api_football,1038266.0,,,,,,,,,,
laliga-2023-2024-04-21-real-madrid-v-barcelona,2024-04-21,2023,laliga,Real Madrid,Barcelona,3,2,finished,api_football,1038267.0,,,,,,,,,,
laliga-2023-2024-04-21-getafe-v-real-sociedad,2024-04-21,2023,laliga,Getafe,Real Sociedad,1,1,finished,api_football,1038265.0,,,,,,,,,,
laliga-2023-2024-04-21-almeria-v-villarreal,2024-04-21,2023,laliga,Almeria,Villarreal,1,2,finished,api_football,1038262.0,,,,,,,,,,
laliga-2023-2024-04-22-sevilla-v-mallorca,2024-04-22,2023,laliga,Sevilla,Mallorca,2,1,finished,api_football,1038270.0,,,,,,,,,,
laliga-2023-2024-04-26-real-sociedad-v-real-madrid,2024-04-26,2023,laliga,Real Sociedad,Real Madrid,0,1,finished,api_football,1038281.0,,,,,,,,,,
laliga-2023-2024-04-27-ath-madrid-v-ath-bilbao,2024-04-27,2023,laliga,Ath Madrid,Ath Bilbao,3,1,finished,api_football,1038278.0,,,,,,,,,,
laliga-2023-2024-04-27-alaves-v-celta,2024-04-27,2023,laliga,Alaves,Celta,3,0,finished,api_football,1038277.0,,,,,,,,,,
laliga-2023-2024-04-27-las-palmas-v-girona,2024-04-27,2023,laliga,Las Palmas,Girona,0,2,finished,api_football,1038279.0,,,,,,,,,,
laliga-2023-2024-04-27-almeria-v-getafe,2024-04-27,2023,laliga,Almeria,Getafe,1,3,finished,api_football,1038272.0,,,,,,,,,,
laliga-2023-2024-04-28-betis-v-sevilla,2024-04-28,2023,laliga,Betis,Sevilla,1,1,finished,api_football,1038274.0,,,,,,,,,,
laliga-2023-2024-04-28-villarreal-v-rayo-vallecano,2024-04-28,2023,laliga,Villarreal,Rayo Vallecano,3,0,finished,api_football,1038280.0,,,,,,,,,,
laliga-2023-2024-04-28-granada-v-osasuna,2024-04-28,2023,laliga,Granada,Osasuna,3,0,finished,api_football,1038276.0,,,,,,,,,,
laliga-2023-2024-04-28-cadiz-v-mallorca,2024-04-28,2023,laliga,Cadiz,Mallorca,1,1,finished,api_football,1038275.0,,,,,,,,,,
laliga-2023-2024-04-29-barcelona-v-valencia,2024-04-29,2023,laliga,Barcelona,Valencia,4,2,finished,api_football,1038273.0,,,,,,,,,,
laliga-2023-2024-05-03-getafe-v-ath-bilbao,2024-05-03,2023,laliga,Getafe,Ath Bilbao,0,2,finished,api_football,1038284.0,,,,,,,,,,
laliga-2023-2024-05-04-mallorca-v-ath-madrid,2024-05-04,2023,laliga,Mallorca,Ath Madrid,0,1,finished,api_football,1038285.0,,,,,,,,,,
laliga-2023-2024-05-04-girona-v-barcelona,2024-05-04,2023,laliga,Girona,Barcelona,4,2,finished,api_football,1038286.0,,,,,,,,,,
laliga-2023-2024-05-04-real-madrid-v-cadiz,2024-05-04,2023,laliga,Real Madrid,Cadiz,3,0,finished,api_football,1038288.0,,,,,,,,,,
laliga-2023-2024-05-04-real-sociedad-v-las-palmas,2024-05-04,2023,laliga,Real Sociedad,Las Palmas,2,0,finished,api_football,1038290.0,,,,,,,,,,
laliga-2023-2024-05-05-sevilla-v-granada,2024-05-05,2023,laliga,Sevilla,Granada,3,0,finished,api_football,1038289.0,,,,,,,,,,
laliga-2023-2024-05-05-valencia-v-alaves,2024-05-05,2023,laliga,Valencia,Alaves,0,1,finished,api_football,1038291.0,,,,,,,,,,
laliga-2023-2024-05-05-rayo-vallecano-v-almeria,2024-05-05,2023,laliga,Rayo Vallecano,Almeria,0,1,finished,api_football,1038283.0,,,,,,,,,,
laliga-2023-2024-05-05-osasuna-v-betis,2024-05-05,2023,laliga,Osasuna,Betis,0,2,finished,api_football,1038287.0,,,,,,,,,,
laliga-2023-2024-05-05-celta-v-villarreal,2024-05-05,2023,laliga,Celta,Villarreal,3,2,finished,api_football,1038282.0,,,,,,,,,,
laliga-2023-2024-05-10-alaves-v-girona,2024-05-10,2023,laliga,Alaves,Girona,2,2,finished,api_football,1038297.0,,,,,,,,,,
laliga-2023-2024-05-11-granada-v-real-madrid,2024-05-11,2023,laliga,Granada,Real Madrid,0,4,finished,api_football,1038296.0,,,,,,,,,,
laliga-2023-2024-05-11-ath-bilbao-v-osasuna,2024-05-11,2023,laliga,Ath Bilbao,Osasuna,2,2,finished,api_football,1038292.0,,,,,,,,,,
laliga-2023-2024-05-11-mallorca-v-las-palmas,2024-05-11,2023,laliga,Mallorca,Las Palmas,1,0,finished,api_football,1038301.0,,,,,,,,,,
laliga-2023-2024-05-11-villarreal-v-sevilla,2024-05-11,2023,laliga,Villarreal,Sevilla,3,2,finished,api_football,1038300.0,,,,,,,,,,
laliga-2023-2024-05-12-ath-madrid-v-celta,2024-05-12,2023,laliga,Ath Madrid,Celta,1,0,finished,api_football,1038293.0,,,,,,,,,,
laliga-2023-2024-05-12-betis-v-almeria,2024-05-12,2023,laliga,Betis,Almeria,3,2,finished,api_football,1038298.0,,,,,,,,,,
laliga-2023-2024-05-12-cadiz-v-getafe,2024-05-12,2023,laliga,Cadiz,Getafe,1,0,finished,api_football,1038295.0,,,,,,,,,,
laliga-2023-2024-05-12-valencia-v-rayo-vallecano,2024-05-12,2023,laliga,Valencia,Rayo Vallecano,0,0,finished,api_football,1038299.0,,,,,,,,,,
laliga-2023-2024-05-13-barcelona-v-real-sociedad,2024-05-13,2023,laliga,Barcelona,Real Sociedad,2,0,finished,api_football,1038294.0,,,,,,,,,,
laliga-2023-2024-05-14-osasuna-v-mallorca,2024-05-14,2023,laliga,Osasuna,Mallorca,1,1,finished,api_football,1038309.0,,,,,,,,,,
laliga-2023-2024-05-14-real-madrid-v-alaves,2024-05-14,2023,laliga,Real Madrid,Alaves,5,0,finished,api_football,1038311.0,,,,,,,,,,
laliga-2023-2024-05-14-girona-v-villarreal,2024-05-14,2023,laliga,Girona,Villarreal,0,1,finished,api_football,1038303.0,,,,,,,,,,
laliga-2023-2024-05-15-celta-v-ath-bilbao,2024-05-15,2023,laliga,Celta,Ath Bilbao,2,1,finished,api_football,1038305.0,,,,,,,,,,
laliga-2023-2024-05-15-rayo-vallecano-v-granada,2024-05-15,2023,laliga,Rayo Vallecano,Granada,2,1,finished,api_football,1038310.0,,,,,,,,,,
laliga-2023-2024-05-15-getafe-v-ath-madrid,2024-05-15,2023,laliga,Getafe,Ath Madrid,0,3,finished,api_football,1038306.0,,,,,,,,,,
laliga-2023-2024-05-15-sevilla-v-cadiz,2024-05-15,2023,laliga,Sevilla,Cadiz,0,1,finished,api_football,1038308.0,,,,,,,,,,
laliga-2023-2024-05-16-real-sociedad-v-valencia,2024-05-16,2023,laliga,Real Sociedad,Valencia,1,0,finished,api_football,1038304.0,,,,,,,,,,
laliga-2023-2024-05-16-las-palmas-v-betis,2024-05-16,2023,laliga,Las Palmas,Betis,2,2,finished,api_football,1038307.0,,,,,,,,,,
laliga-2023-2024-05-16-almeria-v-barcelona,2024-05-16,2023,laliga,Almeria,Barcelona,0,2,finished,api_football,1038302.0,,,,,,,,,,
laliga-2023-2024-05-18-alaves-v-getafe,2024-05-18,2023,laliga,Alaves,Getafe,1,0,finished,api_football,1038317.0,,,,,,,,,,
laliga-2023-2024-05-19-ath-madrid-v-osasuna,2024-05-19,2023,laliga,Ath Madrid,Osasuna,1,4,finished,api_football,1038313.0,,,,,,,,,,
laliga-2023-2024-05-19-valencia-v-girona,2024-05-19,2023,laliga,Valencia,Girona,1,3,finished,api_football,1038320.0,,,,,,,,,,
laliga-2023-2024-05-19-barcelona-v-rayo-vallecano,2024-05-19,2023,laliga,Barcelona,Rayo Vallecano,3,0,finished,api_football,1038314.0,,,,,,,,,,
laliga-2023-2024-05-19-ath-bilbao-v-sevilla,2024-05-19,2023,laliga,Ath Bilbao,Sevilla,2,0,finished,api_football,1038312.0,,,,,,,,,,
laliga-2023-2024-05-19-villarreal-v-real-madrid,2024-05-19,2023,laliga,Villarreal,Real Madrid,4,4,finished,api_football,1038321.0,,,,,,,,,,
laliga-2023-2024-05-19-granada-v-celta,2024-05-19,2023,laliga,Granada,Celta,1,2,finished,api_football,1038319.0,,,,,,,,,,
laliga-2023-2024-05-19-betis-v-real-sociedad,2024-05-19,2023,laliga,Betis,Real Sociedad,0,2,finished,api_football,1038315.0,,,,,,,,,,
laliga-2023-2024-05-19-mallorca-v-almeria,2024-05-19,2023,laliga,Mallorca,Almeria,2,2,finished,api_football,1038318.0,,,,,,,,,,
laliga-2023-2024-05-19-cadiz-v-las-palmas,2024-05-19,2023,laliga,Cadiz,Las Palmas,0,0,finished,api_football,1038316.0,,,,,,,,,,
laliga-2023-2024-05-24-girona-v-granada,2024-05-24,2023,laliga,Girona,Granada,7,0,finished,api_football,1038325.0,,,,,,,,,,
laliga-2023-2024-05-25-almeria-v-cadiz,2024-05-25,2023,laliga,Almeria,Cadiz,6,1,finished,api_football,1038322.0,,,,,,,,,,
laliga-2023-2024-05-25-real-sociedad-v-ath-madrid,2024-05-25,2023,laliga,Real Sociedad,Ath Madrid,0,2,finished,api_football,1038328.0,,,,,,,,,,
laliga-2023-2024-05-25-real-madrid-v-betis,2024-05-25,2023,laliga,Real Madrid,Betis,0,0,finished,api_football,1038330.0,,,,,,,,,,
laliga-2023-2024-05-25-rayo-vallecano-v-ath-bilbao,2024-05-25,2023,laliga,Rayo Vallecano,Ath Bilbao,0,1,finished,api_football,1038327.0,,,,,,,,,,
laliga-2023-2024-05-25-osasuna-v-villarreal,2024-05-25,2023,laliga,Osasuna,Villarreal,1,1,finished,api_football,1038326.0,,,,,,,,,,
laliga-2023-2024-05-26-sevilla-v-barcelona,2024-05-26,2023,laliga,Sevilla,Barcelona,1,2,finished,api_football,1038329.0,,,,,,,,,,
laliga-2023-2024-05-26-celta-v-valencia,2024-05-26,2023,laliga,Celta,Valencia,2,2,finished,api_football,1038323.0,,,,,,,,,,
laliga-2023-2024-05-26-getafe-v-mallorca,2024-05-26,2023,laliga,Getafe,Mallorca,1,2,finished,api_football,1038324.0,,,,,,,,,,
laliga-2023-2024-05-26-las-palmas-v-alaves,2024-05-26,2023,laliga,Las Palmas,Alaves,1,1,finished,api_football,1038331.0,,,,,,,,,,
laliga-2024-2024-08-15-ath-bilbao-v-getafe,2024-08-15,2024,laliga,Ath Bilbao,Getafe,1,1,finished,api_football,1208494.0,,,,,,,,,,
laliga-2024-2024-08-15-betis-v-girona,2024-08-15,2024,laliga,Betis,Girona,1,1,finished,api_football,1208495.0,,,,,,,,,,
laliga-2024-2024-08-16-las-palmas-v-sevilla,2024-08-16,2024,laliga,Las Palmas,Sevilla,2,2,finished,api_football,1208497.0,,,,,,,,,,
laliga-2024-2024-08-16-celta-v-alaves,2024-08-16,2024,laliga,Celta,Alaves,2,1,finished,api_football,1208501.0,,,,,,,,,,
laliga-2024-2024-08-17-valencia-v-barcelona,2024-08-17,2024,laliga,Valencia,Barcelona,1,2,finished,api_football,1208499.0,,,,,,,,,,
laliga-2024-2024-08-17-osasuna-v-leganes,2024-08-17,2024,laliga,Osasuna,Leganes,1,1,finished,api_football,1208502.0,,,,,,,,,,
laliga-2024-2024-08-18-real-sociedad-v-rayo-vallecano,2024-08-18,2024,laliga,Real Sociedad,Rayo Vallecano,1,2,finished,api_football,1208500.0,,,,,,,,,,
laliga-2024-2024-08-18-mallorca-v-real-madrid,2024-08-18,2024,laliga,Mallorca,Real Madrid,1,1,finished,api_football,1208496.0,,,,,,,,,,
laliga-2024-2024-08-19-villarreal-v-ath-madrid,2024-08-19,2024,laliga,Villarreal,Ath Madrid,2,2,finished,api_football,1208498.0,,,,,,,,,,
laliga-2024-2024-08-19-valladolid-v-espanyol,2024-08-19,2024,laliga,Valladolid,Espanyol,1,0,finished,api_football,1212910.0,,,,,,,,,,
laliga-2024-2024-08-23-celta-v-valencia,2024-08-23,2024,laliga,Celta,Valencia,3,1,finished,api_football,1208504.0,,,,,,,,,,
laliga-2024-2024-08-23-sevilla-v-villarreal,2024-08-23,2024,laliga,Sevilla,Villarreal,1,2,finished,api_football,1208507.0,,,,,,,,,,
laliga-2024-2024-08-24-getafe-v-rayo-vallecano,2024-08-24,2024,laliga,Getafe,Rayo Vallecano,0,0,finished,api_football,1208505.0,,,,,,,,,,
laliga-2024-2024-08-24-espanyol-v-real-sociedad,2024-08-24,2024,laliga,Espanyol,Real Sociedad,0,1,finished,api_football,1212911.0,,,,,,,,,,
laliga-2024-2024-08-24-osasuna-v-mallorca,2024-08-24,2024,laliga,Osasuna,Mallorca,1,0,finished,api_football,1208511.0,,,,,,,,,,
laliga-2024-2024-08-24-barcelona-v-ath-bilbao,2024-08-24,2024,laliga,Barcelona,Ath Bilbao,2,1,finished,api_football,1208510.0,,,,,,,,,,
laliga-2024-2024-08-25-ath-madrid-v-girona,2024-08-25,2024,laliga,Ath Madrid,Girona,3,0,finished,api_football,1208503.0,,,,,,,,,,
laliga-2024-2024-08-25-leganes-v-las-palmas,2024-08-25,2024,laliga,Leganes,Las Palmas,2,1,finished,api_football,1208509.0,,,,,,,,,,
laliga-2024-2024-08-25-real-madrid-v-valladolid,2024-08-25,2024,laliga,Real Madrid,Valladolid,3,0,finished,api_football,1208506.0,,,,,,,,,,
laliga-2024-2024-08-25-alaves-v-betis,2024-08-25,2024,laliga,Alaves,Betis,0,0,finished,api_football,1208508.0,,,,,,,,,,
laliga-2024-2024-08-26-villarreal-v-celta,2024-08-26,2024,laliga,Villarreal,Celta,4,3,finished,api_football,1208518.0,,,,,,,,,,
laliga-2024-2024-08-27-mallorca-v-sevilla,2024-08-27,2024,laliga,Mallorca,Sevilla,0,0,finished,api_football,1208515.0,,,,,,,,,,
laliga-2024-2024-08-27-rayo-vallecano-v-barcelona,2024-08-27,2024,laliga,Rayo Vallecano,Barcelona,1,2,finished,api_football,1208517.0,,,,,,,,,,
laliga-2024-2024-08-28-real-sociedad-v-alaves,2024-08-28,2024,laliga,Real Sociedad,Alaves,1,2,finished,api_football,1208519.0,,,,,,,,,,
laliga-2024-2024-08-28-ath-madrid-v-espanyol,2024-08-28,2024,laliga,Ath Madrid,Espanyol,0,0,finished,api_football,1212912.0,,,,,,,,,,
laliga-2024-2024-08-28-ath-bilbao-v-valencia,2024-08-28,2024,laliga,Ath Bilbao,Valencia,1,0,finished,api_football,1208512.0,,,,,,,,,,
laliga-2024-2024-08-28-valladolid-v-leganes,2024-08-28,2024,laliga,Valladolid,Leganes,0,0,finished,api_football,1208520.0,,,,,,,,,,
laliga-2024-2024-08-29-girona-v-osasuna,2024-08-29,2024,laliga,Girona,Osasuna,4,0,finished,api_football,1208514.0,,,,,,,,,,
laliga-2024-2024-08-29-las-palmas-v-real-madrid,2024-08-29,2024,laliga,Las Palmas,Real Madrid,1,1,finished,api_football,1208516.0,,,,,,,,,,
laliga-2024-2024-08-31-valencia-v-villarreal,2024-08-31,2024,laliga,Valencia,Villarreal,1,1,finished,api_football,1208524.0,,,,,,,,,,
laliga-2024-2024-08-31-barcelona-v-valladolid,2024-08-31,2024,laliga,Barcelona,Valladolid,7,0,finished,api_football,1208522.0,,,,,,,,,,
laliga-2024-2024-08-31-ath-bilbao-v-ath-madrid,2024-08-31,2024,laliga,Ath Bilbao,Ath Madrid,0,1,finished,api_football,1208521.0,,,,,,,,,,
laliga-2024-2024-08-31-espanyol-v-rayo-vallecano,2024-08-31,2024,laliga,Espanyol,Rayo Vallecano,2,1,finished,api_football,1212913.0,,,,,,,,,,
laliga-2024-2024-08-31-leganes-v-mallorca,2024-08-31,2024,laliga,Leganes,Mallorca,0,1,finished,api_football,1208526.0,,,,,,,,,,
laliga-2024-2024-09-01-sevilla-v-girona,2024-09-01,2024,laliga,Sevilla,Girona,0,2,finished,api_football,1208529.0,,,,,,,,,,
laliga-2024-2024-09-01-alaves-v-las-palmas,2024-09-01,2024,laliga,Alaves,Las Palmas,2,0,finished,api_football,1208525.0,,,,,,,,,,
laliga-2024-2024-09-01-real-madrid-v-betis,2024-09-01,2024,laliga,Real Madrid,Betis,2,0,finished,api_football,1208527.0,,,,,,,,,,
laliga-2024-2024-09-01-osasuna-v-celta,2024-09-01,2024,laliga,Osasuna,Celta,3,2,finished,api_football,1208528.0,,,,,,,,,,
laliga-2024-2024-09-01-getafe-v-real-sociedad,2024-09-01,2024,laliga,Getafe,Real Sociedad,0,0,finished,api_football,1208523.0,,,,,,,,,,
laliga-2024-2024-09-13-betis-v-leganes,2024-09-13,2024,laliga,Betis,Leganes,2,0,finished,api_football,1208531.0,,,,,,,,,,
laliga-2024-2024-09-14-mallorca-v-villarreal,2024-09-14,2024,laliga,Mallorca,Villarreal,1,2,finished,api_football,1208533.0,,,,,,,,,,
laliga-2024-2024-09-14-espanyol-v-alaves,2024-09-14,2024,laliga,Espanyol,Alaves,3,2,finished,api_football,1212914.0,,,,,,,,,,
laliga-2024-2024-09-14-sevilla-v-getafe,2024-09-14,2024,laliga,Sevilla,Getafe,1,0,finished,api_football,1208536.0,,,,,,,,,,
laliga-2024-2024-09-14-real-sociedad-v-real-madrid,2024-09-14,2024,laliga,Real Sociedad,Real Madrid,0,2,finished,api_football,1208538.0,,,,,,,,,,
laliga-2024-2024-09-15-girona-v-barcelona,2024-09-15,2024,laliga,Girona,Barcelona,1,4,finished,api_football,1208535.0,,,,,,,,,,
laliga-2024-2024-09-15-celta-v-valladolid,2024-09-15,2024,laliga,Celta,Valladolid,3,1,finished,api_football,1208532.0,,,,,,,,,,
laliga-2024-2024-09-15-ath-madrid-v-valencia,2024-09-15,2024,laliga,Ath Madrid,Valencia,3,0,finished,api_football,1208530.0,,,,,,,,,,
laliga-2024-2024-09-15-las-palmas-v-ath-bilbao,2024-09-15,2024,laliga,Las Palmas,Ath Bilbao,2,3,finished,api_football,1208534.0,,,,,,,,,,
laliga-2024-2024-09-16-rayo-vallecano-v-osasuna,2024-09-16,2024,laliga,Rayo Vallecano,Osasuna,3,1,finished,api_football,1208537.0,,,,,,,,,,
laliga-2024-2024-09-17-mallorca-v-real-sociedad,2024-09-17,2024,laliga,Mallorca,Real Sociedad,1,0,finished,api_football,1208550.0,,,,,,,,,,
laliga-2024-2024-09-18-betis-v-getafe,2024-09-18,2024,laliga,Betis,Getafe,2,1,finished,api_football,1208513.0,,,,,,,,,,
laliga-2024-2024-09-19-leganes-v-ath-bilbao,2024-09-19,2024,laliga,Leganes,Ath Bilbao,0,2,finished,api_football,1208552.0,,,,,,,,,,
laliga-2024-2024-09-20-alaves-v-sevilla,2024-09-20,2024,laliga,Alaves,Sevilla,2,1,finished,api_football,1208542.0,,,,,,,,,,
laliga-2024-2024-09-21-valencia-v-girona,2024-09-21,2024,laliga,Valencia,Girona,2,0,finished,api_football,1208545.0,,,,,,,,,,
laliga-2024-2024-09-21-real-madrid-v-espanyol,2024-09-21,2024,laliga,Real Madrid,Espanyol,4,1,finished,api_football,1212915.0,,,,,,,,,,
laliga-2024-2024-09-21-osasuna-v-las-palmas,2024-09-21,2024,laliga,Osasuna,Las Palmas,2,1,finished,api_football,1208547.0,,,,,,,,,,
laliga-2024-2024-09-21-valladolid-v-real-sociedad,2024-09-21,2024,laliga,Valladolid,Real Sociedad,0,0,finished,api_football,1208546.0,,,,,,,,,,
laliga-2024-2024-09-22-getafe-v-leganes,2024-09-22,2024,laliga,Getafe,Leganes,1,1,finished,api_football,1208541.0,,,,,,,,,,
laliga-2024-2024-09-22-ath-bilbao-v-celta,2024-09-22,2024,laliga,Ath Bilbao,Celta,3,1,finished,api_football,1208539.0,,,,,,,,,,
laliga-2024-2024-09-22-villarreal-v-barcelona,2024-09-22,2024,laliga,Villarreal,Barcelona,1,5,finished,api_football,1208544.0,,,,,,,,,,
laliga-2024-2024-09-22-rayo-vallecano-v-ath-madrid,2024-09-22,2024,laliga,Rayo Vallecano,Ath Madrid,1,1,finished,api_football,1208543.0,,,,,,,,,,
laliga-2024-2024-09-23-betis-v-mallorca,2024-09-23,2024,laliga,Betis,Mallorca,1,2,finished,api_football,1208540.0,,,,,,,,,,
laliga-2024-2024-09-24-real-madrid-v-alaves,2024-09-24,2024,laliga,Real Madrid,Alaves,3,2,finished,api_football,1208556.0,,,,,,,,,,
laliga-2024-2024-09-24-sevilla-v-valladolid,2024-09-24,2024,laliga,Sevilla,Valladolid,2,1,finished,api_football,1208551.0,,,,,,,,,,
laliga-2024-2024-09-24-valencia-v-osasuna,2024-09-24,2024,laliga,Valencia,Osasuna,0,0,finished,api_football,1208555.0,,,,,,,,,,
laliga-2024-2024-09-25-barcelona-v-getafe,2024-09-25,2024,laliga,Barcelona,Getafe,1,0,finished,api_football,1208548.0,,,,,,,,,,
laliga-2024-2024-09-25-girona-v-rayo-vallecano,2024-09-25,2024,laliga,Girona,Rayo Vallecano,0,0,finished,api_football,1208549.0,,,,,,,,,,
laliga-2024-2024-09-26-espanyol-v-villarreal,2024-09-26,2024,laliga,Espanyol,Villarreal,1,2,finished,api_football,1212916.0,,,,,,,,,,
laliga-2024-2024-09-26-celta-v-ath-madrid,2024-09-26,2024,laliga,Celta,Ath Madrid,0,1,finished,api_football,1208553.0,,,,,,,,,,
laliga-2024-2024-09-26-las-palmas-v-betis,2024-09-26,2024,laliga,Las Palmas,Betis,1,1,finished,api_football,1208554.0,,,,,,,,,,
laliga-2024-2024-09-27-valladolid-v-mallorca,2024-09-27,2024,laliga,Valladolid,Mallorca,1,2,finished,api_football,1208562.0,,,,,,,,,,
laliga-2024-2024-09-28-rayo-vallecano-v-leganes,2024-09-28,2024,laliga,Rayo Vallecano,Leganes,1,1,finished,api_football,1208565.0,,,,,,,,,,
laliga-2024-2024-09-28-getafe-v-alaves,2024-09-28,2024,laliga,Getafe,Alaves,2,0,finished,api_football,1208564.0,,,,,,,,,,
laliga-2024-2024-09-28-osasuna-v-barcelona,2024-09-28,2024,laliga,Osasuna,Barcelona,4,2,finished,api_football,1208561.0,,,,,,,,,,
laliga-2024-2024-09-28-real-sociedad-v-valencia,2024-09-28,2024,laliga,Real Sociedad,Valencia,3,0,finished,api_football,1208560.0,,,,,,,,,,
laliga-2024-2024-09-29-celta-v-girona,2024-09-29,2024,laliga,Celta,Girona,1,1,finished,api_football,1208559.0,,,,,,,,,,
laliga-2024-2024-09-29-ath-bilbao-v-sevilla,2024-09-29,2024,laliga,Ath Bilbao,Sevilla,1,1,finished,api_football,1208557.0,,,,,,,,,,
laliga-2024-2024-09-29-betis-v-espanyol,2024-09-29,2024,laliga,Betis,Espanyol,1,0,finished,api_football,1212917.0,,,,,,,,,,
laliga-2024-2024-09-29-ath-madrid-v-real-madrid,2024-09-29,2024,laliga,Ath Madrid,Real Madrid,1,1,finished,api_football,1208558.0,,,,,,,,,,
laliga-2024-2024-09-30-villarreal-v-las-palmas,2024-09-30,2024,laliga,Villarreal,Las Palmas,3,1,finished,api_football,1208563.0,,,,,,,,,,
laliga-2024-2024-10-04-leganes-v-valencia,2024-10-04,2024,laliga,Leganes,Valencia,0,0,finished,api_football,1208569.0,,,,,,,,,,
laliga-2024-2024-10-05-espanyol-v-mallorca,2024-10-05,2024,laliga,Espanyol,Mallorca,2,1,finished,api_football,1212918.0,,,,,,,,,,
laliga-2024-2024-10-05-getafe-v-osasuna,2024-10-05,2024,laliga,Getafe,Osasuna,1,1,finished,api_football,1208566.0,,,,,,,,,,
laliga-2024-2024-10-05-valladolid-v-rayo-vallecano,2024-10-05,2024,laliga,Valladolid,Rayo Vallecano,1,2,finished,api_football,1208574.0,,,,,,,,,,
laliga-2024-2024-10-05-real-madrid-v-villarreal,2024-10-05,2024,laliga,Real Madrid,Villarreal,2,0,finished,api_football,1208567.0,,,,,,,,,,
laliga-2024-2024-10-05-las-palmas-v-celta,2024-10-05,2024,laliga,Las Palmas,Celta,0,1,finished,api_football,1208573.0,,,,,,,,,,
laliga-2024-2024-10-06-girona-v-ath-bilbao,2024-10-06,2024,laliga,Girona,Ath Bilbao,2,1,finished,api_football,1208570.0,,,,,,,,,,
laliga-2024-2024-10-06-alaves-v-barcelona,2024-10-06,2024,laliga,Alaves,Barcelona,0,3,finished,api_football,1208568.0,,,,,,,,,,
laliga-2024-2024-10-06-sevilla-v-betis,2024-10-06,2024,laliga,Sevilla,Betis,1,0,finished,api_football,1208572.0,,,,,,,,,,
laliga-2024-2024-10-06-real-sociedad-v-ath-madrid,2024-10-06,2024,laliga,Real Sociedad,Ath Madrid,1,1,finished,api_football,1208571.0,,,,,,,,,,
laliga-2024-2024-10-18-alaves-v-valladolid,2024-10-18,2024,laliga,Alaves,Valladolid,2,3,finished,api_football,1208580.0,,,,,,,,,,
laliga-2024-2024-10-19-girona-v-real-sociedad,2024-10-19,2024,laliga,Girona,Real Sociedad,0,1,finished,api_football,1208578.0,,,,,,,,,,
laliga-2024-2024-10-19-celta-v-real-madrid,2024-10-19,2024,laliga,Celta,Real Madrid,1,2,finished,api_football,1208577.0,,,,,,,,,,
laliga-2024-2024-10-19-ath-bilbao-v-espanyol,2024-10-19,2024,laliga,Ath Bilbao,Espanyol,4,1,finished,api_football,1212919.0,,,,,,,,,,
laliga-2024-2024-10-19-osasuna-v-betis,2024-10-19,2024,laliga,Osasuna,Betis,1,2,finished,api_football,1208581.0,,,,,,,,,,
laliga-2024-2024-10-20-mallorca-v-rayo-vallecano,2024-10-20,2024,laliga,Mallorca,Rayo Vallecano,1,0,finished,api_football,1208579.0,,,,,,,,,,
laliga-2024-2024-10-20-ath-madrid-v-leganes,2024-10-20,2024,laliga,Ath Madrid,Leganes,3,1,finished,api_football,1208575.0,,,,,,,,,,
laliga-2024-2024-10-20-villarreal-v-getafe,2024-10-20,2024,laliga,Villarreal,Getafe,1,1,finished,api_football,1208582.0,,,,,,,,,,
laliga-2024-2024-10-20-barcelona-v-sevilla,2024-10-20,2024,laliga,Barcelona,Sevilla,5,1,finished,api_football,1208576.0,,,,,,,,,,
laliga-2024-2024-10-21-valencia-v-las-palmas,2024-10-21,2024,laliga,Valencia,Las Palmas,2,3,finished,api_football,1208583.0,,,,,,,,,,
laliga-2024-2024-10-25-espanyol-v-sevilla,2024-10-25,2024,laliga,Espanyol,Sevilla,0,2,finished,api_football,1212920.0,,,,,,,,,,
laliga-2024-2024-10-26-real-madrid-v-barcelona,2024-10-26,2024,laliga,Real Madrid,Barcelona,0,4,finished,api_football,1208587.0,,,,,,,,,,
laliga-2024-2024-10-26-las-palmas-v-girona,2024-10-26,2024,laliga,Las Palmas,Girona,1,0,finished,api_football,1208589.0,,,,,,,,,,
laliga-2024-2024-10-26-rayo-vallecano-v-alaves,2024-10-26,2024,laliga,Rayo Vallecano,Alaves,1,0,finished,api_football,1208592.0,,,,,,,,,,
laliga-2024-2024-10-26-valladolid-v-villarreal,2024-10-26,2024,laliga,Valladolid,Villarreal,1,2,finished,api_football,1208591.0,,,,,,,,,,
laliga-2024-2024-10-27-real-sociedad-v-osasuna,2024-10-27,2024,laliga,Real Sociedad,Osasuna,0,2,finished,api_football,1208590.0,,,,,,,,,,
laliga-2024-2024-10-27-leganes-v-celta,2024-10-27,2024,laliga,Leganes,Celta,3,0,finished,api_football,1208588.0,,,,,,,,,,
laliga-2024-2024-10-27-getafe-v-valencia,2024-10-27,2024,laliga,Getafe,Valencia,1,1,finished,api_football,1208584.0,,,,,,,,,,
laliga-2024-2024-10-27-betis-v-ath-madrid,2024-10-27,2024,laliga,Betis,Ath Madrid,1,0,finished,api_football,1208586.0,,,,,,,,,,
laliga-2024-2024-10-28-mallorca-v-ath-bilbao,2024-10-28,2024,laliga,Mallorca,Ath Bilbao,0,0,finished,api_football,1208585.0,,,,,,,,,,
laliga-2024-2024-11-01-alaves-v-mallorca,2024-11-01,2024,laliga,Alaves,Mallorca,1,0,finished,api_football,1208598.0,,,,,,,,,,
laliga-2024-2024-11-02-osasuna-v-valladolid,2024-11-02,2024,laliga,Osasuna,Valladolid,1,0,finished,api_football,1208597.0,,,,,,,,,,
laliga-2024-2024-11-02-girona-v-leganes,2024-11-02,2024,laliga,Girona,Leganes,4,3,finished,api_football,1208596.0,,,,,,,,,,
laliga-2024-2024-11-03-ath-bilbao-v-betis,2024-11-03,2024,laliga,Ath Bilbao,Betis,1,1,finished,api_football,1208593.0,,,,,,,,,,
laliga-2024-2024-11-03-sevilla-v-real-sociedad,2024-11-03,2024,laliga,Sevilla,Real Sociedad,0,2,finished,api_football,1208601.0,,,,,,,,,,
laliga-2024-2024-11-03-ath-madrid-v-las-palmas,2024-11-03,2024,laliga,Ath Madrid,Las Palmas,2,0,finished,api_football,1208594.0,,,,,,,,,,
laliga-2024-2024-11-03-barcelona-v-espanyol,2024-11-03,2024,laliga,Barcelona,Espanyol,3,1,finished,api_football,1212921.0,,,,,,,,,,
laliga-2024-2024-11-04-celta-v-getafe,2024-11-04,2024,laliga,Celta,Getafe,1,0,finished,api_football,1208595.0,,,,,,,,,,
laliga-2024-2024-11-08-rayo-vallecano-v-las-palmas,2024-11-08,2024,laliga,Rayo Vallecano,Las Palmas,1,3,finished,api_football,1208609.0,,,,,,,,,,
laliga-2024-2024-11-09-leganes-v-sevilla,2024-11-09,2024,laliga,Leganes,Sevilla,1,0,finished,api_football,1208604.0,,,,,,,,,,
laliga-2024-2024-11-09-villarreal-v-alaves,2024-11-09,2024,laliga,Villarreal,Alaves,3,0,finished,api_football,1208610.0,,,,,,,,,,
laliga-2024-2024-11-09-real-madrid-v-osasuna,2024-11-09,2024,laliga,Real Madrid,Osasuna,4,0,finished,api_football,1208608.0,,,,,,,,,,
laliga-2024-2024-11-10-real-sociedad-v-barcelona,2024-11-10,2024,laliga,Real Sociedad,Barcelona,1,0,finished,api_football,1208607.0,,,,,,,,,,
laliga-2024-2024-11-10-valladolid-v-ath-bilbao,2024-11-10,2024,laliga,Valladolid,Ath Bilbao,1,1,finished,api_football,1208605.0,,,,,,,,,,
laliga-2024-2024-11-10-mallorca-v-ath-madrid,2024-11-10,2024,laliga,Mallorca,Ath Madrid,0,1,finished,api_football,1208606.0,,,,,,,,,,
laliga-2024-2024-11-10-betis-v-celta,2024-11-10,2024,laliga,Betis,Celta,2,2,finished,api_football,1208602.0,,,,,,,,,,
laliga-2024-2024-11-10-getafe-v-girona,2024-11-10,2024,laliga,Getafe,Girona,0,1,finished,api_football,1208603.0,,,,,,,,,,
laliga-2024-2024-11-22-getafe-v-valladolid,2024-11-22,2024,laliga,Getafe,Valladolid,2,0,finished,api_football,1208612.0,,,,,,,,,,
laliga-2024-2024-11-23-celta-v-barcelona,2024-11-23,2024,laliga,Celta,Barcelona,2,2,finished,api_football,1208616.0,,,,,,,,,,
laliga-2024-2024-11-23-girona-v-espanyol,2024-11-23,2024,laliga,Girona,Espanyol,4,1,finished,api_football,1212923.0,,,,,,,,,,
laliga-2024-2024-11-23-valencia-v-betis,2024-11-23,2024,laliga,Valencia,Betis,4,2,finished,api_football,1208617.0,,,,,,,,,,
laliga-2024-2024-11-23-ath-madrid-v-alaves,2024-11-23,2024,laliga,Ath Madrid,Alaves,2,1,finished,api_football,1208619.0,,,,,,,,,,
laliga-2024-2024-11-23-las-palmas-v-mallorca,2024-11-23,2024,laliga,Las Palmas,Mallorca,2,3,finished,api_football,1208614.0,,,,,,,,,,
laliga-2024-2024-11-24-sevilla-v-rayo-vallecano,2024-11-24,2024,laliga,Sevilla,Rayo Vallecano,1,0,finished,api_football,1208618.0,,,,,,,,,,
laliga-2024-2024-11-24-ath-bilbao-v-real-sociedad,2024-11-24,2024,laliga,Ath Bilbao,Real Sociedad,1,0,finished,api_football,1208611.0,,,,,,,,,,
laliga-2024-2024-11-24-osasuna-v-villarreal,2024-11-24,2024,laliga,Osasuna,Villarreal,2,2,finished,api_football,1208613.0,,,,,,,,,,
laliga-2024-2024-11-24-leganes-v-real-madrid,2024-11-24,2024,laliga,Leganes,Real Madrid,0,3,finished,api_football,1208615.0,,,,,,,,,,
laliga-2024-2024-11-29-mallorca-v-valencia,2024-11-29,2024,laliga,Mallorca,Valencia,2,1,finished,api_football,1208621.0,,,,,,,,,,
laliga-2024-2024-11-30-espanyol-v-celta,2024-11-30,2024,laliga,Espanyol,Celta,3,1,finished,api_football,1212924.0,,,,,,,,,,
laliga-2024-2024-11-30-barcelona-v-las-palmas,2024-11-30,2024,laliga,Barcelona,Las Palmas,1,2,finished,api_football,1208620.0,,,,,,,,,,
laliga-2024-2024-11-30-alaves-v-leganes,2024-11-30,2024,laliga,Alaves,Leganes,1,1,finished,api_football,1208622.0,,,,,,,,,,
laliga-2024-2024-11-30-valladolid-v-ath-madrid,2024-11-30,2024,laliga,Valladolid,Ath Madrid,0,5,finished,api_football,1208624.0,,,,,,,,,,
laliga-2024-2024-12-01-rayo-vallecano-v-ath-bilbao,2024-12-01,2024,laliga,Rayo Vallecano,Ath Bilbao,1,2,finished,api_football,1208623.0,,,,,,,,,,
laliga-2024-2024-12-01-real-madrid-v-getafe,2024-12-01,2024,laliga,Real Madrid,Getafe,2,0,finished,api_football,1208626.0,,,,,,,,,,
laliga-2024-2024-12-01-real-sociedad-v-betis,2024-12-01,2024,laliga,Real Sociedad,Betis,2,0,finished,api_football,1208625.0,,,,,,,,,,
laliga-2024-2024-12-01-villarreal-v-girona,2024-12-01,2024,laliga,Villarreal,Girona,2,2,finished,api_football,1208627.0,,,,,,,,,,
laliga-2024-2024-12-02-sevilla-v-osasuna,2024-12-02,2024,laliga,Sevilla,Osasuna,1,1,finished,api_football,1208628.0,,,,,,,,,,
laliga-2024-2024-12-03-mallorca-v-barcelona,2024-12-03,2024,laliga,Mallorca,Barcelona,1,5,finished,api_football,1208661.0,,,,,,,,,,
laliga-2024-2024-12-04-ath-bilbao-v-real-madrid,2024-12-04,2024,laliga,Ath Bilbao,Real Madrid,2,1,finished,api_football,1208656.0,,,,,,,,,,
laliga-2024-2024-12-06-celta-v-mallorca,2024-12-06,2024,laliga,Celta,Mallorca,2,0,finished,api_football,1208631.0,,,,,,,,,,
laliga-2024-2024-12-07-girona-v-real-madrid,2024-12-07,2024,laliga,Girona,Real Madrid,0,3,finished,api_football,1208632.0,,,,,,,,,,
laliga-2024-2024-12-07-las-palmas-v-valladolid,2024-12-07,2024,laliga,Las Palmas,Valladolid,2,1,finished,api_football,1208633.0,,,,,,,,,,
laliga-2024-2024-12-07-betis-v-barcelona,2024-12-07,2024,laliga,Betis,Barcelona,2,2,finished,api_football,1208635.0,,,,,,,,,,
laliga-2024-2024-12-07-valencia-v-rayo-vallecano,2024-12-07,2024,laliga,Valencia,Rayo Vallecano,0,1,finished,api_football,1208636.0,,,,,,,,,,
laliga-2024-2024-12-08-ath-madrid-v-sevilla,2024-12-08,2024,laliga,Ath Madrid,Sevilla,4,3,finished,api_football,1208630.0,,,,,,,,,,
laliga-2024-2024-12-08-osasuna-v-alaves,2024-12-08,2024,laliga,Osasuna,Alaves,2,2,finished,api_football,1208637.0,,,,,,,,,,
laliga-2024-2024-12-08-leganes-v-real-sociedad,2024-12-08,2024,laliga,Leganes,Real Sociedad,0,3,finished,api_football,1208634.0,,,,,,,,,,
laliga-2024-2024-12-08-ath-bilbao-v-villarreal,2024-12-08,2024,laliga,Ath Bilbao,Villarreal,2,0,finished,api_football,1208629.0,,,,,,,,,,
laliga-2024-2024-12-09-getafe-v-espanyol,2024-12-09,2024,laliga,Getafe,Espanyol,1,0,finished,api_football,1212925.0,,,,,,,,,,
laliga-2024-2024-12-13-valladolid-v-valencia,2024-12-13,2024,laliga,Valladolid,Valencia,1,0,finished,api_football,1208645.0,,,,,,,,,,
laliga-2024-2024-12-14-rayo-vallecano-v-real-madrid,2024-12-14,2024,laliga,Rayo Vallecano,Real Madrid,3,3,finished,api_football,1208640.0,,,,,,,,,,
laliga-2024-2024-12-14-sevilla-v-celta,2024-12-14,2024,laliga,Sevilla,Celta,1,0,finished,api_football,1208643.0,,,,,,,,,,
laliga-2024-2024-12-14-mallorca-v-girona,2024-12-14,2024,laliga,Mallorca,Girona,2,1,finished,api_football,1208644.0,,,,,,,,,,
laliga-2024-2024-12-14-espanyol-v-osasuna,2024-12-14,2024,laliga,Espanyol,Osasuna,0,0,finished,api_football,1212926.0,,,,,,,,,,
laliga-2024-2024-12-15-barcelona-v-leganes,2024-12-15,2024,laliga,Barcelona,Leganes,0,1,finished,api_football,1208639.0,,,,,,,,,,
laliga-2024-2024-12-15-real-sociedad-v-las-palmas,2024-12-15,2024,laliga,Real Sociedad,Las Palmas,0,0,finished,api_football,1208646.0,,,,,,,,,,
laliga-2024-2024-12-15-villarreal-v-betis,2024-12-15,2024,laliga,Villarreal,Betis,1,2,finished,api_football,1208642.0,,,,,,,,,,
laliga-2024-2024-12-15-alaves-v-ath-bilbao,2024-12-15,2024,laliga,Alaves,Ath Bilbao,1,1,finished,api_football,1208641.0,,,,,,,,,,
laliga-2024-2024-12-15-ath-madrid-v-getafe,2024-12-15,2024,laliga,Ath Madrid,Getafe,1,0,finished,api_football,1208638.0,,,,,,,,,,
laliga-2024-2024-12-18-villarreal-v-rayo-vallecano,2024-12-18,2024,laliga,Villarreal,Rayo Vallecano,1,1,finished,api_football,1208599.0,,,,,,,,,,
laliga-2024-2024-12-18-espanyol-v-valencia,2024-12-18,2024,laliga,Espanyol,Valencia,1,1,finished,api_football,1212922.0,,,,,,,,,,
laliga-2024-2024-12-20-girona-v-valladolid,2024-12-20,2024,laliga,Girona,Valladolid,3,0,finished,api_football,1208650.0,,,,,,,,,,
laliga-2024-2024-12-21-osasuna-v-ath-bilbao,2024-12-21,2024,laliga,Osasuna,Ath Bilbao,1,2,finished,api_football,1208653.0,,,,,,,,,,
laliga-2024-2024-12-21-barcelona-v-ath-madrid,2024-12-21,2024,laliga,Barcelona,Ath Madrid,1,2,finished,api_football,1208654.0,,,,,,,,,,
laliga-2024-2024-12-21-getafe-v-mallorca,2024-12-21,2024,laliga,Getafe,Mallorca,0,1,finished,api_football,1208649.0,,,,,,,,,,
laliga-2024-2024-12-21-celta-v-real-sociedad,2024-12-21,2024,laliga,Celta,Real Sociedad,2,0,finished,api_football,1208648.0,,,,,,,,,,
laliga-2024-2024-12-22-leganes-v-villarreal,2024-12-22,2024,laliga,Leganes,Villarreal,2,5,finished,api_football,1208652.0,,,,,,,,,,
laliga-2024-2024-12-22-las-palmas-v-espanyol,2024-12-22,2024,laliga,Las Palmas,Espanyol,1,0,finished,api_football,1212927.0,,,,,,,,,,
laliga-2024-2024-12-22-betis-v-rayo-vallecano,2024-12-22,2024,laliga,Betis,Rayo Vallecano,1,1,finished,api_football,1208647.0,,,,,,,,,,
laliga-2024-2024-12-22-valencia-v-alaves,2024-12-22,2024,laliga,Valencia,Alaves,2,2,finished,api_football,1208655.0,,,,,,,,,,
laliga-2024-2024-12-22-real-madrid-v-sevilla,2024-12-22,2024,laliga,Real Madrid,Sevilla,4,2,finished,api_football,1208651.0,,,,,,,,,,
laliga-2024-2025-01-03-valencia-v-real-madrid,2025-01-03,2024,laliga,Valencia,Real Madrid,1,2,finished,api_football,1208600.0,,,,,,,,,,
laliga-2024-2025-01-10-rayo-vallecano-v-celta,2025-01-10,2024,laliga,Rayo Vallecano,Celta,2,1,finished,api_football,1208663.0,,,,,,,,,,
laliga-2024-2025-01-11-sevilla-v-valencia,2025-01-11,2024,laliga,Sevilla,Valencia,1,1,finished,api_football,1208659.0,,,,,,,,,,
laliga-2024-2025-01-11-espanyol-v-leganes,2025-01-11,2024,laliga,Espanyol,Leganes,1,1,finished,api_football,1212928.0,,,,,,,,,,
laliga-2024-2025-01-11-alaves-v-girona,2025-01-11,2024,laliga,Alaves,Girona,0,1,finished,api_football,1208660.0,,,,,,,,,,
laliga-2024-2025-01-11-valladolid-v-betis,2025-01-11,2024,laliga,Valladolid,Betis,1,0,finished,api_football,1208662.0,,,,,,,,,,
laliga-2024-2025-01-12-las-palmas-v-getafe,2025-01-12,2024,laliga,Las Palmas,Getafe,1,2,finished,api_football,1208664.0,,,,,,,,,,
laliga-2024-2025-01-12-ath-madrid-v-osasuna,2025-01-12,2024,laliga,Ath Madrid,Osasuna,1,0,finished,api_football,1208657.0,,,,,,,,,,
laliga-2024-2025-01-13-real-sociedad-v-villarreal,2025-01-13,2024,laliga,Real Sociedad,Villarreal,1,0,finished,api_football,1208658.0,,,,,,,,,,
laliga-2024-2025-01-17-espanyol-v-valladolid,2025-01-17,2024,laliga,Espanyol,Valladolid,2,1,finished,api_football,1212929.0,,,,,,,,,,
laliga-2024-2025-01-18-leganes-v-ath-madrid,2025-01-18,2024,laliga,Leganes,Ath Madrid,1,0,finished,api_football,1208668.0,,,,,,,,,,
laliga-2024-2025-01-18-girona-v-sevilla,2025-01-18,2024,laliga,Girona,Sevilla,1,2,finished,api_football,1208665.0,,,,,,,,,,
laliga-2024-2025-01-18-getafe-v-barcelona,2025-01-18,2024,laliga,Getafe,Barcelona,1,1,finished,api_football,1208669.0,,,,,,,,,,
laliga-2024-2025-01-18-betis-v-alaves,2025-01-18,2024,laliga,Betis,Alaves,1,3,finished,api_football,1208673.0,,,,,,,,,,
laliga-2024-2025-01-19-celta-v-ath-bilbao,2025-01-19,2024,laliga,Celta,Ath Bilbao,1,2,finished,api_football,1208667.0,,,,,,,,,,
laliga-2024-2025-01-19-real-madrid-v-las-palmas,2025-01-19,2024,laliga,Real Madrid,Las Palmas,4,1,finished,api_football,1208672.0,,,,,,,,,,
laliga-2024-2025-01-19-osasuna-v-rayo-vallecano,2025-01-19,2024,laliga,Osasuna,Rayo Vallecano,1,1,finished,api_football,1208666.0,,,,,,,,,,
laliga-2024-2025-01-19-valencia-v-real-sociedad,2025-01-19,2024,laliga,Valencia,Real Sociedad,1,0,finished,api_football,1208671.0,,,,,,,,,,
laliga-2024-2025-01-20-villarreal-v-mallorca,2025-01-20,2024,laliga,Villarreal,Mallorca,4,0,finished,api_football,1208670.0,,,,,,,,,,
laliga-2024-2025-01-24-las-palmas-v-osasuna,2025-01-24,2024,laliga,Las Palmas,Osasuna,1,1,finished,api_football,1208677.0,,,,,,,,,,
laliga-2024-2025-01-25-mallorca-v-betis,2025-01-25,2024,laliga,Mallorca,Betis,0,1,finished,api_football,1208679.0,,,,,,,,,,
laliga-2024-2025-01-25-ath-madrid-v-villarreal,2025-01-25,2024,laliga,Ath Madrid,Villarreal,1,1,finished,api_football,1208675.0,,,,,,,,,,
laliga-2024-2025-01-25-valladolid-v-real-madrid,2025-01-25,2024,laliga,Valladolid,Real Madrid,0,3,finished,api_football,1208682.0,,,,,,,,,,
laliga-2024-2025-01-25-sevilla-v-espanyol,2025-01-25,2024,laliga,Sevilla,Espanyol,1,1,finished,api_football,1212930.0,,,,,,,,,,
laliga-2024-2025-01-26-rayo-vallecano-v-girona,2025-01-26,2024,laliga,Rayo Vallecano,Girona,2,1,finished,api_football,1208681.0,,,,,,,,,,
laliga-2024-2025-01-26-real-sociedad-v-getafe,2025-01-26,2024,laliga,Real Sociedad,Getafe,0,3,finished,api_football,1208680.0,,,,,,,,,,
laliga-2024-2025-01-26-ath-bilbao-v-leganes,2025-01-26,2024,laliga,Ath Bilbao,Leganes,0,0,finished,api_football,1208674.0,,,,,,,,,,
laliga-2024-2025-01-26-barcelona-v-valencia,2025-01-26,2024,laliga,Barcelona,Valencia,7,1,finished,api_football,1208676.0,,,,,,,,,,
laliga-2024-2025-01-27-alaves-v-celta,2025-01-27,2024,laliga,Alaves,Celta,1,1,finished,api_football,1208678.0,,,,,,,,,,
laliga-2024-2025-01-31-leganes-v-rayo-vallecano,2025-01-31,2024,laliga,Leganes,Rayo Vallecano,0,1,finished,api_football,1208688.0,,,,,,,,,,
laliga-2024-2025-02-01-ath-madrid-v-mallorca,2025-02-01,2024,laliga,Ath Madrid,Mallorca,2,0,finished,api_football,1208683.0,,,,,,,,,,
laliga-2024-2025-02-01-villarreal-v-valladolid,2025-02-01,2024,laliga,Villarreal,Valladolid,5,1,finished,api_football,1208687.0,,,,,,,,,,
laliga-2024-2025-02-01-espanyol-v-real-madrid,2025-02-01,2024,laliga,Espanyol,Real Madrid,1,0,finished,api_football,1212931.0,,,,,,,,,,
laliga-2024-2025-02-01-getafe-v-sevilla,2025-02-01,2024,laliga,Getafe,Sevilla,0,0,finished,api_football,1208684.0,,,,,,,,,,
laliga-2024-2025-02-02-osasuna-v-real-sociedad,2025-02-02,2024,laliga,Osasuna,Real Sociedad,2,1,finished,api_football,1208686.0,,,,,,,,,,
laliga-2024-2025-02-02-betis-v-ath-bilbao,2025-02-02,2024,laliga,Betis,Ath Bilbao,2,2,finished,api_football,1208689.0,,,,,,,,,,
laliga-2024-2025-02-02-barcelona-v-alaves,2025-02-02,2024,laliga,Barcelona,Alaves,1,0,finished,api_football,1208691.0,,,,,,,,,,
laliga-2024-2025-02-02-valencia-v-celta,2025-02-02,2024,laliga,Valencia,Celta,2,1,finished,api_football,1208690.0,,,,,,,,,,
laliga-2024-2025-02-03-girona-v-las-palmas,2025-02-03,2024,laliga,Girona,Las Palmas,2,1,finished,api_football,1208685.0,,,,,,,,,,
laliga-2024-2025-02-07-rayo-vallecano-v-valladolid,2025-02-07,2024,laliga,Rayo Vallecano,Valladolid,1,0,finished,api_football,1208694.0,,,,,,,,,,
laliga-2024-2025-02-08-ath-bilbao-v-girona,2025-02-08,2024,laliga,Ath Bilbao,Girona,3,0,finished,api_football,1208692.0,,,,,,,,,,
laliga-2024-2025-02-08-celta-v-betis,2025-02-08,2024,laliga,Celta,Betis,3,2,finished,api_football,1208699.0,,,,,,,,,,
laliga-2024-2025-02-08-real-madrid-v-ath-madrid,2025-02-08,2024,laliga,Real Madrid,Ath Madrid,1,1,finished,api_football,1208697.0,,,,,,,,,,
laliga-2024-2025-02-08-las-palmas-v-villarreal,2025-02-08,2024,laliga,Las Palmas,Villarreal,1,2,finished,api_football,1208695.0,,,,,,,,,,
laliga-2024-2025-02-09-alaves-v-getafe,2025-02-09,2024,laliga,Alaves,Getafe,0,1,finished,api_football,1208696.0,,,,,,,,,,
laliga-2024-2025-02-09-valencia-v-leganes,2025-02-09,2024,laliga,Valencia,Leganes,2,0,finished,api_football,1208700.0,,,,,,,,,,
laliga-2024-2025-02-09-real-sociedad-v-espanyol,2025-02-09,2024,laliga,Real Sociedad,Espanyol,2,1,finished,api_football,1212932.0,,,,,,,,,,
laliga-2024-2025-02-09-sevilla-v-barcelona,2025-02-09,2024,laliga,Sevilla,Barcelona,1,4,finished,api_football,1208698.0,,,,,,,,,,
laliga-2024-2025-02-10-mallorca-v-osasuna,2025-02-10,2024,laliga,Mallorca,Osasuna,1,1,finished,api_football,1208693.0,,,,,,,,,,
laliga-2024-2025-02-14-girona-v-getafe,2025-02-14,2024,laliga,Girona,Getafe,1,2,finished,api_football,1208705.0,,,,,,,,,,
laliga-2024-2025-02-15-osasuna-v-real-madrid,2025-02-15,2024,laliga,Osasuna,Real Madrid,1,1,finished,api_football,1208704.0,,,,,,,,,,
laliga-2024-2025-02-15-leganes-v-alaves,2025-02-15,2024,laliga,Leganes,Alaves,3,3,finished,api_football,1208709.0,,,,,,,,,,
laliga-2024-2025-02-15-villarreal-v-valencia,2025-02-15,2024,laliga,Villarreal,Valencia,1,1,finished,api_football,1208707.0,,,,,,,,,,
laliga-2024-2025-02-15-ath-madrid-v-celta,2025-02-15,2024,laliga,Ath Madrid,Celta,1,1,finished,api_football,1208701.0,,,,,,,,,,
laliga-2024-2025-02-16-espanyol-v-ath-bilbao,2025-02-16,2024,laliga,Espanyol,Ath Bilbao,1,1,finished,api_football,1212933.0,,,,,,,,,,
laliga-2024-2025-02-16-valladolid-v-sevilla,2025-02-16,2024,laliga,Valladolid,Sevilla,0,4,finished,api_football,1208706.0,,,,,,,,,,
laliga-2024-2025-02-16-mallorca-v-las-palmas,2025-02-16,2024,laliga,Mallorca,Las Palmas,3,1,finished,api_football,1208708.0,,,,,,,,,,
laliga-2024-2025-02-16-betis-v-real-sociedad,2025-02-16,2024,laliga,Betis,Real Sociedad,3,0,finished,api_football,1208703.0,,,,,,,,,,
laliga-2024-2025-02-17-barcelona-v-rayo-vallecano,2025-02-17,2024,laliga,Barcelona,Rayo Vallecano,1,0,finished,api_football,1208702.0,,,,,,,,,,
laliga-2024-2025-02-21-celta-v-osasuna,2025-02-21,2024,laliga,Celta,Osasuna,1,0,finished,api_football,1208711.0,,,,,,,,,,
laliga-2024-2025-02-22-alaves-v-espanyol,2025-02-22,2024,laliga,Alaves,Espanyol,0,1,finished,api_football,1212934.0,,,,,,,,,,
laliga-2024-2025-02-22-rayo-vallecano-v-villarreal,2025-02-22,2024,laliga,Rayo Vallecano,Villarreal,0,1,finished,api_football,1208712.0,,,,,,,,,,
laliga-2024-2025-02-22-valencia-v-ath-madrid,2025-02-22,2024,laliga,Valencia,Ath Madrid,0,3,finished,api_football,1208713.0,,,,,,,,,,
laliga-2024-2025-02-22-las-palmas-v-barcelona,2025-02-22,2024,laliga,Las Palmas,Barcelona,0,2,finished,api_football,1208714.0,,,,,,,,,,
laliga-2024-2025-02-23-ath-bilbao-v-valladolid,2025-02-23,2024,laliga,Ath Bilbao,Valladolid,7,1,finished,api_football,1208710.0,,,,,,,,,,
laliga-2024-2025-02-23-real-madrid-v-girona,2025-02-23,2024,laliga,Real Madrid,Girona,2,0,finished,api_football,1208716.0,,,,,,,,,,
laliga-2024-2025-02-23-getafe-v-betis,2025-02-23,2024,laliga,Getafe,Betis,1,2,finished,api_football,1208715.0,,,,,,,,,,
laliga-2024-2025-02-23-real-sociedad-v-leganes,2025-02-23,2024,laliga,Real Sociedad,Leganes,3,0,finished,api_football,1208718.0,,,,,,,,,,
laliga-2024-2025-02-24-sevilla-v-mallorca,2025-02-24,2024,laliga,Sevilla,Mallorca,1,1,finished,api_football,1208717.0,,,,,,,,,,
laliga-2024-2025-02-28-valladolid-v-las-palmas,2025-02-28,2024,laliga,Valladolid,Las Palmas,1,1,finished,api_football,1208726.0,,,,,,,,,,
laliga-2024-2025-03-01-ath-madrid-v-ath-bilbao,2025-03-01,2024,laliga,Ath Madrid,Ath Bilbao,1,0,finished,api_football,1208723.0,,,,,,,,,,
laliga-2024-2025-03-01-betis-v-real-madrid,2025-03-01,2024,laliga,Betis,Real Madrid,2,1,finished,api_football,1208720.0,,,,,,,,,,
laliga-2024-2025-03-01-rayo-vallecano-v-sevilla,2025-03-01,2024,laliga,Rayo Vallecano,Sevilla,1,1,finished,api_football,1208722.0,,,,,,,,,,
laliga-2024-2025-03-01-girona-v-celta,2025-03-01,2024,laliga,Girona,Celta,2,2,finished,api_football,1208724.0,,,,,,,,,,
laliga-2024-2025-03-02-leganes-v-getafe,2025-03-02,2024,laliga,Leganes,Getafe,1,0,finished,api_football,1208725.0,,,,,,,,,,
laliga-2024-2025-03-02-barcelona-v-real-sociedad,2025-03-02,2024,laliga,Barcelona,Real Sociedad,4,0,finished,api_football,1208719.0,,,,,,,,,,
laliga-2024-2025-03-02-mallorca-v-alaves,2025-03-02,2024,laliga,Mallorca,Alaves,1,1,finished,api_football,1208727.0,,,,,,,,,,
laliga-2024-2025-03-02-osasuna-v-valencia,2025-03-02,2024,laliga,Osasuna,Valencia,3,3,finished,api_football,1208721.0,,,,,,,,,,
laliga-2024-2025-03-08-alaves-v-villarreal,2025-03-08,2024,laliga,Alaves,Villarreal,1,0,finished,api_football,1208734.0,,,,,,,,,,
laliga-2024-2025-03-08-valencia-v-valladolid,2025-03-08,2024,laliga,Valencia,Valladolid,2,1,finished,api_football,1208733.0,,,,,,,,,,
laliga-2024-2025-03-08-celta-v-leganes,2025-03-08,2024,laliga,Celta,Leganes,2,1,finished,api_football,1208731.0,,,,,,,,,,
laliga-2024-2025-03-09-real-sociedad-v-sevilla,2025-03-09,2024,laliga,Real Sociedad,Sevilla,0,1,finished,api_football,1208732.0,,,,,,,,,,
laliga-2024-2025-03-09-betis-v-las-palmas,2025-03-09,2024,laliga,Betis,Las Palmas,1,0,finished,api_football,1208730.0,,,,,,,,,,
laliga-2024-2025-03-09-getafe-v-ath-madrid,2025-03-09,2024,laliga,Getafe,Ath Madrid,2,1,finished,api_football,1208735.0,,,,,,,,,,
laliga-2024-2025-03-09-real-madrid-v-rayo-vallecano,2025-03-09,2024,laliga,Real Madrid,Rayo Vallecano,2,1,finished,api_football,1208736.0,,,,,,,,,,
laliga-2024-2025-03-09-ath-bilbao-v-mallorca,2025-03-09,2024,laliga,Ath Bilbao,Mallorca,1,1,finished,api_football,1208728.0,,,,,,,,,,
laliga-2024-2025-03-10-espanyol-v-girona,2025-03-10,2024,laliga,Espanyol,Girona,1,1,finished,api_football,1212936.0,,,,,,,,,,
laliga-2024-2025-03-14-las-palmas-v-alaves,2025-03-14,2024,laliga,Las Palmas,Alaves,2,2,finished,api_football,1208745.0,,,,,,,,,,
laliga-2024-2025-03-15-mallorca-v-espanyol,2025-03-15,2024,laliga,Mallorca,Espanyol,2,1,finished,api_football,1212937.0,,,,,,,,,,
laliga-2024-2025-03-15-valladolid-v-celta,2025-03-15,2024,laliga,Valladolid,Celta,0,1,finished,api_football,1208742.0,,,,,,,,,,
laliga-2024-2025-03-15-villarreal-v-real-madrid,2025-03-15,2024,laliga,Villarreal,Real Madrid,1,2,finished,api_football,1208744.0,,,,,,,,,,
laliga-2024-2025-03-15-girona-v-valencia,2025-03-15,2024,laliga,Girona,Valencia,1,1,finished,api_football,1208738.0,,,,,,,,,,
laliga-2024-2025-03-16-sevilla-v-ath-bilbao,2025-03-16,2024,laliga,Sevilla,Ath Bilbao,0,1,finished,api_football,1208740.0,,,,,,,,,,
laliga-2024-2025-03-16-leganes-v-betis,2025-03-16,2024,laliga,Leganes,Betis,2,3,finished,api_football,1208741.0,,,,,,,,,,
laliga-2024-2025-03-16-ath-madrid-v-barcelona,2025-03-16,2024,laliga,Ath Madrid,Barcelona,2,4,finished,api_football,1208737.0,,,,,,,,,,
laliga-2024-2025-03-16-osasuna-v-getafe,2025-03-16,2024,laliga,Osasuna,Getafe,1,2,finished,api_football,1208743.0,,,,,,,,,,
laliga-2024-2025-03-16-rayo-vallecano-v-real-sociedad,2025-03-16,2024,laliga,Rayo Vallecano,Real Sociedad,2,2,finished,api_football,1208739.0,,,,,,,,,,
laliga-2024-2025-03-27-barcelona-v-osasuna,2025-03-27,2024,laliga,Barcelona,Osasuna,3,0,finished,api_football,1208729.0,,,,,,,,,,
laliga-2024-2025-03-29-real-madrid-v-leganes,2025-03-29,2024,laliga,Real Madrid,Leganes,3,2,finished,api_football,1208754.0,,,,,,,,,,
laliga-2024-2025-03-29-alaves-v-rayo-vallecano,2025-03-29,2024,laliga,Alaves,Rayo Vallecano,0,2,finished,api_football,1208752.0,,,,,,,,,,
laliga-2024-2025-03-29-real-sociedad-v-valladolid,2025-03-29,2024,laliga,Real Sociedad,Valladolid,2,1,finished,api_football,1208751.0,,,,,,,,,,
laliga-2024-2025-03-29-espanyol-v-ath-madrid,2025-03-29,2024,laliga,Espanyol,Ath Madrid,1,1,finished,api_football,1212938.0,,,,,,,,,,
laliga-2024-2025-03-30-betis-v-sevilla,2025-03-30,2024,laliga,Betis,Sevilla,2,1,finished,api_football,1208748.0,,,,,,,,,,
laliga-2024-2025-03-30-ath-bilbao-v-osasuna,2025-03-30,2024,laliga,Ath Bilbao,Osasuna,0,0,finished,api_football,1208746.0,,,,,,,,,,
laliga-2024-2025-03-30-valencia-v-mallorca,2025-03-30,2024,laliga,Valencia,Mallorca,1,0,finished,api_football,1208753.0,,,,,,,,,,
laliga-2024-2025-03-30-getafe-v-villarreal,2025-03-30,2024,laliga,Getafe,Villarreal,1,2,finished,api_football,1208750.0,,,,,,,,,,
laliga-2024-2025-03-30-barcelona-v-girona,2025-03-30,2024,laliga,Barcelona,Girona,4,1,finished,api_football,1208747.0,,,,,,,,,,
laliga-2024-2025-03-31-celta-v-las-palmas,2025-03-31,2024,laliga,Celta,Las Palmas,1,1,finished,api_football,1208749.0,,,,,,,,,,
laliga-2024-2025-04-04-rayo-vallecano-v-espanyol,2025-04-04,2024,laliga,Rayo Vallecano,Espanyol,0,4,finished,api_football,1212939.0,,,,,,,,,,
laliga-2024-2025-04-05-barcelona-v-betis,2025-04-05,2024,laliga,Barcelona,Betis,1,1,finished,api_football,1208755.0,,,,,,,,,,
laliga-2024-2025-04-05-girona-v-alaves,2025-04-05,2024,laliga,Girona,Alaves,0,1,finished,api_football,1208763.0,,,,,,,,,,
laliga-2024-2025-04-05-real-madrid-v-valencia,2025-04-05,2024,laliga,Real Madrid,Valencia,1,2,finished,api_football,1208756.0,,,,,,,,,,
laliga-2024-2025-04-05-mallorca-v-celta,2025-04-05,2024,laliga,Mallorca,Celta,1,2,finished,api_football,1208761.0,,,,,,,,,,
laliga-2024-2025-04-06-valladolid-v-getafe,2025-04-06,2024,laliga,Valladolid,Getafe,0,4,finished,api_football,1208762.0,,,,,,,,,,
laliga-2024-2025-04-06-villarreal-v-ath-bilbao,2025-04-06,2024,laliga,Villarreal,Ath Bilbao,0,0,finished,api_football,1208759.0,,,,,,,,,,
laliga-2024-2025-04-06-sevilla-v-ath-madrid,2025-04-06,2024,laliga,Sevilla,Ath Madrid,1,2,finished,api_football,1208760.0,,,,,,,,,,
laliga-2024-2025-04-06-las-palmas-v-real-sociedad,2025-04-06,2024,laliga,Las Palmas,Real Sociedad,1,3,finished,api_football,1208757.0,,,,,,,,,,
laliga-2024-2025-04-07-leganes-v-osasuna,2025-04-07,2024,laliga,Leganes,Osasuna,1,1,finished,api_football,1208758.0,,,,,,,,,,
laliga-2024-2025-04-11-valencia-v-sevilla,2025-04-11,2024,laliga,Valencia,Sevilla,1,0,finished,api_football,1208772.0,,,,,,,,,,
laliga-2024-2025-04-12-celta-v-espanyol,2025-04-12,2024,laliga,Celta,Espanyol,0,2,finished,api_football,1212940.0,,,,,,,,,,
laliga-2024-2025-04-12-real-sociedad-v-mallorca,2025-04-12,2024,laliga,Real Sociedad,Mallorca,0,2,finished,api_football,1208771.0,,,,,,,,,,
laliga-2024-2025-04-12-getafe-v-las-palmas,2025-04-12,2024,laliga,Getafe,Las Palmas,1,3,finished,api_football,1208767.0,,,,,,,,,,
laliga-2024-2025-04-12-leganes-v-barcelona,2025-04-12,2024,laliga,Leganes,Barcelona,0,1,finished,api_football,1208769.0,,,,,,,,,,
laliga-2024-2025-04-13-ath-bilbao-v-rayo-vallecano,2025-04-13,2024,laliga,Ath Bilbao,Rayo Vallecano,3,1,finished,api_football,1208764.0,,,,,,,,,,
laliga-2024-2025-04-13-betis-v-villarreal,2025-04-13,2024,laliga,Betis,Villarreal,1,2,finished,api_football,1208766.0,,,,,,,,,,
laliga-2024-2025-04-13-osasuna-v-girona,2025-04-13,2024,laliga,Osasuna,Girona,2,1,finished,api_football,1208770.0,,,,,,,,,,
laliga-2024-2025-04-13-alaves-v-real-madrid,2025-04-13,2024,laliga,Alaves,Real Madrid,0,1,finished,api_football,1208768.0,,,,,,,,,,
laliga-2024-2025-04-14-ath-madrid-v-valladolid,2025-04-14,2024,laliga,Ath Madrid,Valladolid,4,2,finished,api_football,1208765.0,,,,,,,,,,
laliga-2024-2025-04-18-espanyol-v-getafe,2025-04-18,2024,laliga,Espanyol,Getafe,1,0,finished,api_football,1212941.0,,,,,,,,,,
laliga-2024-2025-04-19-rayo-vallecano-v-valencia,2025-04-19,2024,laliga,Rayo Vallecano,Valencia,1,1,finished,api_football,1208774.0,,,,,,,,,,
laliga-2024-2025-04-19-barcelona-v-celta,2025-04-19,2024,laliga,Barcelona,Celta,4,3,finished,api_football,1208773.0,,,,,,,,,,
laliga-2024-2025-04-19-mallorca-v-leganes,2025-04-19,2024,laliga,Mallorca,Leganes,0,0,finished,api_football,1208781.0,,,,,,,,,,
laliga-2024-2025-04-19-las-palmas-v-ath-madrid,2025-04-19,2024,laliga,Las Palmas,Ath Madrid,1,0,finished,api_football,1208776.0,,,,,,,,,,
laliga-2024-2025-04-20-sevilla-v-alaves,2025-04-20,2024,laliga,Sevilla,Alaves,1,1,finished,api_football,1208780.0,,,,,,,,,,
laliga-2024-2025-04-20-real-madrid-v-ath-bilbao,2025-04-20,2024,laliga,Real Madrid,Ath Bilbao,1,0,finished,api_football,1208775.0,,,,,,,,,,
laliga-2024-2025-04-20-valladolid-v-osasuna,2025-04-20,2024,laliga,Valladolid,Osasuna,2,3,finished,api_football,1208778.0,,,,,,,,,,
laliga-2024-2025-04-20-villarreal-v-real-sociedad,2025-04-20,2024,laliga,Villarreal,Real Sociedad,2,2,finished,api_football,1208779.0,,,,,,,,,,
laliga-2024-2025-04-21-girona-v-betis,2025-04-21,2024,laliga,Girona,Betis,1,3,finished,api_football,1208777.0,,,,,,,,,,
laliga-2024-2025-04-22-valencia-v-espanyol,2025-04-22,2024,laliga,Valencia,Espanyol,1,1,finished,api_football,1212942.0,,,,,,,,,,
laliga-2024-2025-04-22-barcelona-v-mallorca,2025-04-22,2024,laliga,Barcelona,Mallorca,1,0,finished,api_football,1208784.0,,,,,,,,,,
laliga-2024-2025-04-23-getafe-v-real-madrid,2025-04-23,2024,laliga,Getafe,Real Madrid,0,1,finished,api_football,1208787.0,,,,,,,,,,
laliga-2024-2025-04-23-alaves-v-real-sociedad,2025-04-23,2024,laliga,Alaves,Real Sociedad,1,0,finished,api_football,1208789.0,,,,,,,,,,
laliga-2024-2025-04-23-ath-bilbao-v-las-palmas,2025-04-23,2024,laliga,Ath Bilbao,Las Palmas,1,0,finished,api_football,1208782.0,,,,,,,,,,
laliga-2024-2025-04-23-celta-v-villarreal,2025-04-23,2024,laliga,Celta,Villarreal,3,0,finished,api_football,1208786.0,,,,,,,,,,
laliga-2024-2025-04-24-betis-v-valladolid,2025-04-24,2024,laliga,Betis,Valladolid,5,1,finished,api_football,1208785.0,,,,,,,,,,
laliga-2024-2025-04-24-ath-madrid-v-rayo-vallecano,2025-04-24,2024,laliga,Ath Madrid,Rayo Vallecano,3,0,finished,api_football,1208783.0,,,,,,,,,,
laliga-2024-2025-04-24-osasuna-v-sevilla,2025-04-24,2024,laliga,Osasuna,Sevilla,1,0,finished,api_football,1208788.0,,,,,,,,,,
laliga-2024-2025-04-24-leganes-v-girona,2025-04-24,2024,laliga,Leganes,Girona,1,1,finished,api_football,1208790.0,,,,,,,,,,
laliga-2024-2025-04-27-villarreal-v-espanyol,2025-04-27,2024,laliga,Villarreal,Espanyol,1,0,finished,api_football,1212935.0,,,,,,,,,,
laliga-2024-2025-05-02-rayo-vallecano-v-getafe,2025-05-02,2024,laliga,Rayo Vallecano,Getafe,1,0,finished,api_football,1208797.0,,,,,,,,,,
laliga-2024-2025-05-03-alaves-v-ath-madrid,2025-05-03,2024,laliga,Alaves,Ath Madrid,0,0,finished,api_football,1208793.0,,,,,,,,,,
laliga-2024-2025-05-03-villarreal-v-osasuna,2025-05-03,2024,laliga,Villarreal,Osasuna,4,2,finished,api_football,1208798.0,,,,,,,,,,
laliga-2024-2025-05-03-las-palmas-v-valencia,2025-05-03,2024,laliga,Las Palmas,Valencia,2,3,finished,api_football,1208792.0,,,,,,,,,,
laliga-2024-2025-05-03-valladolid-v-barcelona,2025-05-03,2024,laliga,Valladolid,Barcelona,1,2,finished,api_football,1208795.0,,,,,,,,,,
laliga-2024-2025-05-04-real-sociedad-v-ath-bilbao,2025-05-04,2024,laliga,Real Sociedad,Ath Bilbao,0,0,finished,api_football,1208794.0,,,,,,,,,,
laliga-2024-2025-05-04-espanyol-v-betis,2025-05-04,2024,laliga,Espanyol,Betis,1,2,finished,api_football,1212943.0,,,,,,,,,,
laliga-2024-2025-05-04-real-madrid-v-celta,2025-05-04,2024,laliga,Real Madrid,Celta,3,2,finished,api_football,1208796.0,,,,,,,,,,
laliga-2024-2025-05-04-sevilla-v-leganes,2025-05-04,2024,laliga,Sevilla,Leganes,2,2,finished,api_football,1208799.0,,,,,,,,,,
laliga-2024-2025-05-05-girona-v-mallorca,2025-05-05,2024,laliga,Girona,Mallorca,1,0,finished,api_football,1208791.0,,,,,,,,,,
laliga-2024-2025-05-09-las-palmas-v-rayo-vallecano,2025-05-09,2024,laliga,Las Palmas,Rayo Vallecano,0,1,finished,api_football,1208806.0,,,,,,,,,,
laliga-2024-2025-05-10-ath-madrid-v-real-sociedad,2025-05-10,2024,laliga,Ath Madrid,Real Sociedad,4,0,finished,api_football,1208800.0,,,,,,,,,,
laliga-2024-2025-05-10-girona-v-villarreal,2025-05-10,2024,laliga,Girona,Villarreal,0,1,finished,api_football,1208804.0,,,,,,,,,,
laliga-2024-2025-05-10-mallorca-v-valladolid,2025-05-10,2024,laliga,Mallorca,Valladolid,2,1,finished,api_football,1208805.0,,,,,,,,,,
laliga-2024-2025-05-10-celta-v-sevilla,2025-05-10,2024,laliga,Celta,Sevilla,3,2,finished,api_football,1208803.0,,,,,,,,,,
laliga-2024-2025-05-10-valencia-v-getafe,2025-05-10,2024,laliga,Valencia,Getafe,3,0,finished,api_football,1208807.0,,,,,,,,,,
laliga-2024-2025-05-11-leganes-v-espanyol,2025-05-11,2024,laliga,Leganes,Espanyol,3,2,finished,api_football,1212944.0,,,,,,,,,,
laliga-2024-2025-05-11-barcelona-v-real-madrid,2025-05-11,2024,laliga,Barcelona,Real Madrid,4,3,finished,api_football,1208801.0,,,,,,,,,,
laliga-2024-2025-05-11-ath-bilbao-v-alaves,2025-05-11,2024,laliga,Ath Bilbao,Alaves,1,0,finished,api_football,1208808.0,,,,,,,,,,
laliga-2024-2025-05-11-betis-v-osasuna,2025-05-11,2024,laliga,Betis,Osasuna,1,1,finished,api_football,1208802.0,,,,,,,,,,
laliga-2024-2025-05-13-valladolid-v-girona,2025-05-13,2024,laliga,Valladolid,Girona,0,1,finished,api_football,1208814.0,,,,,,,,,,
laliga-2024-2025-05-13-real-sociedad-v-celta,2025-05-13,2024,laliga,Real Sociedad,Celta,0,1,finished,api_football,1208813.0,,,,,,,,,,
laliga-2024-2025-05-13-sevilla-v-las-palmas,2025-05-13,2024,laliga,Sevilla,Las Palmas,1,0,finished,api_football,1208816.0,,,,,,,,,,
laliga-2024-2025-05-14-villarreal-v-leganes,2025-05-14,2024,laliga,Villarreal,Leganes,3,0,finished,api_football,1208817.0,,,,,,,,,,
laliga-2024-2025-05-14-alaves-v-valencia,2025-05-14,2024,laliga,Alaves,Valencia,1,0,finished,api_football,1208809.0,,,,,,,,,,
laliga-2024-2025-05-14-real-madrid-v-mallorca,2025-05-14,2024,laliga,Real Madrid,Mallorca,2,1,finished,api_football,1208815.0,,,,,,,,,,
laliga-2024-2025-05-15-osasuna-v-ath-madrid,2025-05-15,2024,laliga,Osasuna,Ath Madrid,2,0,finished,api_football,1208811.0,,,,,,,,,,
laliga-2024-2025-05-15-rayo-vallecano-v-betis,2025-05-15,2024,laliga,Rayo Vallecano,Betis,2,2,finished,api_football,1208812.0,,,,,,,,,,
laliga-2024-2025-05-15-espanyol-v-barcelona,2025-05-15,2024,laliga,Espanyol,Barcelona,0,2,finished,api_football,1212945.0,,,,,,,,,,
laliga-2024-2025-05-15-getafe-v-ath-bilbao,2025-05-15,2024,laliga,Getafe,Ath Bilbao,0,2,finished,api_football,1208810.0,,,,,,,,,,
laliga-2024-2025-05-18-mallorca-v-getafe,2025-05-18,2024,laliga,Mallorca,Getafe,1,2,finished,api_football,1208822.0,,,,,,,,,,
laliga-2024-2025-05-18-osasuna-v-espanyol,2025-05-18,2024,laliga,Osasuna,Espanyol,2,0,finished,api_football,1212946.0,,,,,,,,,,
laliga-2024-2025-05-18-valladolid-v-alaves,2025-05-18,2024,laliga,Valladolid,Alaves,0,1,finished,api_football,1208825.0,,,,,,,,,,
laliga-2024-2025-05-18-real-sociedad-v-girona,2025-05-18,2024,laliga,Real Sociedad,Girona,3,2,finished,api_football,1208823.0,,,,,,,,,,
laliga-2024-2025-05-18-celta-v-rayo-vallecano,2025-05-18,2024,laliga,Celta,Rayo Vallecano,1,2,finished,api_football,1208820.0,,,,,,,,,,
laliga-2024-2025-05-18-las-palmas-v-leganes,2025-05-18,2024,laliga,Las Palmas,Leganes,0,1,finished,api_football,1208826.0,,,,,,,,,,
laliga-2024-2025-05-18-valencia-v-ath-bilbao,2025-05-18,2024,laliga,Valencia,Ath Bilbao,0,1,finished,api_football,1208821.0,,,,,,,,,,
laliga-2024-2025-05-18-ath-madrid-v-betis,2025-05-18,2024,laliga,Ath Madrid,Betis,4,1,finished,api_football,1208818.0,,,,,,,,,,
laliga-2024-2025-05-18-barcelona-v-villarreal,2025-05-18,2024,laliga,Barcelona,Villarreal,2,3,finished,api_football,1208819.0,,,,,,,,,,
laliga-2024-2025-05-18-sevilla-v-real-madrid,2025-05-18,2024,laliga,Sevilla,Real Madrid,0,2,finished,api_football,1208824.0,,,,,,,,,,
laliga-2024-2025-05-23-betis-v-valencia,2025-05-23,2024,laliga,Betis,Valencia,1,1,finished,api_football,1208828.0,,,,,,,,,,
laliga-2024-2025-05-24-espanyol-v-las-palmas,2025-05-24,2024,laliga,Espanyol,Las Palmas,2,0,finished,api_football,1212947.0,,,,,,,,,,
laliga-2024-2025-05-24-rayo-vallecano-v-mallorca,2025-05-24,2024,laliga,Rayo Vallecano,Mallorca,0,0,finished,api_football,1208834.0,,,,,,,,,,
laliga-2024-2025-05-24-getafe-v-celta,2025-05-24,2024,laliga,Getafe,Celta,1,2,finished,api_football,1208833.0,,,,,,,,,,
laliga-2024-2025-05-24-alaves-v-osasuna,2025-05-24,2024,laliga,Alaves,Osasuna,1,1,finished,api_football,1208830.0,,,,,,,,,,
laliga-2024-2025-05-24-leganes-v-valladolid,2025-05-24,2024,laliga,Leganes,Valladolid,3,0,finished,api_football,1208831.0,,,,,,,,,,
laliga-2024-2025-05-24-real-madrid-v-real-sociedad,2025-05-24,2024,laliga,Real Madrid,Real Sociedad,2,0,finished,api_football,1208829.0,,,,,,,,,,
laliga-2024-2025-05-25-girona-v-ath-madrid,2025-05-25,2024,laliga,Girona,Ath Madrid,0,4,finished,api_football,1208832.0,,,,,,,,,,
laliga-2024-2025-05-25-villarreal-v-sevilla,2025-05-25,2024,laliga,Villarreal,Sevilla,4,2,finished,api_football,1208835.0,,,,,,,,,,
laliga-2024-2025-05-25-ath-bilbao-v-barcelona,2025-05-25,2024,laliga,Ath Bilbao,Barcelona,0,3,finished,api_football,1208827.0,,,,,,,,,,
laliga-2025-2025-08-15-girona-v-rayo-vallecano,2025-08-15,2025,laliga,Girona,Rayo Vallecano,1,3,finished,csv_cached,,7.0,16.0,2.0,5.0,8.0,17.0,0.0,1.0,1.0,0.0
laliga-2025-2025-08-15-villarreal-v-oviedo,2025-08-15,2025,laliga,Villarreal,Oviedo,2,0,finished,csv_cached,,25.0,5.0,10.0,4.0,10.0,8.0,1.0,2.0,0.0,1.0
laliga-2025-2025-08-16-valencia-v-real-sociedad,2025-08-16,2025,laliga,Valencia,Real Sociedad,1,1,finished,csv_cached,,18.0,13.0,2.0,3.0,5.0,11.0,1.0,2.0,0.0,0.0
laliga-2025-2025-08-16-alaves-v-levante,2025-08-16,2025,laliga,Alaves,Levante,2,1,finished,csv_cached,,15.0,7.0,4.0,3.0,15.0,13.0,0.0,1.0,0.0,0.0
laliga-2025-2025-08-16-mallorca-v-barcelona,2025-08-16,2025,laliga,Mallorca,Barcelona,0,3,finished,csv_cached,,4.0,24.0,1.0,8.0,8.0,17.0,4.0,1.0,2.0,0.0
laliga-2025-2025-08-17-celta-v-getafe,2025-08-17,2025,laliga,Celta,Getafe,0,2,finished,csv_cached,,11.0,10.0,3.0,3.0,15.0,17.0,3.0,2.0,0.0,0.0
laliga-2025-2025-08-17-ath-bilbao-v-sevilla,2025-08-17,2025,laliga,Ath Bilbao,Sevilla,3,2,finished,csv_cached,,14.0,12.0,3.0,6.0,8.0,12.0,0.0,2.0,0.0,0.0
laliga-2025-2025-08-17-espanyol-v-ath-madrid,2025-08-17,2025,laliga,Espanyol,Ath Madrid,2,1,finished,csv_cached,,10.0,15.0,5.0,4.0,14.0,11.0,3.0,3.0,0.0,0.0
laliga-2025-2025-08-18-elche-v-betis,2025-08-18,2025,laliga,Elche,Betis,1,1,finished,csv_cached,,6.0,12.0,2.0,4.0,14.0,13.0,0.0,1.0,0.0,0.0
laliga-2025-2025-08-19-real-madrid-v-osasuna,2025-08-19,2025,laliga,Real Madrid,Osasuna,1,0,finished,csv_cached,,18.0,2.0,5.0,0.0,10.0,12.0,1.0,0.0,0.0,1.0
laliga-2025-2025-08-22-betis-v-alaves,2025-08-22,2025,laliga,Betis,Alaves,1,0,finished,csv_cached,,16.0,11.0,5.0,5.0,10.0,17.0,2.0,3.0,0.0,0.0
laliga-2025-2025-08-23-mallorca-v-celta,2025-08-23,2025,laliga,Mallorca,Celta,1,1,finished,csv_cached,,12.0,8.0,4.0,2.0,12.0,12.0,3.0,3.0,0.0,0.0
laliga-2025-2025-08-23-ath-madrid-v-elche,2025-08-23,2025,laliga,Ath Madrid,Elche,1,1,finished,csv_cached,,13.0,6.0,6.0,2.0,14.0,7.0,0.0,3.0,0.0,0.0
laliga-2025-2025-08-23-levante-v-barcelona,2025-08-23,2025,laliga,Levante,Barcelona,2,3,finished,csv_cached,,8.0,26.0,5.0,10.0,10.0,8.0,3.0,1.0,0.0,0.0
laliga-2025-2025-08-24-osasuna-v-valencia,2025-08-24,2025,laliga,Osasuna,Valencia,1,0,finished,csv_cached,,16.0,4.0,4.0,1.0,14.0,13.0,2.0,1.0,0.0,1.0
laliga-2025-2025-08-24-real-sociedad-v-espanyol,2025-08-24,2025,laliga,Real Sociedad,Espanyol,2,2,finished,csv_cached,,15.0,14.0,7.0,3.0,16.0,18.0,2.0,2.0,0.0,0.0
laliga-2025-2025-08-24-villarreal-v-girona,2025-08-24,2025,laliga,Villarreal,Girona,5,0,finished,csv_cached,,19.0,5.0,7.0,2.0,8.0,9.0,1.0,2.0,0.0,0.0
laliga-2025-2025-08-24-oviedo-v-real-madrid,2025-08-24,2025,laliga,Oviedo,Real Madrid,0,3,finished,csv_cached,,6.0,26.0,3.0,10.0,8.0,7.0,2.0,1.0,0.0,0.0
laliga-2025-2025-08-25-sevilla-v-getafe,2025-08-25,2025,laliga,Sevilla,Getafe,1,2,finished,csv_cached,,12.0,9.0,3.0,6.0,10.0,24.0,2.0,2.0,0.0,0.0
laliga-2025-2025-08-25-ath-bilbao-v-rayo-vallecano,2025-08-25,2025,laliga,Ath Bilbao,Rayo Vallecano,1,0,finished,csv_cached,,11.0,6.0,4.0,1.0,13.0,13.0,0.0,4.0,0.0,0.0
laliga-2025-2025-08-27-celta-v-betis,2025-08-27,2025,laliga,Celta,Betis,1,1,finished,csv_cached,,14.0,7.0,5.0,2.0,13.0,11.0,1.0,2.0,0.0,0.0
laliga-2025-2025-08-29-valencia-v-getafe,2025-08-29,2025,laliga,Valencia,Getafe,3,0,finished,csv_cached,,7.0,11.0,4.0,1.0,18.0,7.0,2.0,0.0,0.0,0.0
laliga-2025-2025-08-29-elche-v-levante,2025-08-29,2025,laliga,Elche,Levante,2,0,finished,csv_cached,,16.0,11.0,5.0,1.0,14.0,17.0,1.0,2.0,0.0,0.0
laliga-2025-2025-08-30-real-madrid-v-mallorca,2025-08-30,2025,laliga,Real Madrid,Mallorca,2,1,finished,csv_cached,,17.0,9.0,7.0,5.0,12.0,7.0,2.0,0.0,0.0,0.0
laliga-2025-2025-08-30-alaves-v-ath-madrid,2025-08-30,2025,laliga,Alaves,Ath Madrid,1,1,finished,csv_cached,,5.0,15.0,2.0,6.0,10.0,17.0,2.0,3.0,0.0,0.0
laliga-2025-2025-08-30-oviedo-v-real-sociedad,2025-08-30,2025,laliga,Oviedo,Real Sociedad,1,0,finished,csv_cached,,8.0,18.0,1.0,6.0,7.0,18.0,2.0,1.0,0.0,0.0
laliga-2025-2025-08-30-girona-v-sevilla,2025-08-30,2025,laliga,Girona,Sevilla,0,2,finished,csv_cached,,20.0,13.0,5.0,4.0,5.0,14.0,0.0,2.0,0.0,0.0
laliga-2025-2025-08-31-rayo-vallecano-v-barcelona,2025-08-31,2025,laliga,Rayo Vallecano,Barcelona,1,1,finished,csv_cached,,12.0,12.0,6.0,3.0,16.0,8.0,4.0,1.0,0.0,0.0
laliga-2025-2025-08-31-espanyol-v-osasuna,2025-08-31,2025,laliga,Espanyol,Osasuna,1,0,finished,csv_cached,,10.0,10.0,4.0,3.0,13.0,14.0,2.0,3.0,0.0,0.0
laliga-2025-2025-08-31-celta-v-villarreal,2025-08-31,2025,laliga,Celta,Villarreal,1,1,finished,csv_cached,,10.0,8.0,2.0,3.0,11.0,8.0,1.0,1.0,0.0,0.0
laliga-2025-2025-08-31-betis-v-ath-bilbao,2025-08-31,2025,laliga,Betis,Ath Bilbao,1,2,finished,csv_cached,,9.0,15.0,2.0,6.0,9.0,16.0,1.0,4.0,0.0,1.0
laliga-2025-2025-09-12-sevilla-v-elche,2025-09-12,2025,laliga,Sevilla,Elche,2,2,finished,csv_cached,,7.0,5.0,3.0,2.0,23.0,19.0,4.0,3.0,0.0,0.0
laliga-2025-2025-09-13-getafe-v-oviedo,2025-09-13,2025,laliga,Getafe,Oviedo,2,0,finished,csv_cached,,10.0,5.0,3.0,1.0,12.0,18.0,2.0,5.0,0.0,1.0
laliga-2025-2025-09-13-real-sociedad-v-real-madrid,2025-09-13,2025,laliga,Real Sociedad,Real Madrid,1,2,finished,csv_cached,,23.0,16.0,4.0,6.0,17.0,7.0,2.0,1.0,0.0,1.0
laliga-2025-2025-09-13-ath-bilbao-v-alaves,2025-09-13,2025,laliga,Ath Bilbao,Alaves,0,1,finished,csv_cached,,12.0,4.0,3.0,2.0,17.0,21.0,4.0,3.0,0.0,0.0
laliga-2025-2025-09-13-ath-madrid-v-villarreal,2025-09-13,2025,laliga,Ath Madrid,Villarreal,2,0,finished,csv_cached,,8.0,8.0,3.0,1.0,12.0,15.0,2.0,4.0,0.0,0.0
laliga-2025-2025-09-14-levante-v-betis,2025-09-14,2025,laliga,Levante,Betis,2,2,finished,csv_cached,,5.0,28.0,2.0,9.0,16.0,11.0,3.0,2.0,0.0,0.0
laliga-2025-2025-09-14-barcelona-v-valencia,2025-09-14,2025,laliga,Barcelona,Valencia,6,0,finished,csv_cached,,24.0,2.0,10.0,1.0,9.0,8.0,0.0,1.0,0.0,0.0
laliga-2025-2025-09-14-osasuna-v-rayo-vallecano,2025-09-14,2025,laliga,Osasuna,Rayo Vallecano,2,0,finished,csv_cached,,9.0,19.0,7.0,6.0,13.0,7.0,3.0,2.0,0.0,0.0
laliga-2025-2025-09-14-celta-v-girona,2025-09-14,2025,laliga,Celta,Girona,1,1,finished,csv_cached,,21.0,13.0,7.0,8.0,7.0,9.0,0.0,3.0,0.0,0.0
laliga-2025-2025-09-15-espanyol-v-mallorca,2025-09-15,2025,laliga,Espanyol,Mallorca,3,2,finished,csv_cached,,9.0,24.0,3.0,10.0,9.0,16.0,2.0,1.0,1.0,0.0
laliga-2025-2025-09-19-betis-v-real-sociedad,2025-09-19,2025,laliga,Betis,Real Sociedad,3,1,finished,csv_cached,,21.0,11.0,6.0,5.0,7.0,20.0,3.0,7.0,0.0,0.0
laliga-2025-2025-09-20-villarreal-v-osasuna,2025-09-20,2025,laliga,Villarreal,Osasuna,2,1,finished,csv_cached,,26.0,6.0,8.0,3.0,10.0,11.0,2.0,3.0,0.0,1.0
laliga-2025-2025-09-20-real-madrid-v-espanyol,2025-09-20,2025,laliga,Real Madrid,Espanyol,2,0,finished,csv_cached,,16.0,8.0,5.0,1.0,10.0,20.0,2.0,0.0,0.0,0.0
laliga-2025-2025-09-20-valencia-v-ath-bilbao,2025-09-20,2025,laliga,Valencia,Ath Bilbao,2,0,finished,csv_cached,,13.0,11.0,5.0,5.0,13.0,6.0,1.0,1.0,0.0,1.0
laliga-2025-2025-09-20-alaves-v-sevilla,2025-09-20,2025,laliga,Alaves,Sevilla,1,2,finished,csv_cached,,8.0,9.0,5.0,3.0,20.0,19.0,1.0,7.0,0.0,0.0
laliga-2025-2025-09-20-girona-v-levante,2025-09-20,2025,laliga,Girona,Levante,0,4,finished,csv_cached,,7.0,14.0,1.0,7.0,11.0,17.0,4.0,3.0,2.0,0.0
laliga-2025-2025-09-21-barcelona-v-getafe,2025-09-21,2025,laliga,Barcelona,Getafe,3,0,finished,csv_cached,,16.0,3.0,7.0,2.0,9.0,15.0,2.0,4.0,0.0,0.0
laliga-2025-2025-09-21-elche-v-oviedo,2025-09-21,2025,laliga,Elche,Oviedo,1,0,finished,csv_cached,,15.0,12.0,5.0,4.0,9.0,18.0,2.0,2.0,0.0,0.0
laliga-2025-2025-09-21-rayo-vallecano-v-celta,2025-09-21,2025,laliga,Rayo Vallecano,Celta,1,1,finished,csv_cached,,15.0,9.0,5.0,5.0,8.0,10.0,1.0,1.0,0.0,0.0
laliga-2025-2025-09-21-mallorca-v-ath-madrid,2025-09-21,2025,laliga,Mallorca,Ath Madrid,1,1,finished,csv_cached,,8.0,12.0,3.0,7.0,14.0,6.0,0.0,0.0,0.0,1.0
laliga-2025-2025-09-23-ath-bilbao-v-girona,2025-09-23,2025,laliga,Ath Bilbao,Girona,1,1,finished,csv_cached,,17.0,6.0,5.0,3.0,19.0,15.0,0.0,2.0,0.0,0.0
laliga-2025-2025-09-23-espanyol-v-valencia,2025-09-23,2025,laliga,Espanyol,Valencia,2,2,finished,csv_cached,,21.0,5.0,10.0,2.0,9.0,9.0,1.0,4.0,0.0,0.0
laliga-2025-2025-09-23-levante-v-real-madrid,2025-09-23,2025,laliga,Levante,Real Madrid,1,4,finished,csv_cached,,11.0,24.0,2.0,10.0,17.0,9.0,1.0,1.0,0.0,0.0
laliga-2025-2025-09-23-sevilla-v-villarreal,2025-09-23,2025,laliga,Sevilla,Villarreal,1,2,finished,csv_cached,,16.0,12.0,2.0,5.0,17.0,14.0,2.0,3.0,0.0,0.0
laliga-2025-2025-09-24-getafe-v-alaves,2025-09-24,2025,laliga,Getafe,Alaves,1,1,finished,csv_cached,,7.0,10.0,1.0,4.0,14.0,20.0,2.0,3.0,0.0,0.0
laliga-2025-2025-09-24-ath-madrid-v-rayo-vallecano,2025-09-24,2025,laliga,Ath Madrid,Rayo Vallecano,3,2,finished,csv_cached,,20.0,9.0,8.0,3.0,6.0,12.0,3.0,4.0,0.0,0.0
laliga-2025-2025-09-24-real-sociedad-v-mallorca,2025-09-24,2025,laliga,Real Sociedad,Mallorca,1,0,finished,csv_cached,,17.0,7.0,4.0,3.0,13.0,15.0,2.0,2.0,0.0,0.0
laliga-2025-2025-09-25-osasuna-v-elche,2025-09-25,2025,laliga,Osasuna,Elche,1,1,finished,csv_cached,,9.0,12.0,2.0,4.0,19.0,13.0,2.0,2.0,0.0,0.0
laliga-2025-2025-09-25-oviedo-v-barcelona,2025-09-25,2025,laliga,Oviedo,Barcelona,1,3,finished,csv_cached,,7.0,22.0,3.0,10.0,10.0,6.0,1.0,0.0,0.0,0.0
laliga-2025-2025-09-26-girona-v-espanyol,2025-09-26,2025,laliga,Girona,Espanyol,0,0,finished,csv_cached,,12.0,20.0,3.0,5.0,9.0,11.0,0.0,1.0,0.0,0.0
laliga-2025-2025-09-27-getafe-v-levante,2025-09-27,2025,laliga,Getafe,Levante,1,1,finished,csv_cached,,11.0,11.0,4.0,3.0,15.0,16.0,4.0,3.0,0.0,0.0
laliga-2025-2025-09-27-ath-madrid-v-real-madrid,2025-09-27,2025,laliga,Ath Madrid,Real Madrid,5,2,finished,csv_cached,,13.0,6.0,7.0,2.0,17.0,14.0,5.0,4.0,0.0,0.0
laliga-2025-2025-09-27-mallorca-v-alaves,2025-09-27,2025,laliga,Mallorca,Alaves,1,0,finished,csv_cached,,12.0,12.0,3.0,3.0,14.0,18.0,2.0,3.0,0.0,0.0
laliga-2025-2025-09-27-villarreal-v-ath-bilbao,2025-09-27,2025,laliga,Villarreal,Ath Bilbao,1,0,finished,csv_cached,,14.0,16.0,5.0,4.0,13.0,11.0,2.0,0.0,0.0,0.0
laliga-2025-2025-09-28-barcelona-v-real-sociedad,2025-09-28,2025,laliga,Barcelona,Real Sociedad,2,1,finished,csv_cached,,22.0,7.0,12.0,2.0,6.0,12.0,1.0,2.0,0.0,0.0
laliga-2025-2025-09-28-betis-v-osasuna,2025-09-28,2025,laliga,Betis,Osasuna,2,0,finished,csv_cached,,12.0,12.0,6.0,1.0,6.0,7.0,0.0,1.0,0.0,0.0
laliga-2025-2025-09-28-rayo-vallecano-v-sevilla,2025-09-28,2025,laliga,Rayo Vallecano,Sevilla,0,1,finished,csv_cached,,18.0,4.0,6.0,1.0,12.0,15.0,3.0,2.0,1.0,0.0
laliga-2025-2025-09-28-elche-v-celta,2025-09-28,2025,laliga,Elche,Celta,2,1,finished,csv_cached,,17.0,8.0,8.0,2.0,12.0,20.0,3.0,3.0,0.0,0.0
laliga-2025-2025-09-30-valencia-v-oviedo,2025-09-30,2025,laliga,Valencia,Oviedo,1,2,finished,csv_cached,,16.0,10.0,5.0,4.0,14.0,12.0,1.0,4.0,0.0,1.0
laliga-2025-2025-10-03-osasuna-v-getafe,2025-10-03,2025,laliga,Osasuna,Getafe,2,1,finished,csv_cached,,7.0,6.0,3.0,2.0,11.0,14.0,1.0,4.0,0.0,0.0
laliga-2025-2025-10-04-real-madrid-v-villarreal,2025-10-04,2025,laliga,Real Madrid,Villarreal,3,1,finished,csv_cached,,26.0,9.0,7.0,2.0,9.0,14.0,2.0,4.0,0.0,1.0
laliga-2025-2025-10-04-ath-bilbao-v-mallorca,2025-10-04,2025,laliga,Ath Bilbao,Mallorca,2,1,finished,csv_cached,,18.0,7.0,5.0,2.0,16.0,13.0,5.0,6.0,0.0,1.0
laliga-2025-2025-10-04-girona-v-valencia,2025-10-04,2025,laliga,Girona,Valencia,2,1,finished,csv_cached,,4.0,19.0,4.0,6.0,13.0,12.0,5.0,1.0,2.0,0.0
laliga-2025-2025-10-04-oviedo-v-levante,2025-10-04,2025,laliga,Oviedo,Levante,0,2,finished,csv_cached,,13.0,14.0,2.0,5.0,10.0,10.0,2.0,2.0,0.0,0.0
laliga-2025-2025-10-05-celta-v-ath-madrid,2025-10-05,2025,laliga,Celta,Ath Madrid,1,1,finished,csv_cached,,18.0,6.0,4.0,1.0,7.0,10.0,1.0,3.0,0.0,1.0
laliga-2025-2025-10-05-real-sociedad-v-rayo-vallecano,2025-10-05,2025,laliga,Real Sociedad,Rayo Vallecano,0,1,finished,csv_cached,,10.0,7.0,3.0,2.0,13.0,21.0,1.0,2.0,0.0,0.0
laliga-2025-2025-10-05-espanyol-v-betis,2025-10-05,2025,laliga,Espanyol,Betis,1,2,finished,csv_cached,,14.0,12.0,5.0,3.0,16.0,4.0,2.0,6.0,0.0,0.0
laliga-2025-2025-10-05-alaves-v-elche,2025-10-05,2025,laliga,Alaves,Elche,3,1,finished,csv_cached,,25.0,6.0,5.0,3.0,13.0,9.0,3.0,1.0,0.0,1.0
laliga-2025-2025-10-05-sevilla-v-barcelona,2025-10-05,2025,laliga,Sevilla,Barcelona,4,1,finished,csv_cached,,13.0,17.0,5.0,8.0,18.0,9.0,7.0,5.0,0.0,0.0
laliga-2025-2025-10-17-oviedo-v-espanyol,2025-10-17,2025,laliga,Oviedo,Espanyol,0,2,finished,csv_cached,,13.0,19.0,4.0,10.0,9.0,8.0,2.0,1.0,0.0,0.0
laliga-2025-2025-10-18-villarreal-v-betis,2025-10-18,2025,laliga,Villarreal,Betis,2,2,finished,csv_cached,,7.0,16.0,3.0,3.0,13.0,10.0,1.0,1.0,0.0,0.0
laliga-2025-2025-10-18-ath-madrid-v-osasuna,2025-10-18,2025,laliga,Ath Madrid,Osasuna,1,0,finished,csv_cached,,18.0,9.0,9.0,2.0,10.0,11.0,1.0,3.0,0.0,0.0
laliga-2025-2025-10-18-sevilla-v-mallorca,2025-10-18,2025,laliga,Sevilla,Mallorca,1,3,finished,csv_cached,,13.0,7.0,4.0,6.0,16.0,13.0,2.0,1.0,0.0,0.0
laliga-2025-2025-10-18-barcelona-v-girona,2025-10-18,2025,laliga,Barcelona,Girona,2,1,finished,csv_cached,,27.0,11.0,9.0,4.0,10.0,7.0,1.0,2.0,0.0,0.0
laliga-2025-2025-10-19-levante-v-rayo-vallecano,2025-10-19,2025,laliga,Levante,Rayo Vallecano,0,3,finished,csv_cached,,17.0,10.0,4.0,5.0,6.0,18.0,0.0,1.0,0.0,0.0
laliga-2025-2025-10-19-getafe-v-real-madrid,2025-10-19,2025,laliga,Getafe,Real Madrid,0,1,finished,csv_cached,,7.0,23.0,1.0,10.0,27.0,11.0,4.0,1.0,2.0,0.0
laliga-2025-2025-10-19-celta-v-real-sociedad,2025-10-19,2025,laliga,Celta,Real Sociedad,1,1,finished,csv_cached,,4.0,17.0,1.0,7.0,10.0,20.0,4.0,3.0,1.0,0.0
laliga-2025-2025-10-19-elche-v-ath-bilbao,2025-10-19,2025,laliga,Elche,Ath Bilbao,0,0,finished,csv_cached,,15.0,4.0,5.0,1.0,14.0,20.0,2.0,3.0,0.0,0.0
laliga-2025-2025-10-20-alaves-v-valencia,2025-10-20,2025,laliga,Alaves,Valencia,0,0,finished,csv_cached,,13.0,5.0,3.0,2.0,13.0,20.0,1.0,2.0,0.0,0.0
laliga-2025-2025-10-24-real-sociedad-v-sevilla,2025-10-24,2025,laliga,Real Sociedad,Sevilla,2,1,finished,csv_cached,,5.0,6.0,3.0,1.0,19.0,14.0,1.0,3.0,0.0,0.0
laliga-2025-2025-10-25-valencia-v-villarreal,2025-10-25,2025,laliga,Valencia,Villarreal,0,2,finished,csv_cached,,15.0,12.0,3.0,5.0,13.0,14.0,2.0,4.0,0.0,0.0
laliga-2025-2025-10-25-ath-bilbao-v-getafe,2025-10-25,2025,laliga,Ath Bilbao,Getafe,0,1,finished,csv_cached,,7.0,8.0,4.0,3.0,15.0,14.0,1.0,3.0,0.0,0.0
laliga-2025-2025-10-25-girona-v-oviedo,2025-10-25,2025,laliga,Girona,Oviedo,3,3,finished,csv_cached,,8.0,10.0,6.0,5.0,13.0,16.0,4.0,3.0,0.0,0.0
laliga-2025-2025-10-25-espanyol-v-elche,2025-10-25,2025,laliga,Espanyol,Elche,1,0,finished,csv_cached,,16.0,13.0,7.0,4.0,14.0,15.0,4.0,2.0,0.0,0.0
laliga-2025-2025-10-26-osasuna-v-celta,2025-10-26,2025,laliga,Osasuna,Celta,2,3,finished,csv_cached,,17.0,11.0,7.0,5.0,10.0,13.0,3.0,4.0,0.0,0.0
laliga-2025-2025-10-26-rayo-vallecano-v-alaves,2025-10-26,2025,laliga,Rayo Vallecano,Alaves,1,0,finished,csv_cached,,15.0,12.0,5.0,2.0,13.0,11.0,1.0,3.0,0.0,0.0
laliga-2025-2025-10-26-real-madrid-v-barcelona,2025-10-26,2025,laliga,Real Madrid,Barcelona,2,1,finished,csv_cached,,23.0,15.0,10.0,6.0,12.0,9.0,5.0,5.0,1.0,1.0
laliga-2025-2025-10-26-mallorca-v-levante,2025-10-26,2025,laliga,Mallorca,Levante,1,1,finished,csv_cached,,20.0,13.0,4.0,5.0,8.0,13.0,3.0,2.0,0.0,0.0
laliga-2025-2025-10-27-betis-v-ath-madrid,2025-10-27,2025,laliga,Betis,Ath Madrid,0,2,finished,csv_cached,,17.0,9.0,5.0,4.0,9.0,18.0,2.0,1.0,0.0,0.0
laliga-2025-2025-10-31-getafe-v-girona,2025-10-31,2025,laliga,Getafe,Girona,2,1,finished,csv_cached,,12.0,8.0,4.0,4.0,17.0,15.0,1.0,1.0,0.0,0.0
laliga-2025-2025-11-01-real-madrid-v-valencia,2025-11-01,2025,laliga,Real Madrid,Valencia,4,0,finished,csv_cached,,21.0,4.0,11.0,1.0,14.0,7.0,1.0,1.0,0.0,0.0
laliga-2025-2025-11-01-real-sociedad-v-ath-bilbao,2025-11-01,2025,laliga,Real Sociedad,Ath Bilbao,3,2,finished,csv_cached,,9.0,11.0,5.0,4.0,20.0,8.0,2.0,3.0,0.0,0.0
laliga-2025-2025-11-01-ath-madrid-v-sevilla,2025-11-01,2025,laliga,Ath Madrid,Sevilla,3,0,finished,csv_cached,,15.0,10.0,6.0,2.0,9.0,12.0,0.0,3.0,0.0,0.0
laliga-2025-2025-11-01-villarreal-v-rayo-vallecano,2025-11-01,2025,laliga,Villarreal,Rayo Vallecano,4,0,finished,csv_cached,,16.0,13.0,7.0,3.0,7.0,11.0,1.0,1.0,0.0,0.0
laliga-2025-2025-11-02-betis-v-mallorca,2025-11-02,2025,laliga,Betis,Mallorca,3,0,finished,csv_cached,,15.0,14.0,8.0,1.0,9.0,8.0,0.0,3.0,0.0,0.0
laliga-2025-2025-11-02-barcelona-v-elche,2025-11-02,2025,laliga,Barcelona,Elche,3,1,finished,csv_cached,,17.0,9.0,5.0,3.0,12.0,16.0,0.0,1.0,0.0,0.0
laliga-2025-2025-11-02-levante-v-celta,2025-11-02,2025,laliga,Levante,Celta,1,2,finished,csv_cached,,9.0,20.0,3.0,6.0,10.0,12.0,2.0,3.0,1.0,0.0
laliga-2025-2025-11-02-alaves-v-espanyol,2025-11-02,2025,laliga,Alaves,Espanyol,2,1,finished,csv_cached,,13.0,18.0,4.0,2.0,14.0,12.0,4.0,2.0,1.0,0.0
laliga-2025-2025-11-03-oviedo-v-osasuna,2025-11-03,2025,laliga,Oviedo,Osasuna,0,0,finished,csv_cached,,8.0,11.0,2.0,5.0,17.0,17.0,3.0,1.0,0.0,0.0
laliga-2025-2025-11-07-elche-v-real-sociedad,2025-11-07,2025,laliga,Elche,Real Sociedad,1,1,finished,csv_cached,,12.0,13.0,3.0,5.0,14.0,15.0,1.0,3.0,0.0,0.0
laliga-2025-2025-11-08-sevilla-v-osasuna,2025-11-08,2025,laliga,Sevilla,Osasuna,1,0,finished,csv_cached,,10.0,9.0,4.0,3.0,21.0,13.0,5.0,3.0,0.0,0.0
laliga-2025-2025-11-08-girona-v-alaves,2025-11-08,2025,laliga,Girona,Alaves,1,0,finished,csv_cached,,10.0,14.0,2.0,5.0,9.0,15.0,0.0,3.0,0.0,0.0
laliga-2025-2025-11-08-ath-madrid-v-levante,2025-11-08,2025,laliga,Ath Madrid,Levante,3,1,finished,csv_cached,,25.0,6.0,10.0,3.0,5.0,6.0,3.0,1.0,0.0,0.0
laliga-2025-2025-11-08-espanyol-v-villarreal,2025-11-08,2025,laliga,Espanyol,Villarreal,0,2,finished,csv_cached,,14.0,9.0,3.0,3.0,9.0,9.0,0.0,2.0,0.0,0.0
laliga-2025-2025-11-09-mallorca-v-getafe,2025-11-09,2025,laliga,Mallorca,Getafe,1,0,finished,csv_cached,,6.0,14.0,4.0,3.0,15.0,8.0,0.0,2.0,0.0,0.0
laliga-2025-2025-11-09-ath-bilbao-v-oviedo,2025-11-09,2025,laliga,Ath Bilbao,Oviedo,1,0,finished,csv_cached,,21.0,5.0,7.0,2.0,12.0,8.0,1.0,1.0,0.0,0.0
laliga-2025-2025-11-09-rayo-vallecano-v-real-madrid,2025-11-09,2025,laliga,Rayo Vallecano,Real Madrid,0,0,finished,csv_cached,,13.0,21.0,2.0,5.0,17.0,7.0,3.0,2.0,0.0,0.0
laliga-2025-2025-11-09-valencia-v-betis,2025-11-09,2025,laliga,Valencia,Betis,1,1,finished,csv_cached,,17.0,9.0,4.0,2.0,13.0,10.0,3.0,3.0,0.0,0.0
laliga-2025-2025-11-09-celta-v-barcelona,2025-11-09,2025,laliga,Celta,Barcelona,2,4,finished,csv_cached,,5.0,21.0,3.0,9.0,13.0,10.0,1.0,5.0,0.0,1.0
laliga-2025-2025-11-21-valencia-v-levante,2025-11-21,2025,laliga,Valencia,Levante,1,0,finished,csv_cached,,14.0,8.0,3.0,1.0,16.0,15.0,4.0,3.0,0.0,0.0
laliga-2025-2025-11-22-alaves-v-celta,2025-11-22,2025,laliga,Alaves,Celta,0,1,finished,csv_cached,,5.0,7.0,2.0,4.0,21.0,15.0,2.0,2.0,0.0,0.0
laliga-2025-2025-11-22-barcelona-v-ath-bilbao,2025-11-22,2025,laliga,Barcelona,Ath Bilbao,4,0,finished,csv_cached,,19.0,13.0,7.0,2.0,9.0,9.0,0.0,2.0,0.0,1.0
laliga-2025-2025-11-22-osasuna-v-real-sociedad,2025-11-22,2025,laliga,Osasuna,Real Sociedad,1,3,finished,csv_cached,,14.0,19.0,4.0,9.0,13.0,7.0,3.0,2.0,1.0,0.0
laliga-2025-2025-11-22-villarreal-v-mallorca,2025-11-22,2025,laliga,Villarreal,Mallorca,2,1,finished,csv_cached,,14.0,9.0,7.0,3.0,17.0,8.0,2.0,2.0,0.0,0.0
laliga-2025-2025-11-23-betis-v-girona,2025-11-23,2025,laliga,Betis,Girona,1,1,finished,csv_cached,,23.0,11.0,7.0,4.0,10.0,16.0,3.0,4.0,1.0,0.0
laliga-2025-2025-11-23-oviedo-v-rayo-vallecano,2025-11-23,2025,laliga,Oviedo,Rayo Vallecano,0,0,finished,csv_cached,,8.0,11.0,3.0,3.0,11.0,13.0,1.0,2.0,1.0,1.0
laliga-2025-2025-11-23-getafe-v-ath-madrid,2025-11-23,2025,laliga,Getafe,Ath Madrid,0,1,finished,csv_cached,,9.0,13.0,1.0,6.0,9.0,17.0,2.0,3.0,0.0,0.0
laliga-2025-2025-11-23-elche-v-real-madrid,2025-11-23,2025,laliga,Elche,Real Madrid,2,2,finished,csv_cached,,15.0,20.0,6.0,7.0,10.0,8.0,4.0,0.0,1.0,0.0
laliga-2025-2025-11-24-espanyol-v-sevilla,2025-11-24,2025,laliga,Espanyol,Sevilla,2,1,finished,csv_cached,,8.0,22.0,5.0,6.0,18.0,7.0,4.0,1.0,0.0,0.0
laliga-2025-2025-11-28-getafe-v-elche,2025-11-28,2025,laliga,Getafe,Elche,1,0,finished,csv_cached,,15.0,9.0,6.0,4.0,18.0,11.0,2.0,2.0,0.0,0.0
laliga-2025-2025-11-29-mallorca-v-osasuna,2025-11-29,2025,laliga,Mallorca,Osasuna,2,2,finished,csv_cached,,7.0,14.0,4.0,2.0,10.0,15.0,3.0,4.0,0.0,0.0
laliga-2025-2025-11-29-barcelona-v-alaves,2025-11-29,2025,laliga,Barcelona,Alaves,3,1,finished,csv_cached,,18.0,9.0,6.0,2.0,10.0,17.0,2.0,3.0,0.0,0.0
laliga-2025-2025-11-29-levante-v-ath-bilbao,2025-11-29,2025,laliga,Levante,Ath Bilbao,0,2,finished,csv_cached,,11.0,14.0,4.0,4.0,11.0,19.0,3.0,2.0,0.0,0.0
laliga-2025-2025-11-29-ath-madrid-v-oviedo,2025-11-29,2025,laliga,Ath Madrid,Oviedo,2,0,finished,csv_cached,,14.0,12.0,8.0,1.0,5.0,8.0,0.0,1.0,0.0,0.0
laliga-2025-2025-11-30-real-sociedad-v-villarreal,2025-11-30,2025,laliga,Real Sociedad,Villarreal,2,3,finished,csv_cached,,18.0,10.0,7.0,5.0,15.0,18.0,3.0,7.0,0.0,0.0
laliga-2025-2025-11-30-sevilla-v-betis,2025-11-30,2025,laliga,Sevilla,Betis,0,2,finished,csv_cached,,9.0,9.0,3.0,4.0,14.0,22.0,2.0,3.0,1.0,0.0
laliga-2025-2025-11-30-celta-v-espanyol,2025-11-30,2025,laliga,Celta,Espanyol,0,1,finished,csv_cached,,11.0,9.0,4.0,2.0,12.0,15.0,1.0,2.0,0.0,0.0
laliga-2025-2025-11-30-girona-v-real-madrid,2025-11-30,2025,laliga,Girona,Real Madrid,1,1,finished,csv_cached,,10.0,25.0,4.0,4.0,9.0,13.0,3.0,0.0,0.0,0.0
laliga-2025-2025-12-01-rayo-vallecano-v-valencia,2025-12-01,2025,laliga,Rayo Vallecano,Valencia,1,1,finished,csv_cached,,19.0,10.0,7.0,2.0,11.0,9.0,1.0,1.0,0.0,0.0
laliga-2025-2025-12-02-barcelona-v-ath-madrid,2025-12-02,2025,laliga,Barcelona,Ath Madrid,3,1,finished,csv_cached,,19.0,7.0,6.0,2.0,12.0,9.0,1.0,1.0,0.0,0.0
laliga-2025-2025-12-03-ath-bilbao-v-real-madrid,2025-12-03,2025,laliga,Ath Bilbao,Real Madrid,0,3,finished,csv_cached,,9.0,13.0,4.0,8.0,15.0,4.0,2.0,0.0,0.0,0.0
laliga-2025-2025-12-05-oviedo-v-mallorca,2025-12-05,2025,laliga,Oviedo,Mallorca,0,0,finished,csv_cached,,15.0,13.0,3.0,6.0,14.0,12.0,2.0,1.0,2.0,0.0
laliga-2025-2025-12-06-alaves-v-real-sociedad,2025-12-06,2025,laliga,Alaves,Real Sociedad,1,0,finished,csv_cached,,14.0,10.0,3.0,1.0,20.0,16.0,2.0,2.0,0.0,0.0
laliga-2025-2025-12-06-villarreal-v-getafe,2025-12-06,2025,laliga,Villarreal,Getafe,2,0,finished,csv_cached,,10.0,6.0,5.0,0.0,19.0,15.0,2.0,4.0,0.0,1.0
laliga-2025-2025-12-06-ath-bilbao-v-ath-madrid,2025-12-06,2025,laliga,Ath Bilbao,Ath Madrid,1,0,finished,csv_cached,,14.0,7.0,3.0,3.0,9.0,12.0,3.0,2.0,0.0,0.0
laliga-2025-2025-12-06-betis-v-barcelona,2025-12-06,2025,laliga,Betis,Barcelona,3,5,finished,csv_cached,,17.0,16.0,5.0,8.0,14.0,9.0,5.0,2.0,0.0,0.0
laliga-2025-2025-12-07-elche-v-girona,2025-12-07,2025,laliga,Elche,Girona,3,0,finished,csv_cached,,11.0,8.0,6.0,4.0,18.0,13.0,0.0,3.0,0.0,0.0
laliga-2025-2025-12-07-valencia-v-sevilla,2025-12-07,2025,laliga,Valencia,Sevilla,1,1,finished,csv_cached,,11.0,4.0,3.0,1.0,12.0,18.0,3.0,6.0,0.0,0.0
laliga-2025-2025-12-07-espanyol-v-rayo-vallecano,2025-12-07,2025,laliga,Espanyol,Rayo Vallecano,1,0,finished,csv_cached,,9.0,6.0,2.0,2.0,19.0,22.0,4.0,8.0,1.0,1.0
laliga-2025-2025-12-07-real-madrid-v-celta,2025-12-07,2025,laliga,Real Madrid,Celta,0,2,finished,csv_cached,,23.0,7.0,7.0,5.0,6.0,12.0,6.0,1.0,3.0,0.0
laliga-2025-2025-12-08-osasuna-v-levante,2025-12-08,2025,laliga,Osasuna,Levante,2,0,finished,csv_cached,,14.0,11.0,6.0,5.0,15.0,7.0,2.0,2.0,0.0,0.0
laliga-2025-2025-12-12-real-sociedad-v-girona,2025-12-12,2025,laliga,Real Sociedad,Girona,1,2,finished,csv_cached,,9.0,14.0,4.0,3.0,20.0,5.0,1.0,2.0,0.0,0.0
laliga-2025-2025-12-13-ath-madrid-v-valencia,2025-12-13,2025,laliga,Ath Madrid,Valencia,2,1,finished,csv_cached,,10.0,13.0,6.0,2.0,13.0,11.0,3.0,1.0,0.0,0.0
laliga-2025-2025-12-13-mallorca-v-elche,2025-12-13,2025,laliga,Mallorca,Elche,3,1,finished,csv_cached,,15.0,9.0,8.0,0.0,13.0,13.0,3.0,0.0,0.0,0.0
laliga-2025-2025-12-13-barcelona-v-osasuna,2025-12-13,2025,laliga,Barcelona,Osasuna,2,0,finished,csv_cached,,24.0,3.0,7.0,2.0,5.0,8.0,0.0,3.0,0.0,0.0
laliga-2025-2025-12-13-getafe-v-espanyol,2025-12-13,2025,laliga,Getafe,Espanyol,0,1,finished,csv_cached,,11.0,6.0,1.0,4.0,18.0,17.0,5.0,1.0,0.0,0.0
laliga-2025-2025-12-14-sevilla-v-oviedo,2025-12-14,2025,laliga,Sevilla,Oviedo,4,0,finished,csv_cached,,13.0,5.0,7.0,1.0,11.0,12.0,1.0,2.0,0.0,1.0
laliga-2025-2025-12-14-celta-v-ath-bilbao,2025-12-14,2025,laliga,Celta,Ath Bilbao,2,0,finished,csv_cached,,5.0,14.0,2.0,2.0,11.0,13.0,3.0,2.0,0.0,0.0
laliga-2025-2025-12-14-alaves-v-real-madrid,2025-12-14,2025,laliga,Alaves,Real Madrid,1,2,finished,csv_cached,,6.0,13.0,2.0,6.0,12.0,13.0,3.0,1.0,0.0,0.0
laliga-2025-2025-12-15-rayo-vallecano-v-betis,2025-12-15,2025,laliga,Rayo Vallecano,Betis,0,0,finished,csv_cached,,23.0,13.0,7.0,6.0,10.0,7.0,4.0,1.0,0.0,0.0
laliga-2025-2025-12-19-valencia-v-mallorca,2025-12-19,2025,laliga,Valencia,Mallorca,1,1,finished,csv_cached,,17.0,4.0,2.0,2.0,10.0,12.0,2.0,3.0,0.0,0.0
laliga-2025-2025-12-20-levante-v-real-sociedad,2025-12-20,2025,laliga,Levante,Real Sociedad,1,1,finished,csv_cached,,13.0,18.0,3.0,6.0,16.0,13.0,6.0,2.0,0.0,0.0
laliga-2025-2025-12-20-oviedo-v-celta,2025-12-20,2025,laliga,Oviedo,Celta,0,0,finished,csv_cached,,10.0,6.0,3.0,2.0,14.0,7.0,2.0,1.0,0.0,0.0
laliga-2025-2025-12-20-real-madrid-v-sevilla,2025-12-20,2025,laliga,Real Madrid,Sevilla,2,0,finished,csv_cached,,18.0,14.0,8.0,5.0,13.0,19.0,2.0,5.0,0.0,1.0
laliga-2025-2025-12-20-osasuna-v-alaves,2025-12-20,2025,laliga,Osasuna,Alaves,3,0,finished,csv_cached,,16.0,7.0,7.0,3.0,16.0,11.0,2.0,2.0,0.0,0.0
laliga-2025-2025-12-21-betis-v-getafe,2025-12-21,2025,laliga,Betis,Getafe,4,0,finished,csv_cached,,19.0,15.0,8.0,3.0,13.0,12.0,0.0,1.0,0.0,0.0
laliga-2025-2025-12-21-elche-v-rayo-vallecano,2025-12-21,2025,laliga,Elche,Rayo Vallecano,4,0,finished,csv_cached,,18.0,18.0,6.0,8.0,15.0,11.0,2.0,3.0,0.0,0.0
laliga-2025-2025-12-21-girona-v-ath-madrid,2025-12-21,2025,laliga,Girona,Ath Madrid,0,3,finished,csv_cached,,9.0,14.0,2.0,6.0,7.0,14.0,2.0,0.0,0.0,0.0
laliga-2025-2025-12-21-villarreal-v-barcelona,2025-12-21,2025,laliga,Villarreal,Barcelona,0,2,finished,csv_cached,,14.0,19.0,5.0,5.0,10.0,8.0,1.0,1.0,1.0,0.0
laliga-2025-2025-12-22-ath-bilbao-v-espanyol,2025-12-22,2025,laliga,Ath Bilbao,Espanyol,1,2,finished,csv_cached,,17.0,10.0,7.0,5.0,10.0,9.0,5.0,2.0,0.0,0.0
laliga-2025-2026-01-02-rayo-vallecano-v-getafe,2026-01-02,2025,laliga,Rayo Vallecano,Getafe,1,1,finished,csv_cached,,13.0,12.0,4.0,4.0,13.0,10.0,3.0,4.0,0.0,0.0
laliga-2025-2026-01-03-espanyol-v-barcelona,2026-01-03,2025,laliga,Espanyol,Barcelona,0,2,finished,csv_cached,,14.0,15.0,7.0,6.0,10.0,14.0,1.0,0.0,0.0,0.0
laliga-2025-2026-01-03-osasuna-v-ath-bilbao,2026-01-03,2025,laliga,Osasuna,Ath Bilbao,1,1,finished,csv_cached,,11.0,16.0,4.0,6.0,12.0,19.0,3.0,3.0,0.0,0.0
laliga-2025-2026-01-03-celta-v-valencia,2026-01-03,2025,laliga,Celta,Valencia,4,1,finished,csv_cached,,12.0,16.0,6.0,5.0,10.0,9.0,1.0,3.0,0.0,0.0
laliga-2025-2026-01-03-elche-v-villarreal,2026-01-03,2025,laliga,Elche,Villarreal,1,3,finished,csv_cached,,15.0,12.0,2.0,4.0,8.0,11.0,3.0,3.0,0.0,0.0
laliga-2025-2026-01-04-sevilla-v-levante,2026-01-04,2025,laliga,Sevilla,Levante,0,3,finished,csv_cached,,15.0,6.0,7.0,4.0,16.0,10.0,3.0,4.0,0.0,0.0
laliga-2025-2026-01-04-real-madrid-v-betis,2026-01-04,2025,laliga,Real Madrid,Betis,5,1,finished,csv_cached,,19.0,13.0,9.0,5.0,10.0,12.0,1.0,1.0,0.0,0.0
laliga-2025-2026-01-04-alaves-v-oviedo,2026-01-04,2025,laliga,Alaves,Oviedo,1,1,finished,csv_cached,,18.0,18.0,7.0,6.0,11.0,20.0,3.0,3.0,1.0,1.0
laliga-2025-2026-01-04-mallorca-v-girona,2026-01-04,2025,laliga,Mallorca,Girona,1,2,finished,csv_cached,,9.0,9.0,2.0,4.0,10.0,14.0,2.0,1.0,0.0,0.0
laliga-2025-2026-01-04-real-sociedad-v-ath-madrid,2026-01-04,2025,laliga,Real Sociedad,Ath Madrid,1,1,finished,csv_cached,,18.0,10.0,8.0,2.0,11.0,13.0,3.0,2.0,0.0,0.0
laliga-2025-2026-01-09-getafe-v-real-sociedad,2026-01-09,2025,laliga,Getafe,Real Sociedad,1,2,finished,csv_cached,,6.0,12.0,3.0,5.0,17.0,17.0,2.0,1.0,0.0,0.0
laliga-2025-2026-01-10-oviedo-v-betis,2026-01-10,2025,laliga,Oviedo,Betis,1,1,finished,csv_cached,,13.0,15.0,3.0,6.0,15.0,8.0,3.0,1.0,0.0,0.0
laliga-2025-2026-01-10-villarreal-v-alaves,2026-01-10,2025,laliga,Villarreal,Alaves,3,1,finished,csv_cached,,11.0,16.0,4.0,5.0,10.0,14.0,0.0,2.0,0.0,0.0
laliga-2025-2026-01-10-valencia-v-elche,2026-01-10,2025,laliga,Valencia,Elche,1,1,finished,csv_cached,,16.0,5.0,4.0,1.0,14.0,14.0,2.0,3.0,0.0,0.0
laliga-2025-2026-01-10-girona-v-osasuna,2026-01-10,2025,laliga,Girona,Osasuna,1,0,finished,csv_cached,,8.0,13.0,4.0,1.0,14.0,13.0,2.0,6.0,1.0,0.0
laliga-2025-2026-01-11-rayo-vallecano-v-mallorca,2026-01-11,2025,laliga,Rayo Vallecano,Mallorca,2,1,finished,csv_cached,,14.0,9.0,5.0,2.0,14.0,14.0,1.0,5.0,1.0,0.0
laliga-2025-2026-01-11-levante-v-espanyol,2026-01-11,2025,laliga,Levante,Espanyol,1,1,finished,csv_cached,,8.0,19.0,2.0,3.0,10.0,9.0,0.0,1.0,0.0,0.0
laliga-2025-2026-01-12-sevilla-v-celta,2026-01-12,2025,laliga,Sevilla,Celta,0,1,finished,csv_cached,,7.0,9.0,2.0,7.0,16.0,16.0,3.0,3.0,0.0,0.0
laliga-2025-2026-01-16-espanyol-v-girona,2026-01-16,2025,laliga,Espanyol,Girona,0,2,finished,csv_cached,,14.0,7.0,2.0,4.0,17.0,17.0,5.0,5.0,0.0,0.0
laliga-2025-2026-01-17-real-madrid-v-levante,2026-01-17,2025,laliga,Real Madrid,Levante,2,0,finished,csv_cached,,26.0,10.0,11.0,0.0,12.0,14.0,2.0,1.0,0.0,0.0
laliga-2025-2026-01-17-mallorca-v-ath-bilbao,2026-01-17,2025,laliga,Mallorca,Ath Bilbao,3,2,finished,csv_cached,,18.0,21.0,9.0,11.0,10.0,10.0,1.0,5.0,0.0,2.0
laliga-2025-2026-01-17-osasuna-v-oviedo,2026-01-17,2025,laliga,Osasuna,Oviedo,3,2,finished,csv_cached,,16.0,13.0,5.0,5.0,14.0,15.0,1.0,4.0,1.0,0.0
laliga-2025-2026-01-17-betis-v-villarreal,2026-01-17,2025,laliga,Betis,Villarreal,2,0,finished,csv_cached,,15.0,9.0,6.0,3.0,14.0,13.0,3.0,2.0,0.0,1.0
laliga-2025-2026-01-18-real-sociedad-v-barcelona,2026-01-18,2025,laliga,Real Sociedad,Barcelona,2,1,finished,csv_cached,,8.0,25.0,6.0,9.0,13.0,8.0,3.0,3.0,1.0,0.0
laliga-2025-2026-01-18-celta-v-rayo-vallecano,2026-01-18,2025,laliga,Celta,Rayo Vallecano,3,0,finished,csv_cached,,11.0,14.0,7.0,3.0,7.0,14.0,4.0,3.0,0.0,1.0
laliga-2025-2026-01-18-getafe-v-valencia,2026-01-18,2025,laliga,Getafe,Valencia,0,1,finished,csv_cached,,14.0,7.0,3.0,1.0,8.0,18.0,2.0,3.0,0.0,1.0
laliga-2025-2026-01-18-ath-madrid-v-alaves,2026-01-18,2025,laliga,Ath Madrid,Alaves,1,0,finished,csv_cached,,23.0,8.0,6.0,0.0,13.0,5.0,1.0,1.0,0.0,0.0
laliga-2025-2026-01-19-elche-v-sevilla,2026-01-19,2025,laliga,Elche,Sevilla,2,2,finished,csv_cached,,10.0,25.0,5.0,8.0,11.0,12.0,3.0,1.0,0.0,0.0
laliga-2025-2026-01-23-levante-v-elche,2026-01-23,2025,laliga,Levante,Elche,3,2,finished,csv_cached,,26.0,6.0,6.0,3.0,13.0,13.0,2.0,3.0,0.0,0.0
laliga-2025-2026-01-24-villarreal-v-real-madrid,2026-01-24,2025,laliga,Villarreal,Real Madrid,0,2,finished,csv_cached,,8.0,14.0,1.0,4.0,19.0,10.0,3.0,1.0,0.0,0.0
laliga-2025-2026-01-24-sevilla-v-ath-bilbao,2026-01-24,2025,laliga,Sevilla,Ath Bilbao,2,1,finished,csv_cached,,10.0,15.0,7.0,3.0,16.0,12.0,2.0,1.0,0.0,0.0
laliga-2025-2026-01-24-rayo-vallecano-v-osasuna,2026-01-24,2025,laliga,Rayo Vallecano,Osasuna,1,3,finished,csv_cached,,11.0,14.0,4.0,5.0,12.0,15.0,2.0,2.0,0.0,0.0
laliga-2025-2026-01-24-valencia-v-espanyol,2026-01-24,2025,laliga,Valencia,Espanyol,3,2,finished,csv_cached,,10.0,16.0,5.0,6.0,13.0,10.0,1.0,5.0,0.0,0.0
laliga-2025-2026-01-25-alaves-v-betis,2026-01-25,2025,laliga,Alaves,Betis,2,1,finished,csv_cached,,17.0,18.0,9.0,4.0,17.0,11.0,1.0,1.0,0.0,0.0
laliga-2025-2026-01-25-real-sociedad-v-celta,2026-01-25,2025,laliga,Real Sociedad,Celta,3,1,finished,csv_cached,,10.0,17.0,4.0,4.0,7.0,13.0,1.0,1.0,1.0,0.0
laliga-2025-2026-01-25-barcelona-v-oviedo,2026-01-25,2025,laliga,Barcelona,Oviedo,3,0,finished,csv_cached,,15.0,12.0,7.0,3.0,8.0,21.0,1.0,2.0,0.0,0.0
laliga-2025-2026-01-25-ath-madrid-v-mallorca,2026-01-25,2025,laliga,Ath Madrid,Mallorca,3,0,finished,csv_cached,,17.0,6.0,8.0,1.0,10.0,7.0,2.0,1.0,0.0,0.0
laliga-2025-2026-01-26-girona-v-getafe,2026-01-26,2025,laliga,Girona,Getafe,1,1,finished,csv_cached,,12.0,8.0,4.0,2.0,13.0,15.0,5.0,3.0,0.0,0.0
laliga-2025-2026-01-30-espanyol-v-alaves,2026-01-30,2025,laliga,Espanyol,Alaves,1,2,finished,csv_cached,,10.0,11.0,3.0,7.0,15.0,15.0,0.0,1.0,0.0,0.0
laliga-2025-2026-01-31-oviedo-v-girona,2026-01-31,2025,laliga,Oviedo,Girona,1,0,finished,csv_cached,,8.0,9.0,4.0,1.0,12.0,16.0,1.0,1.0,0.0,0.0
laliga-2025-2026-01-31-osasuna-v-villarreal,2026-01-31,2025,laliga,Osasuna,Villarreal,2,2,finished,csv_cached,,15.0,5.0,5.0,4.0,15.0,7.0,2.0,2.0,0.0,0.0
laliga-2025-2026-01-31-levante-v-ath-madrid,2026-01-31,2025,laliga,Levante,Ath Madrid,0,0,finished,csv_cached,,10.0,10.0,2.0,4.0,11.0,12.0,2.0,1.0,0.0,0.0
laliga-2025-2026-01-31-elche-v-barcelona,2026-01-31,2025,laliga,Elche,Barcelona,1,3,finished,csv_cached,,9.0,30.0,3.0,8.0,15.0,9.0,2.0,1.0,0.0,0.0
laliga-2025-2026-02-01-betis-v-valencia,2026-02-01,2025,laliga,Betis,Valencia,2,1,finished,csv_cached,,14.0,15.0,2.0,4.0,15.0,13.0,0.0,4.0,0.0,0.0
laliga-2025-2026-02-01-real-madrid-v-rayo-vallecano,2026-02-01,2025,laliga,Real Madrid,Rayo Vallecano,2,1,finished,csv_cached,,16.0,11.0,6.0,4.0,6.0,18.0,2.0,8.0,0.0,2.0
laliga-2025-2026-02-01-getafe-v-celta,2026-02-01,2025,laliga,Getafe,Celta,0,0,finished,csv_cached,,9.0,5.0,2.0,1.0,16.0,14.0,1.0,2.0,0.0,0.0
laliga-2025-2026-02-01-ath-bilbao-v-real-sociedad,2026-02-01,2025,laliga,Ath Bilbao,Real Sociedad,1,1,finished,csv_cached,,19.0,9.0,4.0,6.0,14.0,14.0,4.0,2.0,0.0,1.0
laliga-2025-2026-02-02-mallorca-v-sevilla,2026-02-02,2025,laliga,Mallorca,Sevilla,4,1,finished,csv_cached,,11.0,15.0,7.0,5.0,16.0,8.0,1.0,1.0,0.0,0.0
laliga-2025-2026-02-06-celta-v-osasuna,2026-02-06,2025,laliga,Celta,Osasuna,1,2,finished,csv_cached,,18.0,8.0,4.0,2.0,9.0,14.0,2.0,2.0,0.0,0.0
laliga-2025-2026-02-07-real-sociedad-v-elche,2026-02-07,2025,laliga,Real Sociedad,Elche,3,1,finished,csv_cached,,11.0,11.0,3.0,5.0,14.0,8.0,0.0,4.0,0.0,0.0
laliga-2025-2026-02-07-barcelona-v-mallorca,2026-02-07,2025,laliga,Barcelona,Mallorca,3,0,finished,csv_cached,,24.0,9.0,7.0,4.0,7.0,9.0,0.0,0.0,0.0,0.0
laliga-2025-2026-02-08-valencia-v-real-madrid,2026-02-08,2025,laliga,Valencia,Real Madrid,0,2,finished,csv_cached,,7.0,11.0,0.0,6.0,10.0,13.0,1.0,1.0,0.0,0.0
laliga-2025-2026-02-08-ath-madrid-v-betis,2026-02-08,2025,laliga,Ath Madrid,Betis,0,1,finished,csv_cached,,10.0,8.0,5.0,4.0,12.0,3.0,3.0,1.0,0.0,0.0
laliga-2025-2026-02-08-ath-bilbao-v-levante,2026-02-08,2025,laliga,Ath Bilbao,Levante,4,2,finished,csv_cached,,22.0,6.0,7.0,3.0,17.0,10.0,2.0,1.0,0.0,1.0
laliga-2025-2026-02-08-alaves-v-getafe,2026-02-08,2025,laliga,Alaves,Getafe,0,2,finished,csv_cached,,13.0,17.0,5.0,5.0,20.0,20.0,2.0,5.0,0.0,0.0
laliga-2025-2026-02-08-sevilla-v-girona,2026-02-08,2025,laliga,Sevilla,Girona,1,1,finished,csv_cached,,11.0,15.0,3.0,6.0,16.0,13.0,3.0,3.0,0.0,0.0
laliga-2025-2026-02-09-villarreal-v-espanyol,2026-02-09,2025,laliga,Villarreal,Espanyol,4,1,finished,csv_cached,,10.0,9.0,3.0,2.0,18.0,11.0,3.0,3.0,0.0,0.0
laliga-2025-2026-02-13-elche-v-osasuna,2026-02-13,2025,laliga,Elche,Osasuna,0,0,finished,csv_cached,,17.0,6.0,5.0,2.0,13.0,18.0,2.0,4.0,0.0,0.0
laliga-2025-2026-02-14-real-madrid-v-real-sociedad,2026-02-14,2025,laliga,Real Madrid,Real Sociedad,4,1,finished,csv_cached,,11.0,13.0,5.0,3.0,10.0,9.0,1.0,1.0,0.0,0.0
laliga-2025-2026-02-14-sevilla-v-alaves,2026-02-14,2025,laliga,Sevilla,Alaves,1,1,finished,csv_cached,,4.0,12.0,2.0,1.0,16.0,13.0,5.0,0.0,2.0,0.0
laliga-2025-2026-02-14-espanyol-v-celta,2026-02-14,2025,laliga,Espanyol,Celta,2,2,finished,csv_cached,,9.0,14.0,3.0,5.0,9.0,11.0,1.0,0.0,0.0,0.0
laliga-2025-2026-02-14-getafe-v-villarreal,2026-02-14,2025,laliga,Getafe,Villarreal,2,1,finished,csv_cached,,5.0,8.0,2.0,2.0,21.0,17.0,2.0,3.0,0.0,0.0
laliga-2025-2026-02-15-oviedo-v-ath-bilbao,2026-02-15,2025,laliga,Oviedo,Ath Bilbao,1,2,finished,csv_cached,,7.0,13.0,1.0,4.0,8.0,20.0,2.0,3.0,0.0,0.0
laliga-2025-2026-02-15-rayo-vallecano-v-ath-madrid,2026-02-15,2025,laliga,Rayo Vallecano,Ath Madrid,3,0,finished,csv_cached,,13.0,9.0,9.0,3.0,10.0,13.0,1.0,3.0,0.0,0.0
laliga-2025-2026-02-15-levante-v-valencia,2026-02-15,2025,laliga,Levante,Valencia,0,2,finished,csv_cached,,9.0,5.0,1.0,2.0,11.0,10.0,3.0,2.0,1.0,0.0
laliga-2025-2026-02-15-mallorca-v-betis,2026-02-15,2025,laliga,Mallorca,Betis,1,2,finished,csv_cached,,14.0,17.0,3.0,8.0,16.0,10.0,4.0,3.0,0.0,0.0
laliga-2025-2026-02-16-girona-v-barcelona,2026-02-16,2025,laliga,Girona,Barcelona,2,1,finished,csv_cached,,13.0,27.0,9.0,4.0,10.0,6.0,1.0,2.0,1.0,0.0
laliga-2025-2026-02-18-levante-v-villarreal,2026-02-18,2025,laliga,Levante,Villarreal,0,1,finished,csv_cached,,16.0,15.0,4.0,6.0,13.0,20.0,3.0,4.0,0.0,0.0
laliga-2025-2026-02-20-ath-bilbao-v-elche,2026-02-20,2025,laliga,Ath Bilbao,Elche,2,1,finished,csv_cached,,18.0,2.0,8.0,2.0,18.0,9.0,3.0,3.0,0.0,0.0
laliga-2025-2026-02-21-osasuna-v-real-madrid,2026-02-21,2025,laliga,Osasuna,Real Madrid,2,1,finished,csv_cached,,13.0,15.0,2.0,5.0,19.0,10.0,2.0,4.0,0.0,0.0
laliga-2025-2026-02-21-ath-madrid-v-espanyol,2026-02-21,2025,laliga,Ath Madrid,Espanyol,4,2,finished,csv_cached,,18.0,8.0,9.0,2.0,8.0,10.0,0.0,1.0,0.0,0.0
laliga-2025-2026-02-21-real-sociedad-v-oviedo,2026-02-21,2025,laliga,Real Sociedad,Oviedo,3,3,finished,csv_cached,,15.0,14.0,8.0,6.0,13.0,16.0,2.0,1.0,0.0,0.0
laliga-2025-2026-02-21-betis-v-rayo-vallecano,2026-02-21,2025,laliga,Betis,Rayo Vallecano,1,1,finished,csv_cached,,14.0,12.0,3.0,3.0,14.0,13.0,4.0,3.0,0.0,0.0
laliga-2025-2026-02-22-villarreal-v-valencia,2026-02-22,2025,laliga,Villarreal,Valencia,2,1,finished,csv_cached,,12.0,8.0,5.0,3.0,7.0,16.0,2.0,4.0,0.0,0.0
laliga-2025-2026-02-22-celta-v-mallorca,2026-02-22,2025,laliga,Celta,Mallorca,2,0,finished,csv_cached,,20.0,1.0,7.0,0.0,11.0,10.0,1.0,5.0,0.0,0.0
laliga-2025-2026-02-22-getafe-v-sevilla,2026-02-22,2025,laliga,Getafe,Sevilla,0,1,finished,csv_cached,,6.0,6.0,3.0,1.0,5.0,18.0,1.0,1.0,1.0,0.0
laliga-2025-2026-02-22-barcelona-v-levante,2026-02-22,2025,laliga,Barcelona,Levante,3,0,finished,csv_cached,,22.0,5.0,9.0,2.0,12.0,10.0,2.0,1.0,0.0,0.0
laliga-2025-2026-02-23-alaves-v-girona,2026-02-23,2025,laliga,Alaves,Girona,2,2,finished,csv_cached,,17.0,10.0,6.0,5.0,18.0,6.0,2.0,2.0,0.0,0.0
laliga-2025-2026-02-27-levante-v-alaves,2026-02-27,2025,laliga,Levante,Alaves,2,0,finished,csv_cached,,22.0,17.0,5.0,7.0,14.0,16.0,1.0,6.0,0.0,1.0
laliga-2025-2026-02-28-rayo-vallecano-v-ath-bilbao,2026-02-28,2025,laliga,Rayo Vallecano,Ath Bilbao,1,1,finished,csv_cached,,15.0,8.0,7.0,2.0,8.0,17.0,2.0,3.0,0.0,0.0
laliga-2025-2026-02-28-barcelona-v-villarreal,2026-02-28,2025,laliga,Barcelona,Villarreal,4,1,finished,csv_cached,,19.0,6.0,8.0,1.0,11.0,9.0,2.0,1.0,0.0,0.0
laliga-2025-2026-02-28-mallorca-v-real-sociedad,2026-02-28,2025,laliga,Mallorca,Real Sociedad,0,1,finished,csv_cached,,6.0,12.0,1.0,2.0,6.0,22.0,0.0,2.0,0.0,0.0
laliga-2025-2026-02-28-oviedo-v-ath-madrid,2026-02-28,2025,laliga,Oviedo,Ath Madrid,0,1,finished,csv_cached,,16.0,12.0,6.0,1.0,12.0,6.0,2.0,2.0,0.0,0.0
laliga-2025-2026-03-01-elche-v-espanyol,2026-03-01,2025,laliga,Elche,Espanyol,2,2,finished,csv_cached,,17.0,9.0,9.0,4.0,14.0,23.0,1.0,6.0,0.0,1.0
laliga-2025-2026-03-01-valencia-v-osasuna,2026-03-01,2025,laliga,Valencia,Osasuna,1,0,finished,csv_cached,,14.0,8.0,1.0,0.0,14.0,13.0,3.0,3.0,0.0,0.0
laliga-2025-2026-03-01-betis-v-sevilla,2026-03-01,2025,laliga,Betis,Sevilla,2,2,finished,csv_cached,,9.0,14.0,2.0,6.0,12.0,15.0,3.0,3.0,0.0,0.0
laliga-2025-2026-03-01-girona-v-celta,2026-03-01,2025,laliga,Girona,Celta,1,2,finished,csv_cached,,15.0,7.0,7.0,5.0,9.0,8.0,2.0,2.0,0.0,0.0
laliga-2025-2026-03-02-real-madrid-v-getafe,2026-03-02,2025,laliga,Real Madrid,Getafe,0,1,finished,csv_cached,,18.0,9.0,7.0,3.0,11.0,17.0,4.0,6.0,1.0,1.0
laliga-2025-2026-03-04-rayo-vallecano-v-oviedo,2026-03-04,2025,laliga,Rayo Vallecano,Oviedo,3,0,finished,csv_cached,,19.0,8.0,7.0,2.0,10.0,10.0,0.0,2.0,0.0,0.0
laliga-2025-2026-03-06-celta-v-real-madrid,2026-03-06,2025,laliga,Celta,Real Madrid,1,2,finished,csv_cached,,8.0,14.0,4.0,3.0,4.0,12.0,1.0,2.0,0.0,0.0
laliga-2025-2026-03-07-ath-madrid-v-real-sociedad,2026-03-07,2025,laliga,Ath Madrid,Real Sociedad,3,2,finished,csv_cached,,24.0,7.0,9.0,3.0,6.0,10.0,1.0,1.0,0.0,0.0
laliga-2025-2026-03-07-ath-bilbao-v-barcelona,2026-03-07,2025,laliga,Ath Bilbao,Barcelona,0,1,finished,csv_cached,,10.0,7.0,3.0,2.0,11.0,9.0,2.0,1.0,0.0,0.0
laliga-2025-2026-03-07-levante-v-girona,2026-03-07,2025,laliga,Levante,Girona,1,1,finished,csv_cached,,14.0,22.0,4.0,5.0,15.0,9.0,2.0,2.0,1.0,0.0
laliga-2025-2026-03-07-osasuna-v-mallorca,2026-03-07,2025,laliga,Osasuna,Mallorca,2,2,finished,csv_cached,,22.0,8.0,5.0,4.0,11.0,12.0,2.0,5.0,1.0,1.0
laliga-2025-2026-03-08-valencia-v-alaves,2026-03-08,2025,laliga,Valencia,Alaves,3,2,finished,csv_cached,,19.0,10.0,8.0,4.0,9.0,17.0,1.0,6.0,0.0,2.0
laliga-2025-2026-03-08-sevilla-v-rayo-vallecano,2026-03-08,2025,laliga,Sevilla,Rayo Vallecano,1,1,finished,csv_cached,,11.0,9.0,2.0,2.0,13.0,15.0,1.0,3.0,0.0,0.0
laliga-2025-2026-03-08-villarreal-v-elche,2026-03-08,2025,laliga,Villarreal,Elche,2,1,finished,csv_cached,,16.0,13.0,7.0,6.0,11.0,16.0,1.0,2.0,0.0,0.0
laliga-2025-2026-03-08-getafe-v-betis,2026-03-08,2025,laliga,Getafe,Betis,2,0,finished,csv_cached,,9.0,14.0,5.0,5.0,19.0,8.0,3.0,2.0,0.0,0.0
laliga-2025-2026-03-09-espanyol-v-oviedo,2026-03-09,2025,laliga,Espanyol,Oviedo,1,1,finished,csv_cached,,28.0,6.0,9.0,3.0,19.0,13.0,3.0,2.0,0.0,0.0
laliga-2025-2026-03-13-alaves-v-villarreal,2026-03-13,2025,laliga,Alaves,Villarreal,1,1,finished,csv_cached,,8.0,10.0,0.0,4.0,19.0,11.0,4.0,1.0,0.0,0.0
laliga-2025-2026-03-14-real-madrid-v-elche,2026-03-14,2025,laliga,Real Madrid,Elche,4,1,finished,csv_cached,,14.0,11.0,6.0,1.0,11.0,21.0,1.0,3.0,0.0,0.0
laliga-2025-2026-03-14-girona-v-ath-bilbao,2026-03-14,2025,laliga,Girona,Ath Bilbao,3,0,finished,csv_cached,,14.0,20.0,6.0,9.0,8.0,16.0,0.0,2.0,0.0,0.0
laliga-2025-2026-03-14-ath-madrid-v-getafe,2026-03-14,2025,laliga,Ath Madrid,Getafe,1,0,finished,csv_cached,,16.0,7.0,5.0,3.0,11.0,11.0,3.0,3.0,0.0,1.0
laliga-2025-2026-03-14-oviedo-v-valencia,2026-03-14,2025,laliga,Oviedo,Valencia,1,0,finished,csv_cached,,11.0,13.0,6.0,2.0,12.0,11.0,3.0,2.0,0.0,0.0
laliga-2025-2026-03-15-real-sociedad-v-osasuna,2026-03-15,2025,laliga,Real Sociedad,Osasuna,3,1,finished,csv_cached,,14.0,13.0,6.0,5.0,16.0,11.0,3.0,0.0,0.0,0.0
laliga-2025-2026-03-15-betis-v-celta,2026-03-15,2025,laliga,Betis,Celta,1,1,finished,csv_cached,,19.0,7.0,6.0,3.0,11.0,16.0,2.0,3.0,0.0,0.0
laliga-2025-2026-03-15-mallorca-v-espanyol,2026-03-15,2025,laliga,Mallorca,Espanyol,2,1,finished,csv_cached,,26.0,10.0,12.0,2.0,11.0,14.0,3.0,3.0,0.0,1.0
laliga-2025-2026-03-15-barcelona-v-sevilla,2026-03-15,2025,laliga,Barcelona,Sevilla,5,2,finished,csv_cached,,13.0,8.0,8.0,4.0,5.0,14.0,0.0,1.0,0.0,0.0
laliga-2025-2026-03-16-rayo-vallecano-v-levante,2026-03-16,2025,laliga,Rayo Vallecano,Levante,1,1,finished,csv_cached,,18.0,19.0,4.0,5.0,10.0,13.0,3.0,5.0,1.0,0.0
laliga-2025-2026-03-20-villarreal-v-real-sociedad,2026-03-20,2025,laliga,Villarreal,Real Sociedad,3,1,finished,csv_cached,,21.0,11.0,10.0,4.0,10.0,11.0,0.0,2.0,0.0,0.0
laliga-2025-2026-03-21-osasuna-v-girona,2026-03-21,2025,laliga,Osasuna,Girona,1,0,finished,csv_cached,,19.0,5.0,11.0,0.0,18.0,7.0,2.0,1.0,0.0,0.0
laliga-2025-2026-03-21-levante-v-oviedo,2026-03-21,2025,laliga,Levante,Oviedo,4,2,finished,csv_cached,,20.0,10.0,8.0,2.0,17.0,18.0,2.0,3.0,0.0,0.0
laliga-2025-2026-03-21-espanyol-v-getafe,2026-03-21,2025,laliga,Espanyol,Getafe,1,2,finished,csv_cached,,15.0,10.0,5.0,5.0,14.0,20.0,2.0,7.0,0.0,0.0
laliga-2025-2026-03-21-elche-v-mallorca,2026-03-21,2025,laliga,Elche,Mallorca,2,1,finished,csv_cached,,13.0,11.0,4.0,4.0,12.0,11.0,2.0,2.0,0.0,0.0
laliga-2025-2026-03-21-sevilla-v-valencia,2026-03-21,2025,laliga,Sevilla,Valencia,0,2,finished,csv_cached,,13.0,9.0,2.0,4.0,13.0,6.0,2.0,1.0,0.0,0.0
laliga-2025-2026-03-22-real-madrid-v-ath-madrid,2026-03-22,2025,laliga,Real Madrid,Ath Madrid,3,2,finished,csv_cached,,17.0,13.0,10.0,7.0,2.0,15.0,1.0,4.0,1.0,0.0
laliga-2025-2026-03-22-ath-bilbao-v-betis,2026-03-22,2025,laliga,Ath Bilbao,Betis,2,1,finished,csv_cached,,11.0,11.0,6.0,3.0,10.0,6.0,1.0,1.0,0.0,0.0
laliga-2025-2026-03-22-barcelona-v-rayo-vallecano,2026-03-22,2025,laliga,Barcelona,Rayo Vallecano,1,0,finished,csv_cached,,15.0,8.0,4.0,4.0,12.0,11.0,3.0,4.0,0.0,0.0
laliga-2025-2026-03-22-celta-v-alaves,2026-03-22,2025,laliga,Celta,Alaves,3,4,finished,csv_cached,,12.0,14.0,5.0,6.0,13.0,16.0,2.0,2.0,0.0,0.0
laliga-2025-2026-04-03-rayo-vallecano-v-elche,2026-04-03,2025,laliga,Rayo Vallecano,Elche,1,0,finished,csv_cached,,21.0,9.0,5.0,4.0,17.0,9.0,0.0,4.0,0.0,1.0
laliga-2025-2026-04-04-ath-madrid-v-barcelona,2026-04-04,2025,laliga,Ath Madrid,Barcelona,1,2,finished,csv_cached,,6.0,22.0,2.0,8.0,15.0,11.0,6.0,2.0,1.0,0.0
laliga-2025-2026-04-04-mallorca-v-real-madrid,2026-04-04,2025,laliga,Mallorca,Real Madrid,2,1,finished,csv_cached,,6.0,15.0,2.0,6.0,16.0,13.0,3.0,2.0,0.0,0.0
laliga-2025-2026-04-04-real-sociedad-v-levante,2026-04-04,2025,laliga,Real Sociedad,Levante,2,0,finished,csv_cached,,18.0,8.0,5.0,4.0,11.0,15.0,2.0,3.0,0.0,0.0
laliga-2025-2026-04-04-betis-v-espanyol,2026-04-04,2025,laliga,Betis,Espanyol,0,0,finished,csv_cached,,19.0,8.0,6.0,1.0,12.0,18.0,1.0,3.0,0.0,0.0
laliga-2025-2026-04-05-oviedo-v-sevilla,2026-04-05,2025,laliga,Oviedo,Sevilla,1,0,finished,csv_cached,,7.0,9.0,4.0,0.0,11.0,12.0,5.0,3.0,0.0,1.0
laliga-2025-2026-04-05-alaves-v-osasuna,2026-04-05,2025,laliga,Alaves,Osasuna,2,2,finished,csv_cached,,18.0,8.0,6.0,5.0,7.0,17.0,2.0,5.0,0.0,0.0
laliga-2025-2026-04-05-valencia-v-celta,2026-04-05,2025,laliga,Valencia,Celta,2,3,finished,csv_cached,,13.0,9.0,4.0,5.0,14.0,21.0,1.0,3.0,0.0,0.0
laliga-2025-2026-04-05-getafe-v-ath-bilbao,2026-04-05,2025,laliga,Getafe,Ath Bilbao,2,0,finished,csv_cached,,10.0,5.0,6.0,0.0,11.0,11.0,3.0,1.0,0.0,0.0
laliga-2025-2026-04-06-girona-v-villarreal,2026-04-06,2025,laliga,Girona,Villarreal,1,0,finished,csv_cached,,10.0,9.0,2.0,0.0,8.0,9.0,2.0,2.0,0.0,0.0
laliga-2025-2026-04-10-real-madrid-v-girona,2026-04-10,2025,laliga,Real Madrid,Girona,1,1,finished,csv_cached,,22.0,10.0,9.0,2.0,9.0,13.0,2.0,1.0,0.0,0.0
laliga-2025-2026-04-11-sevilla-v-ath-madrid,2026-04-11,2025,laliga,Sevilla,Ath Madrid,2,1,finished,csv_cached,,11.0,13.0,2.0,2.0,7.0,12.0,4.0,4.0,0.0,0.0
laliga-2025-2026-04-11-barcelona-v-espanyol,2026-04-11,2025,laliga,Barcelona,Espanyol,4,1,finished,csv_cached,,20.0,10.0,10.0,2.0,10.0,18.0,3.0,6.0,0.0,0.0
laliga-2025-2026-04-11-real-sociedad-v-alaves,2026-04-11,2025,laliga,Real Sociedad,Alaves,3,3,finished,csv_cached,,12.0,12.0,4.0,2.0,11.0,18.0,2.0,4.0,1.0,0.0
laliga-2025-2026-04-11-elche-v-valencia,2026-04-11,2025,laliga,Elche,Valencia,1,0,finished,csv_cached,,8.0,22.0,2.0,8.0,15.0,18.0,1.0,1.0,0.0,0.0
laliga-2025-2026-04-12-ath-bilbao-v-villarreal,2026-04-12,2025,laliga,Ath Bilbao,Villarreal,1,2,finished,csv_cached,,18.0,12.0,6.0,6.0,15.0,8.0,2.0,3.0,0.0,0.0
laliga-2025-2026-04-12-celta-v-oviedo,2026-04-12,2025,laliga,Celta,Oviedo,0,3,finished,csv_cached,,9.0,8.0,6.0,5.0,9.0,13.0,1.0,2.0,0.0,0.0
laliga-2025-2026-04-12-osasuna-v-betis,2026-04-12,2025,laliga,Osasuna,Betis,1,1,finished,csv_cached,,12.0,8.0,4.0,3.0,14.0,12.0,3.0,4.0,0.0,0.0
laliga-2025-2026-04-12-mallorca-v-rayo-vallecano,2026-04-12,2025,laliga,Mallorca,Rayo Vallecano,3,0,finished,csv_cached,,12.0,17.0,4.0,3.0,13.0,11.0,1.0,4.0,0.0,0.0
laliga-2025-2026-04-13-levante-v-getafe,2026-04-13,2025,laliga,Levante,Getafe,1,0,finished,csv_cached,,22.0,5.0,4.0,1.0,12.0,24.0,2.0,7.0,0.0,1.0
laliga-2025-2026-04-21-girona-v-betis,2026-04-21,2025,laliga,Girona,Betis,2,3,finished,csv_cached,,9.0,7.0,2.0,3.0,11.0,18.0,1.0,3.0,0.0,0.0
laliga-2025-2026-04-21-real-madrid-v-alaves,2026-04-21,2025,laliga,Real Madrid,Alaves,2,1,finished,csv_cached,,24.0,19.0,8.0,5.0,14.0,12.0,1.0,1.0,0.0,0.0
laliga-2025-2026-04-21-mallorca-v-valencia,2026-04-21,2025,laliga,Mallorca,Valencia,1,1,finished,csv_cached,,20.0,10.0,8.0,3.0,9.0,12.0,0.0,2.0,0.0,0.0
laliga-2025-2026-04-21-ath-bilbao-v-osasuna,2026-04-21,2025,laliga,Ath Bilbao,Osasuna,1,0,finished,csv_cached,,7.0,8.0,2.0,3.0,12.0,11.0,3.0,2.0,1.0,0.0
laliga-2025-2026-04-22-barcelona-v-celta,2026-04-22,2025,laliga,Barcelona,Celta,1,0,finished,csv_cached,,10.0,6.0,3.0,3.0,13.0,10.0,1.0,1.0,0.0,0.0
laliga-2025-2026-04-22-elche-v-ath-madrid,2026-04-22,2025,laliga,Elche,Ath Madrid,3,2,finished,csv_cached,,14.0,6.0,6.0,3.0,11.0,12.0,2.0,2.0,0.0,1.0
laliga-2025-2026-04-22-real-sociedad-v-getafe,2026-04-22,2025,laliga,Real Sociedad,Getafe,0,1,finished,csv_cached,,13.0,5.0,4.0,0.0,13.0,22.0,4.0,5.0,0.0,0.0
laliga-2025-2026-04-23-oviedo-v-villarreal,2026-04-23,2025,laliga,Oviedo,Villarreal,1,1,finished,csv_cached,,16.0,7.0,4.0,3.0,9.0,11.0,1.0,1.0,0.0,0.0
laliga-2025-2026-04-23-levante-v-sevilla,2026-04-23,2025,laliga,Levante,Sevilla,2,0,finished,csv_cached,,8.0,7.0,3.0,0.0,17.0,16.0,3.0,4.0,0.0,0.0
laliga-2025-2026-04-23-rayo-vallecano-v-espanyol,2026-04-23,2025,laliga,Rayo Vallecano,Espanyol,1,0,finished,csv_cached,,17.0,15.0,6.0,4.0,12.0,15.0,2.0,4.0,0.0,0.0
laliga-2025-2026-04-24-betis-v-real-madrid,2026-04-24,2025,laliga,Betis,Real Madrid,1,1,finished,csv_cached,,19.0,12.0,4.0,8.0,10.0,8.0,1.0,2.0,0.0,0.0
laliga-2025-2026-04-25-ath-madrid-v-ath-bilbao,2026-04-25,2025,laliga,Ath Madrid,Ath Bilbao,3,2,finished,csv_cached,,6.0,12.0,4.0,4.0,8.0,12.0,0.0,0.0,0.0,0.0
laliga-2025-2026-04-25-valencia-v-girona,2026-04-25,2025,laliga,Valencia,Girona,2,1,finished,csv_cached,,12.0,7.0,3.0,4.0,22.0,8.0,2.0,2.0,0.0,0.0
laliga-2025-2026-04-25-getafe-v-barcelona,2026-04-25,2025,laliga,Getafe,Barcelona,0,2,finished,csv_cached,,4.0,13.0,0.0,4.0,15.0,8.0,2.0,2.0,0.0,0.0
laliga-2025-2026-04-25-alaves-v-mallorca,2026-04-25,2025,laliga,Alaves,Mallorca,2,1,finished,csv_cached,,15.0,4.0,4.0,2.0,15.0,14.0,2.0,1.0,0.0,0.0
laliga-2025-2026-04-26-osasuna-v-sevilla,2026-04-26,2025,laliga,Osasuna,Sevilla,2,1,finished,csv_cached,,15.0,8.0,7.0,2.0,11.0,13.0,2.0,2.0,0.0,0.0
laliga-2025-2026-04-26-rayo-vallecano-v-real-sociedad,2026-04-26,2025,laliga,Rayo Vallecano,Real Sociedad,3,3,finished,csv_cached,,24.0,13.0,9.0,8.0,14.0,12.0,6.0,4.0,1.0,0.0
laliga-2025-2026-04-26-oviedo-v-elche,2026-04-26,2025,laliga,Oviedo,Elche,1,2,finished,csv_cached,,12.0,4.0,3.0,4.0,21.0,14.0,2.0,0.0,0.0,1.0
laliga-2025-2026-04-26-villarreal-v-celta,2026-04-26,2025,laliga,Villarreal,Celta,2,1,finished,csv_cached,,13.0,9.0,4.0,3.0,13.0,16.0,3.0,6.0,0.0,0.0
laliga-2025-2026-04-27-espanyol-v-levante,2026-04-27,2025,laliga,Espanyol,Levante,0,0,finished,csv_cached,,9.0,8.0,3.0,4.0,12.0,15.0,3.0,3.0,1.0,0.0
laliga-2025-2026-05-01-girona-v-mallorca,2026-05-01,2025,laliga,Girona,Mallorca,0,1,finished,csv_cached,,14.0,8.0,4.0,4.0,8.0,25.0,4.0,2.0,0.0,0.0
laliga-2025-2026-05-02-valencia-v-ath-madrid,2026-05-02,2025,laliga,Valencia,Ath Madrid,0,2,finished,csv_cached,,12.0,20.0,0.0,5.0,9.0,12.0,1.0,3.0,0.0,0.0
laliga-2025-2026-05-02-villarreal-v-levante,2026-05-02,2025,laliga,Villarreal,Levante,5,1,finished,csv_cached,,20.0,12.0,8.0,3.0,14.0,7.0,3.0,1.0,0.0,0.0
laliga-2025-2026-05-02-alaves-v-ath-bilbao,2026-05-02,2025,laliga,Alaves,Ath Bilbao,2,4,finished,csv_cached,,7.0,9.0,4.0,4.0,8.0,13.0,4.0,4.0,0.0,0.0
laliga-2025-2026-05-02-osasuna-v-barcelona,2026-05-02,2025,laliga,Osasuna,Barcelona,1,2,finished,csv_cached,,9.0,13.0,4.0,4.0,9.0,10.0,2.0,2.0,0.0,0.0
laliga-2025-2026-05-03-espanyol-v-real-madrid,2026-05-03,2025,laliga,Espanyol,Real Madrid,0,2,finished,csv_cached,,17.0,15.0,3.0,5.0,19.0,16.0,3.0,4.0,0.0,0.0
laliga-2025-2026-05-03-betis-v-oviedo,2026-05-03,2025,laliga,Betis,Oviedo,3,0,finished,csv_cached,,10.0,17.0,5.0,5.0,9.0,4.0,0.0,0.0,0.0,0.0
laliga-2025-2026-05-03-getafe-v-rayo-vallecano,2026-05-03,2025,laliga,Getafe,Rayo Vallecano,0,2,finished,csv_cached,,13.0,10.0,3.0,6.0,7.0,22.0,3.0,5.0,0.0,0.0
laliga-2025-2026-05-03-celta-v-elche,2026-05-03,2025,laliga,Celta,Elche,3,1,finished,csv_cached,,6.0,15.0,4.0,4.0,14.0,15.0,2.0,1.0,0.0,0.0
laliga-2025-2026-05-04-sevilla-v-real-sociedad,2026-05-04,2025,laliga,Sevilla,Real Sociedad,1,0,finished,csv_cached,,19.0,6.0,5.0,0.0,19.0,11.0,3.0,1.0,0.0,0.0
laliga-2025-2026-05-08-levante-v-osasuna,2026-05-08,2025,laliga,Levante,Osasuna,3,2,finished,csv_cached,,35.0,5.0,12.0,3.0,11.0,13.0,2.0,0.0,0.0,1.0
laliga-2025-2026-05-09-real-sociedad-v-betis,2026-05-09,2025,laliga,Real Sociedad,Betis,2,2,finished,csv_cached,,14.0,14.0,6.0,6.0,12.0,9.0,2.0,3.0,0.0,1.0
laliga-2025-2026-05-09-ath-madrid-v-celta,2026-05-09,2025,laliga,Ath Madrid,Celta,0,1,finished,csv_cached,,20.0,3.0,4.0,1.0,11.0,13.0,1.0,2.0,0.0,0.0
laliga-2025-2026-05-09-sevilla-v-espanyol,2026-05-09,2025,laliga,Sevilla,Espanyol,2,1,finished,csv_cached,,21.0,10.0,6.0,5.0,14.0,17.0,5.0,5.0,0.0,0.0
laliga-2025-2026-05-09-elche-v-alaves,2026-05-09,2025,laliga,Elche,Alaves,1,1,finished,csv_cached,,16.0,12.0,5.0,4.0,15.0,13.0,3.0,6.0,0.0,0.0
laliga-2025-2026-05-10-barcelona-v-real-madrid,2026-05-10,2025,laliga,Barcelona,Real Madrid,2,0,finished,csv_cached,,10.0,8.0,7.0,1.0,18.0,9.0,2.0,4.0,0.0,0.0
laliga-2025-2026-05-10-oviedo-v-getafe,2026-05-10,2025,laliga,Oviedo,Getafe,0,0,finished,csv_cached,,8.0,22.0,4.0,4.0,9.0,16.0,2.0,3.0,2.0,0.0
laliga-2025-2026-05-10-ath-bilbao-v-valencia,2026-05-10,2025,laliga,Ath Bilbao,Valencia,0,1,finished,csv_cached,,14.0,7.0,4.0,3.0,9.0,7.0,2.0,3.0,0.0,0.0
laliga-2025-2026-05-10-mallorca-v-villarreal,2026-05-10,2025,laliga,Mallorca,Villarreal,1,1,finished,csv_cached,,18.0,7.0,8.0,2.0,17.0,13.0,2.0,0.0,0.0,0.0
laliga-2025-2026-05-11-rayo-vallecano-v-girona,2026-05-11,2025,laliga,Rayo Vallecano,Girona,1,1,finished,csv_cached,,18.0,9.0,5.0,5.0,10.0,9.0,1.0,1.0,0.0,0.0
laliga-2025-2026-05-12-osasuna-v-ath-madrid,2026-05-12,2025,laliga,Osasuna,Ath Madrid,1,2,finished,csv_cached,,23.0,5.0,5.0,4.0,15.0,12.0,6.0,5.0,0.0,1.0
laliga-2025-2026-05-12-celta-v-levante,2026-05-12,2025,laliga,Celta,Levante,2,3,finished,csv_cached,,11.0,14.0,6.0,6.0,7.0,10.0,0.0,2.0,0.0,0.0
laliga-2025-2026-05-12-betis-v-elche,2026-05-12,2025,laliga,Betis,Elche,2,1,finished,csv_cached,,16.0,8.0,7.0,2.0,16.0,13.0,3.0,3.0,0.0,1.0
laliga-2025-2026-05-13-getafe-v-mallorca,2026-05-13,2025,laliga,Getafe,Mallorca,3,1,finished,csv_cached,,6.0,9.0,4.0,2.0,17.0,18.0,3.0,4.0,0.0,0.0
laliga-2025-2026-05-13-alaves-v-barcelona,2026-05-13,2025,laliga,Alaves,Barcelona,1,0,finished,csv_cached,,9.0,8.0,3.0,0.0,14.0,8.0,1.0,2.0,0.0,0.0
laliga-2025-2026-05-13-villarreal-v-sevilla,2026-05-13,2025,laliga,Villarreal,Sevilla,2,3,finished,csv_cached,,6.0,13.0,4.0,5.0,11.0,9.0,2.0,1.0,0.0,0.0
laliga-2025-2026-05-13-espanyol-v-ath-bilbao,2026-05-13,2025,laliga,Espanyol,Ath Bilbao,2,0,finished,csv_cached,,12.0,11.0,5.0,4.0,9.0,14.0,0.0,0.0,0.0,0.0
laliga-2025-2026-05-14-real-madrid-v-oviedo,2026-05-14,2025,laliga,Real Madrid,Oviedo,2,0,finished,csv_cached,,19.0,9.0,7.0,1.0,7.0,14.0,0.0,0.0,0.0,0.0
laliga-2025-2026-05-14-valencia-v-rayo-vallecano,2026-05-14,2025,laliga,Valencia,Rayo Vallecano,1,1,finished,csv_cached,,12.0,6.0,3.0,3.0,9.0,20.0,1.0,1.0,0.0,0.0
laliga-2025-2026-05-14-girona-v-real-sociedad,2026-05-14,2025,laliga,Girona,Real Sociedad,1,1,finished,csv_cached,,29.0,6.0,4.0,2.0,13.0,19.0,2.0,7.0,0.0,0.0
laliga-2025-2026-05-17-ath-madrid-v-girona,2026-05-17,2025,laliga,Ath Madrid,Girona,1,0,finished,csv_cached,,17.0,25.0,4.0,11.0,7.0,9.0,2.0,0.0,0.0,0.0
laliga-2025-2026-05-17-elche-v-getafe,2026-05-17,2025,laliga,Elche,Getafe,1,0,finished,csv_cached,,10.0,4.0,3.0,0.0,18.0,13.0,3.0,1.0,0.0,1.0
laliga-2025-2026-05-17-osasuna-v-espanyol,2026-05-17,2025,laliga,Osasuna,Espanyol,1,2,finished,csv_cached,,24.0,7.0,8.0,3.0,10.0,13.0,1.0,2.0,0.0,0.0
laliga-2025-2026-05-17-ath-bilbao-v-celta,2026-05-17,2025,laliga,Ath Bilbao,Celta,1,1,finished,csv_cached,,27.0,3.0,9.0,2.0,14.0,11.0,2.0,2.0,0.0,0.0
laliga-2025-2026-05-17-levante-v-mallorca,2026-05-17,2025,laliga,Levante,Mallorca,2,0,finished,csv_cached,,15.0,8.0,3.0,3.0,11.0,15.0,2.0,0.0,1.0,1.0
laliga-2025-2026-05-17-oviedo-v-alaves,2026-05-17,2025,laliga,Oviedo,Alaves,0,1,finished,csv_cached,,8.0,7.0,0.0,1.0,13.0,18.0,3.0,1.0,0.0,0.0
laliga-2025-2026-05-17-barcelona-v-betis,2026-05-17,2025,laliga,Barcelona,Betis,3,1,finished,csv_cached,,15.0,7.0,9.0,2.0,7.0,8.0,1.0,0.0,0.0,0.0
laliga-2025-2026-05-17-real-sociedad-v-valencia,2026-05-17,2025,laliga,Real Sociedad,Valencia,3,4,finished,csv_cached,,8.0,13.0,3.0,6.0,13.0,11.0,4.0,0.0,0.0,1.0
laliga-2025-2026-05-17-rayo-vallecano-v-villarreal,2026-05-17,2025,laliga,Rayo Vallecano,Villarreal,2,0,finished,csv_cached,,15.0,11.0,7.0,2.0,12.0,10.0,2.0,1.0,0.0,0.0
laliga-2025-2026-05-17-sevilla-v-real-madrid,2026-05-17,2025,laliga,Sevilla,Real Madrid,0,1,finished,csv_cached,,14.0,12.0,6.0,1.0,18.0,12.0,4.0,0.0,0.0,0.0
laliga-2025-2026-05-23-alaves-v-rayo-vallecano,2026-05-23,2025,laliga,Alaves,Rayo Vallecano,1,2,finished,csv_cached,,19.0,15.0,11.0,7.0,13.0,14.0,3.0,3.0,0.0,0.0
laliga-2025-2026-05-23-getafe-v-osasuna,2026-05-23,2025,laliga,Getafe,Osasuna,1,0,finished,csv_cached,,6.0,11.0,3.0,5.0,17.0,20.0,1.0,2.0,0.0,0.0
laliga-2025-2026-05-23-celta-v-sevilla,2026-05-23,2025,laliga,Celta,Sevilla,1,0,finished,csv_cached,,12.0,9.0,3.0,2.0,11.0,20.0,1.0,1.0,0.0,0.0
laliga-2025-2026-05-23-betis-v-levante,2026-05-23,2025,laliga,Betis,Levante,2,1,finished,csv_cached,,18.0,15.0,8.0,7.0,11.0,7.0,1.0,2.0,0.0,0.0
laliga-2025-2026-05-23-girona-v-elche,2026-05-23,2025,laliga,Girona,Elche,1,1,finished,csv_cached,,10.0,3.0,7.0,1.0,20.0,20.0,4.0,4.0,0.0,0.0
laliga-2025-2026-05-23-real-madrid-v-ath-bilbao,2026-05-23,2025,laliga,Real Madrid,Ath Bilbao,4,2,finished,csv_cached,,13.0,8.0,8.0,2.0,6.0,20.0,2.0,0.0,0.0,0.0
laliga-2025-2026-05-23-valencia-v-barcelona,2026-05-23,2025,laliga,Valencia,Barcelona,3,1,finished,csv_cached,,19.0,11.0,6.0,4.0,11.0,8.0,2.0,2.0,0.0,0.0
laliga-2025-2026-05-23-espanyol-v-real-sociedad,2026-05-23,2025,laliga,Espanyol,Real Sociedad,1,1,finished,csv_cached,,17.0,9.0,8.0,4.0,11.0,17.0,1.0,3.0,0.0,0.0
laliga-2025-2026-05-23-mallorca-v-oviedo,2026-05-23,2025,laliga,Mallorca,Oviedo,3,0,finished,csv_cached,,23.0,7.0,7.0,0.0,10.0,8.0,2.0,1.0,0.0,0.0
laliga-2025-2026-05-24-villarreal-v-ath-madrid,2026-05-24,2025,laliga,Villarreal,Ath Madrid,5,1,finished,csv_cached,,14.0,9.0,8.0,4.0,3.0,12.0,0.0,1.0,0.0,0.0
laliga-2026-2026-08-15-alaves-v-getafe,2026-08-15,2026,laliga,Alaves,Getafe,3,0,finished,csv_cached,,18.0,6.0,8.0,2.0,16.0,13.0,4.0,3.0,0.0,1.0
laliga-2026-2026-08-15-sevilla-v-rayo-vallecano,2026-08-15,2026,laliga,Sevilla,Rayo Vallecano,2,1,finished,csv_cached,,13.0,6.0,4.0,3.0,18.0,18.0,4.0,4.0,1.0,0.0
laliga-2026-2026-08-16-santander-v-villarreal,2026-08-16,2026,laliga,Santander,Villarreal,2,2,finished,csv_cached,,17.0,12.0,3.0,7.0,14.0,14.0,2.0,4.0,0.0,0.0
laliga-2026-2026-08-16-espanyol-v-levante,2026-08-16,2026,laliga,Espanyol,Levante,3,0,finished,csv_cached,,16.0,4.0,6.0,0.0,17.0,7.0,3.0,0.0,0.0,0.0
laliga-2026-2026-08-17-la-coruna-v-elche,2026-08-17,2026,laliga,La Coruna,Elche,1,1,finished,csv_cached,,8.0,11.0,3.0,6.0,17.0,12.0,2.0,2.0,0.0,0.0
laliga-2026-2026-08-19-ath-madrid-v-malaga,2026-08-19,2026,laliga,Ath Madrid,Malaga,2,0,finished,csv_cached,,15.0,5.0,6.0,1.0,17.0,11.0,2.0,3.0,0.0,0.0
laliga-2026-2026-08-20-rayo-vallecano-v-alaves,2026-08-20,2026,laliga,Rayo Vallecano,Alaves,1,1,finished,csv_cached,,8.0,15.0,3.0,3.0,14.0,13.0,1.0,2.0,0.0,0.0
laliga-2026-2026-08-21-betis-v-real-sociedad,2026-08-21,2026,laliga,Betis,Real Sociedad,1,0,finished,csv_cached,,18.0,9.0,7.0,3.0,9.0,12.0,3.0,3.0,0.0,0.0
laliga-2026-2026-08-22-ath-bilbao-v-sevilla,2026-08-22,2026,laliga,Ath Bilbao,Sevilla,1,3,finished,csv_cached,,18.0,7.0,8.0,4.0,11.0,16.0,2.0,5.0,1.0,0.0
laliga-2026-2026-08-22-valencia-v-celta,2026-08-22,2026,laliga,Valencia,Celta,0,0,finished,csv_cached,,8.0,7.0,2.0,3.0,17.0,17.0,2.0,3.0,0.0,0.0
laliga-2026-2026-08-22-espanyol-v-real-madrid,2026-08-22,2026,laliga,Espanyol,Real Madrid,1,2,finished,csv_cached,,8.0,21.0,3.0,8.0,19.0,7.0,5.0,1.0,0.0,0.0
laliga-2026-2026-08-23-getafe-v-santander,2026-08-23,2026,laliga,Getafe,Santander,1,0,finished,csv_cached,,12.0,6.0,1.0,3.0,14.0,17.0,1.0,3.0,0.0,0.0
laliga-2026-2026-08-23-ath-madrid-v-villarreal,2026-08-23,2026,laliga,Ath Madrid,Villarreal,2,2,finished,csv_cached,,19.0,13.0,4.0,6.0,12.0,13.0,3.0,2.0,1.0,0.0
laliga-2026-2026-08-23-elche-v-barcelona,2026-08-23,2026,laliga,Elche,Barcelona,0,5,finished,csv_cached,,7.0,11.0,2.0,7.0,13.0,12.0,1.0,0.0,0.0,0.0
laliga-2026-2026-08-24-osasuna-v-levante,2026-08-24,2026,laliga,Osasuna,Levante,0,0,finished,csv_cached,,12.0,11.0,7.0,1.0,9.0,12.0,2.0,1.0,0.0,0.0
laliga-2026-2026-08-24-malaga-v-la-coruna,2026-08-24,2026,laliga,Malaga,La Coruna,1,1,finished,csv_cached,,13.0,6.0,2.0,4.0,12.0,12.0,1.0,4.0,0.0,0.0
laliga-2026-2026-08-25-valencia-v-betis,2026-08-25,2026,laliga,Valencia,Betis,0,1,finished,csv_cached,,16.0,15.0,3.0,3.0,10.0,11.0,2.0,1.0,0.0,0.0
laliga-2026-2026-08-26-real-madrid-v-real-sociedad,2026-08-26,2026,laliga,Real Madrid,Real Sociedad,4,1,finished,csv_cached,,20.0,10.0,11.0,3.0,10.0,8.0,3.0,3.0,0.0,0.0
laliga-2026-2026-08-27-celta-v-osasuna,2026-08-27,2026,laliga,Celta,Osasuna,1,2,finished,csv_cached,,4.0,13.0,2.0,5.0,7.0,16.0,0.0,1.0,1.0,0.0
laliga-2026-2026-08-27-barcelona-v-ath-bilbao,2026-08-27,2026,laliga,Barcelona,Ath Bilbao,2,0,finished,csv_cached,,22.0,5.0,10.0,0.0,13.0,6.0,1.0,2.0,0.0,0.0
laliga-2026-2026-08-28-santander-v-elche,2026-08-28,2026,laliga,Santander,Elche,3,2,finished,csv_cached,,13.0,18.0,6.0,7.0,17.0,19.0,2.0,1.0,0.0,0.0
laliga-2026-2026-08-28-alaves-v-villarreal,2026-08-28,2026,laliga,Alaves,Villarreal,1,0,finished,csv_cached,,9.0,19.0,2.0,6.0,15.0,8.0,3.0,1.0,0.0,0.0
laliga-2026-2026-08-29-sevilla-v-ath-madrid,2026-08-29,2026,laliga,Sevilla,Ath Madrid,1,3,finished,csv_cached,,20.0,12.0,5.0,5.0,20.0,16.0,2.0,2.0,0.0,0.0
laliga-2026-2026-08-29-real-sociedad-v-espanyol,2026-08-29,2026,laliga,Real Sociedad,Espanyol,2,1,finished,csv_cached,,17.0,11.0,10.0,3.0,19.0,14.0,2.0,4.0,0.0,0.0
laliga-2026-2026-08-29-levante-v-betis,2026-08-29,2026,laliga,Levante,Betis,5,2,finished,csv_cached,,19.0,20.0,10.0,6.0,9.0,7.0,1.0,1.0,0.0,0.0
laliga-2026-2026-08-30-real-madrid-v-malaga,2026-08-30,2026,laliga,Real Madrid,Malaga,4,0,finished,csv_cached,,19.0,14.0,8.0,1.0,6.0,9.0,0.0,2.0,0.0,0.0
laliga-2026-2026-08-30-la-coruna-v-valencia,2026-08-30,2026,laliga,La Coruna,Valencia,3,1,finished,csv_cached,,11.0,12.0,4.0,4.0,14.0,5.0,2.0,1.0,1.0,0.0
laliga-2026-2026-08-30-celta-v-ath-bilbao,2026-08-30,2026,laliga,Celta,Ath Bilbao,0,2,finished,csv_cached,,8.0,17.0,2.0,7.0,8.0,17.0,0.0,3.0,0.0,0.0
laliga-2026-2026-08-31-osasuna-v-getafe,2026-08-31,2026,laliga,Osasuna,Getafe,1,0,finished,csv_cached,,10.0,11.0,2.0,1.0,17.0,14.0,5.0,4.0,0.0,0.0
laliga-2026-2026-08-31-barcelona-v-rayo-vallecano,2026-08-31,2026,laliga,Barcelona,Rayo Vallecano,5,2,finished,csv_cached,,26.0,11.0,9.0,5.0,4.0,11.0,0.0,1.0,0.0,0.0
laliga-2026-2026-09-03-real-sociedad-v-celta,2026-09-03,2026,laliga,Real Sociedad,Celta,0,0,finished,csv_cached,,16.0,7.0,5.0,2.0,15.0,11.0,2.0,3.0,0.0,0.0
laliga-2026-2026-09-04-betis-v-real-madrid,2026-09-04,2026,laliga,Betis,Real Madrid,1,0,finished,csv_cached,,10.0,20.0,5.0,8.0,11.0,13.0,3.0,5.0,0.0,0.0
laliga-2026-2026-09-05-villarreal-v-la-coruna,2026-09-05,2026,laliga,Villarreal,La Coruna,2,3,finished,csv_cached,,17.0,8.0,5.0,3.0,14.0,14.0,2.0,2.0,0.0,0.0
laliga-2026-2026-09-05-rayo-vallecano-v-santander,2026-09-05,2026,laliga,Rayo Vallecano,Santander,3,2,finished,csv_cached,,16.0,9.0,10.0,4.0,15.0,12.0,3.0,2.0,2.0,0.0
laliga-2026-2026-09-05-ath-bilbao-v-ath-madrid,2026-09-05,2026,laliga,Ath Bilbao,Ath Madrid,3,0,finished,csv_cached,,11.0,15.0,4.0,5.0,8.0,6.0,0.0,1.0,0.0,0.0
laliga-2026-2026-09-06-valencia-v-barcelona,2026-09-06,2026,laliga,Valencia,Barcelona,0,5,finished,csv_cached,,3.0,25.0,2.0,10.0,7.0,6.0,1.0,3.0,0.0,0.0
laliga-2026-2026-09-06-alaves-v-osasuna,2026-09-06,2026,laliga,Alaves,Osasuna,5,2,finished,csv_cached,,12.0,7.0,7.0,5.0,14.0,13.0,1.0,2.0,0.0,0.0
laliga-2026-2026-09-06-malaga-v-levante,2026-09-06,2026,laliga,Malaga,Levante,0,0,finished,csv_cached,,10.0,11.0,3.0,3.0,15.0,11.0,4.0,2.0,0.0,0.0
laliga-2026-2026-09-06-espanyol-v-sevilla,2026-09-06,2026,laliga,Espanyol,Sevilla,1,1,finished,csv_cached,,12.0,6.0,3.0,3.0,17.0,13.0,2.0,3.0,0.0,1.0
laliga-2026-2026-09-07-elche-v-real-sociedad,2026-09-07,2026,laliga,Elche,Real Sociedad,2,3,finished,csv_cached,,20.0,13.0,10.0,6.0,9.0,8.0,4.0,1.0,0.0,1.0
laliga-2026-2026-09-07-getafe-v-celta,2026-09-07,2026,laliga,Getafe,Celta,1,1,finished,csv_cached,,10.0,16.0,2.0,3.0,8.0,9.0,4.0,2.0,1.0,0.0
laliga-2026-2026-09-11-sevilla-v-valencia,2026-09-11,2026,laliga,Sevilla,Valencia,1,0,finished,csv_cached,,13.0,3.0,4.0,0.0,8.0,12.0,1.0,2.0,0.0,0.0
laliga-2026-2026-09-12-real-madrid-v-rayo-vallecano,2026-09-12,2026,laliga,Real Madrid,Rayo Vallecano,4,1,finished,csv_cached,,24.0,18.0,11.0,7.0,9.0,13.0,0.0,1.0,0.0,0.0
laliga-2026-2026-09-12-ath-bilbao-v-elche,2026-09-12,2026,laliga,Ath Bilbao,Elche,1,1,finished,csv_cached,,19.0,3.0,3.0,1.0,11.0,12.0,3.0,3.0,0.0,0.0
laliga-2026-2026-09-12-santander-v-alaves,2026-09-12,2026,laliga,Santander,Alaves,2,1,finished,csv_cached,,11.0,16.0,4.0,8.0,16.0,17.0,2.0,3.0,1.0,0.0
laliga-2026-2026-09-12-osasuna-v-espanyol,2026-09-12,2026,laliga,Osasuna,Espanyol,0,2,finished,csv_cached,,11.0,6.0,4.0,3.0,10.0,24.0,2.0,3.0,0.0,0.0
laliga-2026-2026-09-13-real-sociedad-v-ath-madrid,2026-09-13,2026,laliga,Real Sociedad,Ath Madrid,0,3,finished,csv_cached,,8.0,13.0,3.0,5.0,13.0,9.0,3.0,1.0,0.0,0.0
laliga-2026-2026-09-13-getafe-v-la-coruna,2026-09-13,2026,laliga,Getafe,La Coruna,1,1,finished,csv_cached,,15.0,10.0,4.0,3.0,14.0,9.0,3.0,1.0,0.0,0.0
laliga-2026-2026-09-13-levante-v-barcelona,2026-09-13,2026,laliga,Levante,Barcelona,2,4,finished,csv_cached,,13.0,12.0,7.0,6.0,11.0,11.0,1.0,1.0,0.0,0.0
laliga-2026-2026-09-13-celta-v-malaga,2026-09-13,2026,laliga,Celta,Malaga,1,1,finished,csv_cached,,17.0,12.0,5.0,2.0,10.0,10.0,1.0,1.0,0.0,0.0
laliga-2026-2026-09-14-villarreal-v-betis,2026-09-14,2026,laliga,Villarreal,Betis,1,2,finished,csv_cached,,14.0,26.0,8.0,12.0,7.0,8.0,1.0,0.0,0.0,0.0
laliga-2026-2026-09-15-elche-v-real-madrid,2026-09-15,2026,laliga,Elche,Real Madrid,2,3,finished,csv_cached,,11.0,20.0,3.0,4.0,21.0,8.0,4.0,2.0,0.0,0.0
laliga-2026-2026-09-15-rayo-vallecano-v-espanyol,2026-09-15,2026,laliga,Rayo Vallecano,Espanyol,2,1,finished,csv_cached,,16.0,19.0,2.0,5.0,10.0,15.0,5.0,1.0,0.0,1.0
laliga-2026-2026-09-15-alaves-v-valencia,2026-09-15,2026,laliga,Alaves,Valencia,0,1,finished,csv_cached,,15.0,10.0,3.0,3.0,7.0,14.0,1.0,4.0,0.0,0.0
laliga-2026-2026-09-16-ath-madrid-v-osasuna,2026-09-16,2026,laliga,Ath Madrid,Osasuna,4,0,finished,csv_cached,,27.0,3.0,11.0,1.0,7.0,12.0,1.0,2.0,0.0,0.0
laliga-2026-2026-09-16-la-coruna-v-sevilla,2026-09-16,2026,laliga,La Coruna,Sevilla,0,1,finished,csv_cached,,4.0,11.0,3.0,6.0,15.0,16.0,1.0,4.0,1.0,0.0
laliga-2026-2026-09-16-barcelona-v-santander,2026-09-16,2026,laliga,Barcelona,Santander,7,2,finished,csv_cached,,30.0,5.0,9.0,3.0,10.0,13.0,3.0,2.0,0.0,0.0
laliga-2026-2026-09-17-betis-v-getafe,2026-09-17,2026,laliga,Betis,Getafe,1,0,finished,csv_cached,,22.0,8.0,8.0,2.0,13.0,24.0,0.0,0.0,0.0,0.0
laliga-2026-2026-09-17-malaga-v-villarreal,2026-09-17,2026,laliga,Malaga,Villarreal,1,3,finished,csv_cached,,5.0,16.0,1.0,7.0,17.0,10.0,0.0,0.0,0.0,0.0
laliga-2026-2026-09-18-espanyol-v-elche,2026-09-18,2026,laliga,Espanyol,Elche,1,3,finished,csv_cached,,23.0,9.0,4.0,6.0,14.0,9.0,2.0,2.0,0.0,1.0
laliga-2026-2026-09-19-sevilla-v-barcelona,2026-09-19,2026,laliga,Sevilla,Barcelona,1,3,finished,csv_cached,,7.0,24.0,3.0,7.0,10.0,11.0,1.0,0.0,0.0,0.0
laliga-2026-2026-09-19-celta-v-santander,2026-09-19,2026,laliga,Celta,Santander,5,0,finished,csv_cached,,13.0,11.0,9.0,5.0,13.0,11.0,2.0,5.0,0.0,0.0
laliga-2026-2026-09-19-ath-bilbao-v-alaves,2026-09-19,2026,laliga,Ath Bilbao,Alaves,0,0,finished,csv_cached,,24.0,2.0,6.0,0.0,14.0,13.0,2.0,0.0,0.0,0.0
laliga-2026-2026-09-19-osasuna-v-rayo-vallecano,2026-09-19,2026,laliga,Osasuna,Rayo Vallecano,1,1,finished,csv_cached,,10.0,19.0,3.0,2.0,21.0,13.0,3.0,2.0,0.0,0.0
laliga-2026-2026-09-20-la-coruna-v-betis,2026-09-20,2026,laliga,La Coruna,Betis,1,1,finished,csv_cached,,24.0,11.0,7.0,4.0,6.0,9.0,1.0,1.0,0.0,0.0
laliga-2026-2026-09-20-villarreal-v-levante,2026-09-20,2026,laliga,Villarreal,Levante,3,1,finished,csv_cached,,21.0,6.0,7.0,1.0,9.0,10.0,1.0,1.0,0.0,0.0
laliga-2026-2026-09-20-getafe-v-malaga,2026-09-20,2026,laliga,Getafe,Malaga,1,0,finished,csv_cached,,20.0,11.0,7.0,4.0,16.0,16.0,4.0,2.0,0.0,0.0
laliga-2026-2026-09-20-ath-madrid-v-real-madrid,2026-09-20,2026,laliga,Ath Madrid,Real Madrid,2,1,finished,csv_cached,,18.0,8.0,9.0,3.0,19.0,6.0,2.0,2.0,0.0,1.0
laliga-2026-2026-09-20-valencia-v-real-sociedad,2026-09-20,2026,laliga,Valencia,Real Sociedad,2,3,finished,csv_cached,,22.0,21.0,5.0,6.0,9.0,12.0,2.0,1.0,0.0,1.0
laliga-2026-2026-10-09-malaga-v-espanyol,2026-10-09,2026,laliga,Malaga,Espanyol,,,scheduled,espn,,,,,,,,,,,
laliga-2026-2026-10-10-real-madrid-v-villarreal,2026-10-10,2026,laliga,Real Madrid,Villarreal,,,scheduled,espn,,,,,,,,,,,
laliga-2026-2026-10-10-barcelona-v-getafe,2026-10-10,2026,laliga,Barcelona,Getafe,,,scheduled,espn,,,,,,,,,,,
laliga-2026-2026-10-10-rayo-vallecano-v-ath-bilbao,2026-10-10,2026,laliga,Rayo Vallecano,Ath Bilbao,,,scheduled,espn,,,,,,,,,,,
laliga-2026-2026-10-10-alaves-v-ath-madrid,2026-10-10,2026,laliga,Alaves,Ath Madrid,,,scheduled,espn,,,,,,,,,,,
laliga-2026-2026-10-11-elche-v-celta,2026-10-11,2026,laliga,Elche,Celta,,,scheduled,espn,,,,,,,,,,,
laliga-2026-2026-10-11-real-sociedad-v-la-coruna,2026-10-11,2026,laliga,Real Sociedad,La Coruna,,,scheduled,espn,,,,,,,,,,,
laliga-2026-2026-10-11-betis-v-osasuna,2026-10-11,2026,laliga,Betis,Osasuna,,,scheduled,espn,,,,,,,,,,,
laliga-2026-2026-10-11-santander-v-valencia,2026-10-11,2026,laliga,Santander,Valencia,,,scheduled,espn,,,,,,,,,,,
laliga-2026-2026-10-12-levante-v-sevilla,2026-10-12,2026,laliga,Levante,Sevilla,,,scheduled,espn,,,,,,,,,,,
laliga-2026-2026-10-16-la-coruna-v-levante,2026-10-16,2026,laliga,La Coruna,Levante,,,scheduled,espn,,,,,,,,,,,
laliga-2026-2026-10-17-valencia-v-ath-bilbao,2026-10-17,2026,laliga,Valencia,Ath Bilbao,,,scheduled,espn,,,,,,,,,,,
laliga-2026-2026-10-17-betis-v-barcelona,2026-10-17,2026,laliga,Betis,Barcelona,,,scheduled,espn,,,,,,,,,,,
laliga-2026-2026-10-17-espanyol-v-ath-madrid,2026-10-17,2026,laliga,Espanyol,Ath Madrid,,,scheduled,espn,,,,,,,,,,,
laliga-2026-2026-10-17-villarreal-v-elche,2026-10-17,2026,laliga,Villarreal,Elche,,,scheduled,espn,,,,,,,,,,,
laliga-2026-2026-10-18-osasuna-v-santander,2026-10-18,2026,laliga,Osasuna,Santander,,,scheduled,espn,,,,,,,,,,,
laliga-2026-2026-10-18-celta-v-alaves,2026-10-18,2026,laliga,Celta,Alaves,,,scheduled,espn,,,,,,,,,,,
laliga-2026-2026-10-18-malaga-v-real-sociedad,2026-10-18,2026,laliga,Malaga,Real Sociedad,,,scheduled,espn,,,,,,,,,,,
laliga-2026-2026-10-18-real-madrid-v-sevilla,2026-10-18,2026,laliga,Real Madrid,Sevilla,,,scheduled,espn,,,,,,,,,,,
laliga-2026-2026-10-19-getafe-v-rayo-vallecano,2026-10-19,2026,laliga,Getafe,Rayo Vallecano,,,scheduled,espn,,,,,,,,,,,
laliga-2026-2026-10-21-levante-v-ath-bilbao,2026-10-21,2026,laliga,Levante,Ath Bilbao,,,scheduled,espn,,,,,,,,,,,
laliga-2026-2026-10-23-alaves-v-malaga,2026-10-23,2026,laliga,Alaves,Malaga,,,scheduled,espn,,,,,,,,,,,
laliga-2026-2026-10-24-rayo-vallecano-v-elche,2026-10-24,2026,laliga,Rayo Vallecano,Elche,,,scheduled,espn,,,,,,,,,,,
laliga-2026-2026-10-24-santander-v-espanyol,2026-10-24,2026,laliga,Santander,Espanyol,,,scheduled,espn,,,,,,,,,,,
laliga-2026-2026-10-24-valencia-v-villarreal,2026-10-24,2026,laliga,Valencia,Villarreal,,,scheduled,espn,,,,,,,,,,,
laliga-2026-2026-10-24-ath-madrid-v-la-coruna,2026-10-24,2026,laliga,Ath Madrid,La Coruna,,,scheduled,espn,,,,,,,,,,,
laliga-2026-2026-10-25-real-sociedad-v-levante,2026-10-25,2026,laliga,Real Sociedad,Levante,,,scheduled,espn,,,,,,,,,,,
laliga-2026-2026-10-25-ath-bilbao-v-getafe,2026-10-25,2026,laliga,Ath Bilbao,Getafe,,,scheduled,espn,,,,,,,,,,,
laliga-2026-2026-10-25-celta-v-betis,2026-10-25,2026,laliga,Celta,Betis,,,scheduled,espn,,,,,,,,,,,
laliga-2026-2026-10-25-barcelona-v-real-madrid,2026-10-25,2026,laliga,Barcelona,Real Madrid,,,scheduled,espn,,,,,,,,,,,
laliga-2026-2026-10-26-sevilla-v-osasuna,2026-10-26,2026,laliga,Sevilla,Osasuna,,,scheduled,espn,,,,,,,,,,,
laliga-2026-2026-10-30-villarreal-v-espanyol,2026-10-30,2026,laliga,Villarreal,Espanyol,,,scheduled,espn,,,,,,,,,,,
laliga-2026-2026-11-01-getafe-v-sevilla,2026-11-01,2026,laliga,Getafe,Sevilla,,,scheduled,espn,,,,,,,,,,,
laliga-2026-2026-11-01-santander-v-real-madrid,2026-11-01,2026,laliga,Santander,Real Madrid,,,scheduled,espn,,,,,,,,,,,
laliga-2026-2026-11-01-elche-v-valencia,2026-11-01,2026,laliga,Elche,Valencia,,,scheduled,espn,,,,,,,,,,,
laliga-2026-2026-11-01-ath-bilbao-v-real-sociedad,2026-11-01,2026,laliga,Ath Bilbao,Real Sociedad,,,scheduled,espn,,,,,,,,,,,
laliga-2026-2026-11-02-la-coruna-v-osasuna,2026-11-02,2026,laliga,La Coruna,Osasuna,,,scheduled,espn,,,,,,,,,,,
laliga-2026-2026-11-08-villarreal-v-getafe,2026-11-08,2026,laliga,Villarreal,Getafe,,,scheduled,espn,,,,,,,,,,,
laliga-2026-2026-11-08-valencia-v-real-madrid,2026-11-08,2026,laliga,Valencia,Real Madrid,,,scheduled,espn,,,,,,,,,,,
laliga-2026-2026-11-08-sevilla-v-alaves,2026-11-08,2026,laliga,Sevilla,Alaves,,,scheduled,espn,,,,,,,,,,,
laliga-2026-2026-11-08-real-sociedad-v-rayo-vallecano,2026-11-08,2026,laliga,Real Sociedad,Rayo Vallecano,,,scheduled,espn,,,,,,,,,,,
laliga-2026-2026-11-08-osasuna-v-ath-bilbao,2026-11-08,2026,laliga,Osasuna,Ath Bilbao,,,scheduled,espn,,,,,,,,,,,
laliga-2026-2026-11-08-malaga-v-santander,2026-11-08,2026,laliga,Malaga,Santander,,,scheduled,espn,,,,,,,,,,,
laliga-2026-2026-11-08-espanyol-v-la-coruna,2026-11-08,2026,laliga,Espanyol,La Coruna,,,scheduled,espn,,,,,,,,,,,
laliga-2026-2026-11-08-elche-v-betis,2026-11-08,2026,laliga,Elche,Betis,,,scheduled,espn,,,,,,,,,,,
laliga-2026-2026-11-08-celta-v-levante,2026-11-08,2026,laliga,Celta,Levante,,,scheduled,espn,,,,,,,,,,,
laliga-2026-2026-11-08-ath-madrid-v-barcelona,2026-11-08,2026,laliga,Ath Madrid,Barcelona,,,scheduled,espn,,,,,,,,,,,
laliga-2026-2026-11-22-sevilla-v-betis,2026-11-22,2026,laliga,Sevilla,Betis,,,scheduled,espn,,,,,,,,,,,
laliga-2026-2026-11-22-real-madrid-v-celta,2026-11-22,2026,laliga,Real Madrid,Celta,,,scheduled,espn,,,,,,,,,,,
laliga-2026-2026-11-22-rayo-vallecano-v-valencia,2026-11-22,2026,laliga,Rayo Vallecano,Valencia,,,scheduled,espn,,,,,,,,,,,
laliga-2026-2026-11-22-santander-v-real-sociedad,2026-11-22,2026,laliga,Santander,Real Sociedad,,,scheduled,espn,,,,,,,,,,,
laliga-2026-2026-11-22-osasuna-v-malaga,2026-11-22,2026,laliga,Osasuna,Malaga,,,scheduled,espn,,,,,,,,,,,
laliga-2026-2026-11-22-barcelona-v-villarreal,2026-11-22,2026,laliga,Barcelona,Villarreal,,,scheduled,espn,,,,,,,,,,,
laliga-2026-2026-11-22-getafe-v-ath-madrid,2026-11-22,2026,laliga,Getafe,Ath Madrid,,,scheduled,espn,,,,,,,,,,,
laliga-2026-2026-11-22-ath-bilbao-v-espanyol,2026-11-22,2026,laliga,Ath Bilbao,Espanyol,,,scheduled,espn,,,,,,,,,,,
laliga-2026-2026-11-22-alaves-v-la-coruna,2026-11-22,2026,laliga,Alaves,La Coruna,,,scheduled,espn,,,,,,,,,,,
laliga-2026-2026-11-22-levante-v-elche,2026-11-22,2026,laliga,Levante,Elche,,,scheduled,espn,,,,,,,,,,,
laliga-2026-2026-11-29-valencia-v-osasuna,2026-11-29,2026,laliga,Valencia,Osasuna,,,scheduled,espn,,,,,,,,,,,
laliga-2026-2026-11-29-celta-v-villarreal,2026-11-29,2026,laliga,Celta,Villarreal,,,scheduled,espn,,,,,,,,,,,
laliga-2026-2026-11-29-la-coruna-v-barcelona,2026-11-29,2026,laliga,La Coruna,Barcelona,,,scheduled,espn,,,,,,,,,,,
laliga-2026-2026-11-29-elche-v-ath-madrid,2026-11-29,2026,laliga,Elche,Ath Madrid,,,scheduled,espn,,,,,,,,,,,
laliga-2026-2026-11-29-espanyol-v-getafe,2026-11-29,2026,laliga,Espanyol,Getafe,,,scheduled,espn,,,,,,,,,,,
laliga-2026-2026-11-29-levante-v-santander,2026-11-29,2026,laliga,Levante,Santander,,,scheduled,espn,,,,,,,,,,,
laliga-2026-2026-11-29-malaga-v-ath-bilbao,2026-11-29,2026,laliga,Malaga,Ath Bilbao,,,scheduled,espn,,,,,,,,,,,
laliga-2026-2026-11-29-betis-v-rayo-vallecano,2026-11-29,2026,laliga,Betis,Rayo Vallecano,,,scheduled,espn,,,,,,,,,,,
laliga-2026-2026-11-29-real-madrid-v-alaves,2026-11-29,2026,laliga,Real Madrid,Alaves,,,scheduled,espn,,,,,,,,,,,
laliga-2026-2026-11-29-real-sociedad-v-sevilla,2026-11-29,2026,laliga,Real Sociedad,Sevilla,,,scheduled,espn,,,,,,,,,,,
laliga-2026-2026-12-06-santander-v-la-coruna,2026-12-06,2026,laliga,Santander,La Coruna,,,scheduled,espn,,,,,,,,,,,
laliga-2026-2026-12-06-osasuna-v-elche,2026-12-06,2026,laliga,Osasuna,Elche,,,scheduled,espn,,,,,,,,,,,
laliga-2026-2026-12-06-rayo-vallecano-v-levante,2026-12-06,2026,laliga,Rayo Vallecano,Levante,,,scheduled,espn,,,,,,,,,,,
laliga-2026-2026-12-06-getafe-v-valencia,2026-12-06,2026,laliga,Getafe,Valencia,,,scheduled,espn,,,,,,,,,,,
laliga-2026-2026-12-06-sevilla-v-malaga,2026-12-06,2026,laliga,Sevilla,Malaga,,,scheduled,espn,,,,,,,,,,,
laliga-2026-2026-12-06-ath-madrid-v-betis,2026-12-06,2026,laliga,Ath Madrid,Betis,,,scheduled,espn,,,,,,,,,,,
laliga-2026-2026-12-06-ath-bilbao-v-real-madrid,2026-12-06,2026,laliga,Ath Bilbao,Real Madrid,,,scheduled,espn,,,,,,,,,,,
laliga-2026-2026-12-06-alaves-v-espanyol,2026-12-06,2026,laliga,Alaves,Espanyol,,,scheduled,espn,,,,,,,,,,,
laliga-2026-2026-12-06-barcelona-v-celta,2026-12-06,2026,laliga,Barcelona,Celta,,,scheduled,espn,,,,,,,,,,,
laliga-2026-2026-12-06-villarreal-v-real-sociedad,2026-12-06,2026,laliga,Villarreal,Real Sociedad,,,scheduled,espn,,,,,,,,,,,
