fixture_id,date,season,league,home,away,home_goals,away_goals,status,provenance,api_fixture_id,hs,as_,hst,ast,hf,af,hy,ay,hr,ar
ligue1-2023-2023-08-11-nice-v-lille,2023-08-11,2023,ligue1,Nice,Lille,1,1,finished,api_football,1044885.0,,,,,,,,,,
ligue1-2023-2023-08-12-marseille-v-reims,2023-08-12,2023,ligue1,Marseille,Reims,2,1,finished,api_football,1044884.0,,,,,,,,,,
ligue1-2023-2023-08-12-paris-sg-v-lorient,2023-08-12,2023,ligue1,Paris SG,Lorient,0,0,finished,api_football,1044881.0,,,,,,,,,,
ligue1-2023-2023-08-13-brest-v-lens,2023-08-13,2023,ligue1,Brest,Lens,3,2,finished,api_football,1044889.0,,,,,,,,,,
ligue1-2023-2023-08-13-montpellier-v-le-havre,2023-08-13,2023,ligue1,Montpellier,Le Havre,2,2,finished,api_football,1044888.0,,,,,,,,,,
ligue1-2023-2023-08-13-nantes-v-toulouse,2023-08-13,2023,ligue1,Nantes,Toulouse,1,2,finished,api_football,1044887.0,,,,,,,,,,
ligue1-2023-2023-08-13-clermont-v-monaco,2023-08-13,2023,ligue1,Clermont,Monaco,2,4,finished,api_football,1044886.0,,,,,,,,,,
ligue1-2023-2023-08-13-rennes-v-metz,2023-08-13,2023,ligue1,Rennes,Metz,5,1,finished,api_football,1044883.0,,,,,,,,,,
ligue1-2023-2023-08-13-strasbourg-v-lyon,2023-08-13,2023,ligue1,Strasbourg,Lyon,2,1,finished,api_football,1044882.0,,,,,,,,,,
ligue1-2023-2023-08-18-metz-v-marseille,2023-08-18,2023,ligue1,Metz,Marseille,2,2,finished,api_football,1044898.0,,,,,,,,,,
ligue1-2023-2023-08-19-lyon-v-montpellier,2023-08-19,2023,ligue1,Lyon,Montpellier,1,4,finished,api_football,1044894.0,,,,,,,,,,
ligue1-2023-2023-08-19-toulouse-v-paris-sg,2023-08-19,2023,ligue1,Toulouse,Paris SG,1,1,finished,api_football,1044890.0,,,,,,,,,,
ligue1-2023-2023-08-20-lorient-v-nice,2023-08-20,2023,ligue1,Lorient,Nice,1,1,finished,api_football,1044891.0,,,,,,,,,,
ligue1-2023-2023-08-20-reims-v-clermont,2023-08-20,2023,ligue1,Reims,Clermont,2,0,finished,api_football,1044895.0,,,,,,,,,,
ligue1-2023-2023-08-20-lille-v-nantes,2023-08-20,2023,ligue1,Lille,Nantes,2,0,finished,api_football,1044893.0,,,,,,,,,,
ligue1-2023-2023-08-20-monaco-v-strasbourg,2023-08-20,2023,ligue1,Monaco,Strasbourg,3,0,finished,api_football,1044892.0,,,,,,,,,,
ligue1-2023-2023-08-20-lens-v-rennes,2023-08-20,2023,ligue1,Lens,Rennes,1,1,finished,api_football,1044896.0,,,,,,,,,,
ligue1-2023-2023-08-20-le-havre-v-brest,2023-08-20,2023,ligue1,Le Havre,Brest,1,2,finished,api_football,1044897.0,,,,,,,,,,
ligue1-2023-2023-08-25-nantes-v-monaco,2023-08-25,2023,ligue1,Nantes,Monaco,3,3,finished,api_football,1044906.0,,,,,,,,,,
ligue1-2023-2023-08-26-marseille-v-brest,2023-08-26,2023,ligue1,Marseille,Brest,2,0,finished,api_football,1044902.0,,,,,,,,,,
ligue1-2023-2023-08-26-paris-sg-v-lens,2023-08-26,2023,ligue1,Paris SG,Lens,3,1,finished,api_football,1044899.0,,,,,,,,,,
ligue1-2023-2023-08-27-lorient-v-lille,2023-08-27,2023,ligue1,Lorient,Lille,4,1,finished,api_football,1044903.0,,,,,,,,,,
ligue1-2023-2023-08-27-clermont-v-metz,2023-08-27,2023,ligue1,Clermont,Metz,0,1,finished,api_football,1044905.0,,,,,,,,,,
ligue1-2023-2023-08-27-strasbourg-v-toulouse,2023-08-27,2023,ligue1,Strasbourg,Toulouse,2,0,finished,api_football,1044900.0,,,,,,,,,,
ligue1-2023-2023-08-27-montpellier-v-reims,2023-08-27,2023,ligue1,Montpellier,Reims,1,3,finished,api_football,1044907.0,,,,,,,,,,
ligue1-2023-2023-08-27-nice-v-lyon,2023-08-27,2023,ligue1,Nice,Lyon,0,0,finished,api_football,1044904.0,,,,,,,,,,
ligue1-2023-2023-08-27-rennes-v-le-havre,2023-08-27,2023,ligue1,Rennes,Le Havre,2,2,finished,api_football,1044901.0,,,,,,,,,,
ligue1-2023-2023-09-01-nantes-v-marseille,2023-09-01,2023,ligue1,Nantes,Marseille,1,1,finished,api_football,1044913.0,,,,,,,,,,
ligue1-2023-2023-09-02-monaco-v-lens,2023-09-02,2023,ligue1,Monaco,Lens,3,0,finished,api_football,1044909.0,,,,,,,,,,
ligue1-2023-2023-09-02-brest-v-rennes,2023-09-02,2023,ligue1,Brest,Rennes,0,0,finished,api_football,1044916.0,,,,,,,,,,
ligue1-2023-2023-09-03-nice-v-strasbourg,2023-09-03,2023,ligue1,Nice,Strasbourg,2,0,finished,api_football,1044912.0,,,,,,,,,,
ligue1-2023-2023-09-03-lyon-v-paris-sg,2023-09-03,2023,ligue1,Lyon,Paris SG,1,4,finished,api_football,1044911.0,,,,,,,,,,
ligue1-2023-2023-09-03-metz-v-reims,2023-09-03,2023,ligue1,Metz,Reims,2,2,finished,api_football,1044915.0,,,,,,,,,,
ligue1-2023-2023-09-03-lille-v-montpellier,2023-09-03,2023,ligue1,Lille,Montpellier,1,0,finished,api_football,1044910.0,,,,,,,,,,
ligue1-2023-2023-09-03-toulouse-v-clermont,2023-09-03,2023,ligue1,Toulouse,Clermont,2,2,finished,api_football,1044908.0,,,,,,,,,,
ligue1-2023-2023-09-03-le-havre-v-lorient,2023-09-03,2023,ligue1,Le Havre,Lorient,3,0,finished,api_football,1044914.0,,,,,,,,,,
ligue1-2023-2023-09-15-paris-sg-v-nice,2023-09-15,2023,ligue1,Paris SG,Nice,2,3,finished,api_football,1044917.0,,,,,,,,,,
ligue1-2023-2023-09-16-rennes-v-lille,2023-09-16,2023,ligue1,Rennes,Lille,2,2,finished,api_football,1044919.0,,,,,,,,,,
ligue1-2023-2023-09-16-lens-v-metz,2023-09-16,2023,ligue1,Lens,Metz,0,1,finished,api_football,1044925.0,,,,,,,,,,
ligue1-2023-2023-09-17-marseille-v-toulouse,2023-09-17,2023,ligue1,Marseille,Toulouse,0,0,finished,api_football,1044920.0,,,,,,,,,,
ligue1-2023-2023-09-17-lyon-v-le-havre,2023-09-17,2023,ligue1,Lyon,Le Havre,0,0,finished,api_football,1044922.0,,,,,,,,,,
ligue1-2023-2023-09-17-clermont-v-nantes,2023-09-17,2023,ligue1,Clermont,Nantes,0,1,finished,api_football,1044923.0,,,,,,,,,,
ligue1-2023-2023-09-17-reims-v-brest,2023-09-17,2023,ligue1,Reims,Brest,1,2,finished,api_football,1044924.0,,,,,,,,,,
ligue1-2023-2023-09-17-lorient-v-monaco,2023-09-17,2023,ligue1,Lorient,Monaco,2,2,finished,api_football,1044921.0,,,,,,,,,,
ligue1-2023-2023-09-17-strasbourg-v-montpellier,2023-09-17,2023,ligue1,Strasbourg,Montpellier,2,2,finished,api_football,1044918.0,,,,,,,,,,
ligue1-2023-2023-09-22-monaco-v-nice,2023-09-22,2023,ligue1,Monaco,Nice,0,1,finished,api_football,1044927.0,,,,,,,,,,
ligue1-2023-2023-09-23-nantes-v-lorient,2023-09-23,2023,ligue1,Nantes,Lorient,5,3,finished,api_football,1044930.0,,,,,,,,,,
ligue1-2023-2023-09-23-brest-v-lyon,2023-09-23,2023,ligue1,Brest,Lyon,1,0,finished,api_football,1044934.0,,,,,,,,,,
ligue1-2023-2023-09-24-paris-sg-v-marseille,2023-09-24,2023,ligue1,Paris SG,Marseille,4,0,finished,api_football,1044926.0,,,,,,,,,,
ligue1-2023-2023-09-24-montpellier-v-rennes,2023-09-24,2023,ligue1,Montpellier,Rennes,0,0,finished,api_football,1044933.0,,,,,,,,,,
ligue1-2023-2023-09-24-metz-v-strasbourg,2023-09-24,2023,ligue1,Metz,Strasbourg,0,1,finished,api_football,1044932.0,,,,,,,,,,
ligue1-2023-2023-09-24-le-havre-v-clermont,2023-09-24,2023,ligue1,Le Havre,Clermont,2,1,finished,api_football,1044931.0,,,,,,,,,,
ligue1-2023-2023-09-24-lens-v-toulouse,2023-09-24,2023,ligue1,Lens,Toulouse,2,1,finished,api_football,1044929.0,,,,,,,,,,
ligue1-2023-2023-09-26-lille-v-reims,2023-09-26,2023,ligue1,Lille,Reims,1,2,finished,api_football,1044928.0,,,,,,,,,,
ligue1-2023-2023-09-29-strasbourg-v-lens,2023-09-29,2023,ligue1,Strasbourg,Lens,0,1,finished,api_football,1044935.0,,,,,,,,,,
ligue1-2023-2023-09-30-clermont-v-paris-sg,2023-09-30,2023,ligue1,Clermont,Paris SG,0,0,finished,api_football,1044941.0,,,,,,,,,,
ligue1-2023-2023-09-30-monaco-v-marseille,2023-09-30,2023,ligue1,Monaco,Marseille,3,2,finished,api_football,1044939.0,,,,,,,,,,
ligue1-2023-2023-10-01-nice-v-brest,2023-10-01,2023,ligue1,Nice,Brest,0,0,finished,api_football,1044940.0,,,,,,,,,,
ligue1-2023-2023-10-01-toulouse-v-metz,2023-10-01,2023,ligue1,Toulouse,Metz,3,0,finished,api_football,1044937.0,,,,,,,,,,
ligue1-2023-2023-10-01-reims-v-lyon,2023-10-01,2023,ligue1,Reims,Lyon,2,0,finished,api_football,1044942.0,,,,,,,,,,
ligue1-2023-2023-10-01-lorient-v-montpellier,2023-10-01,2023,ligue1,Lorient,Montpellier,0,3,finished,api_football,1044938.0,,,,,,,,,,
ligue1-2023-2023-10-01-rennes-v-nantes,2023-10-01,2023,ligue1,Rennes,Nantes,3,1,finished,api_football,1044936.0,,,,,,,,,,
ligue1-2023-2023-10-01-le-havre-v-lille,2023-10-01,2023,ligue1,Le Havre,Lille,0,2,finished,api_football,1044943.0,,,,,,,,,,
ligue1-2023-2023-10-06-strasbourg-v-nantes,2023-10-06,2023,ligue1,Strasbourg,Nantes,1,2,finished,api_football,1044944.0,,,,,,,,,,
ligue1-2023-2023-10-07-reims-v-monaco,2023-10-07,2023,ligue1,Reims,Monaco,1,3,finished,api_football,1044948.0,,,,,,,,,,
ligue1-2023-2023-10-07-metz-v-nice,2023-10-07,2023,ligue1,Metz,Nice,0,1,finished,api_football,1044950.0,,,,,,,,,,
ligue1-2023-2023-10-08-rennes-v-paris-sg,2023-10-08,2023,ligue1,Rennes,Paris SG,1,3,finished,api_football,1044945.0,,,,,,,,,,
ligue1-2023-2023-10-08-lens-v-lille,2023-10-08,2023,ligue1,Lens,Lille,1,1,finished,api_football,1044949.0,,,,,,,,,,
ligue1-2023-2023-10-08-brest-v-toulouse,2023-10-08,2023,ligue1,Brest,Toulouse,1,1,finished,api_football,1044952.0,,,,,,,,,,
ligue1-2023-2023-10-08-lyon-v-lorient,2023-10-08,2023,ligue1,Lyon,Lorient,3,3,finished,api_football,1044947.0,,,,,,,,,,
ligue1-2023-2023-10-08-marseille-v-le-havre,2023-10-08,2023,ligue1,Marseille,Le Havre,3,0,finished,api_football,1044946.0,,,,,,,,,,
ligue1-2023-2023-10-20-le-havre-v-lens,2023-10-20,2023,ligue1,Le Havre,Lens,0,0,finished,api_football,1044961.0,,,,,,,,,,
ligue1-2023-2023-10-21-nice-v-marseille,2023-10-21,2023,ligue1,Nice,Marseille,1,0,finished,api_football,1044959.0,,,,,,,,,,
ligue1-2023-2023-10-21-paris-sg-v-strasbourg,2023-10-21,2023,ligue1,Paris SG,Strasbourg,3,0,finished,api_football,1044953.0,,,,,,,,,,
ligue1-2023-2023-10-22-lyon-v-clermont,2023-10-22,2023,ligue1,Lyon,Clermont,1,2,finished,api_football,1044958.0,,,,,,,,,,
ligue1-2023-2023-10-22-monaco-v-metz,2023-10-22,2023,ligue1,Monaco,Metz,2,1,finished,api_football,1044956.0,,,,,,,,,,
ligue1-2023-2023-10-22-toulouse-v-reims,2023-10-22,2023,ligue1,Toulouse,Reims,1,1,finished,api_football,1044954.0,,,,,,,,,,
ligue1-2023-2023-10-22-lorient-v-rennes,2023-10-22,2023,ligue1,Lorient,Rennes,2,1,finished,api_football,1044955.0,,,,,,,,,,
ligue1-2023-2023-10-22-lille-v-brest,2023-10-22,2023,ligue1,Lille,Brest,1,0,finished,api_football,1044957.0,,,,,,,,,,
ligue1-2023-2023-10-22-nantes-v-montpellier,2023-10-22,2023,ligue1,Nantes,Montpellier,2,0,finished,api_football,1044960.0,,,,,,,,,,
ligue1-2023-2023-10-27-clermont-v-nice,2023-10-27,2023,ligue1,Clermont,Nice,0,1,finished,api_football,1044965.0,,,,,,,,,,
ligue1-2023-2023-10-28-lens-v-nantes,2023-10-28,2023,ligue1,Lens,Nantes,4,0,finished,api_football,1044967.0,,,,,,,,,,
ligue1-2023-2023-10-28-reims-v-lorient,2023-10-28,2023,ligue1,Reims,Lorient,1,0,finished,api_football,1044966.0,,,,,,,,,,
ligue1-2023-2023-10-29-rennes-v-strasbourg,2023-10-29,2023,ligue1,Rennes,Strasbourg,1,1,finished,api_football,1044962.0,,,,,,,,,,
ligue1-2023-2023-10-29-brest-v-paris-sg,2023-10-29,2023,ligue1,Brest,Paris SG,2,3,finished,api_football,1044970.0,,,,,,,,,,
ligue1-2023-2023-10-29-lille-v-monaco,2023-10-29,2023,ligue1,Lille,Monaco,2,0,finished,api_football,1044964.0,,,,,,,,,,
ligue1-2023-2023-10-29-montpellier-v-toulouse,2023-10-29,2023,ligue1,Montpellier,Toulouse,3,0,finished,api_football,1044969.0,,,,,,,,,,
ligue1-2023-2023-10-29-metz-v-le-havre,2023-10-29,2023,ligue1,Metz,Le Havre,0,0,finished,api_football,1044968.0,,,,,,,,,,
ligue1-2023-2023-11-03-paris-sg-v-montpellier,2023-11-03,2023,ligue1,Paris SG,Montpellier,3,0,finished,api_football,1044971.0,,,,,,,,,,
ligue1-2023-2023-11-04-marseille-v-lille,2023-11-04,2023,ligue1,Marseille,Lille,0,0,finished,api_football,1044974.0,,,,,,,,,,
ligue1-2023-2023-11-04-lorient-v-lens,2023-11-04,2023,ligue1,Lorient,Lens,0,0,finished,api_football,1044975.0,,,,,,,,,,
ligue1-2023-2023-11-05-lyon-v-metz,2023-11-05,2023,ligue1,Lyon,Metz,1,1,finished,api_football,1044977.0,,,,,,,,,,
ligue1-2023-2023-11-05-nantes-v-reims,2023-11-05,2023,ligue1,Nantes,Reims,0,1,finished,api_football,1044979.0,,,,,,,,,,
ligue1-2023-2023-11-05-strasbourg-v-clermont,2023-11-05,2023,ligue1,Strasbourg,Clermont,0,0,finished,api_football,1044972.0,,,,,,,,,,
ligue1-2023-2023-11-05-toulouse-v-le-havre,2023-11-05,2023,ligue1,Toulouse,Le Havre,1,2,finished,api_football,1044973.0,,,,,,,,,,
ligue1-2023-2023-11-05-monaco-v-brest,2023-11-05,2023,ligue1,Monaco,Brest,2,0,finished,api_football,1044976.0,,,,,,,,,,
ligue1-2023-2023-11-05-nice-v-rennes,2023-11-05,2023,ligue1,Nice,Rennes,2,0,finished,api_football,1044978.0,,,,,,,,,,
ligue1-2023-2023-11-10-montpellier-v-nice,2023-11-10,2023,ligue1,Montpellier,Nice,0,0,finished,api_football,1044987.0,,,,,,,,,,
ligue1-2023-2023-11-11-le-havre-v-monaco,2023-11-11,2023,ligue1,Le Havre,Monaco,0,0,finished,api_football,1044985.0,,,,,,,,,,
ligue1-2023-2023-11-11-reims-v-paris-sg,2023-11-11,2023,ligue1,Reims,Paris SG,0,3,finished,api_football,1044983.0,,,,,,,,,,
ligue1-2023-2023-11-12-rennes-v-lyon,2023-11-12,2023,ligue1,Rennes,Lyon,0,1,finished,api_football,1044980.0,,,,,,,,,,
ligue1-2023-2023-11-12-lens-v-marseille,2023-11-12,2023,ligue1,Lens,Marseille,1,0,finished,api_football,1044984.0,,,,,,,,,,
ligue1-2023-2023-11-12-metz-v-nantes,2023-11-12,2023,ligue1,Metz,Nantes,3,1,finished,api_football,1044986.0,,,,,,,,,,
ligue1-2023-2023-11-12-clermont-v-lorient,2023-11-12,2023,ligue1,Clermont,Lorient,1,0,finished,api_football,1044982.0,,,,,,,,,,
ligue1-2023-2023-11-12-lille-v-toulouse,2023-11-12,2023,ligue1,Lille,Toulouse,1,1,finished,api_football,1044981.0,,,,,,,,,,
ligue1-2023-2023-11-24-paris-sg-v-monaco,2023-11-24,2023,ligue1,Paris SG,Monaco,5,2,finished,api_football,1044989.0,,,,,,,,,,
ligue1-2023-2023-11-25-clermont-v-lens,2023-11-25,2023,ligue1,Clermont,Lens,0,3,finished,api_football,1044995.0,,,,,,,,,,
ligue1-2023-2023-11-25-strasbourg-v-marseille,2023-11-25,2023,ligue1,Strasbourg,Marseille,1,1,finished,api_football,1044990.0,,,,,,,,,,
ligue1-2023-2023-11-26-nice-v-toulouse,2023-11-26,2023,ligue1,Nice,Toulouse,1,0,finished,api_football,1044994.0,,,,,,,,,,
ligue1-2023-2023-11-26-montpellier-v-brest,2023-11-26,2023,ligue1,Montpellier,Brest,1,3,finished,api_football,1044997.0,,,,,,,,,,
ligue1-2023-2023-11-26-nantes-v-le-havre,2023-11-26,2023,ligue1,Nantes,Le Havre,0,0,finished,api_football,1044996.0,,,,,,,,,,
ligue1-2023-2023-11-26-lorient-v-metz,2023-11-26,2023,ligue1,Lorient,Metz,2,3,finished,api_football,1044992.0,,,,,,,,,,
ligue1-2023-2023-11-26-rennes-v-reims,2023-11-26,2023,ligue1,Rennes,Reims,3,1,finished,api_football,1044991.0,,,,,,,,,,
ligue1-2023-2023-11-26-lyon-v-lille,2023-11-26,2023,ligue1,Lyon,Lille,0,2,finished,api_football,1044993.0,,,,,,,,,,
ligue1-2023-2023-11-29-montpellier-v-clermont,2023-11-29,2023,ligue1,Montpellier,Clermont,1,1,finished,api_football,1044951.0,,,,,,,,,,
ligue1-2023-2023-12-01-reims-v-strasbourg,2023-12-01,2023,ligue1,Reims,Strasbourg,2,1,finished,api_football,1045002.0,,,,,,,,,,
ligue1-2023-2023-12-02-lens-v-lyon,2023-12-02,2023,ligue1,Lens,Lyon,3,2,finished,api_football,1045003.0,,,,,,,,,,
ligue1-2023-2023-12-02-nantes-v-nice,2023-12-02,2023,ligue1,Nantes,Nice,1,0,finished,api_football,1045004.0,,,,,,,,,,
ligue1-2023-2023-12-03-lille-v-metz,2023-12-03,2023,ligue1,Lille,Metz,2,0,finished,api_football,1045001.0,,,,,,,,,,
ligue1-2023-2023-12-03-marseille-v-rennes,2023-12-03,2023,ligue1,Marseille,Rennes,2,0,finished,api_football,1044999.0,,,,,,,,,,
ligue1-2023-2023-12-03-brest-v-clermont,2023-12-03,2023,ligue1,Brest,Clermont,3,0,finished,api_football,1045006.0,,,,,,,,,,
ligue1-2023-2023-12-03-monaco-v-montpellier,2023-12-03,2023,ligue1,Monaco,Montpellier,2,0,finished,api_football,1045000.0,,,,,,,,,,
ligue1-2023-2023-12-03-toulouse-v-lorient,2023-12-03,2023,ligue1,Toulouse,Lorient,1,1,finished,api_football,1044998.0,,,,,,,,,,
ligue1-2023-2023-12-03-le-havre-v-paris-sg,2023-12-03,2023,ligue1,Le Havre,Paris SG,0,2,finished,api_football,1045005.0,,,,,,,,,,
ligue1-2023-2023-12-06-marseille-v-lyon,2023-12-06,2023,ligue1,Marseille,Lyon,3,0,finished,api_football,1044963.0,,,,,,,,,,
ligue1-2023-2023-12-07-brest-v-strasbourg,2023-12-07,2023,ligue1,Brest,Strasbourg,1,1,finished,api_football,1044988.0,,,,,,,,,,
ligue1-2023-2023-12-08-montpellier-v-lens,2023-12-08,2023,ligue1,Montpellier,Lens,0,0,finished,api_football,1045015.0,,,,,,,,,,
ligue1-2023-2023-12-09-rennes-v-monaco,2023-12-09,2023,ligue1,Rennes,Monaco,1,2,finished,api_football,1045009.0,,,,,,,,,,
ligue1-2023-2023-12-09-paris-sg-v-nantes,2023-12-09,2023,ligue1,Paris SG,Nantes,2,1,finished,api_football,1045007.0,,,,,,,,,,
ligue1-2023-2023-12-10-nice-v-reims,2023-12-10,2023,ligue1,Nice,Reims,2,1,finished,api_football,1045012.0,,,,,,,,,,
ligue1-2023-2023-12-10-clermont-v-lille,2023-12-10,2023,ligue1,Clermont,Lille,0,0,finished,api_football,1045013.0,,,,,,,,,,
ligue1-2023-2023-12-10-strasbourg-v-le-havre,2023-12-10,2023,ligue1,Strasbourg,Le Havre,2,1,finished,api_football,1045008.0,,,,,,,,,,
ligue1-2023-2023-12-10-lyon-v-toulouse,2023-12-10,2023,ligue1,Lyon,Toulouse,3,0,finished,api_football,1045011.0,,,,,,,,,,
ligue1-2023-2023-12-10-metz-v-brest,2023-12-10,2023,ligue1,Metz,Brest,0,1,finished,api_football,1045014.0,,,,,,,,,,
ligue1-2023-2023-12-10-lorient-v-marseille,2023-12-10,2023,ligue1,Lorient,Marseille,2,4,finished,api_football,1045010.0,,,,,,,,,,
ligue1-2023-2023-12-15-monaco-v-lyon,2023-12-15,2023,ligue1,Monaco,Lyon,0,1,finished,api_football,1045019.0,,,,,,,,,,
ligue1-2023-2023-12-16-le-havre-v-nice,2023-12-16,2023,ligue1,Le Havre,Nice,3,1,finished,api_football,1045023.0,,,,,,,,,,
ligue1-2023-2023-12-16-lens-v-reims,2023-12-16,2023,ligue1,Lens,Reims,2,0,finished,api_football,1045021.0,,,,,,,,,,
ligue1-2023-2023-12-17-nantes-v-brest,2023-12-17,2023,ligue1,Nantes,Brest,0,2,finished,api_football,1045022.0,,,,,,,,,,
ligue1-2023-2023-12-17-toulouse-v-rennes,2023-12-17,2023,ligue1,Toulouse,Rennes,0,0,finished,api_football,1045016.0,,,,,,,,,,
ligue1-2023-2023-12-17-lorient-v-strasbourg,2023-12-17,2023,ligue1,Lorient,Strasbourg,1,2,finished,api_football,1045018.0,,,,,,,,,,
ligue1-2023-2023-12-17-metz-v-montpellier,2023-12-17,2023,ligue1,Metz,Montpellier,0,1,finished,api_football,1045024.0,,,,,,,,,,
ligue1-2023-2023-12-17-marseille-v-clermont,2023-12-17,2023,ligue1,Marseille,Clermont,2,1,finished,api_football,1045017.0,,,,,,,,,,
ligue1-2023-2023-12-17-lille-v-paris-sg,2023-12-17,2023,ligue1,Lille,Paris SG,1,1,finished,api_football,1045020.0,,,,,,,,,,
ligue1-2023-2023-12-20-lyon-v-nantes,2023-12-20,2023,ligue1,Lyon,Nantes,1,0,finished,api_football,1045028.0,,,,,,,,,,
ligue1-2023-2023-12-20-montpellier-v-marseille,2023-12-20,2023,ligue1,Montpellier,Marseille,1,1,finished,api_football,1045032.0,,,,,,,,,,
ligue1-2023-2023-12-20-paris-sg-v-metz,2023-12-20,2023,ligue1,Paris SG,Metz,3,1,finished,api_football,1045025.0,,,,,,,,,,
ligue1-2023-2023-12-20-nice-v-lens,2023-12-20,2023,ligue1,Nice,Lens,2,0,finished,api_football,1045029.0,,,,,,,,,,
ligue1-2023-2023-12-20-clermont-v-rennes,2023-12-20,2023,ligue1,Clermont,Rennes,1,3,finished,api_football,1045030.0,,,,,,,,,,
ligue1-2023-2023-12-20-brest-v-lorient,2023-12-20,2023,ligue1,Brest,Lorient,4,0,finished,api_football,1045033.0,,,,,,,,,,
ligue1-2023-2023-12-20-strasbourg-v-lille,2023-12-20,2023,ligue1,Strasbourg,Lille,2,1,finished,api_football,1045026.0,,,,,,,,,,
ligue1-2023-2023-12-20-reims-v-le-havre,2023-12-20,2023,ligue1,Reims,Le Havre,1,0,finished,api_football,1045031.0,,,,,,,,,,
ligue1-2023-2023-12-20-toulouse-v-monaco,2023-12-20,2023,ligue1,Toulouse,Monaco,1,2,finished,api_football,1045027.0,,,,,,,,,,
ligue1-2023-2024-01-12-marseille-v-strasbourg,2024-01-12,2023,ligue1,Marseille,Strasbourg,1,1,finished,api_football,1045035.0,,,,,,,,,,
ligue1-2023-2024-01-13-monaco-v-reims,2024-01-13,2023,ligue1,Monaco,Reims,1,3,finished,api_football,1045036.0,,,,,,,,,,
ligue1-2023-2024-01-13-rennes-v-nice,2024-01-13,2023,ligue1,Rennes,Nice,2,0,finished,api_football,1045034.0,,,,,,,,,,
ligue1-2023-2024-01-14-lille-v-lorient,2024-01-14,2023,ligue1,Lille,Lorient,3,0,finished,api_football,1045037.0,,,,,,,,,,
ligue1-2023-2024-01-14-nantes-v-clermont,2024-01-14,2023,ligue1,Nantes,Clermont,1,2,finished,api_football,1045038.0,,,,,,,,,,
ligue1-2023-2024-01-14-brest-v-montpellier,2024-01-14,2023,ligue1,Brest,Montpellier,2,0,finished,api_football,1045041.0,,,,,,,,,,
ligue1-2023-2024-01-14-metz-v-toulouse,2024-01-14,2023,ligue1,Metz,Toulouse,0,1,finished,api_football,1045040.0,,,,,,,,,,
ligue1-2023-2024-01-14-le-havre-v-lyon,2024-01-14,2023,ligue1,Le Havre,Lyon,3,1,finished,api_football,1045039.0,,,,,,,,,,
ligue1-2023-2024-01-14-lens-v-paris-sg,2024-01-14,2023,ligue1,Lens,Paris SG,0,2,finished,api_football,1045042.0,,,,,,,,,,
ligue1-2023-2024-01-26-lyon-v-rennes,2024-01-26,2023,ligue1,Lyon,Rennes,2,3,finished,api_football,1045047.0,,,,,,,,,,
ligue1-2023-2024-01-27-nice-v-metz,2024-01-27,2023,ligue1,Nice,Metz,1,0,finished,api_football,1045048.0,,,,,,,,,,
ligue1-2023-2024-01-27-marseille-v-monaco,2024-01-27,2023,ligue1,Marseille,Monaco,2,2,finished,api_football,1045045.0,,,,,,,,,,
ligue1-2023-2024-01-28-montpellier-v-lille,2024-01-28,2023,ligue1,Montpellier,Lille,0,0,finished,api_football,1045051.0,,,,,,,,,,
ligue1-2023-2024-01-28-reims-v-nantes,2024-01-28,2023,ligue1,Reims,Nantes,0,0,finished,api_football,1045050.0,,,,,,,,,,
ligue1-2023-2024-01-28-lorient-v-le-havre,2024-01-28,2023,ligue1,Lorient,Le Havre,3,3,finished,api_football,1045046.0,,,,,,,,,,
ligue1-2023-2024-01-28-clermont-v-strasbourg,2024-01-28,2023,ligue1,Clermont,Strasbourg,1,1,finished,api_football,1045049.0,,,,,,,,,,
ligue1-2023-2024-01-28-toulouse-v-lens,2024-01-28,2023,ligue1,Toulouse,Lens,0,2,finished,api_football,1045044.0,,,,,,,,,,
ligue1-2023-2024-01-28-paris-sg-v-brest,2024-01-28,2023,ligue1,Paris SG,Brest,2,2,finished,api_football,1045043.0,,,,,,,,,,
ligue1-2023-2024-02-02-strasbourg-v-paris-sg,2024-02-02,2023,ligue1,Strasbourg,Paris SG,1,2,finished,api_football,1045052.0,,,,,,,,,,
ligue1-2023-2024-02-03-rennes-v-montpellier,2024-02-03,2023,ligue1,Rennes,Montpellier,2,1,finished,api_football,1045053.0,,,,,,,,,,
ligue1-2023-2024-02-03-nantes-v-lens,2024-02-03,2023,ligue1,Nantes,Lens,0,1,finished,api_football,1045058.0,,,,,,,,,,
ligue1-2023-2024-02-04-metz-v-lorient,2024-02-04,2023,ligue1,Metz,Lorient,1,2,finished,api_football,1045059.0,,,,,,,,,,
ligue1-2023-2024-02-04-reims-v-toulouse,2024-02-04,2023,ligue1,Reims,Toulouse,2,3,finished,api_football,1045057.0,,,,,,,,,,
ligue1-2023-2024-02-04-lyon-v-marseille,2024-02-04,2023,ligue1,Lyon,Marseille,1,0,finished,api_football,1045056.0,,,,,,,,,,
ligue1-2023-2024-02-04-monaco-v-le-havre,2024-02-04,2023,ligue1,Monaco,Le Havre,1,1,finished,api_football,1045054.0,,,,,,,,,,
ligue1-2023-2024-02-04-brest-v-nice,2024-02-04,2023,ligue1,Brest,Nice,0,0,finished,api_football,1045060.0,,,,,,,,,,
ligue1-2023-2024-02-04-lille-v-clermont,2024-02-04,2023,ligue1,Lille,Clermont,4,0,finished,api_football,1045055.0,,,,,,,,,,
ligue1-2023-2024-02-09-marseille-v-metz,2024-02-09,2023,ligue1,Marseille,Metz,1,1,finished,api_football,1045063.0,,,,,,,,,,
ligue1-2023-2024-02-10-lens-v-strasbourg,2024-02-10,2023,ligue1,Lens,Strasbourg,3,1,finished,api_football,1045067.0,,,,,,,,,,
ligue1-2023-2024-02-10-paris-sg-v-lille,2024-02-10,2023,ligue1,Paris SG,Lille,3,1,finished,api_football,1045061.0,,,,,,,,,,
ligue1-2023-2024-02-11-nice-v-monaco,2024-02-11,2023,ligue1,Nice,Monaco,2,3,finished,api_football,1045065.0,,,,,,,,,,
ligue1-2023-2024-02-11-montpellier-v-lyon,2024-02-11,2023,ligue1,Montpellier,Lyon,1,2,finished,api_football,1045069.0,,,,,,,,,,
ligue1-2023-2024-02-11-clermont-v-brest,2024-02-11,2023,ligue1,Clermont,Brest,1,1,finished,api_football,1045066.0,,,,,,,,,,
ligue1-2023-2024-02-11-lorient-v-reims,2024-02-11,2023,ligue1,Lorient,Reims,2,0,finished,api_football,1045064.0,,,,,,,,,,
ligue1-2023-2024-02-11-le-havre-v-rennes,2024-02-11,2023,ligue1,Le Havre,Rennes,0,1,finished,api_football,1045068.0,,,,,,,,,,
ligue1-2023-2024-02-11-toulouse-v-nantes,2024-02-11,2023,ligue1,Toulouse,Nantes,1,2,finished,api_football,1045062.0,,,,,,,,,,
ligue1-2023-2024-02-16-lyon-v-nice,2024-02-16,2023,ligue1,Lyon,Nice,1,0,finished,api_football,1045074.0,,,,,,,,,,
ligue1-2023-2024-02-17-lille-v-le-havre,2024-02-17,2023,ligue1,Lille,Le Havre,3,0,finished,api_football,1045073.0,,,,,,,,,,
ligue1-2023-2024-02-17-nantes-v-paris-sg,2024-02-17,2023,ligue1,Nantes,Paris SG,0,2,finished,api_football,1045076.0,,,,,,,,,,
ligue1-2023-2024-02-18-strasbourg-v-lorient,2024-02-18,2023,ligue1,Strasbourg,Lorient,1,3,finished,api_football,1045070.0,,,,,,,,,,
ligue1-2023-2024-02-18-monaco-v-toulouse,2024-02-18,2023,ligue1,Monaco,Toulouse,1,2,finished,api_football,1045072.0,,,,,,,,,,
ligue1-2023-2024-02-18-montpellier-v-metz,2024-02-18,2023,ligue1,Montpellier,Metz,3,0,finished,api_football,1045077.0,,,,,,,,,,
ligue1-2023-2024-02-18-reims-v-lens,2024-02-18,2023,ligue1,Reims,Lens,1,1,finished,api_football,1045075.0,,,,,,,,,,
ligue1-2023-2024-02-18-brest-v-marseille,2024-02-18,2023,ligue1,Brest,Marseille,1,0,finished,api_football,1045078.0,,,,,,,,,,
ligue1-2023-2024-02-18-rennes-v-clermont,2024-02-18,2023,ligue1,Rennes,Clermont,3,1,finished,api_football,1045071.0,,,,,,,,,,
ligue1-2023-2024-02-23-metz-v-lyon,2024-02-23,2023,ligue1,Metz,Lyon,1,2,finished,api_football,1045087.0,,,,,,,,,,
ligue1-2023-2024-02-24-lorient-v-nantes,2024-02-24,2023,ligue1,Lorient,Nantes,0,1,finished,api_football,1045083.0,,,,,,,,,,
ligue1-2023-2024-02-24-strasbourg-v-brest,2024-02-24,2023,ligue1,Strasbourg,Brest,0,3,finished,api_football,1045080.0,,,,,,,,,,
ligue1-2023-2024-02-25-marseille-v-montpellier,2024-02-25,2023,ligue1,Marseille,Montpellier,4,1,finished,api_football,1045082.0,,,,,,,,,,
ligue1-2023-2024-02-25-paris-sg-v-rennes,2024-02-25,2023,ligue1,Paris SG,Rennes,1,1,finished,api_football,1045079.0,,,,,,,,,,
ligue1-2023-2024-02-25-le-havre-v-reims,2024-02-25,2023,ligue1,Le Havre,Reims,1,2,finished,api_football,1045086.0,,,,,,,,,,
ligue1-2023-2024-02-25-toulouse-v-lille,2024-02-25,2023,ligue1,Toulouse,Lille,3,1,finished,api_football,1045081.0,,,,,,,,,,
ligue1-2023-2024-02-25-nice-v-clermont,2024-02-25,2023,ligue1,Nice,Clermont,0,0,finished,api_football,1045084.0,,,,,,,,,,
ligue1-2023-2024-02-25-lens-v-monaco,2024-02-25,2023,ligue1,Lens,Monaco,2,3,finished,api_football,1045085.0,,,,,,,,,,
ligue1-2023-2024-03-01-monaco-v-paris-sg,2024-03-01,2023,ligue1,Monaco,Paris SG,0,0,finished,api_football,1045090.0,,,,,,,,,,
ligue1-2023-2024-03-02-clermont-v-marseille,2024-03-02,2023,ligue1,Clermont,Marseille,1,5,finished,api_football,1045092.0,,,,,,,,,,
ligue1-2023-2024-03-02-reims-v-lille,2024-03-02,2023,ligue1,Reims,Lille,0,1,finished,api_football,1045093.0,,,,,,,,,,
ligue1-2023-2024-03-03-lyon-v-lens,2024-03-03,2023,ligue1,Lyon,Lens,0,3,finished,api_football,1045091.0,,,,,,,,,,
ligue1-2023-2024-03-03-rennes-v-lorient,2024-03-03,2023,ligue1,Rennes,Lorient,1,2,finished,api_football,1045088.0,,,,,,,,,,
ligue1-2023-2024-03-03-brest-v-le-havre,2024-03-03,2023,ligue1,Brest,Le Havre,1,0,finished,api_football,1045096.0,,,,,,,,,,
ligue1-2023-2024-03-03-toulouse-v-nice,2024-03-03,2023,ligue1,Toulouse,Nice,2,1,finished,api_football,1045089.0,,,,,,,,,,
ligue1-2023-2024-03-03-montpellier-v-strasbourg,2024-03-03,2023,ligue1,Montpellier,Strasbourg,2,2,finished,api_football,1045095.0,,,,,,,,,,
ligue1-2023-2024-03-03-nantes-v-metz,2024-03-03,2023,ligue1,Nantes,Metz,0,2,finished,api_football,1045094.0,,,,,,,,,,
ligue1-2023-2024-03-08-nice-v-montpellier,2024-03-08,2023,ligue1,Nice,Montpellier,1,2,finished,api_football,1045102.0,,,,,,,,,,
ligue1-2023-2024-03-09-lorient-v-lyon,2024-03-09,2023,ligue1,Lorient,Lyon,0,2,finished,api_football,1045100.0,,,,,,,,,,
ligue1-2023-2024-03-09-lens-v-brest,2024-03-09,2023,ligue1,Lens,Brest,1,0,finished,api_football,1045103.0,,,,,,,,,,
ligue1-2023-2024-03-10-le-havre-v-toulouse,2024-03-10,2023,ligue1,Le Havre,Toulouse,1,0,finished,api_football,1045104.0,,,,,,,,,,
ligue1-2023-2024-03-10-marseille-v-nantes,2024-03-10,2023,ligue1,Marseille,Nantes,2,0,finished,api_football,1045099.0,,,,,,,,,,
ligue1-2023-2024-03-10-metz-v-clermont,2024-03-10,2023,ligue1,Metz,Clermont,1,0,finished,api_football,1045105.0,,,,,,,,,,
ligue1-2023-2024-03-10-lille-v-rennes,2024-03-10,2023,ligue1,Lille,Rennes,2,2,finished,api_football,1045101.0,,,,,,,,,,
ligue1-2023-2024-03-10-strasbourg-v-monaco,2024-03-10,2023,ligue1,Strasbourg,Monaco,0,1,finished,api_football,1045098.0,,,,,,,,,,
ligue1-2023-2024-03-10-paris-sg-v-reims,2024-03-10,2023,ligue1,Paris SG,Reims,2,2,finished,api_football,1045097.0,,,,,,,,,,
ligue1-2023-2024-03-15-toulouse-v-lyon,2024-03-15,2023,ligue1,Toulouse,Lyon,2,3,finished,api_football,1045107.0,,,,,,,,,,
ligue1-2023-2024-03-16-lens-v-nice,2024-03-16,2023,ligue1,Lens,Nice,1,3,finished,api_football,1045111.0,,,,,,,,,,
ligue1-2023-2024-03-16-nantes-v-strasbourg,2024-03-16,2023,ligue1,Nantes,Strasbourg,1,3,finished,api_football,1045112.0,,,,,,,,,,
ligue1-2023-2024-03-17-brest-v-lille,2024-03-17,2023,ligue1,Brest,Lille,1,1,finished,api_football,1045114.0,,,,,,,,,,
ligue1-2023-2024-03-17-monaco-v-lorient,2024-03-17,2023,ligue1,Monaco,Lorient,2,2,finished,api_football,1045108.0,,,,,,,,,,
ligue1-2023-2024-03-17-reims-v-metz,2024-03-17,2023,ligue1,Reims,Metz,2,1,finished,api_football,1045110.0,,,,,,,,,,
ligue1-2023-2024-03-17-clermont-v-le-havre,2024-03-17,2023,ligue1,Clermont,Le Havre,2,1,finished,api_football,1045109.0,,,,,,,,,,
ligue1-2023-2024-03-17-rennes-v-marseille,2024-03-17,2023,ligue1,Rennes,Marseille,2,0,finished,api_football,1045106.0,,,,,,,,,,
ligue1-2023-2024-03-17-montpellier-v-paris-sg,2024-03-17,2023,ligue1,Montpellier,Paris SG,2,6,finished,api_football,1045113.0,,,,,,,,,,
ligue1-2023-2024-03-29-lille-v-lens,2024-03-29,2023,ligue1,Lille,Lens,2,1,finished,api_football,1045118.0,,,,,,,,,,
ligue1-2023-2024-03-30-metz-v-monaco,2024-03-30,2023,ligue1,Metz,Monaco,2,5,finished,api_football,1045123.0,,,,,,,,,,
ligue1-2023-2024-03-30-lyon-v-reims,2024-03-30,2023,ligue1,Lyon,Reims,1,1,finished,api_football,1045119.0,,,,,,,,,,
ligue1-2023-2024-03-31-clermont-v-toulouse,2024-03-31,2023,ligue1,Clermont,Toulouse,0,3,finished,api_football,1045121.0,,,,,,,,,,
ligue1-2023-2024-03-31-marseille-v-paris-sg,2024-03-31,2023,ligue1,Marseille,Paris SG,0,2,finished,api_football,1045116.0,,,,,,,,,,
ligue1-2023-2024-03-31-le-havre-v-montpellier,2024-03-31,2023,ligue1,Le Havre,Montpellier,0,2,finished,api_football,1045122.0,,,,,,,,,,
ligue1-2023-2024-03-31-strasbourg-v-rennes,2024-03-31,2023,ligue1,Strasbourg,Rennes,2,0,finished,api_football,1045115.0,,,,,,,,,,
ligue1-2023-2024-03-31-nice-v-nantes,2024-03-31,2023,ligue1,Nice,Nantes,1,2,finished,api_football,1045120.0,,,,,,,,,,
ligue1-2023-2024-03-31-lorient-v-brest,2024-03-31,2023,ligue1,Lorient,Brest,0,1,finished,api_football,1045117.0,,,,,,,,,,
ligue1-2023-2024-04-05-lille-v-marseille,2024-04-05,2023,ligue1,Lille,Marseille,3,1,finished,api_football,1045127.0,,,,,,,,,,
ligue1-2023-2024-04-06-lens-v-le-havre,2024-04-06,2023,ligue1,Lens,Le Havre,1,1,finished,api_football,1045129.0,,,,,,,,,,
ligue1-2023-2024-04-06-paris-sg-v-clermont,2024-04-06,2023,ligue1,Paris SG,Clermont,1,1,finished,api_football,1045124.0,,,,,,,,,,
ligue1-2023-2024-04-07-brest-v-metz,2024-04-07,2023,ligue1,Brest,Metz,4,3,finished,api_football,1045132.0,,,,,,,,,,
ligue1-2023-2024-04-07-montpellier-v-lorient,2024-04-07,2023,ligue1,Montpellier,Lorient,2,0,finished,api_football,1045131.0,,,,,,,,,,
ligue1-2023-2024-04-07-reims-v-nice,2024-04-07,2023,ligue1,Reims,Nice,0,0,finished,api_football,1045128.0,,,,,,,,,,
ligue1-2023-2024-04-07-toulouse-v-strasbourg,2024-04-07,2023,ligue1,Toulouse,Strasbourg,0,0,finished,api_football,1045125.0,,,,,,,,,,
ligue1-2023-2024-04-07-monaco-v-rennes,2024-04-07,2023,ligue1,Monaco,Rennes,1,0,finished,api_football,1045126.0,,,,,,,,,,
ligue1-2023-2024-04-07-nantes-v-lyon,2024-04-07,2023,ligue1,Nantes,Lyon,1,3,finished,api_football,1045130.0,,,,,,,,,,
ligue1-2023-2024-04-12-metz-v-lens,2024-04-12,2023,ligue1,Metz,Lens,2,1,finished,api_football,1045141.0,,,,,,,,,,
ligue1-2023-2024-04-13-strasbourg-v-reims,2024-04-13,2023,ligue1,Strasbourg,Reims,3,1,finished,api_football,1045133.0,,,,,,,,,,
ligue1-2023-2024-04-13-rennes-v-toulouse,2024-04-13,2023,ligue1,Rennes,Toulouse,1,2,finished,api_football,1045134.0,,,,,,,,,,
ligue1-2023-2024-04-14-lyon-v-brest,2024-04-14,2023,ligue1,Lyon,Brest,4,3,finished,api_football,1045138.0,,,,,,,,,,
ligue1-2023-2024-04-14-clermont-v-montpellier,2024-04-14,2023,ligue1,Clermont,Montpellier,1,1,finished,api_football,1045139.0,,,,,,,,,,
ligue1-2023-2024-04-14-le-havre-v-nantes,2024-04-14,2023,ligue1,Le Havre,Nantes,0,1,finished,api_football,1045140.0,,,,,,,,,,
ligue1-2023-2024-04-19-nice-v-lorient,2024-04-19,2023,ligue1,Nice,Lorient,3,0,finished,api_football,1045145.0,,,,,,,,,,
ligue1-2023-2024-04-20-lens-v-clermont,2024-04-20,2023,ligue1,Lens,Clermont,1,0,finished,api_football,1045147.0,,,,,,,,,,
ligue1-2023-2024-04-20-nantes-v-rennes,2024-04-20,2023,ligue1,Nantes,Rennes,0,3,finished,api_football,1045148.0,,,,,,,,,,
ligue1-2023-2024-04-21-lille-v-strasbourg,2024-04-21,2023,ligue1,Lille,Strasbourg,1,0,finished,api_football,1045144.0,,,,,,,,,,
ligue1-2023-2024-04-21-reims-v-montpellier,2024-04-21,2023,ligue1,Reims,Montpellier,1,2,finished,api_football,1045146.0,,,,,,,,,,
ligue1-2023-2024-04-21-le-havre-v-metz,2024-04-21,2023,ligue1,Le Havre,Metz,0,1,finished,api_football,1045149.0,,,,,,,,,,
ligue1-2023-2024-04-21-brest-v-monaco,2024-04-21,2023,ligue1,Brest,Monaco,0,2,finished,api_football,1045150.0,,,,,,,,,,
ligue1-2023-2024-04-21-toulouse-v-marseille,2024-04-21,2023,ligue1,Toulouse,Marseille,2,2,finished,api_football,1045143.0,,,,,,,,,,
ligue1-2023-2024-04-21-paris-sg-v-lyon,2024-04-21,2023,ligue1,Paris SG,Lyon,4,1,finished,api_football,1045142.0,,,,,,,,,,
ligue1-2023-2024-04-24-lorient-v-paris-sg,2024-04-24,2023,ligue1,Lorient,Paris SG,1,4,finished,api_football,1045136.0,,,,,,,,,,
ligue1-2023-2024-04-24-marseille-v-nice,2024-04-24,2023,ligue1,Marseille,Nice,2,2,finished,api_football,1045135.0,,,,,,,,,,
ligue1-2023-2024-04-24-monaco-v-lille,2024-04-24,2023,ligue1,Monaco,Lille,1,0,finished,api_football,1045137.0,,,,,,,,,,
ligue1-2023-2024-04-26-montpellier-v-nantes,2024-04-26,2023,ligue1,Montpellier,Nantes,1,1,finished,api_football,1045159.0,,,,,,,,,,
ligue1-2023-2024-04-27-paris-sg-v-le-havre,2024-04-27,2023,ligue1,Paris SG,Le Havre,3,3,finished,api_football,1045151.0,,,,,,,,,,
ligue1-2023-2024-04-28-marseille-v-lens,2024-04-28,2023,ligue1,Marseille,Lens,2,1,finished,api_football,1045154.0,,,,,,,,,,
ligue1-2023-2024-04-28-lyon-v-monaco,2024-04-28,2023,ligue1,Lyon,Monaco,3,2,finished,api_football,1045156.0,,,,,,,,,,
ligue1-2023-2024-04-28-rennes-v-brest,2024-04-28,2023,ligue1,Rennes,Brest,4,5,finished,api_football,1045153.0,,,,,,,,,,
ligue1-2023-2024-04-28-clermont-v-reims,2024-04-28,2023,ligue1,Clermont,Reims,4,1,finished,api_football,1045157.0,,,,,,,,,,
ligue1-2023-2024-04-28-lorient-v-toulouse,2024-04-28,2023,ligue1,Lorient,Toulouse,1,2,finished,api_football,1045155.0,,,,,,,,,,
ligue1-2023-2024-04-28-strasbourg-v-nice,2024-04-28,2023,ligue1,Strasbourg,Nice,1,3,finished,api_football,1045152.0,,,,,,,,,,
ligue1-2023-2024-04-28-metz-v-lille,2024-04-28,2023,ligue1,Metz,Lille,1,2,finished,api_football,1045158.0,,,,,,,,,,
ligue1-2023-2024-05-03-toulouse-v-montpellier,2024-05-03,2023,ligue1,Toulouse,Montpellier,1,2,finished,api_football,1045160.0,,,,,,,,,,
ligue1-2023-2024-05-03-lens-v-lorient,2024-05-03,2023,ligue1,Lens,Lorient,2,0,finished,api_football,1045165.0,,,,,,,,,,
ligue1-2023-2024-05-04-le-havre-v-strasbourg,2024-05-04,2023,ligue1,Le Havre,Strasbourg,3,1,finished,api_football,1045166.0,,,,,,,,,,
ligue1-2023-2024-05-04-monaco-v-clermont,2024-05-04,2023,ligue1,Monaco,Clermont,4,1,finished,api_football,1045161.0,,,,,,,,,,
ligue1-2023-2024-05-04-metz-v-rennes,2024-05-04,2023,ligue1,Metz,Rennes,2,3,finished,api_football,1045167.0,,,,,,,,,,
ligue1-2023-2024-05-04-brest-v-nantes,2024-05-04,2023,ligue1,Brest,Nantes,0,0,finished,api_football,1045168.0,,,,,,,,,,
ligue1-2023-2024-05-06-lille-v-lyon,2024-05-06,2023,ligue1,Lille,Lyon,3,4,finished,api_football,1045162.0,,,,,,,,,,
ligue1-2023-2024-05-10-brest-v-reims,2024-05-10,2023,ligue1,Brest,Reims,1,1,finished,api_football,1045177.0,,,,,,,,,,
ligue1-2023-2024-05-10-nice-v-le-havre,2024-05-10,2023,ligue1,Nice,Le Havre,1,0,finished,api_football,1045173.0,,,,,,,,,,
ligue1-2023-2024-05-12-clermont-v-lyon,2024-05-12,2023,ligue1,Clermont,Lyon,0,1,finished,api_football,1045174.0,,,,,,,,,,
ligue1-2023-2024-05-12-rennes-v-lens,2024-05-12,2023,ligue1,Rennes,Lens,1,1,finished,api_football,1045171.0,,,,,,,,,,
ligue1-2023-2024-05-12-paris-sg-v-toulouse,2024-05-12,2023,ligue1,Paris SG,Toulouse,1,3,finished,api_football,1045169.0,,,,,,,,,,
ligue1-2023-2024-05-12-strasbourg-v-metz,2024-05-12,2023,ligue1,Strasbourg,Metz,2,1,finished,api_football,1045170.0,,,,,,,,,,
ligue1-2023-2024-05-12-montpellier-v-monaco,2024-05-12,2023,ligue1,Montpellier,Monaco,0,2,finished,api_football,1045176.0,,,,,,,,,,
ligue1-2023-2024-05-12-marseille-v-lorient,2024-05-12,2023,ligue1,Marseille,Lorient,3,1,finished,api_football,1045172.0,,,,,,,,,,
ligue1-2023-2024-05-12-nantes-v-lille,2024-05-12,2023,ligue1,Nantes,Lille,1,2,finished,api_football,1045175.0,,,,,,,,,,
ligue1-2023-2024-05-15-nice-v-paris-sg,2024-05-15,2023,ligue1,Nice,Paris SG,1,2,finished,api_football,1045163.0,,,,,,,,,,
ligue1-2023-2024-05-15-reims-v-marseille,2024-05-15,2023,ligue1,Reims,Marseille,1,0,finished,api_football,1045164.0,,,,,,,,,,
ligue1-2023-2024-05-19-lens-v-montpellier,2024-05-19,2023,ligue1,Lens,Montpellier,2,2,finished,api_football,1045184.0,,,,,,,,,,
ligue1-2023-2024-05-19-metz-v-paris-sg,2024-05-19,2023,ligue1,Metz,Paris SG,0,2,finished,api_football,1045186.0,,,,,,,,,,
ligue1-2023-2024-05-19-le-havre-v-marseille,2024-05-19,2023,ligue1,Le Havre,Marseille,1,2,finished,api_football,1045185.0,,,,,,,,,,
ligue1-2023-2024-05-19-toulouse-v-brest,2024-05-19,2023,ligue1,Toulouse,Brest,0,3,finished,api_football,1045178.0,,,,,,,,,,
ligue1-2023-2024-05-19-lorient-v-clermont,2024-05-19,2023,ligue1,Lorient,Clermont,5,0,finished,api_football,1045179.0,,,,,,,,,,
ligue1-2023-2024-05-19-reims-v-rennes,2024-05-19,2023,ligue1,Reims,Rennes,2,1,finished,api_football,1045183.0,,,,,,,,,,
ligue1-2023-2024-05-19-monaco-v-nantes,2024-05-19,2023,ligue1,Monaco,Nantes,4,0,finished,api_football,1045180.0,,,,,,,,,,
ligue1-2023-2024-05-19-lyon-v-strasbourg,2024-05-19,2023,ligue1,Lyon,Strasbourg,2,1,finished,api_football,1045182.0,,,,,,,,,,
ligue1-2023-2024-05-19-lille-v-nice,2024-05-19,2023,ligue1,Lille,Nice,2,2,finished,api_football,1045181.0,,,,,,,,,,
ligue1-2024-2024-08-16-le-havre-v-paris-sg,2024-08-16,2024,ligue1,Le Havre,Paris SG,1,4,finished,api_football,1213754.0,,,,,,,,,,
ligue1-2024-2024-08-17-monaco-v-st-etienne,2024-08-17,2024,ligue1,Monaco,St Etienne,1,0,finished,api_football,1213751.0,,,,,,,,,,
ligue1-2024-2024-08-17-reims-v-lille,2024-08-17,2024,ligue1,Reims,Lille,0,2,finished,api_football,1213752.0,,,,,,,,,,
ligue1-2024-2024-08-17-brest-v-marseille,2024-08-17,2024,ligue1,Brest,Marseille,1,5,finished,api_football,1213747.0,,,,,,,,,,
ligue1-2024-2024-08-18-auxerre-v-nice,2024-08-18,2024,ligue1,Auxerre,Nice,2,1,finished,api_football,1213753.0,,,,,,,,,,
ligue1-2024-2024-08-18-angers-v-lens,2024-08-18,2024,ligue1,Angers,Lens,0,1,finished,api_football,1213750.0,,,,,,,,,,
ligue1-2024-2024-08-18-montpellier-v-strasbourg,2024-08-18,2024,ligue1,Montpellier,Strasbourg,1,1,finished,api_football,1213748.0,,,,,,,,,,
ligue1-2024-2024-08-18-toulouse-v-nantes,2024-08-18,2024,ligue1,Toulouse,Nantes,0,0,finished,api_football,1213749.0,,,,,,,,,,
ligue1-2024-2024-08-18-rennes-v-lyon,2024-08-18,2024,ligue1,Rennes,Lyon,3,0,finished,api_football,1213755.0,,,,,,,,,,
ligue1-2024-2024-08-23-paris-sg-v-montpellier,2024-08-23,2024,ligue1,Paris SG,Montpellier,6,0,finished,api_football,1213756.0,,,,,,,,,,
ligue1-2024-2024-08-24-lille-v-angers,2024-08-24,2024,ligue1,Lille,Angers,2,0,finished,api_football,1213760.0,,,,,,,,,,
ligue1-2024-2024-08-24-lyon-v-monaco,2024-08-24,2024,ligue1,Lyon,Monaco,0,2,finished,api_football,1213763.0,,,,,,,,,,
ligue1-2024-2024-08-24-st-etienne-v-le-havre,2024-08-24,2024,ligue1,St Etienne,Le Havre,0,2,finished,api_football,1213759.0,,,,,,,,,,
ligue1-2024-2024-08-25-lens-v-brest,2024-08-25,2024,ligue1,Lens,Brest,2,0,finished,api_football,1213762.0,,,,,,,,,,
ligue1-2024-2024-08-25-nantes-v-auxerre,2024-08-25,2024,ligue1,Nantes,Auxerre,2,0,finished,api_football,1213758.0,,,,,,,,,,
ligue1-2024-2024-08-25-nice-v-toulouse,2024-08-25,2024,ligue1,Nice,Toulouse,1,1,finished,api_football,1213761.0,,,,,,,,,,
ligue1-2024-2024-08-25-strasbourg-v-rennes,2024-08-25,2024,ligue1,Strasbourg,Rennes,3,1,finished,api_football,1213757.0,,,,,,,,,,
ligue1-2024-2024-08-25-marseille-v-reims,2024-08-25,2024,ligue1,Marseille,Reims,2,2,finished,api_football,1213764.0,,,,,,,,,,
ligue1-2024-2024-08-30-lyon-v-strasbourg,2024-08-30,2024,ligue1,Lyon,Strasbourg,4,3,finished,api_football,1213766.0,,,,,,,,,,
ligue1-2024-2024-08-31-toulouse-v-marseille,2024-08-31,2024,ligue1,Toulouse,Marseille,1,3,finished,api_football,1213773.0,,,,,,,,,,
ligue1-2024-2024-08-31-brest-v-st-etienne,2024-08-31,2024,ligue1,Brest,St Etienne,4,0,finished,api_football,1213767.0,,,,,,,,,,
ligue1-2024-2024-08-31-montpellier-v-nantes,2024-08-31,2024,ligue1,Montpellier,Nantes,1,3,finished,api_football,1213768.0,,,,,,,,,,
ligue1-2024-2024-09-01-lille-v-paris-sg,2024-09-01,2024,ligue1,Lille,Paris SG,1,3,finished,api_football,1213765.0,,,,,,,,,,
ligue1-2024-2024-09-01-reims-v-rennes,2024-09-01,2024,ligue1,Reims,Rennes,2,1,finished,api_football,1213772.0,,,,,,,,,,
ligue1-2024-2024-09-01-le-havre-v-auxerre,2024-09-01,2024,ligue1,Le Havre,Auxerre,3,1,finished,api_football,1213771.0,,,,,,,,,,
ligue1-2024-2024-09-01-monaco-v-lens,2024-09-01,2024,ligue1,Monaco,Lens,1,1,finished,api_football,1213770.0,,,,,,,,,,
ligue1-2024-2024-09-01-angers-v-nice,2024-09-01,2024,ligue1,Angers,Nice,1,4,finished,api_football,1213769.0,,,,,,,,,,
ligue1-2024-2024-09-13-st-etienne-v-lille,2024-09-13,2024,ligue1,St Etienne,Lille,1,0,finished,api_football,1213780.0,,,,,,,,,,
ligue1-2024-2024-09-14-marseille-v-nice,2024-09-14,2024,ligue1,Marseille,Nice,2,0,finished,api_football,1213781.0,,,,,,,,,,
ligue1-2024-2024-09-14-auxerre-v-monaco,2024-09-14,2024,ligue1,Auxerre,Monaco,0,3,finished,api_football,1213774.0,,,,,,,,,,
ligue1-2024-2024-09-14-paris-sg-v-brest,2024-09-14,2024,ligue1,Paris SG,Brest,3,1,finished,api_football,1213782.0,,,,,,,,,,
ligue1-2024-2024-09-15-strasbourg-v-angers,2024-09-15,2024,ligue1,Strasbourg,Angers,1,1,finished,api_football,1213779.0,,,,,,,,,,
ligue1-2024-2024-09-15-rennes-v-montpellier,2024-09-15,2024,ligue1,Rennes,Montpellier,3,0,finished,api_football,1213775.0,,,,,,,,,,
ligue1-2024-2024-09-15-nantes-v-reims,2024-09-15,2024,ligue1,Nantes,Reims,1,2,finished,api_football,1213777.0,,,,,,,,,,
ligue1-2024-2024-09-15-toulouse-v-le-havre,2024-09-15,2024,ligue1,Toulouse,Le Havre,2,0,finished,api_football,1213778.0,,,,,,,,,,
ligue1-2024-2024-09-15-lens-v-lyon,2024-09-15,2024,ligue1,Lens,Lyon,0,0,finished,api_football,1213776.0,,,,,,,,,,
ligue1-2024-2024-09-20-nice-v-st-etienne,2024-09-20,2024,ligue1,Nice,St Etienne,8,0,finished,api_football,1213784.0,,,,,,,,,,
ligue1-2024-2024-09-21-rennes-v-lens,2024-09-21,2024,ligue1,Rennes,Lens,1,1,finished,api_football,1213790.0,,,,,,,,,,
ligue1-2024-2024-09-21-reims-v-paris-sg,2024-09-21,2024,ligue1,Reims,Paris SG,1,1,finished,api_football,1213785.0,,,,,,,,,,
ligue1-2024-2024-09-21-lille-v-strasbourg,2024-09-21,2024,ligue1,Lille,Strasbourg,3,3,finished,api_football,1213789.0,,,,,,,,,,
ligue1-2024-2024-09-22-lyon-v-marseille,2024-09-22,2024,ligue1,Lyon,Marseille,2,3,finished,api_football,1213783.0,,,,,,,,,,
ligue1-2024-2024-09-22-brest-v-toulouse,2024-09-22,2024,ligue1,Brest,Toulouse,2,0,finished,api_football,1213786.0,,,,,,,,,,
ligue1-2024-2024-09-22-monaco-v-le-havre,2024-09-22,2024,ligue1,Monaco,Le Havre,3,1,finished,api_football,1213791.0,,,,,,,,,,
ligue1-2024-2024-09-22-angers-v-nantes,2024-09-22,2024,ligue1,Angers,Nantes,1,1,finished,api_football,1213787.0,,,,,,,,,,
ligue1-2024-2024-09-22-montpellier-v-auxerre,2024-09-22,2024,ligue1,Montpellier,Auxerre,3,2,finished,api_football,1213788.0,,,,,,,,,,
ligue1-2024-2024-09-27-auxerre-v-brest,2024-09-27,2024,ligue1,Auxerre,Brest,3,0,finished,api_football,1213794.0,,,,,,,,,,
ligue1-2024-2024-09-27-paris-sg-v-rennes,2024-09-27,2024,ligue1,Paris SG,Rennes,3,1,finished,api_football,1213793.0,,,,,,,,,,
ligue1-2024-2024-09-28-lens-v-nice,2024-09-28,2024,ligue1,Lens,Nice,0,0,finished,api_football,1213795.0,,,,,,,,,,
ligue1-2024-2024-09-28-le-havre-v-lille,2024-09-28,2024,ligue1,Le Havre,Lille,0,3,finished,api_football,1213797.0,,,,,,,,,,
ligue1-2024-2024-09-28-monaco-v-montpellier,2024-09-28,2024,ligue1,Monaco,Montpellier,2,1,finished,api_football,1213799.0,,,,,,,,,,
ligue1-2024-2024-09-29-strasbourg-v-marseille,2024-09-29,2024,ligue1,Strasbourg,Marseille,1,0,finished,api_football,1213792.0,,,,,,,,,,
ligue1-2024-2024-09-29-angers-v-reims,2024-09-29,2024,ligue1,Angers,Reims,1,3,finished,api_football,1213800.0,,,,,,,,,,
ligue1-2024-2024-09-29-nantes-v-st-etienne,2024-09-29,2024,ligue1,Nantes,St Etienne,2,2,finished,api_football,1213796.0,,,,,,,,,,
ligue1-2024-2024-09-29-toulouse-v-lyon,2024-09-29,2024,ligue1,Toulouse,Lyon,1,2,finished,api_football,1213798.0,,,,,,,,,,
ligue1-2024-2024-10-04-marseille-v-angers,2024-10-04,2024,ligue1,Marseille,Angers,1,1,finished,api_football,1213806.0,,,,,,,,,,
ligue1-2024-2024-10-05-rennes-v-monaco,2024-10-05,2024,ligue1,Rennes,Monaco,1,2,finished,api_football,1213807.0,,,,,,,,,,
ligue1-2024-2024-10-05-st-etienne-v-auxerre,2024-10-05,2024,ligue1,St Etienne,Auxerre,3,1,finished,api_football,1213804.0,,,,,,,,,,
ligue1-2024-2024-10-05-lille-v-toulouse,2024-10-05,2024,ligue1,Lille,Toulouse,2,1,finished,api_football,1213803.0,,,,,,,,,,
ligue1-2024-2024-10-06-lyon-v-nantes,2024-10-06,2024,ligue1,Lyon,Nantes,2,0,finished,api_football,1213801.0,,,,,,,,,,
ligue1-2024-2024-10-06-reims-v-montpellier,2024-10-06,2024,ligue1,Reims,Montpellier,4,2,finished,api_football,1213809.0,,,,,,,,,,
ligue1-2024-2024-10-06-strasbourg-v-lens,2024-10-06,2024,ligue1,Strasbourg,Lens,2,2,finished,api_football,1213808.0,,,,,,,,,,
ligue1-2024-2024-10-06-brest-v-le-havre,2024-10-06,2024,ligue1,Brest,Le Havre,2,0,finished,api_football,1213805.0,,,,,,,,,,
ligue1-2024-2024-10-06-nice-v-paris-sg,2024-10-06,2024,ligue1,Nice,Paris SG,1,1,finished,api_football,1213802.0,,,,,,,,,,
ligue1-2024-2024-10-18-monaco-v-lille,2024-10-18,2024,ligue1,Monaco,Lille,0,0,finished,api_football,1213815.0,,,,,,,,,,
ligue1-2024-2024-10-19-paris-sg-v-strasbourg,2024-10-19,2024,ligue1,Paris SG,Strasbourg,4,2,finished,api_football,1213818.0,,,,,,,,,,
ligue1-2024-2024-10-19-brest-v-rennes,2024-10-19,2024,ligue1,Brest,Rennes,1,1,finished,api_football,1213817.0,,,,,,,,,,
ligue1-2024-2024-10-19-st-etienne-v-lens,2024-10-19,2024,ligue1,St Etienne,Lens,0,2,finished,api_football,1213816.0,,,,,,,,,,
ligue1-2024-2024-10-20-montpellier-v-marseille,2024-10-20,2024,ligue1,Montpellier,Marseille,0,5,finished,api_football,1213814.0,,,,,,,,,,
ligue1-2024-2024-10-20-toulouse-v-angers,2024-10-20,2024,ligue1,Toulouse,Angers,1,1,finished,api_football,1213811.0,,,,,,,,,,
ligue1-2024-2024-10-20-auxerre-v-reims,2024-10-20,2024,ligue1,Auxerre,Reims,2,1,finished,api_football,1213810.0,,,,,,,,,,
ligue1-2024-2024-10-20-le-havre-v-lyon,2024-10-20,2024,ligue1,Le Havre,Lyon,0,4,finished,api_football,1213812.0,,,,,,,,,,
ligue1-2024-2024-10-20-nantes-v-nice,2024-10-20,2024,ligue1,Nantes,Nice,1,1,finished,api_football,1213813.0,,,,,,,,,,
ligue1-2024-2024-10-25-rennes-v-le-havre,2024-10-25,2024,ligue1,Rennes,Le Havre,1,0,finished,api_football,1213825.0,,,,,,,,,,
ligue1-2024-2024-10-26-lens-v-lille,2024-10-26,2024,ligue1,Lens,Lille,0,2,finished,api_football,1213820.0,,,,,,,,,,
ligue1-2024-2024-10-26-angers-v-st-etienne,2024-10-26,2024,ligue1,Angers,St Etienne,4,2,finished,api_football,1213826.0,,,,,,,,,,
ligue1-2024-2024-10-26-reims-v-brest,2024-10-26,2024,ligue1,Reims,Brest,1,2,finished,api_football,1213827.0,,,,,,,,,,
ligue1-2024-2024-10-27-nice-v-monaco,2024-10-27,2024,ligue1,Nice,Monaco,2,1,finished,api_football,1213819.0,,,,,,,,,,
ligue1-2024-2024-10-27-strasbourg-v-nantes,2024-10-27,2024,ligue1,Strasbourg,Nantes,3,1,finished,api_football,1213824.0,,,,,,,,,,
ligue1-2024-2024-10-27-lyon-v-auxerre,2024-10-27,2024,ligue1,Lyon,Auxerre,2,2,finished,api_football,1213822.0,,,,,,,,,,
ligue1-2024-2024-10-27-montpellier-v-toulouse,2024-10-27,2024,ligue1,Montpellier,Toulouse,0,3,finished,api_football,1213823.0,,,,,,,,,,
ligue1-2024-2024-10-27-marseille-v-paris-sg,2024-10-27,2024,ligue1,Marseille,Paris SG,0,3,finished,api_football,1213821.0,,,,,,,,,,
ligue1-2024-2024-11-01-monaco-v-angers,2024-11-01,2024,ligue1,Monaco,Angers,0,1,finished,api_football,1213830.0,,,,,,,,,,
ligue1-2024-2024-11-01-lille-v-lyon,2024-11-01,2024,ligue1,Lille,Lyon,1,1,finished,api_football,1213833.0,,,,,,,,,,
ligue1-2024-2024-11-02-paris-sg-v-lens,2024-11-02,2024,ligue1,Paris SG,Lens,1,0,finished,api_football,1213836.0,,,,,,,,,,
ligue1-2024-2024-11-02-st-etienne-v-strasbourg,2024-11-02,2024,ligue1,St Etienne,Strasbourg,2,0,finished,api_football,1213834.0,,,,,,,,,,
ligue1-2024-2024-11-02-brest-v-nice,2024-11-02,2024,ligue1,Brest,Nice,0,1,finished,api_football,1213835.0,,,,,,,,,,
ligue1-2024-2024-11-03-toulouse-v-reims,2024-11-03,2024,ligue1,Toulouse,Reims,1,0,finished,api_football,1213829.0,,,,,,,,,,
ligue1-2024-2024-11-03-auxerre-v-rennes,2024-11-03,2024,ligue1,Auxerre,Rennes,4,0,finished,api_football,1213828.0,,,,,,,,,,
ligue1-2024-2024-11-03-le-havre-v-montpellier,2024-11-03,2024,ligue1,Le Havre,Montpellier,1,0,finished,api_football,1213831.0,,,,,,,,,,
ligue1-2024-2024-11-03-nantes-v-marseille,2024-11-03,2024,ligue1,Nantes,Marseille,1,2,finished,api_football,1213832.0,,,,,,,,,,
ligue1-2024-2024-11-08-marseille-v-auxerre,2024-11-08,2024,ligue1,Marseille,Auxerre,1,3,finished,api_football,1213837.0,,,,,,,,,,
ligue1-2024-2024-11-09-strasbourg-v-monaco,2024-11-09,2024,ligue1,Strasbourg,Monaco,1,3,finished,api_football,1213841.0,,,,,,,,,,
ligue1-2024-2024-11-09-lens-v-nantes,2024-11-09,2024,ligue1,Lens,Nantes,3,2,finished,api_football,1213842.0,,,,,,,,,,
ligue1-2024-2024-11-09-angers-v-paris-sg,2024-11-09,2024,ligue1,Angers,Paris SG,2,4,finished,api_football,1213845.0,,,,,,,,,,
ligue1-2024-2024-11-10-le-havre-v-reims,2024-11-10,2024,ligue1,Le Havre,Reims,0,3,finished,api_football,1213840.0,,,,,,,,,,
ligue1-2024-2024-11-10-rennes-v-toulouse,2024-11-10,2024,ligue1,Rennes,Toulouse,0,2,finished,api_football,1213843.0,,,,,,,,,,
ligue1-2024-2024-11-10-lyon-v-st-etienne,2024-11-10,2024,ligue1,Lyon,St Etienne,1,0,finished,api_football,1213838.0,,,,,,,,,,
ligue1-2024-2024-11-10-nice-v-lille,2024-11-10,2024,ligue1,Nice,Lille,2,2,finished,api_football,1213844.0,,,,,,,,,,
ligue1-2024-2024-11-10-montpellier-v-brest,2024-11-10,2024,ligue1,Montpellier,Brest,3,1,finished,api_football,1213839.0,,,,,,,,,,
ligue1-2024-2024-11-22-paris-sg-v-toulouse,2024-11-22,2024,ligue1,Paris SG,Toulouse,3,0,finished,api_football,1213846.0,,,,,,,,,,
ligue1-2024-2024-11-22-monaco-v-brest,2024-11-22,2024,ligue1,Monaco,Brest,3,2,finished,api_football,1213852.0,,,,,,,,,,
ligue1-2024-2024-11-23-lens-v-marseille,2024-11-23,2024,ligue1,Lens,Marseille,1,3,finished,api_football,1213847.0,,,,,,,,,,
ligue1-2024-2024-11-23-st-etienne-v-montpellier,2024-11-23,2024,ligue1,St Etienne,Montpellier,1,0,finished,api_football,1213849.0,,,,,,,,,,
ligue1-2024-2024-11-23-reims-v-lyon,2024-11-23,2024,ligue1,Reims,Lyon,1,1,finished,api_football,1213854.0,,,,,,,,,,
ligue1-2024-2024-11-24-lille-v-rennes,2024-11-24,2024,ligue1,Lille,Rennes,1,0,finished,api_football,1213850.0,,,,,,,,,,
ligue1-2024-2024-11-24-nantes-v-le-havre,2024-11-24,2024,ligue1,Nantes,Le Havre,0,2,finished,api_football,1213851.0,,,,,,,,,,
ligue1-2024-2024-11-24-auxerre-v-angers,2024-11-24,2024,ligue1,Auxerre,Angers,1,0,finished,api_football,1213853.0,,,,,,,,,,
ligue1-2024-2024-11-24-nice-v-strasbourg,2024-11-24,2024,ligue1,Nice,Strasbourg,2,1,finished,api_football,1213848.0,,,,,,,,,,
ligue1-2024-2024-11-29-reims-v-lens,2024-11-29,2024,ligue1,Reims,Lens,0,2,finished,api_football,1213855.0,,,,,,,,,,
ligue1-2024-2024-11-30-brest-v-strasbourg,2024-11-30,2024,ligue1,Brest,Strasbourg,3,1,finished,api_football,1213859.0,,,,,,,,,,
ligue1-2024-2024-11-30-rennes-v-st-etienne,2024-11-30,2024,ligue1,Rennes,St Etienne,5,0,finished,api_football,1213856.0,,,,,,,,,,
ligue1-2024-2024-11-30-paris-sg-v-nantes,2024-11-30,2024,ligue1,Paris SG,Nantes,1,1,finished,api_football,1213861.0,,,,,,,,,,
ligue1-2024-2024-12-01-montpellier-v-lille,2024-12-01,2024,ligue1,Montpellier,Lille,2,2,finished,api_football,1213860.0,,,,,,,,,,
ligue1-2024-2024-12-01-le-havre-v-angers,2024-12-01,2024,ligue1,Le Havre,Angers,0,1,finished,api_football,1213857.0,,,,,,,,,,
ligue1-2024-2024-12-01-lyon-v-nice,2024-12-01,2024,ligue1,Lyon,Nice,4,1,finished,api_football,1213863.0,,,,,,,,,,
ligue1-2024-2024-12-01-marseille-v-monaco,2024-12-01,2024,ligue1,Marseille,Monaco,2,1,finished,api_football,1213862.0,,,,,,,,,,
ligue1-2024-2024-12-01-toulouse-v-auxerre,2024-12-01,2024,ligue1,Toulouse,Auxerre,2,0,finished,api_football,1213858.0,,,,,,,,,,
ligue1-2024-2024-12-06-lille-v-brest,2024-12-06,2024,ligue1,Lille,Brest,3,1,finished,api_football,1213868.0,,,,,,,,,,
ligue1-2024-2024-12-06-auxerre-v-paris-sg,2024-12-06,2024,ligue1,Auxerre,Paris SG,0,0,finished,api_football,1213865.0,,,,,,,,,,
ligue1-2024-2024-12-07-monaco-v-toulouse,2024-12-07,2024,ligue1,Monaco,Toulouse,2,0,finished,api_football,1213872.0,,,,,,,,,,
ligue1-2024-2024-12-07-nice-v-le-havre,2024-12-07,2024,ligue1,Nice,Le Havre,2,1,finished,api_football,1213864.0,,,,,,,,,,
ligue1-2024-2024-12-07-angers-v-lyon,2024-12-07,2024,ligue1,Angers,Lyon,0,3,finished,api_football,1213867.0,,,,,,,,,,
ligue1-2024-2024-12-08-nantes-v-rennes,2024-12-08,2024,ligue1,Nantes,Rennes,1,0,finished,api_football,1213871.0,,,,,,,,,,
ligue1-2024-2024-12-08-lens-v-montpellier,2024-12-08,2024,ligue1,Lens,Montpellier,2,0,finished,api_football,1213869.0,,,,,,,,,,
ligue1-2024-2024-12-08-strasbourg-v-reims,2024-12-08,2024,ligue1,Strasbourg,Reims,0,0,finished,api_football,1213870.0,,,,,,,,,,
ligue1-2024-2024-12-08-st-etienne-v-marseille,2024-12-08,2024,ligue1,St Etienne,Marseille,0,2,finished,api_football,1213866.0,,,,,,,,,,
ligue1-2024-2024-12-13-toulouse-v-st-etienne,2024-12-13,2024,ligue1,Toulouse,St Etienne,2,1,finished,api_football,1213877.0,,,,,,,,,,
ligue1-2024-2024-12-14-reims-v-monaco,2024-12-14,2024,ligue1,Reims,Monaco,0,0,finished,api_football,1213875.0,,,,,,,,,,
ligue1-2024-2024-12-14-marseille-v-lille,2024-12-14,2024,ligue1,Marseille,Lille,1,1,finished,api_football,1213880.0,,,,,,,,,,
ligue1-2024-2024-12-14-auxerre-v-lens,2024-12-14,2024,ligue1,Auxerre,Lens,2,2,finished,api_football,1213876.0,,,,,,,,,,
ligue1-2024-2024-12-15-paris-sg-v-lyon,2024-12-15,2024,ligue1,Paris SG,Lyon,3,1,finished,api_football,1213881.0,,,,,,,,,,
ligue1-2024-2024-12-15-le-havre-v-strasbourg,2024-12-15,2024,ligue1,Le Havre,Strasbourg,0,3,finished,api_football,1213874.0,,,,,,,,,,
ligue1-2024-2024-12-15-montpellier-v-nice,2024-12-15,2024,ligue1,Montpellier,Nice,2,2,finished,api_football,1213878.0,,,,,,,,,,
ligue1-2024-2024-12-15-rennes-v-angers,2024-12-15,2024,ligue1,Rennes,Angers,2,0,finished,api_football,1213873.0,,,,,,,,,,
ligue1-2024-2024-12-15-brest-v-nantes,2024-12-15,2024,ligue1,Brest,Nantes,4,1,finished,api_football,1213879.0,,,,,,,,,,
ligue1-2024-2024-12-18-monaco-v-paris-sg,2024-12-18,2024,ligue1,Monaco,Paris SG,2,4,finished,api_football,1213882.0,,,,,,,,,,
ligue1-2024-2025-01-03-nice-v-rennes,2025-01-03,2024,ligue1,Nice,Rennes,3,2,finished,api_football,1213890.0,,,,,,,,,,
ligue1-2024-2025-01-04-st-etienne-v-reims,2025-01-04,2024,ligue1,St Etienne,Reims,3,1,finished,api_football,1213885.0,,,,,,,,,,
ligue1-2024-2025-01-04-lille-v-nantes,2025-01-04,2024,ligue1,Lille,Nantes,1,1,finished,api_football,1213887.0,,,,,,,,,,
ligue1-2024-2025-01-04-lyon-v-montpellier,2025-01-04,2024,ligue1,Lyon,Montpellier,1,0,finished,api_football,1213883.0,,,,,,,,,,
ligue1-2024-2025-01-05-lens-v-toulouse,2025-01-05,2024,ligue1,Lens,Toulouse,0,1,finished,api_football,1213884.0,,,,,,,,,,
ligue1-2024-2025-01-05-angers-v-brest,2025-01-05,2024,ligue1,Angers,Brest,2,0,finished,api_football,1213886.0,,,,,,,,,,
ligue1-2024-2025-01-05-strasbourg-v-auxerre,2025-01-05,2024,ligue1,Strasbourg,Auxerre,3,1,finished,api_football,1213889.0,,,,,,,,,,
ligue1-2024-2025-01-05-marseille-v-le-havre,2025-01-05,2024,ligue1,Marseille,Le Havre,5,1,finished,api_football,1213888.0,,,,,,,,,,
ligue1-2024-2025-01-10-nantes-v-monaco,2025-01-10,2024,ligue1,Nantes,Monaco,2,2,finished,api_football,1213892.0,,,,,,,,,,
ligue1-2024-2025-01-10-auxerre-v-lille,2025-01-10,2024,ligue1,Auxerre,Lille,0,0,finished,api_football,1213893.0,,,,,,,,,,
ligue1-2024-2025-01-11-rennes-v-marseille,2025-01-11,2024,ligue1,Rennes,Marseille,1,2,finished,api_football,1213899.0,,,,,,,,,,
ligue1-2024-2025-01-11-reims-v-nice,2025-01-11,2024,ligue1,Reims,Nice,2,4,finished,api_football,1213894.0,,,,,,,,,,
ligue1-2024-2025-01-11-brest-v-lyon,2025-01-11,2024,ligue1,Brest,Lyon,2,1,finished,api_football,1213897.0,,,,,,,,,,
ligue1-2024-2025-01-12-le-havre-v-lens,2025-01-12,2024,ligue1,Le Havre,Lens,1,2,finished,api_football,1213895.0,,,,,,,,,,
ligue1-2024-2025-01-12-montpellier-v-angers,2025-01-12,2024,ligue1,Montpellier,Angers,1,3,finished,api_football,1213896.0,,,,,,,,,,
ligue1-2024-2025-01-12-toulouse-v-strasbourg,2025-01-12,2024,ligue1,Toulouse,Strasbourg,1,2,finished,api_football,1213891.0,,,,,,,,,,
ligue1-2024-2025-01-12-paris-sg-v-st-etienne,2025-01-12,2024,ligue1,Paris SG,St Etienne,2,1,finished,api_football,1213898.0,,,,,,,,,,
ligue1-2024-2025-01-17-montpellier-v-monaco,2025-01-17,2024,ligue1,Montpellier,Monaco,2,1,finished,api_football,1213905.0,,,,,,,,,,
ligue1-2024-2025-01-17-lille-v-nice,2025-01-17,2024,ligue1,Lille,Nice,2,1,finished,api_football,1213902.0,,,,,,,,,,
ligue1-2024-2025-01-18-lens-v-paris-sg,2025-01-18,2024,ligue1,Lens,Paris SG,1,2,finished,api_football,1213901.0,,,,,,,,,,
ligue1-2024-2025-01-18-rennes-v-brest,2025-01-18,2024,ligue1,Rennes,Brest,1,2,finished,api_football,1213908.0,,,,,,,,,,
ligue1-2024-2025-01-18-lyon-v-toulouse,2025-01-18,2024,ligue1,Lyon,Toulouse,0,0,finished,api_football,1213903.0,,,,,,,,,,
ligue1-2024-2025-01-19-marseille-v-strasbourg,2025-01-19,2024,ligue1,Marseille,Strasbourg,1,1,finished,api_football,1213900.0,,,,,,,,,,
ligue1-2024-2025-01-19-reims-v-le-havre,2025-01-19,2024,ligue1,Reims,Le Havre,1,1,finished,api_football,1213906.0,,,,,,,,,,
ligue1-2024-2025-01-19-st-etienne-v-nantes,2025-01-19,2024,ligue1,St Etienne,Nantes,1,1,finished,api_football,1213904.0,,,,,,,,,,
ligue1-2024-2025-01-19-angers-v-auxerre,2025-01-19,2024,ligue1,Angers,Auxerre,2,0,finished,api_football,1213907.0,,,,,,,,,,
ligue1-2024-2025-01-24-auxerre-v-st-etienne,2025-01-24,2024,ligue1,Auxerre,St Etienne,1,1,finished,api_football,1213914.0,,,,,,,,,,
ligue1-2024-2025-01-25-monaco-v-rennes,2025-01-25,2024,ligue1,Monaco,Rennes,3,2,finished,api_football,1213911.0,,,,,,,,,,
ligue1-2024-2025-01-25-strasbourg-v-lille,2025-01-25,2024,ligue1,Strasbourg,Lille,2,1,finished,api_football,1213909.0,,,,,,,,,,
ligue1-2024-2025-01-25-paris-sg-v-reims,2025-01-25,2024,ligue1,Paris SG,Reims,1,1,finished,api_football,1213916.0,,,,,,,,,,
ligue1-2024-2025-01-26-nice-v-marseille,2025-01-26,2024,ligue1,Nice,Marseille,2,0,finished,api_football,1213917.0,,,,,,,,,,
ligue1-2024-2025-01-26-le-havre-v-brest,2025-01-26,2024,ligue1,Le Havre,Brest,0,1,finished,api_football,1213913.0,,,,,,,,,,
ligue1-2024-2025-01-26-nantes-v-lyon,2025-01-26,2024,ligue1,Nantes,Lyon,1,1,finished,api_football,1213910.0,,,,,,,,,,
ligue1-2024-2025-01-26-toulouse-v-montpellier,2025-01-26,2024,ligue1,Toulouse,Montpellier,1,2,finished,api_football,1213912.0,,,,,,,,,,
ligue1-2024-2025-01-26-lens-v-angers,2025-01-26,2024,ligue1,Lens,Angers,1,0,finished,api_football,1213915.0,,,,,,,,,,
ligue1-2024-2025-01-31-montpellier-v-lens,2025-01-31,2024,ligue1,Montpellier,Lens,0,2,finished,api_football,1213920.0,,,,,,,,,,
ligue1-2024-2025-02-01-monaco-v-auxerre,2025-02-01,2024,ligue1,Monaco,Auxerre,4,2,finished,api_football,1213926.0,,,,,,,,,,
ligue1-2024-2025-02-01-brest-v-paris-sg,2025-02-01,2024,ligue1,Brest,Paris SG,2,5,finished,api_football,1213919.0,,,,,,,,,,
ligue1-2024-2025-02-01-lille-v-st-etienne,2025-02-01,2024,ligue1,Lille,St Etienne,4,1,finished,api_football,1213921.0,,,,,,,,,,
ligue1-2024-2025-02-02-angers-v-le-havre,2025-02-02,2024,ligue1,Angers,Le Havre,1,1,finished,api_football,1213923.0,,,,,,,,,,
ligue1-2024-2025-02-02-toulouse-v-nice,2025-02-02,2024,ligue1,Toulouse,Nice,1,1,finished,api_football,1213924.0,,,,,,,,,,
ligue1-2024-2025-02-02-reims-v-nantes,2025-02-02,2024,ligue1,Reims,Nantes,1,2,finished,api_football,1213922.0,,,,,,,,,,
ligue1-2024-2025-02-02-marseille-v-lyon,2025-02-02,2024,ligue1,Marseille,Lyon,3,2,finished,api_football,1213918.0,,,,,,,,,,
ligue1-2024-2025-02-02-rennes-v-strasbourg,2025-02-02,2024,ligue1,Rennes,Strasbourg,1,0,finished,api_football,1213925.0,,,,,,,,,,
ligue1-2024-2025-02-07-nantes-v-brest,2025-02-07,2024,ligue1,Nantes,Brest,0,2,finished,api_football,1213928.0,,,,,,,,,,
ligue1-2024-2025-02-07-paris-sg-v-monaco,2025-02-07,2024,ligue1,Paris SG,Monaco,4,1,finished,api_football,1213932.0,,,,,,,,,,
ligue1-2024-2025-02-08-nice-v-lens,2025-02-08,2024,ligue1,Nice,Lens,2,0,finished,api_football,1213935.0,,,,,,,,,,
ligue1-2024-2025-02-08-lille-v-le-havre,2025-02-08,2024,ligue1,Lille,Le Havre,1,2,finished,api_football,1213930.0,,,,,,,,,,
ligue1-2024-2025-02-08-st-etienne-v-rennes,2025-02-08,2024,ligue1,St Etienne,Rennes,0,2,finished,api_football,1213931.0,,,,,,,,,,
ligue1-2024-2025-02-09-lyon-v-reims,2025-02-09,2024,ligue1,Lyon,Reims,4,0,finished,api_football,1213933.0,,,,,,,,,,
ligue1-2024-2025-02-09-auxerre-v-toulouse,2025-02-09,2024,ligue1,Auxerre,Toulouse,2,2,finished,api_football,1213927.0,,,,,,,,,,
ligue1-2024-2025-02-09-angers-v-marseille,2025-02-09,2024,ligue1,Angers,Marseille,0,2,finished,api_football,1213934.0,,,,,,,,,,
ligue1-2024-2025-02-09-strasbourg-v-montpellier,2025-02-09,2024,ligue1,Strasbourg,Montpellier,2,0,finished,api_football,1213929.0,,,,,,,,,,
ligue1-2024-2025-02-14-brest-v-auxerre,2025-02-14,2024,ligue1,Brest,Auxerre,2,2,finished,api_football,1213940.0,,,,,,,,,,
ligue1-2024-2025-02-15-toulouse-v-paris-sg,2025-02-15,2024,ligue1,Toulouse,Paris SG,0,1,finished,api_football,1213936.0,,,,,,,,,,
ligue1-2024-2025-02-15-marseille-v-st-etienne,2025-02-15,2024,ligue1,Marseille,St Etienne,5,1,finished,api_football,1213937.0,,,,,,,,,,
ligue1-2024-2025-02-15-monaco-v-nantes,2025-02-15,2024,ligue1,Monaco,Nantes,7,1,finished,api_football,1213944.0,,,,,,,,,,
ligue1-2024-2025-02-16-lens-v-strasbourg,2025-02-16,2024,ligue1,Lens,Strasbourg,0,2,finished,api_football,1213939.0,,,,,,,,,,
ligue1-2024-2025-02-16-rennes-v-lille,2025-02-16,2024,ligue1,Rennes,Lille,0,2,finished,api_football,1213941.0,,,,,,,,,,
ligue1-2024-2025-02-16-reims-v-angers,2025-02-16,2024,ligue1,Reims,Angers,0,1,finished,api_football,1213942.0,,,,,,,,,,
ligue1-2024-2025-02-16-montpellier-v-lyon,2025-02-16,2024,ligue1,Montpellier,Lyon,1,4,finished,api_football,1213938.0,,,,,,,,,,
ligue1-2024-2025-02-16-le-havre-v-nice,2025-02-16,2024,ligue1,Le Havre,Nice,1,3,finished,api_football,1213943.0,,,,,,,,,,
ligue1-2024-2025-02-21-rennes-v-reims,2025-02-21,2024,ligue1,Rennes,Reims,1,0,finished,api_football,1213945.0,,,,,,,,,,
ligue1-2024-2025-02-22-lille-v-monaco,2025-02-22,2024,ligue1,Lille,Monaco,2,1,finished,api_football,1213947.0,,,,,,,,,,
ligue1-2024-2025-02-22-st-etienne-v-angers,2025-02-22,2024,ligue1,St Etienne,Angers,3,3,finished,api_football,1213950.0,,,,,,,,,,
ligue1-2024-2025-02-22-auxerre-v-marseille,2025-02-22,2024,ligue1,Auxerre,Marseille,3,0,finished,api_football,1213951.0,,,,,,,,,,
ligue1-2024-2025-02-23-lyon-v-paris-sg,2025-02-23,2024,ligue1,Lyon,Paris SG,2,3,finished,api_football,1213953.0,,,,,,,,,,
ligue1-2024-2025-02-23-strasbourg-v-brest,2025-02-23,2024,ligue1,Strasbourg,Brest,0,0,finished,api_football,1213948.0,,,,,,,,,,
ligue1-2024-2025-02-23-le-havre-v-toulouse,2025-02-23,2024,ligue1,Le Havre,Toulouse,1,4,finished,api_football,1213946.0,,,,,,,,,,
ligue1-2024-2025-02-23-nantes-v-lens,2025-02-23,2024,ligue1,Nantes,Lens,3,1,finished,api_football,1213949.0,,,,,,,,,,
ligue1-2024-2025-02-23-nice-v-montpellier,2025-02-23,2024,ligue1,Nice,Montpellier,2,0,finished,api_football,1213952.0,,,,,,,,,,
ligue1-2024-2025-02-28-monaco-v-reims,2025-02-28,2024,ligue1,Monaco,Reims,3,0,finished,api_football,1213961.0,,,,,,,,,,
ligue1-2024-2025-03-01-lens-v-le-havre,2025-03-01,2024,ligue1,Lens,Le Havre,3,4,finished,api_football,1213959.0,,,,,,,,,,
ligue1-2024-2025-03-01-st-etienne-v-nice,2025-03-01,2024,ligue1,St Etienne,Nice,1,3,finished,api_football,1213958.0,,,,,,,,,,
ligue1-2024-2025-03-01-paris-sg-v-lille,2025-03-01,2024,ligue1,Paris SG,Lille,4,1,finished,api_football,1213954.0,,,,,,,,,,
ligue1-2024-2025-03-02-marseille-v-nantes,2025-03-02,2024,ligue1,Marseille,Nantes,2,0,finished,api_football,1213955.0,,,,,,,,,,
ligue1-2024-2025-03-02-auxerre-v-strasbourg,2025-03-02,2024,ligue1,Auxerre,Strasbourg,0,1,finished,api_football,1213960.0,,,,,,,,,,
ligue1-2024-2025-03-02-lyon-v-brest,2025-03-02,2024,ligue1,Lyon,Brest,2,1,finished,api_football,1213956.0,,,,,,,,,,
ligue1-2024-2025-03-02-angers-v-toulouse,2025-03-02,2024,ligue1,Angers,Toulouse,0,4,finished,api_football,1213962.0,,,,,,,,,,
ligue1-2024-2025-03-02-montpellier-v-rennes,2025-03-02,2024,ligue1,Montpellier,Rennes,0,4,finished,api_football,1213957.0,,,,,,,,,,
ligue1-2024-2025-03-07-toulouse-v-monaco,2025-03-07,2024,ligue1,Toulouse,Monaco,1,1,finished,api_football,1213966.0,,,,,,,,,,
ligue1-2024-2025-03-08-marseille-v-lens,2025-03-08,2024,ligue1,Marseille,Lens,0,1,finished,api_football,1213971.0,,,,,,,,,,
ligue1-2024-2025-03-08-rennes-v-paris-sg,2025-03-08,2024,ligue1,Rennes,Paris SG,1,4,finished,api_football,1213970.0,,,,,,,,,,
ligue1-2024-2025-03-08-lille-v-montpellier,2025-03-08,2024,ligue1,Lille,Montpellier,1,0,finished,api_football,1213969.0,,,,,,,,,,
ligue1-2024-2025-03-09-nice-v-lyon,2025-03-09,2024,ligue1,Nice,Lyon,0,2,finished,api_football,1213967.0,,,,,,,,,,
ligue1-2024-2025-03-09-le-havre-v-st-etienne,2025-03-09,2024,ligue1,Le Havre,St Etienne,1,1,finished,api_football,1213963.0,,,,,,,,,,
ligue1-2024-2025-03-09-reims-v-auxerre,2025-03-09,2024,ligue1,Reims,Auxerre,0,2,finished,api_football,1213964.0,,,,,,,,,,
ligue1-2024-2025-03-09-nantes-v-strasbourg,2025-03-09,2024,ligue1,Nantes,Strasbourg,0,1,finished,api_football,1213965.0,,,,,,,,,,
ligue1-2024-2025-03-09-brest-v-angers,2025-03-09,2024,ligue1,Brest,Angers,2,0,finished,api_football,1213968.0,,,,,,,,,,
ligue1-2024-2025-03-14-nice-v-auxerre,2025-03-14,2024,ligue1,Nice,Auxerre,1,1,finished,api_football,1213973.0,,,,,,,,,,
ligue1-2024-2025-03-15-lens-v-rennes,2025-03-15,2024,ligue1,Lens,Rennes,1,0,finished,api_football,1213977.0,,,,,,,,,,
ligue1-2024-2025-03-15-nantes-v-lille,2025-03-15,2024,ligue1,Nantes,Lille,1,0,finished,api_football,1213979.0,,,,,,,,,,
ligue1-2024-2025-03-15-angers-v-monaco,2025-03-15,2024,ligue1,Angers,Monaco,0,2,finished,api_football,1213980.0,,,,,,,,,,
ligue1-2024-2025-03-16-paris-sg-v-marseille,2025-03-16,2024,ligue1,Paris SG,Marseille,3,1,finished,api_football,1213972.0,,,,,,,,,,
ligue1-2024-2025-03-16-montpellier-v-st-etienne,2025-03-16,2024,ligue1,Montpellier,St Etienne,0,2,finished,api_football,1213974.0,,,,,,,,,,
ligue1-2024-2025-03-16-strasbourg-v-toulouse,2025-03-16,2024,ligue1,Strasbourg,Toulouse,2,1,finished,api_football,1213978.0,,,,,,,,,,
ligue1-2024-2025-03-16-brest-v-reims,2025-03-16,2024,ligue1,Brest,Reims,0,0,finished,api_football,1213975.0,,,,,,,,,,
ligue1-2024-2025-03-16-lyon-v-le-havre,2025-03-16,2024,ligue1,Lyon,Le Havre,4,2,finished,api_football,1213976.0,,,,,,,,,,
ligue1-2024-2025-03-28-strasbourg-v-lyon,2025-03-28,2024,ligue1,Strasbourg,Lyon,4,2,finished,api_football,1213984.0,,,,,,,,,,
ligue1-2024-2025-03-29-reims-v-marseille,2025-03-29,2024,ligue1,Reims,Marseille,3,1,finished,api_football,1213987.0,,,,,,,,,,
ligue1-2024-2025-03-29-st-etienne-v-paris-sg,2025-03-29,2024,ligue1,St Etienne,Paris SG,1,6,finished,api_football,1213986.0,,,,,,,,,,
ligue1-2024-2025-03-29-monaco-v-nice,2025-03-29,2024,ligue1,Monaco,Nice,2,1,finished,api_football,1213989.0,,,,,,,,,,
ligue1-2024-2025-03-30-toulouse-v-brest,2025-03-30,2024,ligue1,Toulouse,Brest,2,4,finished,api_football,1213985.0,,,,,,,,,,
ligue1-2024-2025-03-30-angers-v-rennes,2025-03-30,2024,ligue1,Angers,Rennes,0,3,finished,api_football,1213981.0,,,,,,,,,,
ligue1-2024-2025-03-30-auxerre-v-montpellier,2025-03-30,2024,ligue1,Auxerre,Montpellier,1,0,finished,api_football,1213982.0,,,,,,,,,,
ligue1-2024-2025-03-30-le-havre-v-nantes,2025-03-30,2024,ligue1,Le Havre,Nantes,3,2,finished,api_football,1213983.0,,,,,,,,,,
ligue1-2024-2025-03-30-lille-v-lens,2025-03-30,2024,ligue1,Lille,Lens,1,0,finished,api_football,1213988.0,,,,,,,,,,
ligue1-2024-2025-04-04-nice-v-nantes,2025-04-04,2024,ligue1,Nice,Nantes,1,2,finished,api_football,1213991.0,,,,,,,,,,
ligue1-2024-2025-04-05-lyon-v-lille,2025-04-05,2024,ligue1,Lyon,Lille,2,1,finished,api_football,1213994.0,,,,,,,,,,
ligue1-2024-2025-04-05-paris-sg-v-angers,2025-04-05,2024,ligue1,Paris SG,Angers,1,0,finished,api_football,1213996.0,,,,,,,,,,
ligue1-2024-2025-04-05-brest-v-monaco,2025-04-05,2024,ligue1,Brest,Monaco,2,1,finished,api_football,1213992.0,,,,,,,,,,
ligue1-2024-2025-04-06-marseille-v-toulouse,2025-04-06,2024,ligue1,Marseille,Toulouse,3,2,finished,api_football,1213990.0,,,,,,,,,,
ligue1-2024-2025-04-06-rennes-v-auxerre,2025-04-06,2024,ligue1,Rennes,Auxerre,0,1,finished,api_football,1213998.0,,,,,,,,,,
ligue1-2024-2025-04-06-montpellier-v-le-havre,2025-04-06,2024,ligue1,Montpellier,Le Havre,0,2,finished,api_football,1213993.0,,,,,,,,,,
ligue1-2024-2025-04-06-lens-v-st-etienne,2025-04-06,2024,ligue1,Lens,St Etienne,1,0,finished,api_football,1213995.0,,,,,,,,,,
ligue1-2024-2025-04-06-reims-v-strasbourg,2025-04-06,2024,ligue1,Reims,Strasbourg,0,1,finished,api_football,1213997.0,,,,,,,,,,
ligue1-2024-2025-04-11-lens-v-reims,2025-04-11,2024,ligue1,Lens,Reims,0,2,finished,api_football,1214006.0,,,,,,,,,,
ligue1-2024-2025-04-12-monaco-v-marseille,2025-04-12,2024,ligue1,Monaco,Marseille,3,0,finished,api_football,1214007.0,,,,,,,,,,
ligue1-2024-2025-04-12-toulouse-v-lille,2025-04-12,2024,ligue1,Toulouse,Lille,1,2,finished,api_football,1213999.0,,,,,,,,,,
ligue1-2024-2025-04-12-strasbourg-v-nice,2025-04-12,2024,ligue1,Strasbourg,Nice,2,2,finished,api_football,1214003.0,,,,,,,,,,
ligue1-2024-2025-04-13-auxerre-v-lyon,2025-04-13,2024,ligue1,Auxerre,Lyon,1,3,finished,api_football,1214001.0,,,,,,,,,,
ligue1-2024-2025-04-13-st-etienne-v-brest,2025-04-13,2024,ligue1,St Etienne,Brest,3,3,finished,api_football,1214004.0,,,,,,,,,,
ligue1-2024-2025-04-13-angers-v-montpellier,2025-04-13,2024,ligue1,Angers,Montpellier,2,0,finished,api_football,1214005.0,,,,,,,,,,
ligue1-2024-2025-04-13-le-havre-v-rennes,2025-04-13,2024,ligue1,Le Havre,Rennes,1,5,finished,api_football,1214000.0,,,,,,,,,,
ligue1-2024-2025-04-18-rennes-v-nantes,2025-04-18,2024,ligue1,Rennes,Nantes,2,1,finished,api_football,1214016.0,,,,,,,,,,
ligue1-2024-2025-04-19-monaco-v-strasbourg,2025-04-19,2024,ligue1,Monaco,Strasbourg,0,0,finished,api_football,1214015.0,,,,,,,,,,
ligue1-2024-2025-04-19-marseille-v-montpellier,2025-04-19,2024,ligue1,Marseille,Montpellier,5,1,finished,api_football,1214013.0,,,,,,,,,,
ligue1-2024-2025-04-19-paris-sg-v-le-havre,2025-04-19,2024,ligue1,Paris SG,Le Havre,2,1,finished,api_football,1214012.0,,,,,,,,,,
ligue1-2024-2025-04-20-lille-v-auxerre,2025-04-20,2024,ligue1,Lille,Auxerre,3,1,finished,api_football,1214011.0,,,,,,,,,,
ligue1-2024-2025-04-20-nice-v-angers,2025-04-20,2024,ligue1,Nice,Angers,2,1,finished,api_football,1214009.0,,,,,,,,,,
ligue1-2024-2025-04-20-reims-v-toulouse,2025-04-20,2024,ligue1,Reims,Toulouse,1,0,finished,api_football,1214014.0,,,,,,,,,,
ligue1-2024-2025-04-20-brest-v-lens,2025-04-20,2024,ligue1,Brest,Lens,1,3,finished,api_football,1214010.0,,,,,,,,,,
ligue1-2024-2025-04-20-st-etienne-v-lyon,2025-04-20,2024,ligue1,St Etienne,Lyon,2,1,finished,api_football,1214008.0,,,,,,,,,,
ligue1-2024-2025-04-22-nantes-v-paris-sg,2025-04-22,2024,ligue1,Nantes,Paris SG,1,1,finished,api_football,1214002.0,,,,,,,,,,
ligue1-2024-2025-04-25-paris-sg-v-nice,2025-04-25,2024,ligue1,Paris SG,Nice,1,3,finished,api_football,1214023.0,,,,,,,,,,
ligue1-2024-2025-04-26-strasbourg-v-st-etienne,2025-04-26,2024,ligue1,Strasbourg,St Etienne,3,1,finished,api_football,1214018.0,,,,,,,,,,
ligue1-2024-2025-04-26-le-havre-v-monaco,2025-04-26,2024,ligue1,Le Havre,Monaco,1,1,finished,api_football,1214017.0,,,,,,,,,,
ligue1-2024-2025-04-26-lyon-v-rennes,2025-04-26,2024,ligue1,Lyon,Rennes,4,1,finished,api_football,1214025.0,,,,,,,,,,
ligue1-2024-2025-04-27-nantes-v-toulouse,2025-04-27,2024,ligue1,Nantes,Toulouse,0,0,finished,api_football,1214019.0,,,,,,,,,,
ligue1-2024-2025-04-27-angers-v-lille,2025-04-27,2024,ligue1,Angers,Lille,0,2,finished,api_football,1214022.0,,,,,,,,,,
ligue1-2024-2025-04-27-marseille-v-brest,2025-04-27,2024,ligue1,Marseille,Brest,4,1,finished,api_football,1214024.0,,,,,,,,,,
ligue1-2024-2025-04-27-montpellier-v-reims,2025-04-27,2024,ligue1,Montpellier,Reims,0,0,finished,api_football,1214020.0,,,,,,,,,,
ligue1-2024-2025-04-27-lens-v-auxerre,2025-04-27,2024,ligue1,Lens,Auxerre,0,4,finished,api_football,1214021.0,,,,,,,,,,
ligue1-2024-2025-05-02-nice-v-reims,2025-05-02,2024,ligue1,Nice,Reims,1,0,finished,api_football,1214028.0,,,,,,,,,,
ligue1-2024-2025-05-03-strasbourg-v-paris-sg,2025-05-03,2024,ligue1,Strasbourg,Paris SG,2,1,finished,api_football,1214033.0,,,,,,,,,,
ligue1-2024-2025-05-03-toulouse-v-rennes,2025-05-03,2024,ligue1,Toulouse,Rennes,2,1,finished,api_football,1214032.0,,,,,,,,,,
ligue1-2024-2025-05-03-st-etienne-v-monaco,2025-05-03,2024,ligue1,St Etienne,Monaco,1,3,finished,api_football,1214030.0,,,,,,,,,,
ligue1-2024-2025-05-04-lille-v-marseille,2025-05-04,2024,ligue1,Lille,Marseille,1,1,finished,api_football,1214027.0,,,,,,,,,,
ligue1-2024-2025-05-04-nantes-v-angers,2025-05-04,2024,ligue1,Nantes,Angers,0,1,finished,api_football,1214031.0,,,,,,,,,,
ligue1-2024-2025-05-04-lyon-v-lens,2025-05-04,2024,ligue1,Lyon,Lens,1,2,finished,api_football,1214026.0,,,,,,,,,,
ligue1-2024-2025-05-04-brest-v-montpellier,2025-05-04,2024,ligue1,Brest,Montpellier,1,0,finished,api_football,1214029.0,,,,,,,,,,
ligue1-2024-2025-05-04-auxerre-v-le-havre,2025-05-04,2024,ligue1,Auxerre,Le Havre,1,2,finished,api_football,1214034.0,,,,,,,,,,
ligue1-2024-2025-05-10-reims-v-st-etienne,2025-05-10,2024,ligue1,Reims,St Etienne,0,2,finished,api_football,1214035.0,,,,,,,,,,
ligue1-2024-2025-05-10-angers-v-strasbourg,2025-05-10,2024,ligue1,Angers,Strasbourg,2,1,finished,api_football,1214037.0,,,,,,,,,,
ligue1-2024-2025-05-10-montpellier-v-paris-sg,2025-05-10,2024,ligue1,Montpellier,Paris SG,1,4,finished,api_football,1214040.0,,,,,,,,,,
ligue1-2024-2025-05-10-monaco-v-lyon,2025-05-10,2024,ligue1,Monaco,Lyon,2,0,finished,api_football,1214043.0,,,,,,,,,,
ligue1-2024-2025-05-10-le-havre-v-marseille,2025-05-10,2024,ligue1,Le Havre,Marseille,1,3,finished,api_football,1214038.0,,,,,,,,,,
ligue1-2024-2025-05-10-rennes-v-nice,2025-05-10,2024,ligue1,Rennes,Nice,2,0,finished,api_football,1214039.0,,,,,,,,,,
ligue1-2024-2025-05-10-auxerre-v-nantes,2025-05-10,2024,ligue1,Auxerre,Nantes,1,1,finished,api_football,1214036.0,,,,,,,,,,
ligue1-2024-2025-05-10-toulouse-v-lens,2025-05-10,2024,ligue1,Toulouse,Lens,1,1,finished,api_football,1214041.0,,,,,,,,,,
ligue1-2024-2025-05-10-brest-v-lille,2025-05-10,2024,ligue1,Brest,Lille,2,0,finished,api_football,1214042.0,,,,,,,,,,
ligue1-2024-2025-05-17-lille-v-reims,2025-05-17,2024,ligue1,Lille,Reims,2,1,finished,api_football,1214048.0,,,,,,,,,,
ligue1-2024-2025-05-17-lyon-v-angers,2025-05-17,2024,ligue1,Lyon,Angers,2,0,finished,api_football,1214045.0,,,,,,,,,,
ligue1-2024-2025-05-17-marseille-v-rennes,2025-05-17,2024,ligue1,Marseille,Rennes,4,2,finished,api_football,1214044.0,,,,,,,,,,
ligue1-2024-2025-05-17-nantes-v-montpellier,2025-05-17,2024,ligue1,Nantes,Montpellier,3,0,finished,api_football,1214050.0,,,,,,,,,,
ligue1-2024-2025-05-17-nice-v-brest,2025-05-17,2024,ligue1,Nice,Brest,6,0,finished,api_football,1214046.0,,,,,,,,,,
ligue1-2024-2025-05-17-paris-sg-v-auxerre,2025-05-17,2024,ligue1,Paris SG,Auxerre,3,1,finished,api_football,1214052.0,,,,,,,,,,
ligue1-2024-2025-05-17-strasbourg-v-le-havre,2025-05-17,2024,ligue1,Strasbourg,Le Havre,2,3,finished,api_football,1214049.0,,,,,,,,,,
ligue1-2024-2025-05-17-lens-v-monaco,2025-05-17,2024,ligue1,Lens,Monaco,4,0,finished,api_football,1214051.0,,,,,,,,,,
ligue1-2024-2025-05-17-st-etienne-v-toulouse,2025-05-17,2024,ligue1,St Etienne,Toulouse,2,3,finished,api_football,1214047.0,,,,,,,,,,
ligue1-2025-2025-08-15-rennes-v-marseille,2025-08-15,2025,ligue1,Rennes,Marseille,1,0,finished,csv_cached,,12.0,24.0,5.0,2.0,8.0,11.0,2.0,3.0,1.0,0.0
ligue1-2025-2025-08-16-nice-v-toulouse,2025-08-16,2025,ligue1,Nice,Toulouse,0,1,finished,csv_cached,,13.0,10.0,2.0,2.0,12.0,13.0,2.0,3.0,0.0,0.0
ligue1-2025-2025-08-16-lens-v-lyon,2025-08-16,2025,ligue1,Lens,Lyon,0,1,finished,csv_cached,,18.0,11.0,5.0,3.0,13.0,20.0,2.0,3.0,0.0,0.0
ligue1-2025-2025-08-16-monaco-v-le-havre,2025-08-16,2025,ligue1,Monaco,Le Havre,3,1,finished,csv_cached,,13.0,9.0,3.0,4.0,5.0,14.0,0.0,1.0,0.0,0.0
ligue1-2025-2025-08-17-brest-v-lille,2025-08-17,2025,ligue1,Brest,Lille,3,3,finished,csv_cached,,18.0,10.0,5.0,6.0,11.0,13.0,2.0,1.0,0.0,0.0
ligue1-2025-2025-08-17-angers-v-paris-fc,2025-08-17,2025,ligue1,Angers,Paris FC,1,0,finished,csv_cached,,8.0,17.0,2.0,7.0,14.0,10.0,2.0,1.0,1.0,0.0
ligue1-2025-2025-08-17-auxerre-v-lorient,2025-08-17,2025,ligue1,Auxerre,Lorient,1,0,finished,csv_cached,,7.0,14.0,3.0,3.0,18.0,14.0,3.0,2.0,0.0,0.0
ligue1-2025-2025-08-17-metz-v-strasbourg,2025-08-17,2025,ligue1,Metz,Strasbourg,0,1,finished,csv_cached,,2.0,9.0,0.0,4.0,16.0,13.0,2.0,2.0,0.0,0.0
ligue1-2025-2025-08-17-nantes-v-paris-sg,2025-08-17,2025,ligue1,Nantes,Paris SG,0,1,finished,csv_cached,,6.0,18.0,0.0,4.0,6.0,6.0,1.0,1.0,0.0,0.0
ligue1-2025-2025-08-22-paris-sg-v-angers,2025-08-22,2025,ligue1,Paris SG,Angers,1,0,finished,csv_cached,,21.0,3.0,4.0,0.0,3.0,9.0,0.0,0.0,0.0,0.0
ligue1-2025-2025-08-23-marseille-v-paris-fc,2025-08-23,2025,ligue1,Marseille,Paris FC,5,2,finished,csv_cached,,12.0,8.0,7.0,4.0,9.0,12.0,1.0,0.0,0.0,0.0
ligue1-2025-2025-08-23-nice-v-auxerre,2025-08-23,2025,ligue1,Nice,Auxerre,3,1,finished,csv_cached,,16.0,12.0,6.0,8.0,10.0,15.0,2.0,2.0,0.0,1.0
ligue1-2025-2025-08-23-lyon-v-metz,2025-08-23,2025,ligue1,Lyon,Metz,3,0,finished,csv_cached,,13.0,11.0,8.0,2.0,13.0,15.0,0.0,2.0,0.0,0.0
ligue1-2025-2025-08-24-lorient-v-rennes,2025-08-24,2025,ligue1,Lorient,Rennes,4,0,finished,csv_cached,,22.0,5.0,7.0,1.0,18.0,7.0,6.0,0.0,0.0,2.0
ligue1-2025-2025-08-24-le-havre-v-lens,2025-08-24,2025,ligue1,Le Havre,Lens,1,2,finished,csv_cached,,18.0,6.0,6.0,3.0,17.0,16.0,3.0,1.0,0.0,0.0
ligue1-2025-2025-08-24-toulouse-v-brest,2025-08-24,2025,ligue1,Toulouse,Brest,2,0,finished,csv_cached,,6.0,16.0,3.0,2.0,14.0,10.0,0.0,1.0,0.0,0.0
ligue1-2025-2025-08-24-strasbourg-v-nantes,2025-08-24,2025,ligue1,Strasbourg,Nantes,1,0,finished,csv_cached,,15.0,9.0,4.0,2.0,11.0,9.0,2.0,2.0,0.0,0.0
ligue1-2025-2025-08-24-lille-v-monaco,2025-08-24,2025,ligue1,Lille,Monaco,1,0,finished,csv_cached,,18.0,6.0,1.0,1.0,7.0,14.0,1.0,2.0,0.0,0.0
ligue1-2025-2025-08-29-lens-v-brest,2025-08-29,2025,ligue1,Lens,Brest,3,1,finished,csv_cached,,30.0,9.0,10.0,2.0,7.0,12.0,1.0,3.0,0.0,1.0
ligue1-2025-2025-08-30-lorient-v-lille,2025-08-30,2025,ligue1,Lorient,Lille,1,7,finished,csv_cached,,6.0,20.0,2.0,11.0,14.0,18.0,3.0,3.0,0.0,0.0
ligue1-2025-2025-08-30-nantes-v-auxerre,2025-08-30,2025,ligue1,Nantes,Auxerre,1,0,finished,csv_cached,,4.0,14.0,3.0,4.0,13.0,11.0,1.0,3.0,0.0,0.0
ligue1-2025-2025-08-30-toulouse-v-paris-sg,2025-08-30,2025,ligue1,Toulouse,Paris SG,3,6,finished,csv_cached,,14.0,13.0,6.0,8.0,7.0,11.0,1.0,0.0,0.0,0.0
ligue1-2025-2025-08-31-monaco-v-strasbourg,2025-08-31,2025,ligue1,Monaco,Strasbourg,3,2,finished,csv_cached,,12.0,12.0,4.0,4.0,13.0,12.0,2.0,1.0,0.0,1.0
ligue1-2025-2025-08-31-angers-v-rennes,2025-08-31,2025,ligue1,Angers,Rennes,1,1,finished,csv_cached,,10.0,15.0,7.0,7.0,9.0,11.0,2.0,2.0,0.0,0.0
ligue1-2025-2025-08-31-le-havre-v-nice,2025-08-31,2025,ligue1,Le Havre,Nice,3,1,finished,csv_cached,,12.0,7.0,8.0,3.0,13.0,16.0,1.0,4.0,0.0,0.0
ligue1-2025-2025-08-31-paris-fc-v-metz,2025-08-31,2025,ligue1,Paris FC,Metz,3,2,finished,csv_cached,,24.0,14.0,9.0,2.0,4.0,8.0,1.0,1.0,0.0,1.0
ligue1-2025-2025-08-31-lyon-v-marseille,2025-08-31,2025,ligue1,Lyon,Marseille,1,0,finished,csv_cached,,17.0,5.0,5.0,2.0,16.0,11.0,2.0,2.0,0.0,1.0
ligue1-2025-2025-09-12-marseille-v-lorient,2025-09-12,2025,ligue1,Marseille,Lorient,4,0,finished,csv_cached,,15.0,4.0,8.0,1.0,18.0,5.0,3.0,2.0,0.0,1.0
ligue1-2025-2025-09-13-nice-v-nantes,2025-09-13,2025,ligue1,Nice,Nantes,1,0,finished,csv_cached,,19.0,14.0,8.0,3.0,16.0,13.0,2.0,0.0,0.0,0.0
ligue1-2025-2025-09-13-auxerre-v-monaco,2025-09-13,2025,ligue1,Auxerre,Monaco,1,2,finished,csv_cached,,9.0,13.0,2.0,3.0,12.0,19.0,3.0,6.0,1.0,0.0
ligue1-2025-2025-09-14-metz-v-angers,2025-09-14,2025,ligue1,Metz,Angers,1,1,finished,csv_cached,,9.0,11.0,5.0,4.0,10.0,7.0,0.0,1.0,0.0,0.0
ligue1-2025-2025-09-14-lille-v-toulouse,2025-09-14,2025,ligue1,Lille,Toulouse,2,1,finished,csv_cached,,20.0,9.0,5.0,4.0,12.0,10.0,2.0,3.0,0.0,1.0
ligue1-2025-2025-09-14-paris-sg-v-lens,2025-09-14,2025,ligue1,Paris SG,Lens,2,0,finished,csv_cached,,14.0,11.0,6.0,3.0,10.0,8.0,1.0,2.0,0.0,0.0
ligue1-2025-2025-09-14-rennes-v-lyon,2025-09-14,2025,ligue1,Rennes,Lyon,3,1,finished,csv_cached,,23.0,8.0,5.0,5.0,18.0,13.0,2.0,2.0,0.0,1.0
ligue1-2025-2025-09-14-brest-v-paris-fc,2025-09-14,2025,ligue1,Brest,Paris FC,1,2,finished,csv_cached,,23.0,7.0,8.0,4.0,11.0,10.0,0.0,2.0,0.0,1.0
ligue1-2025-2025-09-14-strasbourg-v-le-havre,2025-09-14,2025,ligue1,Strasbourg,Le Havre,1,0,finished,csv_cached,,9.0,10.0,7.0,1.0,8.0,16.0,2.0,2.0,1.0,0.0
ligue1-2025-2025-09-19-lyon-v-angers,2025-09-19,2025,ligue1,Lyon,Angers,1,0,finished,csv_cached,,16.0,10.0,5.0,2.0,16.0,10.0,2.0,2.0,0.0,0.0
ligue1-2025-2025-09-20-nantes-v-rennes,2025-09-20,2025,ligue1,Nantes,Rennes,2,2,finished,csv_cached,,16.0,8.0,4.0,4.0,14.0,18.0,3.0,1.0,0.0,0.0
ligue1-2025-2025-09-20-brest-v-nice,2025-09-20,2025,ligue1,Brest,Nice,4,1,finished,csv_cached,,11.0,21.0,5.0,4.0,17.0,11.0,1.0,3.0,0.0,0.0
ligue1-2025-2025-09-20-lens-v-lille,2025-09-20,2025,ligue1,Lens,Lille,3,0,finished,csv_cached,,15.0,17.0,6.0,3.0,17.0,11.0,1.0,3.0,0.0,0.0
ligue1-2025-2025-09-21-monaco-v-metz,2025-09-21,2025,ligue1,Monaco,Metz,5,2,finished,csv_cached,,16.0,8.0,6.0,3.0,15.0,6.0,1.0,0.0,0.0,0.0
ligue1-2025-2025-09-21-paris-fc-v-strasbourg,2025-09-21,2025,ligue1,Paris FC,Strasbourg,2,3,finished,csv_cached,,18.0,8.0,6.0,4.0,11.0,10.0,1.0,5.0,0.0,0.0
ligue1-2025-2025-09-21-auxerre-v-toulouse,2025-09-21,2025,ligue1,Auxerre,Toulouse,1,0,finished,csv_cached,,6.0,13.0,1.0,3.0,12.0,20.0,1.0,6.0,1.0,0.0
ligue1-2025-2025-09-21-le-havre-v-lorient,2025-09-21,2025,ligue1,Le Havre,Lorient,1,1,finished,csv_cached,,13.0,8.0,2.0,4.0,20.0,15.0,3.0,6.0,0.0,0.0
ligue1-2025-2025-09-22-marseille-v-paris-sg,2025-09-22,2025,ligue1,Marseille,Paris SG,1,0,finished,csv_cached,,9.0,12.0,2.0,5.0,16.0,7.0,3.0,0.0,0.0,0.0
ligue1-2025-2025-09-26-strasbourg-v-marseille,2025-09-26,2025,ligue1,Strasbourg,Marseille,1,2,finished,csv_cached,,9.0,16.0,1.0,9.0,13.0,15.0,2.0,4.0,0.0,0.0
ligue1-2025-2025-09-27-lorient-v-monaco,2025-09-27,2025,ligue1,Lorient,Monaco,3,1,finished,csv_cached,,19.0,5.0,8.0,2.0,10.0,11.0,2.0,3.0,0.0,1.0
ligue1-2025-2025-09-27-paris-sg-v-auxerre,2025-09-27,2025,ligue1,Paris SG,Auxerre,2,0,finished,csv_cached,,15.0,12.0,8.0,3.0,17.0,10.0,1.0,2.0,0.0,0.0
ligue1-2025-2025-09-27-toulouse-v-nantes,2025-09-27,2025,ligue1,Toulouse,Nantes,2,2,finished,csv_cached,,20.0,12.0,7.0,2.0,18.0,12.0,2.0,3.0,0.0,0.0
ligue1-2025-2025-09-28-nice-v-paris-fc,2025-09-28,2025,ligue1,Nice,Paris FC,1,1,finished,csv_cached,,11.0,13.0,5.0,3.0,14.0,14.0,1.0,1.0,0.0,0.0
ligue1-2025-2025-09-28-angers-v-brest,2025-09-28,2025,ligue1,Angers,Brest,0,2,finished,csv_cached,,11.0,7.0,2.0,3.0,13.0,13.0,1.0,1.0,0.0,0.0
ligue1-2025-2025-09-28-lille-v-lyon,2025-09-28,2025,ligue1,Lille,Lyon,0,1,finished,csv_cached,,14.0,5.0,3.0,2.0,20.0,24.0,4.0,4.0,1.0,0.0
ligue1-2025-2025-09-28-metz-v-le-havre,2025-09-28,2025,ligue1,Metz,Le Havre,0,0,finished,csv_cached,,7.0,11.0,0.0,2.0,16.0,16.0,2.0,2.0,0.0,0.0
ligue1-2025-2025-09-28-rennes-v-lens,2025-09-28,2025,ligue1,Rennes,Lens,0,0,finished,csv_cached,,14.0,13.0,2.0,2.0,16.0,9.0,3.0,2.0,0.0,1.0
ligue1-2025-2025-10-03-paris-fc-v-lorient,2025-10-03,2025,ligue1,Paris FC,Lorient,2,0,finished,csv_cached,,10.0,8.0,2.0,3.0,19.0,10.0,0.0,2.0,0.0,0.0
ligue1-2025-2025-10-04-metz-v-marseille,2025-10-04,2025,ligue1,Metz,Marseille,0,3,finished,csv_cached,,4.0,21.0,1.0,9.0,8.0,7.0,0.0,0.0,0.0,0.0
ligue1-2025-2025-10-04-brest-v-nantes,2025-10-04,2025,ligue1,Brest,Nantes,0,0,finished,csv_cached,,17.0,6.0,5.0,0.0,11.0,12.0,2.0,1.0,0.0,0.0
ligue1-2025-2025-10-04-auxerre-v-lens,2025-10-04,2025,ligue1,Auxerre,Lens,1,2,finished,csv_cached,,18.0,7.0,2.0,4.0,10.0,21.0,3.0,7.0,0.0,1.0
ligue1-2025-2025-10-05-lyon-v-toulouse,2025-10-05,2025,ligue1,Lyon,Toulouse,1,2,finished,csv_cached,,13.0,14.0,3.0,4.0,13.0,17.0,1.0,3.0,0.0,0.0
ligue1-2025-2025-10-05-le-havre-v-rennes,2025-10-05,2025,ligue1,Le Havre,Rennes,2,2,finished,csv_cached,,10.0,9.0,2.0,3.0,13.0,9.0,1.0,2.0,0.0,0.0
ligue1-2025-2025-10-05-monaco-v-nice,2025-10-05,2025,ligue1,Monaco,Nice,2,2,finished,csv_cached,,20.0,9.0,6.0,2.0,10.0,9.0,1.0,3.0,0.0,1.0
ligue1-2025-2025-10-05-strasbourg-v-angers,2025-10-05,2025,ligue1,Strasbourg,Angers,5,0,finished,csv_cached,,18.0,5.0,12.0,1.0,12.0,11.0,2.0,2.0,0.0,0.0
ligue1-2025-2025-10-05-lille-v-paris-sg,2025-10-05,2025,ligue1,Lille,Paris SG,1,1,finished,csv_cached,,9.0,17.0,3.0,5.0,11.0,12.0,1.0,1.0,0.0,0.0
ligue1-2025-2025-10-17-paris-sg-v-strasbourg,2025-10-17,2025,ligue1,Paris SG,Strasbourg,3,3,finished,csv_cached,,21.0,12.0,9.0,7.0,12.0,15.0,2.0,1.0,0.0,0.0
ligue1-2025-2025-10-18-nice-v-lyon,2025-10-18,2025,ligue1,Nice,Lyon,3,2,finished,csv_cached,,5.0,29.0,4.0,7.0,10.0,11.0,1.0,2.0,0.0,0.0
ligue1-2025-2025-10-18-angers-v-monaco,2025-10-18,2025,ligue1,Angers,Monaco,1,1,finished,csv_cached,,16.0,11.0,3.0,4.0,15.0,14.0,2.0,2.0,0.0,0.0
ligue1-2025-2025-10-18-marseille-v-le-havre,2025-10-18,2025,ligue1,Marseille,Le Havre,6,2,finished,csv_cached,,18.0,8.0,11.0,3.0,17.0,13.0,2.0,1.0,0.0,1.0
ligue1-2025-2025-10-19-lens-v-paris-fc,2025-10-19,2025,ligue1,Lens,Paris FC,2,1,finished,csv_cached,,11.0,9.0,3.0,3.0,11.0,8.0,2.0,2.0,0.0,0.0
ligue1-2025-2025-10-19-lorient-v-brest,2025-10-19,2025,ligue1,Lorient,Brest,3,3,finished,csv_cached,,12.0,8.0,7.0,4.0,13.0,16.0,3.0,2.0,0.0,0.0
ligue1-2025-2025-10-19-rennes-v-auxerre,2025-10-19,2025,ligue1,Rennes,Auxerre,2,2,finished,csv_cached,,19.0,7.0,7.0,4.0,11.0,15.0,1.0,3.0,0.0,0.0
ligue1-2025-2025-10-19-toulouse-v-metz,2025-10-19,2025,ligue1,Toulouse,Metz,4,0,finished,csv_cached,,16.0,2.0,7.0,2.0,14.0,11.0,2.0,1.0,0.0,1.0
ligue1-2025-2025-10-19-nantes-v-lille,2025-10-19,2025,ligue1,Nantes,Lille,0,2,finished,csv_cached,,8.0,23.0,3.0,5.0,12.0,15.0,1.0,4.0,0.0,0.0
ligue1-2025-2025-10-24-paris-fc-v-nantes,2025-10-24,2025,ligue1,Paris FC,Nantes,1,2,finished,csv_cached,,14.0,11.0,3.0,3.0,10.0,13.0,3.0,2.0,0.0,0.0
ligue1-2025-2025-10-25-brest-v-paris-sg,2025-10-25,2025,ligue1,Brest,Paris SG,0,3,finished,csv_cached,,8.0,18.0,2.0,8.0,10.0,10.0,1.0,1.0,0.0,0.0
ligue1-2025-2025-10-25-monaco-v-toulouse,2025-10-25,2025,ligue1,Monaco,Toulouse,1,0,finished,csv_cached,,14.0,10.0,5.0,2.0,15.0,18.0,3.0,4.0,0.0,0.0
ligue1-2025-2025-10-25-lens-v-marseille,2025-10-25,2025,ligue1,Lens,Marseille,2,1,finished,csv_cached,,8.0,17.0,5.0,3.0,12.0,9.0,3.0,2.0,0.0,0.0
ligue1-2025-2025-10-26-lille-v-metz,2025-10-26,2025,ligue1,Lille,Metz,6,1,finished,csv_cached,,23.0,10.0,12.0,4.0,18.0,12.0,3.0,2.0,0.0,0.0
ligue1-2025-2025-10-26-auxerre-v-le-havre,2025-10-26,2025,ligue1,Auxerre,Le Havre,0,1,finished,csv_cached,,14.0,9.0,3.0,4.0,21.0,12.0,2.0,2.0,0.0,0.0
ligue1-2025-2025-10-26-angers-v-lorient,2025-10-26,2025,ligue1,Angers,Lorient,2,0,finished,csv_cached,,7.0,23.0,4.0,4.0,14.0,6.0,1.0,0.0,0.0,0.0
ligue1-2025-2025-10-26-lyon-v-strasbourg,2025-10-26,2025,ligue1,Lyon,Strasbourg,2,1,finished,csv_cached,,8.0,7.0,3.0,2.0,15.0,19.0,0.0,4.0,0.0,1.0
ligue1-2025-2025-10-26-rennes-v-nice,2025-10-26,2025,ligue1,Rennes,Nice,1,2,finished,csv_cached,,19.0,8.0,7.0,3.0,13.0,22.0,5.0,2.0,0.0,0.0
ligue1-2025-2025-10-29-le-havre-v-brest,2025-10-29,2025,ligue1,Le Havre,Brest,1,0,finished,csv_cached,,13.0,8.0,3.0,2.0,12.0,11.0,1.0,3.0,0.0,0.0
ligue1-2025-2025-10-29-lorient-v-paris-sg,2025-10-29,2025,ligue1,Lorient,Paris SG,1,1,finished,csv_cached,,5.0,15.0,2.0,8.0,5.0,13.0,0.0,2.0,0.0,0.0
ligue1-2025-2025-10-29-metz-v-lens,2025-10-29,2025,ligue1,Metz,Lens,2,0,finished,csv_cached,,16.0,10.0,7.0,2.0,15.0,15.0,3.0,2.0,1.0,0.0
ligue1-2025-2025-10-29-nice-v-lille,2025-10-29,2025,ligue1,Nice,Lille,2,0,finished,csv_cached,,8.0,21.0,4.0,4.0,11.0,10.0,3.0,3.0,0.0,0.0
ligue1-2025-2025-10-29-marseille-v-angers,2025-10-29,2025,ligue1,Marseille,Angers,2,2,finished,csv_cached,,11.0,12.0,6.0,6.0,11.0,7.0,2.0,1.0,0.0,0.0
ligue1-2025-2025-10-29-nantes-v-monaco,2025-10-29,2025,ligue1,Nantes,Monaco,3,5,finished,csv_cached,,18.0,19.0,5.0,9.0,13.0,17.0,3.0,5.0,0.0,0.0
ligue1-2025-2025-10-29-paris-fc-v-lyon,2025-10-29,2025,ligue1,Paris FC,Lyon,3,3,finished,csv_cached,,11.0,7.0,3.0,4.0,18.0,16.0,6.0,2.0,1.0,1.0
ligue1-2025-2025-10-29-strasbourg-v-auxerre,2025-10-29,2025,ligue1,Strasbourg,Auxerre,3,0,finished,csv_cached,,18.0,6.0,9.0,1.0,11.0,16.0,1.0,1.0,0.0,0.0
ligue1-2025-2025-10-29-toulouse-v-rennes,2025-10-29,2025,ligue1,Toulouse,Rennes,2,2,finished,csv_cached,,15.0,11.0,4.0,5.0,9.0,12.0,2.0,3.0,0.0,0.0
ligue1-2025-2025-11-01-paris-sg-v-nice,2025-11-01,2025,ligue1,Paris SG,Nice,1,0,finished,csv_cached,,28.0,5.0,8.0,2.0,12.0,5.0,3.0,1.0,0.0,0.0
ligue1-2025-2025-11-01-monaco-v-paris-fc,2025-11-01,2025,ligue1,Monaco,Paris FC,0,1,finished,csv_cached,,10.0,9.0,1.0,1.0,10.0,12.0,3.0,2.0,0.0,0.0
ligue1-2025-2025-11-01-auxerre-v-marseille,2025-11-01,2025,ligue1,Auxerre,Marseille,0,1,finished,csv_cached,,9.0,6.0,4.0,2.0,12.0,14.0,3.0,4.0,1.0,1.0
ligue1-2025-2025-11-02-lens-v-lorient,2025-11-02,2025,ligue1,Lens,Lorient,3,0,finished,csv_cached,,9.0,12.0,6.0,3.0,8.0,10.0,2.0,2.0,0.0,0.0
ligue1-2025-2025-11-02-rennes-v-strasbourg,2025-11-02,2025,ligue1,Rennes,Strasbourg,4,1,finished,csv_cached,,13.0,20.0,6.0,2.0,15.0,9.0,1.0,1.0,0.0,0.0
ligue1-2025-2025-11-02-lille-v-angers,2025-11-02,2025,ligue1,Lille,Angers,1,0,finished,csv_cached,,15.0,6.0,4.0,1.0,10.0,10.0,1.0,0.0,0.0,0.0
ligue1-2025-2025-11-02-toulouse-v-le-havre,2025-11-02,2025,ligue1,Toulouse,Le Havre,0,0,finished,csv_cached,,18.0,9.0,2.0,3.0,12.0,14.0,1.0,2.0,0.0,0.0
ligue1-2025-2025-11-02-nantes-v-metz,2025-11-02,2025,ligue1,Nantes,Metz,0,2,finished,csv_cached,,16.0,14.0,4.0,7.0,8.0,8.0,1.0,3.0,0.0,0.0
ligue1-2025-2025-11-02-brest-v-lyon,2025-11-02,2025,ligue1,Brest,Lyon,0,0,finished,csv_cached,,13.0,4.0,3.0,2.0,19.0,6.0,1.0,0.0,0.0,1.0
ligue1-2025-2025-11-07-paris-fc-v-rennes,2025-11-07,2025,ligue1,Paris FC,Rennes,0,1,finished,csv_cached,,19.0,10.0,4.0,3.0,9.0,13.0,4.0,2.0,0.0,0.0
ligue1-2025-2025-11-08-marseille-v-brest,2025-11-08,2025,ligue1,Marseille,Brest,3,0,finished,csv_cached,,19.0,4.0,7.0,2.0,12.0,10.0,0.0,1.0,0.0,0.0
ligue1-2025-2025-11-08-le-havre-v-nantes,2025-11-08,2025,ligue1,Le Havre,Nantes,1,1,finished,csv_cached,,17.0,5.0,4.0,2.0,15.0,13.0,3.0,3.0,0.0,0.0
ligue1-2025-2025-11-08-monaco-v-lens,2025-11-08,2025,ligue1,Monaco,Lens,1,4,finished,csv_cached,,16.0,20.0,6.0,12.0,15.0,19.0,1.0,2.0,1.0,0.0
ligue1-2025-2025-11-09-metz-v-nice,2025-11-09,2025,ligue1,Metz,Nice,2,1,finished,csv_cached,,9.0,11.0,2.0,4.0,12.0,19.0,2.0,4.0,0.0,0.0
ligue1-2025-2025-11-09-strasbourg-v-lille,2025-11-09,2025,ligue1,Strasbourg,Lille,2,0,finished,csv_cached,,5.0,7.0,2.0,4.0,9.0,20.0,4.0,3.0,0.0,1.0
ligue1-2025-2025-11-09-lorient-v-toulouse,2025-11-09,2025,ligue1,Lorient,Toulouse,1,1,finished,csv_cached,,10.0,6.0,2.0,2.0,6.0,18.0,0.0,4.0,0.0,0.0
ligue1-2025-2025-11-09-angers-v-auxerre,2025-11-09,2025,ligue1,Angers,Auxerre,2,0,finished,csv_cached,,9.0,12.0,5.0,5.0,19.0,14.0,2.0,2.0,0.0,0.0
ligue1-2025-2025-11-09-lyon-v-paris-sg,2025-11-09,2025,ligue1,Lyon,Paris SG,2,3,finished,csv_cached,,9.0,9.0,2.0,4.0,10.0,8.0,5.0,2.0,1.0,0.0
ligue1-2025-2025-11-21-nice-v-marseille,2025-11-21,2025,ligue1,Nice,Marseille,1,5,finished,csv_cached,,15.0,13.0,7.0,11.0,9.0,10.0,2.0,2.0,0.0,0.0
ligue1-2025-2025-11-22-rennes-v-monaco,2025-11-22,2025,ligue1,Rennes,Monaco,4,1,finished,csv_cached,,17.0,13.0,9.0,3.0,3.0,13.0,0.0,1.0,0.0,1.0
ligue1-2025-2025-11-22-paris-sg-v-le-havre,2025-11-22,2025,ligue1,Paris SG,Le Havre,3,0,finished,csv_cached,,31.0,12.0,11.0,4.0,10.0,8.0,2.0,1.0,0.0,0.0
ligue1-2025-2025-11-22-lens-v-strasbourg,2025-11-22,2025,ligue1,Lens,Strasbourg,1,0,finished,csv_cached,,13.0,7.0,5.0,1.0,13.0,13.0,2.0,3.0,1.0,1.0
ligue1-2025-2025-11-23-brest-v-metz,2025-11-23,2025,ligue1,Brest,Metz,3,2,finished,csv_cached,,20.0,7.0,7.0,3.0,11.0,8.0,2.0,3.0,0.0,0.0
ligue1-2025-2025-11-23-lille-v-paris-fc,2025-11-23,2025,ligue1,Lille,Paris FC,4,2,finished,csv_cached,,17.0,6.0,10.0,3.0,9.0,12.0,1.0,2.0,0.0,0.0
ligue1-2025-2025-11-23-toulouse-v-angers,2025-11-23,2025,ligue1,Toulouse,Angers,0,1,finished,csv_cached,,25.0,6.0,6.0,2.0,15.0,15.0,1.0,3.0,0.0,0.0
ligue1-2025-2025-11-23-auxerre-v-lyon,2025-11-23,2025,ligue1,Auxerre,Lyon,0,0,finished,csv_cached,,12.0,16.0,5.0,7.0,10.0,11.0,1.0,3.0,0.0,0.0
ligue1-2025-2025-11-23-nantes-v-lorient,2025-11-23,2025,ligue1,Nantes,Lorient,1,1,finished,csv_cached,,9.0,7.0,1.0,1.0,17.0,17.0,1.0,1.0,0.0,0.0
ligue1-2025-2025-11-28-metz-v-rennes,2025-11-28,2025,ligue1,Metz,Rennes,0,1,finished,csv_cached,,16.0,9.0,5.0,2.0,9.0,8.0,0.0,0.0,0.0,0.0
ligue1-2025-2025-11-29-monaco-v-paris-sg,2025-11-29,2025,ligue1,Monaco,Paris SG,1,0,finished,csv_cached,,10.0,17.0,5.0,4.0,10.0,13.0,3.0,1.0,1.0,0.0
ligue1-2025-2025-11-29-paris-fc-v-auxerre,2025-11-29,2025,ligue1,Paris FC,Auxerre,1,1,finished,csv_cached,,11.0,11.0,2.0,3.0,11.0,17.0,2.0,1.0,0.0,0.0
ligue1-2025-2025-11-29-marseille-v-toulouse,2025-11-29,2025,ligue1,Marseille,Toulouse,2,2,finished,csv_cached,,20.0,6.0,5.0,4.0,7.0,10.0,2.0,1.0,0.0,0.0
ligue1-2025-2025-11-30-lorient-v-nice,2025-11-30,2025,ligue1,Lorient,Nice,3,1,finished,csv_cached,,18.0,9.0,7.0,2.0,7.0,11.0,1.0,2.0,0.0,0.0
ligue1-2025-2025-11-30-le-havre-v-lille,2025-11-30,2025,ligue1,Le Havre,Lille,0,1,finished,csv_cached,,14.0,8.0,7.0,2.0,15.0,13.0,1.0,3.0,0.0,1.0
ligue1-2025-2025-11-30-lyon-v-nantes,2025-11-30,2025,ligue1,Lyon,Nantes,3,0,finished,csv_cached,,20.0,6.0,8.0,2.0,14.0,9.0,1.0,2.0,0.0,1.0
ligue1-2025-2025-11-30-strasbourg-v-brest,2025-11-30,2025,ligue1,Strasbourg,Brest,1,2,finished,csv_cached,,14.0,7.0,6.0,4.0,12.0,14.0,0.0,3.0,0.0,0.0
ligue1-2025-2025-11-30-angers-v-lens,2025-11-30,2025,ligue1,Angers,Lens,1,2,finished,csv_cached,,7.0,17.0,5.0,6.0,7.0,11.0,1.0,1.0,0.0,0.0
ligue1-2025-2025-12-05-lille-v-marseille,2025-12-05,2025,ligue1,Lille,Marseille,1,0,finished,csv_cached,,5.0,6.0,2.0,2.0,9.0,11.0,1.0,1.0,0.0,0.0
ligue1-2025-2025-12-05-brest-v-monaco,2025-12-05,2025,ligue1,Brest,Monaco,1,0,finished,csv_cached,,12.0,10.0,4.0,2.0,17.0,15.0,2.0,4.0,1.0,0.0
ligue1-2025-2025-12-06-paris-sg-v-rennes,2025-12-06,2025,ligue1,Paris SG,Rennes,5,0,finished,csv_cached,,20.0,6.0,9.0,2.0,9.0,5.0,0.0,3.0,0.0,1.0
ligue1-2025-2025-12-06-toulouse-v-strasbourg,2025-12-06,2025,ligue1,Toulouse,Strasbourg,1,0,finished,csv_cached,,6.0,3.0,3.0,0.0,21.0,13.0,3.0,3.0,0.0,0.0
ligue1-2025-2025-12-06-nantes-v-lens,2025-12-06,2025,ligue1,Nantes,Lens,1,2,finished,csv_cached,,10.0,20.0,4.0,6.0,8.0,13.0,2.0,0.0,0.0,0.0
ligue1-2025-2025-12-07-lorient-v-lyon,2025-12-07,2025,ligue1,Lorient,Lyon,1,0,finished,csv_cached,,14.0,7.0,6.0,4.0,12.0,21.0,2.0,2.0,0.0,1.0
ligue1-2025-2025-12-07-le-havre-v-paris-fc,2025-12-07,2025,ligue1,Le Havre,Paris FC,0,0,finished,csv_cached,,13.0,13.0,2.0,2.0,10.0,13.0,0.0,2.0,0.0,0.0
ligue1-2025-2025-12-07-auxerre-v-metz,2025-12-07,2025,ligue1,Auxerre,Metz,3,1,finished,csv_cached,,14.0,5.0,7.0,3.0,10.0,12.0,2.0,1.0,0.0,0.0
ligue1-2025-2025-12-07-nice-v-angers,2025-12-07,2025,ligue1,Nice,Angers,0,1,finished,csv_cached,,13.0,8.0,3.0,4.0,11.0,9.0,1.0,1.0,1.0,0.0
ligue1-2025-2025-12-12-angers-v-nantes,2025-12-12,2025,ligue1,Angers,Nantes,4,1,finished,csv_cached,,20.0,7.0,9.0,4.0,17.0,13.0,1.0,2.0,0.0,0.0
ligue1-2025-2025-12-13-metz-v-paris-sg,2025-12-13,2025,ligue1,Metz,Paris SG,2,3,finished,csv_cached,,9.0,14.0,5.0,9.0,10.0,10.0,2.0,1.0,0.0,0.0
ligue1-2025-2025-12-13-paris-fc-v-toulouse,2025-12-13,2025,ligue1,Paris FC,Toulouse,0,3,finished,csv_cached,,9.0,7.0,2.0,4.0,12.0,14.0,3.0,1.0,0.0,0.0
ligue1-2025-2025-12-13-rennes-v-brest,2025-12-13,2025,ligue1,Rennes,Brest,3,1,finished,csv_cached,,9.0,14.0,5.0,7.0,16.0,22.0,2.0,3.0,0.0,0.0
ligue1-2025-2025-12-14-marseille-v-monaco,2025-12-14,2025,ligue1,Marseille,Monaco,1,0,finished,csv_cached,,18.0,18.0,8.0,7.0,11.0,11.0,2.0,1.0,0.0,0.0
ligue1-2025-2025-12-14-strasbourg-v-lorient,2025-12-14,2025,ligue1,Strasbourg,Lorient,0,0,finished,csv_cached,,12.0,10.0,2.0,2.0,6.0,3.0,1.0,0.0,0.0,0.0
ligue1-2025-2025-12-14-lyon-v-le-havre,2025-12-14,2025,ligue1,Lyon,Le Havre,1,0,finished,csv_cached,,18.0,10.0,4.0,4.0,14.0,18.0,2.0,4.0,0.0,0.0
ligue1-2025-2025-12-14-auxerre-v-lille,2025-12-14,2025,ligue1,Auxerre,Lille,3,4,finished,csv_cached,,18.0,8.0,8.0,5.0,21.0,10.0,5.0,2.0,2.0,2.0
ligue1-2025-2025-12-14-lens-v-nice,2025-12-14,2025,ligue1,Lens,Nice,2,0,finished,csv_cached,,15.0,8.0,5.0,4.0,17.0,13.0,0.0,2.0,0.0,0.0
ligue1-2025-2026-01-02-toulouse-v-lens,2026-01-02,2025,ligue1,Toulouse,Lens,0,3,finished,csv_cached,,8.0,16.0,2.0,7.0,16.0,16.0,2.0,3.0,1.0,0.0
ligue1-2025-2026-01-03-lille-v-rennes,2026-01-03,2025,ligue1,Lille,Rennes,0,2,finished,csv_cached,,13.0,18.0,3.0,4.0,4.0,14.0,1.0,1.0,1.0,0.0
ligue1-2025-2026-01-03-nice-v-strasbourg,2026-01-03,2025,ligue1,Nice,Strasbourg,1,1,finished,csv_cached,,19.0,8.0,6.0,5.0,12.0,12.0,1.0,2.0,0.0,0.0
ligue1-2025-2026-01-03-monaco-v-lyon,2026-01-03,2025,ligue1,Monaco,Lyon,1,3,finished,csv_cached,,6.0,13.0,2.0,9.0,14.0,12.0,2.0,3.0,1.0,0.0
ligue1-2025-2026-01-04-marseille-v-nantes,2026-01-04,2025,ligue1,Marseille,Nantes,0,2,finished,csv_cached,,11.0,15.0,4.0,9.0,17.0,20.0,2.0,3.0,2.0,0.0
ligue1-2025-2026-01-04-brest-v-auxerre,2026-01-04,2025,ligue1,Brest,Auxerre,2,0,finished,csv_cached,,11.0,10.0,4.0,1.0,16.0,9.0,3.0,2.0,0.0,0.0
ligue1-2025-2026-01-04-le-havre-v-angers,2026-01-04,2025,ligue1,Le Havre,Angers,2,1,finished,csv_cached,,11.0,9.0,6.0,3.0,15.0,8.0,1.0,1.0,0.0,0.0
ligue1-2025-2026-01-04-lorient-v-metz,2026-01-04,2025,ligue1,Lorient,Metz,1,1,finished,csv_cached,,16.0,8.0,5.0,2.0,9.0,8.0,1.0,2.0,0.0,0.0
ligue1-2025-2026-01-04-paris-sg-v-paris-fc,2026-01-04,2025,ligue1,Paris SG,Paris FC,2,1,finished,csv_cached,,20.0,6.0,6.0,3.0,7.0,4.0,1.0,0.0,0.0,0.0
ligue1-2025-2026-01-16-paris-sg-v-lille,2026-01-16,2025,ligue1,Paris SG,Lille,3,0,finished,csv_cached,,13.0,7.0,7.0,4.0,14.0,6.0,0.0,1.0,0.0,0.0
ligue1-2025-2026-01-16-monaco-v-lorient,2026-01-16,2025,ligue1,Monaco,Lorient,1,3,finished,csv_cached,,14.0,14.0,7.0,4.0,16.0,9.0,1.0,0.0,0.0,0.0
ligue1-2025-2026-01-17-lens-v-auxerre,2026-01-17,2025,ligue1,Lens,Auxerre,1,0,finished,csv_cached,,19.0,5.0,7.0,0.0,19.0,20.0,2.0,5.0,0.0,0.0
ligue1-2025-2026-01-17-toulouse-v-nice,2026-01-17,2025,ligue1,Toulouse,Nice,5,1,finished,csv_cached,,22.0,15.0,10.0,6.0,12.0,17.0,1.0,2.0,0.0,0.0
ligue1-2025-2026-01-17-angers-v-marseille,2026-01-17,2025,ligue1,Angers,Marseille,2,5,finished,csv_cached,,7.0,23.0,3.0,11.0,9.0,8.0,1.0,1.0,0.0,0.0
ligue1-2025-2026-01-18-strasbourg-v-metz,2026-01-18,2025,ligue1,Strasbourg,Metz,2,1,finished,csv_cached,,14.0,9.0,6.0,2.0,12.0,12.0,2.0,3.0,0.0,0.0
ligue1-2025-2026-01-18-nantes-v-paris-fc,2026-01-18,2025,ligue1,Nantes,Paris FC,1,2,finished,csv_cached,,5.0,10.0,1.0,3.0,16.0,14.0,1.0,3.0,0.0,0.0
ligue1-2025-2026-01-18-rennes-v-le-havre,2026-01-18,2025,ligue1,Rennes,Le Havre,1,1,finished,csv_cached,,19.0,7.0,7.0,4.0,18.0,14.0,1.0,4.0,0.0,0.0
ligue1-2025-2026-01-18-lyon-v-brest,2026-01-18,2025,ligue1,Lyon,Brest,2,1,finished,csv_cached,,19.0,5.0,6.0,2.0,18.0,9.0,2.0,0.0,0.0,1.0
ligue1-2025-2026-01-23-auxerre-v-paris-sg,2026-01-23,2025,ligue1,Auxerre,Paris SG,0,1,finished,csv_cached,,8.0,16.0,0.0,8.0,10.0,12.0,0.0,1.0,0.0,0.0
ligue1-2025-2026-01-24-le-havre-v-monaco,2026-01-24,2025,ligue1,Le Havre,Monaco,0,0,finished,csv_cached,,7.0,10.0,1.0,2.0,9.0,20.0,0.0,3.0,0.0,0.0
ligue1-2025-2026-01-24-marseille-v-lens,2026-01-24,2025,ligue1,Marseille,Lens,3,1,finished,csv_cached,,10.0,7.0,5.0,2.0,18.0,16.0,0.0,3.0,0.0,0.0
ligue1-2025-2026-01-24-rennes-v-lorient,2026-01-24,2025,ligue1,Rennes,Lorient,0,2,finished,csv_cached,,22.0,6.0,5.0,4.0,18.0,7.0,2.0,0.0,0.0,0.0
ligue1-2025-2026-01-25-paris-fc-v-angers,2026-01-25,2025,ligue1,Paris FC,Angers,0,0,finished,csv_cached,,8.0,7.0,1.0,1.0,14.0,7.0,1.0,1.0,0.0,0.0
ligue1-2025-2026-01-25-metz-v-lyon,2026-01-25,2025,ligue1,Metz,Lyon,2,5,finished,csv_cached,,15.0,13.0,6.0,10.0,10.0,5.0,1.0,0.0,0.0,0.0
ligue1-2025-2026-01-25-lille-v-strasbourg,2026-01-25,2025,ligue1,Lille,Strasbourg,1,4,finished,csv_cached,,20.0,15.0,6.0,6.0,11.0,13.0,2.0,2.0,0.0,0.0
ligue1-2025-2026-01-25-nantes-v-nice,2026-01-25,2025,ligue1,Nantes,Nice,1,4,finished,csv_cached,,20.0,7.0,5.0,4.0,11.0,15.0,2.0,3.0,0.0,0.0
ligue1-2025-2026-01-25-brest-v-toulouse,2026-01-25,2025,ligue1,Brest,Toulouse,0,2,finished,csv_cached,,13.0,8.0,5.0,5.0,16.0,16.0,2.0,3.0,0.0,0.0
ligue1-2025-2026-01-30-lens-v-le-havre,2026-01-30,2025,ligue1,Lens,Le Havre,1,0,finished,csv_cached,,15.0,8.0,3.0,2.0,20.0,10.0,1.0,2.0,0.0,0.0
ligue1-2025-2026-01-31-paris-fc-v-marseille,2026-01-31,2025,ligue1,Paris FC,Marseille,2,2,finished,csv_cached,,9.0,18.0,4.0,4.0,12.0,15.0,1.0,4.0,0.0,0.0
ligue1-2025-2026-01-31-lorient-v-nantes,2026-01-31,2025,ligue1,Lorient,Nantes,2,1,finished,csv_cached,,5.0,10.0,4.0,2.0,12.0,18.0,4.0,5.0,0.0,0.0
ligue1-2025-2026-01-31-monaco-v-rennes,2026-01-31,2025,ligue1,Monaco,Rennes,4,0,finished,csv_cached,,14.0,8.0,6.0,4.0,15.0,9.0,1.0,2.0,0.0,0.0
ligue1-2025-2026-02-01-lyon-v-lille,2026-02-01,2025,ligue1,Lyon,Lille,1,0,finished,csv_cached,,4.0,11.0,2.0,4.0,15.0,11.0,1.0,4.0,0.0,0.0
ligue1-2025-2026-02-01-angers-v-metz,2026-02-01,2025,ligue1,Angers,Metz,1,0,finished,csv_cached,,17.0,5.0,7.0,0.0,11.0,11.0,2.0,2.0,0.0,1.0
ligue1-2025-2026-02-01-nice-v-brest,2026-02-01,2025,ligue1,Nice,Brest,2,2,finished,csv_cached,,15.0,12.0,7.0,2.0,15.0,21.0,5.0,3.0,0.0,0.0
ligue1-2025-2026-02-01-toulouse-v-auxerre,2026-02-01,2025,ligue1,Toulouse,Auxerre,0,0,finished,csv_cached,,12.0,8.0,4.0,2.0,12.0,13.0,1.0,2.0,0.0,0.0
ligue1-2025-2026-02-01-strasbourg-v-paris-sg,2026-02-01,2025,ligue1,Strasbourg,Paris SG,1,2,finished,csv_cached,,9.0,13.0,4.0,4.0,8.0,6.0,1.0,0.0,0.0,1.0
ligue1-2025-2026-02-06-metz-v-lille,2026-02-06,2025,ligue1,Metz,Lille,0,0,finished,csv_cached,,6.0,16.0,2.0,1.0,12.0,9.0,1.0,1.0,0.0,0.0
ligue1-2025-2026-02-07-lens-v-rennes,2026-02-07,2025,ligue1,Lens,Rennes,3,1,finished,csv_cached,,10.0,14.0,3.0,1.0,13.0,17.0,4.0,2.0,1.0,0.0
ligue1-2025-2026-02-07-brest-v-lorient,2026-02-07,2025,ligue1,Brest,Lorient,2,0,finished,csv_cached,,11.0,13.0,5.0,2.0,11.0,10.0,2.0,0.0,0.0,0.0
ligue1-2025-2026-02-07-nantes-v-lyon,2026-02-07,2025,ligue1,Nantes,Lyon,0,1,finished,csv_cached,,13.0,10.0,2.0,3.0,13.0,11.0,4.0,2.0,0.0,1.0
ligue1-2025-2026-02-08-paris-sg-v-marseille,2026-02-08,2025,ligue1,Paris SG,Marseille,5,0,finished,csv_cached,,22.0,9.0,7.0,3.0,11.0,18.0,2.0,2.0,0.0,0.0
ligue1-2025-2026-02-08-le-havre-v-strasbourg,2026-02-08,2025,ligue1,Le Havre,Strasbourg,2,1,finished,csv_cached,,15.0,10.0,7.0,3.0,15.0,12.0,2.0,1.0,0.0,1.0
ligue1-2025-2026-02-08-angers-v-toulouse,2026-02-08,2025,ligue1,Angers,Toulouse,1,0,finished,csv_cached,,12.0,12.0,4.0,5.0,11.0,16.0,3.0,2.0,0.0,0.0
ligue1-2025-2026-02-08-auxerre-v-paris-fc,2026-02-08,2025,ligue1,Auxerre,Paris FC,0,0,finished,csv_cached,,12.0,8.0,2.0,4.0,8.0,12.0,1.0,4.0,0.0,0.0
ligue1-2025-2026-02-08-nice-v-monaco,2026-02-08,2025,ligue1,Nice,Monaco,0,0,finished,csv_cached,,13.0,10.0,3.0,2.0,10.0,11.0,2.0,2.0,0.0,0.0
ligue1-2025-2026-02-13-rennes-v-paris-sg,2026-02-13,2025,ligue1,Rennes,Paris SG,3,1,finished,csv_cached,,13.0,22.0,4.0,7.0,10.0,9.0,0.0,0.0,0.0,0.0
ligue1-2025-2026-02-13-monaco-v-nantes,2026-02-13,2025,ligue1,Monaco,Nantes,3,1,finished,csv_cached,,12.0,13.0,6.0,2.0,15.0,8.0,5.0,2.0,1.0,0.0
ligue1-2025-2026-02-14-marseille-v-strasbourg,2026-02-14,2025,ligue1,Marseille,Strasbourg,2,2,finished,csv_cached,,10.0,12.0,6.0,4.0,11.0,10.0,4.0,2.0,0.0,0.0
ligue1-2025-2026-02-14-lille-v-brest,2026-02-14,2025,ligue1,Lille,Brest,1,1,finished,csv_cached,,20.0,11.0,5.0,4.0,6.0,12.0,0.0,1.0,0.0,0.0
ligue1-2025-2026-02-14-paris-fc-v-lens,2026-02-14,2025,ligue1,Paris FC,Lens,0,5,finished,csv_cached,,11.0,17.0,6.0,6.0,13.0,9.0,2.0,1.0,0.0,0.0
ligue1-2025-2026-02-15-lyon-v-nice,2026-02-15,2025,ligue1,Lyon,Nice,2,0,finished,csv_cached,,9.0,10.0,2.0,3.0,16.0,12.0,3.0,1.0,0.0,0.0
ligue1-2025-2026-02-15-metz-v-auxerre,2026-02-15,2025,ligue1,Metz,Auxerre,1,3,finished,csv_cached,,13.0,14.0,4.0,3.0,13.0,12.0,2.0,3.0,0.0,0.0
ligue1-2025-2026-02-15-lorient-v-angers,2026-02-15,2025,ligue1,Lorient,Angers,2,0,finished,csv_cached,,8.0,10.0,2.0,3.0,7.0,8.0,0.0,0.0,0.0,0.0
ligue1-2025-2026-02-15-le-havre-v-toulouse,2026-02-15,2025,ligue1,Le Havre,Toulouse,2,1,finished,csv_cached,,5.0,25.0,2.0,9.0,7.0,16.0,1.0,4.0,1.0,0.0
ligue1-2025-2026-02-20-brest-v-marseille,2026-02-20,2025,ligue1,Brest,Marseille,2,0,finished,csv_cached,,12.0,17.0,4.0,4.0,10.0,17.0,1.0,4.0,0.0,0.0
ligue1-2025-2026-02-21-paris-sg-v-metz,2026-02-21,2025,ligue1,Paris SG,Metz,3,0,finished,csv_cached,,17.0,3.0,7.0,0.0,9.0,15.0,0.0,2.0,0.0,0.0
ligue1-2025-2026-02-21-lens-v-monaco,2026-02-21,2025,ligue1,Lens,Monaco,2,3,finished,csv_cached,,18.0,10.0,7.0,5.0,13.0,12.0,2.0,1.0,0.0,0.0
ligue1-2025-2026-02-21-toulouse-v-paris-fc,2026-02-21,2025,ligue1,Toulouse,Paris FC,1,1,finished,csv_cached,,23.0,5.0,10.0,2.0,13.0,7.0,1.0,5.0,0.0,0.0
ligue1-2025-2026-02-22-auxerre-v-rennes,2026-02-22,2025,ligue1,Auxerre,Rennes,0,3,finished,csv_cached,,11.0,12.0,2.0,7.0,17.0,22.0,1.0,4.0,0.0,0.0
ligue1-2025-2026-02-22-angers-v-lille,2026-02-22,2025,ligue1,Angers,Lille,0,1,finished,csv_cached,,6.0,14.0,2.0,5.0,14.0,11.0,3.0,1.0,0.0,0.0
ligue1-2025-2026-02-22-nantes-v-le-havre,2026-02-22,2025,ligue1,Nantes,Le Havre,2,0,finished,csv_cached,,9.0,6.0,2.0,1.0,17.0,13.0,4.0,3.0,0.0,0.0
ligue1-2025-2026-02-22-nice-v-lorient,2026-02-22,2025,ligue1,Nice,Lorient,3,3,finished,csv_cached,,8.0,17.0,4.0,5.0,15.0,4.0,2.0,3.0,0.0,0.0
ligue1-2025-2026-02-22-strasbourg-v-lyon,2026-02-22,2025,ligue1,Strasbourg,Lyon,3,1,finished,csv_cached,,13.0,4.0,7.0,2.0,11.0,12.0,1.0,2.0,0.0,0.0
ligue1-2025-2026-02-27-strasbourg-v-lens,2026-02-27,2025,ligue1,Strasbourg,Lens,1,1,finished,csv_cached,,8.0,25.0,5.0,5.0,9.0,8.0,2.0,2.0,0.0,0.0
ligue1-2025-2026-02-28-rennes-v-toulouse,2026-02-28,2025,ligue1,Rennes,Toulouse,1,0,finished,csv_cached,,10.0,9.0,2.0,2.0,9.0,13.0,1.0,3.0,0.0,0.0
ligue1-2025-2026-02-28-monaco-v-angers,2026-02-28,2025,ligue1,Monaco,Angers,2,0,finished,csv_cached,,10.0,6.0,4.0,2.0,9.0,10.0,0.0,3.0,0.0,0.0
ligue1-2025-2026-02-28-le-havre-v-paris-sg,2026-02-28,2025,ligue1,Le Havre,Paris SG,0,1,finished,csv_cached,,10.0,22.0,2.0,9.0,12.0,10.0,3.0,0.0,0.0,0.0
ligue1-2025-2026-03-01-lille-v-nantes,2026-03-01,2025,ligue1,Lille,Nantes,1,0,finished,csv_cached,,9.0,3.0,3.0,1.0,11.0,15.0,3.0,1.0,0.0,0.0
ligue1-2025-2026-03-01-paris-fc-v-nice,2026-03-01,2025,ligue1,Paris FC,Nice,1,0,finished,csv_cached,,16.0,11.0,6.0,3.0,7.0,8.0,6.0,3.0,1.0,0.0
ligue1-2025-2026-03-01-marseille-v-lyon,2026-03-01,2025,ligue1,Marseille,Lyon,3,2,finished,csv_cached,,18.0,12.0,7.0,6.0,16.0,8.0,3.0,2.0,0.0,0.0
ligue1-2025-2026-03-01-lorient-v-auxerre,2026-03-01,2025,ligue1,Lorient,Auxerre,2,2,finished,csv_cached,,15.0,10.0,5.0,3.0,11.0,10.0,1.0,3.0,0.0,0.0
ligue1-2025-2026-03-01-metz-v-brest,2026-03-01,2025,ligue1,Metz,Brest,0,1,finished,csv_cached,,24.0,6.0,6.0,1.0,14.0,11.0,2.0,1.0,0.0,1.0
ligue1-2025-2026-03-06-paris-sg-v-monaco,2026-03-06,2025,ligue1,Paris SG,Monaco,1,3,finished,csv_cached,,20.0,11.0,6.0,6.0,12.0,6.0,1.0,3.0,0.0,0.0
ligue1-2025-2026-03-07-nantes-v-angers,2026-03-07,2025,ligue1,Nantes,Angers,0,1,finished,csv_cached,,13.0,11.0,3.0,4.0,14.0,19.0,1.0,1.0,0.0,0.0
ligue1-2025-2026-03-07-auxerre-v-strasbourg,2026-03-07,2025,ligue1,Auxerre,Strasbourg,0,0,finished,csv_cached,,10.0,13.0,4.0,5.0,10.0,11.0,1.0,2.0,0.0,0.0
ligue1-2025-2026-03-07-toulouse-v-marseille,2026-03-07,2025,ligue1,Toulouse,Marseille,0,1,finished,csv_cached,,12.0,10.0,2.0,3.0,15.0,14.0,2.0,3.0,0.0,0.0
ligue1-2025-2026-03-08-lens-v-metz,2026-03-08,2025,ligue1,Lens,Metz,3,0,finished,csv_cached,,24.0,5.0,7.0,0.0,12.0,17.0,0.0,3.0,0.0,0.0
ligue1-2025-2026-03-08-brest-v-le-havre,2026-03-08,2025,ligue1,Brest,Le Havre,2,0,finished,csv_cached,,11.0,14.0,2.0,0.0,15.0,17.0,3.0,1.0,0.0,0.0
ligue1-2025-2026-03-08-lille-v-lorient,2026-03-08,2025,ligue1,Lille,Lorient,1,1,finished,csv_cached,,12.0,9.0,2.0,5.0,14.0,13.0,4.0,1.0,0.0,0.0
ligue1-2025-2026-03-08-nice-v-rennes,2026-03-08,2025,ligue1,Nice,Rennes,0,4,finished,csv_cached,,14.0,12.0,2.0,6.0,9.0,8.0,2.0,1.0,0.0,0.0
ligue1-2025-2026-03-08-lyon-v-paris-fc,2026-03-08,2025,ligue1,Lyon,Paris FC,1,1,finished,csv_cached,,14.0,14.0,4.0,4.0,7.0,9.0,2.0,0.0,0.0,0.0
ligue1-2025-2026-03-13-marseille-v-auxerre,2026-03-13,2025,ligue1,Marseille,Auxerre,1,0,finished,csv_cached,,16.0,8.0,3.0,3.0,12.0,17.0,4.0,2.0,0.0,0.0
ligue1-2025-2026-03-14-monaco-v-brest,2026-03-14,2025,ligue1,Monaco,Brest,2,0,finished,csv_cached,,10.0,13.0,4.0,1.0,9.0,8.0,2.0,1.0,0.0,0.0
ligue1-2025-2026-03-14-lorient-v-lens,2026-03-14,2025,ligue1,Lorient,Lens,2,1,finished,csv_cached,,6.0,20.0,3.0,6.0,6.0,11.0,2.0,3.0,0.0,0.0
ligue1-2025-2026-03-14-angers-v-nice,2026-03-14,2025,ligue1,Angers,Nice,0,2,finished,csv_cached,,11.0,12.0,1.0,8.0,10.0,13.0,1.0,3.0,0.0,0.0
ligue1-2025-2026-03-15-rennes-v-lille,2026-03-15,2025,ligue1,Rennes,Lille,1,2,finished,csv_cached,,12.0,8.0,4.0,3.0,16.0,7.0,2.0,5.0,0.0,0.0
ligue1-2025-2026-03-15-le-havre-v-lyon,2026-03-15,2025,ligue1,Le Havre,Lyon,0,0,finished,csv_cached,,12.0,13.0,4.0,4.0,7.0,16.0,1.0,3.0,1.0,0.0
ligue1-2025-2026-03-15-strasbourg-v-paris-fc,2026-03-15,2025,ligue1,Strasbourg,Paris FC,0,0,finished,csv_cached,,12.0,11.0,3.0,2.0,11.0,17.0,1.0,0.0,0.0,0.0
ligue1-2025-2026-03-15-metz-v-toulouse,2026-03-15,2025,ligue1,Metz,Toulouse,3,4,finished,csv_cached,,17.0,19.0,8.0,6.0,10.0,13.0,0.0,3.0,0.0,0.0
ligue1-2025-2026-03-20-lens-v-angers,2026-03-20,2025,ligue1,Lens,Angers,5,1,finished,csv_cached,,26.0,16.0,9.0,5.0,7.0,5.0,0.0,0.0,0.0,0.0
ligue1-2025-2026-03-21-toulouse-v-lorient,2026-03-21,2025,ligue1,Toulouse,Lorient,1,0,finished,csv_cached,,12.0,7.0,4.0,2.0,9.0,10.0,2.0,3.0,0.0,0.0
ligue1-2025-2026-03-21-auxerre-v-brest,2026-03-21,2025,ligue1,Auxerre,Brest,3,0,finished,csv_cached,,11.0,9.0,7.0,2.0,10.0,14.0,0.0,4.0,1.0,0.0
ligue1-2025-2026-03-21-nice-v-paris-sg,2026-03-21,2025,ligue1,Nice,Paris SG,0,4,finished,csv_cached,,6.0,17.0,1.0,10.0,12.0,5.0,0.0,1.0,1.0,0.0
ligue1-2025-2026-03-22-rennes-v-metz,2026-03-22,2025,ligue1,Rennes,Metz,0,0,finished,csv_cached,,25.0,7.0,8.0,2.0,13.0,13.0,1.0,3.0,0.0,0.0
ligue1-2025-2026-03-22-paris-fc-v-le-havre,2026-03-22,2025,ligue1,Paris FC,Le Havre,3,2,finished,csv_cached,,15.0,20.0,4.0,6.0,9.0,13.0,0.0,1.0,1.0,0.0
ligue1-2025-2026-03-22-nantes-v-strasbourg,2026-03-22,2025,ligue1,Nantes,Strasbourg,2,3,finished,csv_cached,,14.0,13.0,9.0,9.0,15.0,17.0,3.0,3.0,0.0,0.0
ligue1-2025-2026-03-22-lyon-v-monaco,2026-03-22,2025,ligue1,Lyon,Monaco,1,2,finished,csv_cached,,15.0,21.0,4.0,7.0,11.0,19.0,1.0,3.0,1.0,0.0
ligue1-2025-2026-03-22-marseille-v-lille,2026-03-22,2025,ligue1,Marseille,Lille,1,2,finished,csv_cached,,14.0,11.0,3.0,4.0,8.0,6.0,1.0,3.0,0.0,0.0
ligue1-2025-2026-04-03-paris-sg-v-toulouse,2026-04-03,2025,ligue1,Paris SG,Toulouse,3,1,finished,csv_cached,,17.0,5.0,7.0,1.0,4.0,13.0,0.0,1.0,0.0,0.0
ligue1-2025-2026-04-04-brest-v-rennes,2026-04-04,2025,ligue1,Brest,Rennes,3,4,finished,csv_cached,,10.0,15.0,4.0,7.0,13.0,11.0,2.0,4.0,0.0,0.0
ligue1-2025-2026-04-04-lille-v-lens,2026-04-04,2025,ligue1,Lille,Lens,3,0,finished,csv_cached,,13.0,5.0,7.0,1.0,9.0,13.0,3.0,2.0,0.0,0.0
ligue1-2025-2026-04-04-strasbourg-v-nice,2026-04-04,2025,ligue1,Strasbourg,Nice,3,1,finished,csv_cached,,16.0,8.0,6.0,3.0,7.0,15.0,0.0,2.0,0.0,0.0
ligue1-2025-2026-04-05-angers-v-lyon,2026-04-05,2025,ligue1,Angers,Lyon,0,0,finished,csv_cached,,7.0,11.0,1.0,2.0,14.0,13.0,3.0,0.0,0.0,0.0
ligue1-2025-2026-04-05-le-havre-v-auxerre,2026-04-05,2025,ligue1,Le Havre,Auxerre,1,1,finished,csv_cached,,10.0,12.0,3.0,2.0,16.0,21.0,2.0,2.0,0.0,0.0
ligue1-2025-2026-04-05-lorient-v-paris-fc,2026-04-05,2025,ligue1,Lorient,Paris FC,1,1,finished,csv_cached,,10.0,7.0,3.0,5.0,8.0,6.0,1.0,2.0,0.0,0.0
ligue1-2025-2026-04-05-metz-v-nantes,2026-04-05,2025,ligue1,Metz,Nantes,0,0,finished,csv_cached,,19.0,6.0,5.0,2.0,14.0,10.0,2.0,1.0,0.0,1.0
ligue1-2025-2026-04-05-monaco-v-marseille,2026-04-05,2025,ligue1,Monaco,Marseille,2,1,finished,csv_cached,,7.0,19.0,3.0,9.0,14.0,9.0,2.0,2.0,0.0,0.0
ligue1-2025-2026-04-10-paris-fc-v-monaco,2026-04-10,2025,ligue1,Paris FC,Monaco,4,1,finished,csv_cached,,12.0,19.0,6.0,5.0,5.0,6.0,1.0,0.0,0.0,0.0
ligue1-2025-2026-04-10-marseille-v-metz,2026-04-10,2025,ligue1,Marseille,Metz,3,1,finished,csv_cached,,18.0,6.0,9.0,2.0,12.0,8.0,1.0,2.0,0.0,0.0
ligue1-2025-2026-04-11-rennes-v-angers,2026-04-11,2025,ligue1,Rennes,Angers,2,1,finished,csv_cached,,15.0,6.0,7.0,4.0,9.0,15.0,0.0,2.0,0.0,0.0
ligue1-2025-2026-04-11-auxerre-v-nantes,2026-04-11,2025,ligue1,Auxerre,Nantes,0,0,finished,csv_cached,,5.0,13.0,0.0,4.0,20.0,15.0,0.0,4.0,0.0,0.0
ligue1-2025-2026-04-12-lyon-v-lorient,2026-04-12,2025,ligue1,Lyon,Lorient,2,0,finished,csv_cached,,11.0,12.0,5.0,6.0,17.0,14.0,4.0,1.0,0.0,0.0
ligue1-2025-2026-04-12-nice-v-le-havre,2026-04-12,2025,ligue1,Nice,Le Havre,1,1,finished,csv_cached,,15.0,11.0,5.0,6.0,20.0,14.0,1.0,1.0,0.0,0.0
ligue1-2025-2026-04-12-toulouse-v-lille,2026-04-12,2025,ligue1,Toulouse,Lille,0,4,finished,csv_cached,,9.0,15.0,1.0,9.0,13.0,12.0,2.0,0.0,1.0,0.0
ligue1-2025-2026-04-17-lens-v-toulouse,2026-04-17,2025,ligue1,Lens,Toulouse,3,2,finished,csv_cached,,41.0,5.0,13.0,2.0,9.0,15.0,1.0,1.0,0.0,1.0
ligue1-2025-2026-04-18-lille-v-nice,2026-04-18,2025,ligue1,Lille,Nice,0,0,finished,csv_cached,,9.0,5.0,2.0,1.0,9.0,10.0,3.0,1.0,0.0,0.0
ligue1-2025-2026-04-18-lorient-v-marseille,2026-04-18,2025,ligue1,Lorient,Marseille,2,0,finished,csv_cached,,11.0,16.0,4.0,2.0,6.0,10.0,0.0,3.0,0.0,0.0
ligue1-2025-2026-04-18-angers-v-le-havre,2026-04-18,2025,ligue1,Angers,Le Havre,1,1,finished,csv_cached,,11.0,16.0,5.0,8.0,15.0,20.0,1.0,3.0,0.0,1.0
ligue1-2025-2026-04-19-monaco-v-auxerre,2026-04-19,2025,ligue1,Monaco,Auxerre,2,2,finished,csv_cached,,15.0,12.0,6.0,7.0,19.0,8.0,2.0,3.0,0.0,0.0
ligue1-2025-2026-04-19-metz-v-paris-fc,2026-04-19,2025,ligue1,Metz,Paris FC,1,3,finished,csv_cached,,13.0,15.0,6.0,7.0,9.0,8.0,2.0,2.0,0.0,0.0
ligue1-2025-2026-04-19-nantes-v-brest,2026-04-19,2025,ligue1,Nantes,Brest,1,1,finished,csv_cached,,17.0,4.0,4.0,2.0,13.0,17.0,2.0,2.0,1.0,0.0
ligue1-2025-2026-04-19-strasbourg-v-rennes,2026-04-19,2025,ligue1,Strasbourg,Rennes,0,3,finished,csv_cached,,9.0,26.0,1.0,9.0,10.0,12.0,0.0,1.0,0.0,0.0
ligue1-2025-2026-04-19-paris-sg-v-lyon,2026-04-19,2025,ligue1,Paris SG,Lyon,1,2,finished,csv_cached,,23.0,6.0,6.0,5.0,10.0,8.0,5.0,1.0,0.0,0.0
ligue1-2025-2026-04-22-paris-sg-v-nantes,2026-04-22,2025,ligue1,Paris SG,Nantes,3,0,finished,csv_cached,,14.0,11.0,6.0,4.0,11.0,8.0,2.0,1.0,0.0,0.0
ligue1-2025-2026-04-24-brest-v-lens,2026-04-24,2025,ligue1,Brest,Lens,3,3,finished,csv_cached,,6.0,25.0,3.0,7.0,7.0,11.0,3.0,3.0,0.0,0.0
ligue1-2025-2026-04-25-toulouse-v-monaco,2026-04-25,2025,ligue1,Toulouse,Monaco,2,2,finished,csv_cached,,18.0,8.0,5.0,5.0,17.0,10.0,3.0,2.0,0.0,0.0
ligue1-2025-2026-04-25-lyon-v-auxerre,2026-04-25,2025,ligue1,Lyon,Auxerre,3,2,finished,csv_cached,,12.0,9.0,6.0,2.0,11.0,15.0,1.0,2.0,0.0,0.0
ligue1-2025-2026-04-25-angers-v-paris-sg,2026-04-25,2025,ligue1,Angers,Paris SG,0,3,finished,csv_cached,,6.0,17.0,1.0,10.0,9.0,3.0,0.0,2.0,0.0,1.0
ligue1-2025-2026-04-26-paris-fc-v-lille,2026-04-26,2025,ligue1,Paris FC,Lille,0,1,finished,csv_cached,,7.0,10.0,2.0,4.0,12.0,10.0,6.0,3.0,1.0,0.0
ligue1-2025-2026-04-26-marseille-v-nice,2026-04-26,2025,ligue1,Marseille,Nice,1,1,finished,csv_cached,,24.0,5.0,6.0,2.0,14.0,7.0,4.0,1.0,0.0,0.0
ligue1-2025-2026-04-26-rennes-v-nantes,2026-04-26,2025,ligue1,Rennes,Nantes,2,1,finished,csv_cached,,14.0,24.0,5.0,8.0,15.0,15.0,3.0,2.0,0.0,0.0
ligue1-2025-2026-04-26-le-havre-v-metz,2026-04-26,2025,ligue1,Le Havre,Metz,4,4,finished,csv_cached,,14.0,12.0,5.0,5.0,12.0,12.0,3.0,1.0,0.0,0.0
ligue1-2025-2026-04-26-lorient-v-strasbourg,2026-04-26,2025,ligue1,Lorient,Strasbourg,2,3,finished,csv_cached,,14.0,11.0,6.0,5.0,9.0,16.0,1.0,2.0,0.0,0.0
ligue1-2025-2026-05-02-metz-v-monaco,2026-05-02,2025,ligue1,Metz,Monaco,1,2,finished,csv_cached,,13.0,15.0,1.0,3.0,10.0,15.0,0.0,2.0,0.0,0.0
ligue1-2025-2026-05-02-nantes-v-marseille,2026-05-02,2025,ligue1,Nantes,Marseille,3,0,finished,csv_cached,,17.0,16.0,6.0,8.0,12.0,11.0,1.0,3.0,0.0,0.0
ligue1-2025-2026-05-02-paris-sg-v-lorient,2026-05-02,2025,ligue1,Paris SG,Lorient,2,2,finished,csv_cached,,24.0,5.0,6.0,3.0,9.0,7.0,1.0,1.0,0.0,0.0
ligue1-2025-2026-05-02-nice-v-lens,2026-05-02,2025,ligue1,Nice,Lens,1,1,finished,csv_cached,,9.0,16.0,2.0,4.0,11.0,10.0,2.0,3.0,0.0,1.0
ligue1-2025-2026-05-03-strasbourg-v-toulouse,2026-05-03,2025,ligue1,Strasbourg,Toulouse,1,2,finished,csv_cached,,9.0,16.0,4.0,6.0,7.0,15.0,1.0,3.0,0.0,0.0
ligue1-2025-2026-05-03-paris-fc-v-brest,2026-05-03,2025,ligue1,Paris FC,Brest,4,0,finished,csv_cached,,17.0,10.0,8.0,1.0,10.0,8.0,2.0,1.0,0.0,0.0
ligue1-2025-2026-05-03-lyon-v-rennes,2026-05-03,2025,ligue1,Lyon,Rennes,4,2,finished,csv_cached,,16.0,8.0,9.0,5.0,10.0,14.0,0.0,3.0,0.0,0.0
ligue1-2025-2026-05-03-lille-v-le-havre,2026-05-03,2025,ligue1,Lille,Le Havre,1,1,finished,csv_cached,,22.0,2.0,10.0,2.0,9.0,15.0,2.0,3.0,0.0,0.0
ligue1-2025-2026-05-03-auxerre-v-angers,2026-05-03,2025,ligue1,Auxerre,Angers,3,1,finished,csv_cached,,19.0,9.0,10.0,3.0,12.0,2.0,2.0,4.0,0.0,1.0
ligue1-2025-2026-05-08-lens-v-nantes,2026-05-08,2025,ligue1,Lens,Nantes,1,0,finished,csv_cached,,14.0,15.0,5.0,3.0,15.0,15.0,2.0,1.0,0.0,0.0
ligue1-2025-2026-05-10-monaco-v-lille,2026-05-10,2025,ligue1,Monaco,Lille,0,1,finished,csv_cached,,7.0,7.0,3.0,2.0,13.0,10.0,1.0,3.0,0.0,0.0
ligue1-2025-2026-05-10-metz-v-lorient,2026-05-10,2025,ligue1,Metz,Lorient,0,4,finished,csv_cached,,8.0,14.0,2.0,7.0,8.0,8.0,2.0,2.0,0.0,0.0
ligue1-2025-2026-05-10-auxerre-v-nice,2026-05-10,2025,ligue1,Auxerre,Nice,2,1,finished,csv_cached,,12.0,10.0,4.0,6.0,15.0,9.0,1.0,0.0,0.0,0.0
ligue1-2025-2026-05-10-angers-v-strasbourg,2026-05-10,2025,ligue1,Angers,Strasbourg,1,1,finished,csv_cached,,11.0,15.0,4.0,6.0,16.0,13.0,2.0,2.0,0.0,0.0
ligue1-2025-2026-05-10-paris-sg-v-brest,2026-05-10,2025,ligue1,Paris SG,Brest,1,0,finished,csv_cached,,23.0,3.0,6.0,2.0,5.0,12.0,0.0,0.0,0.0,0.0
ligue1-2025-2026-05-10-toulouse-v-lyon,2026-05-10,2025,ligue1,Toulouse,Lyon,2,1,finished,csv_cached,,14.0,18.0,6.0,3.0,20.0,9.0,6.0,2.0,1.0,0.0
ligue1-2025-2026-05-10-le-havre-v-marseille,2026-05-10,2025,ligue1,Le Havre,Marseille,0,1,finished,csv_cached,,10.0,8.0,2.0,3.0,20.0,22.0,4.0,2.0,0.0,0.0
ligue1-2025-2026-05-10-rennes-v-paris-fc,2026-05-10,2025,ligue1,Rennes,Paris FC,2,1,finished,csv_cached,,14.0,11.0,5.0,1.0,13.0,11.0,0.0,2.0,0.0,0.0
ligue1-2025-2026-05-13-brest-v-strasbourg,2026-05-13,2025,ligue1,Brest,Strasbourg,1,2,finished,csv_cached,,21.0,10.0,6.0,5.0,10.0,11.0,0.0,1.0,0.0,0.0
ligue1-2025-2026-05-13-lens-v-paris-sg,2026-05-13,2025,ligue1,Lens,Paris SG,0,2,finished,csv_cached,,25.0,10.0,10.0,3.0,9.0,3.0,0.0,1.0,0.0,0.0
ligue1-2025-2026-05-17-strasbourg-v-monaco,2026-05-17,2025,ligue1,Strasbourg,Monaco,5,4,finished,csv_cached,,15.0,21.0,7.0,8.0,7.0,11.0,1.0,2.0,0.0,0.0
ligue1-2025-2026-05-17-nice-v-metz,2026-05-17,2025,ligue1,Nice,Metz,0,0,finished,csv_cached,,22.0,16.0,4.0,4.0,11.0,15.0,2.0,1.0,0.0,0.0
ligue1-2025-2026-05-17-nantes-v-toulouse,2026-05-17,2025,ligue1,Nantes,Toulouse,0,0,finished,csv_cached,,2.0,2.0,1.0,1.0,3.0,5.0,0.0,0.0,0.0,0.0
ligue1-2025-2026-05-17-marseille-v-rennes,2026-05-17,2025,ligue1,Marseille,Rennes,3,1,finished,csv_cached,,27.0,27.0,11.0,6.0,11.0,10.0,3.0,1.0,0.0,0.0
ligue1-2025-2026-05-17-paris-fc-v-paris-sg,2026-05-17,2025,ligue1,Paris FC,Paris SG,2,1,finished,csv_cached,,17.0,9.0,9.0,2.0,8.0,9.0,2.0,1.0,0.0,0.0
ligue1-2025-2026-05-17-lorient-v-le-havre,2026-05-17,2025,ligue1,Lorient,Le Havre,0,2,finished,csv_cached,,12.0,7.0,2.0,4.0,11.0,11.0,2.0,1.0,0.0,0.0
ligue1-2025-2026-05-17-lille-v-auxerre,2026-05-17,2025,ligue1,Lille,Auxerre,0,2,finished,csv_cached,,12.0,7.0,3.0,4.0,9.0,16.0,3.0,2.0,0.0,0.0
ligue1-2025-2026-05-17-brest-v-angers,2026-05-17,2025,ligue1,Brest,Angers,1,1,finished,csv_cached,,18.0,8.0,5.0,2.0,9.0,8.0,1.0,1.0,0.0,0.0
ligue1-2025-2026-05-17-lyon-v-lens,2026-05-17,2025,ligue1,Lyon,Lens,0,4,finished,csv_cached,,16.0,14.0,4.0,4.0,10.0,11.0,1.0,4.0,0.0,0.0
ligue1-2026-2026-08-21-marseille-v-strasbourg,2026-08-21,2026,ligue1,Marseille,Strasbourg,4,0,finished,csv_cached,,14.0,5.0,8.0,2.0,6.0,12.0,1.0,2.0,0.0,1.0
ligue1-2026-2026-08-22-lens-v-auxerre,2026-08-22,2026,ligue1,Lens,Auxerre,5,2,finished,csv_cached,,12.0,10.0,9.0,4.0,6.0,21.0,1.0,1.0,0.0,1.0
ligue1-2026-2026-08-22-le-mans-v-brest,2026-08-22,2026,ligue1,Le Mans,Brest,2,2,finished,csv_cached,,8.0,26.0,5.0,7.0,14.0,12.0,1.0,1.0,0.0,0.0
ligue1-2026-2026-08-22-nice-v-lorient,2026-08-22,2026,ligue1,Nice,Lorient,0,0,finished,csv_cached,,14.0,10.0,1.0,2.0,15.0,8.0,1.0,0.0,0.0,0.0
ligue1-2026-2026-08-22-toulouse-v-lyon,2026-08-22,2026,ligue1,Toulouse,Lyon,0,2,finished,csv_cached,,17.0,11.0,2.0,3.0,15.0,15.0,1.0,2.0,0.0,0.0
ligue1-2026-2026-08-22-troyes-v-paris-fc,2026-08-22,2026,ligue1,Troyes,Paris FC,0,0,finished,csv_cached,,9.0,10.0,2.0,1.0,8.0,14.0,2.0,1.0,0.0,0.0
ligue1-2026-2026-08-23-angers-v-lille,2026-08-23,2026,ligue1,Angers,Lille,0,2,finished,csv_cached,,20.0,11.0,2.0,8.0,11.0,13.0,2.0,2.0,0.0,0.0
ligue1-2026-2026-08-23-le-havre-v-monaco,2026-08-23,2026,ligue1,Le Havre,Monaco,0,1,finished,csv_cached,,15.0,15.0,4.0,7.0,13.0,12.0,3.0,2.0,0.0,0.0
ligue1-2026-2026-08-23-rennes-v-paris-sg,2026-08-23,2026,ligue1,Rennes,Paris SG,2,2,finished,csv_cached,,9.0,19.0,3.0,5.0,7.0,6.0,2.0,2.0,0.0,0.0
ligue1-2026-2026-08-28-lille-v-paris-sg,2026-08-28,2026,ligue1,Lille,Paris SG,2,2,finished,csv_cached,,9.0,18.0,4.0,4.0,11.0,7.0,2.0,1.0,0.0,0.0
ligue1-2026-2026-08-29-lorient-v-troyes,2026-08-29,2026,ligue1,Lorient,Troyes,1,2,finished,csv_cached,,15.0,11.0,6.0,2.0,9.0,11.0,0.0,0.0,0.0,0.0
ligue1-2026-2026-08-29-lyon-v-le-havre,2026-08-29,2026,ligue1,Lyon,Le Havre,1,1,finished,csv_cached,,16.0,12.0,5.0,4.0,7.0,16.0,0.0,2.0,0.0,0.0
ligue1-2026-2026-08-29-auxerre-v-angers,2026-08-29,2026,ligue1,Auxerre,Angers,1,3,finished,csv_cached,,20.0,15.0,7.0,6.0,16.0,6.0,3.0,2.0,0.0,0.0
ligue1-2026-2026-08-29-strasbourg-v-lens,2026-08-29,2026,ligue1,Strasbourg,Lens,2,1,finished,csv_cached,,16.0,17.0,7.0,7.0,10.0,11.0,2.0,2.0,0.0,0.0
ligue1-2026-2026-08-29-brest-v-toulouse,2026-08-29,2026,ligue1,Brest,Toulouse,2,2,finished,csv_cached,,26.0,6.0,7.0,2.0,19.0,18.0,2.0,3.0,0.0,0.0
ligue1-2026-2026-08-30-monaco-v-marseille,2026-08-30,2026,ligue1,Monaco,Marseille,2,0,finished,csv_cached,,11.0,13.0,5.0,2.0,9.0,10.0,4.0,0.0,0.0,0.0
ligue1-2026-2026-08-30-rennes-v-le-mans,2026-08-30,2026,ligue1,Rennes,Le Mans,3,2,finished,csv_cached,,22.0,12.0,8.0,5.0,15.0,15.0,3.0,2.0,0.0,1.0
ligue1-2026-2026-08-30-paris-fc-v-nice,2026-08-30,2026,ligue1,Paris FC,Nice,3,0,finished,csv_cached,,15.0,15.0,4.0,4.0,7.0,7.0,0.0,1.0,0.0,0.0
ligue1-2026-2026-09-03-toulouse-v-lille,2026-09-03,2026,ligue1,Toulouse,Lille,0,1,finished,csv_cached,,24.0,10.0,10.0,6.0,16.0,9.0,1.0,0.0,0.0,0.0
ligue1-2026-2026-09-04-lyon-v-auxerre,2026-09-04,2026,ligue1,Lyon,Auxerre,3,1,finished,csv_cached,,21.0,8.0,7.0,3.0,11.0,8.0,2.0,2.0,0.0,0.0
ligue1-2026-2026-09-04-paris-sg-v-monaco,2026-09-04,2026,ligue1,Paris SG,Monaco,1,2,finished,csv_cached,,23.0,4.0,10.0,2.0,9.0,11.0,1.0,1.0,0.0,0.0
ligue1-2026-2026-09-05-lens-v-lorient,2026-09-05,2026,ligue1,Lens,Lorient,0,1,finished,csv_cached,,17.0,8.0,6.0,3.0,18.0,6.0,4.0,1.0,1.0,0.0
ligue1-2026-2026-09-05-le-havre-v-brest,2026-09-05,2026,ligue1,Le Havre,Brest,1,2,finished,csv_cached,,18.0,19.0,4.0,9.0,15.0,18.0,1.0,1.0,1.0,0.0
ligue1-2026-2026-09-05-nice-v-le-mans,2026-09-05,2026,ligue1,Nice,Le Mans,1,1,finished,csv_cached,,8.0,8.0,2.0,3.0,4.0,11.0,2.0,2.0,0.0,0.0
ligue1-2026-2026-09-06-marseille-v-paris-fc,2026-09-06,2026,ligue1,Marseille,Paris FC,2,3,finished,csv_cached,,14.0,18.0,5.0,7.0,10.0,12.0,0.0,2.0,0.0,0.0
ligue1-2026-2026-09-06-angers-v-rennes,2026-09-06,2026,ligue1,Angers,Rennes,1,2,finished,csv_cached,,19.0,17.0,3.0,5.0,10.0,15.0,1.0,1.0,0.0,0.0
ligue1-2026-2026-09-06-troyes-v-strasbourg,2026-09-06,2026,ligue1,Troyes,Strasbourg,2,6,finished,csv_cached,,27.0,19.0,6.0,12.0,6.0,16.0,1.0,1.0,0.0,0.0
ligue1-2026-2026-09-11-rennes-v-marseille,2026-09-11,2026,ligue1,Rennes,Marseille,1,0,finished,csv_cached,,20.0,13.0,7.0,5.0,15.0,13.0,1.0,4.0,0.0,0.0
ligue1-2026-2026-09-12-lorient-v-toulouse,2026-09-12,2026,ligue1,Lorient,Toulouse,2,2,finished,csv_cached,,10.0,13.0,3.0,4.0,8.0,18.0,1.0,0.0,0.0,0.0
ligue1-2026-2026-09-12-le-havre-v-angers,2026-09-12,2026,ligue1,Le Havre,Angers,0,0,finished,csv_cached,,15.0,9.0,6.0,1.0,15.0,13.0,1.0,1.0,0.0,0.0
ligue1-2026-2026-09-12-paris-fc-v-lyon,2026-09-12,2026,ligue1,Paris FC,Lyon,0,0,finished,csv_cached,,6.0,5.0,4.0,1.0,19.0,13.0,2.0,1.0,0.0,0.0
ligue1-2026-2026-09-12-strasbourg-v-monaco,2026-09-12,2026,ligue1,Strasbourg,Monaco,1,1,finished,csv_cached,,13.0,12.0,2.0,3.0,9.0,10.0,1.0,1.0,0.0,0.0
ligue1-2026-2026-09-12-auxerre-v-nice,2026-09-12,2026,ligue1,Auxerre,Nice,1,0,finished,csv_cached,,11.0,12.0,7.0,4.0,9.0,7.0,1.0,1.0,0.0,0.0
ligue1-2026-2026-09-13-lille-v-troyes,2026-09-13,2026,ligue1,Lille,Troyes,2,0,finished,csv_cached,,13.0,8.0,6.0,1.0,11.0,20.0,1.0,0.0,0.0,0.0
ligue1-2026-2026-09-13-le-mans-v-lens,2026-09-13,2026,ligue1,Le Mans,Lens,2,2,finished,csv_cached,,13.0,16.0,5.0,6.0,17.0,11.0,2.0,3.0,0.0,0.0
ligue1-2026-2026-09-13-brest-v-paris-sg,2026-09-13,2026,ligue1,Brest,Paris SG,0,1,finished,csv_cached,,16.0,15.0,4.0,7.0,13.0,7.0,1.0,2.0,0.0,0.0
ligue1-2026-2026-09-18-monaco-v-lens,2026-09-18,2026,ligue1,Monaco,Lens,2,1,finished,csv_cached,,9.0,12.0,6.0,4.0,13.0,11.0,1.0,1.0,0.0,0.0
ligue1-2026-2026-09-19-toulouse-v-le-havre,2026-09-19,2026,ligue1,Toulouse,Le Havre,3,2,finished,csv_cached,,14.0,18.0,5.0,7.0,17.0,15.0,3.0,1.0,0.0,0.0
ligue1-2026-2026-09-19-angers-v-troyes,2026-09-19,2026,ligue1,Angers,Troyes,2,0,finished,csv_cached,,12.0,19.0,3.0,3.0,14.0,15.0,3.0,2.0,0.0,0.0
ligue1-2026-2026-09-19-paris-fc-v-strasbourg,2026-09-19,2026,ligue1,Paris FC,Strasbourg,2,1,finished,csv_cached,,17.0,5.0,7.0,1.0,17.0,12.0,3.0,2.0,0.0,0.0
ligue1-2026-2026-09-19-le-mans-v-lorient,2026-09-19,2026,ligue1,Le Mans,Lorient,2,1,finished,csv_cached,,11.0,9.0,7.0,2.0,15.0,15.0,3.0,3.0,0.0,0.0
ligue1-2026-2026-09-19-lyon-v-rennes,2026-09-19,2026,ligue1,Lyon,Rennes,4,0,finished,csv_cached,,15.0,13.0,9.0,4.0,13.0,14.0,4.0,2.0,0.0,0.0
ligue1-2026-2026-09-20-nice-v-lille,2026-09-20,2026,ligue1,Nice,Lille,2,1,finished,csv_cached,,10.0,21.0,4.0,8.0,16.0,9.0,3.0,1.0,0.0,0.0
ligue1-2026-2026-09-20-auxerre-v-brest,2026-09-20,2026,ligue1,Auxerre,Brest,2,1,finished,csv_cached,,11.0,8.0,4.0,2.0,19.0,13.0,1.0,1.0,0.0,0.0
ligue1-2026-2026-09-20-marseille-v-paris-sg,2026-09-20,2026,ligue1,Marseille,Paris SG,1,2,finished,csv_cached,,12.0,31.0,4.0,10.0,9.0,3.0,2.0,1.0,1.0,0.0
ligue1-2026-2026-10-09-lens-v-lyon,2026-10-09,2026,ligue1,Lens,Lyon,,,scheduled,espn,,,,,,,,,,,
ligue1-2026-2026-10-10-paris-sg-v-le-mans,2026-10-10,2026,ligue1,Paris SG,Le Mans,,,scheduled,espn,,,,,,,,,,,
ligue1-2026-2026-10-10-lorient-v-paris-fc,2026-10-10,2026,ligue1,Lorient,Paris FC,,,scheduled,espn,,,,,,,,,,,
ligue1-2026-2026-10-10-brest-v-angers,2026-10-10,2026,ligue1,Brest,Angers,,,scheduled,espn,,,,,,,,,,,
ligue1-2026-2026-10-10-monaco-v-toulouse,2026-10-10,2026,ligue1,Monaco,Toulouse,,,scheduled,espn,,,,,,,,,,,
ligue1-2026-2026-10-10-lille-v-le-havre,2026-10-10,2026,ligue1,Lille,Le Havre,,,scheduled,espn,,,,,,,,,,,
ligue1-2026-2026-10-11-nice-v-strasbourg,2026-10-11,2026,ligue1,Nice,Strasbourg,,,scheduled,espn,,,,,,,,,,,
ligue1-2026-2026-10-11-rennes-v-auxerre,2026-10-11,2026,ligue1,Rennes,Auxerre,,,scheduled,espn,,,,,,,,,,,
ligue1-2026-2026-10-11-troyes-v-marseille,2026-10-11,2026,ligue1,Troyes,Marseille,,,scheduled,espn,,,,,,,,,,,
ligue1-2026-2026-10-16-le-mans-v-toulouse,2026-10-16,2026,ligue1,Le Mans,Toulouse,,,scheduled,espn,,,,,,,,,,,
ligue1-2026-2026-10-17-strasbourg-v-paris-sg,2026-10-17,2026,ligue1,Strasbourg,Paris SG,,,scheduled,espn,,,,,,,,,,,
ligue1-2026-2026-10-17-lille-v-brest,2026-10-17,2026,ligue1,Lille,Brest,,,scheduled,espn,,,,,,,,,,,
ligue1-2026-2026-10-17-troyes-v-lens,2026-10-17,2026,ligue1,Troyes,Lens,,,scheduled,espn,,,,,,,,,,,
ligue1-2026-2026-10-18-angers-v-marseille,2026-10-18,2026,ligue1,Angers,Marseille,,,scheduled,espn,,,,,,,,,,,
ligue1-2026-2026-10-18-le-havre-v-auxerre,2026-10-18,2026,ligue1,Le Havre,Auxerre,,,scheduled,espn,,,,,,,,,,,
ligue1-2026-2026-10-18-lorient-v-monaco,2026-10-18,2026,ligue1,Lorient,Monaco,,,scheduled,espn,,,,,,,,,,,
ligue1-2026-2026-10-18-paris-fc-v-rennes,2026-10-18,2026,ligue1,Paris FC,Rennes,,,scheduled,espn,,,,,,,,,,,
ligue1-2026-2026-10-18-lyon-v-nice,2026-10-18,2026,ligue1,Lyon,Nice,,,scheduled,espn,,,,,,,,,,,
ligue1-2026-2026-10-23-brest-v-nice,2026-10-23,2026,ligue1,Brest,Nice,,,scheduled,espn,,,,,,,,,,,
ligue1-2026-2026-10-24-toulouse-v-troyes,2026-10-24,2026,ligue1,Toulouse,Troyes,,,scheduled,espn,,,,,,,,,,,
ligue1-2026-2026-10-24-lens-v-paris-fc,2026-10-24,2026,ligue1,Lens,Paris FC,,,scheduled,espn,,,,,,,,,,,
ligue1-2026-2026-10-25-monaco-v-lille,2026-10-25,2026,ligue1,Monaco,Lille,,,scheduled,espn,,,,,,,,,,,
ligue1-2026-2026-10-25-auxerre-v-le-mans,2026-10-25,2026,ligue1,Auxerre,Le Mans,,,scheduled,espn,,,,,,,,,,,
ligue1-2026-2026-10-25-angers-v-lorient,2026-10-25,2026,ligue1,Angers,Lorient,,,scheduled,espn,,,,,,,,,,,
ligue1-2026-2026-10-25-marseille-v-le-havre,2026-10-25,2026,ligue1,Marseille,Le Havre,,,scheduled,espn,,,,,,,,,,,
ligue1-2026-2026-10-25-rennes-v-strasbourg,2026-10-25,2026,ligue1,Rennes,Strasbourg,,,scheduled,espn,,,,,,,,,,,
ligue1-2026-2026-10-25-paris-sg-v-lyon,2026-10-25,2026,ligue1,Paris SG,Lyon,,,scheduled,espn,,,,,,,,,,,
ligue1-2026-2026-10-30-le-havre-v-paris-sg,2026-10-30,2026,ligue1,Le Havre,Paris SG,,,scheduled,espn,,,,,,,,,,,
ligue1-2026-2026-10-30-lille-v-lens,2026-10-30,2026,ligue1,Lille,Lens,,,scheduled,espn,,,,,,,,,,,
ligue1-2026-2026-10-31-nice-v-rennes,2026-10-31,2026,ligue1,Nice,Rennes,,,scheduled,espn,,,,,,,,,,,
ligue1-2026-2026-10-31-lorient-v-brest,2026-10-31,2026,ligue1,Lorient,Brest,,,scheduled,espn,,,,,,,,,,,
ligue1-2026-2026-10-31-lyon-v-angers,2026-10-31,2026,ligue1,Lyon,Angers,,,scheduled,espn,,,,,,,,,,,
ligue1-2026-2026-10-31-troyes-v-le-mans,2026-10-31,2026,ligue1,Troyes,Le Mans,,,scheduled,espn,,,,,,,,,,,
ligue1-2026-2026-11-01-marseille-v-toulouse,2026-11-01,2026,ligue1,Marseille,Toulouse,,,scheduled,espn,,,,,,,,,,,
ligue1-2026-2026-11-01-paris-fc-v-monaco,2026-11-01,2026,ligue1,Paris FC,Monaco,,,scheduled,espn,,,,,,,,,,,
ligue1-2026-2026-11-01-strasbourg-v-auxerre,2026-11-01,2026,ligue1,Strasbourg,Auxerre,,,scheduled,espn,,,,,,,,,,,
ligue1-2026-2026-11-06-toulouse-v-strasbourg,2026-11-06,2026,ligue1,Toulouse,Strasbourg,,,scheduled,espn,,,,,,,,,,,
ligue1-2026-2026-11-07-auxerre-v-paris-fc,2026-11-07,2026,ligue1,Auxerre,Paris FC,,,scheduled,espn,,,,,,,,,,,
ligue1-2026-2026-11-07-paris-sg-v-troyes,2026-11-07,2026,ligue1,Paris SG,Troyes,,,scheduled,espn,,,,,,,,,,,
ligue1-2026-2026-11-08-rennes-v-lille,2026-11-08,2026,ligue1,Rennes,Lille,,,scheduled,espn,,,,,,,,,,,
ligue1-2026-2026-11-08-angers-v-nice,2026-11-08,2026,ligue1,Angers,Nice,,,scheduled,espn,,,,,,,,,,,
ligue1-2026-2026-11-08-brest-v-lyon,2026-11-08,2026,ligue1,Brest,Lyon,,,scheduled,espn,,,,,,,,,,,
ligue1-2026-2026-11-08-le-havre-v-lorient,2026-11-08,2026,ligue1,Le Havre,Lorient,,,scheduled,espn,,,,,,,,,,,
ligue1-2026-2026-11-08-le-mans-v-monaco,2026-11-08,2026,ligue1,Le Mans,Monaco,,,scheduled,espn,,,,,,,,,,,
ligue1-2026-2026-11-08-lens-v-marseille,2026-11-08,2026,ligue1,Lens,Marseille,,,scheduled,espn,,,,,,,,,,,
ligue1-2026-2026-11-20-troyes-v-le-havre,2026-11-20,2026,ligue1,Troyes,Le Havre,,,scheduled,espn,,,,,,,,,,,
ligue1-2026-2026-11-21-lille-v-lyon,2026-11-21,2026,ligue1,Lille,Lyon,,,scheduled,espn,,,,,,,,,,,
ligue1-2026-2026-11-21-lens-v-toulouse,2026-11-21,2026,ligue1,Lens,Toulouse,,,scheduled,espn,,,,,,,,,,,
ligue1-2026-2026-11-21-strasbourg-v-brest,2026-11-21,2026,ligue1,Strasbourg,Brest,,,scheduled,espn,,,,,,,,,,,
ligue1-2026-2026-11-21-nice-v-paris-sg,2026-11-21,2026,ligue1,Nice,Paris SG,,,scheduled,espn,,,,,,,,,,,
ligue1-2026-2026-11-21-monaco-v-auxerre,2026-11-21,2026,ligue1,Monaco,Auxerre,,,scheduled,espn,,,,,,,,,,,
ligue1-2026-2026-11-22-paris-fc-v-angers,2026-11-22,2026,ligue1,Paris FC,Angers,,,scheduled,espn,,,,,,,,,,,
ligue1-2026-2026-11-22-lorient-v-rennes,2026-11-22,2026,ligue1,Lorient,Rennes,,,scheduled,espn,,,,,,,,,,,
ligue1-2026-2026-11-22-marseille-v-le-mans,2026-11-22,2026,ligue1,Marseille,Le Mans,,,scheduled,espn,,,,,,,,,,,
ligue1-2026-2026-11-27-brest-v-paris-fc,2026-11-27,2026,ligue1,Brest,Paris FC,,,scheduled,espn,,,,,,,,,,,
ligue1-2026-2026-11-28-paris-sg-v-lorient,2026-11-28,2026,ligue1,Paris SG,Lorient,,,scheduled,espn,,,,,,,,,,,
ligue1-2026-2026-11-28-nice-v-troyes,2026-11-28,2026,ligue1,Nice,Troyes,,,scheduled,espn,,,,,,,,,,,
ligue1-2026-2026-11-28-le-mans-v-lille,2026-11-28,2026,ligue1,Le Mans,Lille,,,scheduled,espn,,,,,,,,,,,
ligue1-2026-2026-11-28-angers-v-lens,2026-11-28,2026,ligue1,Angers,Lens,,,scheduled,espn,,,,,,,,,,,
ligue1-2026-2026-11-28-le-havre-v-strasbourg,2026-11-28,2026,ligue1,Le Havre,Strasbourg,,,scheduled,espn,,,,,,,,,,,
ligue1-2026-2026-11-29-auxerre-v-marseille,2026-11-29,2026,ligue1,Auxerre,Marseille,,,scheduled,espn,,,,,,,,,,,
ligue1-2026-2026-11-29-toulouse-v-rennes,2026-11-29,2026,ligue1,Toulouse,Rennes,,,scheduled,espn,,,,,,,,,,,
ligue1-2026-2026-11-29-lyon-v-monaco,2026-11-29,2026,ligue1,Lyon,Monaco,,,scheduled,espn,,,,,,,,,,,
ligue1-2026-2026-12-05-rennes-v-brest,2026-12-05,2026,ligue1,Rennes,Brest,,,scheduled,espn,,,,,,,,,,,
ligue1-2026-2026-12-05-strasbourg-v-lorient,2026-12-05,2026,ligue1,Strasbourg,Lorient,,,scheduled,espn,,,,,,,,,,,
ligue1-2026-2026-12-05-paris-fc-v-le-mans,2026-12-05,2026,ligue1,Paris FC,Le Mans,,,scheduled,espn,,,,,,,,,,,
ligue1-2026-2026-12-05-toulouse-v-paris-sg,2026-12-05,2026,ligue1,Toulouse,Paris SG,,,scheduled,espn,,,,,,,,,,,
ligue1-2026-2026-12-05-lille-v-auxerre,2026-12-05,2026,ligue1,Lille,Auxerre,,,scheduled,espn,,,,,,,,,,,
ligue1-2026-2026-12-05-lens-v-le-havre,2026-12-05,2026,ligue1,Lens,Le Havre,,,scheduled,espn,,,,,,,,,,,
ligue1-2026-2026-12-05-monaco-v-angers,2026-12-05,2026,ligue1,Monaco,Angers,,,scheduled,espn,,,,,,,,,,,
ligue1-2026-2026-12-05-marseille-v-nice,2026-12-05,2026,ligue1,Marseille,Nice,,,scheduled,espn,,,,,,,,,,,
ligue1-2026-2026-12-05-troyes-v-lyon,2026-12-05,2026,ligue1,Troyes,Lyon,,,scheduled,espn,,,,,,,,,,,
